bot,command_id,probe_seq,sent_us,result_us,status,reason_code,reply_us,order,rtt_ms
bot-000,01a0d83b-1a9f-774a-bb65-77f61a824ee9,0,305623,316393,ACCEPTED,,316412,ok,10.789
bot-000,01a0d83b-1c9e-74f7-83d8-39cdd6837cc1,1,816306,866274,ACCEPTED,,866288,ok,49.982
bot-000,01a0d83b-1e9b-71a0-ba7c-165c97bb4736,2,1325480,1366451,ACCEPTED,,1366462,ok,40.982
bot-000,01a0d83b-2093-7760-a029-253454ee228e,3,1829570,1866041,ACCEPTED,,1866055,ok,36.485
bot-000,01a0d83b-2296-76a9-8bb7-994228ab43aa,4,2344943,2366199,ACCEPTED,,2366208,ok,21.265
bot-000,01a0d83b-249c-7772-bdd2-a8bfa9ad5fa5,5,2863044,2866286,ACCEPTED,,2866292,ok,3.248
bot-000,01a0d83b-2693-74fe-83a1-dbfb86651851,6,3366217,3416266,ACCEPTED,,3416269,ok,50.052
bot-000,01a0d83b-2893-73b6-b187-84bf142a3edf,7,3878171,3916285,ACCEPTED,,3916299,ok,38.128
bot-000,01a0d83b-2a89-71e4-8f43-e0f5564b4051,8,4379290,4416633,ACCEPTED,,4416640,ok,37.350
bot-000,01a0d83b-2c87-76cb-aff1-52356f428bf1,9,4890049,4916332,ACCEPTED,,4916336,ok,26.287
bot-000,01a0d83b-2e86-7375-8f35-1011309a4719,10,5400488,5416490,ACCEPTED,,5416500,ok,16.012
bot-000,01a0d83b-3080-742b-b8c8-5b51704e7371,11,5906677,5917035,ACCEPTED,,5917039,ok,10.362
bot-000,01a0d83b-327a-745e-930a-04496b1bb35c,12,6412911,6416764,ACCEPTED,,6416771,ok,3.860
bot-000,01a0d83b-3472-74a3-abda-9b268eda3e25,13,6916257,6966821,ACCEPTED,,6966831,ok,50.574
bot-000,01a0d83b-3666-7476-902d-92dc07774a9d,14,7416487,7466674,ACCEPTED,,7466683,ok,50.196
bot-000,01a0d83b-3862-77c8-9e64-ca4d8d9634f0,15,7924310,7966196,ACCEPTED,,7966201,ok,41.891
bot-000,01a0d83b-3a5b-778a-9fb1-cc01cb751f47,16,8430114,8466289,ACCEPTED,,8466298,ok,36.184
bot-000,01a0d83b-3c51-761c-827a-5733ba28a8d6,17,8931725,8966208,ACCEPTED,,8966221,ok,34.496
bot-000,01a0d83b-3e4b-72e8-b315-e7bd2507468e,18,9437929,9466284,ACCEPTED,,9466288,ok,28.359
bot-000,01a0d83b-4046-7193-9500-5d86aa1679ba,19,9944811,9966492,ACCEPTED,,9966496,ok,21.685
bot-000,01a0d83b-423f-766c-9496-fac81e0c8739,20,10450230,10466419,ACCEPTED,,10466423,ok,16.193
bot-000,01a0d83b-443e-7521-9ce1-b9dcc60e1368,21,10960823,10966473,ACCEPTED,,10966476,ok,5.653
bot-000,01a0d83b-4633-756b-9abf-65b281bc98ae,22,11462100,11466380,ACCEPTED,,11466385,ok,4.285
bot-000,01a0d83b-482c-7107-b119-6cb84bc66673,23,11966385,12016771,ACCEPTED,,12016776,ok,50.391
bot-000,01a0d83b-4a28-7157-938e-cb75fc3a0339,24,12474587,12516996,ACCEPTED,,12517000,ok,42.413
bot-000,01a0d83b-4c1e-7104-a7cc-973f2cd4b2d7,25,12977024,13016366,ACCEPTED,,13016391,ok,39.367
bot-000,01a0d83b-4e1d-706e-9dc7-7373687436f3,26,13487635,13516175,ACCEPTED,,13516180,ok,28.545
bot-000,01a0d83b-5017-72ec-ba29-4c322090c5da,27,13993470,14016435,ACCEPTED,,14016458,ok,22.988
bot-000,01a0d83b-5211-7648-a2a7-c5c7f4ce2e95,28,14499690,14516483,ACCEPTED,,14516504,ok,16.814
bot-000,01a0d83b-540b-71d2-a586-a040ec345f0e,29,15005748,15016655,ACCEPTED,,15016665,ok,10.917
bot-000,01a0d83b-560a-700d-b034-d6814d9fcefd,30,15516562,15566031,ACCEPTED,,15566038,ok,49.476
bot-000,01a0d83b-5810-7255-84cb-ff1ebd5c48da,31,16034924,16066448,ACCEPTED,,16066453,ok,31.529
bot-000,01a0d83b-5a05-761d-9d65-b44b98cdc2d8,32,16536072,16566240,ACCEPTED,,16566251,ok,30.179
bot-000,01a0d83b-5bfb-7042-9b9c-dea3792e7572,33,17037593,17066152,ACCEPTED,,17066160,ok,28.567
bot-000,01a0d83b-5dfa-77c2-bd4b-dbaf23ba913d,34,17548444,17566223,ACCEPTED,,17566236,ok,17.792
bot-000,01a0d83b-5ff0-77a8-9466-498fe8c8af85,35,18050965,18066638,ACCEPTED,,18066651,ok,15.686
bot-000,01a0d83b-61ed-74a8-9c14-46d1afc1f92c,36,18560225,18566200,ACCEPTED,,18566211,ok,5.986
bot-000,01a0d83b-63e8-7557-82e2-8923793853b9,37,19066344,19117141,ACCEPTED,,19117150,ok,50.806
bot-000,01a0d83b-65e2-7623-9781-db7110770f16,38,19573042,19616891,ACCEPTED,,19616896,ok,43.854
bot-000,01a0d83b-67dd-777e-a6dd-ab188074631b,39,20079393,20116331,ACCEPTED,,20116355,ok,36.962
bot-000,01a0d83b-69d7-7498-b8c8-68210a4ed8c3,40,20585392,20616690,ACCEPTED,,20616695,ok,31.303
bot-000,01a0d83b-6bd1-723c-8ec5-2d45f2794d44,41,21091433,21116334,ACCEPTED,,21116339,ok,24.906
bot-000,01a0d83b-6dcc-76df-8e40-2b8545a4d54b,42,21598747,21616655,ACCEPTED,,21616659,ok,17.912
bot-000,01a0d83b-6fd1-7050-8e23-addacd27cfac,43,22115427,22116631,ACCEPTED,,22116636,ok,1.209
bot-000,01a0d83b-71c6-7154-8af9-657a72ea0230,44,22616592,22666314,ACCEPTED,,22666324,ok,49.732
bot-000,01a0d83b-73bb-755c-82ef-3e5b8178c90c,45,23117657,23166121,ACCEPTED,,23166139,ok,48.482
bot-000,01a0d83b-75b7-7640-a5ac-52709a91a517,46,23626023,23666410,ACCEPTED,,23666414,ok,40.391
bot-000,01a0d83b-77b2-75a2-8f49-d31d21fe199b,47,24133167,24166159,ACCEPTED,,24166175,ok,33.008
bot-000,01a0d83b-79a9-74fd-85cf-3ffe0805bce1,48,24635348,24666295,ACCEPTED,,24666303,ok,30.955
bot-000,01a0d83b-7ba2-72f4-aef2-8c39b61685f5,49,25140622,25166246,ACCEPTED,,25166258,ok,25.636
bot-000,01a0d83b-7d9f-76bb-8660-9711f7439c14,50,25649706,25666131,ACCEPTED,,25666133,ok,16.427
bot-000,01a0d83b-7fa2-772f-a73b-553e41dd7dfd,51,26164534,26166175,ACCEPTED,,26166183,ok,1.649
bot-000,01a0d83b-8197-739e-b4db-a1381a7b1251,52,26666047,26716514,ACCEPTED,,26716519,ok,50.472
bot-000,01a0d83b-838c-75ea-8f6e-3c03ad8ad99d,53,27166340,27217451,ACCEPTED,,27217457,ok,51.117
bot-000,01a0d83b-8582-736c-9208-81a83f61dca3,54,27668512,27716941,ACCEPTED,,27716949,ok,48.437
bot-000,01a0d83b-8783-75f2-9143-396acbb5b649,55,28181879,28216437,ACCEPTED,,28217838,ok,35.959
bot-000,01a0d83b-8979-7165-a9a4-196845d7f897,56,28683815,28717080,ACCEPTED,,28717085,ok,33.270
bot-000,01a0d83b-8b74-76ff-a0c6-8e4b96a29658,57,29191189,29216659,ACCEPTED,,29216674,ok,25.485
bot-000,01a0d83b-8d6d-70b9-af12-1a4b8e96c85f,58,29696147,29716560,ACCEPTED,,29716565,ok,20.418
bot-000,01a0d83b-8f6a-73ff-9873-418bfcd5e67e,59,30204908,30216721,ACCEPTED,,30216729,ok,11.821
bot-000,01a0d83b-9162-7511-8782-4d9cbdffbd79,60,30708766,30716705,ACCEPTED,,30716713,ok,7.947
bot-000,01a0d83b-935e-744e-9bbd-9706f85a57b0,61,31217125,31266587,ACCEPTED,,31266595,ok,49.470
bot-000,01a0d83b-9553-72c3-91c5-7b2c503ec0f1,62,31717515,31767048,ACCEPTED,,31767059,ok,49.544
bot-000,01a0d83b-974e-7347-a3b1-cc48b93580ba,63,32224277,32266660,ACCEPTED,,32266673,ok,42.396
bot-000,01a0d83b-9947-7226-8ed7-c340d54d30c5,64,32729431,32766459,ACCEPTED,,32766467,ok,37.036
bot-000,01a0d83b-9b40-7586-91a5-4850d81a6d5b,65,33235020,33266322,ACCEPTED,,33266331,ok,31.311
bot-000,01a0d83b-9d3e-73e9-b8bf-9c7305f90f82,66,33744637,33771102,ACCEPTED,,33771109,ok,26.472
bot-000,01a0d83b-9f3e-722a-abb4-2fc18bed5e3b,67,34256764,34266503,ACCEPTED,,34266507,ok,9.743
bot-000,01a0d83b-a138-7012-8c4f-664992f54e4e,68,34762289,34766377,ACCEPTED,,34766380,ok,4.091
bot-000,01a0d83b-a32f-73a0-9b7e-9e18e4367c67,69,35265326,35266539,ACCEPTED,,35266544,ok,1.218
bot-000,01a0d83b-a524-755f-bb89-d9a2073632b9,70,35766352,35816533,ACCEPTED,,35816537,ok,50.185
bot-000,01a0d83b-a722-759a-8743-d961e2399689,71,36276290,36316596,ACCEPTED,,36316604,ok,40.314
bot-000,01a0d83b-a91c-7226-95e1-54646330b75c,72,36782418,36816460,ACCEPTED,,36816470,ok,34.052
bot-000,01a0d83b-ab22-7533-8958-2e2a1fd2d0bd,73,37300490,37316785,ACCEPTED,,37316795,ok,16.305
bot-000,01a0d83b-ad24-72fd-86be-fa47f7261f42,74,37814280,37816397,ACCEPTED,,37816406,ok,2.126
bot-000,01a0d83b-af1a-778c-aac8-95244349195b,75,38316813,38366440,ACCEPTED,,38366445,ok,49.632
bot-000,01a0d83b-b11c-72b1-a364-70d3de0cd4d8,76,38830747,38866064,ACCEPTED,,38866075,ok,35.328
bot-000,01a0d83b-b31d-76bb-ae4f-baa138b752ed,77,39343278,39366266,ACCEPTED,,39366271,ok,22.993
bot-000,01a0d83b-b519-7766-981d-b87de1548621,78,39851778,39866168,ACCEPTED,,39866176,ok,14.398
bot-000,01a0d83b-b70f-77f3-a94c-0baf2ee7f2f2,79,40353325,40366134,ACCEPTED,,40366152,ok,12.827
bot-000,01a0d83b-b905-7734-ab00-5a1f7a514fcf,80,40855322,40866404,ACCEPTED,,40866411,ok,11.089
bot-000,01a0d83b-bafd-717b-be0b-64db360f9097,81,41359562,41366042,ACCEPTED,,41366061,ok,6.499
bot-000,01a0d83b-bcf5-72a4-9e29-38bc10dcf942,82,41863916,41866101,ACCEPTED,,41866108,ok,2.192
bot-000,01a0d83b-beea-77af-98bc-461a25a9ecfd,83,42364536,42366194,ACCEPTED,,42366205,ok,1.669
bot-000,01a0d83b-c0e2-76ba-a160-b301a95fa18c,84,42868507,42916674,ACCEPTED,,42916687,ok,48.180
bot-000,01a0d83b-c2dc-76ea-b32e-06d7a5200c17,85,43374510,43416574,ACCEPTED,,43416578,ok,42.068
bot-000,01a0d83b-c4d8-765c-acee-0fb9a99c5775,86,43882654,43916984,ACCEPTED,,43916988,ok,34.334
bot-000,01a0d83b-c6d0-7791-be3a-f87c3f82a642,87,44386883,44416467,ACCEPTED,,44416482,ok,29.599
bot-000,01a0d83b-c8ca-7405-9c12-67a58ae7205e,88,44892848,44916632,ACCEPTED,,44916643,ok,23.795
bot-000,01a0d83b-cac5-75b8-9b47-ffbfe8c65f5e,89,45400059,45417078,ACCEPTED,,45417082,ok,17.023
bot-000,01a0d83b-ccbe-7381-9ee2-23f3d768eccf,90,45904480,45916049,ACCEPTED,,45916055,ok,11.575
bot-000,01a0d83b-ceb6-7674-a7c2-4014fe5c08dc,91,46408537,46416331,ACCEPTED,,46416350,ok,7.813
bot-000,01a0d83b-d0af-704a-b965-795d1f0b3928,92,46913979,46916326,ACCEPTED,,46916350,ok,2.371
bot-000,01a0d83b-d2a6-77d0-ac66-4dfb255efc14,93,47416524,47466311,ACCEPTED,,47466323,ok,49.799
bot-000,01a0d83b-d4a9-7161-aa79-1b0f0d140988,94,47931624,47966397,ACCEPTED,,47966399,ok,34.775
bot-000,01a0d83b-d69f-7566-84fe-4b205d702908,95,48433809,48466144,ACCEPTED,,48466150,ok,32.341
bot-000,01a0d83b-d895-7664-860b-5478f83c5c57,96,48935457,48966658,ACCEPTED,,48966664,ok,31.207
bot-000,01a0d83b-da8d-717c-8297-81b47690c3e0,97,49439671,49466465,ACCEPTED,,49466474,ok,26.803
bot-000,01a0d83b-dc84-7051-9a80-dc87cd5c86eb,98,49942832,49966237,ACCEPTED,,49966252,ok,23.420
bot-000,01a0d83b-de7c-738c-9792-3401d62c22d5,99,50446893,50482850,ACCEPTED,,50482873,ok,35.980
bot-000,01a0d83b-e079-7651-af1f-216e5f21d74d,100,50955374,50970714,ACCEPTED,,50970732,ok,15.358
bot-000,01a0d83b-e273-7634-9cb0-10278c41dbe9,101,51461557,51466098,ACCEPTED,,51466103,ok,4.546
bot-000,01a0d83b-e46b-7583-b914-77763a3e3c36,102,51966207,52016604,ACCEPTED,,52016610,ok,50.403
bot-000,01a0d83b-e66e-759c-b794-8a21752dd6f6,103,52480723,52519977,ACCEPTED,,52519987,ok,39.264
bot-000,01a0d83b-e863-74b3-886d-22a4591b5840,104,52981901,53016693,ACCEPTED,,53016705,ok,34.804
bot-000,01a0d83b-ea6c-777a-8254-ded8a6a8ede7,105,53502870,53525447,ACCEPTED,,53525452,ok,22.582
bot-000,01a0d83b-ec66-760c-8e0d-40ad746230eb,106,54008302,54016460,ACCEPTED,,54016465,ok,8.163
bot-000,01a0d83b-ee62-73e6-8b67-276cd25f90bf,107,54516400,54566567,ACCEPTED,,54566579,ok,50.179
bot-000,01a0d83b-f057-75b2-9fe4-d21618f83790,108,55017333,55066547,ACCEPTED,,55066556,ok,49.223
bot-000,01a0d83b-f24e-7163-a0b4-38c3fbb288a1,109,55520579,55566135,ACCEPTED,,55566147,ok,45.568
bot-000,01a0d83b-f452-720c-9ef6-9e309307c0f2,110,56037048,56066285,ACCEPTED,,56066294,ok,29.246
bot-000,01a0d83b-f64a-715c-bd51-87c487f30d94,111,56540271,56566587,ACCEPTED,,56566595,ok,26.324
bot-000,01a0d83b-f844-7471-a384-aa50b8c5332a,112,57046524,57066367,ACCEPTED,,57066372,ok,19.848
bot-000,01a0d83b-fa44-7549-8cc7-504cdfb22673,113,57558788,57566441,ACCEPTED,,57566447,ok,7.659
bot-000,01a0d83b-fc42-713f-9484-304880455b8c,114,58068335,58116568,ACCEPTED,,58116573,ok,48.238
bot-000,01a0d83b-fe45-72d7-a62b-5f33cd609725,115,58584032,58616755,ACCEPTED,,58616764,ok,32.732
bot-000,01a0d83c-0042-7068-bc99-33cc18eff596,116,59092880,59116202,ACCEPTED,,59116222,ok,23.342
bot-000,01a0d83c-023d-7395-9a80-3ce78ecc5c34,117,59600026,59616130,ACCEPTED,,59616136,ok,16.110
bot-000,01a0d83c-0437-7472-9090-688c5d96c002,118,60106006,60116429,ACCEPTED,,60116441,ok,10.435
bot-001,01a0d83b-1bd6-7393-9ed9-de0ff5c3bf6e,0,616397,666229,ACCEPTED,,666239,ok,49.842
bot-001,01a0d83b-1dd9-76fd-a92c-c29db87b0b83,1,1131554,1165910,ACCEPTED,,1165915,ok,34.361
bot-001,01a0d83b-1fcf-7635-9694-664b0f6ed707,2,1633662,1666069,ACCEPTED,,1666074,ok,32.412
bot-001,01a0d83b-21cd-72bd-a632-562176f94566,3,2143698,2166223,ACCEPTED,,2166233,ok,22.535
bot-001,01a0d83b-23d1-740e-9c71-37874b373ef9,4,2659739,2666364,ACCEPTED,,2666371,ok,6.632
bot-001,01a0d83b-25d5-70d6-a750-20f8e63a312a,5,3176026,3216674,ACCEPTED,,3216678,ok,40.652
bot-001,01a0d83b-27d8-75e3-8025-21b261753d15,6,3691189,3716399,ACCEPTED,,3716405,ok,25.216
bot-001,01a0d83b-29db-773f-b0b7-191dbc30390b,7,4206111,4216273,ACCEPTED,,4216277,ok,10.166
bot-001,01a0d83b-2bda-76a1-b016-c07cc8f29f46,8,4716523,4766491,ACCEPTED,,4766500,ok,49.977
bot-001,01a0d83b-2dcf-7255-8976-a277e071dd1b,9,5217592,5266179,ACCEPTED,,5266188,ok,48.596
bot-001,01a0d83b-2fc4-71bd-8130-41854b3bcd38,10,5718464,5766579,ACCEPTED,,5766585,ok,48.121
bot-001,01a0d83b-31be-733a-9cef-6ffeb96268ff,11,6224374,6266334,ACCEPTED,,6266338,ok,41.964
bot-001,01a0d83b-33b6-76f8-b34d-2376f486c70c,12,6728868,6766443,ACCEPTED,,6766450,ok,37.582
bot-001,01a0d83b-35ad-7205-91ba-20293d09363b,13,7231697,7266290,ACCEPTED,,7266295,ok,34.598
bot-001,01a0d83b-37ac-77b0-ab34-a75ad68e12c5,14,7743210,7766480,ACCEPTED,,7766516,ok,23.306
bot-001,01a0d83b-39a1-73f9-ab5d-b573cfc0cada,15,8244035,8266514,ACCEPTED,,8266525,ok,22.490
bot-001,01a0d83b-3b97-7514-98fc-cc2e180fbec2,16,8745791,8766460,ACCEPTED,,8766471,ok,20.680
bot-001,01a0d83b-3d8f-7493-a776-0ba07774d0af,17,9249680,9266177,ACCEPTED,,9266187,ok,16.507
bot-001,01a0d83b-3f89-71ef-8747-04d9e0312008,18,9755751,9766404,ACCEPTED,,9766414,ok,10.663
bot-001,01a0d83b-4183-7469-832f-c8e5657de190,19,10261962,10266258,ACCEPTED,,10266265,ok,4.303
bot-001,01a0d83b-437b-70a8-ae57-b817d4a43b0a,20,10766062,10816933,ACCEPTED,,10816945,ok,50.883
bot-001,01a0d83b-4570-7641-9a3d-edbcb48c16e1,21,11266377,11316206,ACCEPTED,,11316225,ok,49.848
bot-001,01a0d83b-4766-7763-8fad-e71b201d5159,22,11768640,11816644,ACCEPTED,,11816655,ok,48.015
bot-001,01a0d83b-4960-7247-abcd-b74438594bdb,23,12274893,12316795,ACCEPTED,,12316805,ok,41.912
bot-001,01a0d83b-4b5b-7372-af91-b8444bae02a9,24,12781360,12816294,ACCEPTED,,12816298,ok,34.938
bot-001,01a0d83b-4d5f-74fb-882a-dce870cbdaa7,25,13298107,13316028,ACCEPTED,,13316033,ok,17.926
bot-001,01a0d83b-4f5d-7033-8b5c-61a5ef290953,26,13807833,13816402,ACCEPTED,,13816411,ok,8.578
bot-001,01a0d83b-5155-743a-a118-5f8bcf5d9f3e,27,14311615,14316556,ACCEPTED,,14316570,ok,4.955
bot-001,01a0d83b-534d-711d-ba8b-2f2c40d9d4d2,28,14816155,14866579,ACCEPTED,,14866590,ok,50.435
bot-001,01a0d83b-5542-7614-ba99-e34b88219080,29,15316406,15366464,ACCEPTED,,15366472,ok,50.066
bot-001,01a0d83b-5737-7415-bcf9-502ae9bc4b85,30,15817558,15866255,ACCEPTED,,15866267,ok,48.709
bot-001,01a0d83b-5935-7375-84a7-4be0357d9b7c,31,16327427,16366412,ACCEPTED,,16366423,ok,38.996
bot-001,01a0d83b-5b2b-7753-b3bf-cf791df337e7,32,16830218,16866390,ACCEPTED,,16866402,ok,36.184
bot-001,01a0d83b-5d2f-7496-b1e8-bcfe2fa6d7c5,33,17345308,17366466,ACCEPTED,,17366471,ok,21.163
bot-001,01a0d83b-5f2c-708a-815b-5029df66551d,34,17854414,17866096,ACCEPTED,,17866105,ok,11.691
bot-001,01a0d83b-6126-71c7-aa8a-725bd012279e,35,18360681,18366220,ACCEPTED,,18366232,ok,5.551
bot-001,01a0d83b-6320-750a-8818-ebf461cb0a60,36,18866349,18916631,ACCEPTED,,18916635,ok,50.286
bot-001,01a0d83b-651a-757a-a934-f56c7f4654dd,37,19372969,19416196,ACCEPTED,,19416214,ok,43.245
bot-001,01a0d83b-6714-7737-9420-53d3212df774,38,19879129,19916671,ACCEPTED,,19916676,ok,37.547
bot-001,01a0d83b-6910-77e0-8ad8-86c19fbc446c,39,20387215,20416396,ACCEPTED,,20416416,ok,29.201
bot-001,01a0d83b-6b08-774c-aea0-2da05ec207ab,40,20891113,20916386,ACCEPTED,,20916400,ok,25.287
bot-001,01a0d83b-6cff-75aa-ac75-e1d3b8b1798b,41,21394158,21416386,ACCEPTED,,21416404,ok,22.246
bot-001,01a0d83b-6ef9-719f-983f-0f6d85b410f2,42,21900190,21916133,ACCEPTED,,21916152,ok,15.962
bot-001,01a0d83b-70ee-778b-8ead-9d2c3de25f74,43,22400594,22417068,ACCEPTED,,22417072,ok,16.478
bot-001,01a0d83b-72ee-76e5-9e09-4bdb4020ce3d,44,22913082,22917188,ACCEPTED,,22917191,ok,4.109
bot-001,01a0d83b-74e6-77a9-8d1d-5ff48536c2d4,45,23416289,23466474,ACCEPTED,,23466484,ok,50.195
bot-001,01a0d83b-76e3-764d-bb91-b312173a943e,46,23926039,23966120,ACCEPTED,,23966123,ok,40.084
bot-001,01a0d83b-78da-717e-9241-7379f00f6ed4,47,24428598,24466310,ACCEPTED,,24466321,ok,37.723
bot-001,01a0d83b-7ad3-7297-aaed-fcecb4fc0261,48,24933660,24966302,ACCEPTED,,24966314,ok,32.654
bot-001,01a0d83b-7cd1-74ab-bf0f-c26bb1ad79f0,49,25443588,25466254,ACCEPTED,,25466267,ok,22.679
bot-001,01a0d83b-7ece-7265-acc0-8cb46e5a2b5c,50,25952878,25966584,ACCEPTED,,25966595,ok,13.717
bot-001,01a0d83b-80c4-736e-8b9e-93eb197a9b41,51,26454674,26466399,ACCEPTED,,26466405,ok,11.731
bot-001,01a0d83b-82c4-7330-889a-0ecbc1aad23d,52,26966276,27016614,ACCEPTED,,27016625,ok,50.349
bot-001,01a0d83b-84bf-7669-bb44-26cb87048cc7,53,27473971,27516314,ACCEPTED,,27516325,ok,42.354
bot-001,01a0d83b-86c3-71ed-a6b4-9f38839ea739,54,27989472,28016083,ACCEPTED,,28016103,ok,26.631
bot-001,01a0d83b-88be-7202-badd-a0fe3171acc7,55,28496493,28516359,ACCEPTED,,28516370,ok,19.877
bot-001,01a0d83b-8ab7-75a7-9d71-52392791433e,56,29001766,29016441,ACCEPTED,,29016452,ok,14.686
bot-001,01a0d83b-8cb1-7517-98c0-4365b2e48fbe,57,29508057,29516412,ACCEPTED,,29516432,ok,8.375
bot-001,01a0d83b-8eae-7589-825c-8dd4d2e00fea,58,30017088,30066268,ACCEPTED,,30066283,ok,49.195
bot-001,01a0d83b-90a6-7007-9dce-1a0c898bcc49,59,30520387,30566585,ACCEPTED,,30566595,ok,46.208
bot-001,01a0d83b-92a0-72e0-87d8-cfbc959e046f,60,31026439,31066238,ACCEPTED,,31066259,ok,39.820
bot-001,01a0d83b-949d-75ef-ab87-bb9c517c0556,61,31535535,31566339,ACCEPTED,,31566354,ok,30.819
bot-001,01a0d83b-9694-74dd-a1dd-fc00c8cf2041,62,32038534,32066402,ACCEPTED,,32066420,ok,27.886
bot-001,01a0d83b-988e-7478-906d-90e41fb1b954,63,32544685,32566215,ACCEPTED,,32566224,ok,21.539
bot-001,01a0d83b-9a86-77b5-af32-cdfbde585315,64,33049189,33066328,ACCEPTED,,33066335,ok,17.146
bot-001,01a0d83b-9c82-777e-bbe4-a692057bd4a5,65,33556993,33566488,ACCEPTED,,33566496,ok,9.503
bot-001,01a0d83b-9e7d-738c-808c-b7f8944903ba,66,34063978,34066520,ACCEPTED,,34066523,ok,2.545
bot-001,01a0d83b-a073-737a-8b45-d429c6d6c3bf,67,34566135,34616365,ACCEPTED,,34616379,ok,50.244
bot-001,01a0d83b-a268-75e2-a104-aec08269e070,68,35066327,35116127,ACCEPTED,,35116137,ok,49.810
bot-001,01a0d83b-a466-7055-b5c0-4da2d8c42038,69,35576988,35616541,ACCEPTED,,35616546,ok,39.558
bot-001,01a0d83b-a665-762a-9270-acfda1fa8201,70,36088159,36116930,ACCEPTED,,36116936,ok,28.777
bot-001,01a0d83b-a860-7704-87a8-14568443b0e9,71,36594373,36616441,ACCEPTED,,36616449,ok,22.076
bot-001,01a0d83b-aa5a-71c6-acb1-d8671908f54f,72,37100381,37116905,ACCEPTED,,37116910,ok,16.529
bot-001,01a0d83b-ac50-70b3-a921-4dfeb655b02b,73,37602273,37616247,ACCEPTED,,37616256,ok,13.983
bot-001,01a0d83b-ae4e-71d7-bec5-5278bf6ceffb,74,38113045,38116403,ACCEPTED,,38116412,ok,3.367
bot-001,01a0d83b-b046-77ea-9277-f35282ce014e,75,38616423,38666534,ACCEPTED,,38666555,ok,50.132
bot-001,01a0d83b-b23b-75df-86c6-08f42ac27f1c,76,39117338,39166087,ACCEPTED,,39166096,ok,48.758
bot-001,01a0d83b-b431-772c-9511-44e7c5478256,77,39619283,39666437,ACCEPTED,,39666454,ok,47.171
bot-001,01a0d83b-b62b-77df-8d3b-bff715820ac3,78,40125455,40166409,ACCEPTED,,40166427,ok,40.972
bot-001,01a0d83b-b820-719a-87cc-02d9ac8e13a2,79,40626793,40666526,ACCEPTED,,40666532,ok,39.739
bot-001,01a0d83b-ba1c-7342-bb10-f2c9e6dcc19a,80,41134362,41166568,ACCEPTED,,41166572,ok,32.210
bot-001,01a0d83b-bc1c-77bb-a7c4-a147d7df201d,81,41646799,41666242,ACCEPTED,,41666245,ok,19.446
bot-001,01a0d83b-be17-71ec-89d5-e19439a639cc,82,42154142,42166624,ACCEPTED,,42166632,ok,12.490
bot-001,01a0d83b-c00e-73c4-a632-b8496e7b9781,83,42656371,42666125,ACCEPTED,,42666135,ok,9.764
bot-001,01a0d83b-c208-7365-bc64-0a198fad7856,84,43162598,43166277,ACCEPTED,,43166282,ok,3.684
bot-001,01a0d83b-c3ff-73a8-8df3-745245913c9e,85,43666006,43716439,ACCEPTED,,43716453,ok,50.447
bot-001,01a0d83b-c5f5-740c-aa1a-ba68e1cb3ec0,86,44168177,44216335,ACCEPTED,,44216346,ok,48.169
bot-001,01a0d83b-c7eb-73a0-a0e8-6de4ec7619b2,87,44669293,44717057,ACCEPTED,,44717064,ok,47.771
bot-001,01a0d83b-c9ea-70cc-97fd-94a7cdba72fd,88,45180451,45216893,ACCEPTED,,45216898,ok,36.447
bot-001,01a0d83b-cbe5-7423-96f9-ff80cd840d2d,89,45687394,45716641,ACCEPTED,,45716645,ok,29.251
bot-001,01a0d83b-cde3-74c1-8a52-ac9195898db6,90,46197852,46216977,ACCEPTED,,46216982,ok,19.130
bot-001,01a0d83b-cfe1-7719-8e39-19cbea9cdbd2,91,46708158,46716435,ACCEPTED,,46716442,ok,8.284
bot-001,01a0d83b-d1de-7339-9d08-5002ca615e6e,92,47216805,47266565,ACCEPTED,,47266572,ok,49.767
bot-001,01a0d83b-d3d3-76a3-bc4e-8ab155a16160,93,47717331,47765962,ACCEPTED,,47765969,ok,48.638
bot-001,01a0d83b-d5c9-75c9-aca2-6a492082d017,94,48219655,48266291,ACCEPTED,,48266297,ok,46.642
bot-001,01a0d83b-d7c8-714b-928c-3d21033b3ae2,95,48730545,48766462,ACCEPTED,,48766474,ok,35.929
bot-001,01a0d83b-d9c8-73cd-a757-6e6f8f4aaced,96,49242933,49266381,ACCEPTED,,49266401,ok,23.468
bot-001,01a0d83b-dbc3-772d-a8a9-d2e1dfb13c92,97,49749566,49766223,ACCEPTED,,49766242,ok,16.676
bot-001,01a0d83b-ddc2-77fc-940a-dcc35bf4fbf3,98,50260532,50266562,ACCEPTED,,50266706,ok,6.174
bot-001,01a0d83b-dfbc-77c8-9e48-ec116f4bf403,99,50767041,50817585,ACCEPTED,,50817589,ok,50.548
bot-001,01a0d83b-e1b6-742e-8a83-a81a8b6100f3,100,51273075,51316852,ACCEPTED,,51316862,ok,43.787
bot-001,01a0d83b-e3b0-72bc-982f-7988bfc424d5,101,51779141,51816783,ACCEPTED,,51816789,ok,37.648
bot-001,01a0d83b-e5ab-757f-9d31-59d0c6c484d5,102,52285507,52317290,ACCEPTED,,52317295,ok,31.788
bot-001,01a0d83b-e7a5-7231-97ba-246c0e699437,103,52791761,52816512,ACCEPTED,,52816517,ok,24.756
bot-001,01a0d83b-e9bd-74f1-8ada-1fd5b9f05116,104,53328207,53368590,ACCEPTED,,53368596,ok,40.389
bot-001,01a0d83b-ebb7-7379-97c3-df76a13d4599,105,53834234,53866554,ACCEPTED,,53866558,ok,32.324
bot-001,01a0d83b-edb3-74d1-a72f-22c317bb9e73,106,54341791,54366201,ACCEPTED,,54366213,ok,24.422
bot-001,01a0d83b-efad-7420-82a1-8e79d71d1b61,107,54847988,54866221,ACCEPTED,,54866226,ok,18.238
bot-001,01a0d83b-f1a8-73a9-8455-fc131462744c,108,55354263,55366457,ACCEPTED,,55366461,ok,12.198
bot-001,01a0d83b-f3a5-7073-b6d3-812ab8d1e0ca,109,55864077,55866150,ACCEPTED,,55866153,ok,2.076
bot-001,01a0d83b-f59f-74a0-a036-d95f28eef6b3,110,56370097,56416576,ACCEPTED,,56416582,ok,46.485
bot-001,01a0d83b-f79a-7685-8dca-da870b008463,111,56877117,56916576,ACCEPTED,,56916582,ok,39.465
bot-001,01a0d83b-f99f-777e-a645-d10eb84b70d5,112,57394064,57416492,ACCEPTED,,57416504,ok,22.440
bot-001,01a0d83b-fb9a-7468-831f-e2c008dda672,113,57900372,57916751,ACCEPTED,,57916762,ok,16.390
bot-001,01a0d83b-fd9b-76e2-8572-aefefc341f92,114,58413944,58416176,ACCEPTED,,58416186,ok,2.242
bot-001,01a0d83b-ff92-7674-a2ea-34d6ed3a9a7f,115,58917008,58966537,ACCEPTED,,58966551,ok,49.543
bot-001,01a0d83c-0187-7189-b7f0-52e7ae92e7e1,116,59417474,59466221,ACCEPTED,,59466231,ok,48.757
bot-001,01a0d83c-037f-7413-baf4-1a2475e253a8,117,59921603,59966336,ACCEPTED,,59966346,ok,44.743
bot-001,01a0d83c-0584-7743-81ea-819e34890059,118,60438968,60466317,ACCEPTED,,60466327,ok,27.359
bot-002,01a0d83b-1bea-7668-97a8-2b454c8bfbc1,0,636405,666215,ACCEPTED,,666228,ok,29.823
bot-002,01a0d83b-1de9-752b-a6d4-9358f2ea88b3,1,1147413,1165898,ACCEPTED,,1165907,ok,18.494
bot-002,01a0d83b-1feb-74c4-b3b8-48821f50e1f0,2,1661673,1666071,ACCEPTED,,1666075,ok,4.402
bot-002,01a0d83b-21e3-73f8-b6e7-3570b82b9f4e,3,2166170,2216442,ACCEPTED,,2216457,ok,50.287
bot-002,01a0d83b-23d8-70c2-9066-7281ecf2ad81,4,2666358,2716316,ACCEPTED,,2716320,ok,49.962
bot-002,01a0d83b-25d5-70d6-a750-20f7a2916f63,5,3176026,3216270,ACCEPTED,,3216286,ok,40.260
bot-002,01a0d83b-27d8-75e3-8025-21b14c9f5391,6,3691189,3716675,ACCEPTED,,3716678,ok,25.489
bot-002,01a0d83b-29db-773f-b0b7-191be42daf03,7,4206087,4216292,ACCEPTED,,4216295,ok,10.208
bot-002,01a0d83b-2bda-76a1-b016-c07977558847,8,4716299,4766442,ACCEPTED,,4766459,ok,50.160
bot-002,01a0d83b-2dcf-7255-8976-a27a71130db3,9,5217636,5266222,ACCEPTED,,5266227,ok,48.591
bot-002,01a0d83b-2fc4-71bd-8130-4182c976d7ca,10,5718435,5766531,ACCEPTED,,5766538,ok,48.103
bot-002,01a0d83b-31be-733a-9cef-6ffd884be9ce,11,6224359,6266268,ACCEPTED,,6266285,ok,41.926
bot-002,01a0d83b-33b6-76f8-b34d-237535d0515b,12,6728854,6766378,ACCEPTED,,6766391,ok,37.537
bot-002,01a0d83b-35ad-7205-91ba-202536088c6b,13,7231657,7266315,ACCEPTED,,7266326,ok,34.669
bot-002,01a0d83b-37ac-77b0-ab34-a75b0e9fba5b,14,7743250,7766574,ACCEPTED,,7766580,ok,23.330
bot-002,01a0d83b-39a1-73f9-ab5d-b574213aea3a,15,8244049,8266505,ACCEPTED,,8266517,ok,22.468
bot-002,01a0d83b-3b97-7514-98fc-cc30dcdc06f2,16,8745805,8766448,ACCEPTED,,8766464,ok,20.659
bot-002,01a0d83b-3d8f-7493-a776-0ba172783ee2,17,9249680,9266171,ACCEPTED,,9266183,ok,16.503
bot-002,01a0d83b-3f89-71ef-8747-04dab5f470e6,18,9755772,9766401,ACCEPTED,,9766413,ok,10.641
bot-002,01a0d83b-4183-7469-832f-c8e644887811,19,10261962,10266241,ACCEPTED,,10266251,ok,4.289
bot-002,01a0d83b-437b-70a8-ae57-b8160bfd821b,20,10766038,10816642,ACCEPTED,,10816657,ok,50.619
bot-002,01a0d83b-4570-7641-9a3d-edbbc1415f07,21,11266363,11316450,ACCEPTED,,11316462,ok,50.099
bot-002,01a0d83b-4766-7763-8fad-e71c65ac2f9e,22,11768655,11816612,ACCEPTED,,11816623,ok,47.968
bot-002,01a0d83b-4960-7247-abcd-b74526ddb006,23,12274899,12316606,ACCEPTED,,12316622,ok,41.723
bot-002,01a0d83b-4b5b-7372-af91-b8455bdcef0e,24,12781377,12816269,ACCEPTED,,12816280,ok,34.903
bot-002,01a0d83b-4d5f-74fb-882a-dce9c70fdce6,25,13298115,13316589,ACCEPTED,,13316595,ok,18.480
bot-002,01a0d83b-4f5d-7033-8b5c-61a636c54f27,26,13807836,13816154,ACCEPTED,,13816175,ok,8.339
bot-002,01a0d83b-5155-743a-a118-5f8a5d441824,27,14311615,14316540,ACCEPTED,,14316553,ok,4.938
bot-002,01a0d83b-534d-711d-ba8b-2f2babdd851c,28,14816140,14866589,ACCEPTED,,14866600,ok,50.460
bot-002,01a0d83b-5542-7614-ba99-e34d4dfd21f6,29,15316826,15366462,ACCEPTED,,15366472,ok,49.646
bot-002,01a0d83b-5737-7415-bcf9-502b2f2854cb,30,15817570,15866300,ACCEPTED,,15866308,ok,48.738
bot-002,01a0d83b-5935-7375-84a7-4bdf56e7f720,31,16327395,16366404,ACCEPTED,,16366423,ok,39.028
bot-002,01a0d83b-5b2b-7753-b3bf-cf7a3d8534fb,32,16830222,16866426,ACCEPTED,,16866434,ok,36.212
bot-002,01a0d83b-5d2f-7496-b1e8-bcfd9d3b33e0,33,17345307,17366427,ACCEPTED,,17366445,ok,21.138
bot-002,01a0d83b-5f2c-708a-815b-5027c3fabbab,34,17854380,17866043,ACCEPTED,,17866061,ok,11.681
bot-002,01a0d83b-6126-71c7-aa8a-7259279f0017,35,18360665,18366260,ACCEPTED,,18366270,ok,5.605
bot-002,01a0d83b-6320-750a-8818-ebf565696fe9,36,18866350,18916886,ACCEPTED,,18916896,ok,50.546
bot-002,01a0d83b-651a-757a-a934-f56d2221b372,37,19372978,19416374,ACCEPTED,,19416386,ok,43.408
bot-002,01a0d83b-6714-7737-9420-53d103ae5e03,38,19879104,19916637,ACCEPTED,,19916650,ok,37.546
bot-002,01a0d83b-6910-77e0-8ad8-86c05672c8f5,39,20387194,20416411,ACCEPTED,,20416423,ok,29.229
bot-002,01a0d83b-6b08-774c-aea0-2d9f5a81fb6a,40,20891111,20916411,ACCEPTED,,20916420,ok,25.309
bot-002,01a0d83b-6cff-75aa-ac75-e1d4df712579,41,21394169,21416424,ACCEPTED,,21416428,ok,22.259
bot-002,01a0d83b-6ef9-719f-983f-0f6c5b91a275,42,21900175,21916173,ACCEPTED,,21916177,ok,16.002
bot-002,01a0d83b-70ee-778b-8ead-9d2de685e3ec,43,22400604,22416910,ACCEPTED,,22416916,ok,16.312
bot-002,01a0d83b-72ee-76e5-9e09-4bda7a5eab88,44,22913069,22917254,ACCEPTED,,22917257,ok,4.188
bot-002,01a0d83b-74e6-77a9-8d1d-5ff56294a2a0,45,23416307,23466431,ACCEPTED,,23466444,ok,50.137
bot-002,01a0d83b-76e3-764d-bb91-b311407f07b2,46,23926024,23966112,ACCEPTED,,23966121,ok,40.097
bot-002,01a0d83b-78da-717e-9241-737b375872b1,47,24428617,24466298,ACCEPTED,,24466313,ok,37.696
bot-002,01a0d83b-7ad3-7297-aaed-fceacf19118e,48,24933648,24966292,ACCEPTED,,24966310,ok,32.662
bot-002,01a0d83b-7cd1-74ab-bf0f-c26d5dcd2d81,49,25443594,25466281,ACCEPTED,,25466285,ok,22.691
bot-002,01a0d83b-7ece-7265-acc0-8cb5f89f3057,50,25952888,25966607,ACCEPTED,,25966610,ok,13.722
bot-002,01a0d83b-80c4-736e-8b9e-93ec3c225986,51,26454693,26466410,ACCEPTED,,26466415,ok,11.722
bot-002,01a0d83b-82c4-7330-889a-0eca770999d3,52,26966259,27016608,ACCEPTED,,27016691,ok,50.432
bot-002,01a0d83b-84bf-7669-bb44-26cc3062e5f6,53,27473977,27516336,ACCEPTED,,27516349,ok,42.372
bot-002,01a0d83b-86c3-71ed-a6b4-9f3637fffbeb,54,27989462,28016303,ACCEPTED,,28016312,ok,26.850
bot-002,01a0d83b-88be-7202-badd-a0fd36971102,55,28496480,28516161,ACCEPTED,,28516184,ok,19.704
bot-002,01a0d83b-8ab7-75a7-9d71-52382dc31088,56,29001765,29016276,ACCEPTED,,29016280,ok,14.515
bot-002,01a0d83b-8cb1-7517-98c0-43679f1c62c1,57,29508057,29516498,ACCEPTED,,29516503,ok,8.446
bot-002,01a0d83b-8eae-7589-825c-8dd3dcdadfb7,58,30016881,30066264,ACCEPTED,,30066283,ok,49.402
bot-002,01a0d83b-90a6-7007-9dce-1a0d3ab2e738,59,30520379,30566591,ACCEPTED,,30566600,ok,46.221
bot-002,01a0d83b-92a0-72e0-87d8-cfbb336bab29,60,31026438,31066246,ACCEPTED,,31066258,ok,39.820
bot-002,01a0d83b-949d-75ef-ab87-bb9df0888dd5,61,31535537,31566319,ACCEPTED,,31566340,ok,30.803
bot-002,01a0d83b-9694-74dd-a1dd-fbffce457ee3,62,32038512,32066417,ACCEPTED,,32066429,ok,27.917
bot-002,01a0d83b-988e-7478-906d-90e55aaf97e1,63,32544689,32566239,ACCEPTED,,32566247,ok,21.558
bot-002,01a0d83b-9a86-77b5-af32-cdfa94885cd8,64,33049174,33066333,ACCEPTED,,33066342,ok,17.168
bot-002,01a0d83b-9c82-777e-bbe4-a693800ed2dc,65,33556995,33566469,ACCEPTED,,33566475,ok,9.480
bot-002,01a0d83b-9e7d-738c-808c-b7f95c3d5882,66,34064006,34066475,ACCEPTED,,34066478,ok,2.472
bot-002,01a0d83b-a073-737a-8b45-d4273d489dec,67,34566121,34616354,ACCEPTED,,34616374,ok,50.253
bot-002,01a0d83b-a268-75e2-a104-aec1bcde0ba6,68,35066330,35116121,ACCEPTED,,35116137,ok,49.807
bot-002,01a0d83b-a466-7055-b5c0-4da320870675,69,35576996,35616502,ACCEPTED,,35616518,ok,39.522
bot-002,01a0d83b-a665-762a-9270-acfe1c2a57d8,70,36088168,36116271,ACCEPTED,,36116291,ok,28.123
bot-002,01a0d83b-a860-7704-87a8-1454744f1951,71,36594341,36616425,ACCEPTED,,36616434,ok,22.093
bot-002,01a0d83b-aa5a-71c6-acb1-d866c444d310,72,37100376,37116677,ACCEPTED,,37116681,ok,16.305
bot-002,01a0d83b-ac50-70b3-a921-4dfd1dcf9412,73,37602266,37616752,ACCEPTED,,37616756,ok,14.490
bot-002,01a0d83b-ae4e-71d7-bec5-52769a3f78df,74,38113026,38116892,ACCEPTED,,38116896,ok,3.870
bot-002,01a0d83b-b046-77ea-9277-f353f62da1e5,75,38616433,38666561,ACCEPTED,,38666570,ok,50.137
bot-002,01a0d83b-b23b-75df-86c6-08f5028119fb,76,39117337,39166070,ACCEPTED,,39166090,ok,48.753
bot-002,01a0d83b-b431-772c-9511-44e9f9d981ad,77,39619304,39666508,ACCEPTED,,39666516,ok,47.212
bot-002,01a0d83b-b62b-77df-8d3b-bff560164d2b,78,40125441,40166425,ACCEPTED,,40166435,ok,40.994
bot-002,01a0d83b-b820-719a-87cc-02da246a1eb7,79,40626798,40666543,ACCEPTED,,40666560,ok,39.762
bot-002,01a0d83b-ba1c-7342-bb10-f2c8fa2a9c2c,80,41134353,41166522,ACCEPTED,,41166527,ok,32.174
bot-002,01a0d83b-bc1c-77bb-a7c4-a148adb179b7,81,41646829,41666230,ACCEPTED,,41666233,ok,19.404
bot-002,01a0d83b-be17-71ec-89d5-e1934017f56a,82,42154125,42166612,ACCEPTED,,42166617,ok,12.492
bot-002,01a0d83b-c00e-73c4-a632-b84ad55176b6,83,42656384,42666162,ACCEPTED,,42666169,ok,9.785
bot-002,01a0d83b-c208-7365-bc64-0a1adfa41f63,84,43162602,43166303,ACCEPTED,,43166309,ok,3.707
bot-002,01a0d83b-c3ff-73a8-8df3-7454bd5bc7c1,85,43666061,43716435,ACCEPTED,,43716454,ok,50.393
bot-002,01a0d83b-c5f5-740c-aa1a-ba6a3eb7f94f,86,44168189,44216432,ACCEPTED,,44216442,ok,48.253
bot-002,01a0d83b-c7eb-73a0-a0e8-6de2b35b76ec,87,44669263,44716674,ACCEPTED,,44716681,ok,47.418
bot-002,01a0d83b-c9ea-70cc-97fd-94a336527f72,88,45180427,45216805,ACCEPTED,,45216809,ok,36.382
bot-002,01a0d83b-cbe5-7423-96f9-ff830610bb57,89,45687433,45716710,ACCEPTED,,45716714,ok,29.281
bot-002,01a0d83b-cde3-74c1-8a52-ac8dda966d82,90,46197802,46216718,ACCEPTED,,46216726,ok,18.924
bot-002,01a0d83b-cfe1-7719-8e39-19cf28160a38,91,46708188,46716890,ACCEPTED,,46716894,ok,8.706
bot-002,01a0d83b-d1de-7339-9d08-50013403083b,92,47216772,47266558,ACCEPTED,,47266567,ok,49.795
bot-002,01a0d83b-d3d3-76a3-bc4e-8ab310c594a8,93,47717331,47766016,ACCEPTED,,47766023,ok,48.692
bot-002,01a0d83b-d5c9-75c9-aca2-6a4ae0b0cc74,94,48219656,48266290,ACCEPTED,,48266297,ok,46.641
bot-002,01a0d83b-d7c8-714b-928c-3d2427049b4b,95,48730578,48766478,ACCEPTED,,48766486,ok,35.908
bot-002,01a0d83b-d9c8-73cd-a757-6e6c03da6fe9,96,49242899,49266424,ACCEPTED,,49266432,ok,23.533
bot-002,01a0d83b-dbc3-772d-a8a9-d2e3c1d5bc5c,97,49749658,49766287,ACCEPTED,,49766300,ok,16.642
bot-002,01a0d83b-ddc2-77fc-940a-dcc84ee33285,98,50260593,50266678,ACCEPTED,,50266681,ok,6.088
bot-002,01a0d83b-dfbc-77c8-9e48-ec1033566fb0,99,50767010,50816981,ACCEPTED,,50816994,ok,49.984
bot-002,01a0d83b-e1b6-742e-8a83-a81cea4cc3a9,100,51273095,51316562,ACCEPTED,,51316578,ok,43.483
bot-002,01a0d83b-e3b0-72bc-982f-798a4fed0eb0,101,51779173,51817537,ACCEPTED,,51817542,ok,38.369
bot-002,01a0d83b-e5ab-757f-9d31-59d225a8d70a,102,52285540,52317373,ACCEPTED,,52317377,ok,31.837
bot-002,01a0d83b-e7a5-7231-97ba-2472a6be5edb,103,52791858,52816652,ACCEPTED,,52816662,ok,24.804
bot-002,01a0d83b-e9bd-74f1-8ada-1fd6e3148c40,104,53328220,53368575,ACCEPTED,,53368580,ok,40.360
bot-002,01a0d83b-ebb7-7379-97c3-df6f4af14dcf,105,53834135,53866514,ACCEPTED,,53866518,ok,32.383
bot-002,01a0d83b-edb3-74d1-a72f-22c2657a7958,106,54341777,54366207,ACCEPTED,,54366213,ok,24.436
bot-002,01a0d83b-efad-7420-82a1-8e77765e9855,107,54847969,54866203,ACCEPTED,,54866212,ok,18.243
bot-002,01a0d83b-f1a7-7530-8974-0d63b8b8eb1a,108,55354227,55366435,ACCEPTED,,55366441,ok,12.214
bot-002,01a0d83b-f3a5-7073-b6d3-81298ed0a17a,109,55864073,55866136,ACCEPTED,,55866143,ok,2.070
bot-002,01a0d83b-f59f-74a0-a036-d9620ef22896,110,56370134,56416927,ACCEPTED,,56416948,ok,46.814
bot-002,01a0d83b-f79a-7685-8dca-da881eea2c06,111,56877123,56916509,ACCEPTED,,56916513,ok,39.390
bot-002,01a0d83b-f99f-777e-a645-d11065bdc94a,112,57394089,57416661,ACCEPTED,,57416665,ok,22.576
bot-002,01a0d83b-fb9a-7468-831f-e2bf41c26094,113,57900316,57916662,ACCEPTED,,57916671,ok,16.355
bot-002,01a0d83b-fd9b-76e2-8572-aefaf5d01242,114,58413889,58415976,ACCEPTED,,58415986,ok,2.097
bot-002,01a0d83b-ff92-7674-a2ea-34d72db75304,115,58917035,58966536,ACCEPTED,,58966541,ok,49.506
bot-002,01a0d83c-0187-7189-b7f0-52e2ecd72143,116,59417460,59466237,ACCEPTED,,59466240,ok,48.780
bot-002,01a0d83c-037f-7413-baf4-1a22a71534e2,117,59921586,59966256,ACCEPTED,,59966272,ok,44.686
bot-002,01a0d83c-0584-7743-81ea-81a6052f12d7,118,60439053,60466359,ACCEPTED,,60466363,ok,27.310
bot-003,01a0d83b-1c80-7503-ad75-46501f5610e0,0,786917,816298,ACCEPTED,,816310,ok,29.393
bot-003,01a0d83b-1e7b-72e3-9879-68bb8eb0361e,1,1293507,1316518,ACCEPTED,,1316538,ok,23.031
bot-003,01a0d83b-2074-766a-b9a5-d6210472fdbe,2,1798340,1816307,ACCEPTED,,1816316,ok,17.976
bot-003,01a0d83b-2277-75a6-a0f6-73b116d378e4,3,2313691,2316335,ACCEPTED,,2316353,ok,2.662
bot-003,01a0d83b-246e-73fa-ad6b-a8a6960df0b9,4,2816339,2866264,ACCEPTED,,2866270,ok,49.931
bot-003,01a0d83b-2663-713b-b4d4-532066de9064,5,3317466,3366273,ACCEPTED,,3366285,ok,48.819
bot-003,01a0d83b-2858-73fb-9d58-464f5a6955e4,6,3818661,3866172,ACCEPTED,,3866182,ok,47.521
bot-003,01a0d83b-2a5a-746d-873c-9bf7de19455f,7,4332295,4366085,ACCEPTED,,4366095,ok,33.800
bot-003,01a0d83b-2c54-7046-98ca-0f9390f8ffee,8,4838626,4866408,ACCEPTED,,4866420,ok,27.794
bot-003,01a0d83b-2e4b-7106-9812-46097691525b,9,5341584,5366263,ACCEPTED,,5366274,ok,24.690
bot-003,01a0d83b-304b-72cc-a00c-bfc5c0b3a228,10,5853444,5866058,ACCEPTED,,5866073,ok,12.629
bot-003,01a0d83b-324e-76df-bab4-223e5f98d24c,11,6369064,6416452,ACCEPTED,,6416456,ok,47.392
bot-003,01a0d83b-3445-77b0-88cc-145fefd6f385,12,6871708,6916204,ACCEPTED,,6916221,ok,44.513
bot-003,01a0d83b-3648-7119-80e5-3ee7718fdb7d,13,7387027,7416719,ACCEPTED,,7416730,ok,29.703
bot-003,01a0d83b-3845-7726-96db-67e439652eb5,14,7895833,7916260,ACCEPTED,,7916264,ok,20.431
bot-003,01a0d83b-3a3e-7545-bc63-9200d223dfb0,15,8400881,8416088,ACCEPTED,,8416099,ok,15.218
bot-003,01a0d83b-3c39-7281-b9f3-c485bbd59845,16,8908231,8916302,ACCEPTED,,8916321,ok,8.090
bot-003,01a0d83b-3e34-77e0-86ac-e37612b237bc,17,9414355,9416490,ACCEPTED,,9416494,ok,2.139
bot-003,01a0d83b-402a-7570-b1ad-b425c7f3d530,18,9916904,9966435,ACCEPTED,,9966447,ok,49.543
bot-003,01a0d83b-421f-713f-ab6e-41451435647f,19,10417786,10466311,ACCEPTED,,10466323,ok,48.537
bot-003,01a0d83b-4419-7401-a6d3-f22a05a3575f,20,10923997,10966437,ACCEPTED,,10966442,ok,42.445
bot-003,01a0d83b-4615-72cb-bf00-dd89bebc1e5b,21,11431360,11466342,ACCEPTED,,11466353,ok,34.993
bot-003,01a0d83b-480b-777e-9fb1-8430c7eceb49,22,11933546,11966353,ACCEPTED,,11966364,ok,32.818
bot-003,01a0d83b-4a09-778f-830f-e7e2ec9e86f7,23,12443838,12466059,ACCEPTED,,12466071,ok,22.233
bot-003,01a0d83b-4bff-7184-a225-0c7881ff748f,24,12945664,12966302,ACCEPTED,,12966306,ok,20.642
bot-003,01a0d83b-4df8-740b-bd41-5fa968f9f5fa,25,13451080,13466415,ACCEPTED,,13466434,ok,15.354
bot-003,01a0d83b-4ff3-72e5-b5e9-893af6a9d3e7,26,13958200,13966503,ACCEPTED,,13966513,ok,8.313
bot-003,01a0d83b-51ed-7321-a62d-50071a5f7aa8,27,14464236,14466311,ACCEPTED,,14466326,ok,2.090
bot-003,01a0d83b-53e8-77b8-8b91-0c2ab17b5d64,28,14970570,15016490,ACCEPTED,,15016495,ok,45.925
bot-003,01a0d83b-55eb-7754-b4ab-81a374461a30,29,15485945,15516596,ACCEPTED,,15516635,ok,30.690
bot-003,01a0d83b-57e0-719c-b8a7-d3652fb95653,30,15987192,16016017,ACCEPTED,,16016037,ok,28.845
bot-003,01a0d83b-59d6-75f7-a55a-a4762fbeb11c,31,16488867,16516358,ACCEPTED,,16516368,ok,27.501
bot-003,01a0d83b-5bd4-7213-a17f-3151eb165ddf,32,16998510,17016197,ACCEPTED,,17016215,ok,17.705
bot-003,01a0d83b-5dcb-7475-ae9d-da7c80f4c4e7,33,17501385,17516268,ACCEPTED,,17516286,ok,14.901
bot-003,01a0d83b-5fc1-77b1-8970-ca3ff1d6df50,34,18003615,18016548,ACCEPTED,,18016559,ok,12.944
bot-003,01a0d83b-61bd-7177-9efb-1a1bf300b5e5,35,18511891,18516167,ACCEPTED,,18516172,ok,4.281
bot-003,01a0d83b-63b6-7414-99f6-0e24aa3b04f5,36,19016582,19066414,ACCEPTED,,19066423,ok,49.841
bot-003,01a0d83b-65b3-74b3-97f0-8d722eb5be2b,37,19525829,19566352,ACCEPTED,,19566371,ok,40.542
bot-003,01a0d83b-67ad-70da-8f4f-ebf8e2164082,38,20032196,20066313,ACCEPTED,,20066324,ok,34.128
bot-003,01a0d83b-69a8-734f-8f63-4e2439a29f3e,39,20538271,20566501,ACCEPTED,,20566514,ok,28.243
bot-003,01a0d83b-6baa-75c0-9ad0-6bc52412859f,40,21052607,21066441,ACCEPTED,,21066457,ok,13.850
bot-003,01a0d83b-6dac-743d-8c42-56581160b0e0,41,21566988,21616216,ACCEPTED,,21616219,ok,49.231
bot-003,01a0d83b-6fa1-71b0-a185-57c9dc04f53c,42,22068177,22116152,ACCEPTED,,22116161,ok,47.984
bot-003,01a0d83b-719f-712f-b361-7ec576e8e702,43,22578230,22616205,ACCEPTED,,22616227,ok,37.997
bot-003,01a0d83b-739b-70a4-9b2b-516441659439,44,23085849,23116085,ACCEPTED,,23116106,ok,30.257
bot-003,01a0d83b-7598-767a-b887-7865e4239e18,45,23594581,23616293,ACCEPTED,,23616311,ok,21.730
bot-003,01a0d83b-7793-758a-8b00-9ca955392053,46,24101326,24116223,ACCEPTED,,24116241,ok,14.915
bot-003,01a0d83b-7989-7648-8fdb-6a48611a4319,47,24603948,24616688,ACCEPTED,,24616699,ok,12.751
bot-003,01a0d83b-7b7f-75f8-9b01-e8ab876b4b1d,48,25105361,25116146,ACCEPTED,,25116156,ok,10.795
bot-003,01a0d83b-7d7e-72a2-be6c-464dd0508fe8,49,25616485,25666077,ACCEPTED,,25666085,ok,49.600
bot-003,01a0d83b-7f82-77d7-96fb-8afea654f147,50,26132955,26166173,ACCEPTED,,26166177,ok,33.222
bot-003,01a0d83b-8181-7286-be30-0bf63865d726,51,26643682,26666112,ACCEPTED,,26666115,ok,22.433
bot-003,01a0d83b-8377-7139-b979-4e2eef99dfa3,52,27146086,27166288,ACCEPTED,,27166295,ok,20.209
bot-003,01a0d83b-8572-712e-85f7-92bbf5179b08,53,27652854,27666599,ACCEPTED,,27666607,ok,13.753
bot-003,01a0d83b-876b-7577-b8ca-2e09f69f5de1,54,28158189,28166140,ACCEPTED,,28166150,ok,7.961
bot-003,01a0d83b-8961-7712-b8f4-b9cba3571441,55,28660243,28666517,ACCEPTED,,28666525,ok,6.282
bot-003,01a0d83b-8b5c-70df-8fa2-3e9e9b03a2cf,56,29166435,29216397,ACCEPTED,,29216420,ok,49.985
bot-003,01a0d83b-8d56-722d-94a3-7f5e3b67ba76,57,29672704,29716432,ACCEPTED,,29716443,ok,43.739
bot-003,01a0d83b-8f50-7539-809b-9c4a81531a69,58,30178981,30216700,ACCEPTED,,30216703,ok,37.722
bot-003,01a0d83b-914b-7310-b004-33262e7c969e,59,30685582,30716681,ACCEPTED,,30716687,ok,31.105
bot-003,01a0d83b-9345-74ce-b87d-531d1cd59eed,60,31191498,31217158,ACCEPTED,,31217166,ok,25.668
bot-003,01a0d83b-953b-720a-8036-a395cf125ac1,61,31694248,31716488,ACCEPTED,,31716498,ok,22.250
bot-003,01a0d83b-973c-73c8-ad32-cf3cf5bcc952,62,32206740,32216219,ACCEPTED,,32216231,ok,9.491
bot-003,01a0d83b-9937-74a4-b9a7-644ba9205403,63,32713472,32716341,ACCEPTED,,32716347,ok,2.875
bot-003,01a0d83b-9b2e-7029-b4dc-a75d624aee4c,64,33216721,33266326,ACCEPTED,,33266332,ok,49.611
bot-003,01a0d83b-9d2e-7441-ace4-423524b0db40,65,33728889,33771048,ACCEPTED,,33771061,ok,42.172
bot-003,01a0d83b-9f27-77a8-8ac5-ff2e09ed210a,66,34234193,34266489,ACCEPTED,,34266493,ok,32.300
bot-003,01a0d83b-a11e-754a-a798-fd8a0b1ebd08,67,34737000,34766376,ACCEPTED,,34766384,ok,29.384
bot-003,01a0d83b-a31a-74af-9bdb-b2d4435c4ae2,68,35245233,35266508,ACCEPTED,,35266519,ok,21.286
bot-003,01a0d83b-a515-7254-aa4b-e5b61732b095,69,35751369,35766310,ACCEPTED,,35766319,ok,14.950
bot-003,01a0d83b-a70a-7219-8804-d20b05145358,70,36252985,36266407,ACCEPTED,,36266416,ok,13.431
bot-003,01a0d83b-a901-7200-a105-29ad96a854c6,71,36755267,36766520,ACCEPTED,,36766530,ok,11.263
bot-003,01a0d83b-aafa-77c2-b204-8e1238c24dd3,72,37260961,37266534,ACCEPTED,,37266542,ok,5.581
bot-003,01a0d83b-acf1-77a5-a649-bcd96a3ffcd4,73,37763561,37766279,ACCEPTED,,37766286,ok,2.725
bot-003,01a0d83b-aeeb-75dc-8d04-3dd6d472ac2f,74,38269706,38316751,ACCEPTED,,38316763,ok,47.057
bot-003,01a0d83b-b0e1-7381-b121-d7d0fddece7f,75,38771423,38816760,ACCEPTED,,38816765,ok,45.342
bot-003,01a0d83b-b2d8-74ae-920f-a634e7640f7e,76,39274378,39316292,ACCEPTED,,39316303,ok,41.925
bot-003,01a0d83b-b4cf-73d0-8c7d-e348dc449da1,77,39777279,39816430,ACCEPTED,,39816451,ok,39.172
bot-003,01a0d83b-b6c7-714e-83b6-e2ea081b2bbd,78,40282004,40316430,ACCEPTED,,40316441,ok,34.437
bot-003,01a0d83b-b8c1-7097-af0a-1866e15ce428,79,40787977,40816157,ACCEPTED,,40816165,ok,28.188
bot-003,01a0d83b-bab8-70a0-b8d5-609543a72fbb,80,41290920,41316202,ACCEPTED,,41316225,ok,25.305
bot-003,01a0d83b-bcb3-702a-b4b4-8c558d2d44dc,81,41797258,41816702,ACCEPTED,,41816713,ok,19.455
bot-003,01a0d83b-beaf-774e-ae89-61c5782c6245,82,42305439,42316165,ACCEPTED,,42316170,ok,10.731
bot-003,01a0d83b-c0a7-765c-92f1-9e31195d4171,83,42810026,42816420,ACCEPTED,,42816431,ok,6.405
bot-003,01a0d83b-c2a1-74bf-aeda-92417592b47c,84,43315612,43316318,ACCEPTED,,43316327,ok,0.715
bot-003,01a0d83b-c496-774a-98ec-30236a6c702d,85,43816485,43866056,ACCEPTED,,43866070,ok,49.585
bot-003,01a0d83b-c68b-7684-8083-8ae51a36d336,86,44317837,44366263,ACCEPTED,,44366276,ok,48.439
bot-003,01a0d83b-c88f-7724-99bd-b766aee09cfb,87,44833902,44866387,ACCEPTED,,44866399,ok,32.497
bot-003,01a0d83b-ca94-777c-9774-c78e40e8c878,88,45350266,45366573,ACCEPTED,,45366585,ok,16.319
bot-003,01a0d83b-cc8a-707c-9f90-80eccdb62f66,89,45852357,45866331,ACCEPTED,,45866339,ok,13.982
bot-003,01a0d83b-ce86-7382-867e-d1d7e331cd2a,90,46361072,46366130,ACCEPTED,,46366139,ok,5.067
bot-003,01a0d83b-d080-7545-b8e2-a3553e8f9a1d,91,46866275,46916155,ACCEPTED,,46916159,ok,49.884
bot-003,01a0d83b-d27f-7474-9ce4-59c00021613c,92,47378089,47416570,ACCEPTED,,47416582,ok,38.493
bot-003,01a0d83b-d479-7355-acaa-83f02c5d3e0a,93,47884079,47916049,ACCEPTED,,47916060,ok,31.981
bot-003,01a0d83b-d66f-74bc-8bb1-b2bcb543d11a,94,48385946,48416702,ACCEPTED,,48416713,ok,30.767
bot-003,01a0d83b-d868-7257-9fe4-82ddbeab4450,95,48890995,48916353,ACCEPTED,,48916366,ok,25.371
bot-003,01a0d83b-da5e-7699-a4fa-1129c67781f9,96,49392548,49416206,ACCEPTED,,49416222,ok,23.674
bot-003,01a0d83b-dc55-73a5-aec5-41f10bb80735,97,49895954,49916433,ACCEPTED,,49916445,ok,20.491
bot-003,01a0d83b-de4f-760f-aec4-d791c20f5fb6,98,50401979,50425617,ACCEPTED,,50425622,ok,23.643
bot-003,01a0d83b-e04a-7083-a8dc-f9dffa80c2a3,99,50909238,50917815,ACCEPTED,,50917820,ok,8.582
bot-003,01a0d83b-e244-7377-bc11-defc7cc9d461,100,51414509,51416265,ACCEPTED,,51416271,ok,1.762
bot-003,01a0d83b-e43a-75c7-8b65-270d3c834c8c,101,51916464,51966284,ACCEPTED,,51966297,ok,49.833
bot-003,01a0d83b-e630-7732-befa-a84df61b19eb,102,52419168,52423734,ACCEPTED,,52423738,ok,4.570
bot-003,01a0d83b-e825-7419-a362-da7989a8ac67,103,52919588,52966301,ACCEPTED,,52966322,ok,46.734
bot-003,01a0d83b-ea29-73bd-adff-807888ee49e8,104,53435571,53469923,ACCEPTED,,53469940,ok,34.369
bot-003,01a0d83b-ec26-7621-820c-9aa3480bbada,105,53945181,53966116,ACCEPTED,,53966129,ok,20.948
bot-003,01a0d83b-ee22-750b-8954-c43b2ed6b1f7,106,54452707,54466390,ACCEPTED,,54466401,ok,13.694
bot-003,01a0d83b-f01c-77f7-bb4f-39f4236495f3,107,54958824,54965976,ACCEPTED,,54965986,ok,7.162
bot-003,01a0d83b-f212-72d9-9c03-6a4e4c17ed12,108,55460405,55466359,ACCEPTED,,55466367,ok,5.962
bot-003,01a0d83b-f413-718b-b21a-547bab4072a9,109,55973963,56016620,ACCEPTED,,56016633,ok,42.670
bot-003,01a0d83b-f60a-77aa-b274-5dbb10fa23ed,110,56476503,56516272,ACCEPTED,,56516295,ok,39.792
bot-003,01a0d83b-f806-76fd-a235-269461af8ccc,111,56984962,57016107,ACCEPTED,,57016111,ok,31.149
bot-003,01a0d83b-f9fd-7018-8e7c-11e79e36cfd2,112,57488233,57516163,ACCEPTED,,57516170,ok,27.937
bot-003,01a0d83b-fc03-724f-9acd-7b17b39b493d,113,58005662,58016236,ACCEPTED,,58016259,ok,10.597
bot-003,01a0d83b-fe02-77b6-9a87-45487033f89c,114,58516516,58566201,ACCEPTED,,58566212,ok,49.696
bot-003,01a0d83b-fff7-7101-91d2-dd66984ba47c,115,59017376,59066401,ACCEPTED,,59066416,ok,49.040
bot-003,01a0d83c-01f1-7206-9fb7-12082fa7792e,116,59523474,59566388,ACCEPTED,,59566407,ok,42.933
bot-003,01a0d83c-03f8-75b2-9536-fe8358f66abc,117,60043196,60066258,ACCEPTED,,60066269,ok,23.073
bot-003,01a0d83c-05f8-7223-879e-e3dd38295606,118,60554596,60566435,ACCEPTED,,60566451,ok,11.855
bot-004,01a0d83b-1dd9-76fd-a92c-c29cfa976acc,0,1131548,1165901,ACCEPTED,,1165908,ok,34.360
bot-004,01a0d83b-1fcf-7635-9694-664a300dc503,1,1633661,1666048,ACCEPTED,,1666058,ok,32.397
bot-004,01a0d83b-21cd-72bd-a632-5620d7e532df,2,2143689,2166186,ACCEPTED,,2166199,ok,22.510
bot-004,01a0d83b-23d1-740e-9c71-3788d713ccba,3,2659744,2666339,ACCEPTED,,2666346,ok,6.602
bot-004,01a0d83b-25d5-70d6-a750-20faa55db0ca,4,3176053,3216295,ACCEPTED,,3216304,ok,40.251
bot-004,01a0d83b-27d8-75e3-8025-21af13fdd6dc,5,3691150,3716410,ACCEPTED,,3716418,ok,25.268
bot-004,01a0d83b-29db-773f-b0b7-191a68281ef0,6,4206073,4216244,ACCEPTED,,4216258,ok,10.185
bot-004,01a0d83b-2bda-76a1-b016-c07a4de9436a,7,4716310,4766473,ACCEPTED,,4766491,ok,50.181
bot-004,01a0d83b-2dcf-7255-8976-a278710b4897,8,5217606,5266170,ACCEPTED,,5266182,ok,48.576
bot-004,01a0d83b-2fc4-71bd-8130-4184c92ac368,9,5718463,5766596,ACCEPTED,,5766601,ok,48.138
bot-004,01a0d83b-31be-733a-9cef-70005c099c88,10,6224390,6266333,ACCEPTED,,6266338,ok,41.948
bot-004,01a0d83b-33b6-76f8-b34d-2374d2192737,11,6728843,6766373,ACCEPTED,,6766391,ok,37.548
bot-004,01a0d83b-35ad-7205-91ba-2028b8d33034,12,7231691,7266295,ACCEPTED,,7266307,ok,34.616
bot-004,01a0d83b-37ad-7707-9887-29cb706afff7,13,7743310,7766559,ACCEPTED,,7766563,ok,23.253
bot-004,01a0d83b-39a6-7102-b6cf-a6c90a8b33ab,14,8248866,8266558,ACCEPTED,,8266561,ok,17.695
bot-004,01a0d83b-3b9f-73ce-9152-8fe69484b93e,15,8754054,8766487,ACCEPTED,,8766494,ok,12.440
bot-004,01a0d83b-3d9b-75cc-97f4-2e1a0ef9c9b1,16,9261495,9266160,ACCEPTED,,9266176,ok,4.681
bot-004,01a0d83b-3f94-7276-84ad-ad28006b7b13,17,9766347,9816262,ACCEPTED,,9816274,ok,49.927
bot-004,01a0d83b-418f-761a-aff7-97a14e454c27,18,10273915,10316292,ACCEPTED,,10316308,ok,42.393
bot-004,01a0d83b-4389-701e-bfc6-932e2d8cc513,19,10779882,10817358,ACCEPTED,,10817364,ok,37.482
bot-004,01a0d83b-4587-74a9-931b-09ec20b112ce,20,11289341,11316573,ACCEPTED,,11316582,ok,27.241
bot-004,01a0d83b-477d-71e8-899f-3b90d6e752dd,21,11792116,11816663,ACCEPTED,,11816668,ok,24.552
bot-004,01a0d83b-497b-7793-ba67-1144cb6c065b,22,12301691,12317266,ACCEPTED,,12317270,ok,15.579
bot-004,01a0d83b-4b7a-73ca-90fa-cd68df726c22,23,12813011,12816994,ACCEPTED,,12816998,ok,3.987
bot-004,01a0d83b-4d6f-760f-b7dc-2fe004ca9d10,24,13313882,13316068,ACCEPTED,,13316076,ok,2.194
bot-004,01a0d83b-4f65-765d-b8c4-b5052bf1c9d8,25,13816198,13866141,ACCEPTED,,13866149,ok,49.951
bot-004,01a0d83b-515a-7584-9e6c-3d336555b8bf,26,14316569,14366213,ACCEPTED,,14366233,ok,49.664
bot-004,01a0d83b-535b-7511-89fa-af24be452c8f,27,14829288,14866611,ACCEPTED,,14866619,ok,37.331
bot-004,01a0d83b-555c-777b-a93b-86fd44c41bef,28,15343104,15366494,ACCEPTED,,15366498,ok,23.394
bot-004,01a0d83b-5756-701a-a7c0-5c56cd70274a,29,15849101,15866293,ACCEPTED,,15866298,ok,17.197
bot-004,01a0d83b-5958-73df-8228-679e4cafad8c,30,16363196,16366439,ACCEPTED,,16366453,ok,3.257
bot-004,01a0d83b-5b4f-76e2-986a-15ce9fe7183d,31,16865546,16866447,ACCEPTED,,16866450,ok,0.904
bot-004,01a0d83b-5d44-7244-ab75-3eb77244f4c6,32,17366468,17416534,ACCEPTED,,17416544,ok,50.076
bot-004,01a0d83b-5f43-7403-bf9f-7780e803d0bc,33,17878063,17916518,ACCEPTED,,17916528,ok,38.465
bot-004,01a0d83b-6140-72aa-868e-e770663fe388,34,18386347,18417408,ACCEPTED,,18417413,ok,31.066
bot-004,01a0d83b-6338-76c8-8786-d3d2695d33da,35,18890494,18917102,ACCEPTED,,18917106,ok,26.612
bot-004,01a0d83b-6532-74d6-9745-0ae6ffec636f,36,19396582,19417150,ACCEPTED,,19417159,ok,20.577
bot-004,01a0d83b-672c-7294-8d8a-8c6cae653e6b,37,19902725,19916718,ACCEPTED,,19916728,ok,14.003
bot-004,01a0d83b-6926-716b-ae97-b21e3e312393,38,20408875,20416664,ACCEPTED,,20416675,ok,7.800
bot-004,01a0d83b-6b1e-753f-93dd-5144d2e33dc6,39,20913056,20916431,ACCEPTED,,20916438,ok,3.382
bot-004,01a0d83b-6d16-7338-95eb-45d853384328,40,21416377,21466261,ACCEPTED,,21466271,ok,49.894
bot-004,01a0d83b-6f19-7458-8b65-c285249d97b7,41,21931595,21973166,ACCEPTED,,21973184,ok,41.589
bot-004,01a0d83b-711d-71c1-b18c-b02048399140,42,22447367,22466250,ACCEPTED,,22466254,ok,18.887
bot-004,01a0d83b-731d-7618-bf62-317a7b02d7ff,43,22960113,22966308,ACCEPTED,,22966318,ok,6.205
bot-004,01a0d83b-7518-75e2-a5d9-4969e3e90a6d,44,23466408,23516108,ACCEPTED,,23516129,ok,49.721
bot-004,01a0d83b-7713-76c7-b43d-fb452082cfc8,45,23974223,24016269,ACCEPTED,,24016286,ok,42.063
bot-004,01a0d83b-790f-73e6-b72e-4c5c5c691e37,46,24481464,24516217,ACCEPTED,,24516241,ok,34.777
bot-004,01a0d83b-7b05-7725-a7f7-d68951799885,47,24983664,25016079,ACCEPTED,,25016088,ok,32.424
bot-004,01a0d83b-7d01-770a-bced-892c843f1e09,48,25491443,25516831,ACCEPTED,,25516835,ok,25.392
bot-004,01a0d83b-7efd-7473-b6fb-ddc12312873a,49,25999991,26016506,ACCEPTED,,26016512,ok,16.521
bot-004,01a0d83b-80f2-7587-8a98-e23b8cc06507,50,26501106,26516441,ACCEPTED,,26516449,ok,15.343
bot-004,01a0d83b-82f6-755a-b3b8-4b82117a1624,51,27016514,27066407,ACCEPTED,,27066415,ok,49.901
bot-004,01a0d83b-84ec-7182-94ce-fc861198a9f7,52,27518361,27566020,ACCEPTED,,27566027,ok,47.666
bot-004,01a0d83b-86e6-70b4-86a5-b947e1c16844,53,28024677,28066144,ACCEPTED,,28066153,ok,41.476
bot-004,01a0d83b-88e2-7255-9c85-228957e91eee,54,28532591,28566299,ACCEPTED,,28566310,ok,33.719
bot-004,01a0d83b-8adb-7263-ab98-d2d1df3af28d,55,29038050,29066536,ACCEPTED,,29066547,ok,28.497
bot-004,01a0d83b-8cd5-737d-acc8-0431866bc068,56,29543383,29566267,ACCEPTED,,29566277,ok,22.894
bot-004,01a0d83b-8ed5-76a5-b914-ef9c85d7c673,57,30055367,30066337,ACCEPTED,,30066348,ok,10.981
bot-004,01a0d83b-90d4-70b7-b13c-a569ab217e4f,58,30566514,30616689,ACCEPTED,,30616700,ok,50.186
bot-004,01a0d83b-92cf-746f-b1cb-5939eeb9c697,59,31073525,31116627,ACCEPTED,,31116631,ok,43.106
bot-004,01a0d83b-94d2-77e1-b0dc-7747cc2d276a,60,31588660,31616236,ACCEPTED,,31616252,ok,27.592
bot-004,01a0d83b-96cd-7317-ac41-7a0b63046d36,61,32096207,32116647,ACCEPTED,,32116651,ok,20.444
bot-004,01a0d83b-98c9-7080-82b3-73970299dc20,62,32603524,32616280,ACCEPTED,,32616289,ok,12.765
bot-004,01a0d83b-9ac3-73bd-a604-df6702eb2654,63,33109898,33116412,ACCEPTED,,33116423,ok,6.525
bot-004,01a0d83b-9cbe-700e-9529-3a15c598f24a,64,33616677,33666374,ACCEPTED,,33666386,ok,49.709
bot-004,01a0d83b-9eb3-743a-9d80-6f20ad9113d8,65,34117410,34166115,ACCEPTED,,34166123,ok,48.713
bot-004,01a0d83b-a0b3-7619-8e1e-93aa51e490e9,66,34629739,34666264,ACCEPTED,,34666268,ok,36.529
bot-004,01a0d83b-a2ab-7791-a368-f321ae0ef5e0,67,35134161,35166365,ACCEPTED,,35166371,ok,32.210
bot-004,01a0d83b-a4a6-72d6-a6e9-ffaaa9287e6b,68,35640574,35666264,ACCEPTED,,35666285,ok,25.711
bot-004,01a0d83b-a6a0-73f7-8fbf-4d0e3ecd53f1,69,36146975,36166167,ACCEPTED,,36166175,ok,19.200
bot-004,01a0d83b-a89d-7566-8a9f-68c8a9622f9b,70,36656234,36666291,ACCEPTED,,36666296,ok,10.062
bot-004,01a0d83b-aa95-75ec-b0fa-726b323cb1fe,71,37159411,37166138,ACCEPTED,,37166146,ok,6.735
bot-004,01a0d83b-ac94-71de-b3d0-65afea02e1c8,72,37670780,37716186,ACCEPTED,,37716206,ok,45.426
bot-004,01a0d83b-ae8d-7457-b966-cc2908eaace2,73,38175502,38216458,ACCEPTED,,38216468,ok,40.966
bot-004,01a0d83b-b083-7582-99d3-e81388a394a3,74,38677553,38716123,ACCEPTED,,38716138,ok,38.585
bot-004,01a0d83b-b27d-7218-b7a9-6b78aaf9d57d,75,39183795,39216699,ACCEPTED,,39216709,ok,32.914
bot-004,01a0d83b-b477-7049-9822-8c5fb78a9e2c,76,39689945,39716225,ACCEPTED,,39716229,ok,26.284
bot-004,01a0d83b-b671-72df-922e-a7903ef56dc5,77,40196206,40216803,ACCEPTED,,40216812,ok,20.606
bot-004,01a0d83b-b872-7696-960d-0a9899151302,78,40708998,40716522,ACCEPTED,,40716531,ok,7.533
bot-004,01a0d83b-ba68-773c-a78b-683a7404178e,79,41210476,41216322,ACCEPTED,,41216333,ok,5.857
bot-004,01a0d83b-bc60-7091-86d5-ae481d28953d,80,41714691,41716411,ACCEPTED,,41716414,ok,1.723
bot-004,01a0d83b-be56-7119-82a9-c116287a0386,81,42216652,42266289,ACCEPTED,,42266308,ok,49.656
bot-004,01a0d83b-c04b-755f-a404-885f166b2a71,82,42717577,42766323,ACCEPTED,,42766331,ok,48.754
bot-004,01a0d83b-c243-764d-8a2a-0e6547cda666,83,43221442,43266262,ACCEPTED,,43266268,ok,44.826
bot-004,01a0d83b-c43c-72b1-bccb-8558bfc5e7cd,84,43726874,43766116,ACCEPTED,,43766120,ok,39.246
bot-004,01a0d83b-c636-754d-940b-cb0edb4b85b8,85,44232298,44266152,ACCEPTED,,44266174,ok,33.876
bot-004,01a0d83b-c831-74b4-8a16-27af358cbf61,86,44739838,44766338,ACCEPTED,,44766352,ok,26.514
bot-004,01a0d83b-ca29-7390-9c45-f0222184663f,87,45244005,45266261,ACCEPTED,,45266267,ok,22.262
bot-004,01a0d83b-cc21-75ef-8e49-206359e5e083,88,45747344,45766519,ACCEPTED,,45766529,ok,19.185
bot-004,01a0d83b-ce23-71bf-880f-2af0058f5d8c,89,46261496,46266149,ACCEPTED,,46266166,ok,4.670
bot-004,01a0d83b-d021-7359-8501-9e36c8078486,90,46771801,46816760,ACCEPTED,,46816764,ok,44.963
bot-004,01a0d83b-d222-772b-859c-36053fb74c47,91,47284691,47316505,ACCEPTED,,47316513,ok,31.822
bot-004,01a0d83b-d41b-7742-a601-f44ac9941229,92,47789415,47816247,ACCEPTED,,47816250,ok,26.835
bot-004,01a0d83b-d616-7131-971c-5b59bae130e2,93,48296289,48316614,ACCEPTED,,48316623,ok,20.334
bot-004,01a0d83b-d80e-75bf-8efa-092ca431ece8,94,48801035,48816459,ACCEPTED,,48816469,ok,15.434
bot-004,01a0d83b-da04-70ce-83cf-29ac4a0002f4,95,49302258,49317265,ACCEPTED,,49317271,ok,15.013
bot-004,01a0d83b-dc01-7199-aec5-05d1e927019a,96,49811333,49816268,ACCEPTED,,49816278,ok,4.945
bot-004,01a0d83b-ddf6-729e-af84-ed8096931b91,97,50312791,50330490,ACCEPTED,,50330495,ok,17.704
bot-004,01a0d83b-dfeb-75c5-bba5-cad23e9275f1,98,50814107,50817544,ACCEPTED,,50817550,ok,3.443
bot-004,01a0d83b-e1e2-767a-b435-5ce4d97ecb31,99,51316805,51366272,ACCEPTED,,51366286,ok,49.481
bot-004,01a0d83b-e3d7-7293-8a60-64f872b8e085,100,51817658,51866107,ACCEPTED,,51866127,ok,48.469
bot-004,01a0d83b-e5ce-7575-a0bf-63bba9f3bcaa,101,52320853,52366176,ACCEPTED,,52366257,ok,45.404
bot-004,01a0d83b-e7c5-769d-9d7d-a78e06b06226,102,52823537,52866148,ACCEPTED,,52866154,ok,42.617
bot-004,01a0d83b-e9bd-74f1-8ada-1fd4db8a2e19,103,53328159,53368532,ACCEPTED,,53368535,ok,40.376
bot-004,01a0d83b-ebb7-7379-97c3-df70ab72811d,104,53834140,53866386,ACCEPTED,,53866403,ok,32.263
bot-004,01a0d83b-edb3-74d1-a72f-22cd722ef45d,105,54341875,54366225,ACCEPTED,,54366229,ok,24.354
bot-004,01a0d83b-efad-7420-82a1-8e78b00b22d1,106,54847977,54866297,ACCEPTED,,54866300,ok,18.323
bot-004,01a0d83b-f1a7-7530-8974-0d5fd4be318b,107,55354183,55366352,ACCEPTED,,55366370,ok,12.187
bot-004,01a0d83b-f3a5-7073-b6d3-81261ae6a5b1,108,55864044,55866107,ACCEPTED,,55866114,ok,2.070
bot-004,01a0d83b-f59f-74a0-a036-d95e471e3948,109,56370086,56416526,ACCEPTED,,56416548,ok,46.462
bot-004,01a0d83b-f79a-7685-8dca-da83984e6f6b,110,56877037,56916258,ACCEPTED,,56916267,ok,39.230
bot-004,01a0d83b-f99f-777e-a645-d10c916ef24e,111,57394051,57416874,ACCEPTED,,57416883,ok,22.832
bot-004,01a0d83b-fb9a-7468-831f-e2bce140d188,112,57900281,57916523,ACCEPTED,,57916526,ok,16.245
bot-004,01a0d83b-fd9b-76e2-8572-aef8ec035327,113,58413866,58416741,ACCEPTED,,58416747,ok,2.881
bot-004,01a0d83b-ff92-7674-a2ea-34d4e02cd440,114,58916868,58966561,ACCEPTED,,58966565,ok,49.697
bot-004,01a0d83c-0187-7189-b7f0-52db34901e44,115,59417430,59466173,ACCEPTED,,59466176,ok,48.746
bot-004,01a0d83c-037f-7413-baf4-1a259f03b802,116,59921613,59966327,ACCEPTED,,59966332,ok,44.719
bot-004,01a0d83c-0584-7743-81ea-81a4d5d13b00,117,60439024,60466395,ACCEPTED,,60466401,ok,27.377
bot-004,01a0d83c-077e-772f-8665-89e4f9c0c821,118,60944755,60966288,ACCEPTED,,60966297,ok,21.542
bot-005,01a0d83b-1ec4-7124-915a-9a061f78e25d,0,1366319,1416588,ACCEPTED,,1416599,ok,50.280
bot-005,01a0d83b-20b9-75b2-9493-4b7906952896,1,1867939,1916246,ACCEPTED,,1916261,ok,48.322
bot-005,01a0d83b-22b6-7160-8b61-bd3834cb0ebe,2,2376492,2416009,ACCEPTED,,2416026,ok,39.534
bot-005,01a0d83b-24af-72ce-b7e7-ba5dbad71e31,3,2881284,2916211,ACCEPTED,,2916225,ok,34.941
bot-005,01a0d83b-26ae-768f-b15a-d02310b383b8,4,3392374,3416256,ACCEPTED,,3416284,ok,23.910
bot-005,01a0d83b-28a3-7080-bef0-16745ecc210d,5,3893510,3916403,ACCEPTED,,3916409,ok,22.899
bot-005,01a0d83b-2a9d-7384-9276-bb13cbfd5627,6,4399732,4416598,ACCEPTED,,4416623,ok,16.891
bot-005,01a0d83b-2c9c-710d-aeee-d4924c51659a,7,4911067,4916267,ACCEPTED,,4916286,ok,5.219
bot-005,01a0d83b-2e91-7746-8c1b-2b9cb289a3a6,8,5412259,5416784,ACCEPTED,,5416789,ok,4.530
bot-005,01a0d83b-308a-723c-a304-fe90f9891786,9,5916437,5966431,ACCEPTED,,5966453,ok,50.016
bot-005,01a0d83b-327f-76f4-a2e5-7e4b026de349,10,6417341,6466211,ACCEPTED,,6466229,ok,48.888
bot-005,01a0d83b-3474-70b7-8eb7-1b1fc8de3ea5,11,6918869,6966849,ACCEPTED,,6966858,ok,47.989
bot-005,01a0d83b-366d-71a5-a17e-0bb4c5f7287f,12,7423845,7466720,ACCEPTED,,7466726,ok,42.881
bot-005,01a0d83b-3862-77c8-9e64-ca4edccc33fb,13,7924324,7966184,ACCEPTED,,7966193,ok,41.869
bot-005,01a0d83b-3a5b-778a-9fb1-cc02c499062f,14,8430124,8466288,ACCEPTED,,8466292,ok,36.168
bot-005,01a0d83b-3c51-761c-827a-5734bfbdf297,15,8931739,8966254,ACCEPTED,,8966260,ok,34.521
bot-005,01a0d83b-3e4b-72e8-b315-e7bcd01ce860,16,9437918,9466217,ACCEPTED,,9466233,ok,28.315
bot-005,01a0d83b-4046-7193-9500-5d89b7333178,17,9944859,9966480,ACCEPTED,,9966485,ok,21.626
bot-005,01a0d83b-4240-73ca-94ec-46afade49de1,18,10450254,10466388,ACCEPTED,,10466397,ok,16.143
bot-005,01a0d83b-443e-7521-9ce1-b9daa4a602ae,19,10960809,10966471,ACCEPTED,,10966475,ok,5.666
bot-005,01a0d83b-4633-756b-9abf-65b3fc00a114,20,11462115,11466392,ACCEPTED,,11466400,ok,4.285
bot-005,01a0d83b-482c-7107-b119-6cb38dd50076,21,11966331,12016252,ACCEPTED,,12016270,ok,49.939
bot-005,01a0d83b-4a28-7157-938e-cb73c0c40970,22,12474535,12516335,ACCEPTED,,12516356,ok,41.821
bot-005,01a0d83b-4c1e-7104-a7cc-9741b9acd61d,23,12977048,13017192,ACCEPTED,,13017196,ok,40.148
bot-005,01a0d83b-4e1d-706e-9dc7-7372d38c4558,24,13487568,13516170,ACCEPTED,,13516175,ok,28.607
bot-005,01a0d83b-5017-72ec-ba29-4c334a1c0959,25,13993481,14016768,ACCEPTED,,14016778,ok,23.297
bot-005,01a0d83b-5211-7648-a2a7-c5c8e3ea5a93,26,14499727,14517111,ACCEPTED,,14517115,ok,17.388
bot-005,01a0d83b-540b-71d2-a586-a03fca96dbf0,27,15005737,15016662,ACCEPTED,,15016670,ok,10.933
bot-005,01a0d83b-560a-700d-b034-d682bd8cc625,28,15516578,15566001,ACCEPTED,,15566009,ok,49.431
bot-005,01a0d83b-5810-7255-84cb-ff1b324976a2,29,16034888,16066399,ACCEPTED,,16066408,ok,31.520
bot-005,01a0d83b-5a05-761d-9d65-b450aae3e092,30,16536103,16566273,ACCEPTED,,16566285,ok,30.182
bot-005,01a0d83b-5bfb-7042-9b9c-dea2704c6eb0,31,17037557,17066152,ACCEPTED,,17066157,ok,28.600
bot-005,01a0d83b-5dfa-77c2-bd4b-dbae91036b32,32,17548434,17566208,ACCEPTED,,17566227,ok,17.793
bot-005,01a0d83b-5ff0-77a8-9466-498eb533fce2,33,18050957,18066614,ACCEPTED,,18066625,ok,15.668
bot-005,01a0d83b-61ed-74a8-9c14-46ce326e548d,34,18560161,18566136,ACCEPTED,,18566155,ok,5.994
bot-005,01a0d83b-63e8-7557-82e2-8926412beedf,35,19066379,19117056,ACCEPTED,,19117064,ok,50.685
bot-005,01a0d83b-65e2-7623-9781-db73b6bd7e2b,36,19573071,19617070,ACCEPTED,,19617075,ok,44.004
bot-005,01a0d83b-67dd-777e-a6dd-ab15a5fc87ac,37,20079357,20116344,ACCEPTED,,20116359,ok,37.002
bot-005,01a0d83b-69d7-7498-b8c8-6822f762c015,38,20585409,20616643,ACCEPTED,,20616650,ok,31.241
bot-005,01a0d83b-6bd1-723c-8ec5-2d4888723fb0,39,21091478,21116305,ACCEPTED,,21116315,ok,24.837
bot-005,01a0d83b-6dcc-76df-8e40-2b8482c4e6d8,40,21598741,21616227,ACCEPTED,,21616230,ok,17.489
bot-005,01a0d83b-6fd1-7050-8e23-add8b6fa59c1,41,22115406,22116880,ACCEPTED,,22116885,ok,1.479
bot-005,01a0d83b-71c6-7154-8af9-657bc36e8467,42,22616624,22666293,ACCEPTED,,22666307,ok,49.683
bot-005,01a0d83b-73bb-755c-82ef-3e58addc3f8a,43,23117630,23166188,ACCEPTED,,23166192,ok,48.562
bot-005,01a0d83b-75b7-7640-a5ac-526cd24a0ed3,44,23625971,23666383,ACCEPTED,,23666395,ok,40.424
bot-005,01a0d83b-77b2-75a2-8f49-d31e30e68148,45,24133176,24166157,ACCEPTED,,24166175,ok,32.999
bot-005,01a0d83b-79a9-74fd-85cf-40003404df4a,46,24635369,24666288,ACCEPTED,,24666293,ok,30.924
bot-005,01a0d83b-7ba2-72f4-aef2-8c3c2193e431,47,25140650,25166292,ACCEPTED,,25166297,ok,25.647
bot-005,01a0d83b-7d9f-76bb-8660-9712f7c1c1f7,48,25649706,25666074,ACCEPTED,,25666078,ok,16.372
bot-005,01a0d83b-7fa2-772f-a73b-554141bcfd82,49,26164572,26166196,ACCEPTED,,26166199,ok,1.627
bot-005,01a0d83b-8197-739e-b4db-a1399b9f8544,50,26666071,26716923,ACCEPTED,,26716930,ok,50.859
bot-005,01a0d83b-838c-75ea-8f6e-3c01149d822b,51,27166321,27216472,ACCEPTED,,27216532,ok,50.211
bot-005,01a0d83b-8582-736c-9208-81aa4170f184,52,27668535,27716839,ACCEPTED,,27716843,ok,48.308
bot-005,01a0d83b-8783-75f2-9143-396b5ef4869d,53,28181914,28217701,ACCEPTED,,28217706,ok,35.792
bot-005,01a0d83b-8979-7165-a9a4-19690266901b,54,28683828,28717264,ACCEPTED,,28717267,ok,33.439
bot-005,01a0d83b-8b74-76ff-a0c6-8e4a2f0c83fc,55,29191171,29216416,ACCEPTED,,29216428,ok,25.257
bot-005,01a0d83b-8d6d-70b9-af12-1a4760ae4baf,56,29696103,29716644,ACCEPTED,,29716649,ok,20.546
bot-005,01a0d83b-8f6a-73ff-9873-418d4f6fb2b6,57,30204943,30216902,ACCEPTED,,30216906,ok,11.963
bot-005,01a0d83b-9162-7511-8782-4d9a96ff9fff,58,30708587,30716699,ACCEPTED,,30716710,ok,8.123
bot-005,01a0d83b-935e-744e-9bbd-9705f9dad51c,59,31217125,31266590,ACCEPTED,,31266599,ok,49.474
bot-005,01a0d83b-9553-72c3-91c5-7b2b6475b27c,60,31717379,31766909,ACCEPTED,,31767003,ok,49.624
bot-005,01a0d83b-974e-7347-a3b1-cc49d49996f6,61,32224286,32266673,ACCEPTED,,32266685,ok,42.399
bot-005,01a0d83b-9947-7226-8ed7-c34216e2e571,62,32729448,32766479,ACCEPTED,,32766484,ok,37.036
bot-005,01a0d83b-9b40-7586-91a5-48541b689ed1,63,33235061,33266353,ACCEPTED,,33266357,ok,31.296
bot-005,01a0d83b-9d3e-73e9-b8bf-9c74e4af34a0,64,33744641,33771098,ACCEPTED,,33771101,ok,26.460
bot-005,01a0d83b-9f3e-722a-abb4-2fc4379c25ad,65,34256790,34266492,ACCEPTED,,34266497,ok,9.707
bot-005,01a0d83b-a137-72a7-bc6f-c25b5a3c13ed,66,34762244,34766359,ACCEPTED,,34766366,ok,4.122
bot-005,01a0d83b-a32f-73a0-9b7e-9e1abb150b16,67,35265344,35266551,ACCEPTED,,35266561,ok,1.217
bot-005,01a0d83b-a524-755f-bb89-d9a3e0da7356,68,35766363,35816122,ACCEPTED,,35816127,ok,49.764
bot-005,01a0d83b-a722-759a-8743-d965fabbe3e9,69,36276336,36316890,ACCEPTED,,36316894,ok,40.558
bot-005,01a0d83b-a91c-7226-95e1-546704054697,70,36782457,36816764,ACCEPTED,,36816769,ok,34.312
bot-005,01a0d83b-ab22-7533-8958-2e2c6c877924,71,37300546,37316663,ACCEPTED,,37316670,ok,16.124
bot-005,01a0d83b-ad24-72fd-86be-fa495a237938,72,37814308,37816393,ACCEPTED,,37816407,ok,2.099
bot-005,01a0d83b-af1a-778c-aac8-9525c4b0d62e,73,38316825,38366440,ACCEPTED,,38366445,ok,49.620
bot-005,01a0d83b-b11c-72b1-a364-70d5dd6b2fb9,74,38830780,38866078,ACCEPTED,,38866090,ok,35.310
bot-005,01a0d83b-b31d-76bb-ae4f-baa04007f443,75,39343272,39366241,ACCEPTED,,39366252,ok,22.980
bot-005,01a0d83b-b519-7766-981d-b87e8c2f276e,76,39851791,39866134,ACCEPTED,,39866152,ok,14.361
bot-005,01a0d83b-b70f-77f3-a94c-0bb39023cf54,77,40353373,40366134,ACCEPTED,,40366152,ok,12.779
bot-005,01a0d83b-b905-7734-ab00-5a218319fdc4,78,40855351,40866427,ACCEPTED,,40866431,ok,11.080
bot-005,01a0d83b-bafd-717b-be0b-64da8b1fe665,79,41359547,41366071,ACCEPTED,,41366080,ok,6.533
bot-005,01a0d83b-bcf5-72a4-9e29-38bd6d608de5,80,41863930,41866099,ACCEPTED,,41866102,ok,2.172
bot-005,01a0d83b-beea-77af-98bc-461624a6efca,81,42364483,42366132,ACCEPTED,,42366145,ok,1.662
bot-005,01a0d83b-c0e2-76ba-a160-b3038c81e0d2,82,42868536,42916693,ACCEPTED,,42916706,ok,48.170
bot-005,01a0d83b-c2dc-76ea-b32e-06d89842f9c4,83,43374522,43416637,ACCEPTED,,43416642,ok,42.120
bot-005,01a0d83b-c4d8-765c-acee-0fb73cc35478,84,43882599,43916368,ACCEPTED,,43916383,ok,33.784
bot-005,01a0d83b-c6d0-7791-be3a-f87a8e4caaf8,85,44386848,44416507,ACCEPTED,,44416513,ok,29.665
bot-005,01a0d83b-c8ca-7405-9c12-67a7ac251f73,86,44892879,44917388,ACCEPTED,,44917393,ok,24.514
bot-005,01a0d83b-cac5-75b8-9b47-ffbef773d793,87,45400042,45417050,ACCEPTED,,45417055,ok,17.013
bot-005,01a0d83b-ccbe-7381-9ee2-23eeb869746d,88,45904437,45916322,ACCEPTED,,45916329,ok,11.892
bot-005,01a0d83b-ceb6-7674-a7c2-4015c162ec0c,89,46408552,46416373,ACCEPTED,,46416378,ok,7.826
bot-005,01a0d83b-d0af-704a-b965-795f3042230c,90,46914000,46916133,ACCEPTED,,46916140,ok,2.140
bot-005,01a0d83b-d2a6-77d0-ac66-4df612710a14,91,47416366,47466342,ACCEPTED,,47466354,ok,49.988
bot-005,01a0d83b-d4a9-7161-aa79-1b0c33f02263,92,47931600,47966356,ACCEPTED,,47966362,ok,34.762
bot-005,01a0d83b-d69f-7566-84fe-4b217001e15c,93,48433810,48466152,ACCEPTED,,48466162,ok,32.352
bot-005,01a0d83b-d895-7664-860b-54797576799e,94,48935469,48966603,ACCEPTED,,48966614,ok,31.145
bot-005,01a0d83b-da8d-717c-8297-81b6dd548958,95,49439702,49466472,ACCEPTED,,49466477,ok,26.775
bot-005,01a0d83b-dc84-7051-9a80-dc8cceef76b7,96,49942887,49966283,ACCEPTED,,49966295,ok,23.408
bot-005,01a0d83b-de7c-738c-9792-3403528c3633,97,50446912,50482957,ACCEPTED,,50482966,ok,36.054
bot-005,01a0d83b-e078-7564-a38d-026079c61c4d,98,50955225,50970374,ACCEPTED,,50970392,ok,15.167
bot-005,01a0d83b-e273-7634-9cb0-102333478187,99,51461429,51466057,ACCEPTED,,51466067,ok,4.638
bot-005,01a0d83b-e46b-7583-b914-777803c763ab,100,51966233,52016801,ACCEPTED,,52016813,ok,50.580
bot-005,01a0d83b-e66e-759c-b794-8a22573c42d8,101,52480736,52519971,ACCEPTED,,52519982,ok,39.246
bot-005,01a0d83b-e863-74b3-886d-22a20e524edd,102,52981895,53016906,ACCEPTED,,53016911,ok,35.016
bot-005,01a0d83b-ea6c-777a-8254-ded532a9d1d3,103,53502830,53525558,ACCEPTED,,53525570,ok,22.740
bot-005,01a0d83b-ec66-760c-8e0d-40b0b08416a1,104,54008345,54016974,ACCEPTED,,54016979,ok,8.634
bot-005,01a0d83b-ee62-73e6-8b67-276d3e57bde9,105,54516415,54566596,ACCEPTED,,54566601,ok,50.186
bot-005,01a0d83b-f057-75b2-9fe4-d21a441f077c,106,55017433,55066576,ACCEPTED,,55066583,ok,49.150
bot-005,01a0d83b-f24e-7163-a0b4-38c5e3fb5b3b,107,55520593,55566121,ACCEPTED,,55566134,ok,45.541
bot-005,01a0d83b-f452-720c-9ef6-9e31e360ede6,108,56037049,56066241,ACCEPTED,,56066250,ok,29.201
bot-005,01a0d83b-f649-743c-aeed-8bbb73c066d5,109,56540236,56566500,ACCEPTED,,56566506,ok,26.270
bot-005,01a0d83b-f844-7471-a384-aa4e75e7b39b,110,57046507,57066340,ACCEPTED,,57066351,ok,19.844
bot-005,01a0d83b-fa44-7549-8cc7-504aa9bb37ea,111,57558766,57566442,ACCEPTED,,57566448,ok,7.682
bot-005,01a0d83b-fc42-713f-9484-304c6c7ce946,112,58068377,58116995,ACCEPTED,,58117000,ok,48.623
bot-005,01a0d83b-fe45-72d7-a62b-5f3235ba3d53,113,58584018,58616684,ACCEPTED,,58616694,ok,32.676
bot-005,01a0d83c-0042-7068-bc99-33cba59c016d,114,59092870,59116828,ACCEPTED,,59116835,ok,23.965
bot-005,01a0d83c-023d-7395-9a80-3cea00126171,115,59600070,59616078,ACCEPTED,,59616096,ok,16.026
bot-005,01a0d83c-0437-7472-9090-688f7dc9981f,116,60106032,60116950,ACCEPTED,,60116955,ok,10.923
bot-005,01a0d83c-0635-7251-8ca9-64f0c7ca0503,117,60616203,60666462,ACCEPTED,,60666467,ok,50.264
bot-005,01a0d83c-082a-76a1-8910-c5bddf2ba545,118,61116370,61166612,ACCEPTED,,61166632,ok,50.262
bot-006,01a0d83b-1de9-752b-a6d4-935765e2407e,0,1147412,1165934,ACCEPTED,,1165939,ok,18.527
bot-006,01a0d83b-1feb-74c4-b3b8-4881fe5e730d,1,1661663,1666078,ACCEPTED,,1666088,ok,4.425
bot-006,01a0d83b-21e3-73f8-b6e7-3571846efc16,2,2166195,2216509,ACCEPTED,,2216517,ok,50.322
bot-006,01a0d83b-23d8-70c2-9066-728066a81f83,3,2666328,2716291,ACCEPTED,,2716298,ok,49.970
bot-006,01a0d83b-25d5-70d6-a750-20f98b18ebe1,4,3176045,3216287,ACCEPTED,,3216299,ok,40.254
bot-006,01a0d83b-27d8-75e3-8025-21b02c1e9b56,5,3691158,3716546,ACCEPTED,,3716550,ok,25.392
bot-006,01a0d83b-29db-773f-b0b7-191c2178808d,6,4206104,4216272,ACCEPTED,,4216282,ok,10.178
bot-006,01a0d83b-2bda-76a1-b016-c078e80f66f6,7,4716291,4766468,ACCEPTED,,4766472,ok,50.181
bot-006,01a0d83b-2dcf-7255-8976-a27680b48241,8,5217564,5266156,ACCEPTED,,5266169,ok,48.605
bot-006,01a0d83b-2fc4-71bd-8130-41812e5d2d19,9,5718383,5766516,ACCEPTED,,5766527,ok,48.144
bot-006,01a0d83b-31be-733a-9cef-6fffd1097582,10,6224382,6266292,ACCEPTED,,6266300,ok,41.918
bot-006,01a0d83b-33b6-76f8-b34d-23723537b83c,11,6728826,6766413,ACCEPTED,,6766425,ok,37.599
bot-006,01a0d83b-35ad-7205-91ba-2026b3326949,12,7231670,7266360,ACCEPTED,,7266365,ok,34.695
bot-006,01a0d83b-37ac-77b0-ab34-a759f5cc0ad9,13,7743094,7766509,ACCEPTED,,7766518,ok,23.424
bot-006,01a0d83b-39a1-73f9-ab5d-b572c090e852,14,8244033,8266525,ACCEPTED,,8266537,ok,22.504
bot-006,01a0d83b-3b97-7514-98fc-cc2fb6605f2d,15,8745791,8766453,ACCEPTED,,8766463,ok,20.672
bot-006,01a0d83b-3d8f-7493-a776-0ba2b061e9b7,16,9249692,9266191,ACCEPTED,,9266200,ok,16.508
bot-006,01a0d83b-3f89-71ef-8747-04d891d678d8,17,9755750,9766394,ACCEPTED,,9766399,ok,10.649
bot-006,01a0d83b-4183-7469-832f-c8e72d2b725c,18,10261980,10266224,ACCEPTED,,10266242,ok,4.262
bot-006,01a0d83b-437b-70a8-ae57-b815cf726539,19,10766033,10816956,ACCEPTED,,10816968,ok,50.935
bot-006,01a0d83b-4570-7641-9a3d-edbd0c6df2a2,20,11266391,11316207,ACCEPTED,,11316225,ok,49.834
bot-006,01a0d83b-4766-7763-8fad-e71afbbf43da,21,11768630,11816628,ACCEPTED,,11816638,ok,48.008
bot-006,01a0d83b-4960-7247-abcd-b74313b8df65,22,12274889,12316822,ACCEPTED,,12316828,ok,41.939
bot-006,01a0d83b-4b5b-7372-af91-b843a122911c,23,12781361,12816297,ACCEPTED,,12816302,ok,34.941
bot-006,01a0d83b-4d5f-74fb-882a-dce72b470afa,24,13298098,13315996,ACCEPTED,,13316007,ok,17.909
bot-006,01a0d83b-4f5d-7033-8b5c-61a77a31fc3a,25,13807850,13816915,ACCEPTED,,13816920,ok,9.070
bot-006,01a0d83b-5155-743a-a118-5f892b1dcbdf,26,14311615,14316452,ACCEPTED,,14316469,ok,4.854
bot-006,01a0d83b-534d-711d-ba8b-2f2a6ba16d06,27,14816133,14866565,ACCEPTED,,14866581,ok,50.448
bot-006,01a0d83b-5542-7614-ba99-e34c9d0bf998,28,15316770,15366457,ACCEPTED,,15366471,ok,49.701
bot-006,01a0d83b-5737-7415-bcf9-5029d5e95745,29,15817556,15866307,ACCEPTED,,15866312,ok,48.756
bot-006,01a0d83b-5935-7375-84a7-4be1d4fb4ea8,30,16327476,16366447,ACCEPTED,,16366455,ok,38.979
bot-006,01a0d83b-5b2b-7753-b3bf-cf78572f33c2,31,16830214,16866425,ACCEPTED,,16866429,ok,36.215
bot-006,01a0d83b-5d2f-7496-b1e8-bcff796aeca9,32,17345322,17366506,ACCEPTED,,17366518,ok,21.196
bot-006,01a0d83b-5f2c-708a-815b-50288f5628f3,33,17854396,17866070,ACCEPTED,,17866081,ok,11.685
bot-006,01a0d83b-6126-71c7-aa8a-725ae0988997,34,18360667,18366210,ACCEPTED,,18366229,ok,5.562
bot-006,01a0d83b-6320-750a-8818-ebf6c06d547e,35,18866360,18916595,ACCEPTED,,18916614,ok,50.254
bot-006,01a0d83b-651a-757a-a934-f56be033702c,36,19372963,19416234,ACCEPTED,,19416244,ok,43.281
bot-006,01a0d83b-6714-7737-9420-53d27732a19d,37,19879104,19916632,ACCEPTED,,19916649,ok,37.545
bot-006,01a0d83b-6910-77e0-8ad8-86bf814a6432,38,20387189,20416683,ACCEPTED,,20416693,ok,29.504
bot-006,01a0d83b-6b08-774c-aea0-2d9e64543b2c,39,20891104,20916391,ACCEPTED,,20916400,ok,25.296
bot-006,01a0d83b-6cff-75aa-ac75-e1d2e4f6023d,40,21394119,21416396,ACCEPTED,,21416409,ok,22.290
bot-006,01a0d83b-6ef9-719f-983f-0f6b987565bb,41,21900169,21916177,ACCEPTED,,21916182,ok,16.013
bot-006,01a0d83b-70ee-778b-8ead-9d2bbe1eb451,42,22400602,22416772,ACCEPTED,,22416778,ok,16.176
bot-006,01a0d83b-72ee-76e5-9e09-4bd94f9265db,43,22913069,22917227,ACCEPTED,,22917232,ok,4.163
bot-006,01a0d83b-74e5-7305-ac5c-4190f3e4aa78,44,23416082,23466424,ACCEPTED,,23466444,ok,50.362
bot-006,01a0d83b-76da-77d3-947f-9d96e9594a82,45,23916720,23966090,ACCEPTED,,23966099,ok,49.379
bot-006,01a0d83b-78da-717e-9241-737a42fee0f8,46,24428606,24466310,ACCEPTED,,24466316,ok,37.710
bot-006,01a0d83b-7ad3-7297-aaed-fceb3be860e4,47,24933655,24966310,ACCEPTED,,24966318,ok,32.663
bot-006,01a0d83b-7cd1-74ab-bf0f-c26c29085c15,48,25443588,25466272,ACCEPTED,,25466279,ok,22.691
bot-006,01a0d83b-7ece-7265-acc0-8cb3748f4780,49,25952875,25966612,ACCEPTED,,25966617,ok,13.742
bot-006,01a0d83b-80c4-736e-8b9e-93ea929f6c79,50,26454664,26466303,ACCEPTED,,26466316,ok,11.652
bot-006,01a0d83b-82c4-7330-889a-0eccb2629e80,51,26966285,27016568,ACCEPTED,,27016587,ok,50.302
bot-006,01a0d83b-84bf-7669-bb44-26ca0aca061b,52,27473955,27516310,ACCEPTED,,27516325,ok,42.370
bot-006,01a0d83b-86c3-71ed-a6b4-9f3717501ded,53,27989468,28016123,ACCEPTED,,28016127,ok,26.659
bot-006,01a0d83b-88be-7202-badd-a0fcee0f874a,54,28496480,28516162,ACCEPTED,,28516184,ok,19.704
bot-006,01a0d83b-8ab7-75a7-9d71-523a2d9f1f74,55,29001783,29016236,ACCEPTED,,29016257,ok,14.474
bot-006,01a0d83b-8cb1-7517-98c0-43668f1d8dc6,56,29508057,29516477,ACCEPTED,,29516482,ok,8.425
bot-006,01a0d83b-8ead-77f8-9427-06f28400f41d,57,30016189,30066296,ACCEPTED,,30066305,ok,50.116
bot-006,01a0d83b-90a2-7796-b34d-3805a21194a8,58,30516844,30566533,ACCEPTED,,30566570,ok,49.726
bot-006,01a0d83b-9297-7777-808c-2604fdd7e9a0,59,31017352,31066260,ACCEPTED,,31066272,ok,48.920
bot-006,01a0d83b-948c-77bf-a298-fbe693e967d4,60,31518346,31566319,ACCEPTED,,31566340,ok,47.994
bot-006,01a0d83b-9688-713c-9e5c-7191ea6a0d1b,61,32026832,32066404,ACCEPTED,,32066419,ok,39.587
bot-006,01a0d83b-9882-7752-9db7-d8affdf99755,62,32532884,32566210,ACCEPTED,,32566223,ok,33.339
bot-006,01a0d83b-9a78-7189-845c-a8b9456f722f,63,33034715,33066350,ACCEPTED,,33066357,ok,31.642
bot-006,01a0d83b-9c77-71c2-b1ae-da4bb77adc10,64,33545321,33566474,ACCEPTED,,33566483,ok,21.162
bot-006,01a0d83b-9e71-726c-aa4e-6a89084800c0,65,34051578,34066530,ACCEPTED,,34066636,ok,15.058
bot-006,01a0d83b-a073-737a-8b45-d42874b01db3,66,34566126,34616393,ACCEPTED,,34616404,ok,50.278
bot-006,01a0d83b-a268-75e2-a104-aebfb65f837a,67,35066326,35116140,ACCEPTED,,35116151,ok,49.825
bot-006,01a0d83b-a466-7055-b5c0-4da1cc0ef323,68,35576988,35616499,ACCEPTED,,35616518,ok,39.530
bot-006,01a0d83b-a665-762a-9270-acfcfc470834,69,36088158,36116313,ACCEPTED,,36116318,ok,28.160
bot-006,01a0d83b-a860-7704-87a8-1455406117f1,70,36594360,36616106,ACCEPTED,,36616116,ok,21.756
bot-006,01a0d83b-aa5a-71c6-acb1-d86509cfbbb8,71,37100370,37117139,ACCEPTED,,37117144,ok,16.774
bot-006,01a0d83b-ac4f-70b7-be52-f7f1db0ed888,72,37602252,37616322,ACCEPTED,,37616332,ok,14.080
bot-006,01a0d83b-ae4e-71d7-bec5-52777de6f89e,73,38113036,38116451,ACCEPTED,,38116461,ok,3.425
bot-006,01a0d83b-b045-777d-b967-47d8f59420ca,74,38616218,38666546,ACCEPTED,,38666560,ok,50.342
bot-006,01a0d83b-b23a-767a-bc75-968ce24cf44c,75,39116375,39166080,ACCEPTED,,39166095,ok,49.720
bot-006,01a0d83b-b431-772c-9511-44e8eb7cb532,76,39619292,39666489,ACCEPTED,,39666500,ok,47.208
bot-006,01a0d83b-b62b-77df-8d3b-bff684a79f1c,77,40125445,40166410,ACCEPTED,,40166427,ok,40.982
bot-006,01a0d83b-b820-719a-87cc-02d8a3a5989f,78,40626788,40666485,ACCEPTED,,40666488,ok,39.700
bot-006,01a0d83b-ba1c-7342-bb10-f2c7a43a7ce3,79,41134341,41166536,ACCEPTED,,41166540,ok,32.199
bot-006,01a0d83b-bc1c-77bb-a7c4-a1463f1272b5,80,41646693,41666242,ACCEPTED,,41666250,ok,19.557
bot-006,01a0d83b-be17-71ec-89d5-e19263fb1250,81,42154125,42166608,ACCEPTED,,42166614,ok,12.489
bot-006,01a0d83b-c00e-73c4-a632-b848118ad1e1,82,42656360,42666143,ACCEPTED,,42666153,ok,9.793
bot-006,01a0d83b-c208-7365-bc64-0a1b406ec6a6,83,43162615,43166299,ACCEPTED,,43166303,ok,3.688
bot-006,01a0d83b-c3ff-73a8-8df3-7453d0ae9896,84,43666032,43716446,ACCEPTED,,43716457,ok,50.425
bot-006,01a0d83b-c5f5-740c-aa1a-ba620d13a73d,85,44168091,44216186,ACCEPTED,,44216191,ok,48.100
bot-006,01a0d83b-c7eb-73a0-a0e8-6de8f1170202,86,44669343,44717178,ACCEPTED,,44717183,ok,47.840
bot-006,01a0d83b-c9ea-70cc-97fd-94a0fd4706f3,87,45180383,45216403,ACCEPTED,,45216407,ok,36.024
bot-006,01a0d83b-cbe5-7423-96f9-ff81211bb0e0,88,45687405,45716105,ACCEPTED,,45716116,ok,28.711
bot-006,01a0d83b-cde3-74c1-8a52-ac92fa1f2a27,89,46197865,46217185,ACCEPTED,,46217189,ok,19.324
bot-006,01a0d83b-cfe1-7719-8e39-19ce0c0f3869,90,46708183,46716202,ACCEPTED,,46716208,ok,8.025
bot-006,01a0d83b-d1de-7339-9d08-4ffab446be53,91,47216492,47266404,ACCEPTED,,47266442,ok,49.950
bot-006,01a0d83b-d3d3-76a3-bc4e-8ab6ab46602b,92,47717342,47766037,ACCEPTED,,47766041,ok,48.699
bot-006,01a0d83b-d5c9-75c9-aca2-6a44dac0c9b9,93,48219608,48266262,ACCEPTED,,48266274,ok,46.666
bot-006,01a0d83b-d7c8-714b-928c-3d252ca89e1c,94,48730587,48766472,ACCEPTED,,48766476,ok,35.889
bot-006,01a0d83b-d9c8-73cd-a757-6e6e2cc26581,95,49242924,49266456,ACCEPTED,,49266460,ok,23.536
bot-006,01a0d83b-dbc3-772d-a8a9-d2e6ed27f94c,96,49749692,49766292,ACCEPTED,,49766298,ok,16.606
bot-006,01a0d83b-ddc2-77fc-940a-dcc65a4143a2,97,50260580,50266642,ACCEPTED,,50266645,ok,6.065
bot-006,01a0d83b-dfbc-77c8-9e48-ec0f47b882b3,98,50767004,50816758,ACCEPTED,,50816762,ok,49.758
bot-006,01a0d83b-e1b6-742e-8a83-a81b5aee3a14,99,51273080,51317446,ACCEPTED,,51317451,ok,44.371
bot-006,01a0d83b-e3b0-72bc-982f-798622bcfd59,100,51779134,51817032,ACCEPTED,,51817045,ok,37.911
bot-006,01a0d83b-e5ab-757f-9d31-59d75e98aba2,101,52285604,52317189,ACCEPTED,,52317194,ok,31.590
bot-006,01a0d83b-e7a5-7231-97ba-246bed2284d8,102,52791750,52816734,ACCEPTED,,52816738,ok,24.988
bot-006,01a0d83b-e9be-75f1-99f1-566e1d097680,103,53328285,53368584,ACCEPTED,,53368588,ok,40.303
bot-006,01a0d83b-ebb7-7379-97c3-df757a24fe4c,104,53834231,53866506,ACCEPTED,,53866512,ok,32.281
bot-006,01a0d83b-edb3-74d1-a72f-22bf8fec8e97,105,54341749,54366161,ACCEPTED,,54366171,ok,24.422
bot-006,01a0d83b-efad-7420-82a1-8e755938c829,106,54847969,54866188,ACCEPTED,,54866206,ok,18.237
bot-006,01a0d83b-f1a7-7530-8974-0d5b75638517,107,55354145,55366393,ACCEPTED,,55366404,ok,12.259
bot-006,01a0d83b-f3a5-7073-b6d3-812f8aa5ac57,108,55864102,55866155,ACCEPTED,,55866159,ok,2.057
bot-006,01a0d83b-f59f-74a0-a036-d96391fba1b5,109,56370163,56417177,ACCEPTED,,56417187,ok,47.024
bot-006,01a0d83b-f79b-763e-b6cc-e3e7b0d6d02c,110,56877256,56916389,ACCEPTED,,56916398,ok,39.142
bot-006,01a0d83b-f99f-777e-a645-d10fa208ba3e,111,57394078,57416609,ACCEPTED,,57416618,ok,22.540
bot-006,01a0d83b-fb9a-7468-831f-e2bdc40223fd,112,57900289,57916440,ACCEPTED,,57916458,ok,16.169
bot-006,01a0d83b-fd9b-76e2-8572-af024ba26e17,113,58413964,58416175,ACCEPTED,,58416182,ok,2.218
bot-006,01a0d83b-ff92-7674-a2ea-34d58cbc41c0,114,58916923,58966525,ACCEPTED,,58966532,ok,49.609
bot-006,01a0d83c-0187-7189-b7f0-52e5fa3e63a0,115,59417470,59466224,ACCEPTED,,59466228,ok,48.758
bot-006,01a0d83c-037f-7413-baf4-1a205a869784,116,59921569,59966253,ACCEPTED,,59966272,ok,44.703
bot-006,01a0d83c-0584-7743-81ea-81a3b3a4bb5e,117,60439023,60466367,ACCEPTED,,60466374,ok,27.351
bot-006,01a0d83c-077e-772f-8665-89dcb9392b55,118,60944684,60966306,ACCEPTED,,60966313,ok,21.629
bot-007,01a0d83b-1f10-7379-a39c-5edf11d0d279,0,1442514,1466497,ACCEPTED,,1466511,ok,23.997
bot-007,01a0d83b-2105-7636-9604-04365e00d3d3,1,1944089,1966026,ACCEPTED,,1966034,ok,21.945
bot-007,01a0d83b-2304-7726-bb95-27f074aec295,2,2455195,2466277,ACCEPTED,,2466280,ok,11.085
bot-007,01a0d83b-24fa-7781-b449-b8412dc6eca0,3,2956563,2966301,ACCEPTED,,2966326,ok,9.763
bot-007,01a0d83b-26fc-725e-a7ec-f8c0d7a8413c,4,3471204,3516408,ACCEPTED,,3516417,ok,45.213
bot-007,01a0d83b-28fd-7202-af4e-25c1c5e81598,5,3984028,4016332,ACCEPTED,,4016336,ok,32.308
bot-007,01a0d83b-2afb-75d8-b497-9874cc17d0e2,6,4493920,4516046,ACCEPTED,,4516057,ok,22.137
bot-007,01a0d83b-2cf0-75af-b134-31762428db94,7,4995211,5019361,ACCEPTED,,5019366,ok,24.155
bot-007,01a0d83b-2ef0-756f-b994-0a1633e3f3cb,8,5506322,5516292,ACCEPTED,,5516302,ok,9.980
bot-007,01a0d83b-30ea-7225-b8f1-a63c7d34496e,9,6012743,6016379,ACCEPTED,,6016397,ok,3.654
bot-007,01a0d83b-32e2-7369-aea2-27de85b5c488,10,6516656,6566514,ACCEPTED,,6566533,ok,49.877
bot-007,01a0d83b-34dc-77ff-bab9-3701a276c227,11,7022627,7066198,ACCEPTED,,7066206,ok,43.579
bot-007,01a0d83b-36d1-71de-b82e-61df96c26668,12,7524196,7566453,ACCEPTED,,7566460,ok,42.264
bot-007,01a0d83b-38d0-759a-87b9-0e13eb6f94c4,13,8034632,8066336,ACCEPTED,,8066341,ok,31.709
bot-007,01a0d83b-3aca-74b1-8c98-bb0d2617696a,14,8540833,8566543,ACCEPTED,,8566557,ok,25.724
bot-007,01a0d83b-3cc8-7773-8b79-369ebb889919,15,9050334,9066187,ACCEPTED,,9066198,ok,15.864
bot-007,01a0d83b-3ec1-76c9-8e33-0e07948159a5,16,9555827,9566377,ACCEPTED,,9566382,ok,10.555
bot-007,01a0d83b-40bb-7760-8f1e-cba079f698a5,17,10061911,10066388,ACCEPTED,,10066400,ok,4.489
bot-007,01a0d83b-42b5-73b8-a1e0-0c92ed3a68f8,18,10568120,10616411,ACCEPTED,,10616422,ok,48.302
bot-007,01a0d83b-44ab-7538-8571-b7c2e6ee8653,19,11070111,11116491,ACCEPTED,,11116499,ok,46.388
bot-007,01a0d83b-46a3-723c-92da-a945c89e1656,20,11574058,11616251,ACCEPTED,,11616270,ok,42.212
bot-007,01a0d83b-48a0-715c-abce-6b17b0fc7bc4,21,12082352,12116545,ACCEPTED,,12116557,ok,34.205
bot-007,01a0d83b-4a96-77e6-9a07-2c117b3f95ad,22,12584881,12616382,ACCEPTED,,12616400,ok,31.519
bot-007,01a0d83b-4c8c-71de-af38-a9ca5b2fda56,23,13087060,13116382,ACCEPTED,,13116389,ok,29.329
bot-007,01a0d83b-4e90-76c4-bc6d-2868da5691b2,24,13603154,13616494,ACCEPTED,,13616499,ok,13.345
bot-007,01a0d83b-508c-71cf-92d3-70ac4479e2a8,25,14111216,14116077,ACCEPTED,,14116080,ok,4.864
bot-007,01a0d83b-5286-7581-bcf8-2eb009fc4e2e,26,14616309,14666651,ACCEPTED,,14666660,ok,50.351
bot-007,01a0d83b-547b-73e6-96ad-afc688fc78eb,27,15117333,15166419,ACCEPTED,,15166432,ok,49.099
bot-007,01a0d83b-567d-7095-b21b-4f7d1ffdf8c9,28,15631929,15666308,ACCEPTED,,15666321,ok,34.392
bot-007,01a0d83b-5875-77d6-a815-dcc66a1f3df2,29,16135868,16166535,ACCEPTED,,16166543,ok,30.675
bot-007,01a0d83b-5a70-77ac-9424-13e3b9d85221,30,16642324,16666497,ACCEPTED,,16666508,ok,24.184
bot-007,01a0d83b-5c6a-7551-96a5-0d7005ad40b2,31,17148263,17166238,ACCEPTED,,17166251,ok,17.988
bot-007,01a0d83b-5e64-72eb-80a9-3338df16cce7,32,17654419,17666048,ACCEPTED,,17666067,ok,11.648
bot-007,01a0d83b-605e-7197-b441-8f8698f040ab,33,18160545,18166559,ACCEPTED,,18166567,ok,6.022
bot-007,01a0d83b-6258-74ac-a404-a90346751333,34,18666852,18720185,ACCEPTED,,18720189,ok,53.337
bot-007,01a0d83b-6454-77fe-9c13-f9d4cb77c3ff,35,19174743,19216115,ACCEPTED,,19216128,ok,41.385
bot-007,01a0d83b-664c-73df-8f47-1e5fd2f7a82f,36,19678856,19716755,ACCEPTED,,19716760,ok,37.904
bot-007,01a0d83b-6846-75a8-9a69-f1116cdd7245,37,20185202,20216218,ACCEPTED,,20216239,ok,31.037
bot-007,01a0d83b-6a41-727c-a399-b894cb26752b,38,20691513,20716256,ACCEPTED,,20716260,ok,24.747
bot-007,01a0d83b-6c42-7038-bba5-30c2448b9f49,39,21205190,21216474,ACCEPTED,,21216481,ok,11.291
bot-007,01a0d83b-6e41-7156-8b22-afd7538114b9,40,21715723,21717132,ACCEPTED,,21717137,ok,1.414
bot-007,01a0d83b-7036-7755-aa0c-73c6e11b64a7,41,22216732,22266380,ACCEPTED,,22266393,ok,49.661
bot-007,01a0d83b-722d-77a5-9a96-b9ccabdd063c,42,22720233,22766158,ACCEPTED,,22766167,ok,45.934
bot-007,01a0d83b-742c-761c-b2a8-153dde81a5f2,43,23230674,23266183,ACCEPTED,,23266192,ok,35.518
bot-007,01a0d83b-7625-77ec-b5c8-dea8b619122d,44,23736157,23766077,ACCEPTED,,23766087,ok,29.930
bot-007,01a0d83b-7821-7173-a2fc-37ae20779d73,45,24243534,24266115,ACCEPTED,,24266126,ok,22.592
bot-007,01a0d83b-7a18-7263-b0d0-f19460f05b59,46,24747220,24766378,ACCEPTED,,24766381,ok,19.161
bot-007,01a0d83b-7c14-70f8-81ba-ccd60536931d,47,25254729,25266235,ACCEPTED,,25266238,ok,11.509
bot-007,01a0d83b-7e0f-727c-8650-7aac9d260f60,48,25761508,25766335,ACCEPTED,,25766342,ok,4.834
bot-007,01a0d83b-8008-72d4-bd24-d0bb2c43e01c,49,26267016,26316683,ACCEPTED,,26316690,ok,49.674
bot-007,01a0d83b-8200-74b1-ab4a-777afe775a50,50,26771048,26816690,ACCEPTED,,26816699,ok,45.651
bot-007,01a0d83b-8403-761e-a5cb-b1a16930a9c7,51,27285474,27316535,ACCEPTED,,27316547,ok,31.073
bot-007,01a0d83b-8601-74ee-aed8-e716165ad7b4,52,27795319,27816280,ACCEPTED,,27816288,ok,20.969
bot-007,01a0d83b-87fa-71c3-b8be-949edbf1185d,53,28300373,28320209,ACCEPTED,,28320222,ok,19.849
bot-007,01a0d83b-89ef-726c-a024-3dbce75df54f,54,28801572,28816367,ACCEPTED,,28816372,ok,14.800
bot-007,01a0d83b-8bed-7145-9c7c-42b3d18a3a44,55,29311756,29316426,ACCEPTED,,29316437,ok,4.681
bot-007,01a0d83b-8de3-7661-b0cf-67fcae552b83,56,29814185,29816276,ACCEPTED,,29816302,ok,2.117
bot-007,01a0d83b-8fda-75d1-bc36-7cb5b8f7f934,57,30316536,30366147,ACCEPTED,,30366163,ok,49.627
bot-007,01a0d83b-91cf-751f-af14-0f7abb813ad7,58,30817540,30866401,ACCEPTED,,30866419,ok,48.879
bot-007,01a0d83b-93c6-75e2-bb72-fa540394c155,59,31320621,31366379,ACCEPTED,,31366390,ok,45.769
bot-007,01a0d83b-95c3-70bc-9e97-605b10f9fbde,60,31830061,31866026,ACCEPTED,,31866046,ok,35.985
bot-007,01a0d83b-97ba-7274-9dff-73c047485122,61,32333016,32366456,ACCEPTED,,32366467,ok,33.451
bot-007,01a0d83b-99b6-7018-9a59-9b8db5bc7073,62,32840801,32866244,ACCEPTED,,32866247,ok,25.446
bot-007,01a0d83b-9baf-73f3-ae9c-1fab60e042cc,63,33345426,33366365,ACCEPTED,,33366367,ok,20.941
bot-007,01a0d83b-9dab-7645-ad47-b3e467db88e9,64,33854041,33866190,ACCEPTED,,33866197,ok,12.156
bot-007,01a0d83b-9fa3-7675-a722-c337cbcd4d52,65,34357645,34366147,ACCEPTED,,34366158,ok,8.513
bot-007,01a0d83b-a19d-763e-bde1-c6035ff6fcb0,66,34863754,34866080,ACCEPTED,,34866085,ok,2.331
bot-007,01a0d83b-a394-74c2-ac87-13f7c0d721d3,67,35367132,35416038,ACCEPTED,,35416052,ok,48.920
bot-007,01a0d83b-a594-77e1-b153-445154be72f2,68,35878984,35916461,ACCEPTED,,35916474,ok,37.490
bot-007,01a0d83b-a78c-77ec-9a23-73e5b4d2a709,69,36382287,36416481,ACCEPTED,,36416487,ok,34.200
bot-007,01a0d83b-a986-7079-9f57-2b957867f8b3,70,36888499,36916330,ACCEPTED,,36916336,ok,27.837
bot-007,01a0d83b-ab7e-72be-a9ce-cddd43fd36ab,71,37392417,37417031,ACCEPTED,,37417036,ok,24.619
bot-007,01a0d83b-ad73-73e7-872b-2be3e7c32aee,72,37893805,37916346,ACCEPTED,,37916361,ok,22.556
bot-007,01a0d83b-af6a-735a-9cdd-abfd0e9232e9,73,38396417,38416487,ACCEPTED,,38416493,ok,20.076
bot-007,01a0d83b-b168-76b0-b07c-87ad87aea46b,74,38906368,38916276,ACCEPTED,,38916288,ok,9.920
bot-007,01a0d83b-b366-7324-8c38-38550b140baf,75,39416761,39466227,ACCEPTED,,39466235,ok,49.474
bot-007,01a0d83b-b561-7333-afba-1b6a8bc626cd,76,39923494,39966245,ACCEPTED,,39966259,ok,42.765
bot-007,01a0d83b-b75a-7542-8633-8ef0ec4f7061,77,40429110,40466411,ACCEPTED,,40466416,ok,37.306
bot-007,01a0d83b-b951-764b-ac85-9735bec645da,78,40932243,40966003,ACCEPTED,,40966015,ok,33.772
bot-007,01a0d83b-bb51-7358-9944-e3d3daba261a,79,41444003,41466220,ACCEPTED,,41466225,ok,22.222
bot-007,01a0d83b-bd4b-76d3-aa9c-fe1fa6829f35,80,41950176,41966506,ACCEPTED,,41966525,ok,16.349
bot-007,01a0d83b-bf46-7201-a80e-0b088a75f9a6,81,42456344,42466192,ACCEPTED,,42466212,ok,9.868
bot-007,01a0d83b-c140-7398-a519-19e24b67fb2f,82,42962495,42966155,ACCEPTED,,42966162,ok,3.667
bot-007,01a0d83b-c338-73a3-81f3-28d9510325a8,83,43466333,43516560,ACCEPTED,,43516565,ok,50.232
bot-007,01a0d83b-c540-70ca-8937-f62799be85be,84,43986387,44016556,ACCEPTED,,44016567,ok,30.180
bot-007,01a0d83b-c737-74e7-a492-c1dae32f9b39,85,44489681,44516591,ACCEPTED,,44516600,ok,26.919
bot-007,01a0d83b-c934-7518-951d-028c307e3faa,86,44998913,45016619,ACCEPTED,,45016631,ok,17.718
bot-007,01a0d83b-cb2e-760b-b858-7c8bae8cf473,87,45505152,45516212,ACCEPTED,,45516235,ok,11.083
bot-007,01a0d83b-cd28-77e6-8ca9-01363df7b060,88,46010336,46016429,ACCEPTED,,46016441,ok,6.105
bot-007,01a0d83b-cf22-7657-ac90-6ed069275563,89,46516397,46566790,ACCEPTED,,46566798,ok,50.401
bot-007,01a0d83b-d11d-74cf-ad27-bdd2c50774e2,90,47023617,47066376,ACCEPTED,,47066390,ok,42.773
bot-007,01a0d83b-d31e-72d6-8c8f-ae3d5272c477,91,47536373,47566413,ACCEPTED,,47566418,ok,30.045
bot-007,01a0d83b-d514-75a2-b5c4-e12ee0dce7ea,92,48038524,48066067,ACCEPTED,,48066072,ok,27.548
bot-007,01a0d83b-d70b-7721-b247-e77fc14d8acd,93,48542044,48566508,ACCEPTED,,48566514,ok,24.470
bot-007,01a0d83b-d906-774e-ac1b-2e4c859a17cf,94,49048336,49066545,ACCEPTED,,49066557,ok,18.221
bot-007,01a0d83b-dafb-72b9-87aa-ccbf4f675cb8,95,49550202,49566162,ACCEPTED,,49566174,ok,15.972
bot-007,01a0d83b-dcfa-7192-8a90-1c49f0e5d7fc,96,50060561,50066252,ACCEPTED,,50066262,ok,5.701
bot-007,01a0d83b-def4-7737-9267-d612b0d342a6,97,50566443,50616506,ACCEPTED,,50616511,ok,50.068
bot-007,01a0d83b-e0eb-7500-a2e4-41b24e9fe4f4,98,51069923,51116107,ACCEPTED,,51116124,ok,46.201
bot-007,01a0d83b-e2e8-7087-911d-92e89614bec8,99,51579125,51616621,ACCEPTED,,51616626,ok,37.501
bot-007,01a0d83b-e4e4-7600-b0c2-59c14c905064,100,52086779,52116395,ACCEPTED,,52116416,ok,29.637
bot-007,01a0d83b-e6d9-7688-95e1-4689387a68fb,101,52587610,52620706,ACCEPTED,,52620712,ok,33.102
bot-007,01a0d83b-e8d2-7279-a7b3-5040f095582c,102,53092451,53118382,ACCEPTED,,53118385,ok,25.934
bot-007,01a0d83b-eacb-7531-83a5-44810a29c8b5,103,53597893,53618695,ACCEPTED,,53618701,ok,20.808
bot-007,01a0d83b-ecc5-75cd-a807-f4bfd9f34580,104,54104144,54116527,ACCEPTED,,54116532,ok,12.388
bot-007,01a0d83b-eec0-704b-94d4-ef9c156e2689,105,54610657,54616398,ACCEPTED,,54616402,ok,5.745
bot-007,01a0d83b-f0b5-7733-9d35-741858f12a78,106,55111963,55116631,ACCEPTED,,55116636,ok,4.673
bot-007,01a0d83b-f2ad-7078-b442-4f27be67bc40,107,55616039,55666405,ACCEPTED,,55666417,ok,50.378
bot-007,01a0d83b-f4a2-7318-8572-010e62ce4629,108,56116509,56166157,ACCEPTED,,56166173,ok,49.664
bot-007,01a0d83b-f697-77ec-9347-ab9bb05ff602,109,56617317,56666532,ACCEPTED,,56666540,ok,49.223
bot-007,01a0d83b-f890-7403-adfc-15a03e6f6ca6,110,57122886,57166459,ACCEPTED,,57166479,ok,43.593
bot-007,01a0d83b-fa90-732d-adcf-a21f24456949,111,57634338,57666299,ACCEPTED,,57666309,ok,31.971
bot-007,01a0d83b-fc8c-7241-9333-03e45e2ddf94,112,58142631,58166123,ACCEPTED,,58166129,ok,23.498
bot-007,01a0d83b-fe8b-7090-869d-1435b750b799,113,58653477,58666220,ACCEPTED,,58666228,ok,12.751
bot-007,01a0d83c-0085-722c-81bd-e6ec96561482,114,59159634,59166470,ACCEPTED,,59166482,ok,6.848
bot-007,01a0d83c-027a-7516-9f64-1f8a1412af10,115,59661037,59666435,ACCEPTED,,59666441,ok,5.404
bot-007,01a0d83c-0477-73d6-b6e0-82126103c54e,116,60169346,60216558,ACCEPTED,,60216568,ok,47.222
bot-007,01a0d83c-067b-7611-a03a-aa7b2c7dc233,117,60685822,60716450,ACCEPTED,,60716473,ok,30.651
bot-007,01a0d83c-0871-7017-a10f-7947aac02348,118,61188237,61216345,ACCEPTED,,61216366,ok,28.129
bot-008,01a0d83b-2083-7787-88af-3013fc32b164,0,1814207,1816405,ACCEPTED,,1816416,ok,2.209
bot-008,01a0d83b-227a-7279-af46-504326873383,1,2316323,2366187,ACCEPTED,,2366195,ok,49.872
bot-008,01a0d83b-2478-7620-8816-7a1db14a37f0,2,2826419,2866295,ACCEPTED,,2866301,ok,39.882
bot-008,01a0d83b-2672-73dd-a59c-06cbc6f5ec01,3,3333120,3366262,ACCEPTED,,3366280,ok,33.160
bot-008,01a0d83b-2868-7580-bfc8-2b4e28acfc54,4,3834771,3866160,ACCEPTED,,3866178,ok,31.407
bot-008,01a0d83b-2a6a-7126-b481-89d5548ad8ed,5,4348300,4366075,ACCEPTED,,4366082,ok,17.782
bot-008,01a0d83b-2c68-7375-a2d8-44778ad005ac,6,4859088,4866454,ACCEPTED,,4866458,ok,7.370
bot-008,01a0d83b-2e62-759f-9fae-5362f46f22dc,7,5365079,5366304,ACCEPTED,,5366313,ok,1.234
bot-008,01a0d83b-3057-70ed-85f9-f774c91d417f,8,5866048,5916450,ACCEPTED,,5916467,ok,50.419
bot-008,01a0d83b-324e-76df-bab4-223c5a94b0b6,9,6369041,6416628,ACCEPTED,,6416639,ok,47.598
bot-008,01a0d83b-3445-77b0-88cc-14600d7f282d,10,6871722,6916289,ACCEPTED,,6916297,ok,44.575
bot-008,01a0d83b-3648-7119-80e5-3ee692a9c7f9,11,7387022,7416430,ACCEPTED,,7416450,ok,29.428
bot-008,01a0d83b-3845-7726-96db-67e2d12a9ad5,12,7895811,7916227,ACCEPTED,,7916244,ok,20.433
bot-008,01a0d83b-3a3e-7545-bc63-91fd2638c184,13,8400859,8416091,ACCEPTED,,8416095,ok,15.236
bot-008,01a0d83b-3c39-7281-b9f3-c484bde645c2,14,8908213,8916319,ACCEPTED,,8916331,ok,8.118
bot-008,01a0d83b-3e34-77e0-86ac-e374c1fba315,15,9414338,9416518,ACCEPTED,,9416527,ok,2.189
bot-008,01a0d83b-402a-7570-b1ad-b426898a43b7,16,9916973,9966498,ACCEPTED,,9966507,ok,49.534
bot-008,01a0d83b-421f-713f-ab6e-4146d7d00fc2,17,10417799,10466334,ACCEPTED,,10466346,ok,48.547
bot-008,01a0d83b-4419-7401-a6d3-f22b28e3bc5c,18,10924004,10966418,ACCEPTED,,10966428,ok,42.424
bot-008,01a0d83b-4615-72cb-bf00-dd86ec450325,19,11431330,11466308,ACCEPTED,,11466326,ok,34.996
bot-008,01a0d83b-480b-777e-9fb1-842ef3b5737d,20,11933532,11966375,ACCEPTED,,11966385,ok,32.853
bot-008,01a0d83b-4a09-778f-830f-e7e4c53cabe3,21,12443901,12466051,ACCEPTED,,12466069,ok,22.168
bot-008,01a0d83b-4bff-7184-a225-0c7b188fd908,22,12945698,12966274,ACCEPTED,,12966289,ok,20.591
bot-008,01a0d83b-4df8-740b-bd41-5faafc2fccfe,23,13451108,13466483,ACCEPTED,,13466487,ok,15.379
bot-008,01a0d83b-4ff3-72e5-b5e9-893b96b2fd4d,24,13958219,13966474,ACCEPTED,,13966490,ok,8.271
bot-008,01a0d83b-51ed-7321-a62d-5005bdd103d9,25,14464208,14466325,ACCEPTED,,14466333,ok,2.125
bot-008,01a0d83b-53e8-77b8-8b91-0c291934ce6b,26,14970554,15016462,ACCEPTED,,15016473,ok,45.919
bot-008,01a0d83b-55eb-7754-b4ab-81a5ff1a0b17,27,15485969,15516661,ACCEPTED,,15516671,ok,30.702
bot-008,01a0d83b-57e0-719c-b8a7-d364fec39a99,28,15987181,16016216,ACCEPTED,,16016224,ok,29.043
bot-008,01a0d83b-59d6-75f7-a55a-a4740ee01a59,29,16488836,16516133,ACCEPTED,,16516146,ok,27.310
bot-008,01a0d83b-5bd4-7213-a17f-315388c44c24,30,16998620,17016201,ACCEPTED,,17016216,ok,17.596
bot-008,01a0d83b-5dcb-7475-ae9d-da7ac1d41608,31,17501360,17516515,ACCEPTED,,17516526,ok,15.166
bot-008,01a0d83b-5fc1-77b1-8970-ca405aaac8c1,32,18003621,18016395,ACCEPTED,,18016417,ok,12.796
bot-008,01a0d83b-61bd-7177-9efb-1a1affba4563,33,18511890,18516589,ACCEPTED,,18516597,ok,4.707
bot-008,01a0d83b-63b6-7414-99f6-0e23dac1a562,34,19016546,19066407,ACCEPTED,,19066413,ok,49.867
bot-008,01a0d83b-65b3-74b3-97f0-8d73f9e50906,35,19525844,19566407,ACCEPTED,,19566417,ok,40.573
bot-008,01a0d83b-67ad-70da-8f4f-ebf9139ea0b2,36,20032197,20066294,ACCEPTED,,20066312,ok,34.115
bot-008,01a0d83b-69a8-734f-8f63-4e2313fa48ad,37,20538265,20566530,ACCEPTED,,20566540,ok,28.275
bot-008,01a0d83b-6baa-75c0-9ad0-6bc34b6fe13c,38,21052580,21066446,ACCEPTED,,21066456,ok,13.876
bot-008,01a0d83b-6dac-743d-8c42-5659921f3e1a,39,21566995,21616195,ACCEPTED,,21616199,ok,49.204
bot-008,01a0d83b-6fa1-71b0-a185-57c7eed563af,40,22068159,22116146,ACCEPTED,,22116156,ok,47.997
bot-008,01a0d83b-719f-712f-b361-7ec62bbbd6b5,41,22578246,22616219,ACCEPTED,,22616231,ok,37.985
bot-008,01a0d83b-739b-70a4-9b2b-5162e0fa97ec,42,23085836,23116505,ACCEPTED,,23116513,ok,30.677
bot-008,01a0d83b-7598-767a-b887-78639cc88b74,43,23594574,23616346,ACCEPTED,,23616357,ok,21.783
bot-008,01a0d83b-7793-758a-8b00-9caa029a9899,44,24101342,24116229,ACCEPTED,,24116241,ok,14.899
bot-008,01a0d83b-7989-7648-8fdb-6a463ce09859,45,24603881,24616504,ACCEPTED,,24616508,ok,12.627
bot-008,01a0d83b-7b7f-75f8-9b01-e8aa317acd61,46,25105343,25116113,ACCEPTED,,25116122,ok,10.779
bot-008,01a0d83b-7d7d-718d-87b9-4af807436f8a,47,25616057,25666052,ACCEPTED,,25666060,ok,50.003
bot-008,01a0d83b-7f72-721d-8069-8e3380f4ed56,48,26116726,26166143,ACCEPTED,,26166153,ok,49.427
bot-008,01a0d83b-8171-74d8-be7e-e7bcaa10dfac,49,26627790,26666076,ACCEPTED,,26666086,ok,38.296
bot-008,01a0d83b-8367-776e-96ba-09b15b1c15b2,50,27129996,27166266,ACCEPTED,,27166278,ok,36.282
bot-008,01a0d83b-8561-758f-a2e5-70633c40b015,51,27636057,27666577,ACCEPTED,,27666583,ok,30.526
bot-008,01a0d83b-875c-703e-b38f-7ac39ff28c53,52,28142340,28166081,ACCEPTED,,28166093,ok,23.753
bot-008,01a0d83b-8956-749e-94ff-3730d162670e,53,28649226,28666457,ACCEPTED,,28666475,ok,17.249
bot-008,01a0d83b-8b50-7708-898d-ad82bb53a6bd,54,29155158,29166460,ACCEPTED,,29166469,ok,11.311
bot-008,01a0d83b-8d4c-779a-b0ce-abfb9a21efeb,55,29662462,29666420,ACCEPTED,,29666427,ok,3.965
bot-008,01a0d83b-8f44-76d6-95e0-a67f125ee3ff,56,30167231,30216679,ACCEPTED,,30216696,ok,49.465
bot-008,01a0d83b-9140-77a5-8155-38da5fb02650,57,30674410,30716401,ACCEPTED,,30716420,ok,42.010
bot-008,01a0d83b-933c-7033-935f-ad2c6e6aca2b,58,31182886,31217497,ACCEPTED,,31217501,ok,34.615
bot-008,01a0d83b-953c-7529-b80b-bbe9356ca210,59,31694271,31716249,ACCEPTED,,31716273,ok,22.002
bot-008,01a0d83b-973c-73c8-ad32-cf3af5939f3d,60,32206720,32216214,ACCEPTED,,32216231,ok,9.511
bot-008,01a0d83b-9937-74a4-b9a7-644840dc4e50,61,32713343,32716286,ACCEPTED,,32716304,ok,2.961
bot-008,01a0d83b-9b2e-7029-b4dc-a75e75b66e54,62,33216768,33266335,ACCEPTED,,33266343,ok,49.575
bot-008,01a0d83b-9d2e-7441-ace4-4233a9b768cc,63,33728860,33771071,ACCEPTED,,33771082,ok,42.222
bot-008,01a0d83b-9f27-77a8-8ac5-ff2c205f4919,64,34234170,34266461,ACCEPTED,,34266474,ok,32.304
bot-008,01a0d83b-a11e-754a-a798-fd89d5b47d18,65,34736890,34766312,ACCEPTED,,34766330,ok,29.440
bot-008,01a0d83b-a31b-7370-b74d-d0b092a660c3,66,35245277,35266537,ACCEPTED,,35266542,ok,21.265
bot-008,01a0d83b-a515-7254-aa4b-e5b41cb5cf63,67,35751321,35766299,ACCEPTED,,35766313,ok,14.992
bot-008,01a0d83b-a70a-7219-8804-d20cab7a51a2,68,36252988,36266373,ACCEPTED,,36266390,ok,13.402
bot-008,01a0d83b-a901-7200-a105-29ae30abcf8c,69,36755288,36766450,ACCEPTED,,36766478,ok,11.190
bot-008,01a0d83b-aafa-77c2-b204-8e105ee045a7,70,37260869,37266484,ACCEPTED,,37266498,ok,5.629
bot-008,01a0d83b-acf1-77a5-a649-bcd8d84f93a5,71,37763557,37766298,ACCEPTED,,37766304,ok,2.747
bot-008,01a0d83b-aeeb-75dc-8d04-3dd42e87d3fa,72,38269690,38316830,ACCEPTED,,38316839,ok,47.149
bot-008,01a0d83b-b0e1-7381-b121-d7cfa5443139,73,38771410,38816304,ACCEPTED,,38816314,ok,44.904
bot-008,01a0d83b-b2d8-74ae-920f-a63579ef8ec3,74,39274392,39316307,ACCEPTED,,39316316,ok,41.924
bot-008,01a0d83b-b4cf-73d0-8c7d-e34ba27ec229,75,39777306,39816987,ACCEPTED,,39816991,ok,39.685
bot-008,01a0d83b-b6c7-714e-83b6-e2e84afa915b,76,40281981,40316199,ACCEPTED,,40316218,ok,34.237
bot-008,01a0d83b-b8c1-7097-af0a-1869b8215aba,77,40788002,40816462,ACCEPTED,,40816474,ok,28.472
bot-008,01a0d83b-bab8-70a0-b8d5-60949007c87f,78,41290908,41316397,ACCEPTED,,41316405,ok,25.497
bot-008,01a0d83b-bcb3-702a-b4b4-8c5717db9478,79,41797287,41816522,ACCEPTED,,41816543,ok,19.256
bot-008,01a0d83b-beaf-774e-ae89-61c4db5bf574,80,42305423,42317353,ACCEPTED,,42317362,ok,11.939
bot-008,01a0d83b-c0a7-765c-92f1-9e301a5e6eb4,81,42809908,42816367,ACCEPTED,,42816379,ok,6.471
bot-008,01a0d83b-c2a1-74bf-aeda-9240c2c039e6,82,43315598,43316304,ACCEPTED,,43316309,ok,0.711
bot-008,01a0d83b-c496-774a-98ec-3024b00f2954,83,43816647,43866045,ACCEPTED,,43866065,ok,49.418
bot-008,01a0d83b-c68b-7684-8083-8ae611196779,84,44317843,44366247,ACCEPTED,,44366256,ok,48.413
bot-008,01a0d83b-c88f-7724-99bd-b7679b598420,85,44833963,44866423,ACCEPTED,,44866431,ok,32.468
bot-008,01a0d83b-ca93-7270-9217-ce318fbb46e3,86,45350242,45366601,ACCEPTED,,45366611,ok,16.369
bot-008,01a0d83b-cc8a-707c-9f90-80edf01c2627,87,45852363,45866294,ACCEPTED,,45866304,ok,13.941
bot-008,01a0d83b-ce86-7382-867e-d1da0b78f4cd,88,46361097,46366106,ACCEPTED,,46366121,ok,5.024
bot-008,01a0d83b-d07f-7351-a9f9-caf9db4f5e31,89,46866251,46916515,ACCEPTED,,46916522,ok,50.271
bot-008,01a0d83b-d27f-7474-9ce4-59bdd3a307f8,90,47378066,47416899,ACCEPTED,,47416905,ok,38.839
bot-008,01a0d83b-d479-7355-acaa-83f27b8010d5,91,47884096,47916690,ACCEPTED,,47916694,ok,32.598
bot-008,01a0d83b-d66f-74bc-8bb1-b2bdf42f9409,92,48385965,48416618,ACCEPTED,,48416631,ok,30.666
bot-008,01a0d83b-d868-7257-9fe4-82dbdb154c21,93,48890976,48916365,ACCEPTED,,48916375,ok,25.399
bot-008,01a0d83b-da5e-7699-a4fa-112abc46331b,94,49392564,49416713,ACCEPTED,,49416719,ok,24.155
bot-008,01a0d83b-dc55-73a5-aec5-41f24bff6762,95,49895903,49916969,ACCEPTED,,49916976,ok,21.073
bot-008,01a0d83b-de4f-760f-aec4-d793c44933f5,96,50402069,50425362,ACCEPTED,,50425383,ok,23.314
bot-008,01a0d83b-e04a-7083-a8dc-f9ddbfed8d05,97,50909090,50916821,ACCEPTED,,50916827,ok,7.737
bot-008,01a0d83b-e244-7377-bc11-defe665d93fe,98,51414519,51416441,ACCEPTED,,51416451,ok,1.932
bot-008,01a0d83b-e439-7326-8311-b6e6653b614d,99,51916228,51966274,ACCEPTED,,51966289,ok,50.061
bot-008,01a0d83b-e630-7732-befa-a84c1632f2c0,100,52419131,52423744,ACCEPTED,,52423755,ok,4.624
bot-008,01a0d83b-e825-7419-a362-da7642dd2c19,101,52919573,52966325,ACCEPTED,,52966334,ok,46.761
bot-008,01a0d83b-ea29-73bd-adff-8075a855ae74,102,53435552,53469920,ACCEPTED,,53469940,ok,34.388
bot-008,01a0d83b-ec26-7621-820c-9aa50f50a109,103,53945190,53966110,ACCEPTED,,53966129,ok,20.939
bot-008,01a0d83b-ee22-750b-8954-c43abf72b4db,104,54452686,54466356,ACCEPTED,,54466366,ok,13.680
bot-008,01a0d83b-f01c-77f7-bb4f-39f59027a652,105,54958826,54965992,ACCEPTED,,54966000,ok,7.174
bot-008,01a0d83b-f212-72d9-9c03-6a4f2d01193d,106,55460419,55466386,ACCEPTED,,55466396,ok,5.977
bot-008,01a0d83b-f413-718b-b21a-547e6c965aa1,107,55973991,56017021,ACCEPTED,,56017026,ok,43.035
bot-008,01a0d83b-f60a-77aa-b274-5dbd938d774a,108,56476524,56516444,ACCEPTED,,56516450,ok,39.926
bot-008,01a0d83b-f806-76fd-a235-2696e4c300f9,109,56984982,57016063,ACCEPTED,,57016085,ok,31.103
bot-008,01a0d83b-f9fd-7018-8e7c-11e4b201b548,110,57488196,57516108,ACCEPTED,,57516118,ok,27.922
bot-008,01a0d83b-fc03-724f-9acd-7b15a7f53011,111,58005632,58016282,ACCEPTED,,58016287,ok,10.655
bot-008,01a0d83b-fe02-77b6-9a87-45474dfbc85d,112,58516497,58566155,ACCEPTED,,58566173,ok,49.676
bot-008,01a0d83b-fff7-7101-91d2-dd659b19286e,113,59017375,59066458,ACCEPTED,,59066470,ok,49.095
bot-008,01a0d83c-01f1-7206-9fb7-120990efcebc,114,59523483,59566411,ACCEPTED,,59566420,ok,42.937
bot-008,01a0d83c-03f8-75b2-9536-fe8253359924,115,60043186,60066234,ACCEPTED,,60066251,ok,23.065
bot-008,01a0d83c-05f8-7223-879e-e3dfa47d9bec,116,60554637,60566435,ACCEPTED,,60566451,ok,11.814
bot-008,01a0d83c-07ed-71ab-bc3c-5878a2cf20fe,117,61055399,61066138,ACCEPTED,,61066149,ok,10.750
bot-008,01a0d83c-09e7-71fe-8c35-6f06977e4e68,118,61561318,61566241,ACCEPTED,,61566262,ok,4.944
bot-009,01a0d83b-2009-7598-b4fb-e72ecb6479c1,0,1691544,1717535,ACCEPTED,,1717551,ok,26.007
bot-009,01a0d83b-220c-75ca-bd99-cbda28ce7397,1,2206597,2216593,ACCEPTED,,2216603,ok,10.006
bot-009,01a0d83b-240a-7246-b431-6457f15f4a9b,2,2716279,2766534,ACCEPTED,,2766545,ok,50.266
bot-009,01a0d83b-2605-7395-af0e-a57687fe2346,3,3223468,3266152,ACCEPTED,,3266171,ok,42.703
bot-009,01a0d83b-2808-7254-a8dd-1e66ef06644f,4,3738964,3766072,ACCEPTED,,3766080,ok,27.116
bot-009,01a0d83b-2a0a-74a2-bca6-34bb555ee4c6,5,4253162,4266103,ACCEPTED,,4266120,ok,12.958
bot-009,01a0d83b-2c02-712e-af0b-3f93104021d9,6,4756971,4766428,ACCEPTED,,4766446,ok,9.475
bot-009,01a0d83b-2dfb-757b-9a46-e53ccab65463,7,5261703,5266231,ACCEPTED,,5266236,ok,4.533
bot-009,01a0d83b-2ff3-7788-8747-61a26a247dbc,8,5765383,5766572,ACCEPTED,,5766574,ok,1.191
bot-009,01a0d83b-31e8-7320-8b9a-e3b4fbed3a6b,9,6266339,6316336,ACCEPTED,,6316360,ok,50.021
bot-009,01a0d83b-33e6-70f9-be74-46eed8dfea93,10,6777207,6816265,ACCEPTED,,6816284,ok,39.077
bot-009,01a0d83b-35dc-7711-9641-7865ce5b8cf4,11,7278512,7316348,ACCEPTED,,7316367,ok,37.855
bot-009,01a0d83b-37db-703c-9bbe-9edf27d2e1f7,12,7789981,7816331,ACCEPTED,,7816341,ok,26.360
bot-009,01a0d83b-39d5-7308-a612-a952ba2c73df,13,8295971,8316247,ACCEPTED,,8316269,ok,20.298
bot-009,01a0d83b-3bcf-71e0-b381-d9005de96a3d,14,8802247,8816211,ACCEPTED,,8816230,ok,13.983
bot-009,01a0d83b-3dca-7780-aff6-2fb46129fd72,15,9308456,9316445,ACCEPTED,,9316456,ok,8.000
bot-009,01a0d83b-3fc4-7771-9de7-585196cb68e8,16,9814633,9816354,ACCEPTED,,9816365,ok,1.732
bot-009,01a0d83b-41b9-76c6-9d8c-204abfec8281,17,10316227,10366359,ACCEPTED,,10366375,ok,50.148
bot-009,01a0d83b-43ae-7282-bf4d-9e66a2c8c064,18,10816582,10866215,ACCEPTED,,10866235,ok,49.653
bot-009,01a0d83b-45a3-73b8-9858-db7fcde25d9f,19,11317331,11366318,ACCEPTED,,11366337,ok,49.006
bot-009,01a0d83b-479b-7406-b34d-6abb7b8696a9,20,11821972,11865953,ACCEPTED,,11865965,ok,43.993
bot-009,01a0d83b-499a-7289-ab41-7bcf5638f5eb,21,12332948,12366456,ACCEPTED,,12366470,ok,33.522
bot-009,01a0d83b-4b98-731a-a1ec-11e168c4405b,22,12842484,12866538,ACCEPTED,,12866552,ok,24.068
bot-009,01a0d83b-4d8f-761a-85f5-9e0d44922177,23,13345885,13366472,ACCEPTED,,13366490,ok,20.605
bot-009,01a0d83b-4f8a-70a2-a52e-09419f584860,24,13852318,13866168,ACCEPTED,,13866172,ok,13.854
bot-009,01a0d83b-5184-76e1-80c0-f0bd759b9b3d,25,14358606,14366278,ACCEPTED,,14366286,ok,7.680
bot-009,01a0d83b-537e-7489-8bb7-4c3e84d7cabe,26,14864423,14866612,ACCEPTED,,14866616,ok,2.193
bot-009,01a0d83b-5574-771c-a70c-e0bc7852d1e9,27,15366429,15416335,ACCEPTED,,15416347,ok,49.918
bot-009,01a0d83b-5775-717d-b51b-3e07ca420222,28,15880113,15916025,ACCEPTED,,15916038,ok,35.925
bot-009,01a0d83b-596c-7764-b036-7b451cfa728d,29,16383184,16416546,ACCEPTED,,16416567,ok,33.383
bot-009,01a0d83b-5b62-777e-9cbc-40eb939479b3,30,16884984,16915984,ACCEPTED,,16915998,ok,31.014
bot-009,01a0d83b-5d61-70ee-983f-dda414f6695e,31,17395282,17417004,ACCEPTED,,17417014,ok,21.732
bot-009,01a0d83b-5f5b-74c9-a61a-76976af2526f,32,17901420,17916523,ACCEPTED,,17916531,ok,15.111
bot-009,01a0d83b-6155-73ce-82e5-1901f421be59,33,18408151,18417326,ACCEPTED,,18417331,ok,9.180
bot-009,01a0d83b-634f-7781-b204-7b62425a421f,34,18913932,18916909,ACCEPTED,,18916918,ok,2.986
bot-009,01a0d83b-6545-72de-8079-3168638a9eb2,35,19416160,19466401,ACCEPTED,,19466416,ok,50.256
bot-009,01a0d83b-673a-7051-884a-894876b4cda4,36,19916622,19966213,ACCEPTED,,19966229,ok,49.607
bot-009,01a0d83b-692f-706a-a1e3-dabb22b4961f,37,20417425,20466377,ACCEPTED,,20466397,ok,48.972
bot-009,01a0d83b-6b2c-70c0-86fb-2828016d274a,38,20926462,20966201,ACCEPTED,,20966212,ok,39.750
bot-009,01a0d83b-6d2e-72c2-a273-a4ad35eaf0cf,39,21440283,21466274,ACCEPTED,,21466278,ok,25.995
bot-009,01a0d83b-6f29-75ed-ae3e-940638fcec9a,40,21947708,21973234,ACCEPTED,,21973239,ok,25.531
bot-009,01a0d83b-712c-733c-a0ac-a34498601dae,41,22463139,22466255,ACCEPTED,,22466265,ok,3.126
bot-009,01a0d83b-7324-72a2-ad08-90daaa79ffc1,42,22966255,23016417,ACCEPTED,,23016431,ok,50.176
bot-009,01a0d83b-7518-75e2-a5d9-4968afecca37,43,23466408,23516297,ACCEPTED,,23516306,ok,49.898
bot-009,01a0d83b-7713-76c7-b43d-fb46b5af4e55,44,23974237,24016781,ACCEPTED,,24016786,ok,42.549
bot-009,01a0d83b-790f-73e6-b72e-4c60a1d91e9a,45,24481521,24516438,ACCEPTED,,24516447,ok,34.926
bot-009,01a0d83b-7b05-7725-a7f7-d68a428e517d,46,24983678,25016132,ACCEPTED,,25016140,ok,32.462
bot-009,01a0d83b-7d01-770a-bced-892dc8d097de,47,25491443,25516573,ACCEPTED,,25516581,ok,25.138
bot-009,01a0d83b-7efd-7473-b6fb-ddbd73ac61f8,48,25999962,26016458,ACCEPTED,,26016480,ok,16.518
bot-009,01a0d83b-80f2-7587-8a98-e238afd41f0e,49,26501078,26516177,ACCEPTED,,26516187,ok,15.109
bot-009,01a0d83b-82f6-755a-b3b8-4b80e19d00da,50,27016476,27066438,ACCEPTED,,27066441,ok,49.965
bot-009,01a0d83b-84ec-7182-94ce-fc88763770f6,51,27518381,27566013,ACCEPTED,,27566017,ok,47.636
bot-009,01a0d83b-86e6-70b4-86a5-b9469d84176d,52,28024665,28066110,ACCEPTED,,28066128,ok,41.463
bot-009,01a0d83b-88e2-7255-9c85-228650bca180,53,28532545,28566244,ACCEPTED,,28566266,ok,33.721
bot-009,01a0d83b-8adb-7263-ab98-d2d214b0ddc0,54,29038064,29066565,ACCEPTED,,29066574,ok,28.510
bot-009,01a0d83b-8cd5-737d-acc8-043369db9b0a,55,29543409,29566303,ACCEPTED,,29566313,ok,22.904
bot-009,01a0d83b-8ed5-76a5-b914-ef9e2b14a80f,56,30055386,30066344,ACCEPTED,,30066349,ok,10.963
bot-009,01a0d83b-90d4-70b7-b13c-a56d581d4788,57,30566588,30616439,ACCEPTED,,30616461,ok,49.873
bot-009,01a0d83b-92cf-746f-b1cb-593c3b8480e7,58,31073584,31116945,ACCEPTED,,31116949,ok,43.365
bot-009,01a0d83b-94d2-77e1-b0dc-7746aea4b12f,59,31588638,31616254,ACCEPTED,,31616261,ok,27.623
bot-009,01a0d83b-96cd-7317-ac41-7a08f725659c,60,32096169,32116256,ACCEPTED,,32116261,ok,20.092
bot-009,01a0d83b-98c9-7080-82b3-7399ce4393c0,61,32603540,32616522,ACCEPTED,,32616527,ok,12.987
bot-009,01a0d83b-9ac3-73bd-a604-df699ec2a71f,62,33109924,33116438,ACCEPTED,,33116443,ok,6.519
bot-009,01a0d83b-9cbe-700e-9529-3a12d80d7949,63,33616303,33666344,ACCEPTED,,33666353,ok,50.050
bot-009,01a0d83b-9eb3-743a-9d80-6f1db0d6ed64,64,34117334,34166071,ACCEPTED,,34166087,ok,48.753
bot-009,01a0d83b-a0b3-7619-8e1e-93a9c42f1fba,65,34629686,34666234,ACCEPTED,,34666246,ok,36.560
bot-009,01a0d83b-a2ab-7791-a368-f322e71105f4,66,35134171,35166361,ACCEPTED,,35166368,ok,32.197
bot-009,01a0d83b-a4a6-72d6-a6e9-ffac29c35354,67,35640601,35666308,ACCEPTED,,35666316,ok,25.715
bot-009,01a0d83b-a6a0-73f7-8fbf-4d0daac27fce,68,36146970,36166144,ACCEPTED,,36166156,ok,19.186
bot-009,01a0d83b-a89d-7566-8a9f-68c72872cfca,69,36656234,36666236,ACCEPTED,,36666249,ok,10.015
bot-009,01a0d83b-aa95-75ec-b0fa-7268d343f1f2,70,37159347,37166106,ACCEPTED,,37166116,ok,6.769
bot-009,01a0d83b-ac94-71de-b3d0-65b33ab1f5cd,71,37670824,37716999,ACCEPTED,,37717004,ok,46.180
bot-009,01a0d83b-ae8d-7457-b966-cc2d6f5fba57,72,38175537,38217027,ACCEPTED,,38217032,ok,41.495
bot-009,01a0d83b-b083-7582-99d3-e81478ee6068,73,38677565,38716164,ACCEPTED,,38716171,ok,38.606
bot-009,01a0d83b-b27d-7218-b7a9-6b77001f42b4,74,39183784,39216726,ACCEPTED,,39216733,ok,32.949
bot-009,01a0d83b-b477-7049-9822-8c5efc64c991,75,39689943,39716778,ACCEPTED,,39716784,ok,26.841
bot-009,01a0d83b-b671-72df-922e-a78da13a6c7c,76,40196171,40216504,ACCEPTED,,40216514,ok,20.343
bot-009,01a0d83b-b872-7696-960d-0a94d51de3c1,77,40708948,40716444,ACCEPTED,,40716468,ok,7.520
bot-009,01a0d83b-ba68-773c-a78b-68399d62b1f3,78,41210466,41216343,ACCEPTED,,41216349,ok,5.883
bot-009,01a0d83b-bc60-7091-86d5-ae45cc6de953,79,41714643,41716340,ACCEPTED,,41716351,ok,1.708
bot-009,01a0d83b-be56-7119-82a9-c1151737ce08,80,42216643,42266309,ACCEPTED,,42266331,ok,49.688
bot-009,01a0d83b-c04b-755f-a404-8860efd74e15,81,42717581,42766290,ACCEPTED,,42766303,ok,48.722
bot-009,01a0d83b-c243-764d-8a2a-0e666bc5e87c,82,43221450,43266269,ACCEPTED,,43266281,ok,44.831
bot-009,01a0d83b-c43c-72b1-bccb-8556289b0768,83,43726858,43766081,ACCEPTED,,43766094,ok,39.236
bot-009,01a0d83b-c636-754d-940b-cb0f27b7b95e,84,44232303,44266194,ACCEPTED,,44266201,ok,33.898
bot-009,01a0d83b-c831-74b4-8a16-27ad47496068,85,44739799,44766334,ACCEPTED,,44766352,ok,26.553
bot-009,01a0d83b-ca29-7390-9c45-f01f08b3bc6a,86,45243965,45266293,ACCEPTED,,45266304,ok,22.339
bot-009,01a0d83b-cc21-75ef-8e49-2062b7ae11fc,87,45747336,45766481,ACCEPTED,,45766490,ok,19.154
bot-009,01a0d83b-ce23-71bf-880f-2af101c251f8,88,46261499,46266169,ACCEPTED,,46266180,ok,4.681
bot-009,01a0d83b-d021-7359-8501-9e371e1a1768,89,46771818,46816228,ACCEPTED,,46816238,ok,44.420
bot-009,01a0d83b-d222-772b-859c-3606f03c24d9,90,47284694,47316562,ACCEPTED,,47316567,ok,31.873
bot-009,01a0d83b-d41b-7742-a601-f44d9fb08fb3,91,47789510,47816993,ACCEPTED,,47816997,ok,27.487
bot-009,01a0d83b-d616-7131-971c-5b5760f52fab,92,48296264,48316229,ACCEPTED,,48316602,ok,20.338
bot-009,01a0d83b-d80e-75bf-8efa-0929bcc24a7b,93,48801013,48816955,ACCEPTED,,48816960,ok,15.947
bot-009,01a0d83b-da03-7098-b3ec-7067f11db891,94,49302238,49316656,ACCEPTED,,49316664,ok,14.426
bot-009,01a0d83b-dc01-7199-aec5-05d3050ae9f7,95,49811347,49816321,ACCEPTED,,49816327,ok,4.980
bot-009,01a0d83b-ddf6-729e-af84-ed7d049101f8,96,50312695,50329720,ACCEPTED,,50329997,ok,17.302
bot-009,01a0d83b-dfeb-75c5-bba5-cad3cc2a39d9,97,50814118,50817304,ACCEPTED,,50817311,ok,3.193
bot-009,01a0d83b-e1e2-767a-b435-5ce377ad695b,98,51316801,51366286,ACCEPTED,,51366297,ok,49.496
bot-009,01a0d83b-e3d7-7293-8a60-64f6a04cabb2,99,51817466,51866125,ACCEPTED,,51866136,ok,48.670
bot-009,01a0d83b-e5ce-7575-a0bf-63bc266fb1bd,100,52320933,52366242,ACCEPTED,,52366245,ok,45.312
bot-009,01a0d83b-e7c5-769d-9d7d-a78d9652c33b,101,52823531,52866061,ACCEPTED,,52866079,ok,42.548
bot-009,01a0d83b-e9be-75f1-99f1-567168449046,102,53328310,53368472,ACCEPTED,,53368493,ok,40.183
bot-009,01a0d83b-ebb7-7379-97c3-df713b09ce36,103,53834152,53866455,ACCEPTED,,53866459,ok,32.307
bot-009,01a0d83b-edb3-74d1-a72f-22cb8b8971d6,104,54341857,54366236,ACCEPTED,,54366249,ok,24.392
bot-009,01a0d83b-efad-7420-82a1-8e80952623cc,105,54848060,54866299,ACCEPTED,,54866304,ok,18.244
bot-009,01a0d83b-f1a7-7530-8974-0d67235e1eec,106,55354243,55366442,ACCEPTED,,55366446,ok,12.203
bot-009,01a0d83b-f3a5-7073-b6d3-8124b2823edd,107,55864025,55866146,ACCEPTED,,55866148,ok,2.123
bot-009,01a0d83b-f59f-74a0-a036-d968b013c7cb,108,56370184,56416962,ACCEPTED,,56416971,ok,46.787
bot-009,01a0d83b-f79a-7685-8dca-da8ea5fd32c1,109,56877216,56916606,ACCEPTED,,56916611,ok,39.395
bot-009,01a0d83b-f99f-777e-a645-d1053ce6789e,110,57393943,57416226,ACCEPTED,,57416247,ok,22.304
bot-009,01a0d83b-fb9a-7468-831f-e2c8620c1a10,111,57900415,57916863,ACCEPTED,,57916867,ok,16.452
bot-009,01a0d83b-fd9b-76e2-8572-aefc12db6dc9,112,58413922,58416557,ACCEPTED,,58416561,ok,2.639
bot-009,01a0d83b-ff92-7674-a2ea-34ccb3793cae,113,58916699,58966441,ACCEPTED,,58966461,ok,49.762
bot-009,01a0d83c-0187-7189-b7f0-52df5328c1ee,114,59417437,59466123,ACCEPTED,,59466142,ok,48.705
bot-009,01a0d83c-037f-7413-baf4-1a2892c3a3c3,115,59921630,59966350,ACCEPTED,,59966360,ok,44.730
bot-009,01a0d83c-0584-7743-81ea-81992e74b849,116,60438866,60466385,ACCEPTED,,60466389,ok,27.523
bot-009,01a0d83c-077e-772f-8665-89e306dae1ea,117,60944739,60966318,ACCEPTED,,60966327,ok,21.588
bot-009,01a0d83c-097e-7696-815f-a519e957f882,118,61456325,61466595,ACCEPTED,,61466606,ok,10.281
bot-010,01a0d83b-211b-7127-87b7-f491dfadc2fe,0,1966016,2016289,ACCEPTED,,2016305,ok,50.289
bot-010,01a0d83b-2314-746b-93de-080b1ef05e40,1,2470452,2516137,ACCEPTED,,2516139,ok,45.687
bot-010,01a0d83b-250a-72f0-9ef6-d5fe84cac945,2,2972444,3016033,ACCEPTED,,3016051,ok,43.607
bot-010,01a0d83b-270c-7440-8134-6bd9e613220f,3,3486823,3516386,ACCEPTED,,3516389,ok,29.566
bot-010,01a0d83b-290d-75fd-9af0-1a0e3139bf8a,4,3999988,4016278,ACCEPTED,,4016298,ok,16.310
bot-010,01a0d83b-2b0b-73aa-b241-16d1246e9bde,5,4509647,4516103,ACCEPTED,,4516115,ok,6.468
bot-010,01a0d83b-2d04-7128-8ed6-1edf6a1170b5,6,5014334,5020036,ACCEPTED,,5020040,ok,5.706
bot-010,01a0d83b-2ef9-7620-9c91-7f5dff2321ed,7,5516234,5566354,ACCEPTED,,5566368,ok,50.134
bot-010,01a0d83b-30ee-7603-b8c3-781a1262886d,8,6016368,6066188,ACCEPTED,,6066204,ok,49.836
bot-010,01a0d83b-32e4-738a-8980-24957dfab711,9,6518434,6566513,ACCEPTED,,6566533,ok,48.099
bot-010,01a0d83b-34dc-77ff-bab9-36fe1d4c030d,10,7022600,7066150,ACCEPTED,,7066168,ok,43.568
bot-010,01a0d83b-36d1-71de-b82e-61dcae267fe0,11,7524165,7566411,ACCEPTED,,7566424,ok,42.259
bot-010,01a0d83b-38d0-759a-87b9-0e10a1a2f8e9,12,8034604,8066263,ACCEPTED,,8066284,ok,31.680
bot-010,01a0d83b-3aca-74b1-8c98-bb0c1c51c048,13,8540816,8566600,ACCEPTED,,8566608,ok,25.792
bot-010,01a0d83b-3cc8-7773-8b79-36a05d53b5f9,14,9050368,9066168,ACCEPTED,,9066187,ok,15.819
bot-010,01a0d83b-3ec1-76c9-8e33-0e03d8054730,15,9555784,9566316,ACCEPTED,,9566334,ok,10.550
bot-010,01a0d83b-40bb-7760-8f1e-cb9f4a951eda,16,10061912,10066411,ACCEPTED,,10066415,ok,4.503
bot-010,01a0d83b-42b5-73b8-a1e0-0c91790df0df,17,10568101,10616232,ACCEPTED,,10616252,ok,48.151
bot-010,01a0d83b-44ab-7538-8571-b7c378eb4f16,18,11070121,11116280,ACCEPTED,,11116296,ok,46.175
bot-010,01a0d83b-46a3-723c-92da-a94730ac7482,19,11574082,11616347,ACCEPTED,,11616353,ok,42.271
bot-010,01a0d83b-48a0-715c-abce-6b1beac925ab,20,12082378,12116347,ACCEPTED,,12116359,ok,33.981
bot-010,01a0d83b-4a96-77e6-9a07-2c13eb186c58,21,12584906,12616570,ACCEPTED,,12616581,ok,31.675
bot-010,01a0d83b-4c8c-71de-af38-a9cbd53bd01b,22,13087081,13116538,ACCEPTED,,13116547,ok,29.466
bot-010,01a0d83b-4e90-76c4-bc6d-28696a4a7c87,23,13603169,13616189,ACCEPTED,,13616218,ok,13.049
bot-010,01a0d83b-508c-71cf-92d3-70a95a892fb7,24,14111186,14116001,ACCEPTED,,14116018,ok,4.832
bot-010,01a0d83b-5286-7581-bcf8-2eb12a635b19,25,14616359,14666642,ACCEPTED,,14666656,ok,50.297
bot-010,01a0d83b-547b-73e6-96ad-afc560404fec,26,15117333,15166407,ACCEPTED,,15166419,ok,49.086
bot-010,01a0d83b-567d-7095-b21b-4f797de896fb,27,15631906,15666332,ACCEPTED,,15666337,ok,34.431
bot-010,01a0d83b-5875-77d6-a815-dcc5a9c3f822,28,16135854,16166515,ACCEPTED,,16166534,ok,30.680
bot-010,01a0d83b-5a70-77ac-9424-13e180a0ba9d,29,16642311,16666478,ACCEPTED,,16666494,ok,24.183
bot-010,01a0d83b-5c69-76f9-aedd-13e774f01573,30,17148213,17166249,ACCEPTED,,17166258,ok,18.045
bot-010,01a0d83b-5e64-72eb-80a9-3339fe6e2cf3,31,17654418,17666125,ACCEPTED,,17666132,ok,11.714
bot-010,01a0d83b-605e-7197-b441-8f82656b5213,32,18160428,18166530,ACCEPTED,,18166540,ok,6.112
bot-010,01a0d83b-6258-74ac-a404-a90214d28332,33,18666825,18721720,ACCEPTED,,18721724,ok,54.899
bot-010,01a0d83b-6454-77fe-9c13-f9d3da629214,34,19174726,19216096,ACCEPTED,,19216114,ok,41.388
bot-010,01a0d83b-664c-73df-8f47-1e6108d278ba,35,19678886,19716475,ACCEPTED,,19716490,ok,37.604
bot-010,01a0d83b-6846-75a8-9a69-f11236d91bc1,36,20185210,20217039,ACCEPTED,,20217044,ok,31.834
bot-010,01a0d83b-6a41-727c-a399-b891dba56009,37,20691479,20716213,ACCEPTED,,20716233,ok,24.754
bot-010,01a0d83b-6c42-7038-bba5-30bf69f39711,38,21205145,21216433,ACCEPTED,,21216444,ok,11.299
bot-010,01a0d83b-6e41-7156-8b22-afd61f76e92c,39,21715708,21716408,ACCEPTED,,21716428,ok,0.720
bot-010,01a0d83b-7036-7755-aa0c-73c4dbd5bf05,40,22216698,22266388,ACCEPTED,,22266395,ok,49.697
bot-010,01a0d83b-722d-77a5-9a96-b9c80a03bb7d,41,22720200,22766115,ACCEPTED,,22766135,ok,45.935
bot-010,01a0d83b-742c-761c-b2a8-153b88aace29,42,23230666,23266205,ACCEPTED,,23266213,ok,35.547
bot-010,01a0d83b-7625-77ec-b5c8-deab5ce2ab59,43,23736185,23766072,ACCEPTED,,23766087,ok,29.902
bot-010,01a0d83b-7821-7173-a2fc-37b12e331b0b,44,24243560,24266146,ACCEPTED,,24266157,ok,22.597
bot-010,01a0d83b-7a18-7263-b0d0-f19294dde16a,45,24747124,24766346,ACCEPTED,,24766354,ok,19.230
bot-010,01a0d83b-7c14-70f8-81ba-ccd511865fef,46,25254699,25266201,ACCEPTED,,25266220,ok,11.521
bot-010,01a0d83b-7e0f-727c-8650-7aaae28e611f,47,25761466,25766303,ACCEPTED,,25766311,ok,4.845
bot-010,01a0d83b-8008-72d4-bd24-d0ba21436908,48,26266945,26316361,ACCEPTED,,26316374,ok,49.429
bot-010,01a0d83b-8200-74b1-ab4a-777b84b31181,49,26771064,26816610,ACCEPTED,,26816620,ok,45.556
bot-010,01a0d83b-8403-761e-a5cb-b19fe9593cc0,50,27285459,27316629,ACCEPTED,,27316639,ok,31.180
bot-010,01a0d83b-8601-74ee-aed8-e71549a5fe0a,51,27795296,27816250,ACCEPTED,,27816259,ok,20.963
bot-010,01a0d83b-87fa-71c3-b8be-949b5d7ca980,52,28300351,28319903,ACCEPTED,,28319927,ok,19.576
bot-010,01a0d83b-89ef-726c-a024-3dbe352c54b5,53,28801594,28816325,ACCEPTED,,28816343,ok,14.749
bot-010,01a0d83b-8bed-7145-9c7c-42b5bc129f54,54,29311780,29316413,ACCEPTED,,29316431,ok,4.651
bot-010,01a0d83b-8de3-7661-b0cf-67fed650eaa3,55,29814250,29816253,ACCEPTED,,29816262,ok,2.012
bot-010,01a0d83b-8fda-75d1-bc36-7cb41b15c33a,56,30316524,30366158,ACCEPTED,,30366169,ok,49.645
bot-010,01a0d83b-91cf-751f-af14-0f760eddcd13,57,30817452,30866415,ACCEPTED,,30866426,ok,48.974
bot-010,01a0d83b-93c6-75e2-bb72-fa5262b7aa85,58,31320602,31366395,ACCEPTED,,31366408,ok,45.806
bot-010,01a0d83b-95c3-70bc-9e97-605e3d0d5b12,59,31830083,31866093,ACCEPTED,,31866097,ok,36.014
bot-010,01a0d83b-97ba-7274-9dff-73bd80d30e65,60,32332992,32366507,ACCEPTED,,32366517,ok,33.525
bot-010,01a0d83b-99b6-7018-9a59-9b8bd69c4af9,61,32840799,32866223,ACCEPTED,,32866229,ok,25.430
bot-010,01a0d83b-9baf-73f3-ae9c-1fa8f983b950,62,33345375,33366368,ACCEPTED,,33366381,ok,21.006
bot-010,01a0d83b-9dab-7645-ad47-b3e59b92ffa0,63,33854050,33866186,ACCEPTED,,33866195,ok,12.145
bot-010,01a0d83b-9fa3-7675-a722-c338da64d6ee,64,34357658,34366089,ACCEPTED,,34366097,ok,8.439
bot-010,01a0d83b-a19d-763e-bde1-c60472c97fc3,65,34863769,34866046,ACCEPTED,,34866063,ok,2.294
bot-010,01a0d83b-a394-74c2-ac87-13faa3cf8443,66,35367167,35416334,ACCEPTED,,35416338,ok,49.171
bot-010,01a0d83b-a594-77e1-b153-444fca33d422,67,35878956,35916442,ACCEPTED,,35916468,ok,37.512
bot-010,01a0d83b-a78c-77ec-9a23-73e699e43989,68,36382290,36416451,ACCEPTED,,36416461,ok,34.171
bot-010,01a0d83b-a986-7079-9f57-2b97f8921a39,69,36888523,36916842,ACCEPTED,,36916847,ok,28.324
bot-010,01a0d83b-ab7e-72be-a9ce-cddc6c0ff79a,70,37392406,37416202,ACCEPTED,,37416223,ok,23.817
bot-010,01a0d83b-ad73-73e7-872b-2be64c79ac7d,71,37893839,37916706,ACCEPTED,,37916716,ok,22.877
bot-010,01a0d83b-af6a-735a-9cdd-ac00f151ceef,72,38396437,38416445,ACCEPTED,,38416465,ok,20.028
bot-010,01a0d83b-b168-76b0-b07c-87aeffd65fd9,73,38906368,38916438,ACCEPTED,,38916444,ok,10.076
bot-010,01a0d83b-b366-7324-8c38-385310a1c3d2,74,39416456,39466203,ACCEPTED,,39466214,ok,49.758
bot-010,01a0d83b-b561-7333-afba-1b6b959e1492,75,39923502,39966255,ACCEPTED,,39966266,ok,42.764
bot-010,01a0d83b-b75a-7542-8633-8eed50d2aaa3,76,40429068,40466371,ACCEPTED,,40466390,ok,37.322
bot-010,01a0d83b-b952-7520-a29d-e49888e7ff49,77,40932263,40966040,ACCEPTED,,40966049,ok,33.786
bot-010,01a0d83b-bb51-7358-9944-e3d25149782b,78,41444016,41466220,ACCEPTED,,41466229,ok,22.213
bot-010,01a0d83b-bd4b-76d3-aa9c-fe22a863970b,79,41950212,41966569,ACCEPTED,,41966577,ok,16.365
bot-010,01a0d83b-bf46-7201-a80e-0b05cba16e81,80,42456309,42466200,ACCEPTED,,42466212,ok,9.903
bot-010,01a0d83b-c140-7398-a519-19e567e8857e,81,42962522,42966102,ACCEPTED,,42966119,ok,3.597
bot-010,01a0d83b-c338-73a3-81f3-28d8837d8713,82,43466320,43516513,ACCEPTED,,43516536,ok,50.216
bot-010,01a0d83b-c540-70ca-8937-f629fab009ee,83,43986424,44016568,ACCEPTED,,44016576,ok,30.152
bot-010,01a0d83b-c737-74e7-a492-c1d9f462c61d,84,44489680,44516358,ACCEPTED,,44516363,ok,26.683
bot-010,01a0d83b-c934-7518-951d-028d077c1e16,85,44998923,45016455,ACCEPTED,,45016462,ok,17.539
bot-010,01a0d83b-cb2e-760b-b858-7c8aff09ca04,86,45505140,45517062,ACCEPTED,,45517067,ok,11.927
bot-010,01a0d83b-cd28-77e6-8ca9-01378cf4f3e1,87,46010347,46016450,ACCEPTED,,46016461,ok,6.114
bot-010,01a0d83b-cf22-7657-ac90-6ecf8514d919,88,46516357,46566741,ACCEPTED,,46566757,ok,50.400
bot-010,01a0d83b-d11d-74cf-ad27-bdd341e33bea,89,47023639,47066374,ACCEPTED,,47066390,ok,42.751
bot-010,01a0d83b-d31e-72d6-8c8f-ae3ef2a60e14,90,47536379,47566412,ACCEPTED,,47566425,ok,30.046
bot-010,01a0d83b-d514-75a2-b5c4-e12d4b2da961,91,48038512,48066033,ACCEPTED,,48066045,ok,27.533
bot-010,01a0d83b-d70b-7721-b247-e77e694f72d2,92,48542044,48566514,ACCEPTED,,48566523,ok,24.479
bot-010,01a0d83b-d906-774e-ac1b-2e4deea11455,93,49048344,49066545,ACCEPTED,,49066576,ok,18.232
bot-010,01a0d83b-dafb-72b9-87aa-ccbe8e99b70c,94,49550191,49566106,ACCEPTED,,49566125,ok,15.934
bot-010,01a0d83b-dcfa-7192-8a90-1c48feb3d09a,95,50060551,50066253,ACCEPTED,,50066258,ok,5.707
bot-010,01a0d83b-def4-7737-9267-d6130395cb03,96,50566500,50616300,ACCEPTED,,50616315,ok,49.815
bot-010,01a0d83b-e0eb-7500-a2e4-41b1eca4ddfb,97,51069903,51116118,ACCEPTED,,51116130,ok,46.227
bot-010,01a0d83b-e2e8-7087-911d-92e9938b6937,98,51579159,51616071,ACCEPTED,,51616092,ok,36.933
bot-010,01a0d83b-e4e4-7600-b0c2-59c24903d29e,99,52086788,52116887,ACCEPTED,,52116892,ok,30.104
bot-010,01a0d83b-e6d9-7688-95e1-468a204ceee7,100,52587615,52619736,ACCEPTED,,52619741,ok,32.126
bot-010,01a0d83b-e8d2-7279-a7b3-50415ef7281a,101,53092536,53118529,ACCEPTED,,53118533,ok,25.997
bot-010,01a0d83b-eacb-7531-83a5-4480874d893e,102,53597893,53618584,ACCEPTED,,53618597,ok,20.704
bot-010,01a0d83b-ecc5-75cd-a807-f4c08748ef02,103,54104148,54116277,ACCEPTED,,54116287,ok,12.139
bot-010,01a0d83b-eec0-704b-94d4-ef9d5f8a6208,104,54610660,54616181,ACCEPTED,,54616185,ok,5.525
bot-010,01a0d83b-f0b5-7733-9d35-7417128aeed3,105,55111959,55116262,ACCEPTED,,55116274,ok,4.315
bot-010,01a0d83b-f2ae-713f-b55a-524b5f2954b8,106,55616309,55666401,ACCEPTED,,55666417,ok,50.108
bot-010,01a0d83b-f4a3-7329-b461-3620eb01b4e1,107,56117372,56166222,ACCEPTED,,56166230,ok,48.858
bot-010,01a0d83b-f6a0-729c-ab20-ac878c8760eb,108,56626654,56666529,ACCEPTED,,56666541,ok,39.887
bot-010,01a0d83b-f8a1-7006-860a-0b78594b208f,109,57139879,57166504,ACCEPTED,,57166513,ok,26.634
bot-010,01a0d83b-fa98-74d8-8e4c-f8c8850cc0e8,110,57642392,57666337,ACCEPTED,,57666347,ok,23.955
bot-010,01a0d83b-fc9b-741c-b89b-35763dda3f00,111,58157496,58166123,ACCEPTED,,58166132,ok,8.636
bot-010,01a0d83b-fe96-7377-8236-bc118a2031b9,112,58665140,58666201,ACCEPTED,,58666206,ok,1.066
bot-010,01a0d83c-008c-7393-85a0-c18e660b8b3b,113,59166411,59216298,ACCEPTED,,59216320,ok,49.909
bot-010,01a0d83c-028b-7571-a867-76a48b0d2420,114,59677501,59716241,ACCEPTED,,59716263,ok,38.762
bot-010,01a0d83c-0486-7606-b9c6-e115cb21a348,115,60185232,60216868,ACCEPTED,,60216873,ok,31.641
bot-010,01a0d83c-067b-7611-a03a-aa793c3100fd,116,60685811,60716496,ACCEPTED,,60716503,ok,30.692
bot-010,01a0d83c-0872-714d-8e89-0392c2d384ab,117,61188302,61216637,ACCEPTED,,61216648,ok,28.346
bot-010,01a0d83c-0a6b-705d-80b4-7c5627386212,118,61694115,61716161,ACCEPTED,,61716182,ok,22.067
bot-011,01a0d83b-2115-7180-b57d-94e27767f72c,0,1959992,1966055,ACCEPTED,,1966060,ok,6.068
bot-011,01a0d83b-2310-759f-bde0-c2ee0cc34099,1,2466254,2516115,ACCEPTED,,2516122,ok,49.868
bot-011,01a0d83b-2504-752c-9f51-36f4c0741f25,2,2966322,3016036,ACCEPTED,,3016051,ok,49.729
bot-011,01a0d83b-26fc-725e-a7ec-f8bf0bfcae56,3,3471182,3516351,ACCEPTED,,3516362,ok,45.180
bot-011,01a0d83b-28fd-7202-af4e-25bea6ce14fa,4,3983978,4016285,ACCEPTED,,4016298,ok,32.320
bot-011,01a0d83b-2afb-75d8-b497-9876388385f7,5,4493932,4516084,ACCEPTED,,4516089,ok,22.157
bot-011,01a0d83b-2cf0-75af-b134-3175224954e9,6,4995101,5019382,ACCEPTED,,5019386,ok,24.285
bot-011,01a0d83b-2ef0-756f-b994-0a19579c0bb0,7,5506354,5516243,ACCEPTED,,5516262,ok,9.908
bot-011,01a0d83b-30ea-7225-b8f1-a63d2f71b936,8,6012747,6016641,ACCEPTED,,6016649,ok,3.902
bot-011,01a0d83b-32e2-7369-aea2-27dfcb053a6c,9,6516761,6566560,ACCEPTED,,6566570,ok,49.809
bot-011,01a0d83b-34dc-77ff-bab9-3702e06f296c,10,7022632,7066160,ACCEPTED,,7066169,ok,43.537
bot-011,01a0d83b-36d1-71de-b82e-61dd14377fd9,11,7524173,7566404,ACCEPTED,,7566417,ok,42.244
bot-011,01a0d83b-38d0-759a-87b9-0e124180305f,12,8034619,8066313,ACCEPTED,,8066323,ok,31.704
bot-011,01a0d83b-3aca-74b1-8c98-bb0942a5b9ea,13,8540792,8566535,ACCEPTED,,8566553,ok,25.761
bot-011,01a0d83b-3cc8-7773-8b79-369cc0488335,14,9050322,9066179,ACCEPTED,,9066192,ok,15.870
bot-011,01a0d83b-3ec1-76c9-8e33-0e06575282b3,15,9555818,9566401,ACCEPTED,,9566409,ok,10.591
bot-011,01a0d83b-40bb-7760-8f1e-cba1fffd6cae,16,10061928,10066362,ACCEPTED,,10066373,ok,4.445
bot-011,01a0d83b-42b5-73b8-a1e0-0c9077e14321,17,10568076,10616732,ACCEPTED,,10616736,ok,48.660
bot-011,01a0d83b-44ab-7538-8571-b7c1b51316ab,18,11070096,11116481,ACCEPTED,,11116494,ok,46.398
bot-011,01a0d83b-46a3-723c-92da-a9449464eab7,19,11574045,11616517,ACCEPTED,,11616522,ok,42.477
bot-011,01a0d83b-48a0-715c-abce-6b1ae6491f77,20,12082360,12116531,ACCEPTED,,12116543,ok,34.183
bot-011,01a0d83b-4a96-77e6-9a07-2c10ac995683,21,12584872,12616381,ACCEPTED,,12616400,ok,31.528
bot-011,01a0d83b-4c8c-71de-af38-a9c96e78ded2,22,13087048,13116372,ACCEPTED,,13116383,ok,29.335
bot-011,01a0d83b-4e90-76c4-bc6d-2866100c8b7c,23,13603157,13616277,ACCEPTED,,13616289,ok,13.132
bot-011,01a0d83b-508c-71cf-92d3-70a89f5a1387,24,14111181,14116585,ACCEPTED,,14116590,ok,5.409
bot-011,01a0d83b-5286-7581-bcf8-2eb2b0dd5217,25,14616386,14666668,ACCEPTED,,14666678,ok,50.292
bot-011,01a0d83b-547b-73e6-96ad-afc8f99ed397,26,15117349,15166464,ACCEPTED,,15166471,ok,49.122
bot-011,01a0d83b-567d-7095-b21b-4f7b07fac188,27,15631915,15666328,ACCEPTED,,15666337,ok,34.422
bot-011,01a0d83b-5875-77d6-a815-dcc855484790,28,16135893,16166572,ACCEPTED,,16166580,ok,30.687
bot-011,01a0d83b-5a70-77ac-9424-13e4c36503f9,29,16642334,16666505,ACCEPTED,,16666512,ok,24.178
bot-011,01a0d83b-5c69-76f9-aedd-13e537318add,30,17148187,17166214,ACCEPTED,,17166232,ok,18.045
bot-011,01a0d83b-5e64-72eb-80a9-333aebcf6683,31,17654419,17666126,ACCEPTED,,17666136,ok,11.717
bot-011,01a0d83b-605e-7197-b441-8f85a6a4b650,32,18160469,18166519,ACCEPTED,,18166530,ok,6.061
bot-011,01a0d83b-6258-74ac-a404-a8ff626bfc56,33,18666802,18723170,ACCEPTED,,18723174,ok,56.372
bot-011,01a0d83b-6454-77fe-9c13-f9d7d03f36c8,34,19174839,19217068,ACCEPTED,,19217073,ok,42.234
bot-011,01a0d83b-664c-73df-8f47-1e6259170a03,35,19678896,19716733,ACCEPTED,,19716737,ok,37.841
bot-011,01a0d83b-6846-75a8-9a69-f10fe3017a0e,36,20185175,20216218,ACCEPTED,,20216239,ok,31.064
bot-011,01a0d83b-6a41-727c-a399-b8926dbc0280,37,20691483,20716703,ACCEPTED,,20716709,ok,25.226
bot-011,01a0d83b-6c42-7038-bba5-30c0d0468f3f,38,21205154,21216631,ACCEPTED,,21216638,ok,11.484
bot-011,01a0d83b-6e41-7156-8b22-afd5f39dfd58,39,21715697,21716468,ACCEPTED,,21716471,ok,0.774
bot-011,01a0d83b-7036-7755-aa0c-73c5d13c1ded,40,22216717,22266404,ACCEPTED,,22266414,ok,49.697
bot-011,01a0d83b-722d-77a5-9a96-b9ca10153529,41,22720211,22766132,ACCEPTED,,22766143,ok,45.932
bot-011,01a0d83b-742c-761c-b2a8-153ae73a3ec7,42,23230646,23266179,ACCEPTED,,23266193,ok,35.547
bot-011,01a0d83b-7625-77ec-b5c8-dea76ed0e4e3,43,23736143,23766096,ACCEPTED,,23766103,ok,29.960
bot-011,01a0d83b-7821-7173-a2fc-37b23814e386,44,24243571,24266145,ACCEPTED,,24266149,ok,22.578
bot-011,01a0d83b-7a18-7263-b0d0-f1936fbde374,45,24747208,24766358,ACCEPTED,,24766364,ok,19.156
bot-011,01a0d83b-7c14-70f8-81ba-ccd4aad39ff8,46,25254698,25266202,ACCEPTED,,25266220,ok,11.522
bot-011,01a0d83b-7e0f-727c-8650-7aabf3ec951d,47,25761485,25766279,ACCEPTED,,25766292,ok,4.807
bot-011,01a0d83b-8008-72d4-bd24-d0b80528aee8,48,26266903,26316302,ACCEPTED,,26316323,ok,49.420
bot-011,01a0d83b-8200-74b1-ab4a-777c0f5e1c98,49,26771071,26816427,ACCEPTED,,26816441,ok,45.370
bot-011,01a0d83b-8403-761e-a5cb-b1a0611853d3,50,27285459,27316519,ACCEPTED,,27316537,ok,31.078
bot-011,01a0d83b-8601-74ee-aed8-e717489558e3,51,27795343,27816306,ACCEPTED,,27816314,ok,20.971
bot-011,01a0d83b-87fa-71c3-b8be-949c47129577,52,28300351,28320267,ACCEPTED,,28320279,ok,19.928
bot-011,01a0d83b-89ef-726c-a024-3dbfd305c0a8,53,28801613,28816353,ACCEPTED,,28816365,ok,14.752
bot-011,01a0d83b-8bed-7145-9c7c-42b679b7168f,54,29311794,29316456,ACCEPTED,,29316461,ok,4.667
bot-011,01a0d83b-8de3-7661-b0cf-67fd7937a274,55,29814238,29816432,ACCEPTED,,29816441,ok,2.203
bot-011,01a0d83b-8fda-75d1-bc36-7cb7e2565d5a,56,30316581,30366198,ACCEPTED,,30366207,ok,49.626
bot-011,01a0d83b-91cf-751f-af14-0f785a390ff7,57,30817453,30866427,ACCEPTED,,30866438,ok,48.985
bot-011,01a0d83b-93c6-75e2-bb72-fa53e429b92c,58,31320613,31366369,ACCEPTED,,31366393,ok,45.780
bot-011,01a0d83b-95c3-70bc-9e97-605ae95326a2,59,31830013,31866065,ACCEPTED,,31866073,ok,36.060
bot-011,01a0d83b-97ba-7274-9dff-73c1a159a8f4,60,32333023,32366495,ACCEPTED,,32366499,ok,33.476
bot-011,01a0d83b-99b6-7018-9a59-9b8c6234e6f3,61,32840797,32866220,ACCEPTED,,32866225,ok,25.428
bot-011,01a0d83b-9baf-73f3-ae9c-1fa7652b4fb5,62,33345362,33366300,ACCEPTED,,33366319,ok,20.957
bot-011,01a0d83b-9dab-7645-ad47-b3e7c02c1a68,63,33854118,33866212,ACCEPTED,,33866217,ok,12.099
bot-011,01a0d83b-9fa3-7675-a722-c33a90c515e4,64,34357681,34366136,ACCEPTED,,34366146,ok,8.465
bot-011,01a0d83b-a19d-763e-bde1-c6013e8f24bb,65,34863731,34866078,ACCEPTED,,34866086,ok,2.355
bot-011,01a0d83b-a394-74c2-ac87-13fbaea3315d,66,35367176,35416086,ACCEPTED,,35416096,ok,48.920
bot-011,01a0d83b-a594-77e1-b153-445231c72a99,67,35879012,35917125,ACCEPTED,,35917130,ok,38.118
bot-011,01a0d83b-a78c-77ec-9a23-73e8b571c733,68,36382315,36416494,ACCEPTED,,36416504,ok,34.189
bot-011,01a0d83b-a986-7079-9f57-2b94428068b6,69,36888485,36916290,ACCEPTED,,36916310,ok,27.825
bot-011,01a0d83b-ab7e-72be-a9ce-cddf1ad485c7,70,37392442,37416791,ACCEPTED,,37416798,ok,24.356
bot-011,01a0d83b-ad73-73e7-872b-2be502780855,71,37893824,37916314,ACCEPTED,,37916335,ok,22.511
bot-011,01a0d83b-af6a-735a-9cdd-abff7cf4c608,72,38396429,38417192,ACCEPTED,,38417198,ok,20.769
bot-011,01a0d83b-b168-76b0-b07c-87ac52e09389,73,38906367,38916224,ACCEPTED,,38916236,ok,9.869
bot-011,01a0d83b-b365-75f8-a5af-5054a66e9340,74,39416196,39466193,ACCEPTED,,39466205,ok,50.009
bot-011,01a0d83b-b55a-7170-b4de-1ddde9e86242,75,39917059,39966262,ACCEPTED,,39966271,ok,49.212
bot-011,01a0d83b-b74f-7493-97d6-1312abc3c339,76,40418012,40466385,ACCEPTED,,40466397,ok,48.385
bot-011,01a0d83b-b94a-7182-8912-dbf9ac26c742,77,40924269,40966015,ACCEPTED,,40966024,ok,41.755
bot-011,01a0d83b-bb45-751b-8572-9c3befca3142,78,41432191,41466173,ACCEPTED,,41466190,ok,33.999
bot-011,01a0d83b-bd40-765b-b751-1dddb6600a71,79,41938318,41966526,ACCEPTED,,41966538,ok,28.220
bot-011,01a0d83b-bf3a-77f0-8553-cf4650f2d084,80,42444514,42466214,ACCEPTED,,42466223,ok,21.709
bot-011,01a0d83b-c133-71a3-ac95-d9adb68f42e8,81,42949341,42966114,ACCEPTED,,42966125,ok,16.784
bot-011,01a0d83b-c32f-7530-a59d-ff3fb6f8768a,82,43457907,43466364,ACCEPTED,,43466383,ok,8.476
bot-011,01a0d83b-c528-7763-bf69-75e276f4b5e1,83,43962924,43965973,ACCEPTED,,43965990,ok,3.066
bot-011,01a0d83b-c722-7223-ba28-1ca68f2fed8f,84,44469029,44516322,ACCEPTED,,44516334,ok,47.305
bot-011,01a0d83b-c91d-71e8-8c07-2c0d4248a60c,85,44975496,45016547,ACCEPTED,,45016560,ok,41.064
bot-011,01a0d83b-cb17-73c1-be53-1787386233ee,86,45481523,45516413,ACCEPTED,,45516427,ok,34.904
bot-011,01a0d83b-cd11-739d-8022-52465fd69406,87,45987592,46016415,ACCEPTED,,46016434,ok,28.842
bot-011,01a0d83b-cf14-72ad-8f6f-a14830044494,88,46503181,46516186,ACCEPTED,,46516206,ok,13.025
bot-011,01a0d83b-d111-7063-8eb4-93cdeda0b578,89,47011827,47016025,ACCEPTED,,47016044,ok,4.217
bot-011,01a0d83b-d30a-77a1-9bf6-7cbf593cd0f8,90,47516360,47566367,ACCEPTED,,47566381,ok,50.021
bot-011,01a0d83b-d4ff-7368-9b9b-ca64fc109ca9,91,48017344,48066016,ACCEPTED,,48066026,ok,48.682
bot-011,01a0d83b-d6f4-727a-b2f9-24f4247f8571,92,48518596,48566463,ACCEPTED,,48566477,ok,47.881
bot-011,01a0d83b-d8ee-70b1-937d-85f1fd90ebaa,93,49024605,49066517,ACCEPTED,,49066528,ok,41.923
bot-011,01a0d83b-dae5-7227-8dd3-c2d20e1190d9,94,49527406,49566106,ACCEPTED,,49566125,ok,38.719
bot-011,01a0d83b-dce2-7762-9f46-1a10292afb2f,95,50037019,50066210,ACCEPTED,,50066222,ok,29.203
bot-011,01a0d83b-dedd-7152-8740-e49aac0825a4,96,50543387,50566458,ACCEPTED,,50566476,ok,23.089
bot-011,01a0d83b-e0d7-7493-8cb7-d72d28f165ba,97,51049377,51069912,ACCEPTED,,51069928,ok,20.551
bot-011,01a0d83b-e2d1-73eb-a3a5-17dbe54b2bd4,98,51555636,51566507,ACCEPTED,,51566525,ok,10.889
bot-011,01a0d83b-e4d4-70e6-bb54-7a19a8782df9,99,52070945,52116400,ACCEPTED,,52116416,ok,45.471
bot-011,01a0d83b-e6ca-76b5-a369-9c4505fdb9f7,100,52572520,52619700,ACCEPTED,,52619998,ok,47.478
bot-011,01a0d83b-e8c2-7789-a5d5-a8c042d0b63f,101,53076381,53118132,ACCEPTED,,53118136,ok,41.755
bot-011,01a0d83b-eabb-7029-b197-4662467cc639,102,53582112,53618636,ACCEPTED,,53618642,ok,36.530
bot-011,01a0d83b-ecb6-723e-9774-b94a86d4b083,103,54088325,54116281,ACCEPTED,,54116285,ok,27.960
bot-011,01a0d83b-eeb0-748a-a035-a2d49495c2b8,104,54595012,54616370,ACCEPTED,,54616378,ok,21.366
bot-011,01a0d83b-f0a8-73cb-ae93-f7429473881b,105,55098351,55116205,ACCEPTED,,55116222,ok,17.871
bot-011,01a0d83b-f2a2-7099-82a4-f5ae6f7401e6,106,55605194,55616051,ACCEPTED,,55616070,ok,10.876
bot-011,01a0d83b-f4a1-733d-9286-9d0d3a7aadb5,107,56116052,56166170,ACCEPTED,,56166180,ok,50.128
bot-011,01a0d83b-f696-74f9-8dc0-8d3f0ab33270,108,56616508,56666466,ACCEPTED,,56666479,ok,49.971
bot-011,01a0d83b-f890-7403-adfc-15a2196cbb30,109,57122909,57166459,ACCEPTED,,57166479,ok,43.570
bot-011,01a0d83b-fa90-732d-adcf-a2203f7fd174,110,57634340,57666286,ACCEPTED,,57666297,ok,31.957
bot-011,01a0d83b-fc8c-7241-9333-03e3276fd6e4,111,58142613,58166094,ACCEPTED,,58166107,ok,23.494
bot-011,01a0d83b-fe8b-7090-869d-1432714a0025,112,58653453,58666214,ACCEPTED,,58666224,ok,12.771
bot-011,01a0d83c-0085-722c-81bd-e6ea9f50400d,113,59159606,59166419,ACCEPTED,,59166435,ok,6.829
bot-011,01a0d83c-027a-7516-9f64-1f87b2d8ad03,114,59661002,59666406,ACCEPTED,,59666414,ok,5.412
bot-011,01a0d83c-0477-73d6-b6e0-8210717d9b9f,115,60169326,60216384,ACCEPTED,,60216390,ok,47.064
bot-011,01a0d83c-067b-7611-a03a-aa7ddf310443,116,60685843,60716982,ACCEPTED,,60716987,ok,31.144
bot-011,01a0d83c-0872-714d-8e89-0391c85f9551,117,61188291,61216390,ACCEPTED,,61216396,ok,28.105
bot-011,01a0d83c-0a6b-705d-80b4-7c551d232d45,118,61694103,61716223,ACCEPTED,,61716226,ok,22.123
bot-012,01a0d83b-218e-70e7-b19b-965d268fafed,0,2080927,2116338,ACCEPTED,,2116349,ok,35.422
bot-012,01a0d83b-2393-7283-8dac-58331ce41b48,1,2597481,2616121,ACCEPTED,,2616134,ok,18.653
bot-012,01a0d83b-2596-7451-a829-9fb1907e755a,2,3113148,3116375,ACCEPTED,,3116387,ok,3.239
bot-012,01a0d83b-278d-7477-9bbc-543f577639b8,3,3616012,3666159,ACCEPTED,,3666171,ok,50.159
bot-012,01a0d83b-2982-70b2-aca4-6f1142db6aea,4,4116479,4166157,ACCEPTED,,4166174,ok,49.695
bot-012,01a0d83b-2b81-7095-928d-dd21a5193f4c,5,4627370,4666260,ACCEPTED,,4666275,ok,38.905
bot-012,01a0d83b-2d7e-725f-a43a-b2e6a983e684,6,5136607,5166209,ACCEPTED,,5166227,ok,29.620
bot-012,01a0d83b-2f73-74b3-84ed-0566ba852168,7,5638189,5666218,ACCEPTED,,5666236,ok,28.047
bot-012,01a0d83b-316b-7682-860e-59c3d5daf419,8,6142123,6166306,ACCEPTED,,6166310,ok,24.187
bot-012,01a0d83b-3369-7795-a026-5cfd3294019d,9,6651295,6666421,ACCEPTED,,6666431,ok,15.136
bot-012,01a0d83b-355e-7555-abcc-25ec6bd0f542,10,7153237,7166147,ACCEPTED,,7166156,ok,12.919
bot-012,01a0d83b-375a-72e7-bde5-63a046a2a897,11,7660399,7666269,ACCEPTED,,7666280,ok,5.881
bot-012,01a0d83b-3951-725c-8b83-2d1facd87ed0,12,8163721,8166491,ACCEPTED,,8166499,ok,2.778
bot-012,01a0d83b-3b47-70f9-ae8a-ffef5861be19,13,8666250,8716396,ACCEPTED,,8716416,ok,50.166
bot-012,01a0d83b-3d3c-714b-8098-fbf26fb09084,14,9166331,9216475,ACCEPTED,,9216495,ok,50.164
bot-012,01a0d83b-3f37-724f-ac32-038aabcd7d37,15,9673384,9716764,ACCEPTED,,9716775,ok,43.391
bot-012,01a0d83b-4131-712d-8af9-ea14ed545518,16,10179611,10216880,ACCEPTED,,10216892,ok,37.281
bot-012,01a0d83b-432b-725b-b972-3e4f26ecafc6,17,10685742,10716317,ACCEPTED,,10716326,ok,30.584
bot-012,01a0d83b-4525-7695-87c1-cbefb7c7ba1d,18,11192053,11216370,ACCEPTED,,11216380,ok,24.327
bot-012,01a0d83b-471d-73fc-b4cc-bafd7430aa17,19,11695380,11716384,ACCEPTED,,11716389,ok,21.009
bot-012,01a0d83b-4919-7002-a158-d49ce986abe0,20,12204217,12217025,ACCEPTED,,12217029,ok,12.812
bot-012,01a0d83b-4b1a-72d3-b6f2-67f877228ce2,21,12716419,12766504,ACCEPTED,,12766518,ok,50.099
bot-012,01a0d83b-4d17-7497-aa5d-cf427a324d4b,22,13225396,13266675,ACCEPTED,,13266679,ok,41.283
bot-012,01a0d83b-4f14-744b-8271-9c7da3d092fc,23,13734477,13766365,ACCEPTED,,13766386,ok,31.909
bot-012,01a0d83b-510f-742d-b9d6-7c838ba5a15b,24,14241349,14266139,ACCEPTED,,14266156,ok,24.807
bot-012,01a0d83b-5308-707f-bb73-f75b16ee19b3,25,14746740,14766295,ACCEPTED,,14766298,ok,19.558
bot-012,01a0d83b-5502-74e0-bd0b-07036e48999c,26,15252916,15266252,ACCEPTED,,15266263,ok,13.347
bot-012,01a0d83b-56fc-7073-8ad0-7e7d0043c5bc,27,15759118,15766012,ACCEPTED,,15766018,ok,6.900
bot-012,01a0d83b-58f7-77b5-9de0-8929a01b2df3,28,16265320,16266374,ACCEPTED,,16266378,ok,1.058
bot-012,01a0d83b-5af1-7664-a084-ead5c1b850d2,29,16771405,16816151,ACCEPTED,,16816162,ok,44.757
bot-012,01a0d83b-5cf2-700f-b0a0-28f9c1d44b33,30,17284522,17317491,ACCEPTED,,17317497,ok,32.975
bot-012,01a0d83b-5ef1-7331-ac2d-333341a90cee,31,17795657,17816881,ACCEPTED,,17816885,ok,21.228
bot-012,01a0d83b-60eb-75bd-adfb-27bfa8720327,32,18302208,18316469,ACCEPTED,,18316479,ok,14.271
bot-012,01a0d83b-62e2-750e-a74d-fb2c8f4a24cf,33,18804884,18816756,ACCEPTED,,18816761,ok,11.877
bot-012,01a0d83b-64e2-7482-a8c8-9eaabc2b413f,34,19316728,19366091,ACCEPTED,,19366111,ok,49.383
bot-012,01a0d83b-66d9-7415-b0d6-ea29b945472b,35,19820182,19866447,ACCEPTED,,19866460,ok,46.278
bot-012,01a0d83b-68d4-7395-803f-f024065cb7cd,36,20326413,20366150,ACCEPTED,,20366163,ok,39.750
bot-012,01a0d83b-6ace-72a8-a1d4-39b30b6b5ed0,37,20832623,20866200,ACCEPTED,,20866210,ok,33.587
bot-012,01a0d83b-6cd0-7128-aa5f-1fc888b7c7de,38,21347028,21366297,ACCEPTED,,21366306,ok,19.278
bot-012,01a0d83b-6eca-737b-ae26-b1b5f11f479a,39,21852507,21866448,ACCEPTED,,21866475,ok,13.968
bot-012,01a0d83b-70ce-7673-9d8f-3b5196e90f4f,40,22368715,22417110,ACCEPTED,,22417114,ok,48.399
bot-012,01a0d83b-72cf-76d8-bca5-4ff9f7475b51,41,22881291,22916726,ACCEPTED,,22916734,ok,35.443
bot-012,01a0d83b-74c8-7788-8346-4021f2eec1a8,42,23386872,23416783,ACCEPTED,,23416787,ok,29.915
bot-012,01a0d83b-76c3-7678-a080-950c018a804a,43,23893993,23916191,ACCEPTED,,23916197,ok,22.204
bot-012,01a0d83b-78bc-7202-9979-e0f4e04e4837,44,24399000,24416123,ACCEPTED,,24416127,ok,17.127
bot-012,01a0d83b-7ab7-76cb-a8f4-e428f9f3fcf9,45,24905986,24916849,ACCEPTED,,24916857,ok,10.871
bot-012,01a0d83b-7cb2-70f5-b3d2-41e3cd629360,46,25412354,25416354,ACCEPTED,,25416360,ok,4.006
bot-012,01a0d83b-7eaa-7756-920b-f2b2dccb7c72,47,25916370,25966592,ACCEPTED,,25966601,ok,50.231
bot-012,01a0d83b-809f-724b-8a7d-e32e6a50e4cb,48,26417326,26466342,ACCEPTED,,26466352,ok,49.026
bot-012,01a0d83b-8297-722f-a39b-ce477343ec1a,49,26921853,26966267,ACCEPTED,,26966276,ok,44.423
bot-012,01a0d83b-8490-74f4-bbbc-6edeeb9f4599,50,27426482,27466637,ACCEPTED,,27466647,ok,40.165
bot-012,01a0d83b-868f-7175-963b-b7236a757626,51,27938237,27966284,ACCEPTED,,27966290,ok,28.053
bot-012,01a0d83b-888e-751f-b681-875d799a3bf3,52,28449229,28466430,ACCEPTED,,28466438,ok,17.209
bot-012,01a0d83b-8a88-71af-b071-28bb8e7e845b,53,28954762,28966092,ACCEPTED,,28966096,ok,11.334
bot-012,01a0d83b-8c82-7461-b8a2-ef7c90f4adf0,54,29460892,29466236,ACCEPTED,,29466241,ok,5.349
bot-012,01a0d83b-8e7b-7134-8e47-98c03f0fc885,55,29966044,30016623,ACCEPTED,,30016632,ok,50.588
bot-012,01a0d83b-9077-72eb-abf1-3ee9cdf154e4,56,30473373,30516647,ACCEPTED,,30516650,ok,43.277
bot-012,01a0d83b-9270-75a7-95a3-a9bb1e39155c,57,30979250,31016658,ACCEPTED,,31016669,ok,37.419
bot-012,01a0d83b-946c-753b-b6ce-55632340618d,58,31486608,31517082,ACCEPTED,,31517086,ok,30.478
bot-012,01a0d83b-966d-76be-95ca-941b8c41414e,59,32000080,32016243,ACCEPTED,,32016252,ok,16.172
bot-012,01a0d83b-986a-70fa-89b9-85e17cc9e0da,60,32509218,32516325,ACCEPTED,,32516330,ok,7.112
bot-012,01a0d83b-9a66-7404-a65f-e9487b0ae881,61,33016534,33066363,ACCEPTED,,33066374,ok,49.840
bot-012,01a0d83b-9c5b-7117-9b21-c2a252a9c091,62,33517383,33566429,ACCEPTED,,33566440,ok,49.057
bot-012,01a0d83b-9e57-75cb-baee-94b8872f8da0,63,34025733,34066413,ACCEPTED,,34066418,ok,40.685
bot-012,01a0d83b-a058-76c5-951f-5df205ecd9ba,64,34538417,34566331,ACCEPTED,,34566338,ok,27.921
bot-012,01a0d83b-a253-72dc-b569-f0ee2cb92e90,65,35045480,35066288,ACCEPTED,,35066296,ok,20.816
bot-012,01a0d83b-a450-701c-a513-46bf60f8c4e2,66,35554437,35566313,ACCEPTED,,35566323,ok,11.886
bot-012,01a0d83b-a64e-7555-9670-4f9581848937,67,36064695,36066787,ACCEPTED,,36066791,ok,2.096
bot-012,01a0d83b-a84e-700e-b607-fc1fcbfde9a8,68,36576369,36616129,ACCEPTED,,36616136,ok,39.767
bot-012,01a0d83b-aa4e-760c-8de0-bbe91b70faa5,69,37088799,37116466,ACCEPTED,,37116470,ok,27.671
bot-012,01a0d83b-ac48-751e-83e1-d28f0c4f4992,70,37594388,37616231,ACCEPTED,,37616240,ok,21.852
bot-012,01a0d83b-ae3e-727c-a9a7-3888a5ef55b6,71,38097020,38116220,ACCEPTED,,38116225,ok,19.205
bot-012,01a0d83b-b035-72d2-a5e1-68e08684e8c0,72,38599433,38616781,ACCEPTED,,38616785,ok,17.352
bot-012,01a0d83b-b234-72c3-b7c5-ba04743bd9a0,73,39110274,39116665,ACCEPTED,,39116676,ok,6.402
bot-012,01a0d83b-b42a-73fa-9138-c8c6f051c853,74,39612894,39616169,ACCEPTED,,39616175,ok,3.281
bot-012,01a0d83b-b620-72d7-8bd2-ab5db98ac43c,75,40114760,40116389,ACCEPTED,,40116407,ok,1.647
bot-012,01a0d83b-b816-757d-8ae6-eb2058b67273,76,40617009,40666431,ACCEPTED,,40666441,ok,49.432
bot-012,01a0d83b-ba13-75ee-ba36-7e321cd40653,77,41126064,41166549,ACCEPTED,,41166557,ok,40.493
bot-012,01a0d83b-bc0e-731b-9330-d246e77efc25,78,41632512,41666089,ACCEPTED,,41666107,ok,33.595
bot-012,01a0d83b-be09-7281-a48e-c4ac2a591cdd,79,42139670,42166627,ACCEPTED,,42166637,ok,26.967
bot-012,01a0d83b-c002-7614-9b28-a3e1eddb553c,80,42644709,42666150,ACCEPTED,,42666159,ok,21.450
bot-012,01a0d83b-c1fc-7300-abe3-8a50d234629f,81,43150750,43166251,ACCEPTED,,43166262,ok,15.512
bot-012,01a0d83b-c3f6-73be-b1ab-ab2b7800e714,82,43656882,43666107,ACCEPTED,,43666115,ok,9.233
bot-012,01a0d83b-c5f5-740c-aa1a-ba6937f2f76e,83,44168180,44216444,ACCEPTED,,44216454,ok,48.274
bot-012,01a0d83b-c7ea-75d8-919b-3a4e5cdb9326,84,44669247,44716735,ACCEPTED,,44716746,ok,47.499
bot-012,01a0d83b-c9ea-70cc-97fd-949fcd467544,85,45180372,45216398,ACCEPTED,,45216408,ok,36.036
bot-012,01a0d83b-cbe5-7423-96f9-ff844e7c0931,86,45687439,45716452,ACCEPTED,,45716456,ok,29.017
bot-012,01a0d83b-cde3-74c1-8a52-ac8bf0f9e283,87,46197777,46216493,ACCEPTED,,46216497,ok,18.720
bot-012,01a0d83b-cfe1-7719-8e39-19c86971f039,88,46708112,46716235,ACCEPTED,,46716239,ok,8.127
bot-012,01a0d83b-d1de-7339-9d08-4fff3928995b,89,47216600,47266497,ACCEPTED,,47266501,ok,49.901
bot-012,01a0d83b-d3d3-76a3-bc4e-8abaeddcf966,90,47717424,47766069,ACCEPTED,,47766075,ok,48.651
bot-012,01a0d83b-d5c9-75c9-aca2-6a483b27e20e,91,48219646,48266296,ACCEPTED,,48266301,ok,46.655
bot-012,01a0d83b-d7c8-714b-928c-3d1fdeefd49c,92,48730471,48766417,ACCEPTED,,48766428,ok,35.957
bot-012,01a0d83b-d9c8-73cd-a757-6e733dcb3c5d,93,49242979,49266476,ACCEPTED,,49266488,ok,23.509
bot-012,01a0d83b-dbc3-772d-a8a9-d2e061bfb34f,94,49749550,49766244,ACCEPTED,,49766254,ok,16.704
bot-012,01a0d83b-ddc2-77fc-940a-dcc019ab8c4b,95,50260418,50266493,ACCEPTED,,50266496,ok,6.078
bot-012,01a0d83b-dfbc-77c8-9e48-ec0c75932b00,96,50766963,50816981,ACCEPTED,,50816993,ok,50.030
bot-012,01a0d83b-e1b6-742e-8a83-a81e22271f68,97,51273112,51316819,ACCEPTED,,51316830,ok,43.718
bot-012,01a0d83b-e3b0-72bc-982f-798b51f93012,98,51779184,51816813,ACCEPTED,,51816818,ok,37.634
bot-012,01a0d83b-e5ab-757f-9d31-59d584f77469,99,52285595,52317197,ACCEPTED,,52317202,ok,31.607
bot-012,01a0d83b-e7a5-7231-97ba-2471d79371b0,100,52791856,52816637,ACCEPTED,,52816647,ok,24.791
bot-012,01a0d83b-e9bd-74f1-8ada-1fd37112c472,101,53328152,53368578,ACCEPTED,,53368583,ok,40.431
bot-012,01a0d83b-ebb8-7455-87af-b24d9c695cbd,102,53834262,53866561,ACCEPTED,,53866568,ok,32.306
bot-012,01a0d83b-edb3-74d1-a72f-22c4a07a7b42,103,54341805,54366250,ACCEPTED,,54366253,ok,24.448
bot-012,01a0d83b-efad-7420-82a1-8e7b4ac1e811,104,54848012,54866286,ACCEPTED,,54866289,ok,18.277
bot-012,01a0d83b-f1a7-7530-8974-0d64679860ad,105,55354234,55366455,ACCEPTED,,55366459,ok,12.225
bot-012,01a0d83b-f3a5-7073-b6d3-812e584fc0f1,106,55864094,55866153,ACCEPTED,,55866158,ok,2.064
bot-012,01a0d83b-f59f-74a0-a036-d96565bf6719,107,56370180,56416893,ACCEPTED,,56416902,ok,46.722
bot-012,01a0d83b-f79a-7685-8dca-da86da26dcc7,108,56877108,56916290,ACCEPTED,,56916300,ok,39.192
bot-012,01a0d83b-f99f-777e-a645-d1115e6420c3,109,57394100,57416513,ACCEPTED,,57416524,ok,22.424
bot-012,01a0d83b-fb9a-7468-831f-e2c13ff8c80d,110,57900373,57917129,ACCEPTED,,57917133,ok,16.760
bot-012,01a0d83b-fd9b-76e2-8572-af0050a787c4,111,58413961,58416645,ACCEPTED,,58416650,ok,2.689
bot-012,01a0d83b-ff92-7674-a2ea-34cb260cfb42,112,58916664,58966448,ACCEPTED,,58966461,ok,49.797
bot-012,01a0d83c-0187-7189-b7f0-52dae04ce59b,113,59417430,59466246,ACCEPTED,,59466254,ok,48.824
bot-012,01a0d83c-037f-7413-baf4-1a1f7626085f,114,59921561,59966288,ACCEPTED,,59966292,ok,44.731
bot-012,01a0d83c-0584-7743-81ea-819ac653d29e,115,60438865,60466305,ACCEPTED,,60466310,ok,27.445
bot-012,01a0d83c-077e-772f-8665-89e1131e441c,116,60944735,60966328,ACCEPTED,,60966333,ok,21.598
bot-012,01a0d83c-097e-7696-815f-a51aaed767ce,117,61456358,61466646,ACCEPTED,,61466650,ok,10.292
bot-012,01a0d83c-0b78-77b2-8db0-4f2eddacc412,118,61962319,61966298,ACCEPTED,,61966306,ok,3.987
bot-013,01a0d83b-2296-76a9-8bb7-9943026982cf,0,2344954,2366200,ACCEPTED,,2366202,ok,21.248
bot-013,01a0d83b-249c-7772-bdd2-a8bd2dd3476a,1,2863009,2866283,ACCEPTED,,2866286,ok,3.277
bot-013,01a0d83b-2693-74fe-83a1-dbfa425012e4,2,3366217,3416225,ACCEPTED,,3416234,ok,50.017
bot-013,01a0d83b-2894-723e-b1ee-4f0ae2386289,3,3878271,3916386,ACCEPTED,,3916390,ok,38.119
bot-013,01a0d83b-2a91-75d0-a089-b2e435e65ca6,4,4388025,4417100,ACCEPTED,,4417104,ok,29.079
bot-013,01a0d83b-2c87-76cb-aff1-523236838c9a,5,4889942,4916328,ACCEPTED,,4916331,ok,26.389
bot-013,01a0d83b-2e86-7375-8f35-100e5491fe63,6,5400456,5416214,ACCEPTED,,5416233,ok,15.777
bot-013,01a0d83b-3080-742b-b8c8-5b524d9adf57,7,5906686,5916453,ACCEPTED,,5916467,ok,9.781
bot-013,01a0d83b-327a-745e-930a-044b787a944a,8,6412949,6416433,ACCEPTED,,6416438,ok,3.489
bot-013,01a0d83b-3471-7281-9fc6-68483776066f,9,6916192,6966845,ACCEPTED,,6966850,ok,50.658
bot-013,01a0d83b-3666-7476-902d-92dbfb2b9ebd,10,7416328,7466657,ACCEPTED,,7466671,ok,50.343
bot-013,01a0d83b-3862-77c8-9e64-ca4bc9e72655,11,7924291,7966140,ACCEPTED,,7966153,ok,41.862
bot-013,01a0d83b-3a5b-778a-9fb1-cc0008b1d206,12,8430104,8466300,ACCEPTED,,8466303,ok,36.199
bot-013,01a0d83b-3c51-761c-827a-5731fb81e2d3,13,8931704,8966216,ACCEPTED,,8966226,ok,34.522
bot-013,01a0d83b-3e4b-72e8-b315-e7ba423f872b,14,9437901,9466251,ACCEPTED,,9466260,ok,28.359
bot-013,01a0d83b-4046-7193-9500-5d8577bdc89d,15,9944807,9966471,ACCEPTED,,9966479,ok,21.672
bot-013,01a0d83b-423f-766c-9496-fac94bb1a468,16,10450246,10466365,ACCEPTED,,10466370,ok,16.124
bot-013,01a0d83b-443e-7521-9ce1-b9d9d7e06d10,17,10960801,10966477,ACCEPTED,,10966480,ok,5.679
bot-013,01a0d83b-4633-756b-9abf-65b1495fa4f4,18,11462086,11466341,ACCEPTED,,11466345,ok,4.259
bot-013,01a0d83b-482c-7107-b119-6cb6ae155a2d,19,11966358,12016293,ACCEPTED,,12016298,ok,49.940
bot-013,01a0d83b-4a28-7157-938e-cb77359a06cd,20,12474613,12516850,ACCEPTED,,12516856,ok,42.243
bot-013,01a0d83b-4c1e-7104-a7cc-974231197264,21,12977062,13016420,ACCEPTED,,13016431,ok,39.369
bot-013,01a0d83b-4e1d-706e-9dc7-7374ce137e28,22,13487637,13516334,ACCEPTED,,13516346,ok,28.709
bot-013,01a0d83b-5017-72ec-ba29-4c2fadc4427b,23,13993431,14016454,ACCEPTED,,14016469,ok,23.038
bot-013,01a0d83b-5211-7648-a2a7-c5c671f45d2f,24,14499665,14516494,ACCEPTED,,14516506,ok,16.841
bot-013,01a0d83b-540b-71d2-a586-a0434aea5c01,25,15005832,15016725,ACCEPTED,,15016732,ok,10.900
bot-013,01a0d83b-560a-700d-b034-d685cc69bf79,26,15516629,15566018,ACCEPTED,,15566022,ok,49.393
bot-013,01a0d83b-5810-7255-84cb-ff195bfb4763,27,16034861,16066385,ACCEPTED,,16066404,ok,31.543
bot-013,01a0d83b-5a05-761d-9d65-b44e6f108bf6,28,16536092,16566286,ACCEPTED,,16566296,ok,30.204
bot-013,01a0d83b-5bfb-7042-9b9c-dea422c454bb,29,17037592,17066169,ACCEPTED,,17066177,ok,28.585
bot-013,01a0d83b-5dfa-77c2-bd4b-dbac3343d61b,30,17548421,17566235,ACCEPTED,,17566244,ok,17.823
bot-013,01a0d83b-5ff0-77a8-9466-498b968944f5,31,18050916,18066674,ACCEPTED,,18066679,ok,15.763
bot-013,01a0d83b-61ed-74a8-9c14-46cdd65dcff6,32,18560150,18566166,ACCEPTED,,18566176,ok,6.026
bot-013,01a0d83b-63e8-7557-82e2-89256593bc43,33,19066370,19116573,ACCEPTED,,19116585,ok,50.215
bot-013,01a0d83b-65e2-7623-9781-db74a95c0268,34,19573073,19616908,ACCEPTED,,19616913,ok,43.840
bot-013,01a0d83b-67dd-777e-a6dd-ab176794391c,35,20079371,20116610,ACCEPTED,,20116621,ok,37.250
bot-013,01a0d83b-69d7-7498-b8c8-68203d2e828f,36,20585365,20616450,ACCEPTED,,20616459,ok,31.094
bot-013,01a0d83b-6bd1-723c-8ec5-2d425da6bcf5,37,21091403,21116281,ACCEPTED,,21116294,ok,24.891
bot-013,01a0d83b-6dcc-76df-8e40-2b86af9ebf8b,38,21598751,21616179,ACCEPTED,,21616183,ok,17.432
bot-013,01a0d83b-6fd1-7050-8e23-addb065223cc,39,22115437,22116730,ACCEPTED,,22116734,ok,1.297
bot-013,01a0d83b-71c6-7154-8af9-657cb6997304,40,22616696,22666289,ACCEPTED,,22666307,ok,49.611
bot-013,01a0d83b-73bb-755c-82ef-3e56005586c3,41,23117607,23166133,ACCEPTED,,23166145,ok,48.538
bot-013,01a0d83b-75b7-7640-a5ac-5272b7812a6c,42,23626037,23666414,ACCEPTED,,23666419,ok,40.382
bot-013,01a0d83b-77b2-75a2-8f49-d31f02d9616f,43,24133184,24166208,ACCEPTED,,24166213,ok,33.029
bot-013,01a0d83b-79a9-74fd-85cf-3ffd1ce2b1dd,44,24635336,24666290,ACCEPTED,,24666293,ok,30.957
bot-013,01a0d83b-7ba2-72f4-aef2-8c37ad62fa2d,45,25140602,25166249,ACCEPTED,,25166258,ok,25.656
bot-013,01a0d83b-7d9f-76bb-8660-970d185eea29,46,25649665,25666072,ACCEPTED,,25666077,ok,16.412
bot-013,01a0d83b-7fa2-772f-a73b-5542e44caa6f,47,26164582,26166176,ACCEPTED,,26166181,ok,1.599
bot-013,01a0d83b-8197-739e-b4db-a13cc1a242a3,48,26666125,26717395,ACCEPTED,,26717400,ok,51.275
bot-013,01a0d83b-838c-75ea-8f6e-3c00d381a3e1,49,27166314,27216555,ACCEPTED,,27216568,ok,50.254
bot-013,01a0d83b-8582-736c-9208-81ac93aa8145,50,27668546,27716569,ACCEPTED,,27716576,ok,48.030
bot-013,01a0d83b-8783-75f2-9143-39681845be0a,51,28181766,28216466,ACCEPTED,,28216471,ok,34.705
bot-013,01a0d83b-8979-7165-a9a4-1966af5f59d3,52,28683786,28716711,ACCEPTED,,28716716,ok,32.930
bot-013,01a0d83b-8b74-76ff-a0c6-8e4e467555cd,53,29191229,29216904,ACCEPTED,,29216909,ok,25.680
bot-013,01a0d83b-8d6d-70b9-af12-1a4a9fe5f62b,54,29696134,29716405,ACCEPTED,,29716415,ok,20.281
bot-013,01a0d83b-8f6a-73ff-9873-418e3bc0b22e,55,30204976,30216525,ACCEPTED,,30216545,ok,11.569
bot-013,01a0d83b-9162-7511-8782-4d9b532da6ab,56,30708658,30716665,ACCEPTED,,30716677,ok,8.019
bot-013,01a0d83b-935e-744e-9bbd-9700aac2cb15,57,31216990,31266533,ACCEPTED,,31266546,ok,49.556
bot-013,01a0d83b-9553-72c3-91c5-7b27ccbd76fd,58,31717345,31766959,ACCEPTED,,31766964,ok,49.619
bot-013,01a0d83b-974e-7347-a3b1-cc4c5d553c44,59,32224308,32266643,ACCEPTED,,32266661,ok,42.353
bot-013,01a0d83b-9947-7226-8ed7-c33ed334b451,60,32729411,32766445,ACCEPTED,,32766450,ok,37.039
bot-013,01a0d83b-9b40-7586-91a5-484e609c74d5,61,33235006,33266369,ACCEPTED,,33266375,ok,31.369
bot-013,01a0d83b-9d3e-73e9-b8bf-9c6e08803782,62,33744588,33771124,ACCEPTED,,33771132,ok,26.544
bot-013,01a0d83b-9f3e-722a-abb4-2fc314ea1df1,63,34256779,34266486,ACCEPTED,,34266495,ok,9.716
bot-013,01a0d83b-a138-7012-8c4f-664a68eda124,64,34762295,34766408,ACCEPTED,,34766410,ok,4.115
bot-013,01a0d83b-a32f-73a0-9b7e-9e160891bda0,65,35265311,35266573,ACCEPTED,,35266577,ok,1.266
bot-013,01a0d83b-a524-755f-bb89-d99f3a648528,66,35766342,35816114,ACCEPTED,,35816126,ok,49.784
bot-013,01a0d83b-a722-759a-8743-d95fb3bbfa1b,67,36276276,36316616,ACCEPTED,,36316626,ok,40.350
bot-013,01a0d83b-a91c-7226-95e1-546840799e81,68,36782465,36816444,ACCEPTED,,36816453,ok,33.988
bot-013,01a0d83b-ab22-7533-8958-2e291d9f26ea,69,37300466,37316387,ACCEPTED,,37316404,ok,15.938
bot-013,01a0d83b-ad24-72fd-86be-fa48a616c334,70,37814290,37816949,ACCEPTED,,37816954,ok,2.664
bot-013,01a0d83b-af1a-778c-aac8-95223088b72c,71,38316790,38366393,ACCEPTED,,38366405,ok,49.615
bot-013,01a0d83b-b11c-72b1-a364-70d767a07f63,72,38830804,38866111,ACCEPTED,,38866115,ok,35.311
bot-013,01a0d83b-b31d-76bb-ae4f-baa36f525bc6,73,39343301,39366214,ACCEPTED,,39366227,ok,22.926
bot-013,01a0d83b-b519-7766-981d-b87bdf1cbbf0,74,39851768,39866161,ACCEPTED,,39866174,ok,14.406
bot-013,01a0d83b-b70f-77f3-a94c-0bb024624c03,75,40353344,40366176,ACCEPTED,,40366187,ok,12.843
bot-013,01a0d83b-b905-7734-ab00-5a1eb43f1dee,76,40855312,40866425,ACCEPTED,,40866429,ok,11.117
bot-013,01a0d83b-bafd-717b-be0b-64dd6c613a4c,77,41359588,41366115,ACCEPTED,,41366120,ok,6.532
bot-013,01a0d83b-bcf5-72a4-9e29-38bb1c37d88c,78,41863911,41866020,ACCEPTED,,41866036,ok,2.125
bot-013,01a0d83b-beea-77af-98bc-4617408defbd,79,42364493,42366124,ACCEPTED,,42366142,ok,1.649
bot-013,01a0d83b-c0e2-76ba-a160-b3074e041539,80,42868611,42917168,ACCEPTED,,42917173,ok,48.562
bot-013,01a0d83b-c2dc-76ea-b32e-06d394c71c84,81,43374467,43416139,ACCEPTED,,43416154,ok,41.687
bot-013,01a0d83b-c4d8-765c-acee-0fb8ed0c988f,82,43882641,43916388,ACCEPTED,,43916400,ok,33.759
bot-013,01a0d83b-c6d0-7791-be3a-f876dc83da17,83,44386815,44416434,ACCEPTED,,44416455,ok,29.640
bot-013,01a0d83b-c8ca-7405-9c12-67a3743d86b7,84,44892826,44916292,ACCEPTED,,44916309,ok,23.483
bot-013,01a0d83b-cac5-75b8-9b47-ffb9e184afe4,85,45399996,45416339,ACCEPTED,,45416351,ok,16.355
bot-013,01a0d83b-ccbe-7381-9ee2-23f250affd87,86,45904466,45916015,ACCEPTED,,45916031,ok,11.565
bot-013,01a0d83b-ceb6-7674-a7c2-40179b00dd87,87,46408582,46416604,ACCEPTED,,46416615,ok,8.033
bot-013,01a0d83b-d0af-704a-b965-796068526944,88,46914010,46916627,ACCEPTED,,46916631,ok,2.621
bot-013,01a0d83b-d2a6-77d0-ac66-4df74c8409e6,89,47416376,47466317,ACCEPTED,,47466324,ok,49.948
bot-013,01a0d83b-d4a9-7161-aa79-1b0d09bff8b4,90,47931603,47966389,ACCEPTED,,47966391,ok,34.788
bot-013,01a0d83b-d69f-7566-84fe-4b1f44a8cd8b,91,48433807,48466140,ACCEPTED,,48466150,ok,32.343
bot-013,01a0d83b-d895-7664-860b-547b7b70bc81,92,48935489,48966579,ACCEPTED,,48966598,ok,31.109
bot-013,01a0d83b-da8d-717c-8297-81b367c79c1d,93,49439656,49466410,ACCEPTED,,49466429,ok,26.773
bot-013,01a0d83b-dc84-7051-9a80-dc881b4f4c89,94,49942832,49966255,ACCEPTED,,49966270,ok,23.438
bot-013,01a0d83b-de7c-738c-9792-3402f97d8d0c,95,50446902,50482933,ACCEPTED,,50482943,ok,36.041
bot-013,01a0d83b-e079-7651-af1f-216b3c2271fd,96,50955324,50970512,ACCEPTED,,50970537,ok,15.213
bot-013,01a0d83b-e273-7634-9cb0-10248a8333e0,97,51461429,51466045,ACCEPTED,,51466063,ok,4.634
bot-013,01a0d83b-e46b-7583-b914-777583c124b4,98,51966205,52016738,ACCEPTED,,52016750,ok,50.545
bot-013,01a0d83b-e66e-759c-b794-8a20ebf1cb9e,99,52480714,52519835,ACCEPTED,,52519855,ok,39.141
bot-013,01a0d83b-e863-74b3-886d-22a3fb65a439,100,52981897,53016509,ACCEPTED,,53016514,ok,34.617
bot-013,01a0d83b-ea6c-777a-8254-ded99360a963,101,53502881,53525668,ACCEPTED,,53525677,ok,22.796
bot-013,01a0d83b-ec66-760c-8e0d-40aec5e63d52,102,54008315,54016600,ACCEPTED,,54016613,ok,8.298
bot-013,01a0d83b-ee62-73e6-8b67-276af1541143,103,54516386,54566555,ACCEPTED,,54566566,ok,50.180
bot-013,01a0d83b-f057-75b2-9fe4-d21474b7ff66,104,55017314,55066522,ACCEPTED,,55066534,ok,49.220
bot-013,01a0d83b-f24e-7163-a0b4-38c6ec337225,105,55520604,55566186,ACCEPTED,,55566191,ok,45.587
bot-013,01a0d83b-f452-720c-9ef6-9e2f4a2ca937,106,56037037,56066281,ACCEPTED,,56066288,ok,29.251
bot-013,01a0d83b-f64a-715c-bd51-87c7472ddc5f,107,56540309,56566562,ACCEPTED,,56566567,ok,26.258
bot-013,01a0d83b-f844-7471-a384-aa4d785ff9e1,108,57046489,57066344,ACCEPTED,,57066348,ok,19.859
bot-013,01a0d83b-fa44-7549-8cc7-504747bde90b,109,57558727,57566401,ACCEPTED,,57566408,ok,7.681
bot-013,01a0d83b-fc42-713f-9484-304a7893f9cc,110,58068345,58116280,ACCEPTED,,58116293,ok,47.948
bot-013,01a0d83b-fe45-72d7-a62b-5f34f99e12cf,111,58584046,58617102,ACCEPTED,,58617109,ok,33.063
bot-013,01a0d83c-0042-7068-bc99-33cd308ec8a7,112,59092896,59116206,ACCEPTED,,59116222,ok,23.326
bot-013,01a0d83c-023d-7395-9a80-3ce59a78c853,113,59600002,59616101,ACCEPTED,,59616111,ok,16.109
bot-013,01a0d83c-0437-7472-9090-688ecbeaaa03,114,60106023,60116219,ACCEPTED,,60116224,ok,10.201
bot-013,01a0d83c-0635-7251-8ca9-64ef9d12ad56,115,60616193,60666424,ACCEPTED,,60666443,ok,50.250
bot-013,01a0d83c-082a-76a1-8910-c5c2cf039ed1,116,61116605,61166675,ACCEPTED,,61166679,ok,50.074
bot-013,01a0d83c-0a1f-7408-b3f2-488a01ab861b,117,61617337,61666460,ACCEPTED,,61666470,ok,49.133
bot-013,01a0d83c-0c1b-7703-b1a2-795d61c6c22a,118,62126003,62166277,ACCEPTED,,62166300,ok,40.297
bot-014,01a0d83b-2296-76a9-8bb7-99417db71752,0,2344943,2366176,ACCEPTED,,2366187,ok,21.244
bot-014,01a0d83b-249c-7772-bdd2-a8be52c2c021,1,2863044,2866292,ACCEPTED,,2866294,ok,3.250
bot-014,01a0d83b-2693-74fe-83a1-dbfc8756294f,2,3366235,3416284,ACCEPTED,,3416294,ok,50.059
bot-014,01a0d83b-2893-73b6-b187-84c1c0952741,3,3878220,3916314,ACCEPTED,,3916317,ok,38.097
bot-014,01a0d83b-2a89-71e4-8f43-e0f64f688ac6,4,4379305,4416613,ACCEPTED,,4416622,ok,37.317
bot-014,01a0d83b-2c87-76cb-aff1-5233481181c2,5,4890028,4917145,ACCEPTED,,4917149,ok,27.121
bot-014,01a0d83b-2e86-7375-8f35-100fbf0ff5fb,6,5400459,5416253,ACCEPTED,,5416258,ok,15.799
bot-014,01a0d83b-3080-742b-b8c8-5b50dbb4cea4,7,5906658,5916865,ACCEPTED,,5916875,ok,10.217
bot-014,01a0d83b-327a-745e-930a-0448ef850023,8,6412893,6416755,ACCEPTED,,6416766,ok,3.873
bot-014,01a0d83b-3471-7281-9fc6-684999b72fd5,9,6916221,6966832,ACCEPTED,,6966843,ok,50.622
bot-014,01a0d83b-3666-7476-902d-92dd2b150bb8,10,7416581,7466668,ACCEPTED,,7466682,ok,50.101
bot-014,01a0d83b-3862-77c8-9e64-ca4a2ae23b94,11,7924273,7966159,ACCEPTED,,7966166,ok,41.893
bot-014,01a0d83b-3a5b-778a-9fb1-cbffc8cc20b6,12,8430097,8466257,ACCEPTED,,8466267,ok,36.170
bot-014,01a0d83b-3c51-761c-827a-5735feafd70a,13,8931752,8966252,ACCEPTED,,8966265,ok,34.513
bot-014,01a0d83b-3e4b-72e8-b315-e7beb52ac92d,14,9437943,9466283,ACCEPTED,,9466287,ok,28.344
bot-014,01a0d83b-4046-7193-9500-5d87281cb451,15,9944822,9966471,ACCEPTED,,9966478,ok,21.656
bot-014,01a0d83b-423f-766c-9496-fac727374601,16,10450220,10466374,ACCEPTED,,10466381,ok,16.161
bot-014,01a0d83b-443e-7521-9ce1-b9d705047dfe,17,10960774,10966463,ACCEPTED,,10966467,ok,5.693
bot-014,01a0d83b-4633-756b-9abf-65ae26de7909,18,11462057,11466348,ACCEPTED,,11466357,ok,4.300
bot-014,01a0d83b-482c-7107-b119-6cb535946d1f,19,11966352,12016564,ACCEPTED,,12016568,ok,50.216
bot-014,01a0d83b-4a28-7157-938e-cb78eed34e56,20,12474618,12516567,ACCEPTED,,12516577,ok,41.959
bot-014,01a0d83b-4c1e-7104-a7cc-9740f5f47112,21,12977039,13016698,ACCEPTED,,13016702,ok,39.663
bot-014,01a0d83b-4e1d-706e-9dc7-7370abaa863e,22,13487556,13516144,ACCEPTED,,13516153,ok,28.597
bot-014,01a0d83b-5017-72ec-ba29-4c31219f7db4,23,13993454,14016768,ACCEPTED,,14016777,ok,23.323
bot-014,01a0d83b-5211-7648-a2a7-c5c5be525fb2,24,14499661,14516524,ACCEPTED,,14516528,ok,16.867
bot-014,01a0d83b-540b-71d2-a586-a03ec3454c92,25,15005731,15016710,ACCEPTED,,15016714,ok,10.983
bot-014,01a0d83b-560a-700d-b034-d683f072c1e5,26,15516591,15566053,ACCEPTED,,15566057,ok,49.466
bot-014,01a0d83b-5810-7255-84cb-ff1c0670410c,27,16034901,16066385,ACCEPTED,,16066404,ok,31.503
bot-014,01a0d83b-5a05-761d-9d65-b44c8a049a73,28,16536078,16566284,ACCEPTED,,16566288,ok,30.210
bot-014,01a0d83b-5bfb-7042-9b9c-dea0a311b983,29,17037544,17066157,ACCEPTED,,17066163,ok,28.619
bot-014,01a0d83b-5dfa-77c2-bd4b-dbb134a760e7,30,17548474,17566265,ACCEPTED,,17566275,ok,17.801
bot-014,01a0d83b-5ff0-77a8-9466-4990eb6c54a9,31,18050983,18066601,ACCEPTED,,18066624,ok,15.641
bot-014,01a0d83b-61ed-74a8-9c14-46cf5f683309,32,18560177,18566151,ACCEPTED,,18566161,ok,5.984
bot-014,01a0d83b-63e8-7557-82e2-89245d2e7a94,33,19066355,19116586,ACCEPTED,,19116591,ok,50.236
bot-014,01a0d83b-65e2-7623-9781-db728768bfab,34,19573056,19616650,ACCEPTED,,19616659,ok,43.603
bot-014,01a0d83b-67dd-777e-a6dd-ab16c13850e1,35,20079357,20116364,ACCEPTED,,20116377,ok,37.020
bot-014,01a0d83b-69d7-7498-b8c8-681da5811ad9,36,20585352,20616335,ACCEPTED,,20616348,ok,30.996
bot-014,01a0d83b-6bd1-723c-8ec5-2d46c2a1daee,37,21091447,21116270,ACCEPTED,,21116288,ok,24.841
bot-014,01a0d83b-6dcc-76df-8e40-2b830b3b14c0,38,21598729,21616200,ACCEPTED,,21616206,ok,17.477
bot-014,01a0d83b-6fd1-7050-8e23-add79091c83c,39,22115392,22116126,ACCEPTED,,22116131,ok,0.739
bot-014,01a0d83b-71c6-7154-8af9-657d013af363,40,22616734,22666300,ACCEPTED,,22666312,ok,49.578
bot-014,01a0d83b-73bb-755c-82ef-3e5a5f821cb9,41,23117653,23166183,ACCEPTED,,23166188,ok,48.535
bot-014,01a0d83b-75b7-7640-a5ac-526d473753d9,42,23625989,23666371,ACCEPTED,,23666392,ok,40.403
bot-014,01a0d83b-77b2-75a2-8f49-d31cbfb853d4,43,24133158,24166175,ACCEPTED,,24166183,ok,33.025
bot-014,01a0d83b-79a9-74fd-85cf-3fffc03843bc,44,24635354,24666247,ACCEPTED,,24666256,ok,30.902
bot-014,01a0d83b-7ba2-72f4-aef2-8c3bb1e55371,45,25140643,25166270,ACCEPTED,,25166276,ok,25.633
bot-014,01a0d83b-7d9f-76bb-8660-9710485d836b,46,25649682,25666189,ACCEPTED,,25666194,ok,16.512
bot-014,01a0d83b-7fa2-772f-a73b-553c550f2618,47,26164509,26166178,ACCEPTED,,26166182,ok,1.673
bot-014,01a0d83b-8197-739e-b4db-a13d5ce86b11,48,26666145,26717101,ACCEPTED,,26717105,ok,50.960
bot-014,01a0d83b-838c-75ea-8f6e-3c02661bc24c,49,27166331,27216592,ACCEPTED,,27216597,ok,50.266
bot-014,01a0d83b-8582-736c-9208-81a73e01f2d4,50,27668503,27716510,ACCEPTED,,27716520,ok,48.017
bot-014,01a0d83b-8783-75f2-9143-396e2ccf6bf0,51,28182019,28217446,ACCEPTED,,28217453,ok,35.434
bot-014,01a0d83b-8979-7165-a9a4-196aadf932a0,52,28683842,28717267,ACCEPTED,,28717272,ok,33.430
bot-014,01a0d83b-8b74-76ff-a0c6-8e4f750778af,53,29191248,29217219,ACCEPTED,,29217224,ok,25.976
bot-014,01a0d83b-8d6d-70b9-af12-1a49d2cc0084,54,29696115,29716392,ACCEPTED,,29716405,ok,20.290
bot-014,01a0d83b-8f6a-73ff-9873-418c93d13ce9,55,30204938,30216734,ACCEPTED,,30216741,ok,11.803
bot-014,01a0d83b-9162-7511-8782-4d9eec5b16e6,56,30708736,30716725,ACCEPTED,,30716735,ok,7.999
bot-014,01a0d83b-935e-744e-9bbd-9702b961389b,57,31217071,31266554,ACCEPTED,,31266566,ok,49.495
bot-014,01a0d83b-9553-72c3-91c5-7b2a64ff5655,58,31717378,31767007,ACCEPTED,,31767014,ok,49.636
bot-014,01a0d83b-974e-7347-a3b1-cc47bf78a95a,59,32224271,32266648,ACCEPTED,,32266661,ok,42.390
bot-014,01a0d83b-9947-7226-8ed7-c33c4994018e,60,32729370,32766436,ACCEPTED,,32766444,ok,37.074
bot-014,01a0d83b-9b40-7586-91a5-4851156012ca,61,33235034,33266352,ACCEPTED,,33266357,ok,31.323
bot-014,01a0d83b-9d3e-73e9-b8bf-9c720df92751,62,33744623,33771109,ACCEPTED,,33771112,ok,26.489
bot-014,01a0d83b-9f3e-722a-abb4-2fc5d80ba1bf,63,34256801,34266537,ACCEPTED,,34266541,ok,9.740
bot-014,01a0d83b-a138-7012-8c4f-6648dbf822a3,64,34762274,34766390,ACCEPTED,,34766399,ok,4.125
bot-014,01a0d83b-a32f-73a0-9b7e-9e17e3167bc4,65,35265316,35266535,ACCEPTED,,35266539,ok,1.223
bot-014,01a0d83b-a524-755f-bb89-d9a13054de2a,66,35766350,35816108,ACCEPTED,,35816115,ok,49.765
bot-014,01a0d83b-a722-759a-8743-d960daae89ef,67,36276281,36316588,ACCEPTED,,36316600,ok,40.319
bot-014,01a0d83b-a91c-7226-95e1-5465bffadc5f,68,36782432,36816582,ACCEPTED,,36816586,ok,34.154
bot-014,01a0d83b-ab22-7533-8958-2e2bff8c1f5a,69,37300534,37316872,ACCEPTED,,37316879,ok,16.345
bot-014,01a0d83b-ad24-72fd-86be-fa4653b314e0,70,37814260,37816420,ACCEPTED,,37816425,ok,2.165
bot-014,01a0d83b-af1a-778c-aac8-951f70622d8f,71,38316515,38366368,ACCEPTED,,38366389,ok,49.874
bot-014,01a0d83b-b11c-72b1-a364-70d457fdc06e,72,38830769,38866050,ACCEPTED,,38866068,ok,35.299
bot-014,01a0d83b-b31d-76bb-ae4f-baa67daff820,73,39343337,39366258,ACCEPTED,,39366263,ok,22.926
bot-014,01a0d83b-b519-7766-981d-b87fea3caab4,74,39851809,39866170,ACCEPTED,,39866174,ok,14.365
bot-014,01a0d83b-b70f-77f3-a94c-0bae91898dcf,75,40353317,40366157,ACCEPTED,,40366166,ok,12.849
bot-014,01a0d83b-b905-7734-ab00-5a22866f79ab,76,40855360,40866390,ACCEPTED,,40866395,ok,11.035
bot-014,01a0d83b-bafd-717b-be0b-64d9c2c2956e,77,41359539,41366056,ACCEPTED,,41366068,ok,6.529
bot-014,01a0d83b-bcf5-72a4-9e29-38bfba501459,78,41863950,41866084,ACCEPTED,,41866095,ok,2.145
bot-014,01a0d83b-beea-77af-98bc-461c31ece224,79,42364563,42366183,ACCEPTED,,42366188,ok,1.625
bot-014,01a0d83b-c0e2-76ba-a160-b3050b1022d8,80,42868568,42916473,ACCEPTED,,42916496,ok,47.928
bot-014,01a0d83b-c2dc-76ea-b32e-06d6be218fcd,81,43374494,43416457,ACCEPTED,,43416463,ok,41.969
bot-014,01a0d83b-c4d8-765c-acee-0fba99567714,82,43882678,43916443,ACCEPTED,,43916452,ok,33.774
bot-014,01a0d83b-c6d0-7791-be3a-f87768355a3c,83,44386815,44416495,ACCEPTED,,44416498,ok,29.683
bot-014,01a0d83b-c8ca-7405-9c12-67a43fc001e9,84,44892836,44916307,ACCEPTED,,44916319,ok,23.483
bot-014,01a0d83b-cac5-75b8-9b47-ffbbba7d75da,85,45400010,45416367,ACCEPTED,,45416372,ok,16.362
bot-014,01a0d83b-ccbe-7381-9ee2-23f116981d2c,86,45904458,45916014,ACCEPTED,,45916032,ok,11.574
bot-014,01a0d83b-ceb6-7674-a7c2-4012910d4ac1,87,46408520,46416331,ACCEPTED,,46416350,ok,7.830
bot-014,01a0d83b-d0af-704a-b965-795c3af6d273,88,46913967,46916730,ACCEPTED,,46916734,ok,2.767
bot-014,01a0d83b-d2a6-77d0-ac66-4dfa56725d79,89,47416497,47466338,ACCEPTED,,47466343,ok,49.846
bot-014,01a0d83b-d4a9-7161-aa79-1b1080b02275,90,47931638,47966403,ACCEPTED,,47966407,ok,34.769
bot-014,01a0d83b-d69f-7566-84fe-4b1d61895444,91,48433704,48466136,ACCEPTED,,48466142,ok,32.438
bot-014,01a0d83b-d895-7664-860b-547c97640c58,92,48935500,48966656,ACCEPTED,,48966665,ok,31.165
bot-014,01a0d83b-da8d-717c-8297-81b535030527,93,49439691,49466467,ACCEPTED,,49466473,ok,26.782
bot-014,01a0d83b-dc84-7051-9a80-dc8a6553cee5,94,49942860,49966316,ACCEPTED,,49966323,ok,23.463
bot-014,01a0d83b-de7c-738c-9792-34044bbcb410,95,50446989,50482933,ACCEPTED,,50482937,ok,35.948
bot-014,01a0d83b-e079-7651-af1f-216c32f0f1c1,96,50955325,50970450,ACCEPTED,,50970477,ok,15.152
bot-014,01a0d83b-e273-7634-9cb0-1025cd4aa3b7,97,51461529,51466045,ACCEPTED,,51466063,ok,4.534
bot-014,01a0d83b-e46c-71ce-aab5-1f073c9567c8,98,51966257,52017172,ACCEPTED,,52017179,ok,50.922
bot-014,01a0d83b-e66e-759c-b794-8a246f2c2982,99,52480764,52519835,ACCEPTED,,52519856,ok,39.092
bot-014,01a0d83b-e863-74b3-886d-22a766b6169d,100,52981932,53016467,ACCEPTED,,53016487,ok,34.555
bot-014,01a0d83b-ea6c-777a-8254-ded78873153e,101,53502857,53525587,ACCEPTED,,53525598,ok,22.741
bot-014,01a0d83b-ec66-760c-8e0d-40ac179ebb44,102,54008294,54016862,ACCEPTED,,54016866,ok,8.572
bot-014,01a0d83b-ee62-73e6-8b67-276fd9a5e716,103,54516448,54566549,ACCEPTED,,54566567,ok,50.119
bot-014,01a0d83b-f057-75b2-9fe4-d21725052fc6,104,55017342,55066590,ACCEPTED,,55066595,ok,49.253
bot-014,01a0d83b-f24e-7163-a0b4-38c4b5eae8de,105,55520594,55566177,ACCEPTED,,55566181,ok,45.587
bot-014,01a0d83b-f452-720c-9ef6-9e2d219b86f8,106,56037007,56066217,ACCEPTED,,56066237,ok,29.230
bot-014,01a0d83b-f64a-715c-bd51-87c5ab94d8cd,107,56540282,56566577,ACCEPTED,,56566581,ok,26.299
bot-014,01a0d83b-f844-7471-a384-aa4ccc88d8fe,108,57046463,57066314,ACCEPTED,,57066331,ok,19.868
bot-014,01a0d83b-fa44-7549-8cc7-50464b045158,109,57558678,57566402,ACCEPTED,,57566408,ok,7.730
bot-014,01a0d83b-fc42-713f-9484-304b603b0aa7,110,58068362,58116317,ACCEPTED,,58116322,ok,47.960
bot-014,01a0d83b-fe45-72d7-a62b-5f35bb1aff5c,111,58584055,58616956,ACCEPTED,,58616961,ok,32.906
bot-014,01a0d83c-0042-7068-bc99-33cf82e50e13,112,59092922,59116572,ACCEPTED,,59116581,ok,23.659
bot-014,01a0d83c-023d-7395-9a80-3ce91cc6916a,113,59600055,59616337,ACCEPTED,,59616345,ok,16.290
bot-014,01a0d83c-0437-7472-9090-6892c6bf10c1,114,60106069,60116177,ACCEPTED,,60116196,ok,10.127
bot-014,01a0d83c-0635-7251-8ca9-64ee6610b59e,115,60616182,60666450,ACCEPTED,,60666463,ok,50.281
bot-014,01a0d83c-082a-76a1-8910-c5be1662db05,116,61116543,61166715,ACCEPTED,,61166718,ok,50.175
bot-014,01a0d83c-0a1f-7408-b3f2-48877e734417,117,61617320,61666450,ACCEPTED,,61666462,ok,49.142
bot-014,01a0d83c-0c1b-7703-b1a2-795ec3907f19,118,62126009,62166329,ACCEPTED,,62166339,ok,40.330
bot-015,01a0d83b-24fa-7781-b449-b84290e5fc73,0,2956564,2966308,ACCEPTED,,2966316,ok,9.752
bot-015,01a0d83b-26fc-725e-a7ec-f8c1e67a847e,1,3471210,3516578,ACCEPTED,,3516584,ok,45.374
bot-015,01a0d83b-28fd-7202-af4e-25bf8a7ee382,2,3984004,4016317,ACCEPTED,,4016322,ok,32.318
bot-015,01a0d83b-2afb-75d8-b497-987795dc8f4a,3,4493943,4516037,ACCEPTED,,4516048,ok,22.105
bot-015,01a0d83b-2cf0-75af-b134-317461b9527d,4,4994987,5019338,ACCEPTED,,5019341,ok,24.354
bot-015,01a0d83b-2ef0-756f-b994-0a18fc53dbbe,5,5506338,5516426,ACCEPTED,,5516437,ok,10.099
bot-015,01a0d83b-30ea-7225-b8f1-a63e5a9eb3c1,6,6012758,6016461,ACCEPTED,,6016472,ok,3.714
bot-015,01a0d83b-32e2-7369-aea2-27dd128ab29b,7,6516609,6566534,ACCEPTED,,6566545,ok,49.936
bot-015,01a0d83b-34dc-77ff-bab9-36ffb7b69980,8,7022606,7066178,ACCEPTED,,7066189,ok,43.583
bot-015,01a0d83b-36d1-71de-b82e-61dbcde5ffa3,9,7524153,7566392,ACCEPTED,,7566405,ok,42.252
bot-015,01a0d83b-38d0-759a-87b9-0e11d0220984,10,8034611,8066274,ACCEPTED,,8066286,ok,31.675
bot-015,01a0d83b-3aca-74b1-8c98-bb0a7e9a96cc,11,8540792,8566560,ACCEPTED,,8566568,ok,25.776
bot-015,01a0d83b-3cc8-7773-8b79-369f3206145e,12,9050351,9066205,ACCEPTED,,9066217,ok,15.866
bot-015,01a0d83b-3ec1-76c9-8e33-0e05e7a230ff,13,9555799,9566399,ACCEPTED,,9566402,ok,10.603
bot-015,01a0d83b-40bb-7760-8f1e-cba3cb85b2c7,14,10061961,10066355,ACCEPTED,,10066372,ok,4.411
bot-015,01a0d83b-42b5-73b8-a1e0-0c8f1d2e6d5a,15,10568067,10616422,ACCEPTED,,10616433,ok,48.366
bot-015,01a0d83b-44ab-7538-8571-b7bff9242212,16,11070083,11116319,ACCEPTED,,11116323,ok,46.240
bot-015,01a0d83b-46a3-723c-92da-a9435331bf08,17,11574034,11616254,ACCEPTED,,11616270,ok,42.236
bot-015,01a0d83b-48a0-715c-abce-6b18c5ada95f,18,12082345,12116360,ACCEPTED,,12116369,ok,34.024
bot-015,01a0d83b-4a96-77e6-9a07-2c129ca145e2,19,12584892,12616424,ACCEPTED,,12616429,ok,31.537
bot-015,01a0d83b-4c8c-71de-af38-a9c7ba9944fa,20,13087037,13116341,ACCEPTED,,13116352,ok,29.315
bot-015,01a0d83b-4e90-76c4-bc6d-2865ef15b9a2,21,13603149,13617213,ACCEPTED,,13617217,ok,14.068
bot-015,01a0d83b-508c-71cf-92d3-70abf11e299a,22,14111206,14116047,ACCEPTED,,14116054,ok,4.848
bot-015,01a0d83b-5286-7581-bcf8-2eb307756f75,23,14616411,14666640,ACCEPTED,,14666656,ok,50.245
bot-015,01a0d83b-547b-73e6-96ad-afc789f8d15c,24,15117339,15166399,ACCEPTED,,15166416,ok,49.077
bot-015,01a0d83b-567d-7095-b21b-4f7c0eef43e2,25,15631923,15666354,ACCEPTED,,15666359,ok,34.436
bot-015,01a0d83b-5875-77d6-a815-dcc7665d10ef,26,16135875,16166515,ACCEPTED,,16166534,ok,30.659
bot-015,01a0d83b-5a70-77ac-9424-13e239067bf9,27,16642314,16666491,ACCEPTED,,16666501,ok,24.187
bot-015,01a0d83b-5c69-76f9-aedd-13e8e72edf31,28,17148224,17166252,ACCEPTED,,17166257,ok,18.033
bot-015,01a0d83b-5e64-72eb-80a9-333b865f0f97,29,17654441,17666068,ACCEPTED,,17666079,ok,11.638
bot-015,01a0d83b-605e-7197-b441-8f83fcd7f865,30,18160430,18166507,ACCEPTED,,18166524,ok,6.094
bot-015,01a0d83b-6258-74ac-a404-a9019878a658,31,18666812,18718839,ACCEPTED,,18718859,ok,52.047
bot-015,01a0d83b-6454-77fe-9c13-f9d526ba5e23,32,19174752,19216181,ACCEPTED,,19216185,ok,41.433
bot-015,01a0d83b-664c-73df-8f47-1e5e15fccb36,33,19678855,19716516,ACCEPTED,,19716520,ok,37.665
bot-015,01a0d83b-6846-75a8-9a69-f11079a66792,34,20185191,20216265,ACCEPTED,,20216270,ok,31.079
bot-015,01a0d83b-6a41-727c-a399-b89392cfe4c5,35,20691491,20716216,ACCEPTED,,20716233,ok,24.742
bot-015,01a0d83b-6c42-7038-bba5-30c121f49a50,36,21205172,21216596,ACCEPTED,,21216601,ok,11.429
bot-015,01a0d83b-6e41-7156-8b22-afd830295db1,37,21715736,21716455,ACCEPTED,,21716460,ok,0.724
bot-015,01a0d83b-7036-7755-aa0c-73c797acf494,38,22216752,22266370,ACCEPTED,,22266391,ok,49.639
bot-015,01a0d83b-722d-77a5-9a96-b9c940b7db2b,39,22720200,22766144,ACCEPTED,,22766156,ok,45.956
bot-015,01a0d83b-742c-761c-b2a8-153cbfe7d683,40,23230668,23266197,ACCEPTED,,23266208,ok,35.540
bot-015,01a0d83b-7625-77ec-b5c8-dea99ad595e8,41,23736163,23766090,ACCEPTED,,23766100,ok,29.937
bot-015,01a0d83b-7821-7173-a2fc-37b0933e402f,42,24243547,24266103,ACCEPTED,,24266114,ok,22.567
bot-015,01a0d83b-7a19-735f-be13-fd2d33c4112d,43,24747268,24766385,ACCEPTED,,24766389,ok,19.121
bot-015,01a0d83b-7c14-70f8-81ba-ccd738626940,44,25254737,25266243,ACCEPTED,,25266255,ok,11.518
bot-015,01a0d83b-7e0f-727c-8650-7aa8ca426524,45,25761421,25766309,ACCEPTED,,25766315,ok,4.894
bot-015,01a0d83b-8008-72d4-bd24-d0b72923a2b5,46,26266918,26316326,ACCEPTED,,26316403,ok,49.485
bot-015,01a0d83b-8200-74b1-ab4a-77788c7728fe,47,26771044,26816441,ACCEPTED,,26816451,ok,45.407
bot-015,01a0d83b-8403-761e-a5cb-b1a30d03d84a,48,27285503,27316915,ACCEPTED,,27316927,ok,31.424
bot-015,01a0d83b-8601-74ee-aed8-e718d7f2d4d7,49,27795351,27816227,ACCEPTED,,27816237,ok,20.886
bot-015,01a0d83b-87fa-71c3-b8be-949d6921cda5,50,28300361,28320805,ACCEPTED,,28320811,ok,20.450
bot-015,01a0d83b-89ef-726c-a024-3dbdbbfcc83c,51,28801586,28816883,ACCEPTED,,28816888,ok,15.302
bot-015,01a0d83b-8bed-7145-9c7c-42b22c13d2bb,52,29311760,29316461,ACCEPTED,,29316474,ok,4.714
bot-015,01a0d83b-8de3-7661-b0cf-67fa39761aa0,53,29814171,29816123,ACCEPTED,,29816127,ok,1.956
bot-015,01a0d83b-8fda-75d1-bc36-7cb6f1b93ad6,54,30316557,30366176,ACCEPTED,,30366188,ok,49.631
bot-015,01a0d83b-91cf-751f-af14-0f77decb1fa7,55,30817452,30866436,ACCEPTED,,30866440,ok,48.988
bot-015,01a0d83b-93c6-75e2-bb72-fa508356ee64,56,31320579,31366403,ACCEPTED,,31366412,ok,45.833
bot-015,01a0d83b-95c3-70bc-9e97-605cf24ae127,57,31830057,31866042,ACCEPTED,,31866055,ok,35.998
bot-015,01a0d83b-97ba-7274-9dff-73be31d0e0f1,58,32332997,32366469,ACCEPTED,,32366479,ok,33.482
bot-015,01a0d83b-99b6-7018-9a59-9b892c8a0680,59,32840748,32866194,ACCEPTED,,32866205,ok,25.457
bot-015,01a0d83b-9baf-73f3-ae9c-1faab5d7872e,60,33345407,33366354,ACCEPTED,,33366358,ok,20.951
bot-015,01a0d83b-9dab-7645-ad47-b3e60dcbf4c4,61,33854057,33866168,ACCEPTED,,33866184,ok,12.127
bot-015,01a0d83b-9fa3-7675-a722-c3363f84ba4d,62,34357641,34366084,ACCEPTED,,34366096,ok,8.455
bot-015,01a0d83b-a19d-763e-bde1-c602bcdb2927,63,34863741,34866080,ACCEPTED,,34866084,ok,2.343
bot-015,01a0d83b-a394-74c2-ac87-13f8f8d4f940,64,35367132,35416046,ACCEPTED,,35416054,ok,48.922
bot-015,01a0d83b-a594-77e1-b153-4450b1aa703a,65,35878976,35916455,ACCEPTED,,35916467,ok,37.491
bot-015,01a0d83b-a78c-77ec-9a23-73e9b8603a41,66,36382319,36416747,ACCEPTED,,36416752,ok,34.433
bot-015,01a0d83b-a986-7079-9f57-2b9686d2f909,67,36888516,36916593,ACCEPTED,,36916602,ok,28.086
bot-015,01a0d83b-ab7e-72be-a9ce-cddb73fdac8d,68,37392401,37416458,ACCEPTED,,37416470,ok,24.069
bot-015,01a0d83b-ad73-73e7-872b-2be2c7b31097,69,37893805,37916351,ACCEPTED,,37916364,ok,22.559
bot-015,01a0d83b-af6a-735a-9cdd-ac01b4db38d7,70,38396454,38416486,ACCEPTED,,38416492,ok,20.038
bot-015,01a0d83b-b168-76b0-b07c-87b0052a7ff4,71,38906401,38916209,ACCEPTED,,38916228,ok,9.827
bot-015,01a0d83b-b366-7324-8c38-385284fd8695,72,39416416,39466176,ACCEPTED,,39466200,ok,49.784
bot-015,01a0d83b-b561-7333-afba-1b6cc7455145,73,39923513,39966239,ACCEPTED,,39966257,ok,42.744
bot-015,01a0d83b-b75a-7542-8633-8eee697f4639,74,40429078,40466371,ACCEPTED,,40466390,ok,37.312
bot-015,01a0d83b-b951-764b-ac85-97365f200a3d,75,40932244,40965989,ACCEPTED,,40966006,ok,33.762
bot-015,01a0d83b-bb51-7358-9944-e3d50540f72c,76,41444069,41466171,ACCEPTED,,41466190,ok,22.121
bot-015,01a0d83b-bd4b-76d3-aa9c-fe2095b54bcf,77,41950178,41966534,ACCEPTED,,41966544,ok,16.366
bot-015,01a0d83b-bf46-7201-a80e-0b073bee0ad9,78,42456333,42466211,ACCEPTED,,42466223,ok,9.890
bot-015,01a0d83b-c140-7398-a519-19e3b2b0fab4,79,42962499,42966155,ACCEPTED,,42966158,ok,3.659
bot-015,01a0d83b-c338-73a3-81f3-28dae5888c9d,80,43466348,43516512,ACCEPTED,,43516536,ok,50.188
bot-015,01a0d83b-c540-70ca-8937-f62ab7aa7c74,81,43986440,44017093,ACCEPTED,,44017098,ok,30.658
bot-015,01a0d83b-c737-74e7-a492-c1db36367314,82,44489690,44516313,ACCEPTED,,44516334,ok,26.644
bot-015,01a0d83b-c934-7518-951d-028efabe3274,83,44999015,45016405,ACCEPTED,,45016428,ok,17.413
bot-015,01a0d83b-cb2e-760b-b858-7c8882d2f48b,84,45505129,45516404,ACCEPTED,,45516416,ok,11.287
bot-015,01a0d83b-cd28-77e6-8ca9-0135d2006281,85,46010325,46017151,ACCEPTED,,46017155,ok,6.830
bot-015,01a0d83b-cf21-7460-9c5c-711d298edcf9,86,46516115,46566747,ACCEPTED,,46566757,ok,50.642
bot-015,01a0d83b-d116-7181-845e-b156f2da1de3,87,47016896,47066403,ACCEPTED,,47066415,ok,49.519
bot-015,01a0d83b-d30e-7736-80ff-b97af1dae73d,88,47520276,47566381,ACCEPTED,,47566394,ok,46.118
bot-015,01a0d83b-d505-7214-b396-e6ce304f8ead,89,48023939,48066002,ACCEPTED,,48066021,ok,42.082
bot-015,01a0d83b-d700-757d-91bd-3642b60c51c9,90,48530297,48566458,ACCEPTED,,48566478,ok,36.181
bot-015,01a0d83b-d8fa-719c-9454-197fe65fdfd4,91,49036542,49066487,ACCEPTED,,49066506,ok,29.964
bot-015,01a0d83b-daf4-7026-9daf-2100d36275aa,92,49542463,49566129,ACCEPTED,,49566138,ok,23.675
bot-015,01a0d83b-dcee-7754-b415-0187a733b1a4,93,50048868,50066222,ACCEPTED,,50066235,ok,17.367
bot-015,01a0d83b-dee9-7550-a042-f799211034c0,94,50555327,50566500,ACCEPTED,,50566509,ok,11.182
bot-015,01a0d83b-e0e2-76eb-a630-4300f8ece52b,95,51061109,51069912,ACCEPTED,,51069928,ok,8.819
bot-015,01a0d83b-e2dc-7082-9b91-c61e93429200,96,51566512,51616296,ACCEPTED,,51616306,ok,49.794
bot-015,01a0d83b-e4d4-70e6-bb54-7a1827ae5f43,97,52070945,52116442,ACCEPTED,,52116448,ok,45.503
bot-015,01a0d83b-e6ca-76b5-a369-9c445b877e09,98,52572424,52619924,ACCEPTED,,52619933,ok,47.509
bot-015,01a0d83b-e8c2-7789-a5d5-a8bfcd8940ba,99,53076381,53118096,ACCEPTED,,53118114,ok,41.733
bot-015,01a0d83b-eabb-7029-b197-4664f688e935,100,53582125,53618567,ACCEPTED,,53618591,ok,36.466
bot-015,01a0d83b-ecb6-723e-9774-b94b97a40e49,101,54088327,54116252,ACCEPTED,,54116263,ok,27.936
bot-015,01a0d83b-eeb0-748a-a035-a2d6648981ba,102,54595023,54616198,ACCEPTED,,54616202,ok,21.179
bot-015,01a0d83b-f0a8-73cb-ae93-f743c9554dd3,103,55098371,55116220,ACCEPTED,,55116233,ok,17.862
bot-015,01a0d83b-f2a2-7099-82a4-f5af01d023d4,104,55605195,55616082,ACCEPTED,,55616092,ok,10.897
bot-015,01a0d83b-f4a1-733d-9286-9d0c393fe630,105,56116034,56166179,ACCEPTED,,56166190,ok,50.156
bot-015,01a0d83b-f696-74f9-8dc0-8d3ee691112d,106,56616387,56666442,ACCEPTED,,56666462,ok,50.075
bot-015,01a0d83b-f890-7403-adfc-15a1c2022f30,107,57122895,57166471,ACCEPTED,,57166485,ok,43.590
bot-015,01a0d83b-fa90-732d-adcf-a221d147a66c,108,57634352,57666307,ACCEPTED,,57666314,ok,31.962
bot-015,01a0d83b-fc8c-7241-9333-03e571edea77,109,58142640,58166066,ACCEPTED,,58166081,ok,23.441
bot-015,01a0d83b-fe8b-7090-869d-1434fcded127,110,58653467,58666155,ACCEPTED,,58666169,ok,12.702
bot-015,01a0d83c-0085-722c-81bd-e6e90178537d,111,59159565,59166434,ACCEPTED,,59166443,ok,6.878
bot-015,01a0d83c-027a-7516-9f64-1f88f8d164d2,112,59661007,59666389,ACCEPTED,,59666405,ok,5.398
bot-015,01a0d83c-0477-73d6-b6e0-8211b7b3914e,113,60169326,60216501,ACCEPTED,,60216512,ok,47.186
bot-015,01a0d83c-067b-7611-a03a-aa7cb093c255,114,60685826,60716459,ACCEPTED,,60716473,ok,30.647
bot-015,01a0d83c-0872-714d-8e89-039355649378,115,61188317,61217235,ACCEPTED,,61217240,ok,28.923
bot-015,01a0d83c-0a6b-705d-80b4-7c57a67502ec,116,61694114,61716201,ACCEPTED,,61716206,ok,22.092
bot-015,01a0d83c-0c69-74e0-b971-3d32fa30d701,117,62203713,62216368,ACCEPTED,,62216389,ok,12.676
bot-015,01a0d83c-0e6a-7354-a714-8575f9e20d29,118,62716611,62766338,ACCEPTED,,62766350,ok,49.739
bot-016,01a0d83b-2400-75ee-90d0-9cb30dc52d97,0,2707157,2716529,ACCEPTED,,2716536,ok,9.379
bot-016,01a0d83b-25f5-7701-af04-8a8f84656bde,1,3207744,3216396,ACCEPTED,,3216406,ok,8.662
bot-016,01a0d83b-27f2-7310-afc4-0d87f624c83d,2,3716450,3766093,ACCEPTED,,3766097,ok,49.647
bot-016,01a0d83b-29eb-72fc-87bc-6caaa9071bf0,3,4221449,4266109,ACCEPTED,,4266120,ok,44.671
bot-016,01a0d83b-2bee-7313-a03b-e5a59311ef72,4,4736999,4766468,ACCEPTED,,4766472,ok,29.473
bot-016,01a0d83b-2de6-764e-81ea-8fa503084bdf,5,5240679,5266224,ACCEPTED,,5266234,ok,25.555
bot-016,01a0d83b-2fdb-76d6-9f50-3e7f5dacaa1f,6,5742036,5766562,ACCEPTED,,5766565,ok,24.529
bot-016,01a0d83b-31d5-7337-9263-10050cd1aecf,7,6247907,6266346,ACCEPTED,,6266353,ok,18.446
bot-016,01a0d83b-33cc-76e8-a02c-1f6dcdfe023d,8,6750958,6766433,ACCEPTED,,6766438,ok,15.480
bot-016,01a0d83b-35cc-7740-a18a-cc84d2b6bb74,9,7262913,7266357,ACCEPTED,,7266366,ok,3.453
bot-016,01a0d83b-37c4-71d4-afa4-d2b8c3cee427,10,7766443,7816305,ACCEPTED,,7816316,ok,49.873
bot-016,01a0d83b-39bc-7782-b83c-4433c592593d,11,8270711,8316253,ACCEPTED,,8316269,ok,45.558
bot-016,01a0d83b-3bb8-7368-8765-a32d169ed452,12,8778625,8816215,ACCEPTED,,8816230,ok,37.605
bot-016,01a0d83b-3db2-7442-ba37-7e2515771965,13,9284853,9316431,ACCEPTED,,9316449,ok,31.596
bot-016,01a0d83b-3fac-70cf-8d5d-d5a9ee511e9d,14,9791212,9816289,ACCEPTED,,9816300,ok,25.088
bot-016,01a0d83b-41a7-7486-9cf8-f95d9e3cd01f,15,10297460,10316535,ACCEPTED,,10316545,ok,19.085
bot-016,01a0d83b-43a1-755f-a749-e1fce709267c,16,10803447,10817350,ACCEPTED,,10817355,ok,13.908
bot-016,01a0d83b-4596-71cd-beed-e74adf1d0aa2,17,11304350,11316773,ACCEPTED,,11316779,ok,12.429
bot-016,01a0d83b-478c-73be-aa29-4f10995025d3,18,11806922,11816692,ACCEPTED,,11816700,ok,9.778
bot-016,01a0d83b-498a-7571-b86b-fc9afede0d11,19,12316557,12366452,ACCEPTED,,12366468,ok,49.911
bot-016,01a0d83b-4b7f-76f4-9331-124d34360efc,20,12817318,12866533,ACCEPTED,,12866552,ok,49.234
bot-016,01a0d83b-4d7f-7065-b54d-834ce38694b6,21,13329535,13366473,ACCEPTED,,13366490,ok,36.955
bot-016,01a0d83b-4f75-7712-b533-5aaa106a0fd6,22,13831441,13866141,ACCEPTED,,13866153,ok,34.712
bot-016,01a0d83b-516c-71d5-815f-6a8537965ec3,23,14334803,14366286,ACCEPTED,,14366294,ok,31.491
bot-016,01a0d83b-5366-739f-b719-1ca2745822ed,24,14840976,14866644,ACCEPTED,,14866654,ok,25.678
bot-016,01a0d83b-555c-777b-a93b-86fc52b76dc6,25,15343092,15366499,ACCEPTED,,15366505,ok,23.413
bot-016,01a0d83b-5756-701a-a7c0-5c55d608a54c,26,15849093,15866306,ACCEPTED,,15866309,ok,17.216
bot-016,01a0d83b-5958-73df-8228-679d5be7e2d6,27,16363179,16366482,ACCEPTED,,16366490,ok,3.311
bot-016,01a0d83b-5b4f-76e2-986a-15d1aa1ef26d,28,16865580,16866456,ACCEPTED,,16866465,ok,0.885
bot-016,01a0d83b-5d44-7244-ab75-3eb5a6215d84,29,17366438,17416454,ACCEPTED,,17416828,ok,50.390
bot-016,01a0d83b-5f43-7403-bf9f-777f021e14b7,30,17878051,17916497,ACCEPTED,,17916507,ok,38.456
bot-016,01a0d83b-6140-72aa-868e-e76e50425e88,31,18386321,18416553,ACCEPTED,,18416573,ok,30.252
bot-016,01a0d83b-6338-76c8-8786-d3d144c7f80d,32,18890481,18916895,ACCEPTED,,18916904,ok,26.423
bot-016,01a0d83b-6532-74d6-9745-0ae36921bf67,33,19396561,19417120,ACCEPTED,,19417125,ok,20.564
bot-016,01a0d83b-672c-7294-8d8a-8c6d3fa8ea87,34,19902751,19916895,ACCEPTED,,19916905,ok,14.154
bot-016,01a0d83b-6926-716b-ae97-b21cc3e45839,35,20408871,20417182,ACCEPTED,,20417186,ok,8.315
bot-016,01a0d83b-6b1e-753f-93dd-51433b9408e8,36,20913047,20916436,ACCEPTED,,20916440,ok,3.393
bot-016,01a0d83b-6d16-7338-95eb-45da1efeae6c,37,21416447,21466252,ACCEPTED,,21466265,ok,49.818
bot-016,01a0d83b-6f19-7458-8b65-c283c8f1bb4f,38,21931591,21973162,ACCEPTED,,21973184,ok,41.593
bot-016,01a0d83b-711d-71c1-b18c-b01dbaaa7564,39,22447327,22466212,ACCEPTED,,22466224,ok,18.897
bot-016,01a0d83b-731d-7618-bf62-31779225acaf,40,22960082,22966303,ACCEPTED,,22966307,ok,6.225
bot-016,01a0d83b-7518-75e2-a5d9-496a1e3081b7,41,23466452,23516595,ACCEPTED,,23516600,ok,50.148
bot-016,01a0d83b-7714-7532-a9e1-205886e414f3,42,23974252,24016868,ACCEPTED,,24016873,ok,42.621
bot-016,01a0d83b-790f-73e6-b72e-4c5ee1705d61,43,24481485,24516223,ACCEPTED,,24516238,ok,34.753
bot-016,01a0d83b-7b05-7725-a7f7-d687d791ed57,44,24983655,25016089,ACCEPTED,,25016099,ok,32.444
bot-016,01a0d83b-7d01-770a-bced-892abac9f9f3,45,25491384,25516740,ACCEPTED,,25516747,ok,25.363
bot-016,01a0d83b-7efd-7473-b6fb-ddbf86328885,46,25999974,26016641,ACCEPTED,,26016655,ok,16.681
bot-016,01a0d83b-80f2-7587-8a98-e239b2a5244c,47,26501083,26516169,ACCEPTED,,26516183,ok,15.100
bot-016,01a0d83b-82f6-755a-b3b8-4b7e102d6ac5,48,27016334,27066426,ACCEPTED,,27066429,ok,50.095
bot-016,01a0d83b-84ec-7182-94ce-fc89899ea7c2,49,27518392,27565999,ACCEPTED,,27566004,ok,47.612
bot-016,01a0d83b-86e6-70b4-86a5-b945660dbfb0,50,28024661,28066120,ACCEPTED,,28066130,ok,41.469
bot-016,01a0d83b-88e2-7255-9c85-228706a16889,51,28532557,28566262,ACCEPTED,,28566272,ok,33.715
bot-016,01a0d83b-8adb-7263-ab98-d2d0e5b9c45e,52,29038039,29066512,ACCEPTED,,29066530,ok,28.491
bot-016,01a0d83b-8cd5-737d-acc8-04300f84a393,53,29543364,29566248,ACCEPTED,,29566266,ok,22.902
bot-016,01a0d83b-8ed5-76a5-b914-ef9d898d8591,54,30055380,30066285,ACCEPTED,,30066296,ok,10.916
bot-016,01a0d83b-90d4-70b7-b13c-a56c69f8a1fc,55,30566582,30617096,ACCEPTED,,30617100,ok,50.518
bot-016,01a0d83b-92cf-746f-b1cb-593840e7e7c4,56,31073500,31116146,ACCEPTED,,31116159,ok,42.659
bot-016,01a0d83b-94d2-77e1-b0dc-7748bfdb88ca,57,31588686,31616282,ACCEPTED,,31616286,ok,27.600
bot-016,01a0d83b-96cd-7317-ac41-7a07724f8904,58,32096163,32116437,ACCEPTED,,32116448,ok,20.285
bot-016,01a0d83b-98c9-7080-82b3-7398f3a7d51b,59,32603529,32616249,ACCEPTED,,32616256,ok,12.727
bot-016,01a0d83b-9ac3-73bd-a604-df681d38c3f6,60,33109915,33116394,ACCEPTED,,33116412,ok,6.497
bot-016,01a0d83b-9cbd-7243-8075-ac41371d516b,61,33616185,33666330,ACCEPTED,,33666351,ok,50.166
bot-016,01a0d83b-9eb2-77ea-ae93-db9c18ffe3e5,62,34116577,34166086,ACCEPTED,,34166098,ok,49.521
bot-016,01a0d83b-a0b3-7619-8e1e-93ad6d925ee2,63,34629764,34666271,ACCEPTED,,34666280,ok,36.516
bot-016,01a0d83b-a2ab-7791-a368-f31f5215b5bd,64,35134153,35166347,ACCEPTED,,35166360,ok,32.207
bot-016,01a0d83b-a4a6-72d6-a6e9-ffab26a59255,65,35640591,35666302,ACCEPTED,,35666307,ok,25.716
bot-016,01a0d83b-a6a0-73f7-8fbf-4d0f3660ed08,66,36146984,36166138,ACCEPTED,,36166156,ok,19.172
bot-016,01a0d83b-a89d-7566-8a9f-68cac8ec511c,67,36656247,36666262,ACCEPTED,,36666265,ok,10.018
bot-016,01a0d83b-aa95-75ec-b0fa-726a92848fb6,68,37159388,37166134,ACCEPTED,,37166139,ok,6.751
bot-016,01a0d83b-ac94-71de-b3d0-65b2c8f7665b,69,37670822,37716694,ACCEPTED,,37716703,ok,45.881
bot-016,01a0d83b-ae8d-7457-b966-cc2a13417ed0,70,38175506,38216224,ACCEPTED,,38216246,ok,40.740
bot-016,01a0d83b-b083-7582-99d3-e81728597770,71,38677617,38716635,ACCEPTED,,38716640,ok,39.023
bot-016,01a0d83b-b27d-7218-b7a9-6b742aae7a18,72,39183749,39216484,ACCEPTED,,39216503,ok,32.754
bot-016,01a0d83b-b477-7049-9822-8c61d1f0bdcb,73,39689967,39716201,ACCEPTED,,39716207,ok,26.240
bot-016,01a0d83b-b671-72df-922e-a791138d1837,74,40196224,40216498,ACCEPTED,,40216513,ok,20.289
bot-016,01a0d83b-b872-7696-960d-0a9641688c96,75,40708966,40716922,ACCEPTED,,40716930,ok,7.964
bot-016,01a0d83b-ba68-773c-a78b-683ba83db680,76,41210489,41217021,ACCEPTED,,41217027,ok,6.538
bot-016,01a0d83b-bc60-7091-86d5-ae461627e8c0,77,41714659,41716334,ACCEPTED,,41716353,ok,1.694
bot-016,01a0d83b-be56-7119-82a9-c118404295c7,78,42216701,42266350,ACCEPTED,,42266359,ok,49.658
bot-016,01a0d83b-c04b-755f-a404-88621952743e,79,42717589,42766319,ACCEPTED,,42766323,ok,48.734
bot-016,01a0d83b-c243-764d-8a2a-0e62a1548966,80,43221412,43266235,ACCEPTED,,43266246,ok,44.834
bot-016,01a0d83b-c43c-72b1-bccb-855a522a14e0,81,43726893,43766111,ACCEPTED,,43766118,ok,39.225
bot-016,01a0d83b-c636-754d-940b-cb0b5d83ca35,82,44232271,44266164,ACCEPTED,,44266176,ok,33.905
bot-016,01a0d83b-c831-74b4-8a16-27aef18a738c,83,44739819,44766355,ACCEPTED,,44766365,ok,26.546
bot-016,01a0d83b-ca29-7390-9c45-f02195616031,84,45243970,45266279,ACCEPTED,,45266284,ok,22.314
bot-016,01a0d83b-cc21-75ef-8e49-20647e700dd5,85,45747357,45766471,ACCEPTED,,45766484,ok,19.127
bot-016,01a0d83b-ce23-71bf-880f-2af28dc8f173,86,46261526,46266181,ACCEPTED,,46266186,ok,4.660
bot-016,01a0d83b-d021-7359-8501-9e35bc875170,87,46771791,46816492,ACCEPTED,,46816500,ok,44.709
bot-016,01a0d83b-d222-772b-859c-360326ff9884,88,47284663,47316586,ACCEPTED,,47316598,ok,31.935
bot-016,01a0d83b-d41b-7742-a601-f44c98eb3c9c,89,47789482,47816235,ACCEPTED,,47816240,ok,26.758
bot-016,01a0d83b-d615-7556-b5c6-9f1f1f8d5ce8,90,48296251,48316224,ACCEPTED,,48316244,ok,19.993
bot-016,01a0d83b-d80e-75bf-8efa-092a7dc26a8b,91,48801012,48816304,ACCEPTED,,48816309,ok,15.297
bot-016,01a0d83b-da03-7098-b3ec-706649ad75ba,92,49302238,49316438,ACCEPTED,,49316459,ok,14.221
bot-016,01a0d83b-dc01-7199-aec5-05d0ef20a592,93,49811302,49816296,ACCEPTED,,49816302,ok,5.000
bot-016,01a0d83b-ddf6-729e-af84-ed7e39435557,94,50312700,50330289,ACCEPTED,,50330300,ok,17.600
bot-016,01a0d83b-dfeb-75c5-bba5-cad160cae43f,95,50814090,50817128,ACCEPTED,,50817135,ok,3.045
bot-016,01a0d83b-e1e2-767a-b435-5ce201b78b6e,96,51316492,51366266,ACCEPTED,,51366286,ok,49.794
bot-016,01a0d83b-e3d7-7293-8a60-64f747d4a42a,97,51817507,51866138,ACCEPTED,,51866150,ok,48.643
bot-016,01a0d83b-e5ce-7575-a0bf-63ba9c88d238,98,52320853,52366140,ACCEPTED,,52366158,ok,45.305
bot-016,01a0d83b-e7c5-769d-9d7d-a78cd827caa8,99,52823517,52866064,ACCEPTED,,52866079,ok,42.562
bot-016,01a0d83b-e9be-75f1-99f1-5670d1ed52c5,100,53328291,53368512,ACCEPTED,,53368518,ok,40.227
bot-016,01a0d83b-ebb7-7379-97c3-df74fc238420,101,53834231,53866503,ACCEPTED,,53866514,ok,32.283
bot-016,01a0d83b-edb3-74d1-a72f-22c6317bef1d,102,54341832,54366255,ACCEPTED,,54366264,ok,24.432
bot-016,01a0d83b-efad-7420-82a1-8e7efec820f2,103,54848059,54866273,ACCEPTED,,54866276,ok,18.217
bot-016,01a0d83b-f1a7-7530-8974-0d66ba769cc1,104,55354241,55366464,ACCEPTED,,55366476,ok,12.235
bot-016,01a0d83b-f3a5-7073-b6d3-812dec7011da,105,55864094,55866191,ACCEPTED,,55866195,ok,2.101
bot-016,01a0d83b-f59f-74a0-a036-d964f4532cc6,106,56370179,56416993,ACCEPTED,,56417002,ok,46.823
bot-016,01a0d83b-f79a-7685-8dca-da8c1140247a,107,56877192,56916384,ACCEPTED,,56916398,ok,39.206
bot-016,01a0d83b-f99f-777e-a645-d11322ad8c08,108,57394106,57416505,ACCEPTED,,57416517,ok,22.411
bot-016,01a0d83b-fb9a-7468-831f-e2c4207b76e4,109,57900390,57916499,ACCEPTED,,57916506,ok,16.116
bot-016,01a0d83b-fd9b-76e2-8572-aeffec09baab,110,58413960,58416671,ACCEPTED,,58416677,ok,2.717
bot-016,01a0d83b-ff92-7674-a2ea-34d3eebb03ca,111,58916826,58966569,ACCEPTED,,58966577,ok,49.751
bot-016,01a0d83c-0187-7189-b7f0-52dd255c1a99,112,59417433,59466206,ACCEPTED,,59466209,ok,48.776
bot-016,01a0d83c-037f-7413-baf4-1a2cf847ae39,113,59921643,59966346,ACCEPTED,,59966350,ok,44.707
bot-016,01a0d83c-0584-7743-81ea-81a7d16b86d0,114,60439054,60466359,ACCEPTED,,60466365,ok,27.311
bot-016,01a0d83c-077e-772f-8665-89d9b0c37351,115,60944653,60966228,ACCEPTED,,60966244,ok,21.591
bot-016,01a0d83c-097e-7696-815f-a51b3c7baafb,116,61456390,61466602,ACCEPTED,,61466610,ok,10.220
bot-016,01a0d83c-0b78-77b2-8db0-4f2fef628771,117,61962330,61966191,ACCEPTED,,61966210,ok,3.880
bot-016,01a0d83c-0d74-750e-b155-d9cf502da2ee,118,62470810,62516139,ACCEPTED,,62516146,ok,45.336
bot-017,01a0d83b-249c-7772-bdd2-a8bc3ddc0dd5,0,2863004,2866248,ACCEPTED,,2866257,ok,3.253
bot-017,01a0d83b-2693-74fe-83a1-dbfdf7f9849a,1,3366250,3416679,ACCEPTED,,3416682,ok,50.432
bot-017,01a0d83b-2893-73b6-b187-84c0870d498b,2,3878216,3916303,ACCEPTED,,3916314,ok,38.098
bot-017,01a0d83b-2a89-71e4-8f43-e0f4dcead1ce,3,4379284,4416449,ACCEPTED,,4416461,ok,37.177
bot-017,01a0d83b-2c87-76cb-aff1-5234fbe9b8ea,4,4890032,4916310,ACCEPTED,,4916315,ok,26.283
bot-017,01a0d83b-2e86-7375-8f35-101050742e7c,5,5400478,5417080,ACCEPTED,,5417085,ok,16.607
bot-017,01a0d83b-3080-742b-b8c8-5b4f40111f37,6,5906649,5917082,ACCEPTED,,5917087,ok,10.438
bot-017,01a0d83b-327a-745e-930a-044ab3690118,7,6412917,6416640,ACCEPTED,,6416647,ok,3.730
bot-017,01a0d83b-3471-7281-9fc6-684a0f7639d8,8,6916249,6966839,ACCEPTED,,6966847,ok,50.598
bot-017,01a0d83b-3666-7476-902d-92de8c0df37f,9,7416622,7466647,ACCEPTED,,7466671,ok,50.049
bot-017,01a0d83b-3862-77c8-9e64-ca4c53f35464,10,7924299,7966184,ACCEPTED,,7966187,ok,41.888
bot-017,01a0d83b-3a5b-778a-9fb1-cc0306f3cc84,11,8430137,8466304,ACCEPTED,,8466312,ok,36.175
bot-017,01a0d83b-3c51-761c-827a-5732f6e69a1d,12,8931711,8966251,ACCEPTED,,8966257,ok,34.546
bot-017,01a0d83b-3e4b-72e8-b315-e7bb78c4b74b,13,9437904,9466227,ACCEPTED,,9466238,ok,28.334
bot-017,01a0d83b-4046-7193-9500-5d885184fc5f,14,9944840,9966473,ACCEPTED,,9966478,ok,21.638
bot-017,01a0d83b-423f-766c-9496-fac693b369bc,15,10450201,10466370,ACCEPTED,,10466380,ok,16.179
bot-017,01a0d83b-443e-7521-9ce1-b9d82df164a0,16,10960778,10966460,ACCEPTED,,10966470,ok,5.692
bot-017,01a0d83b-4633-756b-9abf-65b0b5511dc0,17,11462080,11466392,ACCEPTED,,11466398,ok,4.318
bot-017,01a0d83b-482c-7107-b119-6cb47ab44e6b,18,11966333,12016249,ACCEPTED,,12016270,ok,49.937
bot-017,01a0d83b-4a28-7157-938e-cb7429af11ef,19,12474539,12516590,ACCEPTED,,12516602,ok,42.063
bot-017,01a0d83b-4c1e-7104-a7cc-973ee94aa470,20,12977010,13016412,ACCEPTED,,13016424,ok,39.414
bot-017,01a0d83b-4e1d-706e-9dc7-7371a378dc2b,21,13487556,13516569,ACCEPTED,,13516573,ok,29.017
bot-017,01a0d83b-5017-72ec-ba29-4c2e940f7022,22,13993430,14016749,ACCEPTED,,14016760,ok,23.330
bot-017,01a0d83b-5211-7648-a2a7-c5c9bd67213c,23,14499727,14516789,ACCEPTED,,14516797,ok,17.070
bot-017,01a0d83b-540b-71d2-a586-a042236b3a19,24,15005769,15016644,ACCEPTED,,15016648,ok,10.879
bot-017,01a0d83b-560a-700d-b034-d6808ab136fc,25,15516546,15565993,ACCEPTED,,15566003,ok,49.457
bot-017,01a0d83b-5810-7255-84cb-ff1de2a958ee,26,16034909,16066450,ACCEPTED,,16066453,ok,31.544
bot-017,01a0d83b-5a05-761d-9d65-b44d51a88717,27,16536083,16566221,ACCEPTED,,16566243,ok,30.160
bot-017,01a0d83b-5bfb-7042-9b9c-de9fa6be03aa,28,17037526,17066118,ACCEPTED,,17066130,ok,28.604
bot-017,01a0d83b-5dfa-77c2-bd4b-dbad464b1c1a,29,17548422,17566264,ACCEPTED,,17566268,ok,17.846
bot-017,01a0d83b-5ff0-77a8-9466-4991d810dfac,30,18051000,18066644,ACCEPTED,,18066650,ok,15.650
bot-017,01a0d83b-61ed-74a8-9c14-46d2cef3f382,31,18560241,18566218,ACCEPTED,,18566222,ok,5.981
bot-017,01a0d83b-63e8-7557-82e2-8927857d09ba,32,19066378,19116823,ACCEPTED,,19116829,ok,50.451
bot-017,01a0d83b-65e2-7623-9781-db6f597091d5,33,19573019,19616322,ACCEPTED,,19616338,ok,43.319
bot-017,01a0d83b-67dd-777e-a6dd-ab19cffe0b62,34,20079401,20116824,ACCEPTED,,20116830,ok,37.429
bot-017,01a0d83b-69d7-7498-b8c8-681e65072cb3,35,20585345,20616172,ACCEPTED,,20616191,ok,30.846
bot-017,01a0d83b-6bd1-723c-8ec5-2d47d31d7a5b,36,21091460,21116266,ACCEPTED,,21116288,ok,24.828
bot-017,01a0d83b-6dcc-76df-8e40-2b81205d7bb3,37,21598702,21616237,ACCEPTED,,21616240,ok,17.538
bot-017,01a0d83b-6fd1-7050-8e23-add6130c507b,38,22115389,22116405,ACCEPTED,,22116410,ok,1.021
bot-017,01a0d83b-71c6-7154-8af9-657fbc7e8674,39,22617041,22666343,ACCEPTED,,22666351,ok,49.310
bot-017,01a0d83b-73bb-755c-82ef-3e5c6b7fbe80,40,23117656,23166142,ACCEPTED,,23166150,ok,48.494
bot-017,01a0d83b-75b7-7640-a5ac-52713b282932,41,23626028,23666416,ACCEPTED,,23666423,ok,40.395
bot-017,01a0d83b-77b2-75a2-8f49-d31b245927c9,42,24133148,24166171,ACCEPTED,,24166181,ok,33.033
bot-017,01a0d83b-79a9-74fd-85cf-400101e29cf6,43,24635383,24666280,ACCEPTED,,24666283,ok,30.900
bot-017,01a0d83b-7ba2-72f4-aef2-8c3d4d0ea6b6,44,25140664,25166271,ACCEPTED,,25166278,ok,25.614
bot-017,01a0d83b-7d9f-76bb-8660-970c0274d56f,45,25649619,25666063,ACCEPTED,,25666123,ok,16.504
bot-017,01a0d83b-7fa2-772f-a73b-553d4de19474,46,26164515,26166204,ACCEPTED,,26166211,ok,1.696
bot-017,01a0d83b-8197-739e-b4db-a13bf6e8a1f4,47,26666125,26716469,ACCEPTED,,26716491,ok,50.366
bot-017,01a0d83b-838c-75ea-8f6e-3c04634ef9f7,48,27166350,27216833,ACCEPTED,,27216844,ok,50.494
bot-017,01a0d83b-8582-736c-9208-81a687ff3c62,49,27668500,27716564,ACCEPTED,,27716572,ok,48.072
bot-017,01a0d83b-8783-75f2-9143-396dd0661248,50,28181975,28216434,ACCEPTED,,28217062,ok,35.087
bot-017,01a0d83b-8979-7165-a9a4-196764408626,51,28683802,28716460,ACCEPTED,,28716482,ok,32.680
bot-017,01a0d83b-8b74-76ff-a0c6-8e4d7a33ea37,52,29191210,29216669,ACCEPTED,,29216680,ok,25.470
bot-017,01a0d83b-8d6d-70b9-af12-1a48a514fbbb,53,29696104,29716418,ACCEPTED,,29716428,ok,20.324
bot-017,01a0d83b-8f6a-73ff-9873-418ac7954c77,54,30204908,30216629,ACCEPTED,,30216640,ok,11.732
bot-017,01a0d83b-9162-7511-8782-4d99cce7fd4e,55,30708587,30717236,ACCEPTED,,30717241,ok,8.654
bot-017,01a0d83b-935e-744e-9bbd-97016599c726,56,31217063,31266584,ACCEPTED,,31266590,ok,49.527
bot-017,01a0d83b-9553-72c3-91c5-7b290ead3071,57,31717355,31766931,ACCEPTED,,31766942,ok,49.587
bot-017,01a0d83b-974e-7347-a3b1-cc4bdb065f6a,58,32224301,32266701,ACCEPTED,,32266710,ok,42.409
bot-017,01a0d83b-9947-7226-8ed7-c33fa6b32edc,59,32729421,32766439,ACCEPTED,,32766450,ok,37.029
bot-017,01a0d83b-9b40-7586-91a5-4852bd9f54a8,60,33235040,33266353,ACCEPTED,,33266356,ok,31.316
bot-017,01a0d83b-9d3e-73e9-b8bf-9c7082c9754c,61,33744606,33771099,ACCEPTED,,33771102,ok,26.496
bot-017,01a0d83b-9f3e-722a-abb4-2fc0d4a6cfc7,62,34256754,34266545,ACCEPTED,,34266551,ok,9.797
bot-017,01a0d83b-a138-7012-8c4f-6647c494f492,63,34762262,34766379,ACCEPTED,,34766384,ok,4.122
bot-017,01a0d83b-a32f-73a0-9b7e-9e1c808974b1,64,35265369,35266538,ACCEPTED,,35266547,ok,1.178
bot-017,01a0d83b-a524-755f-bb89-d9a46c0580a2,65,35766389,35816348,ACCEPTED,,35816357,ok,49.968
bot-017,01a0d83b-a722-759a-8743-d96349fcae98,66,36276310,36316392,ACCEPTED,,36316413,ok,40.103
bot-017,01a0d83b-a91c-7226-95e1-5463b4d18c0c,67,36782404,36816062,ACCEPTED,,36816074,ok,33.670
bot-017,01a0d83b-ab22-7533-8958-2e28bdd2184f,68,37300432,37316385,ACCEPTED,,37316404,ok,15.972
bot-017,01a0d83b-ad23-731d-b1ae-2d4458308082,69,37814254,37816418,ACCEPTED,,37816423,ok,2.169
bot-017,01a0d83b-af1a-778c-aac8-95212644a84a,70,38316763,38366384,ACCEPTED,,38366395,ok,49.632
bot-017,01a0d83b-b11c-72b1-a364-70d25ac0ad99,71,38830736,38866050,ACCEPTED,,38866068,ok,35.332
bot-017,01a0d83b-b31d-76bb-ae4f-baa529444590,72,39343327,39366271,ACCEPTED,,39366282,ok,22.955
bot-017,01a0d83b-b519-7766-981d-b880be7e0cb0,73,39851821,39866196,ACCEPTED,,39866200,ok,14.379
bot-017,01a0d83b-b70f-77f3-a94c-0bb209053dcf,74,40353368,40366202,ACCEPTED,,40366208,ok,12.840
bot-017,01a0d83b-b905-7734-ab00-5a2088ac8890,75,40855335,40866404,ACCEPTED,,40866411,ok,11.076
bot-017,01a0d83b-bafd-717b-be0b-64de4604c376,76,41359604,41366106,ACCEPTED,,41366110,ok,6.506
bot-017,01a0d83b-bcf5-72a4-9e29-38be0db9b457,77,41863954,41866091,ACCEPTED,,41866101,ok,2.147
bot-017,01a0d83b-beea-77af-98bc-46189e0c955c,78,42364509,42366194,ACCEPTED,,42366200,ok,1.691
bot-017,01a0d83b-c0e2-76ba-a160-b30625f16749,79,42868608,42916679,ACCEPTED,,42916688,ok,48.080
bot-017,01a0d83b-c2dc-76ea-b32e-06d54cac309d,80,43374487,43416125,ACCEPTED,,43416148,ok,41.661
bot-017,01a0d83b-c4d8-765c-acee-0fbc2250b7cd,81,43882690,43916451,ACCEPTED,,43916458,ok,33.768
bot-017,01a0d83b-c6d0-7791-be3a-f87983f7c976,82,44386838,44416475,ACCEPTED,,44416479,ok,29.641
bot-017,01a0d83b-c8ca-7405-9c12-67a84d8c9000,83,44892888,44916633,ACCEPTED,,44916643,ok,23.755
bot-017,01a0d83b-cac5-75b8-9b47-ffbddc92ade3,84,45400034,45416328,ACCEPTED,,45416347,ok,16.313
bot-017,01a0d83b-ccbe-7381-9ee2-23f0fae4fe1b,85,45904448,45916234,ACCEPTED,,45916242,ok,11.794
bot-017,01a0d83b-ceb6-7674-a7c2-401387f06755,86,46408520,46416614,ACCEPTED,,46416619,ok,8.099
bot-017,01a0d83b-d0af-704a-b965-79619f9557e3,87,46914029,46916325,ACCEPTED,,46916339,ok,2.310
bot-017,01a0d83b-d2a6-77d0-ac66-4df8c037ab45,88,47416434,47466350,ACCEPTED,,47466357,ok,49.923
bot-017,01a0d83b-d4a9-7161-aa79-1b0e7f7a2028,89,47931618,47966399,ACCEPTED,,47966406,ok,34.788
bot-017,01a0d83b-d69f-7566-84fe-4b1c6a5c5b40,90,48433699,48466092,ACCEPTED,,48466103,ok,32.404
bot-017,01a0d83b-d895-7664-860b-54774a06da80,91,48935447,48966588,ACCEPTED,,48966598,ok,31.151
bot-017,01a0d83b-da8d-717c-8297-81b27eeac7ae,92,49439640,49466427,ACCEPTED,,49466437,ok,26.797
bot-017,01a0d83b-dc84-7051-9a80-dc89d6da7c02,93,49942849,49966230,ACCEPTED,,49966252,ok,23.403
bot-017,01a0d83b-de7c-738c-9792-3406d9f8e175,94,50446993,50482918,ACCEPTED,,50482923,ok,35.930
bot-017,01a0d83b-e079-7651-af1f-216f2917ef49,95,50955389,50970766,ACCEPTED,,50970781,ok,15.392
bot-017,01a0d83b-e273-7634-9cb0-10262af193ea,96,51461533,51466104,ACCEPTED,,51466114,ok,4.581
bot-017,01a0d83b-e46b-7583-b914-777922bc6d10,97,51966247,52016557,ACCEPTED,,52016577,ok,50.330
bot-017,01a0d83b-e66e-759c-b794-8a1f38fc7e76,98,52480706,52520004,ACCEPTED,,52520014,ok,39.308
bot-017,01a0d83b-e863-74b3-886d-22a83bebea2d,99,52981949,53017088,ACCEPTED,,53017094,ok,35.145
bot-017,01a0d83b-ea6c-777a-8254-ded4be062d21,100,53502820,53525573,ACCEPTED,,53525583,ok,22.763
bot-017,01a0d83b-ec66-760c-8e0d-40aff8d85c84,101,54008329,54016614,ACCEPTED,,54016626,ok,8.297
bot-017,01a0d83b-ee62-73e6-8b67-277087e246a1,102,54516472,54566601,ACCEPTED,,54566609,ok,50.137
bot-017,01a0d83b-f057-75b2-9fe4-d218946ffd00,103,55017352,55066512,ACCEPTED,,55066533,ok,49.181
bot-017,01a0d83b-f24e-7163-a0b4-38c1b44e07e1,104,55520554,55566142,ACCEPTED,,55566151,ok,45.597
bot-017,01a0d83b-f452-720c-9ef6-9e2eeba6b629,105,56037017,56066230,ACCEPTED,,56066243,ok,29.226
bot-017,01a0d83b-f649-743c-aeed-8bbccd74d087,106,56540250,56566518,ACCEPTED,,56566523,ok,26.273
bot-017,01a0d83b-f844-7471-a384-aa4bee92247d,107,57046461,57066321,ACCEPTED,,57066331,ok,19.870
bot-017,01a0d83b-fa44-7549-8cc7-5048b7fd72fd,108,57558740,57566450,ACCEPTED,,57566457,ok,7.717
bot-017,01a0d83b-fc42-713f-9484-304e66425fea,109,58068442,58116269,ACCEPTED,,58116290,ok,47.848
bot-017,01a0d83b-fe45-72d7-a62b-5f30831cd184,110,58584008,58616506,ACCEPTED,,58616512,ok,32.504
bot-017,01a0d83c-0042-7068-bc99-33cec7d68faf,111,59092902,59116729,ACCEPTED,,59116734,ok,23.832
bot-017,01a0d83c-023d-7395-9a80-3ceb0f36c857,112,59600083,59616573,ACCEPTED,,59616578,ok,16.495
bot-017,01a0d83c-0437-7472-9090-689071e06312,113,60106051,60116943,ACCEPTED,,60116948,ok,10.897
bot-017,01a0d83c-0635-7251-8ca9-64f200e3d744,114,60616240,60666496,ACCEPTED,,60666502,ok,50.262
bot-017,01a0d83c-082a-76a1-8910-c5c1e724a5b9,115,61116591,61166691,ACCEPTED,,61166694,ok,50.103
bot-017,01a0d83c-0a1f-7408-b3f2-48889da86f24,116,61617329,61666419,ACCEPTED,,61666440,ok,49.111
bot-017,01a0d83c-0c1b-7703-b1a2-795f01cc22d0,117,62126059,62166343,ACCEPTED,,62166348,ok,40.289
bot-017,01a0d83c-0e1c-756e-9c88-767755b79fd3,118,62639154,62665995,ACCEPTED,,62666011,ok,26.857
bot-018,01a0d83b-2569-72b4-9ab4-121db028b108,0,3067895,3116301,ACCEPTED,,3116307,ok,48.412
bot-018,01a0d83b-276a-7003-ac4a-9c0c0da838f7,1,3581133,3616065,ACCEPTED,,3616073,ok,34.940
bot-018,01a0d83b-296c-772b-ab8e-b495906dd408,2,4094433,4116487,ACCEPTED,,4116504,ok,22.071
bot-018,01a0d83b-2b65-745b-be54-82ccfb28ed80,3,4599954,4616067,ACCEPTED,,4616071,ok,16.117
bot-018,01a0d83b-2d5c-751a-b73c-28ec72d644b6,4,5102781,5116982,ACCEPTED,,5116987,ok,14.206
bot-018,01a0d83b-2f5a-761e-b5ed-cb11fac0a1f5,5,5612443,5617031,ACCEPTED,,5617038,ok,4.595
bot-018,01a0d83b-3152-71fc-9a8a-a812fdb0b1b8,6,6116407,6166276,ACCEPTED,,6166286,ok,49.879
bot-018,01a0d83b-3347-77ff-915d-5a52dae28f93,7,6617370,6666384,ACCEPTED,,6666392,ok,49.022
bot-018,01a0d83b-3542-7319-bf18-02762d4886ce,8,7124650,7166047,ACCEPTED,,7166065,ok,41.415
bot-018,01a0d83b-3742-7209-afc5-308229e4c6ab,9,7636928,7666234,ACCEPTED,,7666239,ok,29.311
bot-018,01a0d83b-393f-704f-8334-045be37db7a9,10,8145541,8166436,ACCEPTED,,8166447,ok,20.906
bot-018,01a0d83b-3b37-7080-8bae-a1f15b9f1adf,11,8649321,8666288,ACCEPTED,,8666300,ok,16.979
bot-018,01a0d83b-3d31-77f0-ad95-7ac259987c66,12,9155610,9166260,ACCEPTED,,9166285,ok,10.675
bot-018,01a0d83b-3f2b-740d-8110-4cfa9dbf7894,13,9661673,9666080,ACCEPTED,,9666083,ok,4.410
bot-018,01a0d83b-4125-762a-8769-2003a0db5570,14,10167851,10216860,ACCEPTED,,10216871,ok,49.020
bot-018,01a0d83b-431f-71d4-86ea-0c28f345f42f,15,10674035,10716120,ACCEPTED,,10716133,ok,42.098
bot-018,01a0d83b-451a-7633-a66e-ce24283bf217,16,11180444,11216771,ACCEPTED,,11216776,ok,36.332
bot-018,01a0d83b-471d-73fc-b4cc-bafafeb15783,17,11695341,11716325,ACCEPTED,,11716344,ok,21.003
bot-018,01a0d83b-4919-7002-a158-d49b3a971504,18,12204207,12216910,ACCEPTED,,12216915,ok,12.708
bot-018,01a0d83b-4b1a-72d3-b6f2-67f70b11c6d5,19,12716422,12766511,ACCEPTED,,12766521,ok,50.099
bot-018,01a0d83b-4d17-7497-aa5d-cf3ebe52b4d6,20,13225357,13266676,ACCEPTED,,13266679,ok,41.322
bot-018,01a0d83b-4f14-744b-8271-9c820f2cbee1,21,13734529,13766420,ACCEPTED,,13766428,ok,31.899
bot-018,01a0d83b-510f-742d-b9d6-7c8584256bb7,22,14241383,14266196,ACCEPTED,,14266204,ok,24.821
bot-018,01a0d83b-5308-707f-bb73-f7593f23ea0a,23,14746719,14766251,ACCEPTED,,14766260,ok,19.541
bot-018,01a0d83b-5502-74e0-bd0b-07023c91bc1c,24,15252906,15266302,ACCEPTED,,15266303,ok,13.397
bot-018,01a0d83b-56fc-7073-8ad0-7e7aecfeb5e8,25,15759070,15766005,ACCEPTED,,15766015,ok,6.945
bot-018,01a0d83b-58f7-77b5-9de0-892880a9ac4c,26,16265312,16266354,ACCEPTED,,16266362,ok,1.050
bot-018,01a0d83b-5af1-7664-a084-ead836911987,27,16771442,16816181,ACCEPTED,,16816192,ok,44.750
bot-018,01a0d83b-5cf2-700f-b0a0-28fd5841108c,28,17284569,17317330,ACCEPTED,,17317337,ok,32.768
bot-018,01a0d83b-5ef1-7331-ac2d-33317cc6b6a7,29,17795629,17816335,ACCEPTED,,17816355,ok,20.726
bot-018,01a0d83b-60ec-7260-a212-fc58a0b5e703,30,18302278,18316777,ACCEPTED,,18316787,ok,14.509
bot-018,01a0d83b-62e2-750e-a74d-fb2d4fcc315a,31,18804901,18816428,ACCEPTED,,18816449,ok,11.548
bot-018,01a0d83b-64e2-7482-a8c8-9eac93a5dc5f,32,19316770,19366149,ACCEPTED,,19366161,ok,49.391
bot-018,01a0d83b-66d9-7415-b0d6-ea2c4b12e771,33,19820215,19866482,ACCEPTED,,19866487,ok,46.272
bot-018,01a0d83b-68d4-7395-803f-f025b74a5d1a,34,20326440,20366143,ACCEPTED,,20366163,ok,39.723
bot-018,01a0d83b-6ace-72a8-a1d4-39b8049fd800,35,20832678,20866279,ACCEPTED,,20866283,ok,33.605
bot-018,01a0d83b-6cd0-7128-aa5f-1fccc621b381,36,21347058,21366318,ACCEPTED,,21366321,ok,19.263
bot-018,01a0d83b-6eca-737b-ae26-b1b75b8772ed,37,21852526,21866418,ACCEPTED,,21866435,ok,13.909
bot-018,01a0d83b-70ce-7673-9d8f-3b50a8de4f46,38,22368701,22416847,ACCEPTED,,22416856,ok,48.155
bot-018,01a0d83b-72cf-76d8-bca5-4ffa136fc2fb,39,22881337,22916731,ACCEPTED,,22916736,ok,35.399
bot-018,01a0d83b-74c8-7788-8346-4022cc69eaa6,40,23386871,23416155,ACCEPTED,,23416169,ok,29.298
bot-018,01a0d83b-76c3-7678-a080-950da7701e1a,41,23894107,23916743,ACCEPTED,,23916747,ok,22.640
bot-018,01a0d83b-78bc-7202-9979-e0f9bc97b8b3,42,24399064,24416776,ACCEPTED,,24416780,ok,17.716
bot-018,01a0d83b-7ab7-76cb-a8f4-e4294b2eb3b8,43,24906008,24916616,ACCEPTED,,24916624,ok,10.616
bot-018,01a0d83b-7cb2-70f5-b3d2-41e0e394a010,44,25412288,25416333,ACCEPTED,,25416337,ok,4.049
bot-018,01a0d83b-7eaa-7756-920b-f2b11bb3d317,45,25916325,25966547,ACCEPTED,,25966555,ok,50.230
bot-018,01a0d83b-809f-724b-8a7d-e3318c4c80b8,46,26417361,26466360,ACCEPTED,,26466461,ok,49.100
bot-018,01a0d83b-8297-722f-a39b-ce48d83d8049,47,26921867,26966263,ACCEPTED,,26966274,ok,44.407
bot-018,01a0d83b-8490-74f4-bbbc-6ee15440f413,48,27426507,27466686,ACCEPTED,,27466692,ok,40.185
bot-018,01a0d83b-8690-77dd-b1fd-f840796efcbf,49,27938268,27966336,ACCEPTED,,27966341,ok,28.073
bot-018,01a0d83b-888e-751f-b681-875803b3b75c,50,28449081,28466353,ACCEPTED,,28466357,ok,17.276
bot-018,01a0d83b-8a88-71af-b071-28bd01483d72,51,28954777,28966092,ACCEPTED,,28966097,ok,11.320
bot-018,01a0d83b-8c82-7461-b8a2-ef7ae8296a2a,52,29460870,29466215,ACCEPTED,,29466228,ok,5.358
bot-018,01a0d83b-8e7b-7134-8e47-98c178b0ac18,53,29966046,30017082,ACCEPTED,,30017086,ok,51.040
bot-018,01a0d83b-9077-72eb-abf1-3ee60b700888,54,30473300,30516052,ACCEPTED,,30516071,ok,42.771
bot-018,01a0d83b-9271-7129-bfb0-75cc71645345,55,30979369,31017161,ACCEPTED,,31017165,ok,37.796
bot-018,01a0d83b-946c-753b-b6ce-5562a369befc,56,31486571,31517109,ACCEPTED,,31517113,ok,30.542
bot-018,01a0d83b-966d-76be-95ca-941d54900e19,57,32000105,32016046,ACCEPTED,,32016065,ok,15.960
bot-018,01a0d83b-986a-70fa-89b9-85dd56df7d80,58,32509180,32516340,ACCEPTED,,32516344,ok,7.164
bot-018,01a0d83b-9a66-7404-a65f-e94589f089e1,59,33016370,33066272,ACCEPTED,,33066280,ok,49.910
bot-018,01a0d83b-9c5b-7117-9b21-c2a3409d1bad,60,33517387,33566413,ACCEPTED,,33566424,ok,49.037
bot-018,01a0d83b-9e57-75cb-baee-94b42a735eff,61,34025665,34066429,ACCEPTED,,34066433,ok,40.768
bot-018,01a0d83b-a058-76c5-951f-5defbd8d1703,62,34538367,34566331,ACCEPTED,,34566338,ok,27.971
bot-018,01a0d83b-a253-72dc-b569-f0ef7617c312,63,35045482,35066331,ACCEPTED,,35066338,ok,20.856
bot-018,01a0d83b-a450-701c-a513-46c2f9cf261a,64,35554480,35566347,ACCEPTED,,35566351,ok,11.871
bot-018,01a0d83b-a64e-7555-9670-4f94c3ced675,65,36064660,36066786,ACCEPTED,,36066796,ok,2.136
bot-018,01a0d83b-a84e-700e-b607-fc1af2397f58,66,36576305,36616060,ACCEPTED,,36616074,ok,39.769
bot-018,01a0d83b-aa4e-760c-8de0-bbeb73826557,67,37088846,37116746,ACCEPTED,,37116755,ok,27.909
bot-018,01a0d83b-ac48-751e-83e1-d28b6374e96d,68,37594332,37615986,ACCEPTED,,37616004,ok,21.672
bot-018,01a0d83b-ae3e-727c-a9a7-388c638c3d51,69,38097058,38116414,ACCEPTED,,38116425,ok,19.367
bot-018,01a0d83b-b035-72d2-a5e1-68dd67b7d281,70,38599404,38616392,ACCEPTED,,38616403,ok,16.999
bot-018,01a0d83b-b233-76a7-8347-70955d7edb6e,71,39110174,39116941,ACCEPTED,,39116946,ok,6.772
bot-018,01a0d83b-b42a-73fa-9138-c8c9efd3d7c6,72,39612922,39615959,ACCEPTED,,39615972,ok,3.050
bot-018,01a0d83b-b620-72d7-8bd2-ab5f76eb97c2,73,40114771,40116586,ACCEPTED,,40116596,ok,1.825
bot-018,01a0d83b-b816-757d-8ae6-eb24c7719248,74,40617241,40666527,ACCEPTED,,40666532,ok,49.291
bot-018,01a0d83b-ba13-75ee-ba36-7e36b5b2af01,75,41126098,41166577,ACCEPTED,,41166589,ok,40.491
bot-018,01a0d83b-bc0e-731b-9330-d248e283e785,76,41632652,41666184,ACCEPTED,,41666188,ok,33.536
bot-018,01a0d83b-be09-7281-a48e-c4ad3522ca07,77,42139679,42166560,ACCEPTED,,42166573,ok,26.894
bot-018,01a0d83b-c002-7614-9b28-a3e0ae4a3e5e,78,42644692,42666129,ACCEPTED,,42666135,ok,21.443
bot-018,01a0d83b-c1fc-7300-abe3-8a53004df267,79,43150817,43166282,ACCEPTED,,43166287,ok,15.470
bot-018,01a0d83b-c3f6-73be-b1ab-ab2a01524d59,80,43656861,43666039,ACCEPTED,,43666047,ok,9.186
bot-018,01a0d83b-c5f5-740c-aa1a-ba64fd77bf46,81,44168133,44216471,ACCEPTED,,44216479,ok,48.346
bot-018,01a0d83b-c7eb-73a0-a0e8-6de5ef92a0a1,82,44669311,44717128,ACCEPTED,,44717134,ok,47.823
bot-018,01a0d83b-c9ea-70cc-97fd-94a5956070ad,83,45180449,45216610,ACCEPTED,,45216619,ok,36.170
bot-018,01a0d83b-cbe5-7423-96f9-ff858222343f,84,45687440,45716537,ACCEPTED,,45716541,ok,29.101
bot-018,01a0d83b-cde3-74c1-8a52-ac9393861778,85,46197894,46217072,ACCEPTED,,46217076,ok,19.182
bot-018,01a0d83b-cfe1-7719-8e39-19c7d233168b,86,46708071,46716138,ACCEPTED,,46716154,ok,8.083
bot-018,01a0d83b-d1de-7339-9d08-4ff97c56e2e8,87,47216446,47266411,ACCEPTED,,47266420,ok,49.974
bot-018,01a0d83b-d3d3-76a3-bc4e-8ab25f4a9935,88,47717331,47765958,ACCEPTED,,47765969,ok,48.638
bot-018,01a0d83b-d5c9-75c9-aca2-6a43427c966d,89,48219599,48266234,ACCEPTED,,48266246,ok,46.647
bot-018,01a0d83b-d7c8-714b-928c-3d1e95b14586,90,48730457,48766475,ACCEPTED,,48766483,ok,36.026
bot-018,01a0d83b-d9c8-73cd-a757-6e6dbf7e5ec4,91,49242914,49266452,ACCEPTED,,49266456,ok,23.542
bot-018,01a0d83b-dbc3-772d-a8a9-d2e7908a4208,92,49749698,49766294,ACCEPTED,,49766301,ok,16.603
bot-018,01a0d83b-ddc2-77fc-940a-dcc7fa69a418,93,50260581,50266663,ACCEPTED,,50266668,ok,6.087
bot-018,01a0d83b-dfbc-77c8-9e48-ec0ac0864881,94,50766949,50817491,ACCEPTED,,50817495,ok,50.546
bot-018,01a0d83b-e1b6-742e-8a83-a81dbd2dedba,95,51273101,51316847,ACCEPTED,,51316856,ok,43.755
bot-018,01a0d83b-e3b1-7289-8e93-f112ab986419,96,51779256,51817140,ACCEPTED,,51817147,ok,37.891
bot-018,01a0d83b-e5ab-757f-9d31-59d1066e0b26,97,52285525,52316310,ACCEPTED,,52316314,ok,30.789
bot-018,01a0d83b-e7a5-7231-97ba-246a80171a3a,98,52791739,52816535,ACCEPTED,,52816546,ok,24.807
bot-018,01a0d83b-e9bd-74f1-8ada-1fd7fbc1e74e,99,53328226,53368599,ACCEPTED,,53368607,ok,40.381
bot-018,01a0d83b-ebb8-7455-87af-b24e77df75a3,100,53834262,53866553,ACCEPTED,,53866558,ok,32.296
bot-018,01a0d83b-edb3-74d1-a72f-22c8db3b38dc,101,54341854,54366241,ACCEPTED,,54366244,ok,24.390
bot-018,01a0d83b-efad-7420-82a1-8e76fb8cea0e,102,54847964,54866193,ACCEPTED,,54866205,ok,18.241
bot-018,01a0d83b-f1a7-7530-8974-0d5d69b001b6,103,55354159,55366423,ACCEPTED,,55366429,ok,12.270
bot-018,01a0d83b-f3a5-7073-b6d3-812b42bf493c,104,55864088,55866198,ACCEPTED,,55866203,ok,2.115
bot-018,01a0d83b-f59f-74a0-a036-d95da4196421,105,56370071,56416919,ACCEPTED,,56416933,ok,46.862
bot-018,01a0d83b-f79a-7685-8dca-da8554ffbd96,106,56877108,56916246,ACCEPTED,,56916257,ok,39.149
bot-018,01a0d83b-f99f-777e-a645-d106bf7d23b2,107,57393971,57417041,ACCEPTED,,57417045,ok,23.074
bot-018,01a0d83b-fb9a-7468-831f-e2bea2a7aff0,108,57900306,57916691,ACCEPTED,,57916699,ok,16.393
bot-018,01a0d83b-fd9b-76e2-8572-aefbf07fe460,109,58413903,58415955,ACCEPTED,,58415974,ok,2.071
bot-018,01a0d83b-ff92-7674-a2ea-34d16d9b3c7f,110,58916793,58966553,ACCEPTED,,58966556,ok,49.763
bot-018,01a0d83c-0187-7189-b7f0-52de1fb38d61,111,59417434,59466182,ACCEPTED,,59466193,ok,48.759
bot-018,01a0d83c-037f-7413-baf4-1a2a692afab4,112,59921635,59966355,ACCEPTED,,59966360,ok,44.725
bot-018,01a0d83c-0584-7743-81ea-819f1bcfdea9,113,60438990,60466330,ACCEPTED,,60466342,ok,27.352
bot-018,01a0d83c-077e-772f-8665-89db742ceee7,114,60944675,60966295,ACCEPTED,,60966298,ok,21.623
bot-018,01a0d83c-097e-7696-815f-a51728ea4538,115,61456319,61466569,ACCEPTED,,61466587,ok,10.268
bot-018,01a0d83c-0b78-77b2-8db0-4f35a4a698e5,116,61962426,61966253,ACCEPTED,,61966261,ok,3.835
bot-018,01a0d83c-0d74-750e-b155-d9d1cda4b810,117,62470834,62516101,ACCEPTED,,62516112,ok,45.278
bot-018,01a0d83c-0f6e-751d-867f-00548b89a266,118,62976486,63016390,ACCEPTED,,63016412,ok,39.926
bot-019,01a0d83b-276a-7003-ac4a-9c0b2cdcd787,0,3581115,3616042,ACCEPTED,,3616056,ok,34.941
bot-019,01a0d83b-296c-772b-ab8e-b494136e02ac,1,4094419,4116492,ACCEPTED,,4116504,ok,22.085
bot-019,01a0d83b-2b65-745b-be54-82cde136cf34,2,4599957,4616083,ACCEPTED,,4616087,ok,16.130
bot-019,01a0d83b-2d5c-751a-b73c-28ee1f6f9c1d,3,5102860,5116714,ACCEPTED,,5116732,ok,13.872
bot-019,01a0d83b-2f5a-761e-b5ed-cb12a5458f18,4,5612467,5616594,ACCEPTED,,5616603,ok,4.136
bot-019,01a0d83b-3152-71fc-9a8a-a81326dc3f5f,5,6116444,6166247,ACCEPTED,,6166261,ok,49.817
bot-019,01a0d83b-3347-77ff-915d-5a5440aa2abd,6,6617418,6666361,ACCEPTED,,6666377,ok,48.959
bot-019,01a0d83b-3542-7319-bf18-0274bd5d9637,7,7124636,7166076,ACCEPTED,,7166088,ok,41.452
bot-019,01a0d83b-3742-7209-afc5-3084529e4f6e,8,7636949,7666201,ACCEPTED,,7666218,ok,29.269
bot-019,01a0d83b-393f-704f-8334-0459013bc5a4,9,8145533,8166478,ACCEPTED,,8166483,ok,20.950
bot-019,01a0d83b-3b37-7080-8bae-a1f24764559d,10,8649338,8666271,ACCEPTED,,8666283,ok,16.945
bot-019,01a0d83b-3d31-77f0-ad95-7ac054a9032b,11,9155587,9166288,ACCEPTED,,9166300,ok,10.713
bot-019,01a0d83b-3f2b-740d-8110-4cf84668db4b,12,9661660,9666092,ACCEPTED,,9666103,ok,4.443
bot-019,01a0d83b-4125-762a-8769-20058b6c06f0,13,10167864,10216997,ACCEPTED,,10217013,ok,49.149
bot-019,01a0d83b-431f-71d4-86ea-0c2bb6251da3,14,10674077,10716107,ACCEPTED,,10716120,ok,42.043
bot-019,01a0d83b-451a-7633-a66e-ce21c7f6826d,15,11180358,11216133,ACCEPTED,,11216156,ok,35.798
bot-019,01a0d83b-471d-73fc-b4cc-bafb337b0c9f,16,11695348,11716352,ACCEPTED,,11716364,ok,21.016
bot-019,01a0d83b-4919-7002-a158-d49aa070a6f7,17,12204194,12216601,ACCEPTED,,12216606,ok,12.412
bot-019,01a0d83b-4b1a-72d3-b6f2-67f6419d1f55,18,12716358,12766536,ACCEPTED,,12766547,ok,50.189
bot-019,01a0d83b-4d17-7497-aa5d-cf3fa04267ae,19,13225367,13266676,ACCEPTED,,13266685,ok,41.318
bot-019,01a0d83b-4f14-744b-8271-9c7f0c4a4bad,20,13734484,13766414,ACCEPTED,,13766418,ok,31.934
bot-019,01a0d83b-510f-742d-b9d6-7c81247c4a37,21,14241336,14266138,ACCEPTED,,14266155,ok,24.819
bot-019,01a0d83b-5308-707f-bb73-f75cf47e0f73,22,14746747,14766304,ACCEPTED,,14766309,ok,19.562
bot-019,01a0d83b-5502-74e0-bd0b-0705706bbf79,23,15252933,15266294,ACCEPTED,,15266301,ok,13.368
bot-019,01a0d83b-56fc-7073-8ad0-7e7bf435d3a0,24,15759086,15766017,ACCEPTED,,15766020,ok,6.934
bot-019,01a0d83b-58f7-77b5-9de0-8926c2bf00fd,25,16265292,16266374,ACCEPTED,,16266378,ok,1.086
bot-019,01a0d83b-5af1-7664-a084-ead46d5da0d3,26,16771393,16816126,ACCEPTED,,16816142,ok,44.749
bot-019,01a0d83b-5cf2-700f-b0a0-28faa2f4b4dd,27,17284522,17316158,ACCEPTED,,17316202,ok,31.680
bot-019,01a0d83b-5ef1-7331-ac2d-3332a5384488,28,17795645,17816351,ACCEPTED,,17816364,ok,20.719
bot-019,01a0d83b-60ec-7260-a212-fc561f241f4a,29,18302263,18316272,ACCEPTED,,18316297,ok,14.034
bot-019,01a0d83b-62e2-750e-a74d-fb2e00139969,30,18804916,18817198,ACCEPTED,,18817203,ok,12.287
bot-019,01a0d83b-64e2-7482-a8c8-9ea8bf646039,31,19316663,19366106,ACCEPTED,,19366121,ok,49.458
bot-019,01a0d83b-66d9-7415-b0d6-ea2bae591822,32,19820202,19866428,ACCEPTED,,19866447,ok,46.245
bot-019,01a0d83b-68d4-7395-803f-f0273506f249,33,20326470,20366207,ACCEPTED,,20366214,ok,39.744
bot-019,01a0d83b-6ace-72a8-a1d4-39b7a9d2a420,34,20832670,20866237,ACCEPTED,,20866243,ok,33.573
bot-019,01a0d83b-6cd0-7128-aa5f-1fc9dc1cb970,35,21347028,21366284,ACCEPTED,,21366300,ok,19.272
bot-019,01a0d83b-6eca-737b-ae26-b1b8399c1bff,36,21852545,21866481,ACCEPTED,,21866490,ok,13.945
bot-019,01a0d83b-70ce-7673-9d8f-3b4e66ca0c60,37,22368658,22416736,ACCEPTED,,22416747,ok,48.089
bot-019,01a0d83b-72cf-76d8-bca5-4ffb72e8ab14,38,22881345,22917125,ACCEPTED,,22917135,ok,35.790
bot-019,01a0d83b-74c8-7788-8346-402404164e45,39,23386901,23416301,ACCEPTED,,23416311,ok,29.410
bot-019,01a0d83b-76c3-7678-a080-95085986d9d5,40,23893951,23916356,ACCEPTED,,23916366,ok,22.415
bot-019,01a0d83b-78bc-7202-9979-e0f845406c7c,41,24399056,24416074,ACCEPTED,,24416306,ok,17.250
bot-019,01a0d83b-7ab7-76cb-a8f4-e4267e41df6a,42,24905953,24916639,ACCEPTED,,24916649,ok,10.696
bot-019,01a0d83b-7cb2-70f5-b3d2-41e10ff0f4a9,43,25412297,25416309,ACCEPTED,,25416319,ok,4.022
bot-019,01a0d83b-7eaa-7756-920b-f2b4ba87bd65,44,25916387,25966607,ACCEPTED,,25966613,ok,50.226
bot-019,01a0d83b-809f-724b-8a7d-e32febdd5030,45,26417333,26466280,ACCEPTED,,26466318,ok,48.985
bot-019,01a0d83b-8297-722f-a39b-ce46f61f646e,46,26921849,26966262,ACCEPTED,,26966274,ok,44.425
bot-019,01a0d83b-8490-74f4-bbbc-6ee06782c006,47,27426497,27466702,ACCEPTED,,27466707,ok,40.210
bot-019,01a0d83b-868f-7175-963b-b7241905d3e6,48,27938244,27966330,ACCEPTED,,27966337,ok,28.093
bot-019,01a0d83b-888e-751f-b681-875bb5130dbf,49,28449183,28466317,ACCEPTED,,28466329,ok,17.146
bot-019,01a0d83b-8a88-71af-b071-28bcddb97383,50,28954764,28966131,ACCEPTED,,28966139,ok,11.375
bot-019,01a0d83b-8c82-7461-b8a2-ef789308739a,51,29460857,29466191,ACCEPTED,,29466209,ok,5.352
bot-019,01a0d83b-8e7b-7134-8e47-98c577f7391e,52,29966096,30016576,ACCEPTED,,30016585,ok,50.489
bot-019,01a0d83b-9077-72eb-abf1-3ee7cddad2b3,53,30473314,30516092,ACCEPTED,,30516096,ok,42.782
bot-019,01a0d83b-9270-75a7-95a3-a9bad2ee2271,54,30979246,31016435,ACCEPTED,,31016458,ok,37.212
bot-019,01a0d83b-946c-753b-b6ce-555d903dec71,55,31486349,31516535,ACCEPTED,,31516553,ok,30.204
bot-019,01a0d83b-966d-76be-95ca-942045661c79,56,32000131,32016298,ACCEPTED,,32016302,ok,16.171
bot-019,01a0d83b-986a-70fa-89b9-85dcec406962,57,32509160,32516242,ACCEPTED,,32516261,ok,7.101
bot-019,01a0d83b-9a66-7404-a65f-e949b0ba2c1e,58,33016539,33066340,ACCEPTED,,33066346,ok,49.807
bot-019,01a0d83b-9c5b-7117-9b21-c2a5f4d888e0,59,33517402,33566490,ACCEPTED,,33566494,ok,49.092
bot-019,01a0d83b-9e57-75cb-baee-94b64d4d47c3,60,34025711,34066441,ACCEPTED,,34066448,ok,40.737
bot-019,01a0d83b-a058-76c5-951f-5df300daa839,61,34538425,34566334,ACCEPTED,,34566340,ok,27.915
bot-019,01a0d83b-a253-72dc-b569-f0eca7257789,62,35045453,35066289,ACCEPTED,,35066293,ok,20.840
bot-019,01a0d83b-a450-701c-a513-46c056ec42f6,63,35554443,35566297,ACCEPTED,,35566309,ok,11.866
bot-019,01a0d83b-a64e-7555-9670-4f90be703952,64,36064604,36066805,ACCEPTED,,36066814,ok,2.210
bot-019,01a0d83b-a84e-700e-b607-fc1b30fbc2b3,65,36576311,36616051,ACCEPTED,,36616064,ok,39.753
bot-019,01a0d83b-aa4e-760c-8de0-bbee499fcd94,66,37088888,37116421,ACCEPTED,,37116443,ok,27.555
bot-019,01a0d83b-ac48-751e-83e1-d28ecfb6f264,67,37594380,37616729,ACCEPTED,,37616732,ok,22.352
bot-019,01a0d83b-ae3e-727c-a9a7-388a00534b78,68,38097034,38116425,ACCEPTED,,38116432,ok,19.398
bot-019,01a0d83b-b035-72d2-a5e1-68df27973c1d,69,38599421,38616899,ACCEPTED,,38616903,ok,17.482
bot-019,01a0d83b-b233-76a7-8347-7096c28e4c1c,70,39110188,39116642,ACCEPTED,,39116646,ok,6.458
bot-019,01a0d83b-b42a-73fa-9138-c8cb93b0b812,71,39612947,39616047,ACCEPTED,,39616055,ok,3.108
bot-019,01a0d83b-b620-72d7-8bd2-ab639914843a,72,40114819,40116873,ACCEPTED,,40116878,ok,2.059
bot-019,01a0d83b-b817-7022-b1d7-9818cf657043,73,40617369,40666472,ACCEPTED,,40666478,ok,49.109
bot-019,01a0d83b-ba13-75ee-ba36-7e30f023be7a,74,41126039,41166453,ACCEPTED,,41166472,ok,40.433
bot-019,01a0d83b-bc0e-731b-9330-d24a76a16897,75,41632709,41666196,ACCEPTED,,41666199,ok,33.490
bot-019,01a0d83b-be09-7281-a48e-c4b0b4b8eac8,76,42139769,42166630,ACCEPTED,,42166634,ok,26.865
bot-019,01a0d83b-c002-7614-9b28-a3dcaa479e1d,77,42644637,42666085,ACCEPTED,,42666098,ok,21.461
bot-019,01a0d83b-c1fc-7300-abe3-8a55628619a3,78,43150826,43166316,ACCEPTED,,43166323,ok,15.497
bot-019,01a0d83b-c3f6-73be-b1ab-ab286be01b7a,79,43656850,43666050,ACCEPTED,,43666062,ok,9.212
bot-019,01a0d83b-c5f5-740c-aa1a-ba6bee63ec69,80,44168194,44216825,ACCEPTED,,44216829,ok,48.635
bot-019,01a0d83b-c7eb-73a0-a0e8-6de3e07dacb7,81,44669274,44716722,ACCEPTED,,44716735,ok,47.461
bot-019,01a0d83b-c9ea-70cc-97fd-94a29e7412f2,82,45180413,45216706,ACCEPTED,,45216713,ok,36.300
bot-019,01a0d83b-cbe5-7423-96f9-ff7d19e5bb6c,83,45687367,45716128,ACCEPTED,,45716141,ok,28.774
bot-019,01a0d83b-cde3-74c1-8a52-ac8f51381a47,84,46197842,46216988,ACCEPTED,,46216992,ok,19.150
bot-019,01a0d83b-cfe1-7719-8e39-19c965b14843,85,46708144,46716217,ACCEPTED,,46716221,ok,8.077
bot-019,01a0d83b-d1de-7339-9d08-4ffb542e6f2c,86,47216525,47266356,ACCEPTED,,47266558,ok,50.033
bot-019,01a0d83b-d3d3-76a3-bc4e-8ab59f56578a,87,47717337,47766031,ACCEPTED,,47766034,ok,48.697
bot-019,01a0d83b-d5c9-75c9-aca2-6a4c92d4e67f,88,48219668,48266294,ACCEPTED,,48266298,ok,46.630
bot-019,01a0d83b-d7c8-714b-928c-3d20ed2fd274,89,48730544,48766454,ACCEPTED,,48766458,ok,35.914
bot-019,01a0d83b-d9c8-73cd-a757-6e70fbfb1354,90,49242956,49266465,ACCEPTED,,49266470,ok,23.514
bot-019,01a0d83b-dbc3-772d-a8a9-d2e841d406e9,91,49749704,49766286,ACCEPTED,,49766295,ok,16.591
bot-019,01a0d83b-ddc2-77fc-940a-dcc188c2ffbb,92,50260422,50266472,ACCEPTED,,50266476,ok,6.054
bot-019,01a0d83b-dfbc-77c8-9e48-ec0bc8d650b9,93,50766950,50816675,ACCEPTED,,50816693,ok,49.743
bot-019,01a0d83b-e1b6-742e-8a83-a819507cd63d,94,51273063,51317604,ACCEPTED,,51317610,ok,44.547
bot-019,01a0d83b-e3b1-7289-8e93-f111feb41f44,95,51779254,51817287,ACCEPTED,,51817293,ok,38.039
bot-019,01a0d83b-e5ab-757f-9d31-59cf8e107d39,96,52285495,52316540,ACCEPTED,,52316545,ok,31.050
bot-019,01a0d83b-e7a5-7231-97ba-246ed4cec6e9,97,52791789,52816259,ACCEPTED,,52816279,ok,24.490
bot-019,01a0d83b-e9be-75f1-99f1-566dc7f44d6e,98,53328269,53368507,ACCEPTED,,53368519,ok,40.250
bot-019,01a0d83b-ebb7-7379-97c3-df6e2b39c38b,99,53834125,53866386,ACCEPTED,,53866403,ok,32.278
bot-019,01a0d83b-edb3-74d1-a72f-22caa25ad536,100,54341855,54366219,ACCEPTED,,54366225,ok,24.370
bot-019,01a0d83b-efad-7420-82a1-8e81dc94d66d,101,54848060,54866273,ACCEPTED,,54866283,ok,18.223
bot-019,01a0d83b-f1a7-7530-8974-0d5e8620f8f3,102,55354181,55366388,ACCEPTED,,55366393,ok,12.212
bot-019,01a0d83b-f3a5-7073-b6d3-81279d862c97,103,55864050,55866149,ACCEPTED,,55866155,ok,2.105
bot-019,01a0d83b-f59f-74a0-a036-d95c012f6a00,104,56370073,56417115,ACCEPTED,,56417119,ok,47.046
bot-019,01a0d83b-f79a-7685-8dca-da8984f821e7,105,56877143,56916266,ACCEPTED,,56916273,ok,39.130
bot-019,01a0d83b-f99f-777e-a645-d1093a30df0c,106,57394033,57416247,ACCEPTED,,57416259,ok,22.226
bot-019,01a0d83b-fb9a-7468-831f-e2c5318f2be3,107,57900393,57916648,ACCEPTED,,57916656,ok,16.263
bot-019,01a0d83b-fd9b-76e2-8572-af0155d2864b,108,58413962,58416244,ACCEPTED,,58416248,ok,2.286
bot-019,01a0d83b-ff92-7674-a2ea-34ce1475f2be,109,58916748,58966570,ACCEPTED,,58966576,ok,49.828
bot-019,01a0d83c-0187-7189-b7f0-52e1413289ef,110,59417452,59466209,ACCEPTED,,59466213,ok,48.761
bot-019,01a0d83c-037f-7413-baf4-1a27af41b54d,111,59921625,59966364,ACCEPTED,,59966368,ok,44.743
bot-019,01a0d83c-0584-7743-81ea-81a53a6836a6,112,60439050,60466372,ACCEPTED,,60466377,ok,27.327
bot-019,01a0d83c-077e-772f-8665-89dd2f83fbb8,113,60944720,60966321,ACCEPTED,,60966324,ok,21.604
bot-019,01a0d83c-097e-7696-815f-a5157454a927,114,61456293,61466572,ACCEPTED,,61466587,ok,10.294
bot-019,01a0d83c-0b78-77b2-8db0-4f3123563aa8,115,61962350,61966328,ACCEPTED,,61966340,ok,3.990
bot-019,01a0d83c-0d74-750e-b155-d9d2830d5c16,116,62470851,62516293,ACCEPTED,,62516303,ok,45.452
bot-019,01a0d83c-0f6e-751d-867f-0058fb48b11b,117,62976547,63016871,ACCEPTED,,63016875,ok,40.328
bot-019,01a0d83c-1164-7771-9e34-c5b018fedf22,118,63478907,63516001,ACCEPTED,,63516012,ok,37.105
bot-020,01a0d83b-27d8-75e3-8025-21aee59e4de7,0,3691139,3716442,ACCEPTED,,3716451,ok,25.312
bot-020,01a0d83b-29db-773f-b0b7-191e95bb1361,1,4206130,4216285,ACCEPTED,,4216293,ok,10.163
bot-020,01a0d83b-2bda-76a1-b016-c07b27a61431,2,4716329,4766428,ACCEPTED,,4766449,ok,50.120
bot-020,01a0d83b-2dcf-7255-8976-a27942e56a39,3,5217611,5266150,ACCEPTED,,5266169,ok,48.558
bot-020,01a0d83b-2fc4-71bd-8130-4180a946d706,4,5718381,5766501,ACCEPTED,,5766520,ok,48.139
bot-020,01a0d83b-31be-733a-9cef-6ffc21ddd626,5,6224358,6266266,ACCEPTED,,6266285,ok,41.927
bot-020,01a0d83b-33b6-76f8-b34d-2373161cef51,6,6728828,6766397,ACCEPTED,,6766406,ok,37.578
bot-020,01a0d83b-35ad-7205-91ba-20272b7445c7,7,7231682,7266257,ACCEPTED,,7266273,ok,34.591
bot-020,01a0d83b-37ad-7707-9887-29ca64d762da,8,7743279,7766575,ACCEPTED,,7766579,ok,23.300
bot-020,01a0d83b-39a6-7102-b6cf-a6c88dc29f7e,9,8248855,8266533,ACCEPTED,,8266543,ok,17.688
bot-020,01a0d83b-3b9f-73ce-9152-8fe53a6ce590,10,8754048,8766501,ACCEPTED,,8766509,ok,12.461
bot-020,01a0d83b-3d9b-75cc-97f4-2e1cf6c6edd7,11,9261522,9266222,ACCEPTED,,9266229,ok,4.707
bot-020,01a0d83b-3f94-7276-84ad-ad27e08e6430,12,9766340,9816255,ACCEPTED,,9816274,ok,49.934
bot-020,01a0d83b-418f-761a-aff7-979f2406c1a1,13,10273786,10316467,ACCEPTED,,10316477,ok,42.691
bot-020,01a0d83b-4389-701e-bfc6-932ce70f8421,14,10779867,10816936,ACCEPTED,,10816946,ok,37.079
bot-020,01a0d83b-4587-74a9-931b-09eb75106c68,15,11289328,11316583,ACCEPTED,,11316591,ok,27.263
bot-020,01a0d83b-477d-71e8-899f-3b928d710e15,16,11792151,11816932,ACCEPTED,,11816936,ok,24.785
bot-020,01a0d83b-497b-7793-ba67-114646d71e24,17,12301708,12317006,ACCEPTED,,12317010,ok,15.302
bot-020,01a0d83b-4b7a-73ca-90fa-cd6a8aa9b99f,18,12813013,12816537,ACCEPTED,,12816546,ok,3.533
bot-020,01a0d83b-4d6f-760f-b7dc-2fe29a786207,19,13313898,13316347,ACCEPTED,,13316354,ok,2.456
bot-020,01a0d83b-4f65-765d-b8c4-b5067a117393,20,13816226,13866164,ACCEPTED,,13866169,ok,49.943
bot-020,01a0d83b-515a-7584-9e6c-3d3120caba76,21,14316394,14366214,ACCEPTED,,14366233,ok,49.839
bot-020,01a0d83b-535b-7511-89fa-af25ec75e826,22,14829293,14866608,ACCEPTED,,14866614,ok,37.321
bot-020,01a0d83b-555c-777b-a93b-86fbc9bd6860,23,15343088,15366509,ACCEPTED,,15366514,ok,23.426
bot-020,01a0d83b-5756-701a-a7c0-5c57e661eb8e,24,15849114,15866316,ACCEPTED,,15866322,ok,17.208
bot-020,01a0d83b-5958-73df-8228-679b4b0e463d,25,16363170,16366441,ACCEPTED,,16366445,ok,3.275
bot-020,01a0d83b-5b4f-76e2-986a-15d0f1fa4cab,26,16865560,16866441,ACCEPTED,,16866446,ok,0.886
bot-020,01a0d83b-5d44-7244-ab75-3eb6f3e5cd35,27,17366446,17417205,ACCEPTED,,17417210,ok,50.764
bot-020,01a0d83b-5f43-7403-bf9f-777e8558be11,28,17878033,17916504,ACCEPTED,,17916515,ok,38.482
bot-020,01a0d83b-6140-72aa-868e-e76f134f4999,29,18386335,18416932,ACCEPTED,,18416942,ok,30.607
bot-020,01a0d83b-6338-76c8-8786-d3d06f1ce931,30,18890481,18916863,ACCEPTED,,18916868,ok,26.387
bot-020,01a0d83b-6532-74d6-9745-0ae4bd27e08c,31,19396562,19416464,ACCEPTED,,19416474,ok,19.912
bot-020,01a0d83b-672c-7294-8d8a-8c6afcd7522b,32,19902733,19916699,ACCEPTED,,19916711,ok,13.978
bot-020,01a0d83b-6926-716b-ae97-b21f76dd367e,33,20408892,20416727,ACCEPTED,,20416733,ok,7.841
bot-020,01a0d83b-6b1e-753f-93dd-5145e7c67e7a,34,20913059,20916690,ACCEPTED,,20916698,ok,3.639
bot-020,01a0d83b-6d16-7338-95eb-45db007c30d8,35,21416477,21466222,ACCEPTED,,21466238,ok,49.761
bot-020,01a0d83b-6f19-7458-8b65-c28639778a26,36,21931706,21973239,ACCEPTED,,21973242,ok,41.536
bot-020,01a0d83b-711d-71c1-b18c-b01fdc1b2d85,37,22447359,22466223,ACCEPTED,,22466233,ok,18.874
bot-020,01a0d83b-731d-7618-bf62-317954c20d19,38,22960099,22966297,ACCEPTED,,22966308,ok,6.209
bot-020,01a0d83b-7518-75e2-a5d9-496b38e77985,39,23466462,23516286,ACCEPTED,,23516298,ok,49.836
bot-020,01a0d83b-7713-76c7-b43d-fb445b448b18,40,23974201,24016272,ACCEPTED,,24016286,ok,42.085
bot-020,01a0d83b-790f-73e6-b72e-4c5f400968cb,41,24481495,24516253,ACCEPTED,,24516263,ok,34.768
bot-020,01a0d83b-7b05-7725-a7f7-d68bce68a5d4,42,24983686,25016127,ACCEPTED,,25016131,ok,32.445
bot-020,01a0d83b-7d01-770a-bced-892ba6803b7c,43,25491435,25516762,ACCEPTED,,25516772,ok,25.337
bot-020,01a0d83b-7efd-7473-b6fb-ddbe8779d319,44,25999989,26016915,ACCEPTED,,26016923,ok,16.934
bot-020,01a0d83b-80f2-7587-8a98-e23a9406c8cc,45,26501096,26516201,ACCEPTED,,26516209,ok,15.113
bot-020,01a0d83b-82f6-755a-b3b8-4b7fe425e014,46,27016431,27066429,ACCEPTED,,27066433,ok,50.002
bot-020,01a0d83b-84ec-7182-94ce-fc87e5132d72,47,27518374,27566014,ACCEPTED,,27566024,ok,47.650
bot-020,01a0d83b-86e6-70b4-86a5-b9448be62f6e,48,28024650,28066136,ACCEPTED,,28066147,ok,41.497
bot-020,01a0d83b-88e2-7255-9c85-2288852bb639,49,28532574,28566296,ACCEPTED,,28566300,ok,33.726
bot-020,01a0d83b-8adb-7263-ab98-d2cf09d8238b,50,29037996,29066523,ACCEPTED,,29066532,ok,28.536
bot-020,01a0d83b-8cd5-737d-acc8-0432fe74d56b,51,29543386,29566297,ACCEPTED,,29566302,ok,22.916
bot-020,01a0d83b-8ed5-76a5-b914-ef9a1e8911a9,52,30055353,30066336,ACCEPTED,,30066341,ok,10.988
bot-020,01a0d83b-90d4-70b7-b13c-a56b6f31de6e,53,30566538,30617073,ACCEPTED,,30617077,ok,50.539
bot-020,01a0d83b-92cf-746f-b1cb-593b6a6f912e,54,31073567,31116762,ACCEPTED,,31116767,ok,43.200
bot-020,01a0d83b-94d2-77e1-b0dc-774967916f38,55,31588702,31616282,ACCEPTED,,31616289,ok,27.587
bot-020,01a0d83b-96cd-7317-ac41-7a0a6b134dd7,56,32096198,32116522,ACCEPTED,,32116533,ok,20.335
bot-020,01a0d83b-98c9-7080-82b3-73958a7ade68,57,32603506,32616203,ACCEPTED,,32616217,ok,12.711
bot-020,01a0d83b-9ac3-73bd-a604-df6609b24db9,58,33109883,33116403,ACCEPTED,,33116414,ok,6.531
bot-020,01a0d83b-9cbe-700e-9529-3a1372f660a4,59,33616314,33666330,ACCEPTED,,33666349,ok,50.035
bot-020,01a0d83b-9eb3-743a-9d80-6f1f7fe445c4,60,34117396,34166110,ACCEPTED,,34166115,ok,48.719
bot-020,01a0d83b-a0b3-7619-8e1e-93ac4e7f0fc4,61,34629746,34666218,ACCEPTED,,34666236,ok,36.490
bot-020,01a0d83b-a2ab-7791-a368-f320c5944804,62,35134156,35166387,ACCEPTED,,35166396,ok,32.240
bot-020,01a0d83b-a4a6-72d6-a6e9-ffa8b5a766f9,63,35640550,35666271,ACCEPTED,,35666285,ok,25.735
bot-020,01a0d83b-a6a0-73f7-8fbf-4d0c14936d2a,64,36146948,36166196,ACCEPTED,,36166199,ok,19.251
bot-020,01a0d83b-a89e-708b-80cb-c863c73bfaef,65,36656257,36666264,ACCEPTED,,36666271,ok,10.014
bot-020,01a0d83b-aa95-75ec-b0fa-72671d87593c,66,37159347,37166092,ACCEPTED,,37166104,ok,6.757
bot-020,01a0d83b-ac94-71de-b3d0-65b0c80cb91c,67,37670781,37716195,ACCEPTED,,37716207,ok,45.426
bot-020,01a0d83b-ae8d-7457-b966-cc2c40e1578b,68,38175522,38216269,ACCEPTED,,38216276,ok,40.754
bot-020,01a0d83b-b083-7582-99d3-e8163bd6e48f,69,38677602,38716623,ACCEPTED,,38716629,ok,39.027
bot-020,01a0d83b-b27d-7218-b7a9-6b751030d507,70,39183760,39216523,ACCEPTED,,39216530,ok,32.770
bot-020,01a0d83b-b477-7049-9822-8c5dfe413210,71,39689919,39716221,ACCEPTED,,39716233,ok,26.314
bot-020,01a0d83b-b671-72df-922e-a78e1691249f,72,40196171,40216522,ACCEPTED,,40216533,ok,20.362
bot-020,01a0d83b-b872-7696-960d-0a95f8669c8f,73,40708958,40716489,ACCEPTED,,40716492,ok,7.534
bot-020,01a0d83b-ba68-773c-a78b-68382d1c720e,74,41210464,41216347,ACCEPTED,,41216356,ok,5.892
bot-020,01a0d83b-bc60-7091-86d5-ae47f400f11c,75,41714679,41716384,ACCEPTED,,41716390,ok,1.711
bot-020,01a0d83b-be56-7119-82a9-c1140cf122ee,76,42216394,42266307,ACCEPTED,,42266319,ok,49.925
bot-020,01a0d83b-c04b-755f-a404-885e84235224,77,42717577,42766286,ACCEPTED,,42766304,ok,48.727
bot-020,01a0d83b-c243-764d-8a2a-0e633dbe178a,78,43221421,43266260,ACCEPTED,,43266264,ok,44.843
bot-020,01a0d83b-c43c-72b1-bccb-855922ac3f7e,79,43726875,43766109,ACCEPTED,,43766113,ok,39.238
bot-020,01a0d83b-c636-754d-940b-cb0da8a90233,80,44232283,44266189,ACCEPTED,,44266200,ok,33.917
bot-020,01a0d83b-c831-74b4-8a16-27b1c153040a,81,44739866,44766386,ACCEPTED,,44766396,ok,26.530
bot-020,01a0d83b-ca29-7390-9c45-f020ba0f3861,82,45243965,45266285,ACCEPTED,,45266299,ok,22.334
bot-020,01a0d83b-cc21-75ef-8e49-2061ea6b6d04,83,45747331,45766463,ACCEPTED,,45766481,ok,19.150
bot-020,01a0d83b-ce23-71bf-880f-2af4ff792d06,84,46261551,46266186,ACCEPTED,,46266197,ok,4.646
bot-020,01a0d83b-d021-7359-8501-9e347382a61c,85,46771776,46816256,ACCEPTED,,46816265,ok,44.489
bot-020,01a0d83b-d222-772b-859c-360423cf9479,86,47284679,47316465,ACCEPTED,,47316485,ok,31.806
bot-020,01a0d83b-d41b-7742-a601-f4498c0d40f8,87,47789405,47816203,ACCEPTED,,47816212,ok,26.807
bot-020,01a0d83b-d615-7556-b5c6-9f1e77ea734c,88,48296248,48316825,ACCEPTED,,48316830,ok,20.582
bot-020,01a0d83b-d80e-75bf-8efa-092db52a7b17,89,48801057,48816256,ACCEPTED,,48816276,ok,15.219
bot-020,01a0d83b-da04-70ce-83cf-29adc4273108,90,49302280,49316672,ACCEPTED,,49316682,ok,14.402
bot-020,01a0d83b-dc01-7199-aec5-05d2be101f16,91,49811338,49816259,ACCEPTED,,49816278,ok,4.940
bot-020,01a0d83b-ddf6-729e-af84-ed7f253ea5f6,92,50312788,50330273,ACCEPTED,,50330284,ok,17.496
bot-020,01a0d83b-dfeb-75c5-bba5-cad4fe37ff1b,93,50814188,50817142,ACCEPTED,,50817168,ok,2.980
bot-020,01a0d83b-e1e2-767a-b435-5ce511f5885d,94,51316842,51366314,ACCEPTED,,51366318,ok,49.476
bot-020,01a0d83b-e3d7-7293-8a60-64f90546a81a,95,51817713,51866174,ACCEPTED,,51866181,ok,48.468
bot-020,01a0d83b-e5ce-7575-a0bf-63bd0275a769,96,52320935,52366207,ACCEPTED,,52366211,ok,45.276
bot-020,01a0d83b-e7c5-769d-9d7d-a78bcaf08228,97,52823504,52866072,ACCEPTED,,52866083,ok,42.579
bot-020,01a0d83b-e9bd-74f1-8ada-1fd13464b2ae,98,53328133,53368601,ACCEPTED,,53368605,ok,40.472
bot-020,01a0d83b-ebb7-7379-97c3-df7346afd73c,99,53834229,53866479,ACCEPTED,,53866482,ok,32.253
bot-020,01a0d83b-edb3-74d1-a72f-22c56fb1528d,100,54341820,54366226,ACCEPTED,,54366230,ok,24.410
bot-020,01a0d83b-efad-7420-82a1-8e7dbba86de2,101,54848030,54866299,ACCEPTED,,54866311,ok,18.281
bot-020,01a0d83b-f1a7-7530-8974-0d623463de1b,102,55354216,55366450,ACCEPTED,,55366460,ok,12.244
bot-020,01a0d83b-f3a5-7073-b6d3-81234e19cb61,103,55864015,55866088,ACCEPTED,,55866102,ok,2.087
bot-020,01a0d83b-f59f-74a0-a036-d96644105872,104,56370182,56417146,ACCEPTED,,56417152,ok,46.970
bot-020,01a0d83b-f79a-7685-8dca-da8bf40af6f7,105,56877180,56916058,ACCEPTED,,56916079,ok,38.899
bot-020,01a0d83b-f99f-777e-a645-d10b1b3c3796,106,57394045,57416483,ACCEPTED,,57416488,ok,22.443
bot-020,01a0d83b-fb9a-7468-831f-e2c769bc6640,107,57900413,57917024,ACCEPTED,,57917028,ok,16.615
bot-020,01a0d83b-fd9b-76e2-8572-aef9752b6092,108,58413880,58416446,ACCEPTED,,58416450,ok,2.570
bot-020,01a0d83b-ff92-7674-a2ea-34cdfaa0ff28,109,58916731,58966546,ACCEPTED,,58966551,ok,49.820
bot-020,01a0d83c-0187-7189-b7f0-52e38c7383ce,110,59417469,59466216,ACCEPTED,,59466218,ok,48.749
bot-020,01a0d83c-037f-7413-baf4-1a21a6e34da8,111,59921575,59966294,ACCEPTED,,59966303,ok,44.728
bot-020,01a0d83c-0584-7743-81ea-819c02c249c7,112,60438945,60466384,ACCEPTED,,60466395,ok,27.450
bot-020,01a0d83c-077e-772f-8665-89dac542f083,113,60944667,60966240,ACCEPTED,,60966250,ok,21.583
bot-020,01a0d83c-097e-7696-815f-a51f8661404c,114,61456412,61466639,ACCEPTED,,61466648,ok,10.236
bot-020,01a0d83c-0b78-77b2-8db0-4f30f5e6111a,115,61962350,61966279,ACCEPTED,,61966289,ok,3.939
bot-020,01a0d83c-0d74-750e-b155-d9ce928c7777,116,62470789,62516034,ACCEPTED,,62516049,ok,45.260
bot-020,01a0d83c-0f6e-751d-867f-005604db17df,117,62976505,63016393,ACCEPTED,,63016412,ok,39.907
bot-020,01a0d83c-1164-7771-9e34-c5b53062655a,118,63478969,63516045,ACCEPTED,,63516048,ok,37.079
bot-021,01a0d83b-28b4-7152-ab2a-b4f5acdeeda7,0,3910487,3916466,ACCEPTED,,3916473,ok,5.986
bot-021,01a0d83b-2aae-7721-9056-8e3ec9cd26cd,1,4416381,4466348,ACCEPTED,,4466368,ok,49.987
bot-021,01a0d83b-2ca3-70f7-b30b-8b10e28bc919,2,4917379,4966433,ACCEPTED,,4966449,ok,49.070
bot-021,01a0d83b-2ea0-70db-b4ef-9f6cbcc7c6a9,3,5427153,5466133,ACCEPTED,,5466151,ok,38.998
bot-021,01a0d83b-3097-767e-a921-f97ee45c0947,4,5930198,5966435,ACCEPTED,,5966450,ok,36.252
bot-021,01a0d83b-3292-75ae-89cf-3f1e55281674,5,6436390,6466214,ACCEPTED,,6466229,ok,29.839
bot-021,01a0d83b-348c-7237-9d0b-2af584a73567,6,6942577,6966815,ACCEPTED,,6966830,ok,24.253
bot-021,01a0d83b-3688-7338-827c-97af5be36016,7,7450938,7466731,ACCEPTED,,7466742,ok,15.804
bot-021,01a0d83b-3881-726f-b251-91e40a4e10b5,8,7955888,7966209,ACCEPTED,,7966211,ok,10.323
bot-021,01a0d83b-3a7a-7226-872f-543b101fe75c,9,8460694,8466312,ACCEPTED,,8466319,ok,5.625
bot-021,01a0d83b-3c73-7164-b3af-9cd9071f5d34,10,8966198,9016185,ACCEPTED,,9016208,ok,50.010
bot-021,01a0d83b-3e68-746a-9ef6-cd4073498264,11,9466312,9516427,ACCEPTED,,9516448,ok,50.136
bot-021,01a0d83b-405d-73ea-bbfc-61e6caa5506f,12,9967707,10016080,ACCEPTED,,10016101,ok,48.394
bot-021,01a0d83b-4257-7212-b3f9-5c0f5552ecd8,13,10473717,10516490,ACCEPTED,,10516507,ok,42.790
bot-021,01a0d83b-444e-74d9-be14-c655fd642cf2,14,10976713,11016605,ACCEPTED,,11016617,ok,39.904
bot-021,01a0d83b-4644-71ac-9918-fe4fadb1c2de,15,11478378,11516128,ACCEPTED,,11516149,ok,37.771
bot-021,01a0d83b-483a-77e2-b283-abffc654f4ff,16,11980441,12016554,ACCEPTED,,12016564,ok,36.123
bot-021,01a0d83b-4a36-729b-8d1d-912d79641126,17,12488959,12516652,ACCEPTED,,12516660,ok,27.701
bot-021,01a0d83b-4c2d-7239-885a-0f8c347bef82,18,12992099,13016721,ACCEPTED,,13016729,ok,24.630
bot-021,01a0d83b-4e26-7698-9eec-3a5c12eb4474,19,13496292,13516130,ACCEPTED,,13516150,ok,19.858
bot-021,01a0d83b-5022-76ac-8fb9-31f832504a5a,20,14005234,14016674,ACCEPTED,,14016684,ok,11.450
bot-021,01a0d83b-521d-75ce-8497-ff7217577584,21,14511375,14516959,ACCEPTED,,14516965,ok,5.590
bot-021,01a0d83b-5416-7001-bb17-c31d8648c1e1,22,15016443,15066239,ACCEPTED,,15066254,ok,49.811
bot-021,01a0d83b-560b-725a-9b37-941f6c8a3da4,23,15517358,15566021,ACCEPTED,,15566029,ok,48.671
bot-021,01a0d83b-5810-7255-84cb-ff185e2a5570,24,16034844,16066410,ACCEPTED,,16066421,ok,31.577
bot-021,01a0d83b-5a05-761d-9d65-b44f68fa4651,25,16536100,16566267,ACCEPTED,,16566271,ok,30.171
bot-021,01a0d83b-5bfb-7042-9b9c-de9e57606944,26,17037523,17066128,ACCEPTED,,17066139,ok,28.616
bot-021,01a0d83b-5dfa-77c2-bd4b-dbb20aaae280,27,17548510,17566269,ACCEPTED,,17566273,ok,17.763
bot-021,01a0d83b-5ff0-77a8-9466-498c4069dae2,28,18050924,18066623,ACCEPTED,,18066633,ok,15.709
bot-021,01a0d83b-61ed-74a8-9c14-46d0a6f4ef52,29,18560193,18566208,ACCEPTED,,18566213,ok,6.020
bot-021,01a0d83b-63e8-7557-82e2-8922e7b8441b,30,19066321,19116536,ACCEPTED,,19116556,ok,50.235
bot-021,01a0d83b-65e2-7623-9781-db6ece946c2b,31,19573003,19616318,ACCEPTED,,19616338,ok,43.335
bot-021,01a0d83b-67dd-777e-a6dd-ab1b1edca112,32,20079438,20116930,ACCEPTED,,20116935,ok,37.497
bot-021,01a0d83b-69d7-7498-b8c8-681f501155ad,33,20585351,20616258,ACCEPTED,,20616270,ok,30.919
bot-021,01a0d83b-6bd1-723c-8ec5-2d43bcf205f5,34,21091406,21116298,ACCEPTED,,21116308,ok,24.902
bot-021,01a0d83b-6dcc-76df-8e40-2b877d34be7d,35,21598758,21616180,ACCEPTED,,21616189,ok,17.431
bot-021,01a0d83b-6fd1-7050-8e23-addc4c4da836,36,22115504,22116742,ACCEPTED,,22116746,ok,1.242
bot-021,01a0d83b-71c6-7154-8af9-657e08a9fde9,37,22616783,22666340,ACCEPTED,,22666344,ok,49.561
bot-021,01a0d83b-73bb-755c-82ef-3e594836dac2,38,23117644,23166187,ACCEPTED,,23166197,ok,48.553
bot-021,01a0d83b-75b7-7640-a5ac-526fcf405489,39,23626017,23666413,ACCEPTED,,23666419,ok,40.402
bot-021,01a0d83b-77b2-75a2-8f49-d320e25dd677,40,24133198,24166216,ACCEPTED,,24166224,ok,33.026
bot-021,01a0d83b-79a9-74fd-85cf-3ffc75375db8,41,24635324,24666266,ACCEPTED,,24666274,ok,30.950
bot-021,01a0d83b-7ba2-72f4-aef2-8c387909b1cb,42,25140615,25166295,ACCEPTED,,25166302,ok,25.687
bot-021,01a0d83b-7d9f-76bb-8660-970e5bf213d6,43,25649673,25666185,ACCEPTED,,25666190,ok,16.517
bot-021,01a0d83b-7fa2-772f-a73b-5540c5a5d634,44,26164562,26166204,ACCEPTED,,26166211,ok,1.649
bot-021,01a0d83b-8197-739e-b4db-a137f635fc35,45,26666039,26716511,ACCEPTED,,26716603,ok,50.564
bot-021,01a0d83b-838c-75ea-8f6e-3c05095b3c09,46,27166352,27217055,ACCEPTED,,27217068,ok,50.716
bot-021,01a0d83b-8582-736c-9208-81abf8243479,47,27668544,27716833,ACCEPTED,,27716839,ok,48.295
bot-021,01a0d83b-8783-75f2-9143-396c7945f1a0,48,28181974,28217709,ACCEPTED,,28217713,ok,35.739
bot-021,01a0d83b-8979-7165-a9a4-19650b3dd227,49,28683781,28717278,ACCEPTED,,28717282,ok,33.501
bot-021,01a0d83b-8b74-76ff-a0c6-8e4ca352a0be,50,29191198,29216405,ACCEPTED,,29216420,ok,25.222
bot-021,01a0d83b-8d6d-70b9-af12-1a4c7d7a9f64,51,29696160,29716164,ACCEPTED,,29716187,ok,20.027
bot-021,01a0d83b-8f6a-73ff-9873-4188f3b216cd,52,30204842,30216651,ACCEPTED,,30216661,ok,11.819
bot-021,01a0d83b-9162-7511-8782-4d9d0354d332,53,30709185,30717088,ACCEPTED,,30717094,ok,7.909
bot-021,01a0d83b-935e-744e-9bbd-970481eddcdb,54,31217088,31266525,ACCEPTED,,31266546,ok,49.458
bot-021,01a0d83b-9553-72c3-91c5-7b2662497aa5,55,31717335,31766924,ACCEPTED,,31766942,ok,49.607
bot-021,01a0d83b-974e-7347-a3b1-cc4d876b6ec9,56,32224324,32266713,ACCEPTED,,32266718,ok,42.394
bot-021,01a0d83b-9947-7226-8ed7-c3413ccdbd15,57,32729446,32766479,ACCEPTED,,32766482,ok,37.036
bot-021,01a0d83b-9b40-7586-91a5-4853d24148b9,58,33235049,33266361,ACCEPTED,,33266365,ok,31.316
bot-021,01a0d83b-9d3e-73e9-b8bf-9c71c317abcd,59,33744613,33771112,ACCEPTED,,33771121,ok,26.508
bot-021,01a0d83b-9f3e-722a-abb4-2fc278756df4,60,34256771,34266542,ACCEPTED,,34266553,ok,9.782
bot-021,01a0d83b-a137-72a7-bc6f-c25afe13df98,61,34762235,34766374,ACCEPTED,,34766378,ok,4.143
bot-021,01a0d83b-a32f-73a0-9b7e-9e198b03405e,62,35265334,35266573,ACCEPTED,,35266575,ok,1.241
bot-021,01a0d83b-a524-755f-bb89-d9a5eb6c359c,63,35766390,35816092,ACCEPTED,,35816107,ok,49.717
bot-021,01a0d83b-a722-759a-8743-d962b8adf94a,64,36276299,36317044,ACCEPTED,,36317049,ok,40.750
bot-021,01a0d83b-a91c-7226-95e1-54667c2011df,65,36782448,36816296,ACCEPTED,,36816307,ok,33.859
bot-021,01a0d83b-ab22-7533-8958-2e2dba8f47b2,66,37300557,37316931,ACCEPTED,,37316950,ok,16.393
bot-021,01a0d83b-ad24-72fd-86be-fa4a8d5982d6,67,37814315,37816420,ACCEPTED,,37816425,ok,2.110
bot-021,01a0d83b-af1a-778c-aac8-9523da3c366e,68,38316798,38366368,ACCEPTED,,38366389,ok,49.591
bot-021,01a0d83b-b11c-72b1-a364-70d82f641300,69,38830822,38866107,ACCEPTED,,38866110,ok,35.288
bot-021,01a0d83b-b31d-76bb-ae4f-baa46d283978,70,39343317,39366225,ACCEPTED,,39366235,ok,22.918
bot-021,01a0d83b-b519-7766-981d-b8814a597433,71,39851826,39866134,ACCEPTED,,39866152,ok,14.326
bot-021,01a0d83b-b70f-77f3-a94c-0bad55ed86f4,72,40353312,40366146,ACCEPTED,,40366159,ok,12.847
bot-021,01a0d83b-b905-7734-ab00-5a1da27ba9a3,73,40855310,40866344,ACCEPTED,,40866359,ok,11.049
bot-021,01a0d83b-bafd-717b-be0b-64dc9ed2a6e0,74,41359576,41366048,ACCEPTED,,41366061,ok,6.485
bot-021,01a0d83b-bcf5-72a4-9e29-38c1d2f51937,75,41863991,41866085,ACCEPTED,,41866089,ok,2.098
bot-021,01a0d83b-beea-77af-98bc-4619227e586b,76,42364522,42366158,ACCEPTED,,42366168,ok,1.646
bot-021,01a0d83b-c0e2-76ba-a160-b3046cf275ca,77,42868555,42916985,ACCEPTED,,42916995,ok,48.440
bot-021,01a0d83b-c2dc-76ea-b32e-06d4baed1f54,78,43374475,43416173,ACCEPTED,,43416179,ok,41.704
bot-021,01a0d83b-c4d8-765c-acee-0fbb1045d25f,79,43882689,43916105,ACCEPTED,,43916131,ok,33.442
bot-021,01a0d83b-c6d0-7791-be3a-f87b220e5f0f,80,44386858,44417088,ACCEPTED,,44417094,ok,30.236
bot-021,01a0d83b-c8ca-7405-9c12-67a9d0771c53,81,44892900,44916347,ACCEPTED,,44916352,ok,23.452
bot-021,01a0d83b-cac5-75b8-9b47-ffba463eb910,82,45399996,45417066,ACCEPTED,,45417071,ok,17.075
bot-021,01a0d83b-ccbe-7381-9ee2-23ef0910ce27,83,45904437,45916352,ACCEPTED,,45916361,ok,11.924
bot-021,01a0d83b-ceb6-7674-a7c2-4018b2db2382,84,46408597,46417017,ACCEPTED,,46417022,ok,8.425
bot-021,01a0d83b-d0af-704a-b965-795b22c70712,85,46913958,46916286,ACCEPTED,,46916295,ok,2.337
bot-021,01a0d83b-d2a6-77d0-ac66-4df94619c42a,86,47416461,47466334,ACCEPTED,,47466337,ok,49.876
bot-021,01a0d83b-d4a9-7161-aa79-1b0b72582b03,87,47931582,47966373,ACCEPTED,,47966381,ok,34.799
bot-021,01a0d83b-d69f-7566-84fe-4b22e724c3d7,88,48433845,48466072,ACCEPTED,,48466092,ok,32.247
bot-021,01a0d83b-d895-7664-860b-5476751b1eba,89,48935445,48966619,ACCEPTED,,48966629,ok,31.184
bot-021,01a0d83b-da8d-717c-8297-81b0fd17478d,90,49439629,49466461,ACCEPTED,,49466464,ok,26.835
bot-021,01a0d83b-dc84-7051-9a80-dc8d30b31908,91,49942904,49966311,ACCEPTED,,49966316,ok,23.412
bot-021,01a0d83b-de7c-738c-9792-3405de1b929f,92,50446989,50482945,ACCEPTED,,50482949,ok,35.960
bot-021,01a0d83b-e078-7564-a38d-025f21b14d7d,93,50955217,50970427,ACCEPTED,,50970432,ok,15.215
bot-021,01a0d83b-e273-7634-9cb0-1028274f0cb1,94,51461562,51466088,ACCEPTED,,51466091,ok,4.529
bot-021,01a0d83b-e46c-71ce-aab5-1f08b4e249f1,95,51966277,52017238,ACCEPTED,,52017243,ok,50.966
bot-021,01a0d83b-e66e-759c-b794-8a1ea6a78696,96,52480706,52520062,ACCEPTED,,52520071,ok,39.365
bot-021,01a0d83b-e863-74b3-886d-22a6a145a524,97,52981922,53016685,ACCEPTED,,53016696,ok,34.774
bot-021,01a0d83b-ea6c-777a-8254-ded62df2d534,98,53502836,53525410,ACCEPTED,,53525630,ok,22.794
bot-021,01a0d83b-ec66-760c-8e0d-40b1a17b3fa3,99,54008355,54016967,ACCEPTED,,54016971,ok,8.616
bot-021,01a0d83b-ee62-73e6-8b67-276b88a23176,100,54516386,54566548,ACCEPTED,,54566567,ok,50.181
bot-021,01a0d83b-f057-75b2-9fe4-d21933f696ae,101,55017360,55066579,ACCEPTED,,55066584,ok,49.224
bot-021,01a0d83b-f24e-7163-a0b4-38c2ca36dad5,102,55520570,55566111,ACCEPTED,,55566133,ok,45.563
bot-021,01a0d83b-f452-720c-9ef6-9e320c920aca,103,56037058,56066273,ACCEPTED,,56066279,ok,29.221
bot-021,01a0d83b-f64a-715c-bd51-87c36194a7e5,104,56540256,56566460,ACCEPTED,,56566480,ok,26.224
bot-021,01a0d83b-f844-7471-a384-aa51e6005d42,105,57046536,57066369,ACCEPTED,,57066374,ok,19.838
bot-021,01a0d83b-fa44-7549-8cc7-5049b33c2d60,106,57558760,57566394,ACCEPTED,,57566405,ok,7.645
bot-021,01a0d83b-fc42-713f-9484-3049a70e63c2,107,58068335,58116316,ACCEPTED,,58116323,ok,47.988
bot-021,01a0d83b-fe45-72d7-a62b-5f319b696c5a,108,58584011,58616460,ACCEPTED,,58616481,ok,32.470
bot-021,01a0d83c-0042-7068-bc99-33ca4b598924,109,59092860,59116248,ACCEPTED,,59116252,ok,23.392
bot-021,01a0d83c-023d-7395-9a80-3ce8dfefabd7,110,59600038,59616136,ACCEPTED,,59616148,ok,16.110
bot-021,01a0d83c-0437-7472-9090-689156ac4901,111,60106057,60116444,ACCEPTED,,60116456,ok,10.399
bot-021,01a0d83c-0635-7251-8ca9-64f36cab9ece,112,60616252,60666426,ACCEPTED,,60666442,ok,50.190
bot-021,01a0d83c-082a-76a1-8910-c5bf54cd5d0b,113,61116576,61166703,ACCEPTED,,61166715,ok,50.139
bot-021,01a0d83c-0a1f-7408-b3f2-4889ee53b2a9,114,61617330,61666419,ACCEPTED,,61666440,ok,49.110
bot-021,01a0d83c-0c1b-7703-b1a2-795be4b4ccc0,115,62125895,62166318,ACCEPTED,,62166331,ok,40.436
bot-021,01a0d83c-0e1c-756e-9c88-7676d2e43435,116,62639141,62666012,ACCEPTED,,62666024,ok,26.883
bot-021,01a0d83c-1016-73ea-85f8-841dbc057fff,117,63144494,63166149,ACCEPTED,,63166160,ok,21.666
bot-021,01a0d83c-1216-7078-804f-3d5fd04c573c,118,63656621,63666067,ACCEPTED,,63666080,ok,9.459
bot-022,01a0d83b-28fd-7202-af4e-25c00dd5f42c,0,3984018,4016738,ACCEPTED,,4016742,ok,32.724
bot-022,01a0d83b-2afb-75d8-b497-9875b90bcea9,1,4493920,4516027,ACCEPTED,,4516044,ok,22.124
bot-022,01a0d83b-2cf0-75af-b134-31739fcf91b7,2,4994740,5019278,ACCEPTED,,5019302,ok,24.562
bot-022,01a0d83b-2ef0-756f-b994-0a17705dcdb5,3,5506325,5516920,ACCEPTED,,5516924,ok,10.599
bot-022,01a0d83b-30ea-7225-b8f1-a63b45125cd0,4,6012719,6016387,ACCEPTED,,6016397,ok,3.678
bot-022,01a0d83b-32e2-7369-aea2-27dceaea43c2,5,6516322,6566543,ACCEPTED,,6566551,ok,50.229
bot-022,01a0d83b-34dc-77ff-bab9-37005fe02c18,6,7022618,7066154,ACCEPTED,,7066167,ok,43.549
bot-022,01a0d83b-36d1-71de-b82e-61de12534654,7,7524186,7566368,ACCEPTED,,7566395,ok,42.209
bot-022,01a0d83b-38d0-759a-87b9-0e14015024dd,8,8034651,8066333,ACCEPTED,,8066337,ok,31.686
bot-022,01a0d83b-3aca-74b1-8c98-bb0b4aa0e82f,9,8540808,8566552,ACCEPTED,,8566564,ok,25.756
bot-022,01a0d83b-3cc8-7773-8b79-369d1399c1cb,10,9050326,9066228,ACCEPTED,,9066232,ok,15.906
bot-022,01a0d83b-3ec1-76c9-8e33-0e04eb26af57,11,9555781,9566391,ACCEPTED,,9566405,ok,10.624
bot-022,01a0d83b-40bb-7760-8f1e-cba2fd5ceba3,12,10061950,10066377,ACCEPTED,,10066389,ok,4.439
bot-022,01a0d83b-42b5-73b8-a1e0-0c8e4c16c40d,13,10568064,10616236,ACCEPTED,,10616252,ok,48.188
bot-022,01a0d83b-44ab-7538-8571-b7c0b027f3c1,14,11070085,11116278,ACCEPTED,,11116296,ok,46.211
bot-022,01a0d83b-46a3-723c-92da-a94639dcaeac,15,11574068,11616942,ACCEPTED,,11616946,ok,42.878
bot-022,01a0d83b-48a0-715c-abce-6b19002f8be6,16,12082350,12116319,ACCEPTED,,12116342,ok,33.992
bot-022,01a0d83b-4a96-77e6-9a07-2c0fe717bdd9,17,12584868,12616981,ACCEPTED,,12617001,ok,32.133
bot-022,01a0d83b-4c8c-71de-af38-a9c8d0e11035,18,13087038,13116319,ACCEPTED,,13116337,ok,29.299
bot-022,01a0d83b-4e90-76c4-bc6d-28674c1d2679,19,13603150,13616254,ACCEPTED,,13616258,ok,13.108
bot-022,01a0d83b-508c-71cf-92d3-70aa874b48c5,20,14111200,14116063,ACCEPTED,,14116065,ok,4.865
bot-022,01a0d83b-5286-7581-bcf8-2eb4ff42b9ba,21,14616418,14666692,ACCEPTED,,14666701,ok,50.283
bot-022,01a0d83b-547b-73e6-96ad-afc913459991,22,15117353,15166425,ACCEPTED,,15166433,ok,49.080
bot-022,01a0d83b-567d-7095-b21b-4f7ad09d2918,23,15631911,15666318,ACCEPTED,,15666326,ok,34.415
bot-022,01a0d83b-5875-77d6-a815-dcc4f86e3821,24,16135855,16166525,ACCEPTED,,16166537,ok,30.682
bot-022,01a0d83b-5a70-77ac-9424-13e52cec33ce,25,16642356,16666530,ACCEPTED,,16666534,ok,24.178
bot-022,01a0d83b-5c69-76f9-aedd-13e6f3c4c43f,26,17148194,17166214,ACCEPTED,,17166232,ok,18.038
bot-022,01a0d83b-5e64-72eb-80a9-333c1c679565,27,17654448,17666060,ACCEPTED,,17666070,ok,11.622
bot-022,01a0d83b-605e-7197-b441-8f84b12f0097,28,18160442,18166560,ACCEPTED,,18166565,ok,6.123
bot-022,01a0d83b-6258-74ac-a404-a900022e7028,29,18666803,18719173,ACCEPTED,,18719540,ok,52.737
bot-022,01a0d83b-6454-77fe-9c13-f9d625bb1f39,30,19174764,19216156,ACCEPTED,,19216164,ok,41.400
bot-022,01a0d83b-664c-73df-8f47-1e60c861ae32,31,19678872,19716469,ACCEPTED,,19716490,ok,37.618
bot-022,01a0d83b-6846-75a8-9a69-f10ecd484c0c,32,20185175,20216463,ACCEPTED,,20216474,ok,31.299
bot-022,01a0d83b-6a41-727c-a399-b895b7440b8e,33,20691547,20716533,ACCEPTED,,20716543,ok,24.996
bot-022,01a0d83b-6c42-7038-bba5-30be28eb1f50,34,21205136,21216418,ACCEPTED,,21216439,ok,11.303
bot-022,01a0d83b-6e41-7156-8b22-afd4e5726390,35,21715684,21716462,ACCEPTED,,21716471,ok,0.787
bot-022,01a0d83b-7036-7755-aa0c-73c351e4d14f,36,22216549,22266370,ACCEPTED,,22266389,ok,49.840
bot-022,01a0d83b-722d-77a5-9a96-b9cb87e9aef6,37,22720220,22766115,ACCEPTED,,22766135,ok,45.915
bot-022,01a0d83b-742c-761c-b2a8-153e55225615,38,23230695,23266229,ACCEPTED,,23266232,ok,35.537
bot-022,01a0d83b-7625-77ec-b5c8-deaaf34251eb,39,23736169,23766128,ACCEPTED,,23766135,ok,29.966
bot-022,01a0d83b-7821-7173-a2fc-37af5d46c345,40,24243540,24266095,ACCEPTED,,24266111,ok,22.571
bot-022,01a0d83b-7a19-735f-be13-fd2e2ada4be7,41,24747284,24766377,ACCEPTED,,24766382,ok,19.098
bot-022,01a0d83b-7c14-70f8-81ba-ccd3470f8f5f,42,25254698,25266211,ACCEPTED,,25266220,ok,11.522
bot-022,01a0d83b-7e0f-727c-8650-7aa98473affb,43,25761462,25766291,ACCEPTED,,25766298,ok,4.836
bot-022,01a0d83b-8008-72d4-bd24-d0b925fb3176,44,26266930,26316302,ACCEPTED,,26316323,ok,49.393
bot-022,01a0d83b-8200-74b1-ab4a-77791cab52d5,45,26771044,26816420,ACCEPTED,,26816440,ok,45.396
bot-022,01a0d83b-8403-761e-a5cb-b1a27adaaea8,46,27285494,27316524,ACCEPTED,,27317452,ok,31.958
bot-022,01a0d83b-8601-74ee-aed8-e71476e1751f,47,27795291,27816563,ACCEPTED,,27816576,ok,21.285
bot-022,01a0d83b-87fa-71c3-b8be-949fbc01306d,48,28300384,28320830,ACCEPTED,,28320836,ok,20.452
bot-022,01a0d83b-89ef-726c-a024-3dbb3cd70ca0,49,28801571,28816388,ACCEPTED,,28816394,ok,14.823
bot-022,01a0d83b-8bed-7145-9c7c-42b4d78fc212,50,29311766,29316456,ACCEPTED,,29316460,ok,4.694
bot-022,01a0d83b-8de3-7661-b0cf-67fb19095b9b,51,29814166,29816087,ACCEPTED,,29816104,ok,1.938
bot-022,01a0d83b-8fda-75d1-bc36-7cb3933e0f8f,52,30316358,30366144,ACCEPTED,,30366163,ok,49.805
bot-022,01a0d83b-91cf-751f-af14-0f7913cb6e62,53,30817480,30866437,ACCEPTED,,30866445,ok,48.965
bot-022,01a0d83b-93c6-75e2-bb72-fa5160fb2747,54,31320598,31366441,ACCEPTED,,31366446,ok,45.848
bot-022,01a0d83b-95c3-70bc-9e97-605dce9c2a41,55,31830070,31866055,ACCEPTED,,31866066,ok,35.996
bot-022,01a0d83b-97ba-7274-9dff-73bf308baa84,56,32333001,32366452,ACCEPTED,,32366467,ok,33.466
bot-022,01a0d83b-99b6-7018-9a59-9b8a8b092f73,57,32840748,32866204,ACCEPTED,,32866211,ok,25.463
bot-022,01a0d83b-9baf-73f3-ae9c-1fa9e711ca21,58,33345386,33366379,ACCEPTED,,33366389,ok,21.003
bot-022,01a0d83b-9dab-7645-ad47-b3e39aaabde0,59,33854032,33866174,ACCEPTED,,33866184,ok,12.152
bot-022,01a0d83b-9fa3-7675-a722-c339ff1707e2,60,34357669,34366073,ACCEPTED,,34366091,ok,8.422
bot-022,01a0d83b-a19d-763e-bde1-c60008524262,61,34863730,34866056,ACCEPTED,,34866065,ok,2.335
bot-022,01a0d83b-a394-74c2-ac87-13f9a606a0b9,62,35367153,35416032,ACCEPTED,,35416052,ok,48.899
bot-022,01a0d83b-a594-77e1-b153-44539fc66cf2,63,35879016,35916754,ACCEPTED,,35916764,ok,37.748
bot-022,01a0d83b-a78c-77ec-9a23-73e75130107d,64,36382340,36416194,ACCEPTED,,36416218,ok,33.878
bot-022,01a0d83b-a986-7079-9f57-2b93c6b8094f,65,36888480,36916291,ACCEPTED,,36916310,ok,27.830
bot-022,01a0d83b-ab7e-72be-a9ce-cdde39e41d0c,66,37392431,37416252,ACCEPTED,,37416258,ok,23.827
bot-022,01a0d83b-ad73-73e7-872b-2be4c5307263,67,37893813,37916358,ACCEPTED,,37916364,ok,22.551
bot-022,01a0d83b-af6a-735a-9cdd-abfe4d9d257e,68,38396416,38416448,ACCEPTED,,38416465,ok,20.049
bot-022,01a0d83b-b168-76b0-b07c-87af9f22f28d,69,38906385,38916243,ACCEPTED,,38916247,ok,9.862
bot-022,01a0d83b-b366-7324-8c38-385464090878,70,39416512,39466176,ACCEPTED,,39466199,ok,49.687
bot-022,01a0d83b-b561-7333-afba-1b699e36ba7a,71,39923490,39966303,ACCEPTED,,39966312,ok,42.822
bot-022,01a0d83b-b75a-7542-8633-8eef9344dda0,72,40429097,40466415,ACCEPTED,,40466426,ok,37.329
bot-022,01a0d83b-b951-764b-ac85-9737cf896074,73,40932252,40966037,ACCEPTED,,40966042,ok,33.790
bot-022,01a0d83b-bb51-7358-9944-e3d46793144a,74,41444011,41466186,ACCEPTED,,41466198,ok,22.187
bot-022,01a0d83b-bd4b-76d3-aa9c-fe2186c7d929,75,41950198,41966513,ACCEPTED,,41966526,ok,16.328
bot-022,01a0d83b-bf46-7201-a80e-0b06979dfdd4,76,42456324,42466249,ACCEPTED,,42466256,ok,9.932
bot-022,01a0d83b-c140-7398-a519-19e4f55785d8,77,42962516,42966131,ACCEPTED,,42966141,ok,3.625
bot-022,01a0d83b-c338-73a3-81f3-28d799c8bcee,78,43466305,43516691,ACCEPTED,,43516704,ok,50.399
bot-022,01a0d83b-c540-70ca-8937-f6282b6ce035,79,43986415,44016538,ACCEPTED,,44016551,ok,30.136
bot-022,01a0d83b-c737-74e7-a492-c1dc97765194,80,44489701,44516364,ACCEPTED,,44516369,ok,26.668
bot-022,01a0d83b-c934-7518-951d-028bfa636643,81,44998913,45016993,ACCEPTED,,45016999,ok,18.086
bot-022,01a0d83b-cb2e-760b-b858-7c890ff57f61,82,45505131,45516259,ACCEPTED,,45516265,ok,11.134
bot-022,01a0d83b-cd28-77e6-8ca9-01388e56e761,83,46010370,46016450,ACCEPTED,,46016453,ok,6.083
bot-022,01a0d83b-cf21-7460-9c5c-711e94d71575,84,46516124,46566765,ACCEPTED,,46566777,ok,50.653
bot-022,01a0d83b-d116-7181-845e-b155977b71e9,85,47016893,47066383,ACCEPTED,,47066390,ok,49.497
bot-022,01a0d83b-d30e-7736-80ff-b979f9aaa20b,86,47520264,47566366,ACCEPTED,,47566381,ok,46.117
bot-022,01a0d83b-d505-7214-b396-e6cf88daf6fb,87,48023954,48066044,ACCEPTED,,48066053,ok,42.099
bot-022,01a0d83b-d700-757d-91bd-36434126354a,88,48530300,48566476,ACCEPTED,,48566488,ok,36.188
bot-022,01a0d83b-d8fa-719c-9454-197e3636b434,89,49036539,49066497,ACCEPTED,,49066507,ok,29.968
bot-022,01a0d83b-daf4-7026-9daf-20ffa6476c2f,90,49542449,49566117,ACCEPTED,,49566129,ok,23.680
bot-022,01a0d83b-dcee-7754-b415-0188104b7ed1,91,50048952,50066193,ACCEPTED,,50066211,ok,17.259
bot-022,01a0d83b-dee8-70c4-afeb-94da04752f30,92,50555227,50566467,ACCEPTED,,50566479,ok,11.252
bot-022,01a0d83b-e0e2-76eb-a630-42ff88bdb2cd,93,51061107,51069943,ACCEPTED,,51069948,ok,8.841
bot-022,01a0d83b-e2dc-7082-9b91-c61d8a414ddb,94,51566494,51616271,ACCEPTED,,51616282,ok,49.788
bot-022,01a0d83b-e4d4-70e6-bb54-7a1a37c08938,95,52070964,52117159,ACCEPTED,,52117165,ok,46.201
bot-022,01a0d83b-e6ca-76b5-a369-9c46b47cdd53,96,52572558,52619699,ACCEPTED,,52619721,ok,47.163
bot-022,01a0d83b-e8c2-7789-a5d5-a8c1801c8cb5,97,53076386,53118146,ACCEPTED,,53118149,ok,41.763
bot-022,01a0d83b-eabb-7029-b197-4663da977c31,98,53582112,53618636,ACCEPTED,,53618642,ok,36.530
bot-022,01a0d83b-ecb6-723e-9774-b94c0fb10547,99,54088336,54116244,ACCEPTED,,54116262,ok,27.926
bot-022,01a0d83b-eeb0-748a-a035-a2d5634900a1,100,54595014,54616136,ACCEPTED,,54616153,ok,21.139
bot-022,01a0d83b-f0a8-73cb-ae93-f74133ab0806,101,55098346,55116231,ACCEPTED,,55116240,ok,17.894
bot-022,01a0d83b-f2a2-7099-82a4-f5b04095d6bf,102,55605222,55616327,ACCEPTED,,55616338,ok,11.116
bot-022,01a0d83b-f4a1-733d-9286-9d0e994b86fc,103,56116080,56166162,ACCEPTED,,56166173,ok,50.093
bot-022,01a0d83b-f696-74f9-8dc0-8d40e7abfa22,104,56616545,56666443,ACCEPTED,,56666462,ok,49.917
bot-022,01a0d83b-f890-7403-adfc-15a37e3c319b,105,57122920,57166501,ACCEPTED,,57166506,ok,43.586
bot-022,01a0d83b-fa90-732d-adcf-a222cb33db6b,106,57634363,57666280,ACCEPTED,,57666298,ok,31.935
bot-022,01a0d83b-fc8c-7241-9333-03e2a6f94494,107,58142613,58166079,ACCEPTED,,58166093,ok,23.480
bot-022,01a0d83b-fe8b-7090-869d-1433b8ff59aa,108,58653452,58666214,ACCEPTED,,58666217,ok,12.765
bot-022,01a0d83c-0085-722c-81bd-e6eb47b6eed4,109,59159621,59166430,ACCEPTED,,59166441,ok,6.820
bot-022,01a0d83c-027a-7516-9f64-1f89a9d9b0ad,110,59661015,59666394,ACCEPTED,,59666405,ok,5.390
bot-022,01a0d83c-0477-73d6-b6e0-8213faf40fa4,111,60169360,60216334,ACCEPTED,,60216358,ok,46.998
bot-022,01a0d83c-067b-7611-a03a-aa7ae7d87b43,112,60685811,60716796,ACCEPTED,,60716806,ok,30.995
bot-022,01a0d83c-0872-714d-8e89-03940593e260,113,61188335,61216645,ACCEPTED,,61216653,ok,28.318
bot-022,01a0d83c-0a6b-705d-80b4-7c54aec0d86d,114,61694089,61716717,ACCEPTED,,61716722,ok,22.633
bot-022,01a0d83c-0c69-74e0-b971-3d3389762e5f,115,62203715,62216532,ACCEPTED,,62216541,ok,12.826
bot-022,01a0d83c-0e6a-7354-a714-85769a626257,116,62716617,62766330,ACCEPTED,,62766347,ok,49.730
bot-022,01a0d83c-1068-77f1-a29e-d70db505fb5a,117,63226629,63266246,ACCEPTED,,63266267,ok,39.638
bot-022,01a0d83c-1268-70b2-a88c-fdca8f934cfd,118,63738923,63766222,ACCEPTED,,63766244,ok,27.321
bot-023,01a0d83b-295c-7264-9cdc-a0daf20f8373,0,4079129,4116523,ACCEPTED,,4116527,ok,37.398
bot-023,01a0d83b-2b59-7621-851f-7c97258fd4c8,1,4588039,4616087,ACCEPTED,,4616096,ok,28.057
bot-023,01a0d83b-2d5c-751a-b73c-28ed4ccd20e9,2,5102828,5116756,ACCEPTED,,5116765,ok,13.937
bot-023,01a0d83b-2f5a-761e-b5ed-cb0f635279db,3,5612430,5616314,ACCEPTED,,5616333,ok,3.903
bot-023,01a0d83b-3152-71fc-9a8a-a814ee8e63c9,4,6116474,6166244,ACCEPTED,,6166261,ok,49.787
bot-023,01a0d83b-3347-77ff-915d-5a531ee28609,5,6617370,6666374,ACCEPTED,,6666382,ok,49.012
bot-023,01a0d83b-3542-7319-bf18-027557407c42,6,7124641,7166047,ACCEPTED,,7166065,ok,41.424
bot-023,01a0d83b-3742-7209-afc5-30837a989927,7,7636944,7666209,ACCEPTED,,7666219,ok,29.275
bot-023,01a0d83b-393f-704f-8334-045c8cac2fe4,8,8145548,8166416,ACCEPTED,,8166434,ok,20.886
bot-023,01a0d83b-3b37-7080-8bae-a1f0af848669,9,8649319,8666325,ACCEPTED,,8666335,ok,17.016
bot-023,01a0d83b-3d31-77f0-ad95-7ac342b4066e,10,9155630,9166316,ACCEPTED,,9166322,ok,10.692
bot-023,01a0d83b-3f2b-740d-8110-4cfb82d00566,11,9661687,9666036,ACCEPTED,,9666049,ok,4.362
bot-023,01a0d83b-4125-762a-8769-2006a1559765,12,10167873,10217365,ACCEPTED,,10217369,ok,49.496
bot-023,01a0d83b-431f-71d4-86ea-0c29c9c477f5,13,10674044,10716097,ACCEPTED,,10716116,ok,42.072
bot-023,01a0d83b-451a-7633-a66e-ce22eb7142c8,14,11180361,11216156,ACCEPTED,,11216168,ok,35.807
bot-023,01a0d83b-471d-73fc-b4cc-baf96116ee13,15,11695330,11716394,ACCEPTED,,11716399,ok,21.069
bot-023,01a0d83b-4919-7002-a158-d49d5d8abf31,16,12204229,12216305,ACCEPTED,,12216595,ok,12.366
bot-023,01a0d83b-4b1a-72d3-b6f2-67fbac88541f,17,12716494,12766579,ACCEPTED,,12766587,ok,50.093
bot-023,01a0d83b-4d17-7497-aa5d-cf3d635fea6b,18,13225343,13266626,ACCEPTED,,13266635,ok,41.292
bot-023,01a0d83b-4f14-744b-8271-9c7efe4e7f9d,19,13734477,13766431,ACCEPTED,,13766442,ok,31.965
bot-023,01a0d83b-510f-742d-b9d6-7c84490f21c3,20,14241358,14266159,ACCEPTED,,14266167,ok,24.809
bot-023,01a0d83b-5308-707f-bb73-f75a6b280aa5,21,14746727,14766263,ACCEPTED,,14766272,ok,19.545
bot-023,01a0d83b-5502-74e0-bd0b-0701cf4e0e9c,22,15252893,15266293,ACCEPTED,,15266296,ok,13.403
bot-023,01a0d83b-56fc-7073-8ad0-7e79dfd43b40,23,15759061,15766002,ACCEPTED,,15766006,ok,6.945
bot-023,01a0d83b-58f7-77b5-9de0-8927054c543f,24,16265303,16266343,ACCEPTED,,16266360,ok,1.057
bot-023,01a0d83b-5af1-7664-a084-ead3b547a8bd,25,16771391,16816135,ACCEPTED,,16816145,ok,44.754
bot-023,01a0d83b-5cf2-700f-b0a0-28fe497e88ae,26,17284588,17316879,ACCEPTED,,17316886,ok,32.298
bot-023,01a0d83b-5ef1-7331-ac2d-332f20c4fbd6,27,17795612,17816375,ACCEPTED,,17816380,ok,20.768
bot-023,01a0d83b-60ec-7260-a212-fc572d9a8960,28,18302279,18316584,ACCEPTED,,18316593,ok,14.314
bot-023,01a0d83b-62e2-750e-a74d-fb293bbeb48e,29,18804839,18816674,ACCEPTED,,18816684,ok,11.845
bot-023,01a0d83b-64e2-7482-a8c8-9ea9379b7b5f,30,19316680,19366147,ACCEPTED,,19366152,ok,49.472
bot-023,01a0d83b-66d9-7415-b0d6-ea2ea0f2cba7,31,19820232,19866486,ACCEPTED,,19866490,ok,46.258
bot-023,01a0d83b-68d4-7395-803f-f028a1b46094,32,20326476,20366203,ACCEPTED,,20366212,ok,39.736
bot-023,01a0d83b-6ace-72a8-a1d4-39b69e10676a,33,20832660,20866246,ACCEPTED,,20866252,ok,33.592
bot-023,01a0d83b-6cd0-7128-aa5f-1fcd301b6188,34,21347070,21366324,ACCEPTED,,21366334,ok,19.264
bot-023,01a0d83b-6eca-737b-ae26-b1b6eedb6110,35,21852517,21866482,ACCEPTED,,21866489,ok,13.972
bot-023,01a0d83b-70ce-7673-9d8f-3b4cf876e1d8,36,22368641,22416689,ACCEPTED,,22416700,ok,48.059
bot-023,01a0d83b-72ce-7211-99c1-91aa73e87280,37,22881250,22916736,ACCEPTED,,22916741,ok,35.491
bot-023,01a0d83b-74c8-7788-8346-402537888e29,38,23386912,23416672,ACCEPTED,,23416696,ok,29.784
bot-023,01a0d83b-76c3-7678-a080-95093dd1c043,39,23893953,23916134,ACCEPTED,,23916155,ok,22.202
bot-023,01a0d83b-78bc-7202-9979-e0fa4a7202b3,40,24399083,24416596,ACCEPTED,,24416602,ok,17.519
bot-023,01a0d83b-7ab7-76cb-a8f4-e42ae450e69a,41,24906009,24916928,ACCEPTED,,24916936,ok,10.927
bot-023,01a0d83b-7cb2-70f5-b3d2-41dfe3af4677,42,25412283,25416548,ACCEPTED,,25416554,ok,4.271
bot-023,01a0d83b-7eaa-7756-920b-f2b5b342b807,43,25916426,25966595,ACCEPTED,,25966600,ok,50.174
bot-023,01a0d83b-809f-724b-8a7d-e32c82484fb7,44,26417322,26466345,ACCEPTED,,26466353,ok,49.031
bot-023,01a0d83b-8297-722f-a39b-ce4be0bda5e8,45,26921890,26966309,ACCEPTED,,26966314,ok,44.424
bot-023,01a0d83b-8490-74f4-bbbc-6edc4c8a02e7,46,27426458,27466661,ACCEPTED,,27466671,ok,40.213
bot-023,01a0d83b-868f-7175-963b-b722c88ed03c,47,27938226,27966266,ACCEPTED,,27966287,ok,28.061
bot-023,01a0d83b-888e-751f-b681-875a30c75239,48,28449172,28466286,ACCEPTED,,28466308,ok,17.136
bot-023,01a0d83b-8a88-71af-b071-28b9a95b2cc2,49,28954722,28966052,ACCEPTED,,28966063,ok,11.341
bot-023,01a0d83b-8c82-7461-b8a2-ef7b58265556,50,29460876,29466202,ACCEPTED,,29466215,ok,5.339
bot-023,01a0d83b-8e7b-7134-8e47-98c6cfed6004,51,29966114,30016634,ACCEPTED,,30016642,ok,50.528
bot-023,01a0d83b-9077-72eb-abf1-3ee88a0bf33d,52,30473371,30516505,ACCEPTED,,30516509,ok,43.138
bot-023,01a0d83b-9271-7129-bfb0-75caa27e7b11,53,30979416,31016649,ACCEPTED,,31016659,ok,37.243
bot-023,01a0d83b-946c-753b-b6ce-55602ed47203,54,31486514,31517110,ACCEPTED,,31517115,ok,30.601
bot-023,01a0d83b-966d-76be-95ca-941cb053de2d,55,32000082,32016084,ACCEPTED,,32016088,ok,16.006
bot-023,01a0d83b-986a-70fa-89b9-85dfb7e4aade,56,32509200,32516857,ACCEPTED,,32516862,ok,7.662
bot-023,01a0d83b-9a66-7404-a65f-e94776e661ee,57,33016523,33066266,ACCEPTED,,33066281,ok,49.758
bot-023,01a0d83b-9c5b-7117-9b21-c2a4be6ebcfb,58,33517392,33566406,ACCEPTED,,33566422,ok,49.030
bot-023,01a0d83b-9e57-75cb-baee-94b32134a6a3,59,34025574,34066442,ACCEPTED,,34066445,ok,40.871
bot-023,01a0d83b-a058-76c5-951f-5ded486ab9d2,60,34538346,34566272,ACCEPTED,,34566290,ok,27.944
bot-023,01a0d83b-a253-72dc-b569-f0ea7f5f644e,61,35045415,35066256,ACCEPTED,,35066272,ok,20.857
bot-023,01a0d83b-a450-701c-a513-46c4720f14e4,62,35554544,35566345,ACCEPTED,,35566350,ok,11.806
bot-023,01a0d83b-a64e-7555-9670-4f932109611f,63,36064650,36066799,ACCEPTED,,36066802,ok,2.152
bot-023,01a0d83b-a84e-700e-b607-fc20a82c8b6b,64,36576384,36616120,ACCEPTED,,36616127,ok,39.743
bot-023,01a0d83b-aa4e-760c-8de0-bbecf2a390fe,65,37088858,37116755,ACCEPTED,,37116764,ok,27.906
bot-023,01a0d83b-ac48-751e-83e1-d290a7ff336a,66,37594408,37616042,ACCEPTED,,37616049,ok,21.641
bot-023,01a0d83b-ae3e-727c-a9a7-3889e477685e,67,38097021,38116441,ACCEPTED,,38116452,ok,19.431
bot-023,01a0d83b-b035-72d2-a5e1-68debd91f6e8,68,38599404,38616410,ACCEPTED,,38616420,ok,17.016
bot-023,01a0d83b-b233-76a7-8347-709908973054,69,39110224,39117157,ACCEPTED,,39117162,ok,6.938
bot-023,01a0d83b-b42a-73fa-9138-c8c7324e140f,70,39612901,39615973,ACCEPTED,,39615984,ok,3.083
bot-023,01a0d83b-b620-72d7-8bd2-ab6060304e6f,71,40114780,40116457,ACCEPTED,,40116460,ok,1.680
bot-023,01a0d83b-b816-757d-8ae6-eb23dc267918,72,40617117,40666476,ACCEPTED,,40666480,ok,49.363
bot-023,01a0d83b-ba13-75ee-ba36-7e3412b4a913,73,41126102,41166540,ACCEPTED,,41166553,ok,40.451
bot-023,01a0d83b-bc0e-731b-9330-d24b0cb176c3,74,41632735,41666160,ACCEPTED,,41666163,ok,33.428
bot-023,01a0d83b-be09-7281-a48e-c4aa33f488fb,75,42139657,42166573,ACCEPTED,,42166578,ok,26.921
bot-023,01a0d83b-c002-7614-9b28-a3dedd798710,76,42644667,42666129,ACCEPTED,,42666133,ok,21.466
bot-023,01a0d83b-c1fc-7300-abe3-8a5445112a13,77,43150813,43166296,ACCEPTED,,43166300,ok,15.487
bot-023,01a0d83b-c3f6-73be-b1ab-ab2c8d859358,78,43656890,43666093,ACCEPTED,,43666101,ok,9.211
bot-023,01a0d83b-c5f5-740c-aa1a-ba63bdee1f43,79,44168116,44216319,ACCEPTED,,44216328,ok,48.212
bot-023,01a0d83b-c7eb-73a0-a0e8-6de956ede8a8,80,44669354,44717322,ACCEPTED,,44717329,ok,47.975
bot-023,01a0d83b-c9ea-70cc-97fd-94a1972725f9,81,45180395,45216325,ACCEPTED,,45216345,ok,35.950
bot-023,01a0d83b-cbe5-7423-96f9-ff7ebcd36b83,82,45687367,45716260,ACCEPTED,,45716270,ok,28.903
bot-023,01a0d83b-cde3-74c1-8a52-ac8a29f73e74,83,46197770,46216570,ACCEPTED,,46216581,ok,18.811
bot-023,01a0d83b-cfe1-7719-8e39-19ccda585c13,84,46708169,46716675,ACCEPTED,,46716680,ok,8.511
bot-023,01a0d83b-d1de-7339-9d08-4ffd5787b608,85,47216582,47266469,ACCEPTED,,47266472,ok,49.890
bot-023,01a0d83b-d3d3-76a3-bc4e-8ab7980d2ab9,86,47717345,47766023,ACCEPTED,,47766027,ok,48.682
bot-023,01a0d83b-d5c9-75c9-aca2-6a459763f045,87,48219619,48266249,ACCEPTED,,48266260,ok,46.641
bot-023,01a0d83b-d7c8-714b-928c-3d230a6b42c6,88,48730559,48766488,ACCEPTED,,48766496,ok,35.937
bot-023,01a0d83b-d9c8-73cd-a757-6e72f636da7d,89,49242975,49266468,ACCEPTED,,49266472,ok,23.497
bot-023,01a0d83b-dbc3-772d-a8a9-d2e58cfc0211,90,49749657,49766288,ACCEPTED,,49766294,ok,16.637
bot-023,01a0d83b-ddc2-77fc-940a-dcc4eba33e8b,91,50260542,50266596,ACCEPTED,,50266604,ok,6.062
bot-023,01a0d83b-dfbc-77c8-9e48-ec0d53b126ed,92,50766972,50816708,ACCEPTED,,50816721,ok,49.749
bot-023,01a0d83b-e1b6-742e-8a83-a81815f3f03c,93,51273060,51317473,ACCEPTED,,51317479,ok,44.419
bot-023,01a0d83b-e3b0-72bc-982f-798c538aad30,94,51779206,51817291,ACCEPTED,,51817295,ok,38.089
bot-023,01a0d83b-e5ab-757f-9d31-59d66476aa33,95,52285596,52317003,ACCEPTED,,52317008,ok,31.412
bot-023,01a0d83b-e7a5-7231-97ba-2470abfb0ef6,96,52791852,52816671,ACCEPTED,,52816675,ok,24.823
bot-023,01a0d83b-e9bd-74f1-8ada-1fdadc96a9ee,97,53328242,53368535,ACCEPTED,,53368543,ok,40.301
bot-023,01a0d83b-ebb8-7455-87af-b24c804fac5d,98,53834259,53866567,ACCEPTED,,53866570,ok,32.311
bot-023,01a0d83b-edb3-74d1-a72f-22c75879054a,99,54341855,54366235,ACCEPTED,,54366239,ok,24.384
bot-023,01a0d83b-efad-7420-82a1-8e7c277dee15,100,54848018,54866255,ACCEPTED,,54866262,ok,18.244
bot-023,01a0d83b-f1a7-7530-8974-0d65ab1b939f,101,55354240,55366441,ACCEPTED,,55366445,ok,12.205
bot-023,01a0d83b-f3a5-7073-b6d3-812ca561b13b,102,55864093,55866191,ACCEPTED,,55866195,ok,2.102
bot-023,01a0d83b-f59f-74a0-a036-d960d5f7fd54,103,56370108,56416832,ACCEPTED,,56416844,ok,46.736
bot-023,01a0d83b-f79a-7685-8dca-da842de78ce0,104,56877052,56916636,ACCEPTED,,56916641,ok,39.589
bot-023,01a0d83b-f99f-777e-a645-d10dbcb12b06,105,57394060,57416573,ACCEPTED,,57416583,ok,22.523
bot-023,01a0d83b-fb9a-7468-831f-e2c966996f7b,106,57900426,57916980,ACCEPTED,,57916984,ok,16.558
bot-023,01a0d83b-fd9b-76e2-8572-aefd588d8264,107,58413932,58416192,ACCEPTED,,58416200,ok,2.268
bot-023,01a0d83b-ff92-7674-a2ea-34cf5068ce29,108,58916761,58966567,ACCEPTED,,58966569,ok,49.808
bot-023,01a0d83c-0187-7189-b7f0-52e0dd6c5fee,109,59417441,59466240,ACCEPTED,,59466252,ok,48.811
bot-023,01a0d83c-037f-7413-baf4-1a2647b7335a,110,59921614,59966364,ACCEPTED,,59966369,ok,44.755
bot-023,01a0d83c-0584-7743-81ea-81a06fd1128d,111,60438988,60466263,ACCEPTED,,60466284,ok,27.296
bot-023,01a0d83c-077e-772f-8665-89dff7ce6926,112,60944726,60966309,ACCEPTED,,60966312,ok,21.586
bot-023,01a0d83c-097e-7696-815f-a5184ac5e200,113,61456323,61466606,ACCEPTED,,61466610,ok,10.287
bot-023,01a0d83c-0b78-77b2-8db0-4f3495e081fa,114,61962415,61966335,ACCEPTED,,61966340,ok,3.925
bot-023,01a0d83c-0d74-750e-b155-d9ccb1d26c60,115,62470760,62516056,ACCEPTED,,62516065,ok,45.305
bot-023,01a0d83c-0f6e-751d-867f-00558ef3dc59,116,62976502,63016534,ACCEPTED,,63016545,ok,40.043
bot-023,01a0d83c-1164-7771-9e34-c5b358bf33fc,117,63478938,63516062,ACCEPTED,,63516065,ok,37.127
bot-023,01a0d83c-135f-75eb-8b9b-d2cdd9585b7d,118,63985729,64016509,ACCEPTED,,64016522,ok,30.793
bot-024,01a0d83b-29e5-7726-8bee-bd385bd985b4,0,4216234,4266120,ACCEPTED,,4266128,ok,49.894
bot-024,01a0d83b-2bda-76a1-b016-c07ddde07c36,1,4716795,4766455,ACCEPTED,,4766463,ok,49.668
bot-024,01a0d83b-2dcf-7255-8976-a27bce17505d,2,5217715,5266219,ACCEPTED,,5266224,ok,48.509
bot-024,01a0d83b-2fc4-71bd-8130-4183ab387b8b,3,5718437,5766589,ACCEPTED,,5766599,ok,48.162
bot-024,01a0d83b-31be-733a-9cef-6ffbd3b55765,4,6224347,6266283,ACCEPTED,,6266295,ok,41.948
bot-024,01a0d83b-33b6-76f8-b34d-2377956ccd66,5,6728876,6766436,ACCEPTED,,6766440,ok,37.564
bot-024,01a0d83b-35ad-7205-91ba-2024a3919402,6,7231654,7266310,ACCEPTED,,7266317,ok,34.663
bot-024,01a0d83b-37ad-7707-9887-29ccf124a7df,7,7743345,7766778,ACCEPTED,,7766786,ok,23.441
bot-024,01a0d83b-39a6-7102-b6cf-a6c7b41360a9,8,8248843,8266496,ACCEPTED,,8266516,ok,17.673
bot-024,01a0d83b-3b9f-73ce-9152-8fe4d22651fe,9,8754030,8766490,ACCEPTED,,8766494,ok,12.464
bot-024,01a0d83b-3d9b-75cc-97f4-2e1b1ca5b849,10,9261495,9266190,ACCEPTED,,9266194,ok,4.699
bot-024,01a0d83b-3f94-7276-84ad-ad2921250c42,11,9766371,9816290,ACCEPTED,,9816295,ok,49.924
bot-024,01a0d83b-418f-761a-aff7-97a009fa298a,12,10273880,10316427,ACCEPTED,,10316439,ok,42.559
bot-024,01a0d83b-4389-701e-bfc6-932d72835605,13,10779876,10817434,ACCEPTED,,10817439,ok,37.563
bot-024,01a0d83b-4587-74a9-931b-09ea4a927e7b,14,11289328,11316740,ACCEPTED,,11316745,ok,27.417
bot-024,01a0d83b-477d-71e8-899f-3b91507221c9,15,11792132,11816659,ACCEPTED,,11816682,ok,24.550
bot-024,01a0d83b-497b-7793-ba67-1145b3fec94f,16,12301691,12317087,ACCEPTED,,12317091,ok,15.400
bot-024,01a0d83b-4b7a-73ca-90fa-cd6950f08b18,17,12813011,12816258,ACCEPTED,,12816278,ok,3.267
bot-024,01a0d83b-4d6f-760f-b7dc-2fe1554e55af,18,13313893,13316036,ACCEPTED,,13316044,ok,2.151
bot-024,01a0d83b-4f65-765d-b8c4-b504399bc33b,19,13816142,13866079,ACCEPTED,,13866098,ok,49.956
bot-024,01a0d83b-515a-7584-9e6c-3d328a37eff3,20,14316560,14366234,ACCEPTED,,14366244,ok,49.684
bot-024,01a0d83b-535b-7511-89fa-af2379bc2eb6,21,14829276,14866614,ACCEPTED,,14866618,ok,37.342
bot-024,01a0d83b-555c-777b-a93b-86feb07d2eee,22,15343106,15366504,ACCEPTED,,15366508,ok,23.402
bot-024,01a0d83b-5756-701a-a7c0-5c58dbc959ce,23,15849128,15866338,ACCEPTED,,15866341,ok,17.213
bot-024,01a0d83b-5958-73df-8228-679cbb9b2d55,24,16363171,16366441,ACCEPTED,,16366447,ok,3.276
bot-024,01a0d83b-5b4f-76e2-986a-15cf272d2db8,25,16865555,16866438,ACCEPTED,,16866442,ok,0.887
bot-024,01a0d83b-5d44-7244-ab75-3eb454eab5c4,26,17366426,17416425,ACCEPTED,,17416445,ok,50.019
bot-024,01a0d83b-5f43-7403-bf9f-777da2385608,27,17878024,17916264,ACCEPTED,,17916286,ok,38.262
bot-024,01a0d83b-613f-7201-9e7e-2d5cbe35904c,28,18386251,18416829,ACCEPTED,,18416834,ok,30.583
bot-024,01a0d83b-6338-76c8-8786-d3d356695fed,29,18890531,18917120,ACCEPTED,,18917123,ok,26.592
bot-024,01a0d83b-6532-74d6-9745-0ae5bb95834b,30,19396568,19416688,ACCEPTED,,19416695,ok,20.127
bot-024,01a0d83b-672c-7294-8d8a-8c6bc9f3af79,31,19902721,19917244,ACCEPTED,,19917250,ok,14.529
bot-024,01a0d83b-6926-716b-ae97-b21d86b7e75c,32,20408872,20416689,ACCEPTED,,20416699,ok,7.827
bot-024,01a0d83b-6b1e-753f-93dd-5146ce6635a5,33,20913061,20916844,ACCEPTED,,20916848,ok,3.787
bot-024,01a0d83b-6d16-7338-95eb-45d93dec2970,34,21416419,21466234,ACCEPTED,,21466247,ok,49.828
bot-024,01a0d83b-6f19-7458-8b65-c284348a2362,35,21931591,21973211,ACCEPTED,,21973223,ok,41.632
bot-024,01a0d83b-711d-71c1-b18c-b01e17b95734,36,22447348,22466201,ACCEPTED,,22466220,ok,18.872
bot-024,01a0d83b-731d-7618-bf62-3178faeee07c,37,22960090,22966269,ACCEPTED,,22966285,ok,6.195
bot-024,01a0d83b-7518-75e2-a5d9-496ca54c4239,38,23466475,23516108,ACCEPTED,,23516129,ok,49.654
bot-024,01a0d83b-7713-76c7-b43d-fb43918fd77b,39,23974181,24016311,ACCEPTED,,24016316,ok,42.135
bot-024,01a0d83b-790f-73e6-b72e-4c5d008b739a,40,24481476,24516282,ACCEPTED,,24516285,ok,34.809
bot-024,01a0d83b-7b05-7725-a7f7-d688421b67d5,41,24983662,25016071,ACCEPTED,,25016086,ok,32.424
bot-024,01a0d83b-7d01-770a-bced-892e95fdee9e,42,25491454,25516537,ACCEPTED,,25516546,ok,25.092
bot-024,01a0d83b-7efd-7473-b6fb-ddc0dddc9062,43,25999986,26016647,ACCEPTED,,26016658,ok,16.672
bot-024,01a0d83b-80f2-7587-8a98-e23c224c314a,44,26501127,26516197,ACCEPTED,,26516201,ok,15.074
bot-024,01a0d83b-82f6-755a-b3b8-4b8109b02f6a,45,27016487,27066454,ACCEPTED,,27066457,ok,49.970
bot-024,01a0d83b-84ec-7182-94ce-fc858d41f8ba,46,27518359,27565951,ACCEPTED,,27565967,ok,47.608
bot-024,01a0d83b-86e6-70b4-86a5-b94312df211c,47,28024650,28066110,ACCEPTED,,28066128,ok,41.478
bot-024,01a0d83b-88e2-7255-9c85-2285d1e803e6,48,28532487,28566254,ACCEPTED,,28566266,ok,33.779
bot-024,01a0d83b-8adb-7263-ab98-d2d3d574de16,49,29038073,29066515,ACCEPTED,,29066530,ok,28.457
bot-024,01a0d83b-8cd5-737d-acc8-042f11b819b4,50,29543325,29566248,ACCEPTED,,29566266,ok,22.941
bot-024,01a0d83b-8ed5-76a5-b914-ef9b589e835b,51,30055358,30066264,ACCEPTED,,30066283,ok,10.925
bot-024,01a0d83b-90d4-70b7-b13c-a56a88688d37,52,30566516,30616678,ACCEPTED,,30616692,ok,50.176
bot-024,01a0d83b-92cf-746f-b1cb-593a8ab8fb3f,53,31073543,31116120,ACCEPTED,,31116141,ok,42.598
bot-024,01a0d83b-94d2-77e1-b0dc-7745eae2d036,54,31588637,31616242,ACCEPTED,,31616253,ok,27.616
bot-024,01a0d83b-96cd-7317-ac41-7a09d59ab1a4,55,32096179,32116210,ACCEPTED,,32116233,ok,20.054
bot-024,01a0d83b-98c9-7080-82b3-73964f71f908,56,32603511,32616264,ACCEPTED,,32616272,ok,12.761
bot-024,01a0d83b-9ac3-73bd-a604-df6ab949ebb4,57,33109936,33116442,ACCEPTED,,33116451,ok,6.515
bot-024,01a0d83b-9cbe-700e-9529-3a14161d0368,58,33616323,33666379,ACCEPTED,,33666384,ok,50.061
bot-024,01a0d83b-9eb3-743a-9d80-6f1e2c8bc721,59,34117375,34166068,ACCEPTED,,34166087,ok,48.712
bot-024,01a0d83b-a0b3-7619-8e1e-93abb7ea0d1c,60,34629745,34666225,ACCEPTED,,34666239,ok,36.494
bot-024,01a0d83b-a2ab-7791-a368-f323ffcacdca,61,35134193,35166353,ACCEPTED,,35166360,ok,32.167
bot-024,01a0d83b-a4a6-72d6-a6e9-ffa9e134843d,62,35640557,35666282,ACCEPTED,,35666293,ok,25.736
bot-024,01a0d83b-a6a0-73f7-8fbf-4d101d1c98b6,63,36147002,36166158,ACCEPTED,,36166169,ok,19.167
bot-024,01a0d83b-a89d-7566-8a9f-68c977841208,64,36656243,36666243,ACCEPTED,,36666253,ok,10.010
bot-024,01a0d83b-aa95-75ec-b0fa-7269c3ac241a,65,37159379,37166081,ACCEPTED,,37166099,ok,6.720
bot-024,01a0d83b-ac94-71de-b3d0-65b18cd27976,66,37670795,37716212,ACCEPTED,,37716221,ok,45.426
bot-024,01a0d83b-ae8d-7457-b966-cc2bbc69d837,67,38175514,38216740,ACCEPTED,,38216744,ok,41.230
bot-024,01a0d83b-b083-7582-99d3-e81563050823,68,38677588,38716117,ACCEPTED,,38716138,ok,38.550
bot-024,01a0d83b-b27d-7218-b7a9-6b7626150cd3,69,39183760,39216487,ACCEPTED,,39216503,ok,32.743
bot-024,01a0d83b-b477-7049-9822-8c60de0a8f4d,70,39689944,39716144,ACCEPTED,,39716160,ok,26.216
bot-024,01a0d83b-b671-72df-922e-a78f55a9f4a2,71,40196193,40217011,ACCEPTED,,40217015,ok,20.822
bot-024,01a0d83b-b872-7696-960d-0a97a9e96771,72,40708986,40716476,ACCEPTED,,40716481,ok,7.495
bot-024,01a0d83b-ba68-773c-a78b-683c096b3488,73,41210498,41216308,ACCEPTED,,41216327,ok,5.829
bot-024,01a0d83b-bc60-7091-86d5-ae44d91e6d9d,74,41714643,41716360,ACCEPTED,,41716370,ok,1.727
bot-024,01a0d83b-be56-7119-82a9-c1170edd769c,75,42216687,42266287,ACCEPTED,,42266308,ok,49.621
bot-024,01a0d83b-c04b-755f-a404-886116a72790,76,42717581,42766300,ACCEPTED,,42766311,ok,48.730
bot-024,01a0d83b-c243-764d-8a2a-0e6425d0022e,77,43221427,43266228,ACCEPTED,,43266244,ok,44.817
bot-024,01a0d83b-c43c-72b1-bccb-8557bd85a429,78,43726861,43766094,ACCEPTED,,43766102,ok,39.241
bot-024,01a0d83b-c636-754d-940b-cb0c4e7e352f,79,44232277,44266152,ACCEPTED,,44266174,ok,33.897
bot-024,01a0d83b-c831-74b4-8a16-27b0878cab31,80,44739852,44766382,ACCEPTED,,44766386,ok,26.534
bot-024,01a0d83b-ca29-7390-9c45-f01e102824a4,81,45243962,45266199,ACCEPTED,,45266219,ok,22.257
bot-024,01a0d83b-cc21-75ef-8e49-2065c132ae51,82,45747372,45766525,ACCEPTED,,45766531,ok,19.159
bot-024,01a0d83b-ce23-71bf-880f-2af3ab8eba58,83,46261536,46266201,ACCEPTED,,46266211,ok,4.675
bot-024,01a0d83b-d021-7359-8501-9e331c5fc8e6,84,46771770,46816250,ACCEPTED,,46816259,ok,44.489
bot-024,01a0d83b-d222-772b-859c-3607be1f8ee2,85,47284726,47316541,ACCEPTED,,47317735,ok,33.009
bot-024,01a0d83b-d41b-7742-a601-f44b36d68044,86,47789453,47816589,ACCEPTED,,47816597,ok,27.144
bot-024,01a0d83b-d616-7131-971c-5b5881a751c7,87,48296278,48316262,ACCEPTED,,48316268,ok,19.990
bot-024,01a0d83b-d80e-75bf-8efa-092b82eebb65,88,48801030,48816443,ACCEPTED,,48816456,ok,15.426
bot-024,01a0d83b-da03-7098-b3ec-70687a09ef04,89,49302238,49316645,ACCEPTED,,49316658,ok,14.420
bot-024,01a0d83b-dc01-7199-aec5-05d4eb678de5,90,49811366,49816805,ACCEPTED,,49816810,ok,5.444
bot-024,01a0d83b-ddf6-729e-af84-ed8189feed80,91,50312818,50330482,ACCEPTED,,50330486,ok,17.668
bot-024,01a0d83b-dfeb-75c5-bba5-cad05dbd3170,92,50814080,50816735,ACCEPTED,,50816741,ok,2.661
bot-024,01a0d83b-e1e2-767a-b435-5ce6f8776c48,93,51316869,51366317,ACCEPTED,,51366328,ok,49.459
bot-024,01a0d83b-e3d7-7293-8a60-64f560875c7c,94,51817381,51866116,ACCEPTED,,51866129,ok,48.748
bot-024,01a0d83b-e5ce-7575-a0bf-63be04d54b30,95,52320973,52366220,ACCEPTED,,52366223,ok,45.250
bot-024,01a0d83b-e7c5-769d-9d7d-a78fb4a2045b,96,52823545,52866125,ACCEPTED,,52866134,ok,42.589
bot-024,01a0d83b-e9be-75f1-99f1-566f29685715,97,53328287,53368596,ACCEPTED,,53368600,ok,40.313
bot-024,01a0d83b-ebb8-7455-87af-b250413bc599,98,53834269,53866443,ACCEPTED,,53866447,ok,32.178
bot-024,01a0d83b-edb3-74d1-a72f-22c9baefd34c,99,54341855,54366241,ACCEPTED,,54366245,ok,24.390
bot-024,01a0d83b-efad-7420-82a1-8e7fadc2e57e,100,54848058,54866308,ACCEPTED,,54866311,ok,18.253
bot-024,01a0d83b-f1a8-73a9-8455-fc12a986e016,101,55354255,55366456,ACCEPTED,,55366459,ok,12.204
bot-024,01a0d83b-f3a5-7073-b6d3-8128b927817f,102,55864066,55866133,ACCEPTED,,55866138,ok,2.072
bot-024,01a0d83b-f59f-74a0-a036-d969784aa105,103,56370186,56417425,ACCEPTED,,56417429,ok,47.243
bot-024,01a0d83b-f79a-7685-8dca-da8a50c14e59,104,56877173,56916460,ACCEPTED,,56916464,ok,39.291
bot-024,01a0d83b-f99f-777e-a645-d10731bf34c7,105,57393979,57416716,ACCEPTED,,57416727,ok,22.748
bot-024,01a0d83b-fb9a-7468-831f-e2c6d05f902d,106,57900410,57916895,ACCEPTED,,57916899,ok,16.489
bot-024,01a0d83b-fd9b-76e2-8572-aef6790cb488,107,58413866,58416031,ACCEPTED,,58416035,ok,2.169
bot-024,01a0d83b-ff92-7674-a2ea-34d03a62b887,108,58916780,58966546,ACCEPTED,,58966555,ok,49.775
bot-024,01a0d83c-0187-7189-b7f0-52e6a175eda7,109,59417472,59466245,ACCEPTED,,59466249,ok,48.777
bot-024,01a0d83c-037f-7413-baf4-1a236a236cb1,110,59921591,59966338,ACCEPTED,,59966343,ok,44.752
bot-024,01a0d83c-0584-7743-81ea-81a24f224d8f,111,60439019,60466377,ACCEPTED,,60466382,ok,27.363
bot-024,01a0d83c-077e-772f-8665-89de94219dc2,112,60944725,60966319,ACCEPTED,,60966323,ok,21.598
bot-024,01a0d83c-097e-7696-815f-a51dc329b8ae,113,61456395,61466660,ACCEPTED,,61466665,ok,10.270
bot-024,01a0d83c-0b78-77b2-8db0-4f362e4b6bb8,114,61962428,61966273,ACCEPTED,,61966279,ok,3.851
bot-024,01a0d83c-0d74-750e-b155-d9d3513aaa90,115,62470869,62516179,ACCEPTED,,62516186,ok,45.317
bot-024,01a0d83c-0f6e-751d-867f-005be8b859e2,116,62976611,63016745,ACCEPTED,,63016749,ok,40.138
bot-024,01a0d83c-1164-7771-9e34-c5b4a11d0c3d,117,63478946,63516139,ACCEPTED,,63516150,ok,37.204
bot-024,01a0d83c-135f-75eb-8b9b-d2cf434ed67b,118,63985757,64016793,ACCEPTED,,64016799,ok,31.042
bot-025,01a0d83b-2a79-7419-a555-e3d424f06b14,0,4364057,4366101,ACCEPTED,,4366105,ok,2.048
bot-025,01a0d83b-2c70-7575-a72e-4d6389c037f7,1,4866434,4916302,ACCEPTED,,4916313,ok,49.879
bot-025,01a0d83b-2e6e-76eb-902a-8552bb2abb7a,2,5376850,5416224,ACCEPTED,,5416235,ok,39.385
bot-025,01a0d83b-3068-721a-8be8-f1e672b51dc2,3,5883094,5916500,ACCEPTED,,5916507,ok,33.413
bot-025,01a0d83b-3267-77c3-9636-867c859f4e7b,4,6393463,6416621,ACCEPTED,,6416630,ok,23.167
bot-025,01a0d83b-3468-718f-86f7-e1461e2be756,5,6906947,6916674,ACCEPTED,,6916679,ok,9.732
bot-025,01a0d83b-3664-713c-aca9-e1e0a719fe70,6,7415069,7417336,ACCEPTED,,7417341,ok,2.272
bot-025,01a0d83b-3859-734f-86f7-720f9481f0b7,7,7916055,7966150,ACCEPTED,,7966158,ok,50.103
bot-025,01a0d83b-3a4e-7400-9e00-473dcc3eb412,8,8417091,8466236,ACCEPTED,,8466248,ok,49.157
bot-025,01a0d83b-3c45-7143-aaba-96cb8ab8fa3a,9,8919933,8966201,ACCEPTED,,8966219,ok,46.286
bot-025,01a0d83b-3e3f-76b2-b2c6-c64736e627a3,10,9426083,9466242,ACCEPTED,,9466254,ok,40.171
bot-025,01a0d83b-403d-7252-b104-e10d25f0f81c,11,9936194,9966491,ACCEPTED,,9966495,ok,30.301
bot-025,01a0d83b-4234-73d7-b1a0-2fc0ca225a67,12,10438475,10466369,ACCEPTED,,10466378,ok,27.903
bot-025,01a0d83b-443e-7521-9ce1-b9db734ec0fb,13,10960811,10966460,ACCEPTED,,10966464,ok,5.653
bot-025,01a0d83b-4633-756b-9abf-65afd9f810ce,14,11462066,11466392,ACCEPTED,,11466400,ok,4.334
bot-025,01a0d83b-482c-7107-b119-6cb7ce61a1b5,15,11966382,12016745,ACCEPTED,,12016750,ok,50.368
bot-025,01a0d83b-4a28-7157-938e-cb76cda74432,16,12474588,12516572,ACCEPTED,,12516576,ok,41.988
bot-025,01a0d83b-4c1e-7104-a7cc-973d5e848544,17,12977010,13016632,ACCEPTED,,13016640,ok,39.630
bot-025,01a0d83b-4e1d-706e-9dc7-73756624bed7,18,13487667,13516424,ACCEPTED,,13516433,ok,28.766
bot-025,01a0d83b-5017-72ec-ba29-4c30d3616b94,19,13993438,14016480,ACCEPTED,,14016486,ok,23.048
bot-025,01a0d83b-5211-7648-a2a7-c5ca554e588a,20,14499746,14516774,ACCEPTED,,14516784,ok,17.038
bot-025,01a0d83b-540b-71d2-a586-a041d04da1fb,21,15005756,15016633,ACCEPTED,,15016643,ok,10.887
bot-025,01a0d83b-560a-700d-b034-d68496d0af90,22,15516623,15566021,ACCEPTED,,15566025,ok,49.402
bot-025,01a0d83b-5810-7255-84cb-ff1a5464baf7,23,16034878,16066417,ACCEPTED,,16066425,ok,31.547
bot-025,01a0d83b-5a05-761d-9d65-b451f3016f16,24,16536110,16566269,ACCEPTED,,16566274,ok,30.164
bot-025,01a0d83b-5bfb-7042-9b9c-dea1fe1f2033,25,17037549,17066105,ACCEPTED,,17066122,ok,28.573
bot-025,01a0d83b-5dfa-77c2-bd4b-dbb0c81291c6,26,17548454,17566208,ACCEPTED,,17566227,ok,17.773
bot-025,01a0d83b-5ff0-77a8-9466-498d65a3beb2,27,18050943,18066607,ACCEPTED,,18066621,ok,15.678
bot-025,01a0d83b-61ed-74a8-9c14-46ccaa2fd44c,28,18560210,18566198,ACCEPTED,,18566202,ok,5.992
bot-025,01a0d83b-63e8-7557-82e2-89210d2aa4c5,29,19066323,19116540,ACCEPTED,,19116556,ok,50.233
bot-025,01a0d83b-65e2-7623-9781-db70e60f0f10,30,19573027,19616364,ACCEPTED,,19616370,ok,43.343
bot-025,01a0d83b-67dd-777e-a6dd-ab1a8b237d5d,31,20079413,20116652,ACCEPTED,,20116663,ok,37.250
bot-025,01a0d83b-69d7-7498-b8c8-68232b1cff32,32,20585453,20616433,ACCEPTED,,20616442,ok,30.989
bot-025,01a0d83b-6bd1-723c-8ec5-2d44cf2b328c,33,21091420,21116865,ACCEPTED,,21116869,ok,25.449
bot-025,01a0d83b-6dcc-76df-8e40-2b82131307cc,34,21598723,21616616,ACCEPTED,,21616619,ok,17.896
bot-025,01a0d83b-6fd1-7050-8e23-add95d76d470,35,22115407,22116613,ACCEPTED,,22116617,ok,1.210
bot-025,01a0d83b-71c6-7154-8af9-6580e289c53f,36,22617053,22666345,ACCEPTED,,22666352,ok,49.299
bot-025,01a0d83b-73bb-755c-82ef-3e5779d191be,37,23117610,23166121,ACCEPTED,,23166139,ok,48.529
bot-025,01a0d83b-75b7-7640-a5ac-526e42cf4e80,38,23626001,23666372,ACCEPTED,,23666390,ok,40.389
bot-025,01a0d83b-77b2-75a2-8f49-d321f34c30d1,39,24133213,24166213,ACCEPTED,,24166224,ok,33.011
bot-025,01a0d83b-79a9-74fd-85cf-4002ce29a4ed,40,24635385,24666309,ACCEPTED,,24666315,ok,30.930
bot-025,01a0d83b-7ba2-72f4-aef2-8c3a9486fabf,41,25140632,25166277,ACCEPTED,,25166287,ok,25.655
bot-025,01a0d83b-7d9f-76bb-8660-970fc9efb891,42,25649674,25666128,ACCEPTED,,25666132,ok,16.458
bot-025,01a0d83b-7fa2-772f-a73b-553f2ba9e646,43,26164549,26166203,ACCEPTED,,26166207,ok,1.658
bot-025,01a0d83b-8197-739e-b4db-a13a4ae0cd4b,44,26666097,26716481,ACCEPTED,,26716493,ok,50.396
bot-025,01a0d83b-838c-75ea-8f6e-3bffc7dd29fa,45,27166314,27217478,ACCEPTED,,27217483,ok,51.169
bot-025,01a0d83b-8582-736c-9208-81a9c2ab3002,46,27668526,27716548,ACCEPTED,,27716556,ok,48.030
bot-025,01a0d83b-8783-75f2-9143-3969d49b088b,47,28181767,28217337,ACCEPTED,,28217344,ok,35.577
bot-025,01a0d83b-8979-7165-a9a4-196445a854a9,48,28683771,28717389,ACCEPTED,,28717394,ok,33.623
bot-025,01a0d83b-8b74-76ff-a0c6-8e49eeb33a02,49,29191171,29216673,ACCEPTED,,29216682,ok,25.511
bot-025,01a0d83b-8d6d-70b9-af12-1a4d0435c132,50,29696210,29716779,ACCEPTED,,29716784,ok,20.574
bot-025,01a0d83b-8f6a-73ff-9873-4189fded8143,51,30204842,30216943,ACCEPTED,,30216947,ok,12.105
bot-025,01a0d83b-9162-7511-8782-4d9fdfb11915,52,30708759,30717288,ACCEPTED,,30717292,ok,8.533
bot-025,01a0d83b-935e-744e-9bbd-97037046ecd5,53,31217080,31266543,ACCEPTED,,31266553,ok,49.473
bot-025,01a0d83b-9553-72c3-91c5-7b2885582517,54,31717349,31766959,ACCEPTED,,31766964,ok,49.615
bot-025,01a0d83b-974e-7347-a3b1-cc4a3174a4e8,55,32224295,32266703,ACCEPTED,,32266708,ok,42.413
bot-025,01a0d83b-9947-7226-8ed7-c33d635d2c74,56,32729380,32766478,ACCEPTED,,32766482,ok,37.102
bot-025,01a0d83b-9b40-7586-91a5-484fc0f7dcb8,57,33235016,33266308,ACCEPTED,,33266316,ok,31.300
bot-025,01a0d83b-9d3e-73e9-b8bf-9c6fd2d84fd1,58,33744596,33771132,ACCEPTED,,33771141,ok,26.545
bot-025,01a0d83b-9f3e-722a-abb4-2fbf3b937291,59,34256746,34266533,ACCEPTED,,34266537,ok,9.791
bot-025,01a0d83b-a137-72a7-bc6f-c2596b388ee5,60,34762231,34766360,ACCEPTED,,34766364,ok,4.133
bot-025,01a0d83b-a32f-73a0-9b7e-9e1b77ac1a89,61,35265357,35266545,ACCEPTED,,35266552,ok,1.195
bot-025,01a0d83b-a524-755f-bb89-d9a0924ef1ac,62,35766345,35816060,ACCEPTED,,35816079,ok,49.734
bot-025,01a0d83b-a722-759a-8743-d964d04cde69,63,36276326,36316625,ACCEPTED,,36316637,ok,40.311
bot-025,01a0d83b-a91c-7226-95e1-54625da08ccf,64,36782404,36816052,ACCEPTED,,36816073,ok,33.669
bot-025,01a0d83b-ab22-7533-8958-2e2e51f24174,65,37300568,37317043,ACCEPTED,,37317051,ok,16.483
bot-025,01a0d83b-ad23-731d-b1ae-2d4587388cd0,66,37814254,37816386,ACCEPTED,,37816402,ok,2.148
bot-025,01a0d83b-af1a-778c-aac8-95200715a69e,67,38316723,38366403,ACCEPTED,,38366413,ok,49.690
bot-025,01a0d83b-b11c-72b1-a364-70d62d12ecf5,68,38830783,38866087,ACCEPTED,,38866098,ok,35.315
bot-025,01a0d83b-b31d-76bb-ae4f-baa2b3bf435d,69,39343289,39366204,ACCEPTED,,39366220,ok,22.931
bot-025,01a0d83b-b519-7766-981d-b87c44c7a442,70,39851769,39866144,ACCEPTED,,39866152,ok,14.383
bot-025,01a0d83b-b70f-77f3-a94c-0bb1b462fa00,71,40353352,40366197,ACCEPTED,,40366202,ok,12.850
bot-025,01a0d83b-b905-7734-ab00-5a2351b11367,72,40855384,40866403,ACCEPTED,,40866407,ok,11.023
bot-025,01a0d83b-bafd-717b-be0b-64df0a24e19e,73,41359609,41366105,ACCEPTED,,41366115,ok,6.506
bot-025,01a0d83b-bcf5-72a4-9e29-38c01dadd551,74,41863967,41866071,ACCEPTED,,41866076,ok,2.109
bot-025,01a0d83b-beea-77af-98bc-461b63866ecc,75,42364548,42366139,ACCEPTED,,42366150,ok,1.602
bot-025,01a0d83b-c0e2-76ba-a160-b302643e3f4c,76,42868507,42916996,ACCEPTED,,42917002,ok,48.495
bot-025,01a0d83b-c2dc-76ea-b32e-06d9dcc9c643,77,43374539,43416599,ACCEPTED,,43416603,ok,42.064
bot-025,01a0d83b-c4d8-765c-acee-0fbd4ab58f55,78,43882695,43916657,ACCEPTED,,43916663,ok,33.968
bot-025,01a0d83b-c6d0-7791-be3a-f8788e4bbc78,79,44386823,44417020,ACCEPTED,,44417028,ok,30.205
bot-025,01a0d83b-c8ca-7405-9c12-67a62fba81ef,80,44892857,44916369,ACCEPTED,,44916374,ok,23.517
bot-025,01a0d83b-cac5-75b8-9b47-ffbc8cbbc48e,81,45400022,45416330,ACCEPTED,,45416347,ok,16.325
bot-025,01a0d83b-ccbe-7381-9ee2-23f45e73b357,82,45904490,45916222,ACCEPTED,,45916233,ok,11.743
bot-025,01a0d83b-ceb6-7674-a7c2-4016eba92324,83,46408561,46416369,ACCEPTED,,46416374,ok,7.813
bot-025,01a0d83b-d0af-704a-b965-795e4a56a8e1,84,46913990,46916498,ACCEPTED,,46916506,ok,2.516
bot-025,01a0d83b-d2a6-77d0-ac66-4dfc257eb0e4,85,47416581,47466362,ACCEPTED,,47466365,ok,49.784
bot-025,01a0d83b-d4a9-7161-aa79-1b11dd013bc5,86,47931642,47966388,ACCEPTED,,47966393,ok,34.751
bot-025,01a0d83b-d69f-7566-84fe-4b1efb86bee5,87,48433711,48466072,ACCEPTED,,48466094,ok,32.383
bot-025,01a0d83b-d895-7664-860b-547a29e5cb02,88,48935479,48966578,ACCEPTED,,48966598,ok,31.119
bot-025,01a0d83b-da8d-717c-8297-81b1bd6c4b3c,89,49439630,49466420,ACCEPTED,,49466430,ok,26.800
bot-025,01a0d83b-dc84-7051-9a80-dc8b4d6383a7,90,49942879,49966280,ACCEPTED,,49966284,ok,23.405
bot-025,01a0d83b-de7c-738c-9792-3400713b42de,91,50446893,50482946,ACCEPTED,,50482956,ok,36.063
bot-025,01a0d83b-e079-7651-af1f-216ddc5e4d7b,92,50955358,50970569,ACCEPTED,,50970601,ok,15.243
bot-025,01a0d83b-e273-7634-9cb0-1029cb698a8b,93,51461572,51466095,ACCEPTED,,51466107,ok,4.535
bot-025,01a0d83b-e46b-7583-b914-77778454070b,94,51966225,52016559,ACCEPTED,,52016577,ok,50.352
bot-025,01a0d83b-e66e-759c-b794-8a2324bd5d5c,95,52480746,52520220,ACCEPTED,,52520225,ok,39.479
bot-025,01a0d83b-e863-74b3-886d-22a597af7ef1,96,52981910,53016914,ACCEPTED,,53016919,ok,35.009
bot-025,01a0d83b-ea6c-777a-8254-ded3a1a8630e,97,53502815,53525410,ACCEPTED,,53525429,ok,22.614
bot-025,01a0d83b-ec66-760c-8e0d-40ab7c15a45f,98,54008291,54016418,ACCEPTED,,54016437,ok,8.146
bot-025,01a0d83b-ee62-73e6-8b67-276e8ed7367b,99,54516436,54566594,ACCEPTED,,54566600,ok,50.164
bot-025,01a0d83b-f057-75b2-9fe4-d21597b3a594,100,55017320,55066536,ACCEPTED,,55066548,ok,49.228
bot-025,01a0d83b-f24e-7163-a0b4-38c74a07c8b3,101,55520612,55566176,ACCEPTED,,55566187,ok,45.575
bot-025,01a0d83b-f452-720c-9ef6-9e33ca35d64c,102,56037068,56066278,ACCEPTED,,56066288,ok,29.220
bot-025,01a0d83b-f64a-715c-bd51-87c6782d4bd5,103,56540293,56566581,ACCEPTED,,56566592,ok,26.299
bot-025,01a0d83b-f844-7471-a384-aa4fdd7ec3cd,104,57046512,57066350,ACCEPTED,,57066358,ok,19.846
bot-025,01a0d83b-fa44-7549-8cc7-504bab72bf74,105,57558781,57566438,ACCEPTED,,57566449,ok,7.668
bot-025,01a0d83b-fc42-713f-9484-304d9b086aeb,106,58068439,58116564,ACCEPTED,,58116574,ok,48.135
bot-025,01a0d83b-fe45-72d7-a62b-5f36e0e5641c,107,58584078,58617045,ACCEPTED,,58617051,ok,32.973
bot-025,01a0d83c-0042-7068-bc99-33c9bd03aefe,108,59092860,59116245,ACCEPTED,,59116250,ok,23.390
bot-025,01a0d83c-023d-7395-9a80-3ce600f7901a,109,59600012,59616091,ACCEPTED,,59616103,ok,16.091
bot-025,01a0d83c-0437-7472-9090-688d4018450a,110,60106013,60116510,ACCEPTED,,60116521,ok,10.508
bot-025,01a0d83c-0635-7251-8ca9-64f171cd41f2,111,60616225,60666462,ACCEPTED,,60666471,ok,50.246
bot-025,01a0d83c-082a-76a1-8910-c5c0d3be2c72,112,61116581,61166693,ACCEPTED,,61166725,ok,50.144
bot-025,01a0d83c-0a1f-7408-b3f2-4886ed0bdaba,113,61617316,61666438,ACCEPTED,,61666450,ok,49.134
bot-025,01a0d83c-0c1b-7703-b1a2-795cfdb4e72a,114,62125977,62166287,ACCEPTED,,62166300,ok,40.323
bot-025,01a0d83c-0e1c-756e-9c88-7675c9a4d046,115,62639140,62665990,ACCEPTED,,62666011,ok,26.871
bot-025,01a0d83c-1016-73ea-85f8-841cd09ea24c,116,63144490,63166140,ACCEPTED,,63166157,ok,21.667
bot-025,01a0d83c-1216-7078-804f-3d6033a26090,117,63656622,63666062,ACCEPTED,,63666080,ok,9.458
bot-025,01a0d83c-1410-73c9-803d-8950faa01e8e,118,64162379,64166131,ACCEPTED,,64166147,ok,3.768
bot-026,01a0d83b-2a5a-746d-873c-9bf682c58216,0,4332295,4366056,ACCEPTED,,4366069,ok,33.774
bot-026,01a0d83b-2c54-7046-98ca-0f91e2c1595f,1,4838537,4866394,ACCEPTED,,4866411,ok,27.874
bot-026,01a0d83b-2e4b-7106-9812-460ac86d46fa,2,5341593,5366249,ACCEPTED,,5366265,ok,24.672
bot-026,01a0d83b-304b-72cc-a00c-bfc670072104,3,5853461,5866095,ACCEPTED,,5866108,ok,12.647
bot-026,01a0d83b-324e-76df-bab4-223bd2f0e3d2,4,6369042,6416873,ACCEPTED,,6416877,ok,47.835
bot-026,01a0d83b-3445-77b0-88cc-14612bbbc4be,5,6871745,6916533,ACCEPTED,,6916537,ok,44.792
bot-026,01a0d83b-3648-7119-80e5-3ee80fec7e50,6,7387048,7417218,ACCEPTED,,7417222,ok,30.174
bot-026,01a0d83b-3845-7726-96db-67e339e78242,7,7895815,7916235,ACCEPTED,,7916245,ok,20.430
bot-026,01a0d83b-3a3e-7545-bc63-91fecdc1fa51,8,8400862,8416049,ACCEPTED,,8416060,ok,15.198
bot-026,01a0d83b-3c39-7281-b9f3-c486a21da247,9,8908243,8916697,ACCEPTED,,8916701,ok,8.458
bot-026,01a0d83b-3e34-77e0-86ac-e3777120243e,10,9414364,9416476,ACCEPTED,,9416481,ok,2.117
bot-026,01a0d83b-402a-7570-b1ad-b4236ec95030,11,9916792,9966420,ACCEPTED,,9966435,ok,49.643
bot-026,01a0d83b-421f-713f-ab6e-414492e03842,12,10417737,10466307,ACCEPTED,,10466323,ok,48.586
bot-026,01a0d83b-4419-7401-a6d3-f22c013a79db,13,10924014,10966439,ACCEPTED,,10966448,ok,42.434
bot-026,01a0d83b-4615-72cb-bf00-dd8773991935,14,11431333,11466343,ACCEPTED,,11466349,ok,35.016
bot-026,01a0d83b-480b-777e-9fb1-8431ed185e09,15,11933553,11966401,ACCEPTED,,11966405,ok,32.852
bot-026,01a0d83b-4a09-778f-830f-e7e31cec8b98,16,12443865,12466072,ACCEPTED,,12466085,ok,22.220
bot-026,01a0d83b-4bff-7184-a225-0c79ffa8655f,17,12945668,12966284,ACCEPTED,,12966296,ok,20.628
bot-026,01a0d83b-4df8-740b-bd41-5fab52d61988,18,13451109,13466474,ACCEPTED,,13466478,ok,15.369
bot-026,01a0d83b-4ff3-72e5-b5e9-893934fd7df7,19,13958197,13966527,ACCEPTED,,13966531,ok,8.334
bot-026,01a0d83b-51ed-7321-a62d-500481f4bb0d,20,14464199,14466330,ACCEPTED,,14466337,ok,2.138
bot-026,01a0d83b-53e8-77b8-8b91-0c27fe70bab3,21,14970536,15016450,ACCEPTED,,15016468,ok,45.932
bot-026,01a0d83b-55eb-7754-b4ab-81a23ac8d7b9,22,15485929,15516646,ACCEPTED,,15516653,ok,30.724
bot-026,01a0d83b-57e0-719c-b8a7-d362e2add0d7,23,15987174,16016034,ACCEPTED,,16016046,ok,28.872
bot-026,01a0d83b-59d6-75f7-a55a-a475c19cba5a,24,16488851,16516117,ACCEPTED,,16516139,ok,27.288
bot-026,01a0d83b-5bd4-7213-a17f-31543c48a896,25,16998644,17016229,ACCEPTED,,17016240,ok,17.596
bot-026,01a0d83b-5dcb-7475-ae9d-da799eaea15a,26,17501360,17516312,ACCEPTED,,17516316,ok,14.956
bot-026,01a0d83b-5fc1-77b1-8970-ca4277a3e47e,27,18003672,18016817,ACCEPTED,,18016821,ok,13.149
bot-026,01a0d83b-61bd-7177-9efb-1a1dbe24b365,28,18511981,18516132,ACCEPTED,,18516149,ok,4.168
bot-026,01a0d83b-63b6-7414-99f6-0e22530a276c,29,19016533,19066335,ACCEPTED,,19066353,ok,49.820
bot-026,01a0d83b-65b3-74b3-97f0-8d7197f320f2,30,19525816,19566379,ACCEPTED,,19566387,ok,40.571
bot-026,01a0d83b-67ad-70da-8f4f-ebfb6dff36fd,31,20032223,20066322,ACCEPTED,,20066329,ok,34.106
bot-026,01a0d83b-69a8-734f-8f63-4e260a8894d0,32,20538307,20566483,ACCEPTED,,20566501,ok,28.194
bot-026,01a0d83b-6baa-75c0-9ad0-6bc40f14c32e,33,21052585,21066457,ACCEPTED,,21066470,ok,13.885
bot-026,01a0d83b-6dac-743d-8c42-56570eb4eefb,34,21566969,21616141,ACCEPTED,,21616152,ok,49.183
bot-026,01a0d83b-6fa1-71b0-a185-57c89f2bf9c8,35,22068160,22116072,ACCEPTED,,22116092,ok,47.932
bot-026,01a0d83b-719f-712f-b361-7ec39504f18b,36,22578213,22616211,ACCEPTED,,22616227,ok,38.014
bot-026,01a0d83b-739b-70a4-9b2b-5165bad4f737,37,23085869,23116248,ACCEPTED,,23116258,ok,30.389
bot-026,01a0d83b-7598-767a-b887-78649b89f037,38,23594571,23616510,ACCEPTED,,23616520,ok,21.949
bot-026,01a0d83b-7793-758a-8b00-9ca813285045,39,24101320,24116802,ACCEPTED,,24116808,ok,15.488
bot-026,01a0d83b-7989-7648-8fdb-6a47cd86d8d9,40,24603918,24616502,ACCEPTED,,24616513,ok,12.595
bot-026,01a0d83b-7b7f-75f8-9b01-e8a931d38f43,41,25105342,25116127,ACCEPTED,,25116137,ok,10.795
bot-026,01a0d83b-7d7d-718d-87b9-4afa0be447b5,42,25616208,25666091,ACCEPTED,,25666099,ok,49.891
bot-026,01a0d83b-7f72-721d-8069-8e356f85527a,43,26116855,26166154,ACCEPTED,,26166165,ok,49.310
bot-026,01a0d83b-8171-74d8-be7e-e7bd617d44fb,44,26627797,26666131,ACCEPTED,,26666141,ok,38.344
bot-026,01a0d83b-8367-776e-96ba-09b2de5431de,45,27130002,27166276,ACCEPTED,,27166284,ok,36.282
bot-026,01a0d83b-8561-758f-a2e5-7065f3507672,46,27636073,27666565,ACCEPTED,,27666576,ok,30.503
bot-026,01a0d83b-875c-703e-b38f-7ac516166737,47,28142369,28166069,ACCEPTED,,28166091,ok,23.722
bot-026,01a0d83b-8957-75fa-b76d-6bb6f75322ac,48,28649275,28666474,ACCEPTED,,28666485,ok,17.210
bot-026,01a0d83b-8b50-7708-898d-ad8021facf92,49,29155004,29166442,ACCEPTED,,29166461,ok,11.457
bot-026,01a0d83b-8d4c-779a-b0ce-abfaa0e8b925,50,29662450,29666409,ACCEPTED,,29666415,ok,3.965
bot-026,01a0d83b-8f44-76d6-95e0-a67ee3b3ae1e,51,30167216,30216976,ACCEPTED,,30216981,ok,49.765
bot-026,01a0d83b-9140-77a5-8155-38dca81bf325,52,30674425,30716417,ACCEPTED,,30716431,ok,42.006
bot-026,01a0d83b-933c-7033-935f-ad2b76d6c724,53,31182873,31217115,ACCEPTED,,31217126,ok,34.253
bot-026,01a0d83b-953c-7529-b80b-bbe8e9c514f9,54,31694258,31716743,ACCEPTED,,31716747,ok,22.489
bot-026,01a0d83b-973c-73c8-ad32-cf3b26608069,55,32206735,32216246,ACCEPTED,,32216251,ok,9.516
bot-026,01a0d83b-9937-74a4-b9a7-6449e0a0bf66,56,32713414,32716366,ACCEPTED,,32716376,ok,2.962
bot-026,01a0d83b-9b2e-7029-b4dc-a75c33ed0b2e,57,33216597,33266290,ACCEPTED,,33266303,ok,49.706
bot-026,01a0d83b-9d2e-7441-ace4-423291b87a2e,58,33728848,33771061,ACCEPTED,,33771072,ok,42.224
bot-026,01a0d83b-9f27-77a8-8ac5-ff2d732487e1,59,34234183,34266515,ACCEPTED,,34266523,ok,32.340
bot-026,01a0d83b-a11e-754a-a798-fd87e827ff54,60,34736872,34766330,ACCEPTED,,34766340,ok,29.468
bot-026,01a0d83b-a31a-74af-9bdb-b2d5c62f2f44,61,35245241,35266513,ACCEPTED,,35266522,ok,21.281
bot-026,01a0d83b-a515-7254-aa4b-e5b5afeb23d1,62,35751361,35766293,ACCEPTED,,35766313,ok,14.952
bot-026,01a0d83b-a70a-7219-8804-d20e55269046,63,36253016,36266398,ACCEPTED,,36266411,ok,13.395
bot-026,01a0d83b-a901-7200-a105-29acb31d3c25,64,36755262,36766499,ACCEPTED,,36766515,ok,11.253
bot-026,01a0d83b-aafa-77c2-b204-8e1199d70342,65,37260879,37266493,ACCEPTED,,37266512,ok,5.633
bot-026,01a0d83b-acf1-77a5-a649-bcd7910b3267,66,37763530,37766279,ACCEPTED,,37766286,ok,2.756
bot-026,01a0d83b-aeeb-75dc-8d04-3dd7f7c69f25,67,38269722,38316768,ACCEPTED,,38316788,ok,47.066
bot-026,01a0d83b-b0e1-7381-b121-d7cec2a71710,68,38771396,38816204,ACCEPTED,,38816214,ok,44.818
bot-026,01a0d83b-b2d8-74ae-920f-a6331c1284ec,69,39274379,39316822,ACCEPTED,,39316827,ok,42.448
bot-026,01a0d83b-b4cf-73d0-8c7d-e34993224bbf,70,39777279,39816433,ACCEPTED,,39816451,ok,39.172
bot-026,01a0d83b-b6c7-714e-83b6-e2e9a50616c1,71,40281994,40316199,ACCEPTED,,40316218,ok,34.224
bot-026,01a0d83b-b8c1-7097-af0a-1868827536b6,72,40787992,40816147,ACCEPTED,,40816163,ok,28.171
bot-026,01a0d83b-bab8-70a0-b8d5-60966d74c00f,73,41290937,41316231,ACCEPTED,,41316242,ok,25.305
bot-026,01a0d83b-bcb3-702a-b4b4-8c56b7498155,74,41797270,41816713,ACCEPTED,,41816722,ok,19.452
bot-026,01a0d83b-beaf-774e-ae89-61c3e82fe9f4,75,42305423,42316127,ACCEPTED,,42316732,ok,11.309
bot-026,01a0d83b-c0a7-765c-92f1-9e33afcf6957,76,42810130,42816350,ACCEPTED,,42816372,ok,6.242
bot-026,01a0d83b-c2a1-74bf-aeda-923f667e5f9a,77,43315577,43316220,ACCEPTED,,43316236,ok,0.659
bot-026,01a0d83b-c496-774a-98ec-30257ad4307f,78,43816657,43866045,ACCEPTED,,43866065,ok,49.408
bot-026,01a0d83b-c68b-7684-8083-8ae8bc1872ff,79,44317852,44366230,ACCEPTED,,44366247,ok,48.395
bot-026,01a0d83b-c88f-7724-99bd-b76442077535,80,44833839,44866401,ACCEPTED,,44866411,ok,32.572
bot-026,01a0d83b-ca93-7270-9217-ce30bef17d80,81,45350242,45366589,ACCEPTED,,45366601,ok,16.359
bot-026,01a0d83b-cc8a-707c-9f90-80ee452c0d39,82,45852372,45866307,ACCEPTED,,45866318,ok,13.946
bot-026,01a0d83b-ce86-7382-867e-d1d81c1e37a1,83,46361077,46366109,ACCEPTED,,46366121,ok,5.044
bot-026,01a0d83b-d080-7545-b8e2-a3541b6f6259,84,46866260,46916083,ACCEPTED,,46916099,ok,49.839
bot-026,01a0d83b-d27f-7474-9ce4-59bfc9411dbf,85,47378080,47416581,ACCEPTED,,47416593,ok,38.513
bot-026,01a0d83b-d479-7355-acaa-83f370411374,86,47884118,47916486,ACCEPTED,,47916496,ok,32.378
bot-026,01a0d83b-d66f-74bc-8bb1-b2be47a77b6f,87,48385978,48417198,ACCEPTED,,48417203,ok,31.225
bot-026,01a0d83b-d868-7257-9fe4-82dea940f0fd,88,48891004,48916415,ACCEPTED,,48916420,ok,25.416
bot-026,01a0d83b-da5e-7699-a4fa-1128bc9a1b46,89,49392539,49416198,ACCEPTED,,49416223,ok,23.684
bot-026,01a0d83b-dc55-73a5-aec5-41f366aef1c3,90,49895910,49916421,ACCEPTED,,49916440,ok,20.530
bot-026,01a0d83b-de4f-760f-aec4-d792891a8d38,91,50401987,50425597,ACCEPTED,,50425609,ok,23.622
bot-026,01a0d83b-e04a-7083-a8dc-f9deb716a558,92,50909090,50916782,ACCEPTED,,50916795,ok,7.705
bot-026,01a0d83b-e244-7377-bc11-defbf6bf93f5,93,51414509,51416220,ACCEPTED,,51416236,ok,1.727
bot-026,01a0d83b-e43a-75c7-8b65-270ed8ed0233,94,51916488,51966273,ACCEPTED,,51966289,ok,49.801
bot-026,01a0d83b-e630-7732-befa-a84b1287ebd0,95,52419033,52423673,ACCEPTED,,52423758,ok,4.725
bot-026,01a0d83b-e825-7419-a362-da78d1eb6dd8,96,52919583,52966301,ACCEPTED,,52966322,ok,46.739
bot-026,01a0d83b-ea29-73bd-adff-807771279f4a,97,53435561,53469941,ACCEPTED,,53469948,ok,34.387
bot-026,01a0d83b-ec26-7621-820c-9aa482f9b1ef,98,53945188,53966126,ACCEPTED,,53966138,ok,20.950
bot-026,01a0d83b-ee22-750b-8954-c439da7ada6d,99,54452686,54466349,ACCEPTED,,54466360,ok,13.674
bot-026,01a0d83b-f01c-77f7-bb4f-39f3d9f41f35,100,54958824,54965999,ACCEPTED,,54966005,ok,7.181
bot-026,01a0d83b-f212-72d9-9c03-6a4d7515b594,101,55460391,55466345,ACCEPTED,,55466361,ok,5.970
bot-026,01a0d83b-f413-718b-b21a-547d016c52bc,102,55973979,56016633,ACCEPTED,,56016644,ok,42.665
bot-026,01a0d83b-f60a-77aa-b274-5dba7be2be1e,103,56476486,56516454,ACCEPTED,,56516462,ok,39.976
bot-026,01a0d83b-f806-76fd-a235-26951564a6fd,104,56984965,57016547,ACCEPTED,,57016552,ok,31.587
bot-026,01a0d83b-f9fd-7018-8e7c-11e51d6c26c6,105,57488201,57516086,ACCEPTED,,57516108,ok,27.907
bot-026,01a0d83b-fc03-724f-9acd-7b16758d867d,106,58005633,58016424,ACCEPTED,,58016435,ok,10.802
bot-026,01a0d83b-fe01-7587-853c-0920405f363e,107,58516128,58566173,ACCEPTED,,58566181,ok,50.053
bot-026,01a0d83b-fff6-7491-9949-681a1f4b9017,108,59016517,59066419,ACCEPTED,,59066430,ok,49.913
bot-026,01a0d83c-01f1-7206-9fb7-120bac2feab5,109,59523498,59566399,ACCEPTED,,59566411,ok,42.913
bot-026,01a0d83c-03f8-75b2-9536-fe84d2724e9d,110,60043225,60066240,ACCEPTED,,60066251,ok,23.026
bot-026,01a0d83c-05f8-7223-879e-e3de3faf1d72,111,60554603,60566441,ACCEPTED,,60566451,ok,11.848
bot-026,01a0d83c-07ed-71ab-bc3c-5877e5e0e27f,112,61055394,61066119,ACCEPTED,,61066134,ok,10.740
bot-026,01a0d83c-09e7-71fe-8c35-6f0551853967,113,61561300,61566254,ACCEPTED,,61566266,ok,4.966
bot-026,01a0d83c-0be0-740b-b8f3-789b629cd044,114,62067023,62116344,ACCEPTED,,62116364,ok,49.341
bot-026,01a0d83c-0dd7-76b1-8005-dcd835e61b93,115,62569675,62616199,ACCEPTED,,62616223,ok,46.548
bot-026,01a0d83c-0fd8-7358-86af-f5cfed8b73da,116,63083072,63116116,ACCEPTED,,63116137,ok,33.065
bot-026,01a0d83c-11cf-7499-88bb-bfc6a2a7ce04,117,63586065,63616217,ACCEPTED,,63616228,ok,30.163
bot-026,01a0d83c-13c9-77e1-ad8f-48436d59fa8d,118,64091743,64116486,ACCEPTED,,64116491,ok,24.748
bot-027,01a0d83b-2b71-748f-830a-6f1b80546c38,0,4611701,4616291,ACCEPTED,,4616299,ok,4.598
bot-027,01a0d83b-2d6a-7032-bcfd-875cd7494d1f,1,5116706,5166233,ACCEPTED,,5166244,ok,49.538
bot-027,01a0d83b-2f5f-74fa-8a13-e7e8689822e9,2,5617402,5666220,ACCEPTED,,5666236,ok,48.834
bot-027,01a0d83b-3154-75fa-9e4b-53737cac0f84,3,6118510,6166304,ACCEPTED,,6166311,ok,47.801
bot-027,01a0d83b-334e-71e6-8d01-49e4e8f08c51,4,6624557,6666420,ACCEPTED,,6666425,ok,41.868
bot-027,01a0d83b-355e-7555-abcc-25ed295b0efe,5,7153237,7166154,ACCEPTED,,7166161,ok,12.924
bot-027,01a0d83b-375a-72e7-bde5-63a175872382,6,7660406,7666234,ACCEPTED,,7666242,ok,5.836
bot-027,01a0d83b-3951-725c-8b83-2d1e8ca1eeb4,7,8163718,8166477,ACCEPTED,,8166482,ok,2.764
bot-027,01a0d83b-3b48-7576-b612-aa86f3e8b5cb,8,8666301,8716399,ACCEPTED,,8716416,ok,50.115
bot-027,01a0d83b-3d3f-7683-afea-3b8ec7e549c3,9,9170144,9216515,ACCEPTED,,9216519,ok,46.375
bot-027,01a0d83b-3f37-724f-ac32-0389dc16a181,10,9673375,9716620,ACCEPTED,,9716633,ok,43.258
bot-027,01a0d83b-4131-712d-8af9-ea15f413e588,11,10179622,10217188,ACCEPTED,,10217193,ok,37.571
bot-027,01a0d83b-432b-725b-b972-3e50656dddfa,12,10685751,10716158,ACCEPTED,,10716163,ok,30.412
bot-027,01a0d83b-4525-7695-87c1-cbf0028f9025,13,11192053,11216474,ACCEPTED,,11216485,ok,24.432
bot-027,01a0d83b-471d-73fc-b4cc-baf80d4809a2,14,11695330,11716363,ACCEPTED,,11716375,ok,21.045
bot-027,01a0d83b-4919-7002-a158-d49ed1bae4e1,15,12204237,12216346,ACCEPTED,,12216351,ok,12.114
bot-027,01a0d83b-4b1a-72d3-b6f2-67f9c3bab885,16,12716450,12766496,ACCEPTED,,12766518,ok,50.068
bot-027,01a0d83b-4d17-7497-aa5d-cf401177e817,17,13225379,13266666,ACCEPTED,,13266669,ok,41.290
bot-027,01a0d83b-4f14-744b-8271-9c80d8e258fd,18,13734503,13766375,ACCEPTED,,13766386,ok,31.883
bot-027,01a0d83b-510f-742d-b9d6-7c860765a345,19,14241400,14266196,ACCEPTED,,14266202,ok,24.802
bot-027,01a0d83b-5308-707f-bb73-f75e26166953,20,14746772,14766297,ACCEPTED,,14766308,ok,19.536
bot-027,01a0d83b-5502-74e0-bd0b-0704389a518d,21,15252929,15266301,ACCEPTED,,15266305,ok,13.376
bot-027,01a0d83b-56fc-7073-8ad0-7e7c2bba008c,22,15759102,15765989,ACCEPTED,,15766050,ok,6.948
bot-027,01a0d83b-58f7-77b5-9de0-8925bcb3bb98,23,16265277,16266378,ACCEPTED,,16266386,ok,1.109
bot-027,01a0d83b-5af1-7664-a084-ead7a225c1e5,24,16771430,16816779,ACCEPTED,,16816783,ok,45.353
bot-027,01a0d83b-5cf2-700f-b0a0-28fcf2525fea,25,17284553,17316605,ACCEPTED,,17316612,ok,32.059
bot-027,01a0d83b-5ef1-7331-ac2d-333041a368bb,26,17795612,17816663,ACCEPTED,,17816673,ok,21.061
bot-027,01a0d83b-60eb-75bd-adfb-27be21b6b3f5,27,18301993,18316485,ACCEPTED,,18316496,ok,14.503
bot-027,01a0d83b-62e2-750e-a74d-fb2b520162c6,28,18804868,18816659,ACCEPTED,,18816671,ok,11.803
bot-027,01a0d83b-64e2-7482-a8c8-9eab01f7b770,29,19316742,19366149,ACCEPTED,,19366155,ok,49.413
bot-027,01a0d83b-66d9-7415-b0d6-ea2afc5d4239,30,19820193,19866434,ACCEPTED,,19866447,ok,46.254
bot-027,01a0d83b-68d4-7395-803f-f02908805b24,31,20326520,20366190,ACCEPTED,,20366193,ok,39.673
bot-027,01a0d83b-6ace-72a8-a1d4-39b460cc06bb,32,20832622,20866194,ACCEPTED,,20866206,ok,33.584
bot-027,01a0d83b-6cd0-7128-aa5f-1fcbf3b306f5,33,21347044,21366318,ACCEPTED,,21366323,ok,19.279
bot-027,01a0d83b-6eca-737b-ae26-b1b32625310c,34,21852493,21866434,ACCEPTED,,21866444,ok,13.951
bot-027,01a0d83b-70ce-7673-9d8f-3b4f7cb3f670,35,22368682,22416518,ACCEPTED,,22416539,ok,47.857
bot-027,01a0d83b-72cf-76d8-bca5-4ff8049d9477,36,22881283,22916434,ACCEPTED,,22916452,ok,35.169
bot-027,01a0d83b-74c8-7788-8346-4026199582b5,37,23386926,23416865,ACCEPTED,,23416869,ok,29.943
bot-027,01a0d83b-76c3-7678-a080-950e805a601c,38,23894051,23916910,ACCEPTED,,23916914,ok,22.863
bot-027,01a0d83b-78bc-7202-9979-e0f7459378f3,39,24399037,24416176,ACCEPTED,,24416186,ok,17.149
bot-027,01a0d83b-7ab7-76cb-a8f4-e427a8c7a133,40,24905984,24916639,ACCEPTED,,24916643,ok,10.659
bot-027,01a0d83b-7cb2-70f5-b3d2-41de1d3c1339,41,25412286,25416300,ACCEPTED,,25416317,ok,4.031
bot-027,01a0d83b-7eaa-7756-920b-f2afb1b425d7,42,25916310,25966516,ACCEPTED,,25966529,ok,50.219
bot-027,01a0d83b-809f-724b-8a7d-e332d9eb1f95,43,26417368,26466401,ACCEPTED,,26466407,ok,49.039
bot-027,01a0d83b-8297-722f-a39b-ce4cfcbc3efb,44,26921900,26966311,ACCEPTED,,26966319,ok,44.419
bot-027,01a0d83b-8490-74f4-bbbc-6ee26425c816,45,27426523,27466705,ACCEPTED,,27466710,ok,40.187
bot-027,01a0d83b-868f-7175-963b-b721f2f5984e,46,27938196,27966302,ACCEPTED,,27966314,ok,28.118
bot-027,01a0d83b-888e-751f-b681-875c6c3cc8e4,47,28449216,28466343,ACCEPTED,,28466346,ok,17.130
bot-027,01a0d83b-8a88-71af-b071-28b80b376079,48,28954713,28966095,ACCEPTED,,28966105,ok,11.392
bot-027,01a0d83b-8c82-7461-b8a2-ef7d9c38cd95,49,29460909,29466244,ACCEPTED,,29466249,ok,5.340
bot-027,01a0d83b-8e7b-7134-8e47-98c485dfe543,50,29966087,30016517,ACCEPTED,,30016523,ok,50.436
bot-027,01a0d83b-9077-72eb-abf1-3ee3a675f146,51,30473272,30516052,ACCEPTED,,30516071,ok,42.799
bot-027,01a0d83b-9271-7129-bfb0-75c95963451a,52,30979262,31016455,ACCEPTED,,31016468,ok,37.206
bot-027,01a0d83b-946c-753b-b6ce-555e38f286b8,53,31486454,31516887,ACCEPTED,,31516897,ok,30.443
bot-027,01a0d83b-966d-76be-95ca-941e297d7155,54,32000139,32016455,ACCEPTED,,32016459,ok,16.320
bot-027,01a0d83b-986a-70fa-89b9-85db1cf810f3,55,32509157,32516349,ACCEPTED,,32516354,ok,7.197
bot-027,01a0d83b-9a66-7404-a65f-e946394fac34,56,33016499,33066288,ACCEPTED,,33066300,ok,49.801
bot-027,01a0d83b-9c5b-7117-9b21-c2a761f43624,57,33517424,33566471,ACCEPTED,,33566478,ok,49.054
bot-027,01a0d83b-9e57-75cb-baee-94b266270511,58,34025574,34066360,ACCEPTED,,34066381,ok,40.807
bot-027,01a0d83b-a058-76c5-951f-5dee0aa61a7d,59,34538355,34566283,ACCEPTED,,34566295,ok,27.940
bot-027,01a0d83b-a253-72dc-b569-f0ed91690196,60,35045462,35066288,ACCEPTED,,35066293,ok,20.831
bot-027,01a0d83b-a450-701c-a513-46c376668518,61,35554493,35566345,ACCEPTED,,35566350,ok,11.857
bot-027,01a0d83b-a64e-7555-9670-4f9296fb5268,62,36064623,36066720,ACCEPTED,,36066737,ok,2.114
bot-027,01a0d83b-a84e-700e-b607-fc1c52d0fc78,63,36576330,36616668,ACCEPTED,,36616672,ok,40.342
bot-027,01a0d83b-aa4e-760c-8de0-bbedd2d280cf,64,37088867,37116625,ACCEPTED,,37116637,ok,27.770
bot-027,01a0d83b-ac48-751e-83e1-d28a7b541129,65,37594332,37616066,ACCEPTED,,37616077,ok,21.745
bot-027,01a0d83b-ae3e-727c-a9a7-388b81d44193,66,38097043,38116188,ACCEPTED,,38116204,ok,19.161
bot-027,01a0d83b-b035-72d2-a5e1-68e31e8d1565,67,38599473,38616581,ACCEPTED,,38616588,ok,17.115
bot-027,01a0d83b-b233-76a7-8347-7094a3f19a0b,68,39110174,39116413,ACCEPTED,,39116417,ok,6.243
bot-027,01a0d83b-b42a-73fa-9138-c8cacc5e35dc,69,39612938,39616637,ACCEPTED,,39616642,ok,3.704
bot-027,01a0d83b-b620-72d7-8bd2-ab61c0495225,70,40114796,40116437,ACCEPTED,,40116442,ok,1.646
bot-027,01a0d83b-b816-757d-8ae6-eb219d6a685c,71,40617021,40666491,ACCEPTED,,40666495,ok,49.474
bot-027,01a0d83b-ba13-75ee-ba36-7e336a47a063,72,41126081,41166568,ACCEPTED,,41166572,ok,40.491
bot-027,01a0d83b-bc0e-731b-9330-d2496aa101c1,73,41632680,41666172,ACCEPTED,,41666176,ok,33.496
bot-027,01a0d83b-be09-7281-a48e-c4af7f18ed5f,74,42139713,42166605,ACCEPTED,,42166615,ok,26.902
bot-027,01a0d83b-c002-7614-9b28-a3df17ad3dd3,75,42644676,42666124,ACCEPTED,,42666129,ok,21.453
bot-027,01a0d83b-c1fc-7300-abe3-8a514a801364,76,43150761,43166219,ACCEPTED,,43166237,ok,15.476
bot-027,01a0d83b-c3f6-73be-b1ab-ab2d6601c0ba,77,43656920,43666085,ACCEPTED,,43666091,ok,9.171
bot-027,01a0d83b-c5f5-740c-aa1a-ba669e4f1715,78,44168164,44216674,ACCEPTED,,44216679,ok,48.515
bot-027,01a0d83b-c7ea-75d8-919b-3a4dd1f0a271,79,44669247,44716398,ACCEPTED,,44716422,ok,47.175
bot-027,01a0d83b-c9ea-70cc-97fd-94a692084af7,80,45180449,45216384,ACCEPTED,,45216391,ok,35.942
bot-027,01a0d83b-cbe5-7423-96f9-ff865a8faa1c,81,45687453,45716245,ACCEPTED,,45716254,ok,28.801
bot-027,01a0d83b-cde3-74c1-8a52-ac8e1deb1484,82,46197815,46216745,ACCEPTED,,46216755,ok,18.940
bot-027,01a0d83b-cfe1-7719-8e39-19cacd1e76b1,83,46708140,46716213,ACCEPTED,,46716222,ok,8.082
bot-027,01a0d83b-d1de-7339-9d08-500097375bef,84,47216611,47266507,ACCEPTED,,47266518,ok,49.907
bot-027,01a0d83b-d3d3-76a3-bc4e-8ab88e6d337a,85,47717359,47766035,ACCEPTED,,47766038,ok,48.679
bot-027,01a0d83b-d5c9-75c9-aca2-6a4635e24622,86,48219629,48266221,ACCEPTED,,48266240,ok,46.611
bot-027,01a0d83b-d7c8-714b-928c-3d1c4b1cc49b,87,48730437,48766402,ACCEPTED,,48766424,ok,35.987
bot-027,01a0d83b-d9c8-73cd-a757-6e6b2edf1ed8,88,49242884,49266389,ACCEPTED,,49266401,ok,23.517
bot-027,01a0d83b-dbc3-772d-a8a9-d2e2ad102fba,89,49749567,49766231,ACCEPTED,,49766245,ok,16.678
bot-027,01a0d83b-ddc2-77fc-940a-dcc20e75a037,90,50260501,50266533,ACCEPTED,,50266540,ok,6.039
bot-027,01a0d83b-dfbc-77c8-9e48-ec129ce2d522,91,50767043,50817221,ACCEPTED,,50817230,ok,50.187
bot-027,01a0d83b-e1b6-742e-8a83-a82099f281f6,92,51273163,51317623,ACCEPTED,,51317627,ok,44.464
bot-027,01a0d83b-e3b1-7289-8e93-f11075d519ba,93,51779254,51817214,ACCEPTED,,51817222,ok,37.968
bot-027,01a0d83b-e5ab-757f-9d31-59ce1ae9bd57,94,52285495,52316267,ACCEPTED,,52316287,ok,30.792
bot-027,01a0d83b-e7a5-7231-97ba-2469018b9059,95,52791739,52816739,ACCEPTED,,52816743,ok,25.004
bot-027,01a0d83b-e9bd-74f1-8ada-1fd911ab7c69,96,53328237,53368527,ACCEPTED,,53368538,ok,40.301
bot-027,01a0d83b-ebb7-7379-97c3-df6d6edc75bd,97,53834125,53866468,ACCEPTED,,53866471,ok,32.346
bot-027,01a0d83b-edb3-74d1-a72f-22cc959bcf67,98,54341865,54366247,ACCEPTED,,54366256,ok,24.391
bot-027,01a0d83b-efad-7420-82a1-8e7a4d077483,99,54847999,54866300,ACCEPTED,,54866305,ok,18.306
bot-027,01a0d83b-f1a7-7530-8974-0d61939fdec3,100,55354207,55366423,ACCEPTED,,55366429,ok,12.222
bot-027,01a0d83b-f3a5-7073-b6d3-8125523bab01,101,55864033,55866137,ACCEPTED,,55866141,ok,2.108
bot-027,01a0d83b-f59f-74a0-a036-d96777d5dfba,102,56370184,56416920,ACCEPTED,,56416930,ok,46.746
bot-027,01a0d83b-f79a-7685-8dca-da82f2410656,103,56877028,56916058,ACCEPTED,,56916078,ok,39.050
bot-027,01a0d83b-f99f-777e-a645-d10a108203f3,104,57394040,57416767,ACCEPTED,,57416773,ok,22.733
bot-027,01a0d83b-fb9a-7468-831f-e2cad3630ed4,105,57900448,57916951,ACCEPTED,,57916955,ok,16.507
bot-027,01a0d83b-fd9b-76e2-8572-af04b9b6f407,106,58413987,58416157,ACCEPTED,,58416164,ok,2.177
bot-027,01a0d83b-ff92-7674-a2ea-34d207cf520f,107,58916802,58966556,ACCEPTED,,58966568,ok,49.766
bot-027,01a0d83c-0187-7189-b7f0-52e8fe296181,108,59417606,59466226,ACCEPTED,,59466228,ok,48.622
bot-027,01a0d83c-037f-7413-baf4-1a29633f2c0c,109,59921633,59966361,ACCEPTED,,59966370,ok,44.737
bot-027,01a0d83c-0584-7743-81ea-819ba764a36e,110,60438921,60466402,ACCEPTED,,60466406,ok,27.485
bot-027,01a0d83c-077e-772f-8665-89d81a406cd5,111,60944644,60966227,ACCEPTED,,60966245,ok,21.601
bot-027,01a0d83c-097e-7696-815f-a51c70efaa54,112,61456392,61466660,ACCEPTED,,61466664,ok,10.272
bot-027,01a0d83c-0b78-77b2-8db0-4f321696b538,113,61962360,61966295,ACCEPTED,,61966303,ok,3.943
bot-027,01a0d83c-0d74-750e-b155-d9d4dd382d2f,114,62470870,62516441,ACCEPTED,,62516445,ok,45.575
bot-027,01a0d83c-0f6e-751d-867f-0059f42ddcb0,115,62976575,63016890,ACCEPTED,,63016894,ok,40.319
bot-027,01a0d83c-1164-7771-9e34-c5af2f9b4b38,116,63478905,63515995,ACCEPTED,,63516011,ok,37.106
bot-027,01a0d83c-135f-75eb-8b9b-d2cc0d261e8a,117,63985708,64016488,ACCEPTED,,64016510,ok,30.802
bot-027,01a0d83c-155b-7760-b77f-79551808d337,118,64493867,64516094,ACCEPTED,,64516121,ok,22.254
bot-028,01a0d83b-2b59-7621-851f-7c96b4b60621,0,4588031,4616024,ACCEPTED,,4616038,ok,28.007
bot-028,01a0d83b-2d5c-751a-b73c-28efc7dc51fe,1,5102883,5117493,ACCEPTED,,5117497,ok,14.614
bot-028,01a0d83b-2f5a-761e-b5ed-cb10f09f5ef0,2,5612430,5616351,ACCEPTED,,5616356,ok,3.926
bot-028,01a0d83b-3152-71fc-9a8a-a8116110bb8d,3,6116356,6166266,ACCEPTED,,6166276,ok,49.920
bot-028,01a0d83b-3347-77ff-915d-5a552d239d5b,4,6617433,6666422,ACCEPTED,,6666427,ok,48.994
bot-028,01a0d83b-3542-7319-bf18-027743346bf7,5,7124659,7166061,ACCEPTED,,7166072,ok,41.413
bot-028,01a0d83b-3742-7209-afc5-3085305085a3,6,7636960,7666234,ACCEPTED,,7666238,ok,29.278
bot-028,01a0d83b-393f-704f-8334-045aed641aab,7,8145534,8166428,ACCEPTED,,8166440,ok,20.906
bot-028,01a0d83b-3b37-7080-8bae-a1f3ceb9aa39,8,8649392,8666264,ACCEPTED,,8666283,ok,16.891
bot-028,01a0d83b-3d31-77f0-ad95-7ac1dadd3671,9,9155603,9166268,ACCEPTED,,9166302,ok,10.699
bot-028,01a0d83b-3f2b-740d-8110-4cf937e243b6,10,9661660,9666092,ACCEPTED,,9666095,ok,4.435
bot-028,01a0d83b-4125-762a-8769-2004ec7f9c45,11,10167851,10216704,ACCEPTED,,10216719,ok,48.868
bot-028,01a0d83b-431f-71d4-86ea-0c2a2365f460,12,10674067,10716400,ACCEPTED,,10716410,ok,42.343
bot-028,01a0d83b-451a-7633-a66e-ce236c4a3879,13,11180398,11216144,ACCEPTED,,11216322,ok,35.924
bot-028,01a0d83b-471d-73fc-b4cc-bafc9fcec094,14,11695367,11716401,ACCEPTED,,11716406,ok,21.039
bot-028,01a0d83b-4919-7002-a158-d499f3b40cd3,15,12204194,12216550,ACCEPTED,,12216559,ok,12.365
bot-028,01a0d83b-4b1a-72d3-b6f2-67faaf3e0c7d,16,12716475,12766563,ACCEPTED,,12766567,ok,50.092
bot-028,01a0d83b-4d17-7497-aa5d-cf41fbb68d54,17,13225386,13266658,ACCEPTED,,13266715,ok,41.329
bot-028,01a0d83b-4f14-744b-8271-9c81bc16d5e1,18,13734514,13766387,ACCEPTED,,13766398,ok,31.884
bot-028,01a0d83b-510f-742d-b9d6-7c821c0cfac6,19,14241342,14266152,ACCEPTED,,14266163,ok,24.821
bot-028,01a0d83b-5308-707f-bb73-f75d47bf77eb,20,14746757,14766240,ACCEPTED,,14766254,ok,19.497
bot-028,01a0d83b-5502-74e0-bd0b-07004877afb0,21,15252879,15266271,ACCEPTED,,15266278,ok,13.399
bot-028,01a0d83b-56fc-7073-8ad0-7e78334d6f5d,22,15759050,15765941,ACCEPTED,,15765956,ok,6.906
bot-028,01a0d83b-58f7-77b5-9de0-8924db0bdcb2,23,16265277,16266409,ACCEPTED,,16266419,ok,1.142
bot-028,01a0d83b-5af1-7664-a084-ead60d75efb7,24,16771422,16816175,ACCEPTED,,16816179,ok,44.757
bot-028,01a0d83b-5cf2-700f-b0a0-28fb92a8dfde,25,17284526,17316145,ACCEPTED,,17316202,ok,31.676
bot-028,01a0d83b-5ef1-7331-ac2d-3334caf728b7,26,17795673,17816571,ACCEPTED,,17816583,ok,20.910
bot-028,01a0d83b-60eb-75bd-adfb-27c08bf14687,27,18302230,18316459,ACCEPTED,,18316472,ok,14.242
bot-028,01a0d83b-62e2-750e-a74d-fb2af1b110d2,28,18804862,18816693,ACCEPTED,,18816705,ok,11.843
bot-028,01a0d83b-64e2-7482-a8c8-9ea713684511,29,19316586,19366165,ACCEPTED,,19366169,ok,49.583
bot-028,01a0d83b-66d9-7415-b0d6-ea2d8333abdd,30,19820226,19866486,ACCEPTED,,19866492,ok,46.266
bot-028,01a0d83b-68d4-7395-803f-f026a1d8217b,31,20326455,20366160,ACCEPTED,,20366168,ok,39.713
bot-028,01a0d83b-6ace-72a8-a1d4-39b5505d13f9,32,20832655,20866230,ACCEPTED,,20866238,ok,33.583
bot-028,01a0d83b-6cd0-7128-aa5f-1fca236cdd23,33,21347030,21366335,ACCEPTED,,21366345,ok,19.315
bot-028,01a0d83b-6eca-737b-ae26-b1b4b74b8728,34,21852494,21866425,ACCEPTED,,21866436,ok,13.942
bot-028,01a0d83b-70ce-7673-9d8f-3b4dbdfbcf31,35,22368652,22416699,ACCEPTED,,22416707,ok,48.055
bot-028,01a0d83b-72cf-76d8-bca5-4ff7aabdb649,36,22881263,22916470,ACCEPTED,,22916475,ok,35.212
bot-028,01a0d83b-74c8-7788-8346-4027fc94ea77,37,23386948,23416855,ACCEPTED,,23416861,ok,29.913
bot-028,01a0d83b-76c3-7678-a080-950b47e273cd,38,23893985,23916358,ACCEPTED,,23916366,ok,22.381
bot-028,01a0d83b-78bc-7202-9979-e0f5cc815149,39,24399013,24416101,ACCEPTED,,24416106,ok,17.093
bot-028,01a0d83b-7ab7-76cb-a8f4-e425a0ee2f30,40,24905935,24916568,ACCEPTED,,24916584,ok,10.649
bot-028,01a0d83b-7cb2-70f5-b3d2-41e24164d715,41,25412352,25416333,ACCEPTED,,25416344,ok,3.992
bot-028,01a0d83b-7eaa-7756-920b-f2b3dd0ec89d,42,25916371,25966537,ACCEPTED,,25966544,ok,50.173
bot-028,01a0d83b-809f-724b-8a7d-e32df68127b9,43,26417322,26466343,ACCEPTED,,26466349,ok,49.027
bot-028,01a0d83b-8297-722f-a39b-ce497db26706,44,26921871,26966314,ACCEPTED,,26966321,ok,44.450
bot-028,01a0d83b-8490-74f4-bbbc-6edde554fc9f,45,27426473,27466699,ACCEPTED,,27466708,ok,40.235
bot-028,01a0d83b-8690-77dd-b1fd-f83fefc06dad,46,27938264,27966328,ACCEPTED,,27966332,ok,28.068
bot-028,01a0d83b-888e-751f-b681-87596dfc4670,47,28449081,28466332,ACCEPTED,,28466338,ok,17.257
bot-028,01a0d83b-8a88-71af-b071-28babff105e1,48,28954738,28966040,ACCEPTED,,28966056,ok,11.318
bot-028,01a0d83b-8c82-7461-b8a2-ef79080c96ac,49,29460855,29466243,ACCEPTED,,29466248,ok,5.393
bot-028,01a0d83b-8e7b-7134-8e47-98c209183522,50,29966055,30016247,ACCEPTED,,30016265,ok,50.210
bot-028,01a0d83b-9077-72eb-abf1-3ee5836b6f72,51,30473289,30516600,ACCEPTED,,30516605,ok,43.316
bot-028,01a0d83b-9271-7129-bfb0-75cba2855b64,52,30979352,31017143,ACCEPTED,,31017147,ok,37.795
bot-028,01a0d83b-946c-753b-b6ce-555f51da5ae2,53,31486486,31516871,ACCEPTED,,31516877,ok,30.391
bot-028,01a0d83b-966d-76be-95ca-941f1fcc97d4,54,32000132,32016489,ACCEPTED,,32016493,ok,16.361
bot-028,01a0d83b-986a-70fa-89b9-85e0938958bf,55,32509205,32516307,ACCEPTED,,32516315,ok,7.110
bot-028,01a0d83b-9a66-7404-a65f-e94b70d61316,56,33016560,33066358,ACCEPTED,,33066362,ok,49.802
bot-028,01a0d83b-9c5b-7117-9b21-c2a6fd2058db,57,33517404,33566484,ACCEPTED,,33566494,ok,49.090
bot-028,01a0d83b-9e57-75cb-baee-94b716a1a295,58,34025734,34066485,ACCEPTED,,34066487,ok,40.753
bot-028,01a0d83b-a058-76c5-951f-5df119c3e63d,59,34538397,34566322,ACCEPTED,,34566326,ok,27.929
bot-028,01a0d83b-a253-72dc-b569-f0eb5f11ecca,60,35045420,35066263,ACCEPTED,,35066273,ok,20.853
bot-028,01a0d83b-a450-701c-a513-46c100925aa4,61,35554467,35566280,ACCEPTED,,35566299,ok,11.832
bot-028,01a0d83b-a64e-7555-9670-4f91d022d5ae,62,36064607,36066797,ACCEPTED,,36066807,ok,2.200
bot-028,01a0d83b-a84e-700e-b607-fc1e1ff154ee,63,36576363,36616383,ACCEPTED,,36616393,ok,40.030
bot-028,01a0d83b-aa4e-760c-8de0-bbea29398d29,64,37088803,37116719,ACCEPTED,,37116729,ok,27.926
bot-028,01a0d83b-ac48-751e-83e1-d28d8c995987,65,37594360,37616228,ACCEPTED,,37616239,ok,21.879
bot-028,01a0d83b-ae3e-727c-a9a7-388eca9d1bdc,66,38097082,38116534,ACCEPTED,,38116544,ok,19.462
bot-028,01a0d83b-b035-72d2-a5e1-68e16f030225,67,38599447,38616228,ACCEPTED,,38616245,ok,16.798
bot-028,01a0d83b-b233-76a7-8347-7098cd11b28a,68,39110212,39116420,ACCEPTED,,39116429,ok,6.217
bot-028,01a0d83b-b42a-73fa-9138-c8cc55236f90,69,39612971,39616496,ACCEPTED,,39616501,ok,3.530
bot-028,01a0d83b-b620-72d7-8bd2-ab6268398b9f,70,40114801,40116610,ACCEPTED,,40116621,ok,1.820
bot-028,01a0d83b-b816-757d-8ae6-eb1f7bae667b,71,40616528,40666441,ACCEPTED,,40666450,ok,49.922
bot-028,01a0d83b-ba13-75ee-ba36-7e3117c908ef,72,41126046,41166564,ACCEPTED,,41166572,ok,40.526
bot-028,01a0d83b-bc0e-731b-9330-d24ca9e3700d,73,41632763,41666231,ACCEPTED,,41666242,ok,33.479
bot-028,01a0d83b-be09-7281-a48e-c4ab1a1f0388,74,42139657,42166561,ACCEPTED,,42166574,ok,26.917
bot-028,01a0d83b-c002-7614-9b28-a3db63ff20c1,75,42644637,42666081,ACCEPTED,,42666098,ok,21.461
bot-028,01a0d83b-c1fc-7300-abe3-8a4f3949a0d7,76,43150750,43166296,ACCEPTED,,43166307,ok,15.557
bot-028,01a0d83b-c3f6-73be-b1ab-ab29a1fcbbad,77,43656857,43666019,ACCEPTED,,43666036,ok,9.179
bot-028,01a0d83b-c5f5-740c-aa1a-ba655cdeaab4,78,44168143,44216141,ACCEPTED,,44216161,ok,48.018
bot-028,01a0d83b-c7eb-73a0-a0e8-6de7721681e8,79,44669343,44717125,ACCEPTED,,44717131,ok,47.788
bot-028,01a0d83b-c9ea-70cc-97fd-949e22af5428,80,45180371,45216685,ACCEPTED,,45216691,ok,36.320
bot-028,01a0d83b-cbe5-7423-96f9-ff82917b6c95,81,45687424,45716238,ACCEPTED,,45716249,ok,28.825
bot-028,01a0d83b-cde3-74c1-8a52-ac8c04d2e343,82,46197787,46216447,ACCEPTED,,46216467,ok,18.680
bot-028,01a0d83b-cfe1-7719-8e39-19cd9e73d5a0,83,46708169,46716478,ACCEPTED,,46716483,ok,8.314
bot-028,01a0d83b-d1de-7339-9d08-4ffc5927b6c6,84,47216554,47266454,ACCEPTED,,47266459,ok,49.905
bot-028,01a0d83b-d3d3-76a3-bc4e-8ab4f2b4b104,85,47717334,47766035,ACCEPTED,,47766041,ok,48.707
bot-028,01a0d83b-d5c9-75c9-aca2-6a47561b95a5,86,48219640,48266306,ACCEPTED,,48266315,ok,46.675
bot-028,01a0d83b-d7c8-714b-928c-3d1d76c02ac8,87,48730444,48766420,ACCEPTED,,48766428,ok,35.984
bot-028,01a0d83b-d9c8-73cd-a757-6e71a0a25c13,88,49242968,49266421,ACCEPTED,,49266427,ok,23.459
bot-028,01a0d83b-dbc3-772d-a8a9-d2e4ff7da6dd,89,49749657,49766223,ACCEPTED,,49766241,ok,16.584
bot-028,01a0d83b-ddc2-77fc-940a-dcbf0f62cdd2,90,50260384,50266425,ACCEPTED,,50266441,ok,6.057
bot-028,01a0d83b-dfbc-77c8-9e48-ec13aa2c88b4,91,50767045,50816997,ACCEPTED,,50817006,ok,49.961
bot-028,01a0d83b-e1b6-742e-8a83-a81fe40ff745,92,51273161,51317677,ACCEPTED,,51317681,ok,44.520
bot-028,01a0d83b-e3b0-72bc-982f-798743cda4c0,93,51779143,51816732,ACCEPTED,,51816759,ok,37.616
bot-028,01a0d83b-e5ab-757f-9d31-59d4730dec10,94,52285593,52317166,ACCEPTED,,52317171,ok,31.578
bot-028,01a0d83b-e7a5-7231-97ba-246f89604a22,95,52791851,52817177,ACCEPTED,,52817182,ok,25.331
bot-028,01a0d83b-e9bd-74f1-8ada-1fd2bcabb740,96,53328132,53368597,ACCEPTED,,53368602,ok,40.470
bot-028,01a0d83b-ebb8-7455-87af-b24f71ea1d21,97,53834265,53866502,ACCEPTED,,53866504,ok,32.239
bot-028,01a0d83b-edb3-74d1-a72f-22c0d97d5fae,98,54341751,54366115,ACCEPTED,,54366135,ok,24.384
bot-028,01a0d83b-efad-7420-82a1-8e82f4273aef,99,54848062,54866283,ACCEPTED,,54866289,ok,18.227
bot-028,01a0d83b-f1a7-7530-8974-0d5c39680141,100,55354145,55366346,ACCEPTED,,55366366,ok,12.221
bot-028,01a0d83b-f3a5-7073-b6d3-8122d201f8f8,101,55864009,55866099,ACCEPTED,,55866106,ok,2.097
bot-028,01a0d83b-f59f-74a0-a036-d961ca943b67,102,56370121,56416535,ACCEPTED,,56416549,ok,46.428
bot-028,01a0d83b-f79a-7685-8dca-da812f95a891,103,56877028,56916099,ACCEPTED,,56916104,ok,39.076
bot-028,01a0d83b-f99f-777e-a645-d11214629aa0,104,57394101,57416926,ACCEPTED,,57416933,ok,22.832
bot-028,01a0d83b-fb9a-7468-831f-e2c2247566ee,105,57900374,57916640,ACCEPTED,,57916651,ok,16.277
bot-028,01a0d83b-fd9b-76e2-8572-af03c6c82098,106,58413988,58416012,ACCEPTED,,58416016,ok,2.028
bot-028,01a0d83b-ff92-7674-a2ea-34ca05478118,107,58916614,58966517,ACCEPTED,,58966523,ok,49.909
bot-028,01a0d83c-0187-7189-b7f0-52e48a5ddc76,108,59417470,59466241,ACCEPTED,,59466245,ok,48.775
bot-028,01a0d83c-037f-7413-baf4-1a1e27c3dfe8,109,59921553,59966377,ACCEPTED,,59966387,ok,44.834
bot-028,01a0d83c-0584-7743-81ea-81a1f98f702a,110,60439003,60466396,ACCEPTED,,60466405,ok,27.402
bot-028,01a0d83c-077e-772f-8665-89e00708af5d,111,60944725,60966307,ACCEPTED,,60966311,ok,21.586
bot-028,01a0d83c-097e-7696-815f-a51efda8dfd7,112,61456396,61466653,ACCEPTED,,61466659,ok,10.263
bot-028,01a0d83c-0b78-77b2-8db0-4f2d8ee2e8ac,113,61962319,61966339,ACCEPTED,,61966367,ok,4.048
bot-028,01a0d83c-0d74-750e-b155-d9d0e71ec589,114,62470817,62516320,ACCEPTED,,62516329,ok,45.512
bot-028,01a0d83c-0f6e-751d-867f-00576110f773,115,62976522,63016677,ACCEPTED,,63016687,ok,40.165
bot-028,01a0d83c-1164-7771-9e34-c5b17c852ec7,116,63478912,63516024,ACCEPTED,,63516028,ok,37.116
bot-028,01a0d83c-135f-75eb-8b9b-d2ce990e96e9,117,63985744,64016660,ACCEPTED,,64016670,ok,30.926
bot-028,01a0d83c-155b-7760-b77f-79572e2f69a8,118,64493880,64516162,ACCEPTED,,64516174,ok,22.294
bot-029,01a0d83b-2c54-7046-98ca-0f92dff0502f,0,4838605,4866432,ACCEPTED,,4866440,ok,27.835
bot-029,01a0d83b-2e4b-7106-9812-46089319c325,1,5341581,5366277,ACCEPTED,,5366287,ok,24.706
bot-029,01a0d83b-304b-72cc-a00c-bfc40d602d39,2,5853442,5866062,ACCEPTED,,5866073,ok,12.631
bot-029,01a0d83b-324e-76df-bab4-223d5f26cfbf,3,6369042,6416374,ACCEPTED,,6416393,ok,47.351
bot-029,01a0d83b-3445-77b0-88cc-145e7abf8540,4,6871708,6916283,ACCEPTED,,6916291,ok,44.583
bot-029,01a0d83b-3648-7119-80e5-3ee506ecfa46,5,7387020,7416669,ACCEPTED,,7416680,ok,29.660
bot-029,01a0d83b-3845-7726-96db-67e558a22c38,6,7895841,7916256,ACCEPTED,,7916268,ok,20.427
bot-029,01a0d83b-3a3e-7545-bc63-91ffd6d97982,7,8400869,8416039,ACCEPTED,,8416055,ok,15.186
bot-029,01a0d83b-3c39-7281-b9f3-c483281cd971,8,8908209,8916309,ACCEPTED,,8916321,ok,8.112
bot-029,01a0d83b-3e34-77e0-86ac-e375f1701b31,9,9414343,9416429,ACCEPTED,,9416446,ok,2.103
bot-029,01a0d83b-402a-7570-b1ad-b424cf1c063e,10,9916802,9966413,ACCEPTED,,9966435,ok,49.633
bot-029,01a0d83b-421f-713f-ab6e-4147097c6aea,11,10417878,10466372,ACCEPTED,,10466379,ok,48.501
bot-029,01a0d83b-4419-7401-a6d3-f22d4a61baaa,12,10924030,10966407,ACCEPTED,,10966420,ok,42.390
bot-029,01a0d83b-4615-72cb-bf00-dd8883af85f2,13,11431346,11466316,ACCEPTED,,11466327,ok,34.981
bot-029,01a0d83b-480b-777e-9fb1-842f28fe0adc,14,11933534,11966398,ACCEPTED,,11966405,ok,32.871
bot-029,01a0d83b-4a09-778f-830f-e7e579cd5124,15,12443935,12466102,ACCEPTED,,12466112,ok,22.177
bot-029,01a0d83b-4bff-7184-a225-0c7af07fc73d,16,12945685,12966310,ACCEPTED,,12966320,ok,20.635
bot-029,01a0d83b-4df8-740b-bd41-5fa8ae41594c,17,13451079,13466458,ACCEPTED,,13466469,ok,15.390
bot-029,01a0d83b-4ff3-72e5-b5e9-893c6bb8a6a5,18,13958230,13966524,ACCEPTED,,13966528,ok,8.298
bot-029,01a0d83b-51ed-7321-a62d-5006a453af6d,19,14464223,14466323,ACCEPTED,,14466334,ok,2.111
bot-029,01a0d83b-53e8-77b8-8b91-0c28468e9ac5,20,14970542,15016975,ACCEPTED,,15016979,ok,46.437
bot-029,01a0d83b-55eb-7754-b4ab-81a45f81cabf,21,15485945,15516603,ACCEPTED,,15516614,ok,30.669
bot-029,01a0d83b-57e0-719c-b8a7-d363f6fbdd3a,22,15987177,16016017,ACCEPTED,,16016037,ok,28.860
bot-029,01a0d83b-59d6-75f7-a55a-a4779b4c0ad1,23,16488880,16516373,ACCEPTED,,16516384,ok,27.504
bot-029,01a0d83b-5bd4-7213-a17f-31526b1595f0,24,16998584,17016234,ACCEPTED,,17016238,ok,17.654
bot-029,01a0d83b-5dcb-7475-ae9d-da7b53e6bf9d,25,17501376,17516264,ACCEPTED,,17516285,ok,14.909
bot-029,01a0d83b-5fc1-77b1-8970-ca4158b5b5f2,26,18003644,18016442,ACCEPTED,,18016447,ok,12.803
bot-029,01a0d83b-61bd-7177-9efb-1a1c75202159,27,18511898,18516146,ACCEPTED,,18516158,ok,4.260
bot-029,01a0d83b-63b6-7414-99f6-0e21558a9d93,28,19016374,19066361,ACCEPTED,,19066370,ok,49.996
bot-029,01a0d83b-65b3-74b3-97f0-8d7044424ace,29,19525813,19566365,ACCEPTED,,19566377,ok,40.564
bot-029,01a0d83b-67ad-70da-8f4f-ebfa3e03b963,30,20032210,20066297,ACCEPTED,,20066312,ok,34.102
bot-029,01a0d83b-69a8-734f-8f63-4e25e650d5c5,31,20538299,20566485,ACCEPTED,,20566501,ok,28.202
bot-029,01a0d83b-6baa-75c0-9ad0-6bc2694e4ceb,32,21052561,21066465,ACCEPTED,,21066473,ok,13.912
bot-029,01a0d83b-6dac-743d-8c42-56563aa4cdaa,33,21566964,21616161,ACCEPTED,,21616168,ok,49.204
bot-029,01a0d83b-6fa1-71b0-a185-57c6830866b6,34,22068158,22116724,ACCEPTED,,22116729,ok,48.571
bot-029,01a0d83b-719f-712f-b361-7ec4cf26eb2d,35,22578213,22616251,ACCEPTED,,22616255,ok,38.042
bot-029,01a0d83b-739b-70a4-9b2b-5163ae1d7471,36,23085837,23116252,ACCEPTED,,23116262,ok,30.425
bot-029,01a0d83b-7598-767a-b887-786659df54d2,37,23594594,23616504,ACCEPTED,,23616516,ok,21.922
bot-029,01a0d83b-7793-758a-8b00-9cab67eef894,38,24101350,24116259,ACCEPTED,,24116270,ok,14.920
bot-029,01a0d83b-7989-7648-8fdb-6a4549ea64c5,39,24603797,24616476,ACCEPTED,,24616490,ok,12.693
bot-029,01a0d83b-7b7f-75f8-9b01-e8ac08b56b02,40,25105371,25116095,ACCEPTED,,25116109,ok,10.738
bot-029,01a0d83b-7d7d-718d-87b9-4af92a357103,41,25616190,25666028,ACCEPTED,,25666037,ok,49.847
bot-029,01a0d83b-7f72-721d-8069-8e34ee835276,42,26116787,26166137,ACCEPTED,,26166153,ok,49.366
bot-029,01a0d83b-8171-74d8-be7e-e7bbd5e04ab4,43,26627783,26666099,ACCEPTED,,26666103,ok,38.320
bot-029,01a0d83b-8367-776e-96ba-09b307afbc63,44,27130008,27166266,ACCEPTED,,27166278,ok,36.270
bot-029,01a0d83b-8561-758f-a2e5-7064cdf15594,45,27636066,27666597,ACCEPTED,,27666602,ok,30.536
bot-029,01a0d83b-875c-703e-b38f-7ac4c6754f2e,46,28142367,28166100,ACCEPTED,,28166113,ok,23.746
bot-029,01a0d83b-8956-749e-94ff-372f366945da,47,28649090,28666457,ACCEPTED,,28666475,ok,17.385
bot-029,01a0d83b-8b50-7708-898d-ad817a5238cd,48,29155006,29166452,ACCEPTED,,29166465,ok,11.459
bot-029,01a0d83b-8d4c-779a-b0ce-abf93f5a7a79,49,29662443,29666363,ACCEPTED,,29666381,ok,3.938
bot-029,01a0d83b-8f44-76d6-95e0-a67df403d9b6,50,30167216,30216679,ACCEPTED,,30216683,ok,49.467
bot-029,01a0d83b-9140-77a5-8155-38dbf38d41e4,51,30674424,30717189,ACCEPTED,,30717194,ok,42.770
bot-029,01a0d83b-933c-7033-935f-ad2dc5a71ae3,52,31182890,31217053,ACCEPTED,,31217071,ok,34.181
bot-029,01a0d83b-953b-720a-8036-a3966f24a970,53,31694248,31716502,ACCEPTED,,31716512,ok,22.264
bot-029,01a0d83b-973c-73c8-ad32-cf39d45fab40,54,32206719,32216269,ACCEPTED,,32216274,ok,9.555
bot-029,01a0d83b-9937-74a4-b9a7-644a96d21303,55,32713447,32716510,ACCEPTED,,32716518,ok,3.071
bot-029,01a0d83b-9b2e-7029-b4dc-a75bee300e8e,56,33216478,33266317,ACCEPTED,,33266321,ok,49.843
bot-029,01a0d83b-9d2e-7441-ace4-423447459f45,57,33728875,33771035,ACCEPTED,,33771053,ok,42.178
bot-029,01a0d83b-9f27-77a8-8ac5-ff2b52dde19c,58,34234166,34266456,ACCEPTED,,34266473,ok,32.307
bot-029,01a0d83b-a11e-754a-a798-fd8856a157f6,59,34736878,34766317,ACCEPTED,,34766330,ok,29.452
bot-029,01a0d83b-a31b-7370-b74d-d0afebc25f76,60,35245256,35266497,ACCEPTED,,35266514,ok,21.258
bot-029,01a0d83b-a515-7254-aa4b-e5b79867ebe5,61,35751391,35766375,ACCEPTED,,35766388,ok,14.997
bot-029,01a0d83b-a70a-7219-8804-d20df57d83d8,62,36252999,36266385,ACCEPTED,,36266398,ok,13.399
bot-029,01a0d83b-a901-7200-a105-29af737c044a,63,36755297,36766565,ACCEPTED,,36766573,ok,11.276
bot-029,01a0d83b-aafa-77c2-b204-8e0f9ef00445,64,37260869,37266469,ACCEPTED,,37266529,ok,5.660
bot-029,01a0d83b-acf1-77a5-a649-bcda5823ef80,65,37763583,37766298,ACCEPTED,,37766302,ok,2.719
bot-029,01a0d83b-aeeb-75dc-8d04-3dd539d1adf5,66,38269696,38316578,ACCEPTED,,38316595,ok,46.899
bot-029,01a0d83b-b0e1-7381-b121-d7cddb276946,67,38771396,38816128,ACCEPTED,,38816150,ok,44.754
bot-029,01a0d83b-b2d8-74ae-920f-a636cd39cb75,68,39274398,39316127,ACCEPTED,,39316149,ok,41.751
bot-029,01a0d83b-b4cf-73d0-8c7d-e34a1cf9db1e,69,39777289,39816470,ACCEPTED,,39816475,ok,39.186
bot-029,01a0d83b-b6c7-714e-83b6-e2e77855cc7c,70,40281981,40316814,ACCEPTED,,40316819,ok,34.838
bot-029,01a0d83b-b8c1-7097-af0a-186748c6d7e9,71,40787990,40816188,ACCEPTED,,40816200,ok,28.210
bot-029,01a0d83b-bab8-70a0-b8d5-6093c6e2ab8a,72,41290887,41316461,ACCEPTED,,41316473,ok,25.586
bot-029,01a0d83b-bcb2-7491-a309-329f95cf2176,73,41797235,41817304,ACCEPTED,,41817324,ok,20.089
bot-029,01a0d83b-beaf-774e-ae89-61c64dbf9ef5,74,42305453,42316127,ACCEPTED,,42316148,ok,10.695
bot-029,01a0d83b-c0a7-765c-92f1-9e32e0eec835,75,42810059,42816682,ACCEPTED,,42816692,ok,6.633
bot-029,01a0d83b-c2a1-74bf-aeda-923e95c248a3,76,43315577,43316227,ACCEPTED,,43316236,ok,0.659
bot-029,01a0d83b-c496-774a-98ec-3026d15110e3,77,43816675,43866084,ACCEPTED,,43866093,ok,49.418
bot-029,01a0d83b-c68b-7684-8083-8ae74f38d30f,78,44317846,44366231,ACCEPTED,,44366247,ok,48.401
bot-029,01a0d83b-c88f-7724-99bd-b765e7f69407,79,44833875,44866384,ACCEPTED,,44866399,ok,32.524
bot-029,01a0d83b-ca93-7270-9217-ce32c594f369,80,45350253,45366568,ACCEPTED,,45366585,ok,16.332
bot-029,01a0d83b-cc8a-707c-9f90-80ef2bbfecc4,81,45852384,45866283,ACCEPTED,,45866300,ok,13.916
bot-029,01a0d83b-ce86-7382-867e-d1d90101679f,82,46361084,46366122,ACCEPTED,,46366133,ok,5.049
bot-029,01a0d83b-d07f-7351-a9f9-caf822e2c06d,83,46866251,46916334,ACCEPTED,,46916344,ok,50.093
bot-029,01a0d83b-d27f-7474-9ce4-59beb74da4a5,84,47378070,47416444,ACCEPTED,,47416462,ok,38.392
bot-029,01a0d83b-d479-7355-acaa-83f130ccadf5,85,47884085,47916661,ACCEPTED,,47916665,ok,32.580
bot-029,01a0d83b-d66f-74bc-8bb1-b2bb52b2b8f4,86,48385945,48416486,ACCEPTED,,48416509,ok,30.564
bot-029,01a0d83b-d868-7257-9fe4-82dc32127c39,87,48890979,48916346,ACCEPTED,,48916366,ok,25.387
bot-029,01a0d83b-da5e-7699-a4fa-112764d1a8b6,88,49392537,49416213,ACCEPTED,,49416222,ok,23.685
bot-029,01a0d83b-dc55-73a5-aec5-41f48155e76a,89,49895936,49916419,ACCEPTED,,49916441,ok,20.505
bot-029,01a0d83b-de4f-760f-aec4-d790af34f1fd,90,50401979,50425610,ACCEPTED,,50425621,ok,23.642
bot-029,01a0d83b-e04b-7263-841b-4c0bea7b2a4f,91,50909254,50916856,ACCEPTED,,50916861,ok,7.607
bot-029,01a0d83b-e244-7377-bc11-defd6f59492a,92,51414509,51416284,ACCEPTED,,51416288,ok,1.779
bot-029,01a0d83b-e43a-75c7-8b65-270c110935e6,93,51916442,51966273,ACCEPTED,,51966289,ok,49.847
bot-029,01a0d83b-e630-7732-befa-a84ef1abd02c,94,52419198,52423719,ACCEPTED,,52423723,ok,4.525
bot-029,01a0d83b-e825-7419-a362-da773542c602,95,52919574,52966316,ACCEPTED,,52966329,ok,46.755
bot-029,01a0d83b-ea29-73bd-adff-80763f14efec,96,53435554,53469935,ACCEPTED,,53469946,ok,34.392
bot-029,01a0d83b-ec26-7621-820c-9aa27e699505,97,53945181,53966156,ACCEPTED,,53966166,ok,20.985
bot-029,01a0d83b-ee22-750b-8954-c43ca31c7b21,98,54452716,54466339,ACCEPTED,,54466355,ok,13.639
bot-029,01a0d83b-f01c-77f7-bb4f-39f67d9fb054,99,54958834,54965964,ACCEPTED,,54965981,ok,7.147
bot-029,01a0d83b-f212-72d9-9c03-6a4c2d991d9e,100,55460381,55466349,ACCEPTED,,55466361,ok,5.980
bot-029,01a0d83b-f413-718b-b21a-547cfb5e8792,101,55973967,56016397,ACCEPTED,,56016417,ok,42.450
bot-029,01a0d83b-f60a-77aa-b274-5dbc8e1a68d2,102,56476510,56516273,ACCEPTED,,56516295,ok,39.785
bot-029,01a0d83b-f806-76fd-a235-2693c94f9790,103,56984961,57016067,ACCEPTED,,57016085,ok,31.124
bot-029,01a0d83b-f9fd-7018-8e7c-11e6b3ce4d81,104,57488220,57516097,ACCEPTED,,57516110,ok,27.890
bot-029,01a0d83b-fc03-724f-9acd-7b189080d049,105,58005678,58016444,ACCEPTED,,58016455,ok,10.777
bot-029,01a0d83b-fe02-77b6-9a87-454616a78abe,106,58516298,58566161,ACCEPTED,,58566173,ok,49.875
bot-029,01a0d83b-fff7-7101-91d2-dd6433c40552,107,59017376,59066397,ACCEPTED,,59066419,ok,49.043
bot-029,01a0d83c-01f1-7206-9fb7-120a7df97679,108,59523489,59566388,ACCEPTED,,59566407,ok,42.918
bot-029,01a0d83c-03f8-75b2-9536-fe8189c1a65f,109,60043182,60066234,ACCEPTED,,60066251,ok,23.069
bot-029,01a0d83c-05f8-7223-879e-e3e0800cd42e,110,60554653,60566504,ACCEPTED,,60566514,ok,11.861
bot-029,01a0d83c-07ed-71ab-bc3c-587936729d63,111,61055410,61066122,ACCEPTED,,61066134,ok,10.724
bot-029,01a0d83c-09e6-73d9-acb0-24a9afb4d6b2,112,61561246,61566244,ACCEPTED,,61566262,ok,5.016
bot-029,01a0d83c-0be0-740b-b8f3-789c2c6cd712,113,62067028,62116344,ACCEPTED,,62116364,ok,49.336
bot-029,01a0d83c-0dd7-76b1-8005-dcd7d6666295,114,62569671,62616251,ACCEPTED,,62616257,ok,46.586
bot-029,01a0d83c-0fd8-7358-86af-f5d073a69ac8,115,63083088,63116193,ACCEPTED,,63116205,ok,33.117
bot-029,01a0d83c-11cf-7499-88bb-bfc7d9e15de3,116,63586065,63616100,ACCEPTED,,63616121,ok,30.056
bot-029,01a0d83c-13c9-77e1-ad8f-48424acf9b28,117,64091728,64116448,ACCEPTED,,64116468,ok,24.740
bot-029,01a0d83c-15c4-701a-a2e9-c3c546f9debb,118,64598357,64616273,ACCEPTED,,64616294,ok,17.937
bot-030,01a0d83b-2d9a-739f-b44e-a9dd38179660,0,5165079,5166218,ACCEPTED,,5166232,ok,1.153
bot-030,01a0d83b-2f8f-732a-b095-993f2141fca1,1,5666211,5716241,ACCEPTED,,5716266,ok,50.055
bot-030,01a0d83b-3184-77e7-887e-89e4ae89734e,2,6166333,6216292,ACCEPTED,,6216310,ok,49.977
bot-030,01a0d83b-337e-7316-8a34-f7a6369180d7,3,6672307,6716112,ACCEPTED,,6716124,ok,43.817
bot-030,01a0d83b-357e-73b3-a85b-00269619fbae,4,7185059,7216401,ACCEPTED,,7216421,ok,31.362
bot-030,01a0d83b-377d-73ad-a317-4c7f2728715c,5,7695759,7716057,ACCEPTED,,7716074,ok,20.315
bot-030,01a0d83b-3977-73f0-b4b1-b5b1fc6a945e,6,8201854,8216226,ACCEPTED,,8216246,ok,14.392
bot-030,01a0d83b-3b74-7228-bf51-5f0aabc672a2,7,8710570,8716877,ACCEPTED,,8716886,ok,6.316
bot-030,01a0d83b-3d6c-7027-890c-f22c37c1cade,8,9214300,9216732,ACCEPTED,,9216736,ok,2.436
bot-030,01a0d83b-3f61-734d-bd82-ba85d925fac8,9,9716221,9766362,ACCEPTED,,9766378,ok,50.157
bot-030,01a0d83b-4156-7436-aef4-4b4fa1d362a6,10,10216638,10266229,ACCEPTED,,10266242,ok,49.604
bot-030,01a0d83b-434e-74ef-a930-d87481a14e83,11,10721039,10766232,ACCEPTED,,10766249,ok,45.210
bot-030,01a0d83b-4548-7195-a10d-360cdca44efb,12,11227095,11266307,ACCEPTED,,11266324,ok,39.229
bot-030,01a0d83b-4741-77e3-b0bb-11c56b50177d,13,11731979,11765932,ACCEPTED,,11765948,ok,33.969
bot-030,01a0d83b-493d-7646-a84f-77bd9af91bd9,14,12239512,12266303,ACCEPTED,,12266320,ok,26.808
bot-030,01a0d83b-4b3b-7412-af6a-29eedf69f27c,15,12749558,12766571,ACCEPTED,,12766581,ok,17.023
bot-030,01a0d83b-4d40-7379-b289-5aa7d8ac988f,16,13266499,13316004,ACCEPTED,,13316010,ok,49.511
bot-030,01a0d83b-4f3a-70e7-812e-b8f5424e8ffe,17,13772715,13816266,ACCEPTED,,13816275,ok,43.560
bot-030,01a0d83b-5131-72f8-b90a-bea0fb0c6a06,18,14276221,14316516,ACCEPTED,,14316529,ok,40.308
bot-030,01a0d83b-532b-710a-af32-fbc6730d1b8c,19,14782062,14816193,ACCEPTED,,14816209,ok,34.147
bot-030,01a0d83b-552d-707f-82db-67302204cfaa,20,15295461,15316142,ACCEPTED,,15316152,ok,20.691
bot-030,01a0d83b-5727-7626-b7e6-0f8adf62e139,21,15801549,15816145,ACCEPTED,,15816151,ok,14.602
bot-030,01a0d83b-5926-7476-8ace-3d16e793aa35,22,16312360,16316398,ACCEPTED,,16316418,ok,4.058
bot-030,01a0d83b-5b1d-7192-83a3-73a58fec87bd,23,16816119,16866398,ACCEPTED,,16866406,ok,50.287
bot-030,01a0d83b-5d12-746d-982a-711e1d52dece,24,17316976,17366476,ACCEPTED,,17366489,ok,49.513
bot-030,01a0d83b-5f08-7028-98c6-f1892a15b874,25,17819179,17866053,ACCEPTED,,17866060,ok,46.881
bot-030,01a0d83b-6103-776b-a776-ee92621b0409,26,18325358,18366235,ACCEPTED,,18366246,ok,40.888
bot-030,01a0d83b-6300-72c0-8d24-b39777c3107d,27,18834587,18866384,ACCEPTED,,18866403,ok,31.816
bot-030,01a0d83b-64f7-735d-8d38-07abf5cad099,28,19337534,19366164,ACCEPTED,,19366173,ok,28.639
bot-030,01a0d83b-66f1-75c9-8c3c-f9fc010276c9,29,19843755,19866523,ACCEPTED,,19866534,ok,22.779
bot-030,01a0d83b-68eb-7729-86ba-9987099da96e,30,20350003,20366195,ACCEPTED,,20366206,ok,16.203
bot-030,01a0d83b-6ae9-70ab-a61f-be9eebd92445,31,20859589,20866239,ACCEPTED,,20866249,ok,6.660
bot-030,01a0d83b-6ce0-7019-aecc-9a10b375051e,32,21362471,21366351,ACCEPTED,,21366353,ok,3.882
bot-030,01a0d83b-6ed8-756b-91d1-11a32dc8a1fd,33,21866412,21916134,ACCEPTED,,21916152,ok,49.740
bot-030,01a0d83b-70ce-7673-9d8f-3b4b937f5e0d,34,22368642,22417234,ACCEPTED,,22417237,ok,48.595
bot-030,01a0d83b-72ce-7211-99c1-91a98aeb628f,35,22881244,22916437,ACCEPTED,,22916452,ok,35.208
bot-030,01a0d83b-74c8-7788-8346-4023dbb71e39,36,23386878,23416264,ACCEPTED,,23416277,ok,29.399
bot-030,01a0d83b-76c3-7678-a080-950a81f06711,37,23893966,23916215,ACCEPTED,,23916220,ok,22.254
bot-030,01a0d83b-78bc-7202-9979-e0f6e5d45da6,38,24399029,24416554,ACCEPTED,,24416560,ok,17.531
bot-030,01a0d83b-7ab7-76cb-a8f4-e42b536e3264,39,24906032,24916831,ACCEPTED,,24916842,ok,10.810
bot-030,01a0d83b-7cb2-70f5-b3d2-41e4693b9ca0,40,25412354,25416930,ACCEPTED,,25416934,ok,4.580
bot-030,01a0d83b-7eaa-7756-920b-f2b0203173cf,41,25916316,25966551,ACCEPTED,,25966558,ok,50.242
bot-030,01a0d83b-809f-724b-8a7d-e3301e9a510e,42,26417348,26466399,ACCEPTED,,26466408,ok,49.060
bot-030,01a0d83b-8297-722f-a39b-ce4ae9285cd9,43,26921881,26966304,ACCEPTED,,26966309,ok,44.428
bot-030,01a0d83b-8490-74f4-bbbc-6edfa7854784,44,27426484,27466703,ACCEPTED,,27466708,ok,40.224
bot-030,01a0d83b-868f-7175-963b-b720188ddd66,45,27938187,27966277,ACCEPTED,,27966290,ok,28.103
bot-030,01a0d83b-888f-77ff-8c16-3a865a4a1f0e,46,28449251,28466397,ACCEPTED,,28466408,ok,17.157
bot-030,01a0d83b-8a88-71af-b071-28b727cf8ed5,47,28954713,28966061,ACCEPTED,,28966068,ok,11.355
bot-030,01a0d83b-8c82-7461-b8a2-ef7ec43d3b81,48,29460923,29466236,ACCEPTED,,29466243,ok,5.320
bot-030,01a0d83b-8e7b-7134-8e47-98c38656e8e9,49,29966071,30016759,ACCEPTED,,30016762,ok,50.691
bot-030,01a0d83b-9077-72eb-abf1-3ee420c90429,50,30473275,30516094,ACCEPTED,,30516099,ok,42.824
bot-030,01a0d83b-9271-7129-bfb0-75cde5144957,51,30979383,31016507,ACCEPTED,,31016512,ok,37.129
bot-030,01a0d83b-946c-753b-b6ce-55615d0e0368,52,31486542,31516892,ACCEPTED,,31516896,ok,30.354
bot-030,01a0d83b-966d-76be-95ca-942100436a54,53,32000145,32016513,ACCEPTED,,32016518,ok,16.373
bot-030,01a0d83b-986a-70fa-89b9-85dec02a8493,54,32509181,32516320,ACCEPTED,,32516331,ok,7.150
bot-030,01a0d83b-9a66-7404-a65f-e94ad0e98855,55,33016548,33066345,ACCEPTED,,33066348,ok,49.800
bot-030,01a0d83b-9c5b-7117-9b21-c2a838937de2,56,33517587,33566488,ACCEPTED,,33566492,ok,48.905
bot-030,01a0d83b-9e57-75cb-baee-94b5d10eb40a,57,34025695,34066440,ACCEPTED,,34066452,ok,40.757
bot-030,01a0d83b-a058-76c5-951f-5df00e48132a,58,34538386,34566286,ACCEPTED,,34566296,ok,27.910
bot-030,01a0d83b-a253-72dc-b569-f0f0212667e8,59,35045490,35066297,ACCEPTED,,35066307,ok,20.817
bot-030,01a0d83b-a450-701c-a513-46bef3df8734,60,35554436,35566281,ACCEPTED,,35566299,ok,11.863
bot-030,01a0d83b-a64e-7555-9670-4f96448376a3,61,36064704,36066773,ACCEPTED,,36066779,ok,2.075
bot-030,01a0d83b-a84e-700e-b607-fc1d4417d4b7,62,36576348,36616038,ACCEPTED,,36616057,ok,39.709
bot-030,01a0d83b-aa4e-760c-8de0-bbef06f2d6e6,63,37088890,37116677,ACCEPTED,,37116684,ok,27.794
bot-030,01a0d83b-ac48-751e-83e1-d28cbe2776ec,64,37594351,37616492,ACCEPTED,,37616497,ok,22.146
bot-030,01a0d83b-ae3e-727c-a9a7-388d290b73a4,65,38097070,38116237,ACCEPTED,,38116240,ok,19.170
bot-030,01a0d83b-b035-72d2-a5e1-68e2f217b061,66,38599458,38616271,ACCEPTED,,38616280,ok,16.822
bot-030,01a0d83b-b233-76a7-8347-7097c95a1e57,67,39110196,39116383,ACCEPTED,,39116399,ok,6.203
bot-030,01a0d83b-b42a-73fa-9138-c8c8b4e8bd41,68,39612911,39615958,ACCEPTED,,39615972,ok,3.061
bot-030,01a0d83b-b620-72d7-8bd2-ab5e3cd73ba2,69,40114760,40116593,ACCEPTED,,40116599,ok,1.839
bot-030,01a0d83b-b816-757d-8ae6-eb2294a14f18,70,40617076,40666486,ACCEPTED,,40666495,ok,49.419
bot-030,01a0d83b-ba13-75ee-ba36-7e35df55c84e,71,41126092,41166553,ACCEPTED,,41166558,ok,40.466
bot-030,01a0d83b-bc0e-731b-9330-d2475cc544f9,72,41632620,41666124,ACCEPTED,,41666129,ok,33.509
bot-030,01a0d83b-be09-7281-a48e-c4ae669664d0,73,42139695,42166533,ACCEPTED,,42166553,ok,26.858
bot-030,01a0d83b-c002-7614-9b28-a3dde02a8068,74,42644643,42666090,ACCEPTED,,42666100,ok,21.457
bot-030,01a0d83b-c1fc-7300-abe3-8a521e91a22b,75,43150773,43166231,ACCEPTED,,43166241,ok,15.468
bot-030,01a0d83b-c3f6-73be-b1ab-ab2e23a87d3d,76,43656921,43666087,ACCEPTED,,43666093,ok,9.172
bot-030,01a0d83b-c5f5-740c-aa1a-ba67c5bd6c91,77,44168177,44216347,ACCEPTED,,44216357,ok,48.180
bot-030,01a0d83b-c7eb-73a0-a0e8-6de6cc6f2152,78,44669334,44717417,ACCEPTED,,44717422,ok,48.088
bot-030,01a0d83b-c9ea-70cc-97fd-94a4783d2fd5,79,45180442,45216595,ACCEPTED,,45216605,ok,36.163
bot-030,01a0d83b-cbe5-7423-96f9-ff7f59f69afd,80,45687380,45716020,ACCEPTED,,45716040,ok,28.660
bot-030,01a0d83b-cde3-74c1-8a52-ac901f65e02c,81,46197851,46216897,ACCEPTED,,46216902,ok,19.051
bot-030,01a0d83b-cfe1-7719-8e39-19d089ba08e2,82,46708199,46716882,ACCEPTED,,46716886,ok,8.687
bot-030,01a0d83b-d1de-7339-9d08-4ffe44ce29fd,83,47216593,47266481,ACCEPTED,,47266485,ok,49.892
bot-030,01a0d83b-d3d3-76a3-bc4e-8ab9bb70125c,84,47717421,47766013,ACCEPTED,,47766022,ok,48.601
bot-030,01a0d83b-d5c9-75c9-aca2-6a4b973fa68b,85,48219658,48266221,ACCEPTED,,48266240,ok,46.582
bot-030,01a0d83b-d7c8-714b-928c-3d227cf719f6,86,48730553,48766474,ACCEPTED,,48766482,ok,35.929
bot-030,01a0d83b-d9c8-73cd-a757-6e6ad5e58c22,87,49242874,49266408,ACCEPTED,,49266421,ok,23.547
bot-030,01a0d83b-dbc3-772d-a8a9-d2e9b1326022,88,49749750,49766301,ACCEPTED,,49766310,ok,16.560
bot-030,01a0d83b-ddc2-77fc-940a-dcc57394c314,89,50260554,50266623,ACCEPTED,,50266627,ok,6.073
bot-030,01a0d83b-dfbc-77c8-9e48-ec0eb7d121b2,90,50766991,50817211,ACCEPTED,,50817217,ok,50.226
bot-030,01a0d83b-e1b6-742e-8a83-a8210107d5f0,91,51273163,51317195,ACCEPTED,,51317201,ok,44.038
bot-030,01a0d83b-e3b0-72bc-982f-79898c80945c,92,51779159,51816914,ACCEPTED,,51816926,ok,37.767
bot-030,01a0d83b-e5ab-757f-9d31-59d3d620f8c9,93,52285579,52316821,ACCEPTED,,52316826,ok,31.247
bot-030,01a0d83b-e7a5-7231-97ba-246d10c6b6bd,94,52791771,52816514,ACCEPTED,,52816527,ok,24.756
bot-030,01a0d83b-e9bd-74f1-8ada-1fd89d8667cc,95,53328237,53368515,ACCEPTED,,53368528,ok,40.291
bot-030,01a0d83b-ebb7-7379-97c3-df724fee73eb,96,53834230,53866491,ACCEPTED,,53866494,ok,32.264
bot-030,01a0d83b-edb3-74d1-a72f-22c10618ba9c,97,54341758,54366157,ACCEPTED,,54366162,ok,24.404
bot-030,01a0d83b-efad-7420-82a1-8e832123e494,98,54848068,54866308,ACCEPTED,,54866317,ok,18.249
bot-030,01a0d83b-f1a7-7530-8974-0d60e0a92024,99,55354198,55366477,ACCEPTED,,55366485,ok,12.287
bot-030,01a0d83b-f3a5-7073-b6d3-813098d3cea4,100,55864105,55866154,ACCEPTED,,55866157,ok,2.052
bot-030,01a0d83b-f59f-74a0-a036-d96a6f444975,101,56370195,56417199,ACCEPTED,,56417207,ok,47.012
bot-030,01a0d83b-f79a-7685-8dca-da8d22514fd1,102,56877209,56916677,ACCEPTED,,56916683,ok,39.474
bot-030,01a0d83b-f99f-777e-a645-d108dc5adc03,103,57393986,57416231,ACCEPTED,,57416246,ok,22.260
bot-030,01a0d83b-fb9a-7468-831f-e2c34b672eee,104,57900381,57916682,ACCEPTED,,57916692,ok,16.311
bot-030,01a0d83b-fd9b-76e2-8572-aef7e3a9eb95,105,58413866,58415967,ACCEPTED,,58415978,ok,2.112
bot-030,01a0d83b-ff92-7674-a2ea-34c9d71a4c4d,106,58916612,58966480,ACCEPTED,,58966486,ok,49.874
bot-030,01a0d83c-0187-7189-b7f0-52dce94ab70d,107,59417431,59466158,ACCEPTED,,59466163,ok,48.732
bot-030,01a0d83c-037f-7413-baf4-1a2ba3294e9a,108,59921640,59966322,ACCEPTED,,59966326,ok,44.686
bot-030,01a0d83c-0584-7743-81ea-819dac87a1f8,109,60438961,60466387,ACCEPTED,,60466392,ok,27.431
bot-030,01a0d83c-077e-772f-8665-89e2fb140b61,110,60944739,60966327,ACCEPTED,,60966336,ok,21.597
bot-030,01a0d83c-097e-7696-815f-a516dded07c9,111,61456303,61466569,ACCEPTED,,61466587,ok,10.284
bot-030,01a0d83c-0b78-77b2-8db0-4f3322cf9bec,112,61962384,61966342,ACCEPTED,,61966351,ok,3.967
bot-030,01a0d83c-0d74-750e-b155-d9cd734be51b,113,62470770,62516028,ACCEPTED,,62516050,ok,45.280
bot-030,01a0d83c-0f6e-751d-867f-005a1174a835,114,62976582,63016834,ACCEPTED,,63016843,ok,40.261
bot-030,01a0d83c-1164-7771-9e34-c5b2dba0cd7c,115,63478935,63516227,ACCEPTED,,63516237,ok,37.302
bot-030,01a0d83c-135f-75eb-8b9b-d2cb94a1ae30,116,63985707,64016496,ACCEPTED,,64016510,ok,30.803
bot-030,01a0d83c-155b-7760-b77f-795659770552,117,64493870,64516180,ACCEPTED,,64516190,ok,22.320
bot-030,01a0d83c-1754-737c-a4e8-e8a5c5172991,118,64999051,65016631,ACCEPTED,,65016646,ok,17.595
