bot,command_id,probe_seq,sent_us,result_us,status,reason_code,reply_us,order,rtt_ms
bot-000,01a0c470-98ab-77a3-89df-3c476775d334,0,26899,76422,ACCEPTED,,76474,ok,49.575
bot-000,01a0c470-9eea-768e-9e09-4fdef7d7bf11,0,1626637,1676395,ACCEPTED,,1676441,ok,49.804
bot-000,01a0c470-a52b-756d-98bc-fcd0d3079301,0,3226838,3276875,ACCEPTED,,3276924,ok,50.086
bot-000,01a0c470-ab6b-766a-b2f5-01ae9ba492dc,0,4827036,4876431,ACCEPTED,,4876485,ok,49.449
bot-000,01a0c470-b178-7148-8bce-74fb8eeea7d0,0,6376617,6426653,ACCEPTED,,6426713,ok,50.096
bot-000,01a0c470-b7b9-762c-a53c-7b912e5263d9,0,7976862,8026697,ACCEPTED,,8026755,ok,49.893
bot-000,01a0c470-bdf9-72bb-9f4d-6b9ab2443b89,0,9576844,9626878,ACCEPTED,,9626937,ok,50.093
bot-000,01a0c470-c407-763a-8efc-f4f27e958d55,0,11127643,11176581,ACCEPTED,,11176648,ok,49.005
bot-000,01a0c470-ca46-71e3-9ead-e8a59f02cd31,0,12726696,12776660,ACCEPTED,,12776721,ok,50.025
bot-000,01a0c470-d055-7640-a022-f68d8691d043,0,14276781,14326606,ACCEPTED,,14326663,ok,49.882
bot-000,01a0c470-d663-70bb-b014-e4eb54447109,0,15827162,15876792,ACCEPTED,,15876839,ok,49.677
bot-000,01a0c470-dc70-7522-89c0-7439c1ef8d2a,0,17376437,17426980,ACCEPTED,,17427043,ok,50.606
bot-000,01a0c470-e27e-7285-bf87-635925f9380c,0,18926696,18976526,ACCEPTED,,18976586,ok,49.890
bot-000,01a0c470-e8be-72e8-af26-71a9f6c9b77a,0,20526582,20576860,ACCEPTED,,20576909,ok,50.327
bot-000,01a0c470-eeff-760f-8be1-43cac819ef18,0,22126906,22176814,ACCEPTED,,22176863,ok,49.957
bot-000,01a0c470-f50c-71ab-95d5-6e6ac5b3d4c2,0,23676469,23726908,ACCEPTED,,23726971,ok,50.502
bot-000,01a0c470-fb4d-7429-b89d-5ea638e389bf,0,25276878,25326649,ACCEPTED,,25326705,ok,49.827
bot-000,01a0c471-018d-75b2-8bf2-849b5cd4f7d2,0,26876788,26926677,ACCEPTED,,26926741,ok,49.953
bot-000,01a0c471-07cc-70cd-bcb2-3c5a2baea7ab,0,28476653,28526929,ACCEPTED,,28527470,ok,50.817
bot-000,01a0c471-0e0d-7332-8466-3327ad768e66,0,30076971,30126790,ACCEPTED,,30126855,ok,49.884
bot-000,01a0c471-141b-77fa-a404-a626e5667a32,0,31626842,31677038,ACCEPTED,,31677093,ok,50.251
bot-000,01a0c471-1a5b-702c-9e81-000998f47cc8,0,33227219,33276597,ACCEPTED,,33276644,ok,49.425
bot-000,01a0c471-209b-7797-a3ae-0f35b0c227e4,0,34826771,34876835,ACCEPTED,,34876894,ok,50.123
bot-000,01a0c471-26a8-7535-86d4-0ab82aa7fda3,0,36376400,36426684,ACCEPTED,,36427428,ok,51.028
bot-000,01a0c471-2ce8-7450-9040-d694825e22ca,0,37976722,38026679,ACCEPTED,,38026739,ok,50.017
bot-000,01a0c471-32f7-7218-b0ab-5402dacd4f83,0,39527142,39576624,ACCEPTED,,39576672,ok,49.530
bot-000,01a0c471-3905-761e-8e35-39e2570e54bd,0,41077519,41126612,ACCEPTED,,41126677,ok,49.158
bot-000,01a0c471-3f45-773f-af62-4f4826cf92e5,0,42676977,42726540,ACCEPTED,,42726603,ok,49.626
bot-000,01a0c471-4585-715f-9ec9-252b5bc44f4b,0,44276847,44326480,ACCEPTED,,44326539,ok,49.692
bot-000,01a0c471-4b93-7555-9341-3e923e3db5ef,0,45827693,45876516,ACCEPTED,,45876569,ok,48.876
bot-000,01a0c471-51d2-70eb-8edb-8b90fd28ef16,0,47426638,47476854,ACCEPTED,,47476918,ok,50.280
bot-000,01a0c471-5813-77fc-a532-20ae42ea7ace,0,49026975,49076685,ACCEPTED,,49076750,ok,49.775
bot-000,01a0c471-5e53-7779-9c83-f6c39df88873,0,50627159,50676772,ACCEPTED,,50676831,ok,49.672
bot-000,01a0c471-6493-7600-a5af-5ba03cac4ea9,0,52226814,52276753,ACCEPTED,,52276802,ok,49.988
bot-000,01a0c471-6aa0-73ee-a63a-afe3d20bdb78,0,53776543,53826620,ACCEPTED,,53826687,ok,50.144
bot-000,01a0c471-70e0-7017-8923-fc300d01255e,0,55376596,55426832,ACCEPTED,,55426888,ok,50.292
bot-000,01a0c471-7720-758e-a3c4-97a3a42c71c2,0,56976575,57026625,ACCEPTED,,57026689,ok,50.114
bot-000,01a0c471-7d61-757f-8413-7b557ff01bdc,0,58577026,58626656,ACCEPTED,,58626732,ok,49.706
bot-000,01a0c471-83a1-7003-926f-d37fd1658c1f,0,60176979,60226676,ACCEPTED,,60226737,ok,49.758
bot-000,01a0c471-89af-736a-a005-13d1109a81c3,0,61727446,61776732,ACCEPTED,,61776783,ok,49.337
bot-000,01a0c471-8fef-72ac-84e9-e66bff728f2a,0,63326992,63376666,ACCEPTED,,63376731,ok,49.739
bot-000,01a0c471-95fc-779b-8ae2-362f367422d1,0,64876619,64926675,ACCEPTED,,64926733,ok,50.114
bot-000,01a0c471-9c0b-76bc-89ff-3728a58b5ee1,0,66426898,66476588,ACCEPTED,,66476640,ok,49.742
bot-000,01a0c471-a218-72f4-93e3-5f619eb90a72,0,67976621,68026580,ACCEPTED,,68026635,ok,50.014
bot-000,01a0c471-a859-7293-abec-7f85d52e37da,0,69576915,69626575,ACCEPTED,,69626643,ok,49.728
bot-000,01a0c471-ae99-7148-b0c4-8aa7ec0524f4,0,71176881,71226604,ACCEPTED,,71226666,ok,49.785
bot-000,01a0c471-b4d9-729d-9d63-818a7422eec3,0,72776905,72826671,ACCEPTED,,72826727,ok,49.822
bot-000,01a0c471-bae6-71b6-ab35-82b23caed354,0,74326455,74376839,ACCEPTED,,74376892,ok,50.437
bot-000,01a0c471-c0f5-75a6-beb4-c92d9eb70889,0,75877661,75926853,ACCEPTED,,75926915,ok,49.254
bot-000,01a0c471-c734-74f0-b2b1-63457601ede2,0,77476739,77526503,ACCEPTED,,77526569,ok,49.830
bot-000,01a0c471-cd43-705d-81d0-1b22668a98b0,0,79026826,79076492,ACCEPTED,,79076542,ok,49.716
bot-000,01a0c471-d350-762f-8487-a490d3c62d0a,0,80576737,80626481,ACCEPTED,,80626537,ok,49.800
bot-000,01a0c471-d95e-77af-8f13-e2b65553b30e,0,82126613,82176714,ACCEPTED,,82176754,ok,50.141
bot-000,01a0c471-df9f-7575-8c14-f2e6176eb520,0,83726905,83776680,ACCEPTED,,83776728,ok,49.823
bot-000,01a0c471-e5df-7243-ad36-681fe8cc9386,0,85326931,85376696,ACCEPTED,,85376731,ok,49.800
bot-000,01a0c471-ec1f-775b-b622-70aaf3324227,0,86927200,86976573,ACCEPTED,,86976628,ok,49.428
bot-000,01a0c471-f25f-722e-a095-62955acd958f,0,88527187,88576929,ACCEPTED,,88576980,ok,49.793
bot-000,01a0c471-f89e-7584-9ea4-fdb2397f7c54,0,90126745,90176569,ACCEPTED,,90176618,ok,49.873
bot-000,01a0c471-feac-77d0-9862-5a76f90d871f,0,91676720,91726750,ACCEPTED,,91726770,ok,50.050
bot-000,01a0c472-04ed-7225-8460-2ae17704cd40,0,93277527,93326975,ACCEPTED,,93326991,ok,49.464
bot-000,01a0c472-0b2d-73c6-af67-727e76b1a85c,0,94877204,94926577,ACCEPTED,,94926597,ok,49.393
bot-000,01a0c472-116c-728d-a492-cbf8a2dd3ef2,0,96476730,96526571,ACCEPTED,,96526628,ok,49.898
bot-000,01a0c472-17ac-7777-8d4c-ea467af3ff7d,0,98076605,98127112,ACCEPTED,,98127133,ok,50.528
bot-000,01a0c472-1ded-76a5-a19e-251ba53a0e4b,0,99676823,99726669,ACCEPTED,,99726689,ok,49.866
bot-000,01a0c472-242d-728d-ad2f-566cbd2be878,0,101277037,101326807,ACCEPTED,,101326869,ok,49.832
bot-000,01a0c472-2a6d-75ce-b32e-87b3bc6d9cfe,0,102877151,102927095,ACCEPTED,,102927154,ok,50.003
bot-000,01a0c472-30ad-7499-a59c-dfe0fd5ae25e,0,104476870,104527070,ACCEPTED,,104527095,ok,50.225
bot-000,01a0c472-36bb-70fc-88e1-8f78cf2cfc98,0,106027648,106077055,ACCEPTED,,106077081,ok,49.433
bot-000,01a0c472-3cc9-73e6-9012-41c3056cad12,0,107576824,107626607,ACCEPTED,,107626667,ok,49.843
bot-000,01a0c472-4309-7541-9d6b-113d09262573,0,109177007,109226618,ACCEPTED,,109226676,ok,49.669
bot-000,01a0c472-4949-73f2-a339-54f8c660a5d4,0,110776909,110826852,ACCEPTED,,110826866,ok,49.957
bot-000,01a0c472-4f89-74e1-9bd7-685f81f0bc7b,0,112377085,112426649,ACCEPTED,,112426669,ok,49.584
bot-000,01a0c472-55c8-70cf-90e8-29df28d31e92,0,113976731,114027044,ACCEPTED,,114027060,ok,50.329
bot-000,01a0c472-5c08-7772-9e13-91cdac439e2a,0,115576713,115626673,ACCEPTED,,115626693,ok,49.980
bot-000,01a0c472-6249-7135-beba-2b6c1a47a6f7,0,117177027,117227187,ACCEPTED,,117227217,ok,50.190
bot-000,01a0c472-6889-71e3-90e4-2cf47c72fd3a,0,118776893,118826874,ACCEPTED,,118826931,ok,50.038
bot-000,01a0c472-6e97-74b9-9de8-b957059ff7dd,0,120327105,120377126,ACCEPTED,,120377186,ok,50.081
bot-000,01a0c472-74d6-7607-8da2-4b9d5fe8a928,0,121926701,121976758,ACCEPTED,,121976797,ok,50.096
bot-000,01a0c472-7b17-774b-a2d0-25c5aa4c7625,0,123526909,123576629,ACCEPTED,,123576686,ok,49.777
bot-000,01a0c472-8157-74bc-9c7f-6fbed6a41950,0,125126944,125176953,ACCEPTED,,125176989,ok,50.045
bot-000,01a0c472-8765-7088-a8a5-56a53fabe359,0,126676836,126726529,ACCEPTED,,126726746,ok,49.910
bot-000,01a0c472-8da5-77df-afa3-b320e8d4d41e,0,128276963,128326804,ACCEPTED,,128326860,ok,49.897
bot-000,01a0c472-93e5-72c7-b28f-6564e7394a43,0,129877259,129926832,ACCEPTED,,129926846,ok,49.587
bot-000,01a0c472-9a24-7049-aaba-410651f22748,0,131476765,131526990,ACCEPTED,,131527007,ok,50.242
bot-000,01a0c472-a064-7034-b966-97c88c56c8e0,0,133076562,133126593,ACCEPTED,,133126613,ok,50.051
bot-000,01a0c472-a6a5-7702-88ec-686a1247bc5f,0,134677047,134726884,ACCEPTED,,134726905,ok,49.858
bot-000,01a0c472-acb3-7437-a782-716dd234f3d8,0,136227181,136276487,ACCEPTED,,136276519,ok,49.338
bot-000,01a0c472-b2f3-75b2-8d4d-11939daa6ec1,0,137827031,137876765,ACCEPTED,,137876801,ok,49.770
bot-000,01a0c472-b933-757e-99ca-d729bdc15637,0,139426986,139476955,ACCEPTED,,139477016,ok,50.030
bot-000,01a0c472-bf73-7329-a6ba-31228378d348,0,141026784,141076457,ACCEPTED,,141076500,ok,49.716
bot-000,01a0c472-c5b3-7271-8c83-e2c0f2275dc7,0,142626794,142676759,ACCEPTED,,142676801,ok,50.007
bot-000,01a0c472-cbc1-776c-9762-794c0dd93e94,0,144176919,144227347,ACCEPTED,,144227378,ok,50.459
bot-000,01a0c472-d200-74b3-b001-f0a4cdd9a4a2,0,145776599,145826975,ACCEPTED,,145826999,ok,50.400
bot-000,01a0c472-d80f-7774-bd41-62248533936c,0,147327318,147376689,ACCEPTED,,147376732,ok,49.414
bot-000,01a0c472-de4f-73e6-908a-5bf3af067fe7,0,148926868,148976474,ACCEPTED,,148976520,ok,49.652
bot-000,01a0c472-e48f-7565-8246-8ed7a7159d62,0,150527021,150576890,ACCEPTED,,150576920,ok,49.899
bot-000,01a0c472-eacf-73d5-8144-b654b08a66ac,0,152127217,152177126,ACCEPTED,,152177164,ok,49.947
bot-000,01a0c472-f10f-727e-b144-51117f4f10ff,0,153727084,153776775,ACCEPTED,,153776816,ok,49.732
bot-000,01a0c472-f750-75c2-8491-c4b94e05d5a2,0,155327819,155376949,ACCEPTED,,155376975,ok,49.156
bot-000,01a0c472-fd8e-7650-8c4f-8b403a8fbc6a,0,156926586,156977195,ACCEPTED,,156977256,ok,50.670
bot-000,01a0c473-039c-7397-84f4-433c4c5b42fc,0,158476673,158527335,ACCEPTED,,158527367,ok,50.694
bot-000,01a0c473-09dd-71c6-98fb-820f324ed1bd,0,160077146,160126589,ACCEPTED,,160126613,ok,49.467
bot-000,01a0c473-101c-72f8-b107-17793c28ce04,0,161676600,161726833,ACCEPTED,,161726889,ok,50.289
bot-000,01a0c473-165d-71a7-b94c-827a898e90e2,0,163276887,163326900,ACCEPTED,,163326917,ok,50.030
bot-000,01a0c473-1c9d-7169-87e9-1d2bcd043e71,0,164877024,164927133,ACCEPTED,,164927153,ok,50.129
bot-000,01a0c473-22ab-719a-9d8f-138b3fafd8c7,0,166426839,166476808,ACCEPTED,,166476865,ok,50.026
bot-000,01a0c473-28ba-76ff-872d-c520a0756d63,0,167978003,168027084,ACCEPTED,,168027098,ok,49.095
bot-000,01a0c473-2ef9-77d3-9239-d222cad5390a,0,169576816,169627123,ACCEPTED,,169627139,ok,50.323
bot-000,01a0c473-3538-70fd-96eb-21b1fc8ee122,0,171176736,171226677,ACCEPTED,,171226692,ok,49.956
bot-000,01a0c473-3b47-7248-8f87-e0845e840e5b,0,172727468,172776925,ACCEPTED,,172776967,ok,49.499
bot-000,01a0c473-4155-778c-84e0-aa63e732c606,0,174276899,174326645,ACCEPTED,,174326876,ok,49.977
bot-000,01a0c473-4795-712a-a64f-fedb9f8f812a,0,175877033,175926828,ACCEPTED,,175926845,ok,49.812
bot-000,01a0c473-4dd5-775f-b93e-9d1117d5b8df,0,177476823,177526535,ACCEPTED,,177526592,ok,49.769
bot-000,01a0c473-53e3-73dc-b54d-573b0bbb1706,0,179027008,179076688,ACCEPTED,,179076730,ok,49.722
bot-000,01a0c473-5a23-751e-8b0f-e93b78bcdcd5,0,180626794,180676707,ACCEPTED,,180676757,ok,49.963
bot-000,01a0c473-6031-741b-a38b-46b08dc4f558,0,182177440,182226785,ACCEPTED,,182226805,ok,49.365
bot-000,01a0c473-663e-7254-b69c-40354a335c25,0,183726757,183776487,ACCEPTED,,183776523,ok,49.766
bot-000,01a0c473-6c7f-7610-9ae4-c716d4efe729,0,185327059,185376850,ACCEPTED,,185376886,ok,49.827
bot-000,01a0c473-72bf-76bd-9cdb-d3e7e4cce349,0,186927166,186976853,ACCEPTED,,186976903,ok,49.737
bot-000,01a0c473-78ff-778f-b10b-42791867671e,0,188527052,188576655,ACCEPTED,,188576691,ok,49.639
bot-000,01a0c473-7f3f-73c8-b68c-2bad8f360d38,0,190127153,190176554,ACCEPTED,,190176590,ok,49.437
bot-000,01a0c473-857f-76f1-8850-37cad484b041,0,191727292,191776957,ACCEPTED,,191776996,ok,49.704
bot-000,01a0c473-8bbf-775f-882d-5f686118463c,0,193326841,193376864,ACCEPTED,,193376892,ok,50.051
bot-000,01a0c473-91cc-76ca-95dd-e039c90d2805,0,194876744,194926921,ACCEPTED,,194926941,ok,50.197
bot-000,01a0c473-980c-7190-9fcc-b010a764046d,0,196476739,196526706,ACCEPTED,,196526761,ok,50.022
bot-000,01a0c473-9e1b-7470-88f6-0cce86a88fdf,0,198026885,198076620,ACCEPTED,,198076830,ok,49.945
bot-000,01a0c473-a45b-7274-a257-ebc6a891ccfc,0,199627430,199676955,ACCEPTED,,199676984,ok,49.554
bot-000,01a0c473-aa69-7686-a633-726c9c904e5c,0,201176894,201226838,ACCEPTED,,201226893,ok,49.999
bot-000,01a0c473-b0a8-766c-95ef-cfc3b9c38c2c,0,202776638,202826644,ACCEPTED,,202826659,ok,50.021
bot-000,01a0c473-b6e8-75ee-898c-252536fc0d49,0,204376704,204426611,ACCEPTED,,204426631,ok,49.927
bot-001,01a0c470-9a9e-7769-b6de-739570393d97,0,526700,576618,ACCEPTED,,576668,ok,49.968
bot-001,01a0c470-a0df-71ff-afef-6318e7928e5a,0,2126849,2176796,ACCEPTED,,2176852,ok,50.003
bot-001,01a0c470-a71f-706f-b962-82f85594b17b,0,3727054,3776586,ACCEPTED,,3776640,ok,49.586
bot-001,01a0c470-ad5f-7049-9dcb-6ea652d4b2a2,0,5326914,5376814,ACCEPTED,,5376865,ok,49.951
bot-001,01a0c470-b36c-77a6-983b-29c324c0f8d9,0,6876750,6926773,ACCEPTED,,6926835,ok,50.085
bot-001,01a0c470-b9ad-7463-b347-b5384c23c047,0,8476998,8526878,ACCEPTED,,8526947,ok,49.949
bot-001,01a0c470-bfed-76ba-80f5-50fbb8eaa697,0,10076862,10126532,ACCEPTED,,10126595,ok,49.733
bot-001,01a0c470-c62d-74f9-94e6-4d2df3cb7a30,0,11677154,11726634,ACCEPTED,,11726691,ok,49.537
bot-001,01a0c470-cc6d-731b-a4cc-e245f6790b84,0,13276993,13326784,ACCEPTED,,13326846,ok,49.853
bot-001,01a0c470-d27b-7055-88a0-e167b0cd0f90,0,14827230,14876621,ACCEPTED,,14876687,ok,49.457
bot-001,01a0c470-d8ba-776f-860d-2f2eb27006ce,0,16426639,16476945,ACCEPTED,,16476990,ok,50.351
bot-001,01a0c470-dec8-70f9-97dd-7547dbc6a847,0,17976691,18026791,ACCEPTED,,18026856,ok,50.165
bot-001,01a0c470-e4d7-70cd-bb73-e9616dcbf98f,0,19527748,19576646,ACCEPTED,,19576695,ok,48.947
bot-001,01a0c470-eae4-76d7-ac6c-c4a85518708d,0,21076674,21126899,ACCEPTED,,21126954,ok,50.280
bot-001,01a0c470-f124-726e-9ac5-ff9312a2ce75,0,22676537,22726662,ACCEPTED,,22726720,ok,50.183
bot-001,01a0c470-f733-7537-b445-83431c55d875,0,24227171,24276587,ACCEPTED,,24276652,ok,49.481
bot-001,01a0c470-fd73-7053-bb13-f08327523bed,0,25827436,25876702,ACCEPTED,,25876764,ok,49.328
bot-001,01a0c471-03b3-71f8-89fe-99f819a398d4,0,27426819,27476529,ACCEPTED,,27476594,ok,49.775
bot-001,01a0c471-09f3-746f-9390-01cf24b91054,0,29027090,29076775,ACCEPTED,,29076835,ok,49.745
bot-001,01a0c471-1032-7531-83b6-8edd9a79aefd,0,30626625,30676606,ACCEPTED,,30676669,ok,50.044
bot-001,01a0c471-1641-740a-9ad6-ebf2d8c1a616,0,32176887,32226841,ACCEPTED,,32226857,ok,49.970
bot-001,01a0c471-1c81-71b8-9794-78bab8126846,0,33776979,33826666,ACCEPTED,,33826683,ok,49.704
bot-001,01a0c471-22c1-776d-aa24-7cb6902953e8,0,35376812,35426678,ACCEPTED,,35426733,ok,49.921
bot-001,01a0c471-28cf-70e0-9955-dee1af30f6a7,0,36927416,36976608,ACCEPTED,,36976666,ok,49.250
bot-001,01a0c471-2f0f-76ac-b0fc-8e55fe65d58f,0,38527009,38576599,ACCEPTED,,38576662,ok,49.653
bot-001,01a0c471-351c-7089-bcb2-b9808f6d4893,0,40076486,40126966,ACCEPTED,,40126985,ok,50.499
bot-001,01a0c471-3b2b-743c-99a9-770a7d07ef0c,0,41627233,41676576,ACCEPTED,,41676617,ok,49.384
bot-001,01a0c471-4139-77bb-8c9d-8ca8c3295512,0,43176960,43226874,ACCEPTED,,43226937,ok,49.977
bot-001,01a0c471-4778-7145-bcc3-3f0b1a379e2a,0,44776739,44826548,ACCEPTED,,44826592,ok,49.853
bot-001,01a0c471-4d87-7071-833f-2ac6db5a78b0,0,46327363,46376777,ACCEPTED,,46376838,ok,49.475
bot-001,01a0c471-53c7-7335-8010-e2ccb0a8e6bf,0,47927260,47976968,ACCEPTED,,47977032,ok,49.772
bot-001,01a0c471-5a07-733b-ab4b-408f1fa7ade2,0,49526936,49576956,ACCEPTED,,49576983,ok,50.047
bot-001,01a0c471-6047-7354-b1ec-14871395e978,0,51126915,51176549,ACCEPTED,,51176612,ok,49.697
bot-001,01a0c471-6655-7144-807d-8460e5da25fb,0,52676946,52726501,ACCEPTED,,52726560,ok,49.614
bot-001,01a0c471-6c63-7653-b16b-223c5eee8696,0,54226851,54276765,ACCEPTED,,54276821,ok,49.970
bot-001,01a0c471-7271-71dd-a2cb-a23d5d0d16ff,0,55776903,55826639,ACCEPTED,,55826696,ok,49.793
bot-001,01a0c471-78b1-70c3-9718-d8c0294b8b32,0,57377010,57426612,ACCEPTED,,57426672,ok,49.662
bot-001,01a0c471-7ef0-72f2-ab71-b915d3f6be13,0,58976757,59026942,ACCEPTED,,59026995,ok,50.238
bot-001,01a0c471-84ff-7477-9ecb-7afd096549fc,0,60526957,60576866,ACCEPTED,,60576927,ok,49.970
bot-001,01a0c471-8b3f-7797-91d7-9acd2d4f2e9d,0,62126860,62176483,ACCEPTED,,62176552,ok,49.692
bot-001,01a0c471-917f-7076-abf7-99c6394622c6,0,63727264,63776638,ACCEPTED,,63776715,ok,49.451
bot-001,01a0c471-97be-7698-8ae0-03b7e0e48664,0,65326675,65376545,ACCEPTED,,65376593,ok,49.918
bot-001,01a0c471-9dff-76b6-a244-b3b8b0b9b5b2,0,66927043,66976727,ACCEPTED,,66976783,ok,49.740
bot-001,01a0c471-a40d-7049-9b90-41a6f73d1f75,0,68476875,68527156,ACCEPTED,,68527181,ok,50.306
bot-001,01a0c471-aa4d-74e3-94aa-3185f2317011,0,70076827,70126891,ACCEPTED,,70127145,ok,50.318
bot-001,01a0c471-b05b-7444-8798-a347a9da3c1e,0,71627223,71676942,ACCEPTED,,71676990,ok,49.767
bot-001,01a0c471-b69a-7220-8b79-8ff070fe813f,0,73226754,73276821,ACCEPTED,,73276881,ok,50.127
bot-001,01a0c471-bcdb-7666-aff1-e72fcbdf4959,0,74827190,74876788,ACCEPTED,,74876851,ok,49.661
bot-001,01a0c471-c31a-7666-ab67-72f6d30daf5e,0,76426757,76476791,ACCEPTED,,76476842,ok,50.085
bot-001,01a0c471-c95b-70b8-8f36-2d093cd41172,0,78026882,78076644,ACCEPTED,,78076706,ok,49.824
bot-001,01a0c471-cf9b-7604-8684-eaafece09f97,0,79626930,79676589,ACCEPTED,,79676631,ok,49.701
bot-001,01a0c471-d5db-728f-8f9f-ff03316f307e,0,81227145,81276886,ACCEPTED,,81276936,ok,49.791
bot-001,01a0c471-dc1b-73ee-9aff-fa64600e5c31,0,82826818,82876736,ACCEPTED,,82876798,ok,49.980
bot-001,01a0c471-e25a-745d-9e5f-42f192bc64f2,0,84426718,84476607,ACCEPTED,,84476659,ok,49.941
bot-001,01a0c471-e89b-71de-8254-f5f6e099625c,0,86027079,86076700,ACCEPTED,,86076754,ok,49.675
bot-001,01a0c471-eedb-71ce-88ac-c2821e80242e,0,87626796,87676659,ACCEPTED,,87676721,ok,49.925
bot-001,01a0c471-f51b-7107-bba6-fe8ee637ba17,0,89226961,89276694,ACCEPTED,,89276754,ok,49.793
bot-001,01a0c471-fb5b-7745-a8f2-399313b362fa,0,90826906,90876823,ACCEPTED,,90876878,ok,49.972
bot-001,01a0c472-019b-7291-865c-5a12f0510fce,0,92427229,92476500,ACCEPTED,,92476547,ok,49.318
bot-001,01a0c472-07a9-71d7-a763-b7a1971b7c81,0,93976885,94026528,ACCEPTED,,94026582,ok,49.697
bot-001,01a0c472-0de8-76bd-be5d-f53bb83fc4ea,0,95576705,95626948,ACCEPTED,,95627003,ok,50.298
bot-001,01a0c472-13f7-7520-8a12-a91a035f408e,0,97127452,97176548,ACCEPTED,,97176602,ok,49.150
bot-001,01a0c472-1a37-751a-a497-dead4b71537f,0,98726922,98776607,ACCEPTED,,98776662,ok,49.740
bot-001,01a0c472-2044-71df-8b46-d1db91c380be,0,100276527,100326704,ACCEPTED,,100326762,ok,50.235
bot-001,01a0c472-2653-7718-9d61-8a39b0f620c8,0,101827155,101876495,ACCEPTED,,101876545,ok,49.390
bot-001,01a0c472-2c93-7484-868d-d46e32eefce4,0,103427045,103476717,ACCEPTED,,103476775,ok,49.730
bot-001,01a0c472-32d4-71ae-a878-cfa8f2b71d69,0,105028533,105076567,ACCEPTED,,105076616,ok,48.083
bot-001,01a0c472-3913-740f-967e-19efa79e6a17,0,106627033,106676947,ACCEPTED,,106676997,ok,49.964
bot-001,01a0c472-3f52-71d8-804e-d99cacfe2117,0,108226737,108276719,ACCEPTED,,108276778,ok,50.041
bot-001,01a0c472-4593-738e-8758-8d5d55f41c73,0,109826923,109876778,ACCEPTED,,109876834,ok,49.911
bot-001,01a0c472-4bd3-7749-ab0f-2047d6ac1aa2,0,111426888,111476740,ACCEPTED,,111476794,ok,49.906
bot-001,01a0c472-51e1-764b-9eee-66ba057b6d1e,0,112976934,113026786,ACCEPTED,,113026841,ok,49.907
bot-001,01a0c472-57ef-7137-a946-741419aaf0dc,0,114527193,114576661,ACCEPTED,,114576725,ok,49.532
bot-001,01a0c472-5e2f-7161-a90f-8aa134cb9034,0,116127145,116176612,ACCEPTED,,116176689,ok,49.544
bot-001,01a0c472-646e-77c1-8275-f2d1df7fda11,0,117726590,117776618,ACCEPTED,,117776680,ok,50.090
bot-001,01a0c472-6a7c-7104-a132-55bbd71c1e01,0,119276610,119326474,ACCEPTED,,119326529,ok,49.919
bot-001,01a0c472-708b-7786-9ccb-7155c88f0d4b,0,120827109,120876675,ACCEPTED,,120876710,ok,49.601
bot-001,01a0c472-76ca-77f3-99fe-298a44a78b16,0,122426678,122476620,ACCEPTED,,122476691,ok,50.013
bot-001,01a0c472-7cd8-7091-8282-7e3a76bc2f4d,0,123976562,124026536,ACCEPTED,,124026590,ok,50.028
bot-001,01a0c472-82e7-7754-9381-2c64e0619695,0,125527256,125576817,ACCEPTED,,125576883,ok,49.627
bot-001,01a0c472-8927-709d-b3d2-74e09d4d986c,0,127126811,127176508,ACCEPTED,,127176557,ok,49.746
bot-001,01a0c472-8f67-700f-8d3b-6ff5a9197f93,0,128726768,128776776,ACCEPTED,,128776836,ok,50.068
bot-001,01a0c472-9574-709b-9a68-2ea90c967522,0,130276746,130327272,ACCEPTED,,130327665,ok,50.919
bot-001,01a0c472-9bb5-7666-9d30-00d2054d44aa,0,131877227,131926896,ACCEPTED,,131926944,ok,49.717
bot-001,01a0c472-a1f5-77fd-b8c4-2175cf695bde,0,133476847,133526635,ACCEPTED,,133526703,ok,49.856
bot-001,01a0c472-a803-75ce-89a5-dc27616e2910,0,135027263,135076574,ACCEPTED,,135076634,ok,49.371
bot-001,01a0c472-ae10-7574-828c-e1e21a394cf7,0,136576562,136626721,ACCEPTED,,136626779,ok,50.217
bot-001,01a0c472-b451-7779-83dd-eb9fa6075423,0,138177007,138226935,ACCEPTED,,138226955,ok,49.948
bot-001,01a0c472-ba91-7117-8bdb-be3cf82f3d19,0,139777089,139826591,ACCEPTED,,139826655,ok,49.566
bot-001,01a0c472-c0d0-7286-baed-041ef3fabdbc,0,141376626,141426860,ACCEPTED,,141426918,ok,50.292
bot-001,01a0c472-c711-761f-8ba6-d2eea2f9277d,0,142976990,143026884,ACCEPTED,,143026939,ok,49.949
bot-001,01a0c472-cd1f-7539-8703-428a8e43662b,0,144527127,144576442,ACCEPTED,,144576492,ok,49.365
bot-001,01a0c472-d35f-74ad-85b1-034aa6d43600,0,146126797,146176814,ACCEPTED,,146176871,ok,50.074
bot-001,01a0c472-d96d-7553-8eef-0adda16a13f5,0,147677627,147726821,ACCEPTED,,147726838,ok,49.211
bot-001,01a0c472-dfad-72c5-8154-4c228449a0bb,0,149276813,149326473,ACCEPTED,,149326524,ok,49.711
bot-001,01a0c472-e5ed-73ac-8087-503c01649b51,0,150877080,150926469,ACCEPTED,,150926524,ok,49.444
bot-001,01a0c472-ec2d-778a-90da-8bf4fae0916d,0,152476781,152526813,ACCEPTED,,152527604,ok,50.823
bot-001,01a0c472-f26d-706f-8f13-717a1ffa766a,0,154076877,154127114,ACCEPTED,,154127138,ok,50.261
bot-001,01a0c472-f8ad-728e-b679-3f0192425b97,0,155676955,155726742,ACCEPTED,,155726816,ok,49.861
bot-001,01a0c472-febb-75c3-91de-b83028b89bb8,0,157226856,157276550,ACCEPTED,,157276609,ok,49.753
bot-001,01a0c473-04fb-776c-8755-7d5d144f98e0,0,158826934,158876733,ACCEPTED,,158876786,ok,49.852
bot-001,01a0c473-0b3b-71d5-a71e-547698c688e1,0,160427021,160476703,ACCEPTED,,160476755,ok,49.734
bot-001,01a0c473-117b-767e-b938-d80e43f9d052,0,162026814,162076936,ACCEPTED,,162077062,ok,50.248
bot-001,01a0c473-17ba-7178-974b-bf461ec3c7af,0,163626687,163676544,ACCEPTED,,163676610,ok,49.923
bot-001,01a0c473-1dc9-757b-8368-64a837128fae,0,165176805,165226566,ACCEPTED,,165226635,ok,49.830
bot-001,01a0c473-2409-7066-b9ad-2a29ce6d1d7d,0,166776837,166826476,ACCEPTED,,166826548,ok,49.711
bot-001,01a0c473-2a18-7573-b078-43394be4796f,0,168328287,168376825,ACCEPTED,,168376881,ok,48.594
bot-001,01a0c473-3057-72b2-a0a6-282a61d45f7c,0,169927054,169976851,ACCEPTED,,169976893,ok,49.839
bot-001,01a0c473-3697-741b-959e-43274fac0803,0,171527028,171576857,ACCEPTED,,171576914,ok,49.886
bot-001,01a0c473-3cd6-72d1-99a8-86f2d5295994,0,173126674,173176694,ACCEPTED,,173176752,ok,50.078
bot-001,01a0c473-4317-72c7-8784-9e0ef6910801,0,174726916,174776624,ACCEPTED,,174776674,ok,49.758
bot-001,01a0c473-4924-706a-8e30-34f9e927f861,0,176276623,176326558,ACCEPTED,,176326613,ok,49.990
bot-001,01a0c473-4f64-73dc-9284-249684e36d57,0,177876618,177926866,ACCEPTED,,177926931,ok,50.313
bot-001,01a0c473-55a4-77ff-96ac-aa4fe3ac6087,0,179476710,179526798,ACCEPTED,,179526864,ok,50.154
bot-001,01a0c473-5be5-77eb-96f9-4c349f9c3c02,0,181077031,181126574,ACCEPTED,,181126631,ok,49.600
bot-001,01a0c473-61f2-74fd-bb60-83b6a770c252,0,182626422,182676830,ACCEPTED,,182676882,ok,50.460
bot-001,01a0c473-6833-7630-b760-6623db8dcd2c,0,184227103,184276433,ACCEPTED,,184276485,ok,49.382
bot-001,01a0c473-6e72-71cf-9f15-482e22805d24,0,185826685,185876921,ACCEPTED,,185876967,ok,50.282
bot-001,01a0c473-74b3-766d-b3ce-53cdece3512e,0,187427002,187476817,ACCEPTED,,187476875,ok,49.873
bot-001,01a0c473-7af3-7276-9e84-befda6d82b21,0,189026928,189076739,ACCEPTED,,189076807,ok,49.879
bot-001,01a0c473-8133-7339-aacd-e571e7b1d6c5,0,190626970,190676530,ACCEPTED,,190676588,ok,49.618
bot-001,01a0c473-8773-73e4-a320-8849551816f7,0,192226928,192276755,ACCEPTED,,192276806,ok,49.878
bot-001,01a0c473-8d80-709f-8a91-96d5f122ae81,0,193776596,193826750,ACCEPTED,,193826807,ok,50.211
bot-001,01a0c473-93c0-7175-8f7c-54229ca78b3b,0,195376665,195426710,ACCEPTED,,195426768,ok,50.103
bot-001,01a0c473-9a01-7036-8f6e-7c0231ffefdc,0,196977416,197026889,ACCEPTED,,197026946,ok,49.530
bot-001,01a0c473-a041-76fa-b3d7-46abea456c8e,0,198576919,198626951,ACCEPTED,,198627009,ok,50.090
bot-001,01a0c473-a681-71e8-aaa1-7b02fbe6cd51,0,200176829,200226976,ACCEPTED,,200227036,ok,50.207
bot-001,01a0c473-ac8f-77aa-8ff1-a1897669f5ba,0,201727065,201776891,ACCEPTED,,201776941,ok,49.876
bot-001,01a0c473-b2ce-71a7-be44-12c511f53da5,0,203326628,203376513,ACCEPTED,,203376569,ok,49.941
bot-001,01a0c473-b90f-74c7-ab59-7d037dd74a30,0,204927247,204976400,ACCEPTED,,204976467,ok,49.220
bot-002,01a0c470-9c93-7621-a317-8738590d315e,0,1026848,1076430,ACCEPTED,,1076479,ok,49.631
bot-002,01a0c470-a2d2-718e-b863-1dc731b2baf7,0,2626735,2677016,ACCEPTED,,2677077,ok,50.342
bot-002,01a0c470-a8e0-75da-82ed-ab68688429ac,0,4176695,4226809,ACCEPTED,,4226871,ok,50.176
bot-002,01a0c470-aeef-7465-89b4-1c0f421d5dfe,0,5727156,5777085,ACCEPTED,,5777131,ok,49.975
bot-002,01a0c470-b4fc-7175-8cf8-54a8970063bd,0,7276690,7326522,ACCEPTED,,7326585,ok,49.895
bot-002,01a0c470-bb3c-7455-b764-6fd3c8fd9c62,0,8876689,8926578,ACCEPTED,,8926648,ok,49.959
bot-002,01a0c470-c17d-724d-96ea-e1f07f5a3c06,0,10476830,10526946,ACCEPTED,,10527007,ok,50.177
bot-002,01a0c470-c7bd-740f-a3c3-46bf45c2b716,0,12076994,12126807,ACCEPTED,,12126863,ok,49.869
bot-002,01a0c470-cdfc-71ef-ba86-721af39180b6,0,13676686,13726918,ACCEPTED,,13726974,ok,50.288
bot-002,01a0c470-d40a-77dd-8570-7e9d5bb3693d,0,15226552,15276433,ACCEPTED,,15276481,ok,49.929
bot-002,01a0c470-da4b-7052-ad69-da01286987c1,0,16826945,16876797,ACCEPTED,,16876852,ok,49.907
bot-002,01a0c470-e08b-721d-984f-23c0eb9da252,0,18426840,18476913,ACCEPTED,,18476969,ok,50.129
bot-002,01a0c470-e699-7161-be07-ead9d99748e7,0,19977587,20026701,ACCEPTED,,20026759,ok,49.172
bot-002,01a0c470-ecd9-7408-9739-e43ee8b62184,0,21576879,21626919,ACCEPTED,,21627333,ok,50.454
bot-002,01a0c470-f319-74a0-9883-11262f9ef9a0,0,23176932,23226629,ACCEPTED,,23226692,ok,49.760
bot-002,01a0c470-f928-7167-b626-e638aae1f261,0,24727786,24776426,ACCEPTED,,24776488,ok,48.702
bot-002,01a0c470-ff66-7327-ba79-e35eaa3bd606,0,26326567,26376893,ACCEPTED,,26376960,ok,50.393
bot-002,01a0c471-05a6-72ff-8d2c-16f9be736af7,0,27926657,27977132,ACCEPTED,,27977318,ok,50.661
bot-002,01a0c471-0be7-75ff-936e-9110746ae468,0,29527013,29576700,ACCEPTED,,29576749,ok,49.736
bot-002,01a0c471-1226-77ab-9eda-da8ec90c44b1,0,31126697,31176677,ACCEPTED,,31176733,ok,50.036
bot-002,01a0c471-1867-7441-8fae-37f5ab1e3091,0,32726863,32776698,ACCEPTED,,32776756,ok,49.893
bot-002,01a0c471-1ea8-7465-847c-daf91a174e4c,0,34328019,34376780,ACCEPTED,,34376840,ok,48.821
bot-002,01a0c471-24e7-7413-849c-1674c06e8758,0,35926960,35976623,ACCEPTED,,35976681,ok,49.721
bot-002,01a0c471-2af5-7310-af6b-b007c4d464b6,0,37476912,37526678,ACCEPTED,,37526735,ok,49.823
bot-002,01a0c471-3103-722a-b1fa-5d828521601a,0,39027020,39076746,ACCEPTED,,39076791,ok,49.771
bot-002,01a0c471-3711-734b-b8b2-0c329a8086d6,0,40576818,40626541,ACCEPTED,,40626604,ok,49.786
bot-002,01a0c471-3d1f-73da-ad90-c92b2240802a,0,42126930,42176626,ACCEPTED,,42176673,ok,49.743
bot-002,01a0c471-435e-76fe-bc7a-c0b9df93ad84,0,43726569,43776751,ACCEPTED,,43776801,ok,50.232
bot-002,01a0c471-499e-7371-800c-498a4ea3292b,0,45326701,45376863,ACCEPTED,,45376921,ok,50.220
bot-002,01a0c471-4fde-753c-bcd3-553c0141a6f1,0,46926748,46976927,ACCEPTED,,46976976,ok,50.228
bot-002,01a0c471-561e-7241-9492-3bb8dbc938c3,0,48526594,48576825,ACCEPTED,,48576871,ok,50.277
bot-002,01a0c471-5c2d-724e-a3dc-29b77ffefbc5,0,50077571,50126850,ACCEPTED,,50126903,ok,49.332
bot-002,01a0c471-626c-7554-818e-5ff09930ce40,0,51676641,51726744,ACCEPTED,,51726804,ok,50.163
bot-002,01a0c471-687b-7304-8fee-7d736e8a2f9d,0,53227175,53276689,ACCEPTED,,53276749,ok,49.574
bot-002,01a0c471-6ebb-775d-ad9c-6d18a753aa56,0,54826968,54876889,ACCEPTED,,54876936,ok,49.968
bot-002,01a0c471-74fb-76a3-a33d-075b7ae274ca,0,56426859,56476843,ACCEPTED,,56476905,ok,50.046
bot-002,01a0c471-7b3b-7369-8d69-0c34e0a1080c,0,58026850,58076836,ACCEPTED,,58076882,ok,50.032
bot-002,01a0c471-8149-74c9-8913-05341aacd1c0,0,59576819,59626783,ACCEPTED,,59626853,ok,50.034
bot-002,01a0c471-8756-768b-add3-3e03ced93cbf,0,61126544,61176519,ACCEPTED,,61176591,ok,50.047
bot-002,01a0c471-8d65-71f1-95a6-02fc0067a634,0,62676894,62726430,ACCEPTED,,62726498,ok,49.604
bot-002,01a0c471-9372-779d-96ec-44c18e2b3b28,0,64226519,64276722,ACCEPTED,,64276773,ok,50.254
bot-002,01a0c471-99b2-70be-bc2f-878381dc5485,0,65826752,65876437,ACCEPTED,,65876489,ok,49.737
bot-002,01a0c471-9ff3-7658-96cc-70fd325cb839,0,67426982,67476936,ACCEPTED,,67476987,ok,50.005
bot-002,01a0c471-a633-7622-9b53-6e1d08a62508,0,69027037,69076481,ACCEPTED,,69076535,ok,49.498
bot-002,01a0c471-ac72-7104-a43d-645452fe449f,0,70626664,70676657,ACCEPTED,,70676713,ok,50.049
bot-002,01a0c471-b2b3-72da-9455-465479a92a6f,0,72227088,72276820,ACCEPTED,,72276882,ok,49.794
bot-002,01a0c471-b8f3-77b6-9bf6-1da62b14de99,0,73827078,73876879,ACCEPTED,,73876928,ok,49.850
bot-002,01a0c471-bf00-71ae-8c86-75614389beb1,0,75376714,75426511,ACCEPTED,,75426566,ok,49.852
bot-002,01a0c471-c540-72c3-8b2a-14d40784b84c,0,76976625,77026519,ACCEPTED,,77026576,ok,49.951
bot-002,01a0c471-cb81-745b-bd6a-616772c9af28,0,78576799,78626748,ACCEPTED,,78626813,ok,50.014
bot-002,01a0c471-d1c1-70bd-9a78-09ec679a820b,0,80176971,80226935,ACCEPTED,,80227004,ok,50.033
bot-002,01a0c471-d800-7643-b852-670402bcaf7b,0,81776654,81826714,ACCEPTED,,81826772,ok,50.118
bot-002,01a0c471-de40-76c2-90f2-97005e6c6a44,0,83376572,83426563,ACCEPTED,,83426623,ok,50.051
bot-002,01a0c471-e480-7562-b35b-340f853d0dcf,0,84976607,85026730,ACCEPTED,,85026790,ok,50.183
bot-002,01a0c471-eac1-71f1-acb0-f0007d0635d2,0,86576833,86626825,ACCEPTED,,86626885,ok,50.052
bot-002,01a0c471-f101-77b3-a5fa-8e133a45b9f0,0,88176775,88226604,ACCEPTED,,88226666,ok,49.891
bot-002,01a0c471-f740-7085-8a41-36f47534deeb,0,89776628,89827001,ACCEPTED,,89827072,ok,50.444
bot-002,01a0c471-fd4f-75bb-b5a1-ceea1660fd05,0,91327523,91376539,ACCEPTED,,91376590,ok,49.067
bot-002,01a0c472-038e-7292-9ae5-a66efbb234ec,0,92926591,92976659,ACCEPTED,,92976713,ok,50.122
bot-002,01a0c472-09cf-76ef-ae1d-0d738f19d58f,0,94526918,94576403,ACCEPTED,,94576456,ok,49.538
bot-002,01a0c472-100f-7370-a189-66843d230ab6,0,96126872,96176739,ACCEPTED,,96176785,ok,49.913
bot-002,01a0c472-164f-7645-bd56-868b0ea822d1,0,97726778,97776895,ACCEPTED,,97776944,ok,50.166
bot-002,01a0c472-1c8f-755b-8425-9a6022b5718a,0,99326930,99376707,ACCEPTED,,99376764,ok,49.834
bot-002,01a0c472-22cf-71d9-a4de-4e50cf14c13c,0,100927317,100976791,ACCEPTED,,100976842,ok,49.525
bot-002,01a0c472-290f-717f-aeae-a0dcaf4dc0a1,0,102526833,102576744,ACCEPTED,,102576795,ok,49.962
bot-002,01a0c472-2f1c-7778-b398-092d6e0050ad,0,104076633,104126947,ACCEPTED,,104127017,ok,50.384
bot-002,01a0c472-352b-76a5-8592-556670081414,0,105626983,105676410,ACCEPTED,,105676461,ok,49.478
bot-002,01a0c472-3b38-714c-a958-189980e45295,0,107176722,107226465,ACCEPTED,,107226520,ok,49.798
bot-002,01a0c472-4178-75a5-800e-f5ddedf8d356,0,108776647,108826574,ACCEPTED,,108826632,ok,49.985
bot-002,01a0c472-47b8-7202-9341-8e23408e4d54,0,110376639,110426498,ACCEPTED,,110426556,ok,49.917
bot-002,01a0c472-4dc7-76db-a7bf-57509e26e2ed,0,111927231,111976827,ACCEPTED,,111976877,ok,49.646
bot-002,01a0c472-53d4-75ce-a5b0-211a4b933899,0,113476486,113526513,ACCEPTED,,113526568,ok,50.082
bot-002,01a0c472-5a14-7459-a885-82074f95b1fa,0,115076603,115127009,ACCEPTED,,115127117,ok,50.514
bot-002,01a0c472-6054-725a-a1cb-f78e4fdf2854,0,116676582,116726716,ACCEPTED,,116726772,ok,50.190
bot-002,01a0c472-6695-72b9-b6b0-b4c8d4f5c6a4,0,118276954,118326454,ACCEPTED,,118326509,ok,49.555
bot-002,01a0c472-6cd4-7785-b802-406bb550b4e0,0,119876670,119926896,ACCEPTED,,119926957,ok,50.287
bot-002,01a0c472-7314-70c8-8243-6027be10fb59,0,121476752,121526601,ACCEPTED,,121526664,ok,49.912
bot-002,01a0c472-7923-71b5-9b89-3f08bca44aa8,0,123026889,123076840,ACCEPTED,,123076894,ok,50.005
bot-002,01a0c472-7f63-75bc-9633-f2e634309f7b,0,124627130,124676799,ACCEPTED,,124676853,ok,49.723
bot-002,01a0c472-85a3-7777-aa4f-0d290bdb0a0c,0,126226998,126276707,ACCEPTED,,126276769,ok,49.771
bot-002,01a0c472-8be2-75cb-8e0d-51b690525f24,0,127826705,127876892,ACCEPTED,,127876948,ok,50.243
bot-002,01a0c472-91f1-7069-8481-fdb8394a35c8,0,129376774,129426749,ACCEPTED,,129426807,ok,50.033
bot-002,01a0c472-97ff-75fd-84cf-39a72c064828,0,130927157,130976582,ACCEPTED,,130976644,ok,49.487
bot-002,01a0c472-9e3f-766a-8c00-df72b47a9eb7,0,132526773,132576907,ACCEPTED,,132576971,ok,50.198
bot-002,01a0c472-a44d-76ac-91b4-2310e4c70cdd,0,134076881,134126883,ACCEPTED,,134126948,ok,50.067
bot-002,01a0c472-aa8c-7657-ae46-8495373dcd27,0,135676657,135726481,ACCEPTED,,135726546,ok,49.889
bot-002,01a0c472-b0cd-7266-9d73-eae2a23a8f79,0,137276987,137326629,ACCEPTED,,137326685,ok,49.698
bot-002,01a0c472-b70c-777f-b25c-9987f4202756,0,138876694,138927055,ACCEPTED,,138927112,ok,50.418
bot-002,01a0c472-bd4d-7254-9ecd-e59de0d94cda,0,140476777,140526830,ACCEPTED,,140526890,ok,50.113
bot-002,01a0c472-c35a-7364-9de6-c42008ba54a8,0,142026668,142076918,ACCEPTED,,142076995,ok,50.327
bot-002,01a0c472-c99b-73e4-a217-f314d2e8c5fa,0,143627214,143676403,ACCEPTED,,143676465,ok,49.251
bot-002,01a0c472-cfdb-7744-863f-afdfa88a9448,0,145226990,145276779,ACCEPTED,,145276823,ok,49.833
bot-002,01a0c472-d61b-71ac-8194-b4983d1357e1,0,146826781,146876620,ACCEPTED,,146876684,ok,49.903
bot-002,01a0c472-dc5b-74ce-b79b-e65fbe6c3129,0,148426914,148477040,ACCEPTED,,148477089,ok,50.175
bot-002,01a0c472-e29b-755f-b3fc-5c930419a187,0,150027078,150076903,ACCEPTED,,150076951,ok,49.873
bot-002,01a0c472-e8db-7405-8110-ec097687173e,0,151626853,151676911,ACCEPTED,,151676969,ok,50.116
bot-002,01a0c472-ef1a-7004-aed3-cb4f8d88ef42,0,153226680,153276493,ACCEPTED,,153276539,ok,49.859
bot-002,01a0c472-f55a-737d-8de8-28166ff2040c,0,154826736,154876633,ACCEPTED,,154876702,ok,49.966
bot-002,01a0c472-fb9a-7762-8370-041ba4eca0d3,0,156426737,156476608,ACCEPTED,,156476662,ok,49.925
bot-002,01a0c473-01db-765c-bd55-ecb6a2a687fd,0,158027018,158076565,ACCEPTED,,158076624,ok,49.606
bot-002,01a0c473-081b-7328-aa84-0014eb2014dd,0,159626878,159676665,ACCEPTED,,159676711,ok,49.833
bot-002,01a0c473-0e29-708d-8d16-fd5a788ebf0c,0,161176838,161226620,ACCEPTED,,161226675,ok,49.837
bot-002,01a0c473-1469-77a5-9de1-efe9a58a183f,0,162776990,162826527,ACCEPTED,,162826588,ok,49.598
bot-002,01a0c473-1aa9-760e-aa97-99c930d9a1be,0,164377238,164426773,ACCEPTED,,164426826,ok,49.588
bot-002,01a0c473-20e8-7383-8fb4-8f8560fc9411,0,165976688,166026752,ACCEPTED,,166027751,ok,51.063
bot-002,01a0c473-26f7-7512-9066-32c94047699c,0,167526861,167577029,ACCEPTED,,167577084,ok,50.223
bot-002,01a0c473-2d04-7364-9ae1-ad6ed1e0ec4e,0,169076644,169127285,ACCEPTED,,169127361,ok,50.717
bot-002,01a0c473-3344-73ef-86ba-df0071064d2d,0,170676603,170726441,ACCEPTED,,170726496,ok,49.893
bot-002,01a0c473-3985-7665-9f9c-8e3f3748c74d,0,172276903,172326565,ACCEPTED,,172326623,ok,49.720
bot-002,01a0c473-3fc5-70d4-9cb2-bb346623ca3c,0,173877030,173926478,ACCEPTED,,173926543,ok,49.513
bot-002,01a0c473-4604-7462-8f93-4bb1220b6434,0,175476756,175526519,ACCEPTED,,175526583,ok,49.827
bot-002,01a0c473-4c13-7776-941e-573fb51606c3,0,177026819,177076759,ACCEPTED,,177076825,ok,50.006
bot-002,01a0c473-5252-701c-8da0-73099d87b2ae,0,178626653,178676479,ACCEPTED,,178676539,ok,49.886
bot-002,01a0c473-5861-7676-ba28-de6b9044da70,0,180177694,180226761,ACCEPTED,,180226827,ok,49.133
bot-002,01a0c473-5ea0-73ee-9314-816f076aadfd,0,181776594,181826502,ACCEPTED,,181826564,ok,49.970
bot-002,01a0c473-64ae-7398-a90e-e5df38f389da,0,183326609,183376888,ACCEPTED,,183376935,ok,50.326
bot-002,01a0c473-6aef-723a-b725-5571907abbcb,0,184926787,184976656,ACCEPTED,,184976722,ok,49.935
bot-002,01a0c473-70fc-75ea-ba4e-8e6609855ab7,0,186476543,186526975,ACCEPTED,,186527039,ok,50.496
bot-002,01a0c473-770b-74db-af50-ba11a380820f,0,188026812,188076504,ACCEPTED,,188076563,ok,49.751
bot-002,01a0c473-7d4a-7365-a815-051dd6f1a265,0,189626633,189676843,ACCEPTED,,189676906,ok,50.273
bot-002,01a0c473-8359-74ac-9eb1-e83778f84e9d,0,191176812,191226704,ACCEPTED,,191226766,ok,49.954
bot-002,01a0c473-8998-7264-b0ec-46d51ede52b6,0,192776710,192826632,ACCEPTED,,192826691,ok,49.981
bot-002,01a0c473-8fa7-72c5-bee3-bd6d3dbb5a5a,0,194326850,194376825,ACCEPTED,,194376892,ok,50.042
bot-002,01a0c473-95e6-70c0-991a-6e0fab62f634,0,195926629,195976659,ACCEPTED,,195976712,ok,50.083
bot-002,01a0c473-9c27-7399-8737-bf7b4976af50,0,197527083,197576682,ACCEPTED,,197576735,ok,49.652
bot-002,01a0c473-a267-7638-b111-56f69782acd3,0,199126951,199176857,ACCEPTED,,199176915,ok,49.964
bot-002,01a0c473-a8a7-74c6-9df1-146eed7f990a,0,200727038,200776603,ACCEPTED,,200776653,ok,49.615
bot-002,01a0c473-aeb4-7796-874e-779eeaa8ea38,0,202276556,202326548,ACCEPTED,,202326611,ok,50.055
bot-002,01a0c473-b4f5-705d-9b23-9d15444d55ca,0,203876990,203926653,ACCEPTED,,203926713,ok,49.723
bot-002,01a0c473-bb35-7254-8a5e-1d40ecff973a,0,205477020,205526617,ACCEPTED,,205526675,ok,49.655
bot-003,01a0c470-9e87-7133-914b-2be5cd32e7db,0,1526901,1576683,ACCEPTED,,1576733,ok,49.832
bot-003,01a0c470-a4c7-715c-aa89-aba053679527,0,3126822,3176695,ACCEPTED,,3176820,ok,49.998
bot-003,01a0c470-aad5-70fc-801b-8113391c6b85,0,4676938,4726826,ACCEPTED,,4726886,ok,49.948
bot-003,01a0c470-b0e3-76d2-894a-4c5a7b296740,0,6227010,6276433,ACCEPTED,,6276484,ok,49.474
bot-003,01a0c470-b6f1-76d9-871c-91b44b8f6acd,0,7776775,7826766,ACCEPTED,,7826825,ok,50.050
bot-003,01a0c470-bd31-70d4-ba5f-615bb88640be,0,9376968,9426665,ACCEPTED,,9426720,ok,49.752
bot-003,01a0c470-c371-7154-bee0-18cba350e6cc,0,10977019,11026685,ACCEPTED,,11026707,ok,49.688
bot-003,01a0c470-c9b0-74a7-a855-838c92598ddb,0,12576646,12626868,ACCEPTED,,12626883,ok,50.237
bot-003,01a0c470-cfc0-7427-9103-64f011dcfc6c,0,14128220,14176657,ACCEPTED,,14176718,ok,48.498
bot-003,01a0c470-d5ff-7598-82ff-f67486a0aa97,0,15726823,15776713,ACCEPTED,,15776775,ok,49.952
bot-003,01a0c470-dc3e-7781-85af-d9840bbe67b1,0,17326737,17376438,ACCEPTED,,17376491,ok,49.754
bot-003,01a0c470-e24d-74fd-be13-2b758ef2b60d,0,18877034,18926498,ACCEPTED,,18926774,ok,49.740
bot-003,01a0c470-e85b-712e-836a-65535c05138e,0,20427005,20476629,ACCEPTED,,20476665,ok,49.660
bot-003,01a0c470-ee69-74ef-b0ac-9ccd6295c577,0,21976809,22026697,ACCEPTED,,22026722,ok,49.913
bot-003,01a0c470-f477-70a5-9191-19bb4f5c28f8,0,23527280,23576499,ACCEPTED,,23576560,ok,49.280
bot-003,01a0c470-fab7-7487-ae0f-b6e2c456004a,0,25126945,25176862,ACCEPTED,,25176915,ok,49.970
bot-003,01a0c471-00c5-7565-a28b-9ec0aad6e1a6,0,26677597,26727029,ACCEPTED,,26727045,ok,49.448
bot-003,01a0c471-0705-701f-820b-a99e7b85d3ea,0,28276928,28326490,ACCEPTED,,28326676,ok,49.748
bot-003,01a0c471-0d45-767e-ad4d-6baa0a1f1da2,0,29876824,29926587,ACCEPTED,,29926643,ok,49.819
bot-003,01a0c471-1385-7724-84eb-c722f9b46492,0,31476791,31526823,ACCEPTED,,31526879,ok,50.088
bot-003,01a0c471-19c4-7102-a846-7f54252b3cf1,0,33076693,33126612,ACCEPTED,,33126670,ok,49.977
bot-003,01a0c471-2004-750f-be46-f9d8e28f2977,0,34676673,34726624,ACCEPTED,,34726686,ok,50.013
bot-003,01a0c471-2645-733a-a732-dd65c2f4814f,0,36276958,36326665,ACCEPTED,,36326702,ok,49.744
bot-003,01a0c471-2c53-77b8-a617-9ac06e7c3fc2,0,37827342,37876853,ACCEPTED,,37876906,ok,49.564
bot-003,01a0c471-3261-7474-853d-2e4153490711,0,39376836,39426932,ACCEPTED,,39426951,ok,50.115
bot-003,01a0c471-386f-7760-b62a-1fbf750da864,0,40927399,40976705,ACCEPTED,,40976755,ok,49.356
bot-003,01a0c471-3e7c-70d2-bee4-f802437351b2,0,42476522,42526694,ACCEPTED,,42526750,ok,50.228
bot-003,01a0c471-44bd-7530-ada7-5cd607b45780,0,44076898,44126533,ACCEPTED,,44126588,ok,49.690
bot-003,01a0c471-4afd-7472-a7d4-37de54ebe327,0,45677045,45726822,ACCEPTED,,45727389,ok,50.344
bot-003,01a0c471-510b-7047-87d5-6d6480cfa9e4,0,47227276,47276681,ACCEPTED,,47276745,ok,49.469
bot-003,01a0c471-574b-717a-a535-53a46b4d64e7,0,48827175,48876707,ACCEPTED,,48876769,ok,49.594
bot-003,01a0c471-5d8b-75f4-a5d8-d0d1e3b761c6,0,50427063,50476660,ACCEPTED,,50476708,ok,49.645
bot-003,01a0c471-63cb-774c-bc8e-ecb1bb7bf3dc,0,52026898,52076862,ACCEPTED,,52076923,ok,50.025
bot-003,01a0c471-6a0b-7636-b575-563cd27b8356,0,53627114,53676822,ACCEPTED,,53676881,ok,49.767
bot-003,01a0c471-704b-7313-816a-0f64005d5e6a,0,55226878,55276804,ACCEPTED,,55276868,ok,49.990
bot-003,01a0c471-768b-7501-9e94-81264b9416bc,0,56827090,56876436,ACCEPTED,,56876499,ok,49.409
bot-003,01a0c471-7cca-740a-b3c1-e89223d902e0,0,58426701,58476857,ACCEPTED,,58476915,ok,50.214
bot-003,01a0c471-82d9-716d-8051-0d8d9264fe87,0,59976930,60026979,ACCEPTED,,60027001,ok,50.071
bot-003,01a0c471-8918-77dc-860b-2c7faa827b72,0,61576592,61626713,ACCEPTED,,61626767,ok,50.175
bot-003,01a0c471-8f58-7420-a8e8-4293cc80e992,0,63176695,63226892,ACCEPTED,,63226952,ok,50.257
bot-003,01a0c471-9567-7520-b280-01f4ce855ab4,0,64727419,64776524,ACCEPTED,,64776578,ok,49.159
bot-003,01a0c471-9ba7-70d8-8a65-3ebabb3b2146,0,66327210,66376462,ACCEPTED,,66376525,ok,49.315
bot-003,01a0c471-a1e7-765a-a96f-cd38ce4f6cdf,0,67926979,67976515,ACCEPTED,,67976548,ok,49.569
bot-003,01a0c471-a826-71cf-8376-be4b0419225e,0,69526676,69576826,ACCEPTED,,69576889,ok,50.213
bot-003,01a0c471-ae35-73e6-a3d7-376027b64773,0,71077079,71127161,ACCEPTED,,71127180,ok,50.101
bot-003,01a0c471-b443-76aa-971f-4140c554a8ac,0,72627665,72676867,ACCEPTED,,72676926,ok,49.261
bot-003,01a0c471-ba83-70f3-bc72-3edb43f6731b,0,74227082,74276800,ACCEPTED,,74276840,ok,49.758
bot-003,01a0c471-c091-73f7-aaaa-6166dd10e204,0,75776780,75826695,ACCEPTED,,75826711,ok,49.931
bot-003,01a0c471-c69f-729c-8040-972021d705cb,0,77327404,77376617,ACCEPTED,,77376667,ok,49.263
bot-003,01a0c471-ccdf-75a6-9246-3b0d13695258,0,78926812,78976545,ACCEPTED,,78976608,ok,49.796
bot-003,01a0c471-d31f-75ea-a6c2-72f84e6e7281,0,80527038,80576617,ACCEPTED,,80576673,ok,49.635
bot-003,01a0c471-d95e-77af-8f13-e2b5b9d11081,0,82126481,82176710,ACCEPTED,,82176754,ok,50.273
bot-003,01a0c471-df9f-7575-8c14-f2e7e68a1f85,0,83726907,83776672,ACCEPTED,,83776728,ok,49.821
bot-003,01a0c471-e5df-7243-ad36-68216f7e1c8a,0,85326934,85376674,ACCEPTED,,85376732,ok,49.798
bot-003,01a0c471-ec1f-775b-b622-70a9594e7171,0,86927096,86976572,ACCEPTED,,86976627,ok,49.531
bot-003,01a0c471-f25f-722e-a095-62949aaff92a,0,88527030,88576927,ACCEPTED,,88576981,ok,49.951
bot-003,01a0c471-f89f-75c5-8c82-6744eb7304c8,0,90126800,90176564,ACCEPTED,,90176618,ok,49.818
bot-003,01a0c471-feac-77d0-9862-5a77dd0376cc,0,91676720,91726804,ACCEPTED,,91726822,ok,50.102
bot-003,01a0c472-04ed-7225-8460-2ae0be8aa372,0,93277527,93326871,ACCEPTED,,93326930,ok,49.403
bot-003,01a0c472-0b2d-73c6-af67-727c251a6930,0,94876958,94926576,ACCEPTED,,94926595,ok,49.637
bot-003,01a0c472-116c-728d-a492-cbf98d1b0537,0,96476730,96526572,ACCEPTED,,96526768,ok,50.038
bot-003,01a0c472-17ac-7777-8d4c-ea44b97d6c0f,0,98076605,98127144,ACCEPTED,,98127180,ok,50.575
bot-003,01a0c472-1ded-76a5-a19e-251d235a40bf,0,99676824,99726563,ACCEPTED,,99726622,ok,49.798
bot-003,01a0c472-242d-728d-ad2f-566d5e942955,0,101277037,101326916,ACCEPTED,,101326947,ok,49.910
bot-003,01a0c472-2a6d-75ce-b32e-87b28351bdd3,0,102877154,102927176,ACCEPTED,,102927206,ok,50.052
bot-003,01a0c472-30ad-7499-a59c-dfdef550bc82,0,104476868,104526894,ACCEPTED,,104526959,ok,50.091
bot-003,01a0c472-36ba-7234-86b4-dbe07db82c69,0,106026656,106076945,ACCEPTED,,106077026,ok,50.370
bot-003,01a0c472-3cc9-73e6-9012-41c549f27537,0,107576825,107626716,ACCEPTED,,107626735,ok,49.910
bot-003,01a0c472-4309-7541-9d6b-113c490dd5ce,0,109177005,109226776,ACCEPTED,,109226791,ok,49.786
bot-003,01a0c472-4949-73f2-a339-54fa84261e76,0,110776912,110826892,ACCEPTED,,110826905,ok,49.993
bot-003,01a0c472-4f89-74e1-9bd7-685eab839423,0,112377083,112426703,ACCEPTED,,112426724,ok,49.641
bot-003,01a0c472-55c8-70cf-90e8-29e011090213,0,113976731,114026889,ACCEPTED,,114026946,ok,50.215
bot-003,01a0c472-5c08-7772-9e13-91ccc12f6d06,0,115576712,115626519,ACCEPTED,,115626574,ok,49.862
bot-003,01a0c472-6249-7135-beba-2b6b1593371e,0,117177027,117227041,ACCEPTED,,117227470,ok,50.443
bot-003,01a0c472-6889-71e3-90e4-2cf57da2b550,0,118776895,118826892,ACCEPTED,,118826932,ok,50.037
bot-003,01a0c472-6e97-74b9-9de8-b959720bce88,0,120327557,120377143,ACCEPTED,,120377185,ok,49.628
bot-003,01a0c472-74d7-71df-8ab8-62e469cda563,0,121926855,121976739,ACCEPTED,,121976803,ok,49.948
bot-003,01a0c472-7b16-7699-b6f9-1ea7c74f8543,0,123526635,123576639,ACCEPTED,,123576685,ok,50.050
bot-003,01a0c472-8157-74bc-9c7f-6fbfff5b6167,0,125126939,125176929,ACCEPTED,,125176981,ok,50.042
bot-003,01a0c472-8765-7088-a8a5-56a6db91c646,0,126676835,126726636,ACCEPTED,,126726653,ok,49.818
bot-003,01a0c472-8da5-77df-afa3-b3213a83696c,0,128276963,128326905,ACCEPTED,,128326920,ok,49.957
bot-003,01a0c472-93e5-72c7-b28f-65632e6f9ec1,0,129877153,129926788,ACCEPTED,,129926804,ok,49.651
bot-003,01a0c472-9a24-7049-aaba-41073f1fcb16,0,131476765,131527039,ACCEPTED,,131527058,ok,50.293
bot-003,01a0c472-a064-7034-b966-97c6bddaa1d5,0,133076561,133126490,ACCEPTED,,133126549,ok,49.988
bot-003,01a0c472-a6a5-7702-88ec-6868686a2510,0,134677012,134726944,ACCEPTED,,134726963,ok,49.951
bot-003,01a0c472-acb3-7437-a782-716e20b22c8d,0,136227696,136276465,ACCEPTED,,136276519,ok,48.823
bot-003,01a0c472-b2f3-75b2-8d4d-119289a0b308,0,137826860,137876746,ACCEPTED,,137876800,ok,49.940
bot-003,01a0c472-b933-757e-99ca-d72a602a3f17,0,139427073,139476955,ACCEPTED,,139477016,ok,49.943
bot-003,01a0c472-bf72-749a-8475-f8cfd7e70233,0,141026638,141076433,ACCEPTED,,141076527,ok,49.889
bot-003,01a0c472-c5b3-7271-8c83-e2c282c80bd1,0,142627049,142676875,ACCEPTED,,142676894,ok,49.845
bot-003,01a0c472-cbc1-776c-9762-794b2149ee87,0,144176904,144227364,ACCEPTED,,144227395,ok,50.491
bot-003,01a0c472-d200-74b3-b001-f0a574995ed3,0,145776600,145827041,ACCEPTED,,145827057,ok,50.457
bot-003,01a0c472-d80f-7774-bd41-6223ca404def,0,147326781,147376499,ACCEPTED,,147376554,ok,49.773
bot-003,01a0c472-de4f-73e6-908a-5bf232d78473,0,148926768,148976456,ACCEPTED,,148976520,ok,49.752
bot-003,01a0c472-e48f-7565-8246-8ed5063e996f,0,150526915,150576858,ACCEPTED,,150576918,ok,50.003
bot-003,01a0c472-eacf-73d5-8144-b653371a1ea3,0,152127217,152177097,ACCEPTED,,152177135,ok,49.918
bot-003,01a0c472-f10f-727e-b144-5113dceb74f6,0,153727333,153776792,ACCEPTED,,153776823,ok,49.490
bot-003,01a0c472-f74f-72f5-a4ca-425dd25b7eaa,0,155327439,155376898,ACCEPTED,,155376948,ok,49.509
bot-003,01a0c472-fd8e-7650-8c4f-8b41d10cadc5,0,156926585,156977195,ACCEPTED,,156977256,ok,50.671
bot-003,01a0c473-039c-7397-84f4-433db8f86c35,0,158476696,158527265,ACCEPTED,,158527280,ok,50.584
bot-003,01a0c473-09dd-71c6-98fb-820d182dcd08,0,160077123,160126641,ACCEPTED,,160126656,ok,49.533
bot-003,01a0c473-101c-72f8-b107-177b9e4e138b,0,161676600,161726929,ACCEPTED,,161726944,ok,50.344
bot-003,01a0c473-165d-71a7-b94c-82787415e2c5,0,163276886,163326949,ACCEPTED,,163327451,ok,50.565
bot-003,01a0c473-1c9d-7169-87e9-1d295369f8b1,0,164876912,164927189,ACCEPTED,,164927206,ok,50.294
bot-003,01a0c473-22ab-719a-9d8f-138d78684abc,0,166427022,166476811,ACCEPTED,,166476864,ok,49.842
bot-003,01a0c473-28ba-76ff-872d-c51f735daede,0,167977967,168026937,ACCEPTED,,168026993,ok,49.026
bot-003,01a0c473-2ef9-77d3-9239-d223aef41ba5,0,169576879,169627047,ACCEPTED,,169627463,ok,50.584
bot-003,01a0c473-3538-70fd-96eb-21b4a50fb087,0,171176736,171226766,ACCEPTED,,171226783,ok,50.047
bot-003,01a0c473-3b47-7248-8f87-e0830e18a2b6,0,172727464,172776861,ACCEPTED,,172776923,ok,49.459
bot-003,01a0c473-4155-778c-84e0-aa6204de4532,0,174276884,174326545,ACCEPTED,,174326598,ok,49.714
bot-003,01a0c473-4795-712a-a64f-fedc97bb2792,0,175877034,175926774,ACCEPTED,,175926792,ok,49.758
bot-003,01a0c473-4dd5-775f-b93e-9d1056fb287f,0,177476823,177526647,ACCEPTED,,177526664,ok,49.841
bot-003,01a0c473-53e3-73dc-b54d-573ccc2da538,0,179027221,179076682,ACCEPTED,,179076731,ok,49.510
bot-003,01a0c473-5a23-751e-8b0f-e93c2fd1dfdb,0,180626929,180676728,ACCEPTED,,180676766,ok,49.837
bot-003,01a0c473-6031-741b-a38b-46afd5a1d8df,0,182177436,182226840,ACCEPTED,,182226858,ok,49.422
bot-003,01a0c473-663f-7127-b34b-8b7513ecfa0f,0,183726799,183776470,ACCEPTED,,183776523,ok,49.724
bot-003,01a0c473-6c7f-7610-9ae4-c717c0f3cc4c,0,185327220,185376857,ACCEPTED,,185376886,ok,49.666
bot-003,01a0c473-72bf-76bd-9cdb-d3e870b02476,0,186927349,186976882,ACCEPTED,,186976918,ok,49.569
bot-003,01a0c473-78ff-778f-b10b-427814b187c7,0,188526857,188576617,ACCEPTED,,188576673,ok,49.816
bot-003,01a0c473-7f3f-73c8-b68c-2bac38320384,0,190127157,190176561,ACCEPTED,,190176590,ok,49.433
bot-003,01a0c473-857f-76f1-8850-37c9e8d645c9,0,191727221,191776909,ACCEPTED,,191776961,ok,49.740
bot-003,01a0c473-8bbe-7359-a73a-3d16209fbfc0,0,193326626,193376834,ACCEPTED,,193376892,ok,50.266
bot-003,01a0c473-91cc-76ca-95dd-e0360474d767,0,194876566,194926539,ACCEPTED,,194926792,ok,50.226
bot-003,01a0c473-980c-7190-9fcc-b00f24bcd741,0,196476739,196526800,ACCEPTED,,196527305,ok,50.566
bot-003,01a0c473-9e1b-7470-88f6-0cd0baf8dc98,0,198027291,198076650,ACCEPTED,,198076688,ok,49.397
bot-003,01a0c473-a45b-7274-a257-ebc59dc61e94,0,199627286,199676909,ACCEPTED,,199676953,ok,49.667
bot-003,01a0c473-aa69-7686-a633-726e47bb49c9,0,201176918,201226937,ACCEPTED,,201226954,ok,50.036
bot-003,01a0c473-b0a9-70bf-b4f7-283ba564de48,0,202776838,202826542,ACCEPTED,,202826600,ok,49.762
bot-003,01a0c473-b6e8-75ee-898c-25278f652cce,0,204376706,204426493,ACCEPTED,,204426557,ok,49.851
bot-003,01a0c473-bcf7-77f9-8c7f-65c51a2dbdfd,0,205927274,205976923,ACCEPTED,,205976960,ok,49.686
bot-004,01a0c470-a07b-70c4-9864-e70a98912364,0,2026834,2076773,ACCEPTED,,2076827,ok,49.993
bot-004,01a0c470-a689-74e7-81fe-a79dce2a23f2,0,3576807,3626843,ACCEPTED,,3626902,ok,50.095
bot-004,01a0c470-ac97-700e-b8f3-866b6b487cbb,0,5127586,5176431,ACCEPTED,,5176484,ok,48.898
bot-004,01a0c470-b2d6-75ec-b8e8-fc7909f92220,0,6726588,6776627,ACCEPTED,,6776678,ok,50.090
bot-004,01a0c470-b917-7219-a7d2-978679ddba67,0,8326787,8376638,ACCEPTED,,8376689,ok,49.902
bot-004,01a0c470-bf56-7279-ae32-842133808fb5,0,9926759,9976770,ACCEPTED,,9976825,ok,50.066
bot-004,01a0c470-c597-71bb-b0a2-aae93a01e608,0,11526938,11576884,ACCEPTED,,11576937,ok,49.999
bot-004,01a0c470-cbd7-74c1-9c02-5c27cda74098,0,13126896,13176642,ACCEPTED,,13176713,ok,49.817
bot-004,01a0c470-d1e6-72ad-b43d-b857a93efe61,0,14677921,14726490,ACCEPTED,,14726563,ok,48.642
bot-004,01a0c470-d824-703f-ad53-27141d4f5473,0,16276517,16326637,ACCEPTED,,16326699,ok,50.182
bot-004,01a0c470-de64-7351-927f-7b5c21d8fe1a,0,17876710,17926688,ACCEPTED,,17926757,ok,50.047
bot-004,01a0c470-e4a4-7470-bae8-d66919780e63,0,19476582,19526627,ACCEPTED,,19526686,ok,50.104
bot-004,01a0c470-eae4-76d7-ac6c-c4a75ccae2a8,0,21076540,21126900,ACCEPTED,,21126959,ok,50.419
bot-004,01a0c470-f124-726e-9ac5-ff94967ae278,0,22676537,22726811,ACCEPTED,,22726835,ok,50.298
bot-004,01a0c470-f733-7537-b445-83429e76351a,0,24226995,24276587,ACCEPTED,,24276652,ok,49.657
bot-004,01a0c470-fd73-7053-bb13-f082f1324927,0,25827299,25876702,ACCEPTED,,25876764,ok,49.465
bot-004,01a0c471-03b3-71f8-89fe-99f761d6c1a2,0,27426819,27476529,ACCEPTED,,27476594,ok,49.775
bot-004,01a0c471-09f3-746f-9390-01d0a14fef98,0,29027090,29076775,ACCEPTED,,29076835,ok,49.745
bot-004,01a0c471-1032-7531-83b6-8edeb9c79b70,0,30626625,30676606,ACCEPTED,,30676672,ok,50.047
bot-004,01a0c471-1641-740a-9ad6-ebf3eba2fe6f,0,32176886,32226738,ACCEPTED,,32226795,ok,49.909
bot-004,01a0c471-1c81-71b8-9794-78bbc8a427bb,0,33776979,33826567,ACCEPTED,,33826623,ok,49.644
bot-004,01a0c471-22c1-776d-aa24-7cb502ed7834,0,35376811,35426682,ACCEPTED,,35426733,ok,49.922
bot-004,01a0c471-28cf-70e0-9955-dee2532f1ac5,0,36927440,36976615,ACCEPTED,,36976666,ok,49.226
bot-004,01a0c471-2f0f-76ac-b0fc-8e54cb1b0191,0,38527009,38576599,ACCEPTED,,38576662,ok,49.653
bot-004,01a0c471-351c-7089-bcb2-b981ca80be26,0,40076666,40126846,ACCEPTED,,40126911,ok,50.245
bot-004,01a0c471-3b2a-7062-bedc-01da20b35c51,0,41626541,41676558,ACCEPTED,,41676620,ok,50.079
bot-004,01a0c471-4139-77bb-8c9d-8ca91d16b01d,0,43176966,43226888,ACCEPTED,,43226937,ok,49.971
bot-004,01a0c471-4778-7145-bcc3-3f0c6bf51d57,0,44776738,44826531,ACCEPTED,,44826593,ok,49.855
bot-004,01a0c471-4d87-7071-833f-2ac70b796bca,0,46327494,46376779,ACCEPTED,,46376838,ok,49.344
bot-004,01a0c471-53c7-7335-8010-e2cd2d257c70,0,47927421,47976968,ACCEPTED,,47977032,ok,49.611
bot-004,01a0c471-5a07-733b-ab4b-409057b47e43,0,49527075,49576802,ACCEPTED,,49576856,ok,49.781
bot-004,01a0c471-6047-7354-b1ec-1488eba4b244,0,51126915,51176549,ACCEPTED,,51176618,ok,49.703
bot-004,01a0c471-6655-7144-807d-845f3f39486d,0,52676946,52726500,ACCEPTED,,52726560,ok,49.614
bot-004,01a0c471-6c63-7653-b16b-223ddd67e8f9,0,54227117,54276764,ACCEPTED,,54276821,ok,49.704
bot-004,01a0c471-7271-71dd-a2cb-a23ca4b708cf,0,55776903,55826746,ACCEPTED,,55826762,ok,49.859
bot-004,01a0c471-78b1-70c3-9718-d8bf399fb90e,0,57377008,57426717,ACCEPTED,,57426735,ok,49.727
bot-004,01a0c471-7ef0-72f2-ab71-b914222c36b5,0,58976757,59026941,ACCEPTED,,59027004,ok,50.247
bot-004,01a0c471-84ff-7477-9ecb-7afe5ceb90a6,0,60527078,60576866,ACCEPTED,,60576927,ok,49.849
bot-004,01a0c471-8b3f-7797-91d7-9ace92fdf452,0,62127290,62176637,ACCEPTED,,62176656,ok,49.366
bot-004,01a0c471-917f-7076-abf7-99c54fc99ed5,0,63727113,63776639,ACCEPTED,,63776780,ok,49.667
bot-004,01a0c471-97be-7698-8ae0-03b639642cb2,0,65326675,65376546,ACCEPTED,,65376592,ok,49.917
bot-004,01a0c471-9dcc-70cb-ab89-0d0030a5fac8,0,66876732,66927253,ACCEPTED,,66927392,ok,50.660
bot-004,01a0c471-a40c-7660-b59f-91649861827b,0,68476737,68526569,ACCEPTED,,68526627,ok,49.890
bot-004,01a0c471-aa4d-74e3-94aa-31840661a611,0,70076827,70126794,ACCEPTED,,70126987,ok,50.160
bot-004,01a0c471-b05b-7444-8798-a34887f3788a,0,71627253,71676941,ACCEPTED,,71676991,ok,49.738
bot-004,01a0c471-b69a-7220-8b79-8fefecab4d0d,0,73226754,73276821,ACCEPTED,,73276881,ok,50.127
bot-004,01a0c471-bcdb-7666-aff1-e730307e7f26,0,74827557,74876814,ACCEPTED,,74876851,ok,49.294
bot-004,01a0c471-c31b-734d-ba75-d6abf247713e,0,76426911,76476790,ACCEPTED,,76476842,ok,49.931
bot-004,01a0c471-c95b-70b8-8f36-2d0a63a90e6b,0,78027041,78076659,ACCEPTED,,78076706,ok,49.665
bot-004,01a0c471-cf9b-7604-8684-eab0fde42ce3,0,79627069,79676572,ACCEPTED,,79676635,ok,49.566
bot-004,01a0c471-d5db-728f-8f9f-ff04d454206a,0,81227389,81276889,ACCEPTED,,81276936,ok,49.547
bot-004,01a0c471-dc1b-73ee-9aff-fa6597e43ef5,0,82826959,82876736,ACCEPTED,,82876798,ok,49.839
bot-004,01a0c471-e25b-751d-b37b-fbf33c232de4,0,84426871,84476608,ACCEPTED,,84476658,ok,49.787
bot-004,01a0c471-e89b-71de-8254-f5f7b1990f5f,0,86027226,86076705,ACCEPTED,,86076756,ok,49.530
bot-004,01a0c471-eedb-71ce-88ac-c283ec2b3bbd,0,87626944,87676659,ACCEPTED,,87676721,ok,49.777
bot-004,01a0c471-f51b-7107-bba6-fe8f1f25c758,0,89226962,89276695,ACCEPTED,,89276755,ok,49.793
bot-004,01a0c471-fb5b-7745-a8f2-3994710bccfb,0,90827057,90876822,ACCEPTED,,90876878,ok,49.821
bot-004,01a0c472-019b-7291-865c-5a11da56dd8d,0,92426878,92476501,ACCEPTED,,92476547,ok,49.669
bot-004,01a0c472-07a9-71d7-a763-b7a21f45d67d,0,93976896,94026635,ACCEPTED,,94026664,ok,49.768
bot-004,01a0c472-0de8-76bd-be5d-f53a18e77fae,0,95576705,95626947,ACCEPTED,,95627003,ok,50.298
bot-004,01a0c472-13f7-7520-8a12-a9190257bfc4,0,97127421,97176552,ACCEPTED,,97176602,ok,49.181
bot-004,01a0c472-1a37-751a-a497-deaec36a7493,0,98727109,98776606,ACCEPTED,,98776661,ok,49.552
bot-004,01a0c472-2044-71df-8b46-d1dc0656414f,0,100276527,100326813,ACCEPTED,,100326832,ok,50.305
bot-004,01a0c472-2653-7718-9d61-8a3880510adc,0,101827133,101876498,ACCEPTED,,101876545,ok,49.412
bot-004,01a0c472-2c93-7484-868d-d46f8d36b85d,0,103427203,103476717,ACCEPTED,,103476775,ok,49.572
bot-004,01a0c472-32d3-7604-9af9-069b098dfa00,0,105027641,105076560,ACCEPTED,,105076617,ok,48.976
bot-004,01a0c472-3913-740f-967e-19f0f2e40ba5,0,106627170,106676934,ACCEPTED,,106676992,ok,49.822
bot-004,01a0c472-3f53-7240-9c75-d5ed6b44c402,0,108226883,108276718,ACCEPTED,,108276778,ok,49.895
bot-004,01a0c472-4593-738e-8758-8d5ea2237938,0,109826923,109876781,ACCEPTED,,109876838,ok,49.915
bot-004,01a0c472-4bd3-7749-ab0f-2048ee3e0012,0,111426799,111476741,ACCEPTED,,111476794,ok,49.995
bot-004,01a0c472-51e1-764b-9eee-66b99fdb7fd8,0,112976934,113026979,ACCEPTED,,113027004,ok,50.070
bot-004,01a0c472-57ef-7137-a946-74158547b486,0,114527260,114576665,ACCEPTED,,114576730,ok,49.470
bot-004,01a0c472-5e2f-7161-a90f-8aa071a2a9f5,0,116126992,116176692,ACCEPTED,,116176759,ok,49.767
bot-004,01a0c472-646e-77c1-8275-f2d2553d7e7c,0,117726718,117776618,ACCEPTED,,117776680,ok,49.962
bot-004,01a0c472-6a7c-7104-a132-55ba83f28b97,0,119276610,119326473,ACCEPTED,,119326529,ok,49.919
bot-004,01a0c472-708b-7786-9ccb-7156ad41016f,0,120827124,120876652,ACCEPTED,,120876701,ok,49.577
bot-004,01a0c472-76ca-77f3-99fe-2989193a09d2,0,122426678,122476620,ACCEPTED,,122476681,ok,50.003
bot-004,01a0c472-7cd9-734f-adae-b21b0d0d31f8,0,123976771,124026634,ACCEPTED,,124026650,ok,49.879
bot-004,01a0c472-82e7-7754-9381-2c634b614b89,0,125527144,125576817,ACCEPTED,,125576883,ok,49.739
bot-004,01a0c472-8927-709d-b3d2-74e136253473,0,127126985,127176502,ACCEPTED,,127176557,ok,49.572
bot-004,01a0c472-8f66-729d-bb45-4fb918f866c1,0,128726626,128776785,ACCEPTED,,128776837,ok,50.211
bot-004,01a0c472-9574-709b-9a68-2eaa754e4c41,0,130276746,130327525,ACCEPTED,,130328767,ok,52.021
bot-004,01a0c472-9bb5-7666-9d30-00d3f34c12d1,0,131877215,131926882,ACCEPTED,,131926948,ok,49.733
bot-004,01a0c472-a1f5-77fd-b8c4-2174dcf111cd,0,133476847,133526754,ACCEPTED,,133526773,ok,49.926
bot-004,01a0c472-a803-75ce-89a5-dc2625ec3bf7,0,135027223,135076574,ACCEPTED,,135076634,ok,49.411
bot-004,01a0c472-ae10-7574-828c-e1e3197d7245,0,136576697,136626938,ACCEPTED,,136626962,ok,50.265
bot-004,01a0c472-b451-7779-83dd-eb9e42d9fdd0,0,138177007,138226811,ACCEPTED,,138226880,ok,49.873
bot-004,01a0c472-ba91-7117-8bdb-be3df40a9ba9,0,139777090,139826700,ACCEPTED,,139826718,ok,49.628
bot-004,01a0c472-c0d0-7286-baed-041d33c8d0b4,0,141376625,141426968,ACCEPTED,,141426987,ok,50.362
bot-004,01a0c472-c711-761f-8ba6-d2ed466431d8,0,142976990,143026887,ACCEPTED,,143026940,ok,49.950
bot-004,01a0c472-cd1f-7539-8703-428bc9c0285f,0,144527728,144576434,ACCEPTED,,144576493,ok,48.765
bot-004,01a0c472-d35f-74ad-85b1-034ba129339d,0,146126977,146176830,ACCEPTED,,146176874,ok,49.897
bot-004,01a0c472-d96d-7553-8eef-0adc56628403,0,147677470,147726722,ACCEPTED,,147726779,ok,49.309
bot-004,01a0c472-dfad-72c5-8154-4c23ecbfe835,0,149276815,149326472,ACCEPTED,,149326525,ok,49.710
bot-004,01a0c472-e5ed-73ac-8087-503dde0cb243,0,150877080,150926565,ACCEPTED,,150926581,ok,49.501
bot-004,01a0c472-ec2d-778a-90da-8bf39f0dddee,0,152476781,152526910,ACCEPTED,,152526929,ok,50.148
bot-004,01a0c472-f26d-706f-8f13-717b9b41ee7e,0,154076877,154126989,ACCEPTED,,154127056,ok,50.179
bot-004,01a0c472-f87b-76ba-8121-50cc0252b38e,0,155627171,155676892,ACCEPTED,,155676941,ok,49.770
bot-004,01a0c472-fe89-773f-a737-16a7939d8ced,0,157177467,157226698,ACCEPTED,,157226755,ok,49.288
bot-004,01a0c473-04c9-730e-b375-5546fadb45ce,0,158776892,158826771,ACCEPTED,,158826829,ok,49.937
bot-004,01a0c473-0b09-77f0-985d-5653f731cdcb,0,160376888,160427407,ACCEPTED,,160427444,ok,50.556
bot-004,01a0c473-1117-77a2-82c9-5edff6288db9,0,161927420,161976775,ACCEPTED,,161976825,ok,49.405
bot-004,01a0c473-1756-7168-aa5b-4da60aac6817,0,163526703,163576586,ACCEPTED,,163576643,ok,49.940
bot-004,01a0c473-1d97-7226-b143-0be11992d5a8,0,165126933,165176742,ACCEPTED,,165176786,ok,49.853
bot-004,01a0c473-23d7-756d-9cbc-b42f97d271cc,0,166727006,166776752,ACCEPTED,,166776814,ok,49.808
bot-004,01a0c473-2a16-76a0-814a-d13e5a2a3098,0,168326771,168376826,ACCEPTED,,168376882,ok,50.111
bot-004,01a0c473-3057-72b2-a0a6-282b5d237c40,0,169927171,169976837,ACCEPTED,,169976893,ok,49.722
bot-004,01a0c473-3697-741b-959e-4326d7a54e7d,0,171526876,171576857,ACCEPTED,,171576914,ok,50.038
bot-004,01a0c473-3ca5-72c8-81e2-9e30e0fd248a,0,173077143,173126759,ACCEPTED,,173126781,ok,49.638
bot-004,01a0c473-42b3-77c9-9cd7-3592ca338077,0,174627686,174676644,ACCEPTED,,174676706,ok,49.020
bot-004,01a0c473-48f2-77d3-a601-46e991a503b1,0,176226716,176276460,ACCEPTED,,176276510,ok,49.794
bot-004,01a0c473-4f00-7360-b619-a80ecd0b9a9a,0,177776522,177826595,ACCEPTED,,177826681,ok,50.159
bot-004,01a0c473-550f-737e-89b0-cebee8a132e8,0,179327166,179376926,ACCEPTED,,179376987,ok,49.821
bot-004,01a0c473-5b1c-7724-93ee-dda27ce66653,0,180876607,180926562,ACCEPTED,,180926631,ok,50.024
bot-004,01a0c473-615d-7204-8181-e88c18802e29,0,182476833,182526939,ACCEPTED,,182527013,ok,50.180
bot-004,01a0c473-679d-706f-9792-22a217936a36,0,184076979,184126718,ACCEPTED,,184126778,ok,49.799
bot-004,01a0c473-6ddc-7467-9693-f0ddfce2776f,0,185676626,185726873,ACCEPTED,,185726936,ok,50.310
bot-004,01a0c473-741c-7300-9cab-4aa0c94274ab,0,187276630,187326587,ACCEPTED,,187326655,ok,50.025
bot-004,01a0c473-7a5d-70b7-9d66-bc4f5b24867e,0,188876915,188926552,ACCEPTED,,188926618,ok,49.703
bot-004,01a0c473-809d-75ee-a320-9a445ede47e2,0,190477036,190526793,ACCEPTED,,190526854,ok,49.818
bot-004,01a0c473-86dd-735c-a3e7-54983f595185,0,192076780,192126913,ACCEPTED,,192126976,ok,50.196
bot-004,01a0c473-8ceb-7339-87c1-907d7bda006a,0,193627265,193676811,ACCEPTED,,193676864,ok,49.599
bot-004,01a0c473-92f8-758a-a150-e5edb62a5eba,0,195176500,195226973,ACCEPTED,,195227037,ok,50.537
bot-004,01a0c473-9907-740f-a3ac-c470212b2514,0,196727585,196776922,ACCEPTED,,196776988,ok,49.403
bot-004,01a0c473-9f15-77ff-a944-4647ef37b171,0,198276951,198326865,ACCEPTED,,198326929,ok,49.978
bot-004,01a0c473-a555-7262-9eea-478a927ac735,0,199877034,199926745,ACCEPTED,,199926806,ok,49.772
bot-004,01a0c473-ab94-7433-a7fa-dad11b05bd94,0,201476680,201526906,ACCEPTED,,201526987,ok,50.307
bot-004,01a0c473-b1d4-74fe-a38b-dfbe3c09df2a,0,203076567,203126649,ACCEPTED,,203126708,ok,50.141
bot-004,01a0c473-b7e3-771c-844b-a51306d2c73b,0,204627109,204676465,ACCEPTED,,204676527,ok,49.418
bot-004,01a0c473-be23-72fa-86cd-e8332f2ab128,0,206226906,206276839,ACCEPTED,,206276891,ok,49.985
bot-005,01a0c470-a26e-7623-b077-801dab595d39,0,2526768,2576714,ACCEPTED,,2576771,ok,50.003
bot-005,01a0c470-a8af-76d8-a9d9-7bfbffa57cbc,0,4126901,4176606,ACCEPTED,,4176664,ok,49.763
bot-005,01a0c470-aebd-7435-870d-e4c569a3d56c,0,5676855,5726769,ACCEPTED,,5726822,ok,49.967
bot-005,01a0c470-b4cb-7150-9461-f47eea16c6e5,0,7227329,7276635,ACCEPTED,,7276670,ok,49.341
bot-005,01a0c470-bb0a-761b-bf69-5fa11baec430,0,8826604,8876596,ACCEPTED,,8876641,ok,50.037
bot-005,01a0c470-c14a-77ae-a1fd-8d8f3125f750,0,10426547,10476741,ACCEPTED,,10476798,ok,50.251
bot-005,01a0c470-c78b-73ef-8349-075688d6fae7,0,12027277,12076918,ACCEPTED,,12076971,ok,49.694
bot-005,01a0c470-cd99-7422-8634-0386aae89177,0,13576965,13626685,ACCEPTED,,13626724,ok,49.759
bot-005,01a0c470-d3a7-70d4-a5de-23b84e646060,0,15126920,15176776,ACCEPTED,,15176839,ok,49.919
bot-005,01a0c470-d9b4-7229-9b8c-5f7523355d13,0,16676596,16726781,ACCEPTED,,16726843,ok,50.247
bot-005,01a0c470-dfc3-7333-83c6-d20a177d2874,0,18227512,18276882,ACCEPTED,,18276944,ok,49.432
bot-005,01a0c470-e5d2-718a-82e8-56fc60ee0f2d,0,19777982,19826472,ACCEPTED,,19826503,ok,48.521
bot-005,01a0c470-ec10-7658-9f28-1eb9802ca1e7,0,21376599,21427046,ACCEPTED,,21427064,ok,50.465
bot-005,01a0c470-f21f-7084-8030-f2effd850018,0,22927223,22976595,ACCEPTED,,22976650,ok,49.427
bot-005,01a0c470-f82d-7112-81ef-e015d2b539e8,0,24477034,24526819,ACCEPTED,,24526879,ok,49.845
bot-005,01a0c470-fe3b-76b3-b66a-678cae5e8697,0,26027254,26076743,ACCEPTED,,26076787,ok,49.533
bot-005,01a0c471-044a-760d-a555-38122e494a95,0,27577775,27626896,ACCEPTED,,27626954,ok,49.179
bot-005,01a0c471-0a88-717b-a874-e4a72fff32ca,0,29176698,29226575,ACCEPTED,,29226608,ok,49.910
bot-005,01a0c471-10c9-70df-bd2c-3afaa83cd1a1,0,30776998,30826599,ACCEPTED,,30826670,ok,49.672
bot-005,01a0c471-1708-74d2-97dd-f45ffea61717,0,32376713,32426695,ACCEPTED,,32427155,ok,50.442
bot-005,01a0c471-1d48-75f4-bee2-fa1f720289d7,0,33976586,34026648,ACCEPTED,,34026686,ok,50.100
bot-005,01a0c471-2357-763f-bcf0-125959bf6c0c,0,35527309,35576761,ACCEPTED,,35576827,ok,49.518
bot-005,01a0c471-2997-72ab-b6c9-0f4ccb139d30,0,37127021,37176684,ACCEPTED,,37176736,ok,49.715
bot-005,01a0c471-2fa5-75f9-9240-d90d9d945f22,0,38676855,38726953,ACCEPTED,,38727012,ok,50.157
bot-005,01a0c471-35b3-71b2-a518-6280a0c617a8,0,40227307,40276890,ACCEPTED,,40276942,ok,49.635
bot-005,01a0c471-3bc0-7571-9557-dcada3adc6af,0,41776612,41826877,ACCEPTED,,41826933,ok,50.321
bot-005,01a0c471-4200-776d-a383-728f244c8ac6,0,43376726,43427161,ACCEPTED,,43427183,ok,50.457
bot-005,01a0c471-4840-76cb-990e-5496aa9ab29b,0,44976674,45026572,ACCEPTED,,45026627,ok,49.953
bot-005,01a0c471-4e4f-7582-b5f2-0e5c47d508a8,0,46527245,46576645,ACCEPTED,,46576704,ok,49.459
bot-005,01a0c471-548f-75a9-8679-22f7ca1aa831,0,48127387,48176968,ACCEPTED,,48176986,ok,49.599
bot-005,01a0c471-5ace-7743-955a-9c22d07941ad,0,49726746,49776564,ACCEPTED,,49776622,ok,49.876
bot-005,01a0c471-610e-70bb-9ae0-60f256918f18,0,51326736,51376862,ACCEPTED,,51376919,ok,50.183
bot-005,01a0c471-671d-70b3-86ed-6c91adc20377,0,52876995,52926709,ACCEPTED,,52926759,ok,49.764
bot-005,01a0c471-6d5d-7103-b9d8-25495cce7183,0,54477070,54526743,ACCEPTED,,54527273,ok,50.203
bot-005,01a0c471-739d-74b0-a8ac-0d31cd9de833,0,56076941,56126697,ACCEPTED,,56126753,ok,49.812
bot-005,01a0c471-79ab-7760-944f-d2ebe195bbf1,0,57627544,57676932,ACCEPTED,,57676995,ok,49.451
bot-005,01a0c471-7fb9-7699-a919-f050b9c1b139,0,59176865,59226869,ACCEPTED,,59226919,ok,50.054
bot-005,01a0c471-85c7-74b7-a484-51d93a05512d,0,60727199,60776923,ACCEPTED,,60776967,ok,49.768
bot-005,01a0c471-8c07-7207-9c86-c6b1a7728813,0,62327131,62376903,ACCEPTED,,62376967,ok,49.836
bot-005,01a0c471-9247-7548-8db8-49c802bdb4a0,0,63927250,63976854,ACCEPTED,,63976905,ok,49.655
bot-005,01a0c471-9855-70c4-b725-26ef6c609fb6,0,65476918,65526942,ACCEPTED,,65527004,ok,50.086
bot-005,01a0c471-9e95-7334-827f-ab2fe1702a21,0,67076947,67127001,ACCEPTED,,67127018,ok,50.071
bot-005,01a0c471-a4d5-7082-bac7-fa0418ddddc6,0,68676798,68726923,ACCEPTED,,68726989,ok,50.191
bot-005,01a0c471-ab14-7750-8033-3fbbb637d280,0,70276763,70326878,ACCEPTED,,70326944,ok,50.181
bot-005,01a0c471-b155-7338-af42-cc68ab7a8417,0,71876932,71926540,ACCEPTED,,71926930,ok,49.998
bot-005,01a0c471-b795-7514-ad43-c1c970da3249,0,73476863,73526785,ACCEPTED,,73526844,ok,49.981
bot-005,01a0c471-bda2-718f-b8da-d8593b116f05,0,75026664,75076819,ACCEPTED,,75076879,ok,50.215
bot-005,01a0c471-c3e3-716a-8470-5b607648f8fc,0,76626818,76676913,ACCEPTED,,76676968,ok,50.150
bot-005,01a0c471-ca23-71e0-acdc-6221544c0392,0,78226949,78276713,ACCEPTED,,78276749,ok,49.800
bot-005,01a0c471-d063-7653-a3f9-90119afb357a,0,79827146,79876764,ACCEPTED,,79876824,ok,49.678
bot-005,01a0c471-d6a2-70ec-888d-1dcf7800edb0,0,81426734,81476896,ACCEPTED,,81476962,ok,50.228
bot-005,01a0c471-dce3-7540-950a-410c90f0cd53,0,83026922,83076573,ACCEPTED,,83076633,ok,49.711
bot-005,01a0c471-e323-769d-87d6-be1a53710f71,0,84627107,84676830,ACCEPTED,,84676891,ok,49.784
bot-005,01a0c471-e963-7150-ae04-aa72f93ca9f4,0,86226835,86276615,ACCEPTED,,86276675,ok,49.840
bot-005,01a0c471-efa3-716d-a4d7-bc2812b6a37e,0,87826820,87876877,ACCEPTED,,87876938,ok,50.118
bot-005,01a0c471-f5b0-7510-aab3-e2894984ce88,0,89376577,89426796,ACCEPTED,,89426812,ok,50.235
bot-005,01a0c471-fbf1-74f4-97fe-f3675e85aace,0,90976864,91026792,ACCEPTED,,91027088,ok,50.224
bot-005,01a0c472-0231-71fe-b047-6ac842542564,0,92576818,92627131,ACCEPTED,,92627153,ok,50.335
bot-005,01a0c472-0871-7398-8162-bdd4968b6d19,0,94176821,94227159,ACCEPTED,,94227689,ok,50.868
bot-005,01a0c472-0eb1-7706-bd6c-562f5908dfce,0,95776818,95826917,ACCEPTED,,95826974,ok,50.156
bot-005,01a0c472-14f0-72f5-9b13-85c7acfd0d10,0,97376592,97426858,ACCEPTED,,97426913,ok,50.321
bot-005,01a0c472-1b31-71d1-9715-bf424789b745,0,98976826,99026840,ACCEPTED,,99026897,ok,50.071
bot-005,01a0c472-2171-7175-b11f-922efce0f87b,0,100577053,100626926,ACCEPTED,,100626982,ok,49.929
bot-005,01a0c472-27b0-7416-b270-9e2fc4d6f601,0,102176579,102226697,ACCEPTED,,102226717,ok,50.138
bot-005,01a0c472-2df1-72f0-bf51-06b136fc486c,0,103776846,103826639,ACCEPTED,,103826701,ok,49.855
bot-005,01a0c472-3430-74b9-8413-c30832372862,0,105376694,105426719,ACCEPTED,,105426774,ok,50.080
bot-005,01a0c472-3a71-73c6-a5a5-c4845311d714,0,106976793,107026590,ACCEPTED,,107026606,ok,49.813
bot-005,01a0c472-40b1-7589-9891-cc06dbe3b5d0,0,108576985,108626782,ACCEPTED,,108626842,ok,49.857
bot-005,01a0c472-46f1-7055-a644-42122b8689dd,0,110176972,110226981,ACCEPTED,,110227042,ok,50.070
bot-005,01a0c472-4d00-727c-95dd-c6f9de8918f2,0,111727844,111776475,ACCEPTED,,111776537,ok,48.693
bot-005,01a0c472-530d-721e-9b26-c73bda9b957b,0,113276885,113326910,ACCEPTED,,113326932,ok,50.047
bot-005,01a0c472-594c-7592-9358-f20077ecdea2,0,114876630,114926917,ACCEPTED,,114927029,ok,50.399
bot-005,01a0c472-5f8c-75d4-97d2-da014dbca051,0,116476746,116526840,ACCEPTED,,116527045,ok,50.299
bot-005,01a0c472-65cd-749e-8618-95649dcd841c,0,118077005,118126574,ACCEPTED,,118126796,ok,49.791
bot-005,01a0c472-6c0d-7630-9214-3bfd48b8e369,0,119676888,119726606,ACCEPTED,,119726625,ok,49.737
bot-005,01a0c472-721b-751e-be6e-e2998853d97c,0,121227333,121276508,ACCEPTED,,121276569,ok,49.236
bot-005,01a0c472-785b-735c-9cf9-a7a7549e4bdd,0,122826884,122876637,ACCEPTED,,122876693,ok,49.809
bot-005,01a0c472-7e9b-7015-a6e3-6f13738409fd,0,124427030,124476562,ACCEPTED,,124476621,ok,49.591
bot-005,01a0c472-84db-77a7-bb6e-a17fe3012463,0,126026865,126076526,ACCEPTED,,126076585,ok,49.720
bot-005,01a0c472-8ae8-7674-9b72-e568d9355841,0,127576748,127626919,ACCEPTED,,127626977,ok,50.229
bot-005,01a0c472-9129-72b2-85b5-29c8588e4faf,0,129177086,129226667,ACCEPTED,,129226728,ok,49.642
bot-005,01a0c472-9769-77c6-98e0-22d3d9426adb,0,130777016,130826667,ACCEPTED,,130826726,ok,49.710
bot-005,01a0c472-9da9-75ec-b227-2e60cb1750b7,0,132376908,132427012,ACCEPTED,,132427086,ok,50.178
bot-005,01a0c472-a3e9-76f2-b9ee-4fcdfa5edcea,0,133976958,134027032,ACCEPTED,,134027050,ok,50.092
bot-005,01a0c472-a9f7-7224-bfc7-ee4e8bdde91d,0,135527485,135576749,ACCEPTED,,135576813,ok,49.328
bot-005,01a0c472-b037-742f-b0e0-26bfc748a205,0,137127033,137176747,ACCEPTED,,137176803,ok,49.770
bot-005,01a0c472-b676-7415-a4ba-1cf69520c203,0,138726699,138776733,ACCEPTED,,138776777,ok,50.078
bot-005,01a0c472-bcb7-768f-bd05-d4aec15ab0ac,0,140327091,140376829,ACCEPTED,,140376874,ok,49.783
bot-005,01a0c472-c2f7-754d-95f6-37d53d1bbace,0,141927370,141976702,ACCEPTED,,141976757,ok,49.387
bot-005,01a0c472-c904-74b4-abd3-d1723396edb3,0,143476630,143526500,ACCEPTED,,143526553,ok,49.923
bot-005,01a0c472-cf45-76dc-b34c-7264d3f5b177,0,145077062,145126506,ACCEPTED,,145126565,ok,49.503
bot-005,01a0c472-d584-7750-b88e-c654de15cded,0,146676647,146726649,ACCEPTED,,146726713,ok,50.066
bot-005,01a0c472-dbc5-70b0-aa58-7a7265043aaf,0,148277043,148326770,ACCEPTED,,148326829,ok,49.786
bot-005,01a0c472-e1d4-70d8-8369-675699b47eb3,0,149827788,149877107,ACCEPTED,,149877154,ok,49.366
bot-005,01a0c472-e812-715c-b9c6-4f42233176de,0,151426637,151476805,ACCEPTED,,151476859,ok,50.222
bot-005,01a0c472-ee53-7325-821f-e22a732ea3dc,0,153027034,153076964,ACCEPTED,,153077004,ok,49.970
bot-005,01a0c472-f493-717d-9385-642f49d7b782,0,154626862,154676725,ACCEPTED,,154676775,ok,49.913
bot-005,01a0c472-faa0-721e-ac89-e98ef1326035,0,156176729,156226810,ACCEPTED,,156226869,ok,50.140
bot-005,01a0c473-00af-7665-a1c6-1e0a604895fd,0,157726844,157776544,ACCEPTED,,157776586,ok,49.742
bot-005,01a0c473-06bc-74e2-8b36-7174f7e62073,0,159276704,159327108,ACCEPTED,,159327128,ok,50.424
bot-005,01a0c473-0ccb-7310-85bc-eb3db116235d,0,160827604,160876646,ACCEPTED,,160876704,ok,49.100
bot-005,01a0c473-130b-7011-ab81-d32d2a6d2674,0,162426798,162476830,ACCEPTED,,162476891,ok,50.093
bot-005,01a0c473-194b-76f7-a7d0-7c39ade1694b,0,164027119,164076871,ACCEPTED,,164076931,ok,49.812
bot-005,01a0c473-1f8b-749c-8db2-18b841f81602,0,165626841,165676851,ACCEPTED,,165676901,ok,50.060
bot-005,01a0c473-25cb-77cd-bca5-15116488e2fa,0,167227002,167276931,ACCEPTED,,167276991,ok,49.989
bot-005,01a0c473-2bd9-723a-8e6b-fc2b7c686e48,0,168776904,168826934,ACCEPTED,,168826995,ok,50.091
bot-005,01a0c473-31e6-7487-ba43-e12f694b803f,0,170326471,170376494,ACCEPTED,,170376550,ok,50.079
bot-005,01a0c473-3827-7233-953e-ccdcd090e7ca,0,171927009,171976690,ACCEPTED,,171976748,ok,49.739
bot-005,01a0c473-3e67-770a-83ac-b9b59979d7b3,0,173526802,173576500,ACCEPTED,,173576561,ok,49.759
bot-005,01a0c473-44a7-75e1-ba45-2376e1267a8b,0,175127051,175176863,ACCEPTED,,175176918,ok,49.867
bot-005,01a0c473-4ae7-763d-ae83-c5c9b83840a1,0,176727038,176776904,ACCEPTED,,176776960,ok,49.922
bot-005,01a0c473-50f4-7483-ae57-49b6dcdb439e,0,178276603,178326578,ACCEPTED,,178326655,ok,50.052
bot-005,01a0c473-5734-7120-95f5-a57b08ceffeb,0,179876732,179926774,ACCEPTED,,179926833,ok,50.101
bot-005,01a0c473-5d43-71a5-aed5-e376930b6b41,0,181427469,181476624,ACCEPTED,,181476674,ok,49.205
bot-005,01a0c473-6351-72b2-bd1d-cc7e289359f2,0,182976889,183026701,ACCEPTED,,183026717,ok,49.828
bot-005,01a0c473-6991-7420-b1d9-871426451cd7,0,184577004,184626725,ACCEPTED,,184626781,ok,49.777
bot-005,01a0c473-6fd0-73e2-841b-dda422f89c7d,0,186176667,186226496,ACCEPTED,,186226551,ok,49.884
bot-005,01a0c473-7610-74de-a6db-e8778a07d2e5,0,187776569,187826927,ACCEPTED,,187826991,ok,50.422
bot-005,01a0c473-7c51-75cb-9047-004e9a123a0b,0,189376986,189427012,ACCEPTED,,189427067,ok,50.081
bot-005,01a0c473-8290-7320-9421-6653d4fe9760,0,190976536,191027003,ACCEPTED,,191027019,ok,50.483
bot-005,01a0c473-889f-76c1-a7a5-426fae1da5e2,0,192527367,192576651,ACCEPTED,,192576713,ok,49.346
bot-005,01a0c473-8edf-73d2-907f-f69df4545c7f,0,194127121,194176743,ACCEPTED,,194176808,ok,49.687
bot-005,01a0c473-951e-7335-bbc4-42e667179fc5,0,195726662,195776552,ACCEPTED,,195776598,ok,49.936
bot-005,01a0c473-9b2d-7083-86b1-3c01f0537d0c,0,197276923,197326892,ACCEPTED,,197326953,ok,50.030
bot-005,01a0c473-a13b-73d2-96ed-6134a0940d20,0,198827722,198876700,ACCEPTED,,198876754,ok,49.032
bot-005,01a0c473-a77b-721b-bd9c-1d13bb49e848,0,200427012,200476896,ACCEPTED,,200476962,ok,49.950
bot-005,01a0c473-ad89-7208-8c7c-02fcd87130bb,0,201977051,202026751,ACCEPTED,,202026805,ok,49.754
bot-005,01a0c473-b397-7340-b276-cb974e0cebbd,0,203527326,203576520,ACCEPTED,,203576574,ok,49.248
bot-005,01a0c473-b9d7-716d-8e99-51bd3244db28,0,205127144,205176662,ACCEPTED,,205176714,ok,49.570
bot-005,01a0c473-c017-7265-96d1-f0db508898a1,0,206727016,206776891,ACCEPTED,,206776936,ok,49.920
bot-006,01a0c470-a463-77fe-93af-6e78820739d2,0,3027038,3076588,ACCEPTED,,3076636,ok,49.598
bot-006,01a0c470-aaa3-74fe-92ad-cd7acdbfe3d7,0,4627069,4676767,ACCEPTED,,4676821,ok,49.752
bot-006,01a0c470-b0b0-7516-b54e-424af5e7656c,0,6176549,6226812,ACCEPTED,,6226867,ok,50.318
bot-006,01a0c470-b6f0-743b-b7b7-90993afbf823,0,7776622,7826876,ACCEPTED,,7826896,ok,50.274
bot-006,01a0c470-bd31-70d4-ba5f-615cdbbaf6f4,0,9376968,9426678,ACCEPTED,,9426808,ok,49.840
bot-006,01a0c470-c371-7154-bee0-18cace125a7a,0,10977018,11026577,ACCEPTED,,11026636,ok,49.618
bot-006,01a0c470-c9b0-74a7-a855-838b766efc95,0,12576646,12626762,ACCEPTED,,12626818,ok,50.172
bot-006,01a0c470-cfc0-7427-9103-64efd1907bab,0,14128139,14176657,ACCEPTED,,14176725,ok,48.586
bot-006,01a0c470-d5ff-7598-82ff-f675cd02756c,0,15726948,15776713,ACCEPTED,,15776775,ok,49.827
bot-006,01a0c470-dc3e-7781-85af-d983f8a10574,0,17326737,17376364,ACCEPTED,,17376421,ok,49.684
bot-006,01a0c470-e24d-74fd-be13-2b76fe869476,0,18877034,18926654,ACCEPTED,,18926689,ok,49.655
bot-006,01a0c470-e85b-712e-836a-655269ad097d,0,20426872,20476602,ACCEPTED,,20476666,ok,49.794
bot-006,01a0c470-ee69-74ef-b0ac-9ccc4aeb10a8,0,21976809,22026579,ACCEPTED,,22026641,ok,49.832
bot-006,01a0c470-f476-7446-a918-aa9a0733a3a7,0,23526745,23576499,ACCEPTED,,23576560,ok,49.815
bot-006,01a0c470-fab7-7487-ae0f-b6e3c92336a1,0,25127132,25176863,ACCEPTED,,25176915,ok,49.783
bot-006,01a0c471-00c5-7565-a28b-9ebf6c4d32e2,0,26677412,26726929,ACCEPTED,,26726984,ok,49.572
bot-006,01a0c471-0705-701f-820b-a99f6661c0c5,0,28276928,28326501,ACCEPTED,,28326550,ok,49.622
bot-006,01a0c471-0d45-767e-ad4d-6ba9427d515c,0,29876822,29926586,ACCEPTED,,29926645,ok,49.823
bot-006,01a0c471-1385-7724-84eb-c7239cb5ab0b,0,31476792,31526831,ACCEPTED,,31526879,ok,50.087
bot-006,01a0c471-19c4-7102-a846-7f55c8eeabe6,0,33076693,33126613,ACCEPTED,,33126670,ok,49.977
bot-006,01a0c471-2004-750f-be46-f9d9b584ecdb,0,34676673,34726737,ACCEPTED,,34726758,ok,50.085
bot-006,01a0c471-2645-733a-a732-dd64a1116c12,0,36276956,36326618,ACCEPTED,,36326677,ok,49.721
bot-006,01a0c471-2c52-710e-af5b-ff1447bcc2a7,0,37826620,37876854,ACCEPTED,,37876906,ok,50.286
bot-006,01a0c471-3261-7474-853d-2e4208832090,0,39377010,39426808,ACCEPTED,,39426873,ok,49.863
bot-006,01a0c471-386f-7760-b62a-1fbee31e749c,0,40927103,40976696,ACCEPTED,,40976754,ok,49.651
bot-006,01a0c471-3e7c-70d2-bee4-f803751b780a,0,42476711,42526700,ACCEPTED,,42526750,ok,50.039
bot-006,01a0c471-44bd-7530-ada7-5cd7ac0186d0,0,44076898,44126533,ACCEPTED,,44126588,ok,49.690
bot-006,01a0c471-4afd-7472-a7d4-37dd07306c02,0,45677044,45726821,ACCEPTED,,45726877,ok,49.833
bot-006,01a0c471-510b-7047-87d5-6d63ea3bebe9,0,47227254,47276689,ACCEPTED,,47276746,ok,49.492
bot-006,01a0c471-574b-717a-a535-53a339c128da,0,48827175,48876707,ACCEPTED,,48876769,ok,49.594
bot-006,01a0c471-5d8b-75f4-a5d8-d0d2e7c646ea,0,50427193,50476650,ACCEPTED,,50476706,ok,49.513
bot-006,01a0c471-63ca-77c1-8af8-6fd8c4ecfb27,0,52026722,52076862,ACCEPTED,,52076924,ok,50.202
bot-006,01a0c471-6a0b-7636-b575-563b572331f1,0,53627092,53676822,ACCEPTED,,53676881,ok,49.789
bot-006,01a0c471-704b-7313-816a-0f6522135c7e,0,55227057,55276804,ACCEPTED,,55276868,ok,49.811
bot-006,01a0c471-768b-7501-9e94-8127bfcd53cf,0,56827090,56876436,ACCEPTED,,56876499,ok,49.409
bot-006,01a0c471-7cca-740a-b3c1-e89391a03d08,0,58426701,58476855,ACCEPTED,,58476915,ok,50.214
bot-006,01a0c471-82d9-716d-8051-0d8c2d9f9aa1,0,59976930,60026863,ACCEPTED,,60026925,ok,49.995
bot-006,01a0c471-8918-77dc-860b-2c80c35105e2,0,61576592,61626809,ACCEPTED,,61626825,ok,50.233
bot-006,01a0c471-8f58-7420-a8e8-4292352386a5,0,63176695,63226894,ACCEPTED,,63226952,ok,50.257
bot-006,01a0c471-9567-7520-b280-01f3f15c029e,0,64727178,64776531,ACCEPTED,,64776577,ok,49.399
bot-006,01a0c471-9ba7-70d8-8a65-3eb9027311a1,0,66327047,66376479,ACCEPTED,,66376520,ok,49.473
bot-006,01a0c471-a1e7-765a-a96f-cd37c65e0ebd,0,67926979,67976494,ACCEPTED,,67976553,ok,49.574
bot-006,01a0c471-a826-71cf-8376-be4ced8740ba,0,69526726,69576848,ACCEPTED,,69576889,ok,50.163
bot-006,01a0c471-ae35-73e6-a3d7-375f1de68d9d,0,71077079,71127060,ACCEPTED,,71127116,ok,50.037
bot-006,01a0c471-b444-7643-b24e-419155f2aa71,0,72627873,72676869,ACCEPTED,,72676926,ok,49.053
bot-006,01a0c471-ba83-70f3-bc72-3eda5d7ffa1d,0,74227068,74276790,ACCEPTED,,74276840,ok,49.772
bot-006,01a0c471-c091-73f7-aaaa-6167722bf98e,0,75776780,75826581,ACCEPTED,,75826646,ok,49.866
bot-006,01a0c471-c69f-729c-8040-9721d680a5f5,0,77327640,77376613,ACCEPTED,,77376667,ok,49.027
bot-006,01a0c471-ccdf-75a6-9246-3b0e93bef675,0,78926812,78976545,ACCEPTED,,78976608,ok,49.796
bot-006,01a0c471-d31f-75ea-a6c2-72f794f410b4,0,80526901,80576682,ACCEPTED,,80576706,ok,49.805
bot-006,01a0c471-d95e-77af-8f13-e2b4e699642e,0,82126479,82176697,ACCEPTED,,82176754,ok,50.275
bot-006,01a0c471-df9f-7575-8c14-f2e58348929a,0,83726905,83776672,ACCEPTED,,83776728,ok,49.823
bot-006,01a0c471-e5df-7243-ad36-68200a5407bc,0,85326931,85376675,ACCEPTED,,85376732,ok,49.801
bot-006,01a0c471-ec1f-775b-b622-70a8ffecd271,0,86926944,86976575,ACCEPTED,,86976627,ok,49.683
bot-006,01a0c471-f25f-722e-a095-62960b99d71d,0,88527250,88576945,ACCEPTED,,88576980,ok,49.730
bot-006,01a0c471-f89e-7584-9ea4-fdb1bc902aa3,0,90126610,90176563,ACCEPTED,,90176618,ok,50.008
bot-006,01a0c471-feac-77d0-9862-5a75cc9c31c8,0,91676719,91726642,ACCEPTED,,91726700,ok,49.981
bot-006,01a0c472-04ed-7225-8460-2ae25d032283,0,93277534,93326879,ACCEPTED,,93326930,ok,49.396
bot-006,01a0c472-0b2d-73c6-af67-727d43457635,0,94877147,94926470,ACCEPTED,,94926524,ok,49.377
bot-006,01a0c472-116c-728d-a492-cbfa6cb656da,0,96476730,96526672,ACCEPTED,,96526687,ok,49.957
bot-006,01a0c472-17ac-7777-8d4c-ea45d70e76b7,0,98076605,98126963,ACCEPTED,,98127025,ok,50.420
bot-006,01a0c472-1ded-76a5-a19e-251c30578872,0,99676824,99726726,ACCEPTED,,99726744,ok,49.920
bot-006,01a0c472-242d-728d-ad2f-566bbd5b6692,0,101277036,101326847,ACCEPTED,,101327068,ok,50.032
bot-006,01a0c472-2a6d-75ce-b32e-87b472fdd7a5,0,102877184,102927085,ACCEPTED,,102927159,ok,49.975
bot-006,01a0c472-30ad-7499-a59c-dfdf24e7fb77,0,104476870,104527095,ACCEPTED,,104527130,ok,50.260
bot-006,01a0c472-36bb-70fc-88e1-8f7768530d56,0,106027318,106076946,ACCEPTED,,106077005,ok,49.687
bot-006,01a0c472-3cc9-73e6-9012-41c46a9a2840,0,107576824,107626771,ACCEPTED,,107626789,ok,49.965
bot-006,01a0c472-4309-7541-9d6b-113b5a21fbfd,0,109177005,109226726,ACCEPTED,,109226743,ok,49.738
bot-006,01a0c472-4949-73f2-a339-54f96fdcac50,0,110776890,110826759,ACCEPTED,,110826812,ok,49.922
bot-006,01a0c472-4f89-74e1-9bd7-685d7e1b8743,0,112377082,112426539,ACCEPTED,,112426601,ok,49.519
bot-006,01a0c472-55c8-70cf-90e8-29de83f233a9,0,113976731,114026996,ACCEPTED,,114027013,ok,50.282
bot-006,01a0c472-5c08-7772-9e13-91ce8931e670,0,115576712,115626619,ACCEPTED,,115626637,ok,49.925
bot-006,01a0c472-6249-7135-beba-2b6ae8d51d02,0,117177025,117226941,ACCEPTED,,117226998,ok,49.973
bot-006,01a0c472-6889-71e3-90e4-2cf65836463c,0,118776895,118826878,ACCEPTED,,118826932,ok,50.037
bot-006,01a0c472-6e97-74b9-9de8-b95813785c24,0,120327106,120377135,ACCEPTED,,120377190,ok,50.084
bot-006,01a0c472-74d6-7607-8da2-4b9ebc69f7ff,0,121926695,121976764,ACCEPTED,,121976797,ok,50.102
bot-006,01a0c472-7b17-774b-a2d0-25c4acaf87a9,0,123526783,123576631,ACCEPTED,,123576685,ok,49.902
bot-006,01a0c472-8157-74bc-9c7f-6fc053b914e3,0,125126977,125176923,ACCEPTED,,125176981,ok,50.004
bot-006,01a0c472-8765-7088-a8a5-56a43fa14cde,0,126676836,126726529,ACCEPTED,,126726589,ok,49.753
bot-006,01a0c472-8da5-77df-afa3-b3220dc214e6,0,128276966,128326951,ACCEPTED,,128326968,ok,50.002
bot-006,01a0c472-93e5-72c7-b28f-6562e39aef27,0,129877153,129926691,ACCEPTED,,129926747,ok,49.594
bot-006,01a0c472-9a24-7049-aaba-41081e98c622,0,131476765,131526893,ACCEPTED,,131526952,ok,50.187
bot-006,01a0c472-a064-7034-b966-97c76d00d74d,0,133076562,133126645,ACCEPTED,,133126663,ok,50.101
bot-006,01a0c472-a6a5-7702-88ec-68693a4af243,0,134677012,134726778,ACCEPTED,,134726837,ok,49.825
bot-006,01a0c472-acb3-7437-a782-716c83140a47,0,136227026,136276479,ACCEPTED,,136276519,ok,49.493
bot-006,01a0c472-b2f3-75b2-8d4d-1191bfbbb45d,0,137826860,137876746,ACCEPTED,,137876800,ok,49.940
bot-006,01a0c472-b933-757e-99ca-d7286ced2696,0,139426781,139476977,ACCEPTED,,139477016,ok,50.235
bot-006,01a0c472-bf73-7329-a6ba-3121831dad99,0,141026763,141076434,ACCEPTED,,141076500,ok,49.737
bot-006,01a0c472-c5b3-7271-8c83-e2c108e69af6,0,142626918,142676898,ACCEPTED,,142676930,ok,50.012
bot-006,01a0c472-cbc1-776c-9762-794da6081aa3,0,144176942,144227245,ACCEPTED,,144227301,ok,50.359
bot-006,01a0c472-d200-74b3-b001-f0a356270e8a,0,145776599,145826867,ACCEPTED,,145826891,ok,50.292
bot-006,01a0c472-d80f-7774-bd41-6225962549e7,0,147327496,147376636,ACCEPTED,,147376656,ok,49.160
bot-006,01a0c472-de4e-7328-a653-68ac26f41f60,0,148926761,148976486,ACCEPTED,,148976520,ok,49.759
bot-006,01a0c472-e48f-7565-8246-8ed664f15e2b,0,150526918,150576859,ACCEPTED,,150576917,ok,49.999
bot-006,01a0c472-eacf-73d5-8144-b6521cb0ad38,0,152127072,152177037,ACCEPTED,,152177101,ok,50.029
bot-006,01a0c472-f10f-727e-b144-51145b73e94e,0,153727431,153776828,ACCEPTED,,153776849,ok,49.418
bot-006,01a0c472-f74f-72f5-a4ca-425c98618e78,0,155327285,155376897,ACCEPTED,,155376947,ok,49.662
bot-006,01a0c472-fd8e-7650-8c4f-8b42f7d3bf85,0,156926591,156977207,ACCEPTED,,156977255,ok,50.664
bot-006,01a0c473-039c-7397-84f4-433bfc532cff,0,158476668,158527213,ACCEPTED,,158527231,ok,50.563
bot-006,01a0c473-09dd-71c6-98fb-82107a565d87,0,160077157,160126775,ACCEPTED,,160126805,ok,49.648
bot-006,01a0c473-101c-72f8-b107-177a32d74953,0,161676598,161726970,ACCEPTED,,161726983,ok,50.385
bot-006,01a0c473-165d-71a7-b94c-827912b713d6,0,163276886,163326852,ACCEPTED,,163326868,ok,49.982
bot-006,01a0c473-1c9d-7169-87e9-1d2c59a42d50,0,164877114,164927003,ACCEPTED,,164927072,ok,49.958
bot-006,01a0c473-22ab-719a-9d8f-138e0ac44a59,0,166427077,166476809,ACCEPTED,,166476864,ok,49.787
bot-006,01a0c473-28ba-76ff-872d-c521d80e5887,0,167978001,168027237,ACCEPTED,,168027274,ok,49.273
bot-006,01a0c473-2ef9-77d3-9239-d22059502a4c,0,169576816,169627078,ACCEPTED,,169627093,ok,50.277
bot-006,01a0c473-3538-70fd-96eb-21b3ba5f3ec7,0,171176737,171226630,ACCEPTED,,171226647,ok,49.910
bot-006,01a0c473-3b48-7110-8e29-416aa0899d1e,0,172727805,172776892,ACCEPTED,,172776922,ok,49.117
bot-006,01a0c473-4155-778c-84e0-aa646733d7ba,0,174276996,174326544,ACCEPTED,,174326598,ok,49.602
bot-006,01a0c473-4795-712a-a64f-fedad5a49ea3,0,175877033,175926663,ACCEPTED,,175926722,ok,49.689
bot-006,01a0c473-4dd5-775f-b93e-9d0ff6022bb4,0,177476823,177526645,ACCEPTED,,177526661,ok,49.838
bot-006,01a0c473-53e3-73dc-b54d-573e1c54e803,0,179027261,179076753,ACCEPTED,,179076788,ok,49.527
bot-006,01a0c473-5a23-751e-8b0f-e93e30d08fba,0,180627131,180676772,ACCEPTED,,180676796,ok,49.665
bot-006,01a0c473-6031-741b-a38b-46b1a4a678ec,0,182177469,182226890,ACCEPTED,,182226907,ok,49.438
bot-006,01a0c473-663e-7254-b69c-4033323b8812,0,183726516,183776494,ACCEPTED,,183776523,ok,50.007
bot-006,01a0c473-6c7f-7610-9ae4-c719489bc9a4,0,185327272,185376812,ACCEPTED,,185376866,ok,49.594
bot-006,01a0c473-72bf-76bd-9cdb-d3e91780e769,0,186927652,186976857,ACCEPTED,,186976903,ok,49.251
bot-006,01a0c473-78ff-778f-b10b-427763dc435d,0,188526835,188576615,ACCEPTED,,188576673,ok,49.838
bot-006,01a0c473-7f3f-73c8-b68c-2bab38ebfe27,0,190126928,190176534,ACCEPTED,,190176590,ok,49.662
bot-006,01a0c473-857f-76f1-8850-37c8affb373f,0,191727225,191776936,ACCEPTED,,191776973,ok,49.748
bot-006,01a0c473-8bbf-775f-882d-5f699b9840ec,0,193326961,193376853,ACCEPTED,,193376892,ok,49.931
bot-006,01a0c473-91cc-76ca-95dd-e038180391d3,0,194876732,194926720,ACCEPTED,,194926753,ok,50.021
bot-006,01a0c473-980c-7190-9fcc-b00dca9be54b,0,196476739,196526886,ACCEPTED,,196526918,ok,50.179
bot-006,01a0c473-9e1b-7470-88f6-0ccfc0f38051,0,198027027,198076621,ACCEPTED,,198076672,ok,49.645
bot-006,01a0c473-a45b-7274-a257-ebc4a4bbe234,0,199627245,199676857,ACCEPTED,,199676927,ok,49.682
bot-006,01a0c473-aa69-7686-a633-726dc93461df,0,201176894,201226838,ACCEPTED,,201226893,ok,49.999
bot-006,01a0c473-b0a8-766c-95ef-cfc2c3634f19,0,202776638,202826566,ACCEPTED,,202826600,ok,49.962
bot-006,01a0c473-b6e9-7682-b88a-87d429c6841d,0,204376779,204426668,ACCEPTED,,204426687,ok,49.908
bot-006,01a0c473-bcf7-77f9-8c7f-65c4ea46a3ee,0,205926984,205976886,ACCEPTED,,205976949,ok,49.965
bot-006,01a0c473-c305-70ff-9f7f-548e7e258de1,0,207476847,207526936,ACCEPTED,,207526988,ok,50.141
bot-007,01a0c470-a657-7692-b83d-f45beb8ed89c,0,3527111,3576643,ACCEPTED,,3576705,ok,49.594
bot-007,01a0c470-ac65-72f1-be47-f6973415bbeb,0,5077162,5126728,ACCEPTED,,5126782,ok,49.620
bot-007,01a0c470-b273-73d4-8c97-5d5cd1233207,0,6627333,6676682,ACCEPTED,,6676733,ok,49.400
bot-007,01a0c470-b880-7091-8f8b-334b3ac595cd,0,8176440,8226850,ACCEPTED,,8226913,ok,50.473
bot-007,01a0c470-bec0-73e1-8c9a-b2eec1dee487,0,9776760,9826669,ACCEPTED,,9826721,ok,49.961
bot-007,01a0c470-c4ce-72ea-9826-94e18c8b9353,0,11326463,11376649,ACCEPTED,,11376703,ok,50.240
bot-007,01a0c470-cb0f-72ca-89ab-ea8199d534a3,0,12926950,12976871,ACCEPTED,,12976919,ok,49.969
bot-007,01a0c470-d11c-75ca-9cc6-bb17d0aa0fb5,0,14476548,14526633,ACCEPTED,,14526780,ok,50.232
bot-007,01a0c470-d72b-77bd-bed8-1959356903f1,0,16027288,16076586,ACCEPTED,,16076651,ok,49.363
bot-007,01a0c470-dd38-773c-9f68-691783f6a948,0,17576526,17626486,ACCEPTED,,17626651,ok,50.125
bot-007,01a0c470-e347-705d-ba81-3303fe97da35,0,19127727,19176507,ACCEPTED,,19176558,ok,48.831
bot-007,01a0c470-e986-73f7-9c38-5a3d109f9081,0,20726623,20776941,ACCEPTED,,20777004,ok,50.381
bot-007,01a0c470-ef95-73a9-95f0-18b3fba92721,0,22276868,22326511,ACCEPTED,,22326565,ok,49.697
bot-007,01a0c470-f5a2-73cb-a950-3e06f800d3b2,0,23826595,23876710,ACCEPTED,,23876775,ok,50.180
bot-007,01a0c470-fbe3-76b9-ac59-3be561d91e37,0,25426827,25476609,ACCEPTED,,25476657,ok,49.830
bot-007,01a0c471-0223-7139-b9f1-8710e9b5b18f,0,27027097,27076441,ACCEPTED,,27076488,ok,49.391
bot-007,01a0c471-0863-7616-a2f6-53edbe2a0b5a,0,28626809,28676836,ACCEPTED,,28676890,ok,50.081
bot-007,01a0c471-0ea4-71fb-9793-c4b4631ae3a1,0,30228262,30276554,ACCEPTED,,30276620,ok,48.358
bot-007,01a0c471-14e3-7292-ad4b-88d1a4085f1c,0,31827046,31876809,ACCEPTED,,31876855,ok,49.809
bot-007,01a0c471-1b23-74f5-9e87-9d1f76c9fed1,0,33426848,33476594,ACCEPTED,,33476644,ok,49.796
bot-007,01a0c471-2163-7796-b7b3-e264a70ccc79,0,35027032,35076698,ACCEPTED,,35076760,ok,49.728
bot-007,01a0c471-2771-7097-8567-27cfe0fc5237,0,36577676,36626577,ACCEPTED,,36626636,ok,48.960
bot-007,01a0c471-2db1-7011-b546-857913b5b4bc,0,38176896,38226764,ACCEPTED,,38226824,ok,49.928
bot-007,01a0c471-33bf-7183-9d38-a14e6a98aca0,0,39727477,39776563,ACCEPTED,,39776611,ok,49.134
bot-007,01a0c471-39cc-74ef-9664-d8cafd2146c6,0,41276695,41326909,ACCEPTED,,41326995,ok,50.300
bot-007,01a0c471-3fdb-7227-b1e6-4bb45c772fc8,0,42827557,42876782,ACCEPTED,,42876828,ok,49.271
bot-007,01a0c471-461b-7449-b603-116ed9b565dc,0,44426885,44476870,ACCEPTED,,44476921,ok,50.036
bot-007,01a0c471-4c29-75de-a878-5cfe565cd809,0,45976795,46026748,ACCEPTED,,46026802,ok,50.007
bot-007,01a0c471-5269-777a-a7a3-d69657ca6975,0,47576884,47626520,ACCEPTED,,47626586,ok,49.702
bot-007,01a0c471-58a9-7010-a810-69521ba2f9b6,0,49176810,49226734,ACCEPTED,,49226797,ok,49.987
bot-007,01a0c471-5ee8-74e0-a6a4-2d22e36bb758,0,50776643,50827133,ACCEPTED,,50827199,ok,50.556
bot-007,01a0c471-6529-75e8-b99c-c09b691b27cf,0,52376953,52426690,ACCEPTED,,52426747,ok,49.794
bot-007,01a0c471-6b68-760f-8eb2-7505ec62057e,0,53976755,54026575,ACCEPTED,,54026760,ok,50.005
bot-007,01a0c471-71a9-76c0-9530-ec823ce3b49b,0,55576849,55626450,ACCEPTED,,55626512,ok,49.663
bot-007,01a0c471-77e8-742f-96b8-24f80cc61d5b,0,57176534,57226923,ACCEPTED,,57226995,ok,50.461
bot-007,01a0c471-7df6-742c-ab72-d3b5fb6a76d3,0,58726551,58776892,ACCEPTED,,58776947,ok,50.396
bot-007,01a0c471-8404-70d2-95ef-39b196740cd9,0,60276498,60326460,ACCEPTED,,60326522,ok,50.024
bot-007,01a0c471-8a13-742d-949d-6194eb60042b,0,61826986,61876500,ACCEPTED,,61876545,ok,49.559
bot-007,01a0c471-9052-723e-a6aa-9c63e983ce4e,0,63426718,63476839,ACCEPTED,,63476910,ok,50.192
bot-007,01a0c471-9660-731b-910c-98804d870c03,0,64976708,65026947,ACCEPTED,,65027012,ok,50.304
bot-007,01a0c471-9c6f-75a5-98cd-655510dc5738,0,66527252,66576482,ACCEPTED,,66576548,ok,49.296
bot-007,01a0c471-a2ae-756d-84bf-1e4ea0b25464,0,68126733,68176682,ACCEPTED,,68176732,ok,49.999
bot-007,01a0c471-a8ef-7571-86b4-c8155f6c075c,0,69727306,69776986,ACCEPTED,,69777035,ok,49.729
bot-007,01a0c471-af2f-7574-9098-139845820116,0,71326782,71376757,ACCEPTED,,71376815,ok,50.033
bot-007,01a0c471-b56e-70e9-afa2-c52b4ad7b347,0,72926659,72976865,ACCEPTED,,72976919,ok,50.260
bot-007,01a0c471-bb7d-741c-bcb1-3736b8729001,0,74476805,74526770,ACCEPTED,,74526843,ok,50.038
bot-007,01a0c471-c1bd-76a8-b49d-a1e59f847dce,0,76076848,76126516,ACCEPTED,,76126574,ok,49.726
bot-007,01a0c471-c7fc-73df-adad-091c7cfb426a,0,77676571,77726739,ACCEPTED,,77726802,ok,50.231
bot-007,01a0c471-ce3d-773c-b5d1-90cf348db63f,0,79276913,79326537,ACCEPTED,,79326597,ok,49.684
bot-007,01a0c471-d47c-73b4-bb2a-28f4ddfe88c7,0,80876588,80926839,ACCEPTED,,80926900,ok,50.312
bot-007,01a0c471-dabc-7767-9e86-e43b955d6746,0,82476686,82526824,ACCEPTED,,82526886,ok,50.200
bot-007,01a0c471-e0fd-774f-9183-be72139f977d,0,84076822,84126863,ACCEPTED,,84126922,ok,50.100
bot-007,01a0c471-e73d-7347-8708-3ea0650d719b,0,85676928,85726903,ACCEPTED,,85726964,ok,50.036
bot-007,01a0c471-ed4a-7080-b729-f91c37e9de70,0,87226702,87276847,ACCEPTED,,87276897,ok,50.195
bot-007,01a0c471-f38b-70bd-a3c9-42263fd4e7de,0,88826911,88876685,ACCEPTED,,88876730,ok,49.819
bot-007,01a0c471-f9cb-75f8-9edd-26093a054b43,0,90426841,90476803,ACCEPTED,,90476851,ok,50.010
bot-007,01a0c472-000b-77ee-8814-f096dac7f5ea,0,92026849,92076689,ACCEPTED,,92076736,ok,49.887
bot-007,01a0c472-064a-749b-aaf5-59f7a552651a,0,93626695,93676841,ACCEPTED,,93676899,ok,50.204
bot-007,01a0c472-0c8a-7173-9297-205732734a99,0,95226684,95276488,ACCEPTED,,95276540,ok,49.856
bot-007,01a0c472-12cb-7425-add0-38d0422406a7,0,96826983,96876865,ACCEPTED,,96876920,ok,49.937
bot-007,01a0c472-190b-75b1-9a7f-49559f6758e0,0,98426802,98476591,ACCEPTED,,98476639,ok,49.837
bot-007,01a0c472-1f4b-74f9-8271-5a71f40f9117,0,100026977,100076730,ACCEPTED,,100076794,ok,49.817
bot-007,01a0c472-258b-7346-98a3-7588c3f285ab,0,101626937,101676797,ACCEPTED,,101676861,ok,49.924
bot-007,01a0c472-2bcb-7408-a917-78f5e2f711be,0,103227060,103277151,ACCEPTED,,103277206,ok,50.146
bot-007,01a0c472-320a-77d7-ab5a-ca4de9f47c22,0,104826667,104876658,ACCEPTED,,104876721,ok,50.054
bot-007,01a0c472-3819-7616-88da-07c2cef7a821,0,106376805,106426761,ACCEPTED,,106426825,ok,50.020
bot-007,01a0c472-3e27-71a1-a28a-0c677c741b3d,0,107927250,107976700,ACCEPTED,,107976770,ok,49.520
bot-007,01a0c472-4434-7378-b89f-be593ec8f228,0,109476503,109526831,ACCEPTED,,109526891,ok,50.388
bot-007,01a0c472-4a74-712c-985d-ffdcaaf01f11,0,111076751,111126773,ACCEPTED,,111126832,ok,50.081
bot-007,01a0c472-5084-72c7-abd8-e2e231f1a0b4,0,112627908,112676631,ACCEPTED,,112676681,ok,48.773
bot-007,01a0c472-5691-7549-90dc-121f91ecbbdf,0,114176837,114226622,ACCEPTED,,114226682,ok,49.845
bot-007,01a0c472-5cd0-702f-ad2e-72c429a9b189,0,115776744,115826951,ACCEPTED,,115827013,ok,50.269
bot-007,01a0c472-6311-731c-ae78-a77ed6992678,0,117376941,117426728,ACCEPTED,,117426786,ok,49.845
bot-007,01a0c472-6950-7363-a0c2-62de922eb0d2,0,118976653,119026765,ACCEPTED,,119026822,ok,50.169
bot-007,01a0c472-6f91-7322-a419-d830b4f4057f,0,120577164,120626617,ACCEPTED,,120626677,ok,49.513
bot-007,01a0c472-75d0-758d-add1-defcd99d563a,0,122176575,122226763,ACCEPTED,,122226820,ok,50.245
bot-007,01a0c472-7c10-7263-80bf-1f03bd36e22a,0,123776646,123826497,ACCEPTED,,123826556,ok,49.910
bot-007,01a0c472-8251-73fd-9ee6-36059cea5898,0,125377073,125426919,ACCEPTED,,125426984,ok,49.911
bot-007,01a0c472-8891-756e-b99c-0f342b7f2f3d,0,126976871,127026632,ACCEPTED,,127026697,ok,49.826
bot-007,01a0c472-8ed1-769c-8373-4cef9e801612,0,128576905,128626587,ACCEPTED,,128626640,ok,49.735
bot-007,01a0c472-9510-772e-8e16-5508a6769023,0,130176679,130226684,ACCEPTED,,130226747,ok,50.068
bot-007,01a0c472-9b1f-7221-934c-1c51f304a355,0,131726835,131776579,ACCEPTED,,131776624,ok,49.789
bot-007,01a0c472-a12e-74d5-8ebf-38795bb1db43,0,133277788,133326580,ACCEPTED,,133326637,ok,48.849
bot-007,01a0c472-a76c-776b-b6aa-fb99646a5314,0,134876631,134926973,ACCEPTED,,134927036,ok,50.405
bot-007,01a0c472-ad7b-70af-aa1d-5e281c277845,0,136427292,136476572,ACCEPTED,,136476618,ok,49.326
bot-007,01a0c472-b389-7506-9dd3-73e8d2751232,0,137976908,138026469,ACCEPTED,,138026528,ok,49.620
bot-007,01a0c472-b9c9-75ee-ae9c-cd1385ef084c,0,139576941,139626787,ACCEPTED,,139626846,ok,49.905
bot-007,01a0c472-bfd7-7530-90e5-7a535e50e6a8,0,141127079,141176509,ACCEPTED,,141176559,ok,49.480
bot-007,01a0c472-c5e5-7769-bdb8-688e6c186453,0,142676995,142726872,ACCEPTED,,142726931,ok,49.936
bot-007,01a0c472-cc24-7124-a745-50d0c4f8e481,0,144276725,144326696,ACCEPTED,,144326758,ok,50.033
bot-007,01a0c472-d233-702e-b56b-b1d7b446fa08,0,145826788,145876692,ACCEPTED,,145876743,ok,49.955
bot-007,01a0c472-d840-76c8-be8d-f5fe840004b5,0,147376719,147426559,ACCEPTED,,147426614,ok,49.895
bot-007,01a0c472-de80-73b0-843f-7a1925596864,0,148976544,149026614,ACCEPTED,,149026674,ok,50.130
bot-007,01a0c472-e48f-7565-8246-8ed88b136bb7,0,150527520,150576885,ACCEPTED,,150576920,ok,49.400
bot-007,01a0c472-eacf-73d5-8144-b6511336800e,0,152127072,152177037,ACCEPTED,,152177101,ok,50.029
bot-007,01a0c472-f10f-727e-b144-51125563da92,0,153727234,153776759,ACCEPTED,,153776817,ok,49.583
bot-007,01a0c472-f74f-72f5-a4ca-425e5d968167,0,155327652,155376977,ACCEPTED,,155377015,ok,49.363
bot-007,01a0c472-fd8e-7650-8c4f-8b3fab5aaa92,0,156926585,156977247,ACCEPTED,,156977267,ok,50.682
bot-007,01a0c473-039c-7397-84f4-433a84e6af38,0,158476667,158527106,ACCEPTED,,158527165,ok,50.498
bot-007,01a0c473-09dd-71c6-98fb-820e0ac935ef,0,160077126,160126479,ACCEPTED,,160126545,ok,49.419
bot-007,01a0c473-101c-72f8-b107-1778e85c4e6b,0,161676598,161727009,ACCEPTED,,161727022,ok,50.424
bot-007,01a0c473-165d-71a7-b94c-827b2e935c51,0,163276917,163326746,ACCEPTED,,163326804,ok,49.887
bot-007,01a0c473-1c9d-7169-87e9-1d2aaf67913f,0,164876929,164927240,ACCEPTED,,164927258,ok,50.329
bot-007,01a0c473-22ab-719a-9d8f-138ce85a60de,0,166427016,166476872,ACCEPTED,,166476902,ok,49.886
bot-007,01a0c473-28ba-76ff-872d-c51e669f8bb5,0,167977835,168027037,ACCEPTED,,168027053,ok,49.218
bot-007,01a0c473-2ef9-77d3-9239-d22131ed8345,0,169576816,169626952,ACCEPTED,,169627005,ok,50.189
bot-007,01a0c473-3538-70fd-96eb-21b2378563b1,0,171176737,171226515,ACCEPTED,,171226577,ok,49.840
bot-007,01a0c473-3b47-7248-8f87-e0829fa2c3d8,0,172727144,172776860,ACCEPTED,,172776922,ok,49.778
bot-007,01a0c473-4154-748e-b77a-e7c2ad9a52cc,0,174276733,174326646,ACCEPTED,,174326666,ok,49.933
bot-007,01a0c473-4795-712a-a64f-fed9f14fb9b2,0,175877033,175926877,ACCEPTED,,175926895,ok,49.862
bot-007,01a0c473-4dd5-775f-b93e-9d12d7cb11a0,0,177476823,177526536,ACCEPTED,,177526592,ok,49.769
bot-007,01a0c473-53e3-73dc-b54d-573d94893fa8,0,179027221,179076682,ACCEPTED,,179076731,ok,49.510
bot-007,01a0c473-5a23-751e-8b0f-e93d131a1177,0,180627023,180676706,ACCEPTED,,180676758,ok,49.735
bot-007,01a0c473-6031-741b-a38b-46ae9b2a4219,0,182177213,182226666,ACCEPTED,,182226728,ok,49.515
bot-007,01a0c473-663e-7254-b69c-40346a348621,0,183726756,183776471,ACCEPTED,,183776523,ok,49.767
bot-007,01a0c473-6c7f-7610-9ae4-c7187a434062,0,185327240,185376827,ACCEPTED,,185376865,ok,49.625
bot-007,01a0c473-72bf-76bd-9cdb-d3eaf15f680f,0,186927663,186976933,ACCEPTED,,186976962,ok,49.299
bot-007,01a0c473-78ff-778f-b10b-427677d658dd,0,188526806,188576621,ACCEPTED,,188576673,ok,49.867
bot-007,01a0c473-7f3f-73c8-b68c-2baec5b2334c,0,190127356,190176531,ACCEPTED,,190176591,ok,49.235
bot-007,01a0c473-857f-76f1-8850-37c71750dac9,0,191727100,191776911,ACCEPTED,,191776962,ok,49.862
bot-007,01a0c473-8bbf-775f-882d-5f67bf5533b0,0,193326810,193376833,ACCEPTED,,193376892,ok,50.082
bot-007,01a0c473-91cc-76ca-95dd-e03727962399,0,194876732,194926828,ACCEPTED,,194926847,ok,50.115
bot-007,01a0c473-980c-7190-9fcc-b00e5acd377e,0,196476739,196526830,ACCEPTED,,196526844,ok,50.105
bot-007,01a0c473-9e1b-7470-88f6-0cd104ccbc8a,0,198027297,198076682,ACCEPTED,,198076707,ok,49.410
bot-007,01a0c473-a45b-7274-a257-ebc38d86537b,0,199627096,199676876,ACCEPTED,,199676927,ok,49.831
bot-007,01a0c473-aa69-7686-a633-726b97a62dd8,0,201176894,201226937,ACCEPTED,,201226954,ok,50.060
bot-007,01a0c473-b0a9-70bf-b4f7-283ad2c17484,0,202776805,202826649,ACCEPTED,,202826669,ok,49.864
bot-007,01a0c473-b6e8-75ee-898c-2526ed9f3467,0,204376706,204426722,ACCEPTED,,204426740,ok,50.034
bot-007,01a0c473-bcf7-77f9-8c7f-65c6275afff8,0,205927291,205976886,ACCEPTED,,205976949,ok,49.658
bot-007,01a0c473-c305-70ff-9f7f-548fc991cb8f,0,207477029,207526953,ACCEPTED,,207526992,ok,49.963
bot-008,01a0c470-a84b-73af-b206-87e200049ea4,0,4026803,4076719,ACCEPTED,,4076768,ok,49.965
bot-008,01a0c470-ae8b-7405-9bfc-e2188d67d973,0,5626832,5676650,ACCEPTED,,5676713,ok,49.881
bot-008,01a0c470-b4ca-74f5-8ed6-7ec08c6c970e,0,7226499,7276630,ACCEPTED,,7276670,ok,50.171
bot-008,01a0c470-bb0a-761b-bf69-5fa007ce4ba2,0,8826604,8876579,ACCEPTED,,8876640,ok,50.036
bot-008,01a0c470-c14a-77ae-a1fd-8d8e952bade5,0,10426547,10476749,ACCEPTED,,10476799,ok,50.252
bot-008,01a0c470-c78b-73ef-8349-07577845ba4d,0,12027220,12076920,ACCEPTED,,12076971,ok,49.751
bot-008,01a0c470-cd99-7422-8634-03874e67e9b4,0,13576965,13626596,ACCEPTED,,13626650,ok,49.685
bot-008,01a0c470-d3a6-72dc-992a-7230d7da9893,0,15126683,15176776,ACCEPTED,,15176839,ok,50.156
bot-008,01a0c470-d9b4-7229-9b8c-5f74ad2e53ad,0,16676596,16726897,ACCEPTED,,16726918,ok,50.322
bot-008,01a0c470-dfc3-7333-83c6-d2096f78af17,0,18226843,18276882,ACCEPTED,,18276944,ok,50.101
bot-008,01a0c470-e5d2-718a-82e8-56fb420a1aab,0,19777849,19826437,ACCEPTED,,19826493,ok,48.644
bot-008,01a0c470-ec10-7658-9f28-1ebafc260f0e,0,21376599,21426939,ACCEPTED,,21426995,ok,50.396
bot-008,01a0c470-f21f-7084-8030-f2ee92e88e24,0,22926813,22976593,ACCEPTED,,22976649,ok,49.836
bot-008,01a0c470-f82d-7112-81ef-e014f3b89362,0,24477034,24526931,ACCEPTED,,24526950,ok,49.916
bot-008,01a0c470-fe3b-76b3-b66a-678b6071992d,0,26026852,26076742,ACCEPTED,,26076787,ok,49.935
bot-008,01a0c471-044a-760d-a555-38131ddb6501,0,27577947,27627009,ACCEPTED,,27627032,ok,49.085
bot-008,01a0c471-0a88-717b-a874-e4a85e989238,0,29176699,29226469,ACCEPTED,,29226531,ok,49.832
bot-008,01a0c471-10c9-70df-bd2c-3afb19995dd4,0,30776998,30826610,ACCEPTED,,30826661,ok,49.663
bot-008,01a0c471-1708-74d2-97dd-f4602e2b6d58,0,32376713,32426592,ACCEPTED,,32426648,ok,49.935
bot-008,01a0c471-1d48-75f4-bee2-fa1e8363ff1f,0,33976584,34026626,ACCEPTED,,34026687,ok,50.103
bot-008,01a0c471-2356-739e-b54b-105f2914beb8,0,35526607,35576761,ACCEPTED,,35576827,ok,50.220
bot-008,01a0c471-2997-72ab-b6c9-0f4bd26b7fe5,0,37126896,37176678,ACCEPTED,,37176735,ok,49.839
bot-008,01a0c471-2fa5-75f9-9240-d90e15e88947,0,38676857,38727063,ACCEPTED,,38727082,ok,50.225
bot-008,01a0c471-35b3-71b2-a518-627fbc96fa82,0,40226923,40276891,ACCEPTED,,40276942,ok,50.019
bot-008,01a0c471-3bc0-7571-9557-dcac09f46c23,0,41776612,41826977,ACCEPTED,,41826993,ok,50.381
bot-008,01a0c471-4200-776d-a383-728e84d121e2,0,43376726,43427036,ACCEPTED,,43427101,ok,50.375
bot-008,01a0c471-4840-76cb-990e-5497b24c3ca6,0,44976674,45026572,ACCEPTED,,45026627,ok,49.953
bot-008,01a0c471-4e4f-7582-b5f2-0e5b0d53a203,0,46527249,46576645,ACCEPTED,,46576704,ok,49.455
bot-008,01a0c471-548f-75a9-8679-22f6e5b2b820,0,48127013,48176817,ACCEPTED,,48176879,ok,49.866
bot-008,01a0c471-5ace-7743-955a-9c215876f9a4,0,49726581,49776586,ACCEPTED,,49776623,ok,50.042
bot-008,01a0c471-610f-708f-87fc-5f8b6e01320c,0,51326991,51376867,ACCEPTED,,51376919,ok,49.928
bot-008,01a0c471-671d-70b3-86ed-6c90ded74a98,0,52876994,52926705,ACCEPTED,,52926759,ok,49.765
bot-008,01a0c471-6d5d-7103-b9d8-2548da81f0a5,0,54477070,54526615,ACCEPTED,,54526683,ok,49.613
bot-008,01a0c471-739c-7778-99af-33b73f5ee248,0,56076735,56126796,ACCEPTED,,56126812,ok,50.077
bot-008,01a0c471-79ab-7760-944f-d2ea031e62c6,0,57627128,57676932,ACCEPTED,,57676995,ok,49.867
bot-008,01a0c471-7fb9-7699-a919-f0516a789c42,0,59177029,59226866,ACCEPTED,,59226919,ok,49.890
bot-008,01a0c471-85c7-74b7-a484-51d85eb30847,0,60727022,60776925,ACCEPTED,,60776968,ok,49.946
bot-008,01a0c471-8c07-7207-9c86-c6b08e813d8e,0,62326957,62376903,ACCEPTED,,62376967,ok,50.010
bot-008,01a0c471-9247-7548-8db8-49c7cbb71e4f,0,63927032,63976853,ACCEPTED,,63976905,ok,49.873
bot-008,01a0c471-9855-70c4-b725-26f0d9c6baf7,0,65476918,65527052,ACCEPTED,,65527345,ok,50.427
bot-008,01a0c471-9e95-7334-827f-ab2e8dcff993,0,67076947,67126902,ACCEPTED,,67126956,ok,50.009
bot-008,01a0c471-a4d5-7082-bac7-fa034e2e70ee,0,68676799,68726932,ACCEPTED,,68726995,ok,50.196
bot-008,01a0c471-ab14-7750-8033-3fbce86eb812,0,70276764,70326780,ACCEPTED,,70326836,ok,50.072
bot-008,01a0c471-b155-7338-af42-cc673304efaf,0,71876932,71926649,ACCEPTED,,71926677,ok,49.745
bot-008,01a0c471-b795-7514-ad43-c1c88e115bb9,0,73476863,73526786,ACCEPTED,,73526844,ok,49.981
bot-008,01a0c471-bda3-7128-a8a7-01ab07a13155,0,75026815,75076821,ACCEPTED,,75076879,ok,50.064
bot-008,01a0c471-c3e2-7560-9660-cdd05e0ae94e,0,76626673,76676912,ACCEPTED,,76676970,ok,50.297
bot-008,01a0c471-ca23-71e0-acdc-6220591554d9,0,78226773,78276695,ACCEPTED,,78276749,ok,49.976
bot-008,01a0c471-d063-7653-a3f9-901068e3171b,0,79826989,79876764,ACCEPTED,,79876824,ok,49.835
bot-008,01a0c471-d6a3-72d5-86c4-b9ccfea973c0,0,81426867,81476896,ACCEPTED,,81476962,ok,50.095
bot-008,01a0c471-dce3-7540-950a-410d158eccba,0,83026922,83076573,ACCEPTED,,83076633,ok,49.711
bot-008,01a0c471-e323-769d-87d6-be192c99ee1c,0,84626976,84676830,ACCEPTED,,84676891,ok,49.915
bot-008,01a0c471-e963-7150-ae04-aa7169096125,0,86226835,86276626,ACCEPTED,,86276674,ok,49.839
bot-008,01a0c471-efa3-716d-a4d7-bc299773bcd6,0,87827022,87876878,ACCEPTED,,87876938,ok,49.916
bot-008,01a0c471-f5b0-7510-aab3-e288fc8c6465,0,89376576,89426689,ACCEPTED,,89426747,ok,50.171
bot-008,01a0c471-fbf1-74f4-97fe-f368e83babf6,0,90977043,91026841,ACCEPTED,,91026871,ok,49.828
bot-008,01a0c472-0231-71fe-b047-6ac98dd2b588,0,92576818,92627018,ACCEPTED,,92627079,ok,50.261
bot-008,01a0c472-0871-7398-8162-bdd3956d2d9c,0,94176821,94226927,ACCEPTED,,94227521,ok,50.700
bot-008,01a0c472-0eb1-7706-bd6c-5630ca46daa9,0,95776818,95827025,ACCEPTED,,95827044,ok,50.226
bot-008,01a0c472-14f0-72f5-9b13-85c8b08ee73f,0,97376592,97426859,ACCEPTED,,97426913,ok,50.321
bot-008,01a0c472-1b31-71d1-9715-bf43bbaa73d1,0,98976826,99026946,ACCEPTED,,99026963,ok,50.137
bot-008,01a0c472-2171-7175-b11f-922dfc191769,0,100577053,100626927,ACCEPTED,,100626982,ok,49.929
bot-008,01a0c472-27b0-7416-b270-9e2ece1baeee,0,102176579,102226590,ACCEPTED,,102226650,ok,50.071
bot-008,01a0c472-2df1-72f0-bf51-06b2c5b7bf17,0,103776846,103826748,ACCEPTED,,103826767,ok,49.921
bot-008,01a0c472-3430-74b9-8413-c30939557d89,0,105376694,105426722,ACCEPTED,,105426774,ok,50.080
bot-008,01a0c472-3a71-73c6-a5a5-c4832826cdf9,0,106976785,107026491,ACCEPTED,,107026545,ok,49.760
bot-008,01a0c472-40b1-7589-9891-cc05e3b6f4e4,0,108576984,108626888,ACCEPTED,,108626907,ok,49.923
bot-008,01a0c472-46f1-7055-a644-4213da6021fd,0,110176973,110227099,ACCEPTED,,110227121,ok,50.148
bot-008,01a0c472-4cff-712f-8ce1-f09d41309f51,0,111727620,111776475,ACCEPTED,,111776537,ok,48.917
bot-008,01a0c472-530d-721e-9b26-c73ae1c9876e,0,113276882,113326792,ACCEPTED,,113326853,ok,49.971
bot-008,01a0c472-594c-7592-9358-f1ffc29b1b0c,0,114876630,114926916,ACCEPTED,,114926969,ok,50.339
bot-008,01a0c472-5f8c-75d4-97d2-da02d35d8d3b,0,116476746,116526920,ACCEPTED,,116526941,ok,50.195
bot-008,01a0c472-65cd-749e-8618-95652103cbcc,0,118077007,118126483,ACCEPTED,,118126535,ok,49.528
bot-008,01a0c472-6c0d-7630-9214-3bfc507a029a,0,119676888,119726488,ACCEPTED,,119726557,ok,49.669
bot-008,01a0c472-721b-751e-be6e-e29a61cec07f,0,121227367,121276508,ACCEPTED,,121276569,ok,49.202
bot-008,01a0c472-785a-75db-85d5-7d304237f156,0,122826711,122876651,ACCEPTED,,122876694,ok,49.983
bot-008,01a0c472-7e9b-7015-a6e3-6f1202ebf292,0,124426907,124476560,ACCEPTED,,124476621,ok,49.714
bot-008,01a0c472-84db-77a7-bb6e-a180dbba8fe9,0,126027007,126076525,ACCEPTED,,126076585,ok,49.578
bot-008,01a0c472-8ae8-7674-9b72-e5670a9eedb2,0,127576748,127627026,ACCEPTED,,127627043,ok,50.295
bot-008,01a0c472-9129-72b2-85b5-29c94d850b08,0,129177086,129226781,ACCEPTED,,129226804,ok,49.718
bot-008,01a0c472-9769-77c6-98e0-22d420856eff,0,130777016,130826772,ACCEPTED,,130826884,ok,49.868
bot-008,01a0c472-9da9-75ec-b227-2e5f186adf1f,0,132376908,132427144,ACCEPTED,,132427176,ok,50.268
bot-008,01a0c472-a3e9-76f2-b9ee-4fccc75d5af1,0,133976958,134026933,ACCEPTED,,134026989,ok,50.031
bot-008,01a0c472-a9f7-7224-bfc7-ee4dca5aafb4,0,135527217,135576749,ACCEPTED,,135576813,ok,49.596
bot-008,01a0c472-b037-742f-b0e0-26bea63dda67,0,137127033,137176747,ACCEPTED,,137176803,ok,49.770
bot-008,01a0c472-b676-7415-a4ba-1cf5b2874d04,0,138726566,138776732,ACCEPTED,,138776777,ok,50.211
bot-008,01a0c472-bcb7-768f-bd05-d4afde5c3255,0,140327101,140376820,ACCEPTED,,140376874,ok,49.773
bot-008,01a0c472-c2f7-754d-95f6-37d4b31e8b24,0,141927214,141976703,ACCEPTED,,141976757,ok,49.543
bot-008,01a0c472-c904-74b4-abd3-d171067b246b,0,143476630,143526498,ACCEPTED,,143526553,ok,49.923
bot-008,01a0c472-cf45-76dc-b34c-7265a73e022e,0,145077062,145126538,ACCEPTED,,145126570,ok,49.508
bot-008,01a0c472-d584-7750-b88e-c6531f481af4,0,146676647,146726769,ACCEPTED,,146726787,ok,50.140
bot-008,01a0c472-dbc5-70b0-aa58-7a71e5766c73,0,148277035,148326876,ACCEPTED,,148326890,ok,49.855
bot-008,01a0c472-e1d2-7663-9826-a95287c65b17,0,149826755,149877099,ACCEPTED,,149877154,ok,50.399
bot-008,01a0c472-e813-7728-a104-a7c4fc8a1c9a,0,151426794,151476802,ACCEPTED,,151476860,ok,50.066
bot-008,01a0c472-ee53-7325-821f-e22bbfce29bc,0,153027151,153076958,ACCEPTED,,153077003,ok,49.852
bot-008,01a0c472-f493-717d-9385-64309aca3f54,0,154626924,154676724,ACCEPTED,,154676774,ok,49.850
bot-008,01a0c472-faa0-721e-ac89-e98f4dd4b7a3,0,156176730,156226813,ACCEPTED,,156226869,ok,50.139
bot-008,01a0c473-00ae-75e2-a270-14e96c53dbdb,0,157726496,157776542,ACCEPTED,,157776586,ok,50.090
bot-008,01a0c473-06bc-74e2-8b36-7173995a67b8,0,159276704,159326991,ACCEPTED,,159327051,ok,50.347
bot-008,01a0c473-0ccb-7310-85bc-eb3ca2804586,0,160827506,160876655,ACCEPTED,,160876705,ok,49.199
bot-008,01a0c473-130b-7011-ab81-d32ea7ae004a,0,162426970,162476839,ACCEPTED,,162476899,ok,49.929
bot-008,01a0c473-194b-76f7-a7d0-7c386303c649,0,164026960,164076871,ACCEPTED,,164076931,ok,49.971
bot-008,01a0c473-1f8b-749c-8db2-18b9a2cb1803,0,165626841,165676857,ACCEPTED,,165676902,ok,50.061
bot-008,01a0c473-25cb-77cd-bca5-1512d198a1f2,0,167227002,167276932,ACCEPTED,,167276990,ok,49.988
bot-008,01a0c473-2bd9-723a-8e6b-fc2a969bf425,0,168776904,168826933,ACCEPTED,,168827270,ok,50.366
bot-008,01a0c473-31e6-7487-ba43-e130691dd8ab,0,170326471,170376495,ACCEPTED,,170376550,ok,50.079
bot-008,01a0c473-3826-714f-9445-b75067f3c01e,0,171926658,171976699,ACCEPTED,,171976748,ok,50.090
bot-008,01a0c473-3e67-770a-83ac-b9b6cd4ca44e,0,173527097,173576499,ACCEPTED,,173576561,ok,49.464
bot-008,01a0c473-44a7-75e1-ba45-237735306f12,0,175127188,175176868,ACCEPTED,,175176918,ok,49.730
bot-008,01a0c473-4ae7-763d-ae83-c5ca86b6ad57,0,176727190,176776901,ACCEPTED,,176776960,ok,49.770
bot-008,01a0c473-50f4-7483-ae57-49b598970563,0,178276603,178326715,ACCEPTED,,178326735,ok,50.132
bot-008,01a0c473-5734-7120-95f5-a57c0c9634a2,0,179876732,179926772,ACCEPTED,,179926833,ok,50.101
bot-008,01a0c473-5d43-71a5-aed5-e37551dadbc0,0,181427412,181476625,ACCEPTED,,181476674,ok,49.262
bot-008,01a0c473-6351-72b2-bd1d-cc7d907d62ed,0,182976889,183026602,ACCEPTED,,183026657,ok,49.768
bot-008,01a0c473-6991-7420-b1d9-8713e9521427,0,184577004,184626730,ACCEPTED,,184626781,ok,49.777
bot-008,01a0c473-6fd0-73e2-841b-dda593bbe7d2,0,186176668,186226497,ACCEPTED,,186226551,ok,49.883
bot-008,01a0c473-7610-74de-a6db-e87663620c67,0,187776567,187827050,ACCEPTED,,187827070,ok,50.503
bot-008,01a0c473-7c51-75cb-9047-004df0226b37,0,189376986,189427014,ACCEPTED,,189427067,ok,50.081
bot-008,01a0c473-8290-7320-9421-665489570b66,0,190976536,191026899,ACCEPTED,,191026957,ok,50.421
bot-008,01a0c473-889e-76a7-ac50-cbed57403874,0,192526717,192576651,ACCEPTED,,192576713,ok,49.996
bot-008,01a0c473-8edf-73d2-907f-f69cb30ff404,0,194126980,194176743,ACCEPTED,,194176808,ok,49.828
bot-008,01a0c473-951f-7623-adad-61f8b9666923,0,195726819,195776553,ACCEPTED,,195776597,ok,49.778
bot-008,01a0c473-9b2d-7083-86b1-3c024b80db92,0,197276923,197327010,ACCEPTED,,197327028,ok,50.105
bot-008,01a0c473-a13c-73c2-aebb-757be769baf5,0,198827983,198876701,ACCEPTED,,198876754,ok,48.771
bot-008,01a0c473-a77b-721b-bd9c-1d14d6c72195,0,200427168,200476896,ACCEPTED,,200476962,ok,49.794
bot-008,01a0c473-ad89-7208-8c7c-02fb65436617,0,201976879,202026749,ACCEPTED,,202026804,ok,49.925
bot-008,01a0c473-b397-7340-b276-cb980bee4914,0,203527567,203576525,ACCEPTED,,203576574,ok,49.007
bot-008,01a0c473-b9d7-716d-8e99-51bc32642282,0,205126986,205176663,ACCEPTED,,205176714,ok,49.728
bot-008,01a0c473-c017-7265-96d1-f0dc9911482d,0,206727179,206776882,ACCEPTED,,206776936,ok,49.757
bot-008,01a0c473-c657-75ae-8030-baf5e8de3e6f,0,208326808,208376765,ACCEPTED,,208376824,ok,50.016
bot-009,01a0c470-aa3f-7629-974f-e747c51dcfff,0,4526870,4576528,ACCEPTED,,4576582,ok,49.712
bot-009,01a0c470-b04c-760e-8b88-ffb47047b249,0,6076537,6126929,ACCEPTED,,6126995,ok,50.458
bot-009,01a0c470-b65b-701d-9ef9-2f968a6a86ab,0,7627581,7676610,ACCEPTED,,7676661,ok,49.080
bot-009,01a0c470-bc9b-7455-887b-ca2bd2a60a08,0,9227230,9276635,ACCEPTED,,9276687,ok,49.457
bot-009,01a0c470-c2a9-74d8-bcf0-d445b04a039a,0,10776934,10826462,ACCEPTED,,10826523,ok,49.589
bot-009,01a0c470-c8e9-7400-ada9-d690500dff23,0,12376769,12426860,ACCEPTED,,12426915,ok,50.146
bot-009,01a0c470-cef7-710a-8f88-3620c484a826,0,13927132,13976664,ACCEPTED,,13976714,ok,49.582
bot-009,01a0c470-d505-764e-87e1-d727206169ba,0,15476978,15526820,ACCEPTED,,15526885,ok,49.907
bot-009,01a0c470-db13-70de-b20b-d2de0210d664,0,17026834,17076473,ACCEPTED,,17076524,ok,49.690
bot-009,01a0c470-e153-7696-af39-275646887e00,0,18626881,18676734,ACCEPTED,,18676785,ok,49.904
bot-009,01a0c470-e761-76fb-8c12-7551935da239,0,20176785,20226618,ACCEPTED,,20226674,ok,49.889
bot-009,01a0c470-eda1-7042-bf04-18471799c253,0,21777057,21826696,ACCEPTED,,21826757,ok,49.700
bot-009,01a0c470-f3af-7634-ba7c-776b665fc519,0,23327302,23376556,ACCEPTED,,23376613,ok,49.311
bot-009,01a0c470-f9ee-7256-a752-a168fa95fb5c,0,24926684,24977127,ACCEPTED,,24977186,ok,50.502
bot-009,01a0c471-002e-754e-85f3-10cd048dbb39,0,26526705,26576770,ACCEPTED,,26576816,ok,50.111
bot-009,01a0c471-066f-73ee-a183-c2824df7704a,0,28126913,28176632,ACCEPTED,,28176695,ok,49.782
bot-009,01a0c471-0cae-7523-bc14-259b2c6cc9bd,0,29726702,29776493,ACCEPTED,,29776546,ok,49.844
bot-009,01a0c471-12ee-7590-b52d-428f17dc63e6,0,31326729,31376730,ACCEPTED,,31376776,ok,50.047
bot-009,01a0c471-192e-74f2-9d2d-fc231de29446,0,32926660,32976629,ACCEPTED,,32976677,ok,50.017
bot-009,01a0c471-1f6f-7502-bdd1-e953389e0698,0,34526973,34576637,ACCEPTED,,34576695,ok,49.722
bot-009,01a0c471-25af-7485-8284-3becce65a8be,0,36126929,36176825,ACCEPTED,,36176888,ok,49.959
bot-009,01a0c471-2bbd-70dc-a787-ff4a25b3278d,0,37676927,37726771,ACCEPTED,,37726826,ok,49.899
bot-009,01a0c471-31cb-716c-a778-e5c8b8a61f1e,0,39227180,39276825,ACCEPTED,,39276875,ok,49.695
bot-009,01a0c471-37d9-756a-ab40-ae274ae1f8a6,0,40777024,40826849,ACCEPTED,,40826905,ok,49.881
bot-009,01a0c471-3de6-70f0-adb0-8c99484981bf,0,42326730,42376655,ACCEPTED,,42376705,ok,49.975
bot-009,01a0c471-43f6-7668-9d31-7a5d0a29a6a6,0,43877817,43926541,ACCEPTED,,43926601,ok,48.784
bot-009,01a0c471-4a34-74b3-b57d-e72dbd060375,0,45476610,45526906,ACCEPTED,,45526966,ok,50.356
bot-009,01a0c471-5075-7207-8761-95a8a5280d84,0,47076984,47126777,ACCEPTED,,47126831,ok,49.847
bot-009,01a0c471-56b4-7278-879b-5faa8de9aa89,0,48676639,48726819,ACCEPTED,,48726877,ok,50.238
bot-009,01a0c471-5cf4-7416-9b94-cd6ebef725e6,0,50276704,50326847,ACCEPTED,,50326899,ok,50.195
bot-009,01a0c471-6334-7440-8f5e-c41730723762,0,51876649,51926903,ACCEPTED,,51926959,ok,50.310
bot-009,01a0c471-6942-742f-823f-0e0c76466be3,0,53426585,53476480,ACCEPTED,,53476529,ok,49.944
bot-009,01a0c471-6f83-7511-82f5-3f4da552e9b0,0,55026794,55076779,ACCEPTED,,55076841,ok,50.047
bot-009,01a0c471-75c3-7708-9e0a-9afd426438a4,0,56627078,56676434,ACCEPTED,,56676490,ok,49.412
bot-009,01a0c471-7c03-77a5-9495-107bb964e0b7,0,58226851,58276792,ACCEPTED,,58276843,ok,49.992
bot-009,01a0c471-8210-7271-9d04-5b6addd0860d,0,59776688,59826444,ACCEPTED,,59826503,ok,49.815
bot-009,01a0c471-8851-72a7-b12b-d7a671687c87,0,61376791,61426915,ACCEPTED,,61426971,ok,50.180
bot-009,01a0c471-8e90-75ce-a307-a50baa4c35b1,0,62976683,63026778,ACCEPTED,,63026842,ok,50.159
bot-009,01a0c471-949e-75e8-9d78-882fda0c2db3,0,64526685,64576569,ACCEPTED,,64576619,ok,49.934
bot-009,01a0c471-9aac-748d-b44a-b131a4886478,0,66076714,66126630,ACCEPTED,,66126689,ok,49.975
bot-009,01a0c471-a0bb-760b-a752-4121d60f738a,0,67627095,67676643,ACCEPTED,,67676695,ok,49.600
bot-009,01a0c471-a6fa-7408-90f2-539519363283,0,69226569,69276552,ACCEPTED,,69276602,ok,50.033
bot-009,01a0c471-ad3b-7484-b336-8ff5a965d5dd,0,70827060,70876451,ACCEPTED,,70876502,ok,49.442
bot-009,01a0c471-b37a-72f6-a317-983e9bdf9e6e,0,72426759,72476782,ACCEPTED,,72476875,ok,50.116
bot-009,01a0c471-b9bb-70f5-8433-9d564b6f4e2e,0,74027105,74076816,ACCEPTED,,74076868,ok,49.763
bot-009,01a0c471-bfc8-7616-ab46-a0acf8e67578,0,75576638,75626618,ACCEPTED,,75626678,ok,50.040
bot-009,01a0c471-c609-70c4-9417-e7e6c1a7f22a,0,77176821,77226500,ACCEPTED,,77226556,ok,49.735
bot-009,01a0c471-cc49-739e-94ca-5ae0dda14342,0,78776832,78826501,ACCEPTED,,78826564,ok,49.732
bot-009,01a0c471-d257-77c8-971d-0a1dcf88b581,0,80327596,80376848,ACCEPTED,,80376901,ok,49.305
bot-009,01a0c471-d897-752e-8d94-fe33fdef06d3,0,81927098,81976777,ACCEPTED,,81976829,ok,49.731
bot-009,01a0c471-ded7-7698-8194-feac6a420e87,0,83526796,83576577,ACCEPTED,,83576637,ok,49.841
bot-009,01a0c471-e516-7284-a488-43e54b9167f2,0,85126759,85176582,ACCEPTED,,85176634,ok,49.875
bot-009,01a0c471-eb57-7452-a111-3ee8fadef041,0,86727145,86776528,ACCEPTED,,86776588,ok,49.443
bot-009,01a0c471-f197-7632-ae94-1f74ebf5adbc,0,88326951,88376688,ACCEPTED,,88376757,ok,49.806
bot-009,01a0c471-f7a4-731c-852a-95a3662a7ed0,0,89876579,89926658,ACCEPTED,,89926717,ok,50.138
bot-009,01a0c471-fde5-7521-a59d-565a48b4a13f,0,91476803,91526487,ACCEPTED,,91526647,ok,49.844
bot-009,01a0c472-0425-7403-a0a5-893016f0d8f0,0,93076835,93126800,ACCEPTED,,93126861,ok,50.026
bot-009,01a0c472-0a64-7691-b530-72f49dc1c2e7,0,94676699,94726469,ACCEPTED,,94726526,ok,49.827
bot-009,01a0c472-10a5-772e-9b0f-68175fb27b5e,0,96276777,96326929,ACCEPTED,,96326992,ok,50.215
bot-009,01a0c472-16e4-7102-973b-df4607a9824e,0,97876734,97926517,ACCEPTED,,97926574,ok,49.840
bot-009,01a0c472-1d24-7677-a60a-21e918d64f1a,0,99476757,99527063,ACCEPTED,,99527665,ok,50.908
bot-009,01a0c472-2365-717f-8e1e-17abf3201b95,0,101077183,101126866,ACCEPTED,,101127028,ok,49.845
bot-009,01a0c472-29a4-7340-a146-8476940953ed,0,102676680,102726925,ACCEPTED,,102726985,ok,50.305
bot-009,01a0c472-2fe5-7527-af42-6999b11f0347,0,104276842,104326727,ACCEPTED,,104326805,ok,49.963
bot-009,01a0c472-35f3-7270-bef3-31bbcb933314,0,105826784,105876415,ACCEPTED,,105876462,ok,49.678
bot-009,01a0c472-3c00-74db-b5cf-d6402b0c1850,0,107376601,107426694,ACCEPTED,,107426754,ok,50.153
bot-009,01a0c472-4241-7770-b617-14e7ca31d233,0,108976774,109026738,ACCEPTED,,109026797,ok,50.023
bot-009,01a0c472-4881-7023-978f-92d90db3f209,0,110576838,110626928,ACCEPTED,,110626983,ok,50.145
bot-009,01a0c472-4ec1-73dd-b57a-4c3c77c684e5,0,112177188,112226841,ACCEPTED,,112226902,ok,49.714
bot-009,01a0c472-5501-7477-acbc-d19e9e33900e,0,113776980,113826653,ACCEPTED,,113826713,ok,49.733
bot-009,01a0c472-5b41-76ff-b902-9bd29b4ff762,0,115376812,115426530,ACCEPTED,,115426585,ok,49.773
bot-009,01a0c472-6181-73e4-95bf-ba250bb70efb,0,116977059,117026596,ACCEPTED,,117026730,ok,49.671
bot-009,01a0c472-678e-776c-8122-c5ab99e9368b,0,118526669,118576644,ACCEPTED,,118576694,ok,50.025
bot-009,01a0c472-6d9d-72d5-b1f7-94644801d72f,0,120076847,120126738,ACCEPTED,,120126793,ok,49.946
bot-009,01a0c472-73dc-7204-a2d2-a4632cd5fd7f,0,121676683,121726740,ACCEPTED,,121726907,ok,50.224
bot-009,01a0c472-79eb-70ea-956d-257d1b8a7ae6,0,123226769,123276710,ACCEPTED,,123276777,ok,50.008
bot-009,01a0c472-802a-70b1-932c-0adf15ecdabb,0,124826716,124876521,ACCEPTED,,124876593,ok,49.877
bot-009,01a0c472-866b-76ea-bef2-195759001ef7,0,126426782,126476598,ACCEPTED,,126476661,ok,49.879
bot-009,01a0c472-8caa-713f-8c8a-807892b469cf,0,128026592,128076818,ACCEPTED,,128076873,ok,50.281
bot-009,01a0c472-92eb-76e3-9529-1ec824a50b9d,0,129626815,129676955,ACCEPTED,,129677006,ok,50.191
bot-009,01a0c472-98f8-771c-a460-76f2c500bc47,0,131176614,131226888,ACCEPTED,,131226942,ok,50.328
bot-009,01a0c472-9f39-725d-ab34-6cf0a75d0018,0,132776913,132826910,ACCEPTED,,132826964,ok,50.051
bot-009,01a0c472-a579-77ca-addb-dd2ce0671ced,0,134377065,134426518,ACCEPTED,,134426578,ok,49.513
bot-009,01a0c472-abb9-7408-9299-0684e629c2f0,0,135976838,136026669,ACCEPTED,,136026728,ok,49.890
bot-009,01a0c472-b1c7-7023-b9d8-396b928204a4,0,137527642,137576638,ACCEPTED,,137576690,ok,49.048
bot-009,01a0c472-b7d4-7408-b916-0f5d80b3bbd2,0,139076482,139126429,ACCEPTED,,139126485,ok,50.003
bot-009,01a0c472-be15-70fa-918f-d2b870ada922,0,140676771,140726806,ACCEPTED,,140726870,ok,50.099
bot-009,01a0c472-c455-77cd-8923-7c2a286291ab,0,142276924,142326463,ACCEPTED,,142326525,ok,49.601
bot-009,01a0c472-ca63-73ad-8bec-6e26d2255b0c,0,143827399,143876877,ACCEPTED,,143876931,ok,49.532
bot-009,01a0c472-d0a3-75a7-8b86-e25edb701e46,0,145426862,145477635,ACCEPTED,,145477679,ok,50.817
bot-009,01a0c472-d6b1-723d-ac28-d915d34c64a7,0,146977397,147026807,ACCEPTED,,147027402,ok,50.005
bot-009,01a0c472-dcf1-7701-8f3c-8b35851f7f49,0,148576873,148626454,ACCEPTED,,148626515,ok,49.642
bot-009,01a0c472-e330-76de-bb45-7e13f91afbab,0,150176738,150226924,ACCEPTED,,150226986,ok,50.248
bot-009,01a0c472-e971-7425-aced-e64486d4e38e,0,151777074,151826603,ACCEPTED,,151826661,ok,49.587
bot-009,01a0c472-efb1-7384-ba16-7d07cdfae91a,0,153377010,153426761,ACCEPTED,,153426937,ok,49.927
bot-009,01a0c472-f5f1-7204-9b4b-97cea9ee8bc9,0,154977078,155026662,ACCEPTED,,155026722,ok,49.644
bot-009,01a0c472-fc31-7793-ace6-1fcd9677aef8,0,156576778,156626743,ACCEPTED,,156626807,ok,50.029
bot-009,01a0c473-023e-7532-9361-53001af7d60c,0,158126765,158176557,ACCEPTED,,158176602,ok,49.837
bot-009,01a0c473-087f-71a0-be6c-0efc9ead42c9,0,159727040,159776465,ACCEPTED,,159776520,ok,49.480
bot-009,01a0c473-0ebe-7522-b1fb-bf756f9f83e5,0,161326661,161376561,ACCEPTED,,161376619,ok,49.958
bot-009,01a0c473-14fe-70e6-88fa-5966c2cf50fc,0,162926700,162976588,ACCEPTED,,162976656,ok,49.956
bot-009,01a0c473-1b3f-7483-8d0d-7036aab78b5f,0,164526802,164576748,ACCEPTED,,164576798,ok,49.996
bot-009,01a0c473-214d-70a1-b103-c3ac4deb0d34,0,166076812,166126485,ACCEPTED,,166126549,ok,49.737
bot-009,01a0c473-275b-75d3-b2d5-de1922461d9c,0,167626877,167676851,ACCEPTED,,167676901,ok,50.024
bot-009,01a0c473-2d9b-71ed-befb-37efd7e5849d,0,169226871,169276722,ACCEPTED,,169276767,ok,49.896
bot-009,01a0c473-33da-74e3-8367-29a3717463fb,0,170826723,170876830,ACCEPTED,,170876881,ok,50.158
bot-009,01a0c473-3a1b-77af-bb6c-8ef4c4264bba,0,172427107,172476482,ACCEPTED,,172476546,ok,49.439
bot-009,01a0c473-405b-72cb-963d-0f923cc2ab4b,0,174026982,174076428,ACCEPTED,,174076497,ok,49.515
bot-009,01a0c473-4669-722d-860a-f7c2fb647be0,0,175576989,175626657,ACCEPTED,,175626719,ok,49.730
bot-009,01a0c473-4ca9-7438-8c8a-b79230324f47,0,177177008,177226603,ACCEPTED,,177226660,ok,49.652
bot-009,01a0c473-52e9-727a-b4a4-cd193375d599,0,178777038,178826819,ACCEPTED,,178826885,ok,49.847
bot-009,01a0c473-5928-7078-a945-bef42a6b0223,0,180376683,180426473,ACCEPTED,,180426887,ok,50.204
bot-009,01a0c473-5f69-76d9-9e05-c4fdf83498b0,0,181976793,182027134,ACCEPTED,,182027187,ok,50.394
bot-009,01a0c473-6576-762b-bceb-b76f7b477ff8,0,183526589,183576604,ACCEPTED,,183576667,ok,50.078
bot-009,01a0c473-6bb7-7489-972c-635580a5cee0,0,185126872,185176507,ACCEPTED,,185176555,ok,49.683
bot-009,01a0c473-71f6-77e7-9ca7-7142350445ff,0,186726774,186776511,ACCEPTED,,186776563,ok,49.789
bot-009,01a0c473-7837-77ef-afd2-393e1fa8e36f,0,188327058,188376803,ACCEPTED,,188376850,ok,49.792
bot-009,01a0c473-7e77-71a2-8764-8d078ea5b4f2,0,189927077,189976842,ACCEPTED,,189976897,ok,49.820
bot-009,01a0c473-84b6-7378-9f0f-8c08d53c5d83,0,191526716,191576505,ACCEPTED,,191576561,ok,49.845
bot-009,01a0c473-8af6-70e4-aa9e-ca1e104556fc,0,193126753,193176704,ACCEPTED,,193176750,ok,49.997
bot-009,01a0c473-9104-732f-9ea7-dcb67ba39b50,0,194676708,194726667,ACCEPTED,,194726728,ok,50.020
bot-009,01a0c473-9745-7010-86f5-023bad76cf73,0,196276805,196326611,ACCEPTED,,196326673,ok,49.868
bot-009,01a0c473-9d52-77e6-b50f-ef73569215ff,0,197826727,197876650,ACCEPTED,,197876702,ok,49.975
bot-009,01a0c473-a393-728b-8cb1-8ecfa135ed72,0,199426919,199476714,ACCEPTED,,199476763,ok,49.844
bot-009,01a0c473-a9a1-7054-bae9-3d303a510297,0,200976876,201026655,ACCEPTED,,201026712,ok,49.836
bot-009,01a0c473-afe1-70e2-90f7-16c3b4a3f8e5,0,202576981,202626678,ACCEPTED,,202627292,ok,50.311
bot-009,01a0c473-b5ef-75cc-b2cd-5b2e8ea348f4,0,204127533,204176798,ACCEPTED,,204176860,ok,49.327
bot-009,01a0c473-bbfd-734d-8772-83b18c8ed020,0,205677520,205726620,ACCEPTED,,205726677,ok,49.157
bot-009,01a0c473-c20b-70e7-8ba7-61c7be7eebfc,0,207226945,207276755,ACCEPTED,,207276816,ok,49.871
bot-009,01a0c473-c84b-7600-ac1e-7815783f3bf6,0,208827039,208876830,ACCEPTED,,208876883,ok,49.844
