bot,command_id,probe_seq,sent_us,result_us,status,reason_code,reply_us,order,rtt_ms
bot-000,01a0b92b-09a2-7562-bfe0-258c4dd90c24,0,336034,349092,ACCEPTED,,349139,ok,13.105
bot-000,01a0b92b-0b97-74b8-a19d-c32208f35f2d,1,836825,849316,ACCEPTED,,849385,ok,12.560
bot-000,01a0b92b-0d8c-718f-ac50-3f817ee2f283,2,1337440,1348722,ACCEPTED,,1348754,ok,11.314
bot-000,01a0b92b-0f86-707e-86cf-3083ddf9578b,3,1843277,1849451,ACCEPTED,,1849476,ok,6.199
bot-000,01a0b92b-117c-77e7-8165-476b0909ab47,4,2345424,2348888,ACCEPTED,,2348919,ok,3.495
bot-000,01a0b92b-1373-72d3-b469-9cd00d237606,5,2849037,2899162,ACCEPTED,,2899195,ok,50.158
bot-000,01a0b92b-156e-7133-9770-8d91fd8e8066,6,3355569,3398777,ACCEPTED,,3398820,ok,43.251
bot-000,01a0b92b-1772-71f5-bd0f-f594d7281541,7,3871368,3898821,ACCEPTED,,3898863,ok,27.495
bot-000,01a0b92b-1977-758e-82d3-6aba0626c2c4,8,4388113,4399156,ACCEPTED,,4399172,ok,11.059
bot-000,01a0b92b-1b71-73d8-93cd-7d73d0785bf1,9,4894840,4899126,ACCEPTED,,4899157,ok,4.317
bot-000,01a0b92b-1d69-70a3-9128-5348eda9bec6,10,5398878,5450303,ACCEPTED,,5450324,ok,51.446
bot-000,01a0b92b-1f5e-7452-a105-ff3e77ab6e1d,11,5899697,5948959,ACCEPTED,,5948991,ok,49.294
bot-000,01a0b92b-215a-7646-9d7c-bbf7c048beb0,12,6407920,6449398,ACCEPTED,,6449428,ok,41.508
bot-000,01a0b92b-2352-7048-a0eb-fd154288da66,13,6911123,6949201,ACCEPTED,,6949250,ok,38.127
bot-000,01a0b92b-2555-73ca-9ec6-adb3eac04674,14,7426399,7449283,ACCEPTED,,7449339,ok,22.940
bot-000,01a0b92b-274b-74b2-8444-50e3e7532f8f,15,7928233,7948895,ACCEPTED,,7948923,ok,20.690
bot-000,01a0b92b-2943-7327-8e46-cb8b292e76c7,16,8432561,8449031,ACCEPTED,,8449056,ok,16.495
bot-000,01a0b92b-2b3d-73f5-b35b-09cafbb92298,17,8938736,8948923,ACCEPTED,,8948967,ok,10.231
bot-000,01a0b92b-2d36-754d-9bba-664e63560a6f,18,9443476,9449116,ACCEPTED,,9449144,ok,5.668
bot-000,01a0b92b-2f2d-7792-9029-6f9673e535e0,19,9946495,9949176,ACCEPTED,,9949227,ok,2.732
bot-000,01a0b92b-3124-71d4-bc2c-18ec1afc1430,20,10449107,10498985,ACCEPTED,,10499019,ok,49.912
bot-000,01a0b92b-331e-7720-a149-bd992a7603e2,21,10955713,10998863,ACCEPTED,,10998893,ok,43.180
bot-000,01a0b92b-3514-76c7-a5ba-ddbe71721194,22,11457392,11499326,ACCEPTED,,11499347,ok,41.955
bot-000,01a0b92b-3716-705a-8f57-477f28380199,23,11971892,11999328,ACCEPTED,,11999363,ok,27.471
bot-000,01a0b92b-3910-73b3-bfac-50c79768f410,24,12477792,12499080,ACCEPTED,,12499170,ok,21.378
bot-000,01a0b92b-3b09-76d1-81df-ec9ca55ec124,25,12982614,12998963,ACCEPTED,,12998986,ok,16.372
bot-000,01a0b92b-3d0b-77f7-9539-e9c6864934f4,26,13496642,13498730,ACCEPTED,,13498757,ok,2.115
bot-000,01a0b92b-3f0f-7451-bf47-baf59a0db387,27,14012120,14049177,ACCEPTED,,14049221,ok,37.101
bot-000,01a0b92b-4103-71ce-b07c-e341ef56fca1,28,14512963,14549005,ACCEPTED,,14549034,ok,36.071
bot-000,01a0b92b-42fb-7075-bdb1-db0c40c87a97,29,15016710,15049266,ACCEPTED,,15049296,ok,32.586
bot-000,01a0b92b-44fd-748d-b1f1-bb4b2302ddf7,30,15530665,15548980,ACCEPTED,,15549033,ok,18.368
bot-000,01a0b92b-46f6-7219-997c-f454bb95305a,31,16035475,16049017,ACCEPTED,,16049069,ok,13.594
bot-000,01a0b92b-48ec-7675-91fd-5e48e60c2262,32,16538003,16548988,ACCEPTED,,16549029,ok,11.026
bot-000,01a0b92b-4af0-7176-9dbd-0454929cf1fd,33,17053194,17099005,ACCEPTED,,17099033,ok,45.839
bot-000,01a0b92b-4ce6-744b-b9f6-450859738e56,34,17555898,17599052,ACCEPTED,,17599104,ok,43.206
bot-000,01a0b92b-4edc-7117-8008-6884c372e96a,35,18057919,18099317,ACCEPTED,,18099340,ok,41.421
bot-000,01a0b92b-50d1-7118-a80b-a0e1806b5d76,36,18559030,18599268,ACCEPTED,,18599318,ok,40.288
bot-000,01a0b92b-52cf-700d-a47f-53a227d1640e,37,19068355,19099370,ACCEPTED,,19099424,ok,31.069
bot-000,01a0b92b-54c9-77d5-b301-f1bd566caedd,38,19574207,19599206,ACCEPTED,,19599240,ok,25.033
bot-000,01a0b92b-56bf-7650-801c-e51e862f237c,39,20077040,20099114,ACCEPTED,,20099156,ok,22.116
bot-000,01a0b92b-58b5-7057-9c6e-e8eb8360c83d,40,20578177,20599083,ACCEPTED,,20599108,ok,20.931
bot-000,01a0b92b-5aab-7664-b8aa-cdb06420af24,41,21080096,21099245,ACCEPTED,,21099288,ok,19.192
bot-000,01a0b92b-5ca0-7564-a5d6-e677f993e935,42,21581776,21599013,ACCEPTED,,21599052,ok,17.276
bot-000,01a0b92b-5e97-7499-97d4-ecbc322df17a,43,22084361,22098828,ACCEPTED,,22098871,ok,14.510
bot-000,01a0b92b-608d-724c-993f-5a909d2867a7,44,22586520,22599282,ACCEPTED,,22599312,ok,12.792
bot-000,01a0b92b-6284-732c-9465-e55f0ef7cbbd,45,23089420,23099172,ACCEPTED,,23099207,ok,9.787
bot-000,01a0b92b-647c-7303-b396-c070439df68e,46,23593905,23598858,ACCEPTED,,23598889,ok,4.984
bot-000,01a0b92b-6681-7095-9bca-6b78856e4f9b,47,24110656,24149134,ACCEPTED,,24149187,ok,38.531
bot-000,01a0b92b-6884-71fa-a51b-5af93d2df358,48,24625916,24648822,ACCEPTED,,24648872,ok,22.956
bot-000,01a0b92b-6a7d-73a8-82ab-0f938330839b,49,25130562,25148894,ACCEPTED,,25148920,ok,18.358
bot-000,01a0b92b-6c73-712b-bd5a-622acd0f0fb5,50,25633042,25649141,ACCEPTED,,25649185,ok,16.143
bot-000,01a0b92b-6e6e-71bd-98b8-b9fce1f0a3de,51,26139562,26149009,ACCEPTED,,26149059,ok,9.497
bot-000,01a0b92b-7064-75af-bd1f-73478cbd1fc8,52,26641609,26649006,ACCEPTED,,26649038,ok,7.429
bot-000,01a0b92b-725e-72da-9ed2-a91a532c8756,53,27148021,27149080,ACCEPTED,,27149113,ok,1.092
bot-000,01a0b92b-7454-71e7-9e74-1f54e3a977d1,54,27649067,27699363,ACCEPTED,,27699397,ok,50.330
bot-000,01a0b92b-764f-76fa-8dc0-14b86d006144,55,28156576,28199161,ACCEPTED,,28199186,ok,42.610
bot-000,01a0b92b-7846-75d6-bcf0-247d2795f0e3,56,28659911,28698994,ACCEPTED,,28699049,ok,39.138
bot-000,01a0b92b-7a3c-76ae-949e-a2e34d13a118,57,29161137,29199394,ACCEPTED,,29199441,ok,38.304
bot-000,01a0b92b-7c34-7390-a98f-1fe39d2504a8,58,29665564,29698895,ACCEPTED,,29698947,ok,33.383
bot-000,01a0b92b-7e2b-750c-a347-04d2c3e96226,59,30168935,30198936,ACCEPTED,,30198968,ok,30.033
bot-000,01a0b92b-8024-7688-9f59-d8584eefb611,60,30673969,30699252,ACCEPTED,,30699295,ok,25.326
bot-000,01a0b92b-8228-7664-97bf-5f5092b1962d,61,31189938,31198771,ACCEPTED,,31198794,ok,8.856
bot-000,01a0b92b-8421-74c9-892a-e6ccb8ae8196,62,31694402,31698984,ACCEPTED,,31699023,ok,4.621
bot-000,01a0b92b-861b-760b-a936-9605669e9ad3,63,32200271,32248948,ACCEPTED,,32248977,ok,48.706
bot-000,01a0b92b-8819-73b2-bfae-b002acdd64eb,64,32711036,32749137,ACCEPTED,,32749188,ok,38.152
bot-000,01a0b92b-8a1d-76b1-8923-de57d4957580,65,33226617,33249028,ACCEPTED,,33249051,ok,22.434
bot-000,01a0b92b-8c21-701f-8b95-1d9e292237ec,66,33742547,33748942,ACCEPTED,,33748974,ok,6.427
bot-000,01a0b92b-8e17-77a4-955d-e7775b7d2dc4,67,34244752,34248799,ACCEPTED,,34248827,ok,4.075
bot-000,01a0b92b-900d-75b0-8ecb-99f94ebb7b44,68,34746543,34748919,ACCEPTED,,34748947,ok,2.404
bot-000,01a0b92b-9210-73ab-a486-086c3dbab70f,69,35261472,35298979,ACCEPTED,,35299021,ok,37.549
bot-000,01a0b92b-9409-7689-b037-2cb1cb1895f4,70,35766471,35799239,ACCEPTED,,35799298,ok,32.827
bot-000,01a0b92b-960b-736c-82d7-072ff6cdde55,71,36280827,36299141,ACCEPTED,,36299164,ok,18.337
bot-000,01a0b92b-9804-7617-bdb5-f16f95813659,72,36785155,36799137,ACCEPTED,,36799160,ok,14.005
bot-000,01a0b92b-99fc-71df-a121-533543ba56a3,73,37290015,37298836,ACCEPTED,,37298865,ok,8.850
bot-000,01a0b92b-9bf4-739f-831b-91ffa5c82e1a,74,37793994,37799156,ACCEPTED,,37799191,ok,5.197
bot-000,01a0b92b-9dec-7580-b5aa-bbaceb8ff42a,75,38297839,38298893,ACCEPTED,,38298930,ok,1.091
bot-000,01a0b92b-9fe4-7716-9282-4f09550c30b1,76,38801314,38848877,ACCEPTED,,38848899,ok,47.585
bot-000,01a0b92b-a1e4-71f8-980c-8e642846164c,77,39313793,39348986,ACCEPTED,,39349024,ok,35.231
bot-000,01a0b92b-a3db-715e-8704-255f5b4ee797,78,39816177,39849317,ACCEPTED,,39849365,ok,33.188
bot-000,01a0b92b-a5d1-71ce-bad6-044138eb4a68,79,40318466,40348967,ACCEPTED,,40349026,ok,30.560
bot-000,01a0b92b-a7c8-7527-a850-f380178ff530,80,40821277,40848852,ACCEPTED,,40848881,ok,27.604
bot-000,01a0b92b-a9bd-73ea-8252-571c8a7c8ea7,81,41322917,41349140,ACCEPTED,,41349199,ok,26.282
bot-000,01a0b92b-abbe-7499-9566-43494cafac53,82,41835674,41849020,ACCEPTED,,41849074,ok,13.400
bot-000,01a0b92b-adb6-7129-972e-7e91ee89d834,83,42339493,42349211,ACCEPTED,,42349257,ok,9.764
bot-000,01a0b92b-afb2-77eb-9908-b022cc49179a,84,42848036,42849193,ACCEPTED,,42849215,ok,1.179
bot-000,01a0b92b-b1a9-770b-8b3d-08a51c07a971,85,43350633,43399038,ACCEPTED,,43399062,ok,48.429
bot-000,01a0b92b-b3a2-77d8-b6f8-b4f37113b2d2,86,43855195,43899197,ACCEPTED,,43899241,ok,44.046
bot-000,01a0b92b-b599-7520-9181-4e86c7c769a4,87,44358236,44399015,ACCEPTED,,44399071,ok,40.835
bot-000,01a0b92b-b78e-73b5-93ea-95b397359ca4,88,44859353,44898931,ACCEPTED,,44898975,ok,39.622
bot-000,01a0b92b-b992-759c-b109-cf9b4205152b,89,45375121,45398985,ACCEPTED,,45399029,ok,23.908
bot-000,01a0b92b-bb89-7709-be43-95b636e49ef0,90,45878252,45898834,ACCEPTED,,45898868,ok,20.616
bot-000,01a0b92b-bd81-717b-b9de-46823102f7c7,91,46382281,46398892,ACCEPTED,,46398942,ok,16.661
bot-000,01a0b92b-bf76-74ec-9a45-8023f49a996c,92,46883785,46899239,ACCEPTED,,46899289,ok,15.504
bot-000,01a0b92b-c177-73ad-888b-f2e130099d0d,93,47396710,47398777,ACCEPTED,,47398799,ok,2.089
bot-000,01a0b92b-c36d-7098-a473-27aeb6786a06,94,47898723,47949019,ACCEPTED,,47949068,ok,50.345
bot-000,01a0b92b-c570-7242-85c6-754a5954cec5,95,48413913,48449663,ACCEPTED,,48449719,ok,35.806
bot-000,01a0b92b-c766-746d-a262-18d75a5f168b,96,48915778,48949194,ACCEPTED,,48949241,ok,33.463
bot-000,01a0b92b-c961-75da-aa38-ad476af122e0,97,49422330,49449010,ACCEPTED,,49449043,ok,26.713
bot-000,01a0b92b-cb57-70d8-b8de-6afbd97571c8,98,49924596,49948911,ACCEPTED,,49948934,ok,24.338
bot-000,01a0b92b-cd5a-7441-a524-268f9fe1c3ee,99,50439157,50449082,ACCEPTED,,50449112,ok,9.955
bot-000,01a0b92b-cf4f-70f1-9679-f933d441f7ea,100,50940587,50949149,ACCEPTED,,50949164,ok,8.577
bot-000,01a0b92b-d144-700b-91e7-a78c6888f217,101,51441916,51448989,ACCEPTED,,51449018,ok,7.102
bot-000,01a0b92b-d344-7750-82fa-2040647f50b0,102,51953436,51999256,ACCEPTED,,51999306,ok,45.870
bot-000,01a0b92b-d547-7310-958e-2d558e888467,103,52468434,52499236,ACCEPTED,,52499261,ok,30.827
bot-000,01a0b92b-d74b-7515-aa5e-05e1c9b29260,104,52984795,52999091,ACCEPTED,,52999139,ok,14.344
bot-000,01a0b92b-d942-7321-8f2b-d9afc864b14c,105,53487100,53499140,ACCEPTED,,53499169,ok,12.069
bot-000,01a0b92b-db43-7372-9cf2-5674247bb1c4,106,54000626,54049224,ACCEPTED,,54049267,ok,48.641
bot-000,01a0b92b-dd3e-7565-9c07-0fe61d3a86c7,107,54507454,54548941,ACCEPTED,,54548977,ok,41.523
bot-000,01a0b92b-df42-7223-a945-e95d4d6f7175,108,55023719,55049146,ACCEPTED,,55049179,ok,25.460
bot-000,01a0b92b-e139-733c-9d85-5a3314e9fa44,109,55526954,55548997,ACCEPTED,,55549029,ok,22.075
bot-000,01a0b92b-e33c-703b-91c7-b58e84fc89ee,110,56041400,56049214,ACCEPTED,,56049245,ok,7.845
bot-000,01a0b92b-e536-7577-8016-5d95417162d0,111,56547529,56549105,ACCEPTED,,56549134,ok,1.605
bot-000,01a0b92b-e72e-756d-ab37-14734cce0401,112,57051410,57099390,ACCEPTED,,57099443,ok,48.033
bot-000,01a0b92b-e926-70bf-b372-00b0d61a0ffd,113,57555209,57599068,ACCEPTED,,57599097,ok,43.888
bot-000,01a0b92b-eb26-7602-be57-d77e45e08b10,114,58067873,58099281,ACCEPTED,,58099307,ok,31.434
bot-000,01a0b92b-ed28-75ff-bbd6-c6e19f8cd2b8,115,58581522,58598849,ACCEPTED,,58598900,ok,17.378
bot-000,01a0b92b-ef1e-7303-a9a7-2f139374cb3e,116,59083315,59099210,ACCEPTED,,59099244,ok,15.929
bot-000,01a0b92b-f121-7421-a70a-f0cfcfd74635,117,59598851,59648928,ACCEPTED,,59648969,ok,50.118
bot-000,01a0b92b-f31b-757a-aefd-710e8a3bdeeb,118,60104460,60149107,ACCEPTED,,60149151,ok,44.691
bot-001,01a0b92b-0aa6-7326-b294-1508fa813a45,0,595440,598816,ACCEPTED,,598856,ok,3.416
bot-001,01a0b92b-0ca9-730c-8567-dcd63510ec6e,1,1110517,1149070,ACCEPTED,,1149108,ok,38.591
bot-001,01a0b92b-0ea1-75a1-8f01-a2421af27704,2,1614175,1649093,ACCEPTED,,1649125,ok,34.950
bot-001,01a0b92b-1097-7209-a408-ad0a01b77cad,3,2116393,2149036,ACCEPTED,,2149082,ok,32.689
bot-001,01a0b92b-128e-7299-acc6-5e39bae7f47d,4,2619195,2649404,ACCEPTED,,2649459,ok,30.264
bot-001,01a0b92b-148a-7786-a122-e837b79fdd97,5,3127383,3148862,ACCEPTED,,3148904,ok,21.521
bot-001,01a0b92b-168e-77f3-a524-0dd70ddd36c8,6,3643899,3649073,ACCEPTED,,3649114,ok,5.215
bot-001,01a0b92b-1885-7178-8bde-b29ba288d8f2,7,4146144,4148835,ACCEPTED,,4148847,ok,2.703
bot-001,01a0b92b-1a7a-70f0-ba0b-295cd40dac1f,8,4647812,4648892,ACCEPTED,,4648941,ok,1.129
bot-001,01a0b92b-1c70-7383-a973-72223d726f23,9,5149276,5199082,ACCEPTED,,5199129,ok,49.853
bot-001,01a0b92b-1e64-77d9-bb30-b167825e6bbd,10,5649511,5699182,ACCEPTED,,5699242,ok,49.731
bot-001,01a0b92b-2059-70d5-acac-9794eac9fa28,11,6150772,6199115,ACCEPTED,,6199162,ok,48.390
bot-001,01a0b92b-225d-759f-9fbc-8e8f3ba0c72f,12,6666194,6698870,ACCEPTED,,6698913,ok,32.719
bot-001,01a0b92b-2453-7117-9981-8742c1dc8843,13,7168171,7199284,ACCEPTED,,7199345,ok,31.174
bot-001,01a0b92b-2648-76f7-9aaa-3167a1b27eaa,14,7669741,7699036,ACCEPTED,,7699089,ok,29.348
bot-001,01a0b92b-283e-7265-a4ea-baca6bf96ca4,15,8171241,8199231,ACCEPTED,,8199274,ok,28.033
bot-001,01a0b92b-2a38-74cc-8ab1-379321d6e749,16,8677889,8698881,ACCEPTED,,8698923,ok,21.034
bot-001,01a0b92b-2c31-7074-9eda-102ad326a41c,17,9182107,9199157,ACCEPTED,,9199198,ok,17.091
bot-001,01a0b92b-2e2a-755a-8669-c49f1c9b2b39,18,9688005,9698929,ACCEPTED,,9698960,ok,10.955
bot-001,01a0b92b-3021-7563-a283-78ae776d5256,19,10190669,10198927,ACCEPTED,,10198974,ok,8.305
bot-001,01a0b92b-321a-73f3-8436-ca31fb3e0404,20,10695317,10699106,ACCEPTED,,10699158,ok,3.841
bot-001,01a0b92b-3412-731e-9ff2-f282c17e1019,21,11199221,11248938,ACCEPTED,,11248977,ok,49.756
bot-001,01a0b92b-3607-711b-b26a-0252d0acc5aa,22,11700164,11749132,ACCEPTED,,11749166,ok,49.002
bot-001,01a0b92b-37fc-70d8-acf3-d545f414994c,23,12202025,12248756,ACCEPTED,,12248797,ok,46.772
bot-001,01a0b92b-39f7-7136-8e55-174444c37d00,24,12708409,12748839,ACCEPTED,,12748883,ok,40.474
bot-001,01a0b92b-3bfa-7453-a6f3-6e6b8e326df6,25,13223728,13249148,ACCEPTED,,13249198,ok,25.470
bot-001,01a0b92b-3dfd-775c-b2a9-ed716f54516b,26,13738266,13748951,ACCEPTED,,13749003,ok,10.737
bot-001,01a0b92b-3ff2-7520-9a5e-d958b675e69f,27,14239802,14248863,ACCEPTED,,14248892,ok,9.090
bot-001,01a0b92b-41f0-77d9-abca-fd0694affb58,28,14749189,14799170,ACCEPTED,,14799217,ok,50.028
bot-001,01a0b92b-43ee-70f8-ba3f-9b19c6161f75,29,15259114,15299078,ACCEPTED,,15299111,ok,39.997
bot-001,01a0b92b-45e4-710a-a123-bb178c2951cf,30,15761199,15798840,ACCEPTED,,15798874,ok,37.675
bot-001,01a0b92b-47d9-70a8-9f2f-db2b49cd156d,31,16262547,16298889,ACCEPTED,,16298937,ok,36.390
bot-001,01a0b92b-49ce-743c-939d-7b3492101ed9,32,16764043,16798979,ACCEPTED,,16799022,ok,34.979
bot-001,01a0b92b-4bc5-7534-ab73-48692013e1c0,33,17266996,17298844,ACCEPTED,,17298895,ok,31.899
bot-001,01a0b92b-4dbb-77dd-a76c-33a6b9603217,34,17768390,17799093,ACCEPTED,,17799142,ok,30.752
bot-001,01a0b92b-4fb0-7131-a41f-a2e5d424455e,35,18269857,18299200,ACCEPTED,,18299251,ok,29.394
bot-001,01a0b92b-51aa-72fe-833c-a2c098eebe7f,36,18775510,18798983,ACCEPTED,,18799025,ok,23.515
bot-001,01a0b92b-53a6-7265-8b1f-2b60a26c57ff,37,19283489,19299306,ACCEPTED,,19299358,ok,15.869
bot-001,01a0b92b-55a0-73ef-8fb9-4d6c6d3b423c,38,19789298,19798992,ACCEPTED,,19799043,ok,9.745
bot-001,01a0b92b-579e-732c-bb9c-ccbd3514f59b,39,20299271,20349166,ACCEPTED,,20349200,ok,49.929
bot-001,01a0b92b-599b-77c1-b2b0-d3a4c2ff6137,40,20808697,20849027,ACCEPTED,,20849065,ok,40.368
bot-001,01a0b92b-5b9c-7540-b0ba-b32e0cd43140,41,21321799,21348860,ACCEPTED,,21348909,ok,27.110
bot-001,01a0b92b-5d95-76a2-9b95-848d2851576f,42,21826133,21849245,ACCEPTED,,21849295,ok,23.162
bot-001,01a0b92b-5f8a-70e0-8fd6-a126bc66f0c9,43,22327793,22348788,ACCEPTED,,22348845,ok,21.052
bot-001,01a0b92b-6180-7166-9806-69bfd7ac8bec,44,22829601,22848952,ACCEPTED,,22849006,ok,19.405
bot-001,01a0b92b-6379-773b-9ee4-6b192579b2ed,45,23334594,23349011,ACCEPTED,,23349056,ok,14.462
bot-001,01a0b92b-6570-74df-809f-b574db0d9b1c,46,23837792,23848901,ACCEPTED,,23848961,ok,11.169
bot-001,01a0b92b-676f-7178-90ef-eccd1244b9e2,47,24349040,24399071,ACCEPTED,,24399122,ok,50.082
bot-001,01a0b92b-6969-775b-894c-f9daf8fcf3a7,48,24854736,24899165,ACCEPTED,,24899219,ok,44.483
bot-001,01a0b92b-6b63-744c-9f8a-632dd9de8191,49,25360105,25398924,ACCEPTED,,25398972,ok,38.867
bot-001,01a0b92b-6d5c-77b1-a826-9bd3bfe8ba2f,50,25865573,25899036,ACCEPTED,,25899097,ok,33.524
bot-001,01a0b92b-6f52-7321-a8c1-2f444c7291e0,51,26367427,26398803,ACCEPTED,,26398850,ok,31.423
bot-001,01a0b92b-714a-7429-8537-7e71b4d1916e,52,26871903,26899274,ACCEPTED,,26899332,ok,27.429
bot-001,01a0b92b-7343-76a6-9e77-bd9a99676080,53,27376915,27398921,ACCEPTED,,27398983,ok,22.068
bot-001,01a0b92b-753a-769d-a936-24c389150a4e,54,27879229,27898757,ACCEPTED,,27898811,ok,19.582
bot-001,01a0b92b-7735-7312-84a9-de0e0055bb79,55,28386938,28398762,ACCEPTED,,28398804,ok,11.866
bot-001,01a0b92b-7935-770a-a2e0-ff752cce0398,56,28898877,28949102,ACCEPTED,,28949133,ok,50.256
bot-001,01a0b92b-7b2f-7659-9917-f7adb58c8f7c,57,29404817,29448991,ACCEPTED,,29449047,ok,44.230
bot-001,01a0b92b-7d27-7679-9481-5f2980817d59,58,29908928,29949296,ACCEPTED,,29949347,ok,40.419
bot-001,01a0b92b-7f22-7737-b88f-d66a62c9d18b,59,30415940,30449160,ACCEPTED,,30449215,ok,33.275
bot-001,01a0b92b-8118-70ad-9c0a-6cec09c4e9e4,60,30917409,30949234,ACCEPTED,,30949279,ok,31.870
bot-001,01a0b92b-830e-7750-81f9-e85a57273e08,61,31419704,31448833,ACCEPTED,,31448880,ok,29.176
bot-001,01a0b92b-8506-745a-aed4-54ebb48b72ee,62,31923818,31948751,ACCEPTED,,31948796,ok,24.978
bot-001,01a0b92b-86ff-73ca-b9bb-eeea4a49098a,63,32428681,32448810,ACCEPTED,,32448856,ok,20.175
bot-001,01a0b92b-88fc-717a-8a63-ddd2393ed32d,64,32937609,32948748,ACCEPTED,,32948800,ok,11.191
bot-001,01a0b92b-8afb-70b8-92a1-f1bf6fdc0860,65,33448961,33498869,ACCEPTED,,33498912,ok,49.951
bot-001,01a0b92b-8cf5-71d0-bcff-cb02c49d6858,66,33954433,33999098,ACCEPTED,,33999142,ok,44.709
bot-001,01a0b92b-8eec-71a8-a11d-8af36d1b7bc0,67,34457863,34498872,ACCEPTED,,34498919,ok,41.056
bot-001,01a0b92b-90e2-7014-bd59-984b25b81668,68,34959151,34998875,ACCEPTED,,34998922,ok,39.771
bot-001,01a0b92b-92d6-71eb-b655-33e735d28b96,69,35459549,35499192,ACCEPTED,,35499238,ok,39.689
bot-001,01a0b92b-94cd-7795-9d4c-1dcfeb0b6c79,70,35962846,35998979,ACCEPTED,,35999036,ok,36.190
bot-001,01a0b92b-96d2-73d3-9630-12a0a4266411,71,36479170,36499123,ACCEPTED,,36499179,ok,20.009
bot-001,01a0b92b-98cb-707a-810c-903c638971ef,72,36984629,36999069,ACCEPTED,,36999113,ok,14.484
bot-001,01a0b92b-9ac4-775a-8597-c8d25ecd43ae,73,37489459,37499123,ACCEPTED,,37499168,ok,9.709
bot-001,01a0b92b-9cba-7707-801c-512eb76350da,74,37992041,37998665,ACCEPTED,,37998714,ok,6.673
bot-001,01a0b92b-9eb2-7357-847e-df9123f8f4d6,75,38495733,38499314,ACCEPTED,,38499345,ok,3.612
bot-001,01a0b92b-a0a8-76e7-b434-b5958def766a,76,38997719,38999030,ACCEPTED,,38999058,ok,1.339
bot-001,01a0b92b-a29d-767f-ac5a-69e097a7da15,77,39499011,39549233,ACCEPTED,,39549292,ok,50.281
bot-001,01a0b92b-a49f-7692-aba4-c3adf94b5720,78,40012384,40048881,ACCEPTED,,40048925,ok,36.541
bot-001,01a0b92b-a696-7517-9f26-1ac19fe6f6ff,79,40515124,40549207,ACCEPTED,,40549263,ok,34.139
bot-001,01a0b92b-a88d-73eb-8976-76a1767feec7,80,41018785,41048761,ACCEPTED,,41048805,ok,30.020
bot-001,01a0b92b-aa8f-7064-b8d8-14f122b19cfa,81,41532690,41549463,ACCEPTED,,41549512,ok,16.822
bot-001,01a0b92b-ac85-75dc-a509-51840d6e1d4f,82,42034799,42048976,ACCEPTED,,42049020,ok,14.221
bot-001,01a0b92b-ae81-7067-9c63-b5fccf8f7529,83,42542599,42549193,ACCEPTED,,42549240,ok,6.641
bot-001,01a0b92b-b077-77e8-9222-4e4ce9eb2d55,84,43044495,43048892,ACCEPTED,,43048943,ok,4.448
bot-001,01a0b92b-b270-724e-9180-d17afb9970f2,85,43549204,43599074,ACCEPTED,,43599122,ok,49.918
bot-001,01a0b92b-b468-776a-addb-ab77ec0dd8f6,86,44053631,44099539,ACCEPTED,,44099601,ok,45.970
bot-001,01a0b92b-b65d-7346-9c32-25dd6010f6c4,87,44554710,44598822,ACCEPTED,,44598870,ok,44.160
bot-001,01a0b92b-b854-708a-93b1-09274b49a6bf,88,45057755,45098845,ACCEPTED,,45098887,ok,41.132
bot-001,01a0b92b-ba4b-714c-95b0-6d300bbb81d3,89,45560103,45599168,ACCEPTED,,45599223,ok,39.120
bot-001,01a0b92b-bc3f-7471-beb0-6b604737ce91,90,46060940,46098984,ACCEPTED,,46099037,ok,38.097
bot-001,01a0b92b-be35-77f1-8402-f530a6d19538,91,46562753,46599130,ACCEPTED,,46599172,ok,36.419
bot-001,01a0b92b-c02c-723d-9850-1778f6e7f416,92,47065821,47099147,ACCEPTED,,47099202,ok,33.381
bot-001,01a0b92b-c22f-77bb-bc53-79d5e082ba66,93,47580548,47599132,ACCEPTED,,47599183,ok,18.635
bot-001,01a0b92b-c424-7430-adf2-f885b27e26c7,94,48081660,48099266,ACCEPTED,,48099322,ok,17.662
bot-001,01a0b92b-c627-70cd-be0e-5f356d07359d,95,48597035,48599146,ACCEPTED,,48599159,ok,2.124
bot-001,01a0b92b-c81e-720a-9593-b2ba3c9950f8,96,49099280,49149144,ACCEPTED,,49149201,ok,49.921
bot-001,01a0b92b-ca18-7562-956c-23414ad22451,97,49605744,49649256,ACCEPTED,,49649304,ok,43.560
bot-001,01a0b92b-cc1b-765e-b0a9-6c43aedb8ce0,98,50120230,50149021,ACCEPTED,,50149068,ok,28.838
bot-001,01a0b92b-ce12-728a-b03d-90ff7242c873,99,50623610,50648756,ACCEPTED,,50648803,ok,25.193
bot-001,01a0b92b-d015-73b7-99e7-6d3e4a0155e3,100,51138265,51148939,ACCEPTED,,51148993,ok,10.728
bot-001,01a0b92b-d20c-7727-b345-c6ade0ff1608,101,51641393,51649184,ACCEPTED,,51649243,ok,7.850
bot-001,01a0b92b-d407-7337-b95d-36db05ee3719,102,52148800,52199236,ACCEPTED,,52199284,ok,50.484
bot-001,01a0b92b-d5fe-7546-a100-5a4b73334c36,103,52651377,52698740,ACCEPTED,,52698782,ok,47.405
bot-001,01a0b92b-d803-724d-9996-065e65901d82,104,53168370,53199149,ACCEPTED,,53199194,ok,30.824
bot-001,01a0b92b-da06-706c-9e9d-12e635721390,105,53683727,53699295,ACCEPTED,,53699346,ok,15.619
bot-001,01a0b92b-dc0b-7242-acc6-4acc0b3bb7cd,106,54200069,54249141,ACCEPTED,,54249188,ok,49.119
bot-001,01a0b92b-de04-7145-b5d0-2adc269fc4ab,107,54705619,54748823,ACCEPTED,,54748872,ok,43.253
bot-001,01a0b92b-e008-72b2-8429-3f312bf00455,108,55221249,55249215,ACCEPTED,,55249261,ok,28.012
bot-001,01a0b92b-e1ff-749f-92bc-d4bfbf27eb03,109,55724221,55749124,ACCEPTED,,55749176,ok,24.955
bot-001,01a0b92b-e3f5-77c5-8667-d4800bcd9c1e,110,56226850,56248864,ACCEPTED,,56248911,ok,22.061
bot-001,01a0b92b-e5ec-72c7-84ba-5da6e31e6224,111,56729516,56748946,ACCEPTED,,56748989,ok,19.473
bot-001,01a0b92b-e7e5-7062-9dc1-318f89e193c1,112,57234699,57249166,ACCEPTED,,57249208,ok,14.509
bot-001,01a0b92b-e9e6-7796-86cd-c26d15f2c1ea,113,57747262,57748827,ACCEPTED,,57748866,ok,1.604
bot-001,01a0b92b-ebdc-756f-8ad6-2df820c808c0,114,58249244,58298872,ACCEPTED,,58298915,ok,49.671
bot-001,01a0b92b-eddd-70b7-808f-73669e509b22,115,58762259,58799217,ACCEPTED,,58799248,ok,36.989
bot-001,01a0b92b-efd4-7592-9e91-36395ab0833d,116,59265870,59298999,ACCEPTED,,59299042,ok,33.172
bot-001,01a0b92b-f1d8-74fd-a07e-418d15c78c64,117,59781270,59798669,ACCEPTED,,59798704,ok,17.434
bot-001,01a0b92b-f3d1-70ce-ab0b-eb2d6879b393,118,60286706,60298835,ACCEPTED,,60298895,ok,12.189
bot-002,01a0b92b-0ac4-77e3-a38b-bbcf20925b61,0,625971,648834,ACCEPTED,,648883,ok,22.912
bot-002,01a0b92b-0cc7-7708-9723-971b16315a3d,1,1140401,1149062,ACCEPTED,,1149103,ok,8.702
bot-002,01a0b92b-0ebf-735b-b533-5899bd68f827,2,1644904,1649075,ACCEPTED,,1649122,ok,4.218
bot-002,01a0b92b-10b6-700f-afe1-37ea80aaf116,3,2147231,2149053,ACCEPTED,,2149088,ok,1.857
bot-002,01a0b92b-12ac-773c-b762-0629a18eeec0,4,2649125,2699069,ACCEPTED,,2699118,ok,49.993
bot-002,01a0b92b-14a8-7171-9890-3e50cb962b17,5,3157877,3199208,ACCEPTED,,3199244,ok,41.367
bot-002,01a0b92b-169d-7621-ab79-a5dace5ceea6,6,3659051,3698967,ACCEPTED,,3699011,ok,39.960
bot-002,01a0b92b-1893-75d6-adb1-22429b4243e7,7,4161060,4198864,ACCEPTED,,4198921,ok,37.861
bot-002,01a0b92b-1a89-740d-a340-8a6eabd612dd,8,4662597,4699132,ACCEPTED,,4699166,ok,36.569
bot-002,01a0b92b-1c84-77ab-9332-f512f9a2e305,9,5169605,5199123,ACCEPTED,,5199162,ok,29.557
bot-002,01a0b92b-1e7e-70b0-976e-839e8e967ce8,10,5675337,5699182,ACCEPTED,,5699229,ok,23.892
bot-002,01a0b92b-2074-711f-a1a3-f9345c51ebe3,11,6177460,6199114,ACCEPTED,,6199162,ok,21.702
bot-002,01a0b92b-226c-71cc-b368-3f4c0169edc0,12,6681635,6699017,ACCEPTED,,6699044,ok,17.409
bot-002,01a0b92b-2462-71c5-b93c-78d63f248b7c,13,7183838,7199449,ACCEPTED,,7199472,ok,15.634
bot-002,01a0b92b-2657-705a-a652-5326c25e8f15,14,7684591,7699036,ACCEPTED,,7699089,ok,14.498
bot-002,01a0b92b-284d-74dc-8d24-d8d78823a075,15,8186557,8199216,ACCEPTED,,8199275,ok,12.718
bot-002,01a0b92b-2a48-778d-a236-3e944eb6f33c,16,8693563,8698876,ACCEPTED,,8698924,ok,5.361
bot-002,01a0b92b-2c3f-7508-8654-a32019a8f1ab,17,9196852,9199204,ACCEPTED,,9199232,ok,2.380
bot-002,01a0b92b-2e35-74de-b9c3-8ab91ce3ae2f,18,9698917,9749086,ACCEPTED,,9749142,ok,50.225
bot-002,01a0b92b-3030-75cd-a10e-7c64ba5cfb72,19,10205350,10249107,ACCEPTED,,10249159,ok,43.809
bot-002,01a0b92b-322a-7203-aa43-90101f4841ca,20,10711491,10749248,ACCEPTED,,10749305,ok,37.814
bot-002,01a0b92b-3422-702e-a9e9-d7b669acf3cc,21,11215293,11248994,ACCEPTED,,11249026,ok,33.733
bot-002,01a0b92b-3625-713c-82ee-ed0911491e3d,22,11730157,11749126,ACCEPTED,,11749166,ok,19.009
bot-002,01a0b92b-381b-7726-9b4b-660e961ed873,23,12232292,12248873,ACCEPTED,,12248890,ok,16.598
bot-002,01a0b92b-3a16-74bf-8cdd-338cdbcffdfb,24,12739887,12748835,ACCEPTED,,12748884,ok,8.997
bot-002,01a0b92b-3c14-7343-82cd-d533ba6f2e0b,25,13249187,13299090,ACCEPTED,,13299125,ok,49.938
bot-002,01a0b92b-3e0c-75e6-a5ee-503fd496417a,26,13753387,13798847,ACCEPTED,,13798904,ok,45.517
bot-002,01a0b92b-4011-735d-a788-329256b72e78,27,14270202,14299199,ACCEPTED,,14299243,ok,29.041
bot-002,01a0b92b-4214-70e4-9c8b-e58afed0a8e8,28,14785356,14799163,ACCEPTED,,14799214,ok,13.858
bot-002,01a0b92b-440b-7127-8d95-201a5408d60a,29,15288971,15299082,ACCEPTED,,15299107,ok,10.136
bot-002,01a0b92b-4602-7727-b0c9-08acc5996194,30,15791258,15798809,ACCEPTED,,15798856,ok,7.598
bot-002,01a0b92b-47f8-7143-beed-db1d6af4e74a,31,16293137,16298889,ACCEPTED,,16298937,ok,5.800
bot-002,01a0b92b-49ee-7591-8494-f72c1685d1e8,32,16795796,16798996,ACCEPTED,,16799027,ok,3.231
bot-002,01a0b92b-4be5-7201-9870-1a12fa413f3a,33,17298866,17349253,ACCEPTED,,17349291,ok,50.425
bot-002,01a0b92b-4dda-73f3-9d14-95fb97394283,34,17799555,17848797,ACCEPTED,,17848848,ok,49.293
bot-002,01a0b92b-4fcf-706f-a929-3e454047cc41,35,18300975,18349140,ACCEPTED,,18349176,ok,48.201
bot-002,01a0b92b-51c9-732f-b4f1-f3af8349b1b0,36,18806741,18849194,ACCEPTED,,18849247,ok,42.506
bot-002,01a0b92b-53c4-7316-9ce2-3fbe63963a92,37,19313778,19349284,ACCEPTED,,19349328,ok,35.550
bot-002,01a0b92b-55be-73ae-b204-557e5311aba8,38,19819260,19848994,ACCEPTED,,19849026,ok,29.766
bot-002,01a0b92b-57c1-774a-8d9d-463d45d23115,39,20334417,20349133,ACCEPTED,,20349185,ok,14.768
bot-002,01a0b92b-59b9-7245-9447-50d35f624697,40,20838915,20849010,ACCEPTED,,20849067,ok,10.152
bot-002,01a0b92b-5bb7-737b-8497-d76a95c5fe2a,41,21348876,21399165,ACCEPTED,,21399199,ok,50.323
bot-002,01a0b92b-5db2-7536-a381-8fe35a77e263,42,21855993,21898951,ACCEPTED,,21899004,ok,43.011
bot-002,01a0b92b-5faa-751a-984e-7ae14a5aa7bc,43,22359759,22399297,ACCEPTED,,22399334,ok,39.575
bot-002,01a0b92b-61af-760f-916e-928fe6dc855d,44,22876569,22898874,ACCEPTED,,22898926,ok,22.357
bot-002,01a0b92b-63a6-7078-9bd0-b96ab17ca505,45,23379545,23398806,ACCEPTED,,23398859,ok,19.314
bot-002,01a0b92b-659e-7388-b54d-0f58af566acd,46,23883747,23899055,ACCEPTED,,23899089,ok,15.342
bot-002,01a0b92b-67a1-762f-8c58-6bc29c6c4dc6,47,24398060,24399079,ACCEPTED,,24399120,ok,1.060
bot-002,01a0b92b-6996-7084-83ad-a7cd21133ba6,48,24899177,24948940,ACCEPTED,,24948970,ok,49.793
bot-002,01a0b92b-6b90-7620-8599-43842518149e,49,25405322,25448858,ACCEPTED,,25448914,ok,43.592
bot-002,01a0b92b-6d89-71b6-89b9-f438af2eb24b,50,25910687,25949265,ACCEPTED,,25949322,ok,38.635
bot-002,01a0b92b-6f7e-701d-a315-0fe82092a4d3,51,26411842,26449303,ACCEPTED,,26449333,ok,37.491
bot-002,01a0b92b-717a-7462-95ef-6417cff857d3,52,26919225,26949138,ACCEPTED,,26949196,ok,29.971
bot-002,01a0b92b-7371-7634-850c-2cce99c43809,53,27422088,27449067,ACCEPTED,,27449121,ok,27.033
bot-002,01a0b92b-756a-7418-8ebc-c3365dc52a30,54,27927250,27948887,ACCEPTED,,27948935,ok,21.685
bot-002,01a0b92b-7762-70a6-8ae4-e448fe775703,55,28431927,28448852,ACCEPTED,,28448887,ok,16.960
bot-002,01a0b92b-7959-732a-b7f8-12cdf7b2c315,56,28934566,28949160,ACCEPTED,,28949193,ok,14.627
bot-002,01a0b92b-7b5b-7536-9b00-dada740e81ab,57,29449023,29498847,ACCEPTED,,29498867,ok,49.844
bot-002,01a0b92b-7d50-708b-bf53-71be953ba8b3,58,29949536,29999206,ACCEPTED,,29999236,ok,49.700
bot-002,01a0b92b-7f50-74e3-a3a7-065227dfb57f,59,30461504,30499064,ACCEPTED,,30499097,ok,37.593
bot-002,01a0b92b-8154-70a2-b4e7-9beead004c03,60,30977907,30998993,ACCEPTED,,30999040,ok,21.133
bot-002,01a0b92b-834b-7536-b175-18448b1bce91,61,31480453,31499144,ACCEPTED,,31499174,ok,18.721
bot-002,01a0b92b-8545-74f0-b713-8f7ae476ff92,62,31986236,31999079,ACCEPTED,,31999098,ok,12.862
bot-002,01a0b92b-873c-7355-a49b-cf9a86f9a274,63,32489377,32499084,ACCEPTED,,32499106,ok,9.729
bot-002,01a0b92b-8939-7361-9abc-b4a7a25bf78d,64,32998918,33049163,ACCEPTED,,33049189,ok,50.271
bot-002,01a0b92b-8b38-7381-88bb-a7eae00fdecc,65,33509350,33548897,ACCEPTED,,33548920,ok,39.570
bot-002,01a0b92b-8d32-71be-8019-84190adbbe66,66,34015315,34049004,ACCEPTED,,34049028,ok,33.713
bot-002,01a0b92b-8f29-739d-bd81-c5c9c22d142e,67,34518996,34548854,ACCEPTED,,34548877,ok,29.881
bot-002,01a0b92b-911e-72ff-9140-20d4ba8e06b0,68,35019800,35049219,ACCEPTED,,35049264,ok,29.464
bot-002,01a0b92b-9321-722d-bcad-35c435bb3c93,69,35534977,35548859,ACCEPTED,,35548886,ok,13.909
bot-002,01a0b92b-9518-77f6-8279-4d1d2a3c625c,70,36037804,36049264,ACCEPTED,,36049315,ok,11.511
bot-002,01a0b92b-970f-7259-b736-ae8661f7eea9,71,36540538,36548831,ACCEPTED,,36548872,ok,8.334
bot-002,01a0b92b-9908-74d4-aeea-4e8034e51f2a,72,37045899,37048777,ACCEPTED,,37048799,ok,2.900
bot-002,01a0b92b-9b02-72c5-8300-79c7ddcee03e,73,37551208,37598931,ACCEPTED,,37598964,ok,47.756
bot-002,01a0b92b-9cf8-71f9-a3e7-3b0445c8dd5f,74,38053199,38098872,ACCEPTED,,38098914,ok,45.715
bot-002,01a0b92b-9eef-7292-9218-38ad53b5c56c,75,38556758,38599124,ACCEPTED,,38599160,ok,42.402
bot-002,01a0b92b-a0e5-712d-8b61-9e9f4f2a845b,76,39058564,39099155,ACCEPTED,,39099187,ok,40.623
bot-002,01a0b92b-a2e5-749a-b574-4d43d8a0d5b6,77,39570986,39598828,ACCEPTED,,39598861,ok,27.875
bot-002,01a0b92b-a4dc-74fd-aaa1-9abebd7a457a,78,40073675,40099166,ACCEPTED,,40099219,ok,25.544
bot-002,01a0b92b-a6d2-762a-8543-eaa8976ddd83,79,40575205,40598981,ACCEPTED,,40599006,ok,23.801
bot-002,01a0b92b-a8ca-744b-a3eb-1a0edf7282c3,80,41079556,41099013,ACCEPTED,,41099042,ok,19.486
bot-002,01a0b92b-aacc-71db-bf3a-ac119b0dc3ed,81,41593181,41598840,ACCEPTED,,41598869,ok,5.688
bot-002,01a0b92b-acc3-7170-a49a-24136f138552,82,42096583,42099105,ACCEPTED,,42099152,ok,2.569
bot-002,01a0b92b-aebf-746f-bd0b-deeef583cc5e,83,42604292,42648920,ACCEPTED,,42648954,ok,44.662
bot-002,01a0b92b-b0b4-758d-98f7-77800fb9e75c,84,43105766,43148924,ACCEPTED,,43148978,ok,43.212
bot-002,01a0b92b-b2ae-76f6-95fe-5db7926fbb5d,85,43611310,43649369,ACCEPTED,,43649426,ok,38.116
bot-002,01a0b92b-b4a5-76cb-a27e-fc9dc2412fc5,86,44114395,44149241,ACCEPTED,,44149281,ok,34.886
bot-002,01a0b92b-b69a-75ce-b7fb-0c79c2435562,87,44615905,44648974,ACCEPTED,,44649034,ok,33.129
bot-002,01a0b92b-b890-76e6-ab82-283dbc5dda45,88,45117890,45148914,ACCEPTED,,45148948,ok,31.058
bot-002,01a0b92b-ba87-75fb-a5d8-01ab4b25663b,89,45620678,45649099,ACCEPTED,,45649122,ok,28.444
bot-002,01a0b92b-bc8b-753f-93fa-3c10620c80db,90,46136377,46148879,ACCEPTED,,46148922,ok,12.545
bot-002,01a0b92b-be82-77db-9928-3e19831ed402,91,46639244,46649082,ACCEPTED,,46649139,ok,9.895
bot-002,01a0b92b-c077-7203-a1c6-9575112ed5e2,92,47140823,47148769,ACCEPTED,,47148809,ok,7.986
bot-002,01a0b92b-c27b-7536-8cfb-ec3d2676cd6a,93,47656750,47699262,ACCEPTED,,47699311,ok,42.561
bot-002,01a0b92b-c480-71aa-8ece-92d39808e36f,94,48173227,48198977,ACCEPTED,,48199021,ok,25.794
bot-002,01a0b92b-c682-7015-a303-c16a4e797a3f,95,48687306,48699289,ACCEPTED,,48699329,ok,12.023
bot-002,01a0b92b-c87a-7362-aaf2-2cc9a3a81e65,96,49191976,49199642,ACCEPTED,,49199666,ok,7.690
bot-002,01a0b92b-ca75-75b6-8e6f-1cc961534225,97,49698324,49698924,ACCEPTED,,49698962,ok,0.638
bot-002,01a0b92b-cc76-7010-a2da-08e0f238a013,98,50211422,50249074,ACCEPTED,,50249128,ok,37.706
bot-002,01a0b92b-ce6d-73a2-879e-a6b921a4b3c3,99,50714667,50749106,ACCEPTED,,50749160,ok,34.493
bot-002,01a0b92b-d063-7704-8d83-1ec057ac23be,100,51216068,51249124,ACCEPTED,,51249167,ok,33.099
bot-002,01a0b92b-d257-7306-bd63-cf0b4b8743d0,101,51717031,51749714,ACCEPTED,,51749756,ok,32.725
bot-002,01a0b92b-d454-7631-a561-a608432f67fb,102,52225903,52249059,ACCEPTED,,52249079,ok,23.176
bot-002,01a0b92b-d64b-734a-9a48-91933ed464cc,103,52728318,52749271,ACCEPTED,,52749310,ok,20.992
bot-002,01a0b92b-d84e-74c4-a7cc-66d535f53c42,104,53243575,53248733,ACCEPTED,,53248770,ok,5.195
bot-002,01a0b92b-da44-7609-8ef8-68d36d296c49,105,53745155,53749260,ACCEPTED,,53749294,ok,4.139
bot-002,01a0b92b-dc39-74c2-8dcc-8f921f9e91d1,106,54246474,54249211,ACCEPTED,,54249240,ok,2.766
bot-002,01a0b92b-de2f-70b4-ad6f-d13fe859d6c0,107,54748865,54798866,ACCEPTED,,54798883,ok,50.018
bot-002,01a0b92b-e026-754a-a352-113a757a6580,108,55251532,55299127,ACCEPTED,,55299165,ok,47.633
bot-002,01a0b92b-e21d-7522-abb0-4ed2e4caa1b4,109,55754487,55798999,ACCEPTED,,55799027,ok,44.540
bot-002,01a0b92b-e413-73ca-bf2c-d8457d01f758,110,56256974,56299327,ACCEPTED,,56299373,ok,42.399
bot-002,01a0b92b-e60a-732b-a3b1-eef7b0437114,111,56759795,56799044,ACCEPTED,,56799068,ok,39.273
bot-002,01a0b92b-e804-76db-a49d-e05defcf5a5f,112,57265616,57298994,ACCEPTED,,57299041,ok,33.425
bot-002,01a0b92b-ea04-728c-898d-f9ac382579dc,113,57777948,57798918,ACCEPTED,,57798986,ok,21.038
bot-002,01a0b92b-ebfa-71ab-a1ec-a8bd089f16d1,114,58279782,58298885,ACCEPTED,,58298915,ok,19.133
bot-002,01a0b92b-edfc-7658-98ff-aebd261c4c5c,115,58793597,58799315,ACCEPTED,,58799337,ok,5.740
bot-002,01a0b92b-eff2-739b-8894-1804db74368e,116,59295558,59299062,ACCEPTED,,59299085,ok,3.527
bot-002,01a0b92b-f1e7-7449-8fbd-062edee10928,117,59796641,59798757,ACCEPTED,,59798784,ok,2.143
bot-002,01a0b92b-f3dd-7163-b549-630f438ba5ea,118,60298820,60349373,ACCEPTED,,60349417,ok,50.597
bot-003,01a0b92b-0b88-7778-809c-f8f73679780d,0,821419,849365,ACCEPTED,,849395,ok,27.976
bot-003,01a0b92b-0d8c-718f-ac50-3f8004de585e,1,1337431,1348701,ACCEPTED,,1348749,ok,11.318
bot-003,01a0b92b-0f86-707e-86cf-30816f48cf1d,2,1843265,1849480,ACCEPTED,,1849510,ok,6.245
bot-003,01a0b92b-117c-77e7-8165-4769772dff5c,3,2345401,2348941,ACCEPTED,,2348970,ok,3.569
bot-003,01a0b92b-1373-72d3-b469-9cce0381b67f,4,2849016,2899128,ACCEPTED,,2899183,ok,50.167
bot-003,01a0b92b-156e-7133-9770-8d9391f28ec3,5,3355581,3398784,ACCEPTED,,3398820,ok,43.239
bot-003,01a0b92b-1772-71f5-bd0f-f5957e08c55e,6,3871368,3898839,ACCEPTED,,3898870,ok,27.502
bot-003,01a0b92b-1977-758e-82d3-6abb8baa0847,7,4388138,4399177,ACCEPTED,,4399211,ok,11.073
bot-003,01a0b92b-1b71-73d8-93cd-7d75f7333100,8,4894850,4899167,ACCEPTED,,4899196,ok,4.346
bot-003,01a0b92b-1d69-70a3-9128-5349d640226b,9,5398883,5450270,ACCEPTED,,5450293,ok,51.410
bot-003,01a0b92b-1f5e-7452-a105-ff41e690e69f,10,5899743,5949123,ACCEPTED,,5949152,ok,49.409
bot-003,01a0b92b-215a-7646-9d7c-bbf6856e9a6d,11,6407906,6449337,ACCEPTED,,6449396,ok,41.490
bot-003,01a0b92b-2352-7048-a0eb-fd18bd114926,12,6911152,6949202,ACCEPTED,,6949250,ok,38.098
bot-003,01a0b92b-2555-73ca-9ec6-adb600da2266,13,7426414,7449306,ACCEPTED,,7449339,ok,22.925
bot-003,01a0b92b-274b-74b2-8444-50e44ec8c0bd,14,7928247,7948927,ACCEPTED,,7948961,ok,20.714
bot-003,01a0b92b-2943-7327-8e46-cb887411da7a,15,8432521,8449012,ACCEPTED,,8449035,ok,16.514
bot-003,01a0b92b-2b3d-73f5-b35b-09cc321be697,16,8938768,8948924,ACCEPTED,,8948967,ok,10.199
bot-003,01a0b92b-2d36-754d-9bba-6651717d8c1e,17,9443549,9449209,ACCEPTED,,9449241,ok,5.692
bot-003,01a0b92b-2f2d-7792-9029-6f980803d9ba,18,9946522,9949274,ACCEPTED,,9949305,ok,2.783
bot-003,01a0b92b-3124-71d4-bc2c-18ee2cac08aa,19,10449152,10498962,ACCEPTED,,10499019,ok,49.867
bot-003,01a0b92b-331e-7720-a149-bd981ee007fb,20,10955681,10998819,ACCEPTED,,10998875,ok,43.194
bot-003,01a0b92b-3514-76c7-a5ba-ddc113f25cb8,21,11457435,11499284,ACCEPTED,,11499337,ok,41.902
bot-003,01a0b92b-3716-705a-8f57-477ceab99b82,22,11971836,11999371,ACCEPTED,,11999395,ok,27.559
bot-003,01a0b92b-3910-73b3-bfac-50c55fffffc3,23,12477781,12499243,ACCEPTED,,12499275,ok,21.494
bot-003,01a0b92b-3b09-76d1-81df-ec9de7d88f98,24,12982614,12998959,ACCEPTED,,12998986,ok,16.372
bot-003,01a0b92b-3d0b-77f7-9539-e9c77274f698,25,13496662,13498718,ACCEPTED,,13498746,ok,2.084
bot-003,01a0b92b-3f0f-7451-bf47-baf31597c5fd,26,14012115,14049166,ACCEPTED,,14049221,ok,37.106
bot-003,01a0b92b-4103-71ce-b07c-e33f70007f12,27,14512895,14549078,ACCEPTED,,14549103,ok,36.208
bot-003,01a0b92b-42fb-7075-bdb1-db085bdd1f5d,28,15016707,15049224,ACCEPTED,,15049272,ok,32.565
bot-003,01a0b92b-44fd-748d-b1f1-bb49c0e14296,29,15530637,15549018,ACCEPTED,,15549042,ok,18.405
bot-003,01a0b92b-46f6-7219-997c-f45696bfed69,30,16035561,16049090,ACCEPTED,,16049114,ok,13.553
bot-003,01a0b92b-48ec-7675-91fd-5e4bb15a889f,31,16538032,16549043,ACCEPTED,,16549092,ok,11.060
bot-003,01a0b92b-4af0-7176-9dbd-04550716f40a,32,17053194,17098965,ACCEPTED,,17098995,ok,45.801
bot-003,01a0b92b-4ce6-744b-b9f6-450ba9b8037f,33,17555971,17599227,ACCEPTED,,17599252,ok,43.281
bot-003,01a0b92b-4edc-7117-8008-6882fe68d53e,34,18057863,18099276,ACCEPTED,,18099327,ok,41.464
bot-003,01a0b92b-50d2-73ac-b797-2cc312a0b2ea,35,18559076,18599269,ACCEPTED,,18599318,ok,40.242
bot-003,01a0b92b-52cf-700d-a47f-53a631708117,36,19068403,19099465,ACCEPTED,,19099489,ok,31.086
bot-003,01a0b92b-54c9-77d5-b301-f1c0cd159dd5,37,19574228,19599267,ACCEPTED,,19599294,ok,25.066
bot-003,01a0b92b-56bf-7650-801c-e52076cb7b98,38,20077056,20099162,ACCEPTED,,20099197,ok,22.141
bot-003,01a0b92b-58b5-7057-9c6e-e8e6035e3637,39,20578111,20599035,ACCEPTED,,20599069,ok,20.958
bot-003,01a0b92b-5aab-7664-b8aa-cdb36462ad2b,40,21080143,21099244,ACCEPTED,,21099288,ok,19.145
bot-003,01a0b92b-5ca0-7564-a5d6-e67b82fd4131,41,21581823,21599088,ACCEPTED,,21599128,ok,17.305
bot-003,01a0b92b-5e97-7499-97d4-ecc16bb92d09,42,22084444,22098826,ACCEPTED,,22098871,ok,14.427
bot-003,01a0b92b-608d-724c-993f-5a8b2e175ab4,43,22586492,22599203,ACCEPTED,,22599239,ok,12.747
bot-003,01a0b92b-6284-732c-9465-e56018e0687a,44,23089420,23099218,ACCEPTED,,23099240,ok,9.820
bot-003,01a0b92b-647c-7303-b396-c0715cf5e6d2,45,23593906,23598846,ACCEPTED,,23598890,ok,4.984
bot-003,01a0b92b-6681-7095-9bca-6b79eee0eff9,46,24110656,24149241,ACCEPTED,,24149269,ok,38.613
bot-003,01a0b92b-6884-71fa-a51b-5af598bbf29b,47,24625897,24648852,ACCEPTED,,24648886,ok,22.989
bot-003,01a0b92b-6a7d-73a8-82ab-0f96520df319,48,25130600,25148942,ACCEPTED,,25148965,ok,18.365
bot-003,01a0b92b-6c73-712b-bd5a-622806e54fef,49,25633042,25649132,ACCEPTED,,25649185,ok,16.143
bot-003,01a0b92b-6e6e-71bd-98b8-b9fd27917141,50,26139562,26149046,ACCEPTED,,26149065,ok,9.503
bot-003,01a0b92b-7064-75af-bd1f-734966650bc7,51,26641634,26649015,ACCEPTED,,26649038,ok,7.404
bot-003,01a0b92b-725e-72da-9ed2-a91e51835c8a,52,27148029,27149051,ACCEPTED,,27149100,ok,1.071
bot-003,01a0b92b-7453-713b-81e4-f650577f925c,53,27649053,27699290,ACCEPTED,,27699324,ok,50.271
bot-003,01a0b92b-764f-76fa-8dc0-14bca5206516,54,28156607,28199129,ACCEPTED,,28199176,ok,42.569
bot-003,01a0b92b-7846-75d6-bcf0-247b93f1004a,55,28659859,28699055,ACCEPTED,,28699095,ok,39.236
bot-003,01a0b92b-7a3c-76ae-949e-a2e1de0897bf,56,29161115,29199422,ACCEPTED,,29199450,ok,38.335
bot-003,01a0b92b-7c34-7390-a98f-1fe55eb8e132,57,29665695,29698997,ACCEPTED,,29699025,ok,33.330
bot-003,01a0b92b-7e2b-750c-a347-04d455cb527b,58,30168939,30199014,ACCEPTED,,30199032,ok,30.093
bot-003,01a0b92b-8024-7688-9f59-d85b5964271c,59,30673976,30699243,ACCEPTED,,30699295,ok,25.319
bot-003,01a0b92b-8228-7664-97bf-5f4ff52863ff,60,31189888,31198725,ACCEPTED,,31198744,ok,8.856
bot-003,01a0b92b-8421-74c9-892a-e6cbab41808d,61,31694402,31698974,ACCEPTED,,31699023,ok,4.621
bot-003,01a0b92b-861b-760b-a936-9604362b5b12,62,32200273,32248908,ACCEPTED,,32248963,ok,48.690
bot-003,01a0b92b-8819-73b2-bfae-b0013debb627,63,32711020,32749190,ACCEPTED,,32749219,ok,38.199
bot-003,01a0b92b-8a1d-76b1-8923-de553c372b52,64,33226573,33248886,ACCEPTED,,33248936,ok,22.363
bot-003,01a0b92b-8c21-701f-8b95-1da20937d73e,65,33742698,33749012,ACCEPTED,,33749028,ok,6.330
bot-003,01a0b92b-8e17-77a4-955d-e775b4a359f0,66,34244708,34248738,ACCEPTED,,34248765,ok,4.057
bot-003,01a0b92b-900d-75b0-8ecb-99f68ac7dc0d,67,34746494,34748891,ACCEPTED,,34748922,ok,2.428
bot-003,01a0b92b-9210-73ab-a486-086bed46aa75,68,35261469,35298994,ACCEPTED,,35299021,ok,37.552
bot-003,01a0b92b-9409-7689-b037-2cb33bce36c8,69,35766485,35799257,ACCEPTED,,35799298,ok,32.813
bot-003,01a0b92b-960b-736c-82d7-072ed60cc38a,70,36280825,36299054,ACCEPTED,,36299098,ok,18.273
bot-003,01a0b92b-9804-7617-bdb5-f17189877a91,71,36785155,36799052,ACCEPTED,,36799104,ok,13.949
bot-003,01a0b92b-99fc-71df-a121-5333688f6cfe,72,37289985,37298753,ACCEPTED,,37298790,ok,8.805
bot-003,01a0b92b-9bf4-739f-831b-9200c39e9ce6,73,37793994,37799142,ACCEPTED,,37799192,ok,5.198
bot-003,01a0b92b-9dec-7580-b5aa-bbad89e2194c,74,38297848,38298866,ACCEPTED,,38298917,ok,1.069
bot-003,01a0b92b-9fe4-7716-9282-4f086ceee769,75,38801300,38848854,ACCEPTED,,38848899,ok,47.599
bot-003,01a0b92b-a1e4-71f8-980c-8e65cf5a141b,76,39313793,39349068,ACCEPTED,,39349084,ok,35.291
bot-003,01a0b92b-a3db-715e-8704-2561a0922782,77,39816225,39849400,ACCEPTED,,39849427,ok,33.202
bot-003,01a0b92b-a5d1-71ce-bad6-04421767f5cd,78,40318466,40349007,ACCEPTED,,40349036,ok,30.570
bot-003,01a0b92b-a7c8-7527-a850-f381d9ce66c0,79,40821295,40848809,ACCEPTED,,40848852,ok,27.557
bot-003,01a0b92b-a9bd-73ea-8252-5720ffb69d98,80,41322944,41349220,ACCEPTED,,41349240,ok,26.296
bot-003,01a0b92b-abbe-7499-9566-434a21cff4bf,81,41835674,41849036,ACCEPTED,,41849073,ok,13.399
bot-003,01a0b92b-adb6-7129-972e-7e8d7ae2b50d,82,42339465,42349195,ACCEPTED,,42349257,ok,9.792
bot-003,01a0b92b-afb2-77eb-9908-b024e354d486,83,42848042,42849213,ACCEPTED,,42849232,ok,1.190
bot-003,01a0b92b-b1a9-770b-8b3d-08a2608b150e,84,43350571,43398968,ACCEPTED,,43399005,ok,48.434
bot-003,01a0b92b-b3a2-77d8-b6f8-b4f2f46a7c92,85,43855195,43899209,ACCEPTED,,43899242,ok,44.047
bot-003,01a0b92b-b599-7520-9181-4e87ee6940c9,86,44358236,44399016,ACCEPTED,,44399071,ok,40.835
bot-003,01a0b92b-b78e-73b5-93ea-95b2b152b3c0,87,44859340,44898959,ACCEPTED,,44898989,ok,39.649
bot-003,01a0b92b-b992-759c-b109-cfa051f8ee40,88,45375154,45399087,ACCEPTED,,45399125,ok,23.971
bot-003,01a0b92b-bb89-7709-be43-95b967ba3775,89,45878280,45898748,ACCEPTED,,45898802,ok,20.522
bot-003,01a0b92b-bd81-717b-b9de-4683e0e4ea71,90,46382338,46398890,ACCEPTED,,46398940,ok,16.602
bot-003,01a0b92b-bf76-74ec-9a45-80244f267c4c,91,46883785,46899238,ACCEPTED,,46899289,ok,15.504
bot-003,01a0b92b-c177-73ad-888b-f2df79bc38dc,92,47396699,47398697,ACCEPTED,,47398739,ok,2.040
bot-003,01a0b92b-c36d-7098-a473-27af5d65883b,93,47898723,47949048,ACCEPTED,,47949080,ok,50.357
bot-003,01a0b92b-c570-7242-85c6-754605a056d9,94,48413874,48449752,ACCEPTED,,48449780,ok,35.906
bot-003,01a0b92b-c766-746d-a262-18d9c519af4f,95,48915788,48949192,ACCEPTED,,48949241,ok,33.453
bot-003,01a0b92b-c961-75da-aa38-ad46ca80b928,96,49422310,49448911,ACCEPTED,,49448965,ok,26.655
bot-003,01a0b92b-cb57-70d8-b8de-6afc46d758ef,97,49924616,49948836,ACCEPTED,,49948884,ok,24.268
bot-003,01a0b92b-cd5a-7441-a524-268b9e35d3d8,98,50439113,50449087,ACCEPTED,,50449112,ok,9.999
bot-003,01a0b92b-cf4f-70f1-9679-f93504f10972,99,50940605,50949085,ACCEPTED,,50949115,ok,8.510
bot-003,01a0b92b-d145-73cf-93e6-5859af3fb387,100,51442195,51449099,ACCEPTED,,51449124,ok,6.929
bot-003,01a0b92b-d344-7750-82fa-204197180942,101,51953430,51999278,ACCEPTED,,51999307,ok,45.877
bot-003,01a0b92b-d547-7310-958e-2d575491585f,102,52468463,52499291,ACCEPTED,,52499320,ok,30.857
bot-003,01a0b92b-d74b-7515-aa5e-05e29270f34e,103,52984795,52999092,ACCEPTED,,52999138,ok,14.343
bot-003,01a0b92b-d942-7321-8f2b-d9b1c309f849,104,53487193,53499035,ACCEPTED,,53499090,ok,11.897
bot-003,01a0b92b-db43-7372-9cf2-56775329f4a3,105,54000632,54049234,ACCEPTED,,54049260,ok,48.628
bot-003,01a0b92b-dd3e-7565-9c07-0fea712e489f,106,54507471,54548833,ACCEPTED,,54548890,ok,41.419
bot-003,01a0b92b-df42-7223-a945-e961e0d980a1,107,55023763,55049129,ACCEPTED,,55049165,ok,25.402
bot-003,01a0b92b-e139-733c-9d85-5a3611a0e1d7,108,55526999,55548984,ACCEPTED,,55549029,ok,22.030
bot-003,01a0b92b-e33c-703b-91c7-b58cc3996862,109,56041334,56049157,ACCEPTED,,56049209,ok,7.875
bot-003,01a0b92b-e536-7577-8016-5d993e37f93d,110,56547576,56549163,ACCEPTED,,56549189,ok,1.613
bot-003,01a0b92b-e72e-756d-ab37-147501858cdb,111,57051447,57099409,ACCEPTED,,57099436,ok,47.989
bot-003,01a0b92b-e926-70bf-b372-00b2f7141cfa,112,57555274,57599037,ACCEPTED,,57599070,ok,43.796
bot-003,01a0b92b-eb26-7602-be57-d78239f4825d,113,58067898,58099261,ACCEPTED,,58099306,ok,31.408
bot-003,01a0b92b-ed28-75ff-bbd6-c6e5982b4969,114,58581574,58598922,ACCEPTED,,58598950,ok,17.376
bot-003,01a0b92b-ef1e-7303-a9a7-2f15853f8460,115,59083344,59099227,ACCEPTED,,59099255,ok,15.911
bot-003,01a0b92b-f121-7421-a70a-f0ce82682a70,116,59598838,59649004,ACCEPTED,,59649019,ok,50.181
bot-003,01a0b92b-f31b-757a-aefd-710f8cf971b0,117,60104460,60149061,ACCEPTED,,60149116,ok,44.656
bot-003,01a0b92b-f513-76cf-beee-f8665b28fac4,118,60608961,60649263,ACCEPTED,,60649296,ok,40.335
bot-004,01a0b92b-0ce5-7438-9300-4e6136469179,0,1170473,1199118,ACCEPTED,,1199168,ok,28.695
bot-004,01a0b92b-0edd-7261-ab3f-7f370b626459,1,1675045,1699081,ACCEPTED,,1699147,ok,24.102
bot-004,01a0b92b-10d4-77bd-b76c-0316c741addf,2,2178012,2198987,ACCEPTED,,2199012,ok,21.000
bot-004,01a0b92b-12ca-76e8-9d21-70db787c5f2a,3,2679650,2699089,ACCEPTED,,2699127,ok,19.477
bot-004,01a0b92b-14c6-77d2-842c-1e204a3d8259,4,3187486,3199281,ACCEPTED,,3199307,ok,11.821
bot-004,01a0b92b-16bb-761e-82d8-d18252291bc1,5,3688924,3698961,ACCEPTED,,3699010,ok,10.086
bot-004,01a0b92b-18b2-773e-a6b0-2ecca54ada63,6,4191146,4199026,ACCEPTED,,4199050,ok,7.904
bot-004,01a0b92b-1aa7-7403-88dd-b07ccd8d47b7,7,4692191,4699210,ACCEPTED,,4699224,ok,7.033
bot-004,01a0b92b-1ca2-721a-aa80-db47d9b2bd61,8,5199179,5248980,ACCEPTED,,5249030,ok,49.851
bot-004,01a0b92b-1e96-7798-9daf-f87f8eb0d791,9,5699869,5749098,ACCEPTED,,5749128,ok,49.259
bot-004,01a0b92b-2094-73d8-95a8-ae7eafa3c02d,10,6209436,6249186,ACCEPTED,,6249235,ok,39.799
bot-004,01a0b92b-228b-7088-a604-4620f3cdb1e5,11,6712294,6748934,ACCEPTED,,6748965,ok,36.671
bot-004,01a0b92b-2481-7425-91cd-c0e82b3601b9,12,7214176,7248834,ACCEPTED,,7248860,ok,34.684
bot-004,01a0b92b-2675-742e-b9e4-60e00a38a0c4,13,7714913,7749255,ACCEPTED,,7749304,ok,34.391
bot-004,01a0b92b-286b-7700-9c78-ea62d51e041f,14,8216573,8249189,ACCEPTED,,8249245,ok,32.672
bot-004,01a0b92b-2a66-7384-8df0-13aeca3f970e,15,8723894,8749280,ACCEPTED,,8749324,ok,25.430
bot-004,01a0b92b-2c5e-73a9-a4df-b39040c38c68,16,9227759,9248984,ACCEPTED,,9249041,ok,21.282
bot-004,01a0b92b-2e58-703d-9f06-4ef43fc4336b,17,9733507,9749084,ACCEPTED,,9749143,ok,15.636
bot-004,01a0b92b-304f-74ae-8838-328a36618bd4,18,10236307,10249109,ACCEPTED,,10249159,ok,12.852
bot-004,01a0b92b-3249-73b5-b0ec-6f463acc4770,19,10742476,10749248,ACCEPTED,,10749305,ok,6.829
bot-004,01a0b92b-3440-77e7-89a6-d9b82d562783,20,11245464,11249021,ACCEPTED,,11249048,ok,3.584
bot-004,01a0b92b-3638-76e0-91cb-c0faa48df11d,21,11749129,11799020,ACCEPTED,,11799062,ok,49.933
bot-004,01a0b92b-383a-7562-a9e3-8f9e2af04990,22,12263167,12298967,ACCEPTED,,12299020,ok,35.853
bot-004,01a0b92b-3a34-7377-8300-477a6c6a7b07,23,12770056,12799203,ACCEPTED,,12799266,ok,29.210
bot-004,01a0b92b-3c36-77d5-ad91-726040569511,24,13283855,13299145,ACCEPTED,,13299185,ok,15.330
bot-004,01a0b92b-3e39-77d6-9176-8f109c5a4950,25,13798860,13849207,ACCEPTED,,13849231,ok,50.371
bot-004,01a0b92b-402f-77c1-be02-bbf94de7c9a9,26,14300127,14348980,ACCEPTED,,14349017,ok,48.890
bot-004,01a0b92b-4223-7375-9f12-c0343d592f02,27,14800978,14849292,ACCEPTED,,14849330,ok,48.352
bot-004,01a0b92b-441b-70bf-8e58-157df7243630,28,15304433,15349072,ACCEPTED,,15349118,ok,44.685
bot-004,01a0b92b-4611-71a3-8274-c099bc2d68ff,29,15806315,15849275,ACCEPTED,,15849324,ok,43.009
bot-004,01a0b92b-4806-771f-9455-21e49a183168,30,16307815,16349154,ACCEPTED,,16349195,ok,41.380
bot-004,01a0b92b-49fd-701f-9c8c-d9e3278594a8,31,16810899,16849054,ACCEPTED,,16849115,ok,38.216
bot-004,01a0b92b-4bf3-77ca-bd03-f83b56bc17cf,32,17312325,17349338,ACCEPTED,,17349370,ok,37.045
bot-004,01a0b92b-4de8-7584-b740-4ec703de4e98,33,17813513,17848796,ACCEPTED,,17848848,ok,35.335
bot-004,01a0b92b-4fdf-71b7-a9c0-e54b5916049d,34,18316845,18349109,ACCEPTED,,18349162,ok,32.317
bot-004,01a0b92b-51d9-774b-83a4-9eaa89b89f44,35,18822886,18849252,ACCEPTED,,18849272,ok,26.386
bot-004,01a0b92b-53d4-71f1-b725-efcda2bc88ca,36,19329200,19349281,ACCEPTED,,19349327,ok,20.127
bot-004,01a0b92b-55cd-76aa-bfdf-3287e5df3fba,37,19834866,19848968,ACCEPTED,,19849028,ok,14.162
bot-004,01a0b92b-57d0-704c-80bc-23443e1abd7e,38,20349155,20399124,ACCEPTED,,20399156,ok,50.001
bot-004,01a0b92b-59c8-7582-a4ad-042a6d2ba8e0,39,20854009,20899038,ACCEPTED,,20899082,ok,45.073
bot-004,01a0b92b-5bca-72a2-9d19-a52058a59a60,40,21367317,21399070,ACCEPTED,,21399123,ok,31.806
bot-004,01a0b92b-5dc1-72ee-b111-a4d59c93a87e,41,21871010,21898958,ACCEPTED,,21899005,ok,27.995
bot-004,01a0b92b-5fb9-7018-b13c-3b15f4149e1d,42,22374709,22399276,ACCEPTED,,22399334,ok,24.625
bot-004,01a0b92b-61af-760f-916e-929143e1a4d1,43,22876664,22898956,ACCEPTED,,22898986,ok,22.322
bot-004,01a0b92b-63a6-7078-9bd0-b969cb681352,44,23379545,23398844,ACCEPTED,,23398877,ok,19.332
bot-004,01a0b92b-659e-7388-b54d-0f596188a0df,45,23883799,23899036,ACCEPTED,,23899084,ok,15.285
bot-004,01a0b92b-67a1-762f-8c58-6bc4de87b78f,46,24398078,24399097,ACCEPTED,,24399144,ok,1.066
bot-004,01a0b92b-6996-7084-83ad-a7cb21cc27b1,47,24899162,24948811,ACCEPTED,,24948859,ok,49.697
bot-004,01a0b92b-6b90-7620-8599-4382463e34ce,48,25405282,25448874,ACCEPTED,,25448915,ok,43.633
bot-004,01a0b92b-6d89-71b6-89b9-f43be55f65c0,49,25910688,25949272,ACCEPTED,,25949322,ok,38.634
bot-004,01a0b92b-6f7e-701d-a315-0fe9d7adfd5f,50,26411852,26449280,ACCEPTED,,26449334,ok,37.482
bot-004,01a0b92b-717a-7462-95ef-641a2a2f600e,51,26919235,26949138,ACCEPTED,,26949196,ok,29.961
bot-004,01a0b92b-7371-7634-850c-2ccd062aebcc,52,27422088,27449095,ACCEPTED,,27449129,ok,27.041
bot-004,01a0b92b-756a-7418-8ebc-c335aa2ceb39,53,27927250,27948940,ACCEPTED,,27948978,ok,21.728
bot-004,01a0b92b-7762-70a6-8ae4-e446d0859a12,54,28431927,28448833,ACCEPTED,,28448877,ok,16.950
bot-004,01a0b92b-7959-732a-b7f8-12cb76a49ff4,55,28934532,28949073,ACCEPTED,,28949128,ok,14.596
bot-004,01a0b92b-7b5b-7536-9b00-dad72d07eafb,56,29448982,29498717,ACCEPTED,,29498772,ok,49.790
bot-004,01a0b92b-7d50-708b-bf53-71bdd91daaa6,57,29949519,29999299,ACCEPTED,,29999317,ok,49.798
bot-004,01a0b92b-7f50-74e3-a3a7-06558a1ede9f,58,30461559,30499061,ACCEPTED,,30499093,ok,37.534
bot-004,01a0b92b-8154-70a2-b4e7-9beac57ad76a,59,30977890,30999013,ACCEPTED,,30999043,ok,21.153
bot-004,01a0b92b-834b-7536-b175-1842a4153fa7,60,31480523,31499189,ACCEPTED,,31499208,ok,18.685
bot-004,01a0b92b-8545-74f0-b713-8f767a9e3969,61,31986164,31999026,ACCEPTED,,31999054,ok,12.890
bot-004,01a0b92b-873c-7355-a49b-cf99b2566228,62,32489322,32499011,ACCEPTED,,32499048,ok,9.726
bot-004,01a0b92b-8939-7361-9abc-b4a9a090bece,63,32998918,33049222,ACCEPTED,,33049255,ok,50.337
bot-004,01a0b92b-8b38-7381-88bb-a7eb2482f2bf,64,33509372,33548962,ACCEPTED,,33548994,ok,39.622
bot-004,01a0b92b-8d32-71be-8019-841c75e13fa3,65,34015381,34048976,ACCEPTED,,34048995,ok,33.614
bot-004,01a0b92b-8f29-739d-bd81-c5c73b03f62c,66,34518987,34548793,ACCEPTED,,34548849,ok,29.862
bot-004,01a0b92b-911e-72ff-9140-20d53818775f,67,35019837,35049207,ACCEPTED,,35049265,ok,29.428
bot-004,01a0b92b-9321-722d-bcad-35c50f07b51b,68,35535002,35548830,ACCEPTED,,35548876,ok,13.874
bot-004,01a0b92b-9518-77f6-8279-4d1e2bb16ef9,69,36037804,36049263,ACCEPTED,,36049315,ok,11.511
bot-004,01a0b92b-970f-7259-b736-ae8893e9799c,70,36540542,36548811,ACCEPTED,,36548861,ok,8.319
bot-004,01a0b92b-9908-74d4-aeea-4e7f3ac2e716,71,37045896,37048703,ACCEPTED,,37048755,ok,2.859
bot-004,01a0b92b-9b02-72c5-8300-79cbae3813dc,72,37551254,37598977,ACCEPTED,,37598998,ok,47.744
bot-004,01a0b92b-9cf8-71f9-a3e7-3b075e90f173,73,38053219,38098797,ACCEPTED,,38098861,ok,45.642
bot-004,01a0b92b-9eef-7292-9218-38af35b578ad,74,38556807,38599073,ACCEPTED,,38599134,ok,42.327
bot-004,01a0b92b-a0e5-712d-8b61-9ea091ac8f73,75,39058570,39099125,ACCEPTED,,39099172,ok,40.602
bot-004,01a0b92b-a2e5-749a-b574-4d423aac24af,76,39570970,39598805,ACCEPTED,,39598853,ok,27.883
bot-004,01a0b92b-a4dc-74fd-aaa1-9abdb0a0e72a,77,40073675,40099189,ACCEPTED,,40099221,ok,25.546
bot-004,01a0b92b-a6d2-762a-8543-eaa768c5ecff,78,40575205,40598897,ACCEPTED,,40598943,ok,23.738
bot-004,01a0b92b-a8ca-744b-a3eb-1a11f2ddadb9,79,41079556,41098988,ACCEPTED,,41099035,ok,19.479
bot-004,01a0b92b-aacb-753c-8b22-4e4c9a95d900,80,41593040,41598786,ACCEPTED,,41598822,ok,5.782
bot-004,01a0b92b-acc3-7170-a49a-241073ca34a8,81,42096582,42099145,ACCEPTED,,42099164,ok,2.582
bot-004,01a0b92b-aebf-746f-bd0b-deef8bfd5f03,82,42604292,42648899,ACCEPTED,,42648949,ok,44.657
bot-004,01a0b92b-b0b4-758d-98f7-777f9d97d0e6,83,43105766,43148921,ACCEPTED,,43148977,ok,43.211
bot-004,01a0b92b-b2ae-76f6-95fe-5db666450162,84,43611298,43649427,ACCEPTED,,43649463,ok,38.165
bot-004,01a0b92b-b4a5-76cb-a27e-fc9f88415b31,85,44114395,44149223,ACCEPTED,,44149280,ok,34.885
bot-004,01a0b92b-b69a-75ce-b7fb-0c7bc0603efd,86,44615939,44648974,ACCEPTED,,44649034,ok,33.095
bot-004,01a0b92b-b890-76e6-ab82-28408e6cf0af,87,45117945,45148892,ACCEPTED,,45148948,ok,31.003
bot-004,01a0b92b-ba87-75fb-a5d8-01af7b930a81,88,45620694,45649132,ACCEPTED,,45649171,ok,28.477
bot-004,01a0b92b-bc8b-753f-93fa-3c0e4eb44790,89,46136341,46148820,ACCEPTED,,46148862,ok,12.521
bot-004,01a0b92b-be82-77db-9928-3e18088f24ee,90,46639244,46649109,ACCEPTED,,46649145,ok,9.901
bot-004,01a0b92b-c077-7203-a1c6-957770ea6fb0,91,47140829,47148788,ACCEPTED,,47148817,ok,7.988
bot-004,01a0b92b-c27b-7536-8cfb-ec3c677b1858,92,47656735,47699263,ACCEPTED,,47699312,ok,42.577
bot-004,01a0b92b-c480-71aa-8ece-92d040f98513,93,48173203,48199077,ACCEPTED,,48199106,ok,25.903
bot-004,01a0b92b-c682-7015-a303-c168612359d5,94,48687271,48699240,ACCEPTED,,48699295,ok,12.024
bot-004,01a0b92b-c87a-7362-aaf2-2cc7de876b36,95,49191963,49199637,ACCEPTED,,49199673,ok,7.710
bot-004,01a0b92b-ca75-75b6-8e6f-1ccadbe5fffd,96,49698452,49699099,ACCEPTED,,49699123,ok,0.671
bot-004,01a0b92b-cc76-7010-a2da-08dfce876abc,97,50211428,50249126,ACCEPTED,,50249155,ok,37.727
bot-004,01a0b92b-ce6d-73a2-879e-a6ba68b3f21b,98,50714655,50749109,ACCEPTED,,50749159,ok,34.504
bot-004,01a0b92b-d063-7704-8d83-1ec1740bb612,99,51216077,51249091,ACCEPTED,,51249148,ok,33.071
bot-004,01a0b92b-d257-7306-bd63-cf089ecce030,100,51716743,51749663,ACCEPTED,,51749817,ok,33.074
bot-004,01a0b92b-d454-7631-a561-a60563adb6e9,101,52225888,52249033,ACCEPTED,,52249079,ok,23.191
bot-004,01a0b92b-d64b-734a-9a48-91901eb905c7,102,52728258,52749212,ACCEPTED,,52749313,ok,21.055
bot-004,01a0b92b-d84e-74c4-a7cc-66d4990b880e,103,53243541,53248726,ACCEPTED,,53248771,ok,5.230
bot-004,01a0b92b-da44-7609-8ef8-68d4ba37b6e5,104,53745242,53749222,ACCEPTED,,53749278,ok,4.036
bot-004,01a0b92b-dc39-74c2-8dcc-8f94ebbf37c9,105,54246474,54249167,ACCEPTED,,54249193,ok,2.719
bot-004,01a0b92b-de2f-70b4-ad6f-d13d4f1ae6c1,106,54748812,54798794,ACCEPTED,,54798829,ok,50.017
bot-004,01a0b92b-e026-754a-a352-113bfe30fe2d,107,55251536,55299114,ACCEPTED,,55299165,ok,47.629
bot-004,01a0b92b-e21d-7522-abb0-4ed11182fd99,108,55754487,55798927,ACCEPTED,,55798973,ok,44.486
bot-004,01a0b92b-e413-73ca-bf2c-d846d359541b,109,56256989,56299319,ACCEPTED,,56299372,ok,42.383
bot-004,01a0b92b-e60a-732b-a3b1-eef5b94b31af,110,56759745,56798999,ACCEPTED,,56799036,ok,39.291
bot-004,01a0b92b-e804-76db-a49d-e061c546abe0,111,57265639,57299013,ACCEPTED,,57299040,ok,33.401
bot-004,01a0b92b-ea04-728c-898d-f9ae33c42399,112,57777968,57798924,ACCEPTED,,57799027,ok,21.059
bot-004,01a0b92b-ebfa-71ab-a1ec-a8bccb7a24af,113,58279774,58298873,ACCEPTED,,58298915,ok,19.141
bot-004,01a0b92b-edfc-7658-98ff-aebc763f729d,114,58793596,58799174,ACCEPTED,,58799243,ok,5.647
bot-004,01a0b92b-eff2-739b-8894-1805e44fb657,115,59295558,59299051,ACCEPTED,,59299068,ok,3.510
bot-004,01a0b92b-f1e7-7449-8fbd-062a92e5bee0,116,59796586,59798653,ACCEPTED,,59798707,ok,2.121
bot-004,01a0b92b-f3dd-7163-b549-63117e1bd61a,117,60298855,60349364,ACCEPTED,,60349418,ok,50.563
bot-004,01a0b92b-f5d9-7094-9bf7-71d9a2e72a39,118,60806658,60849107,ACCEPTED,,60849126,ok,42.468
bot-005,01a0b92b-0d97-762e-af47-4c2f1aeafd31,0,1348702,1399243,ACCEPTED,,1399283,ok,50.581
bot-005,01a0b92b-0f8c-75c0-93e4-7a533b1f759c,1,1849485,1899237,ACCEPTED,,1899281,ok,49.796
bot-005,01a0b92b-118b-71de-bd3f-724fae81210e,2,2360527,2399225,ACCEPTED,,2399269,ok,38.742
bot-005,01a0b92b-1386-711e-bc45-a974820c9937,3,2867600,2899167,ACCEPTED,,2899195,ok,31.595
bot-005,01a0b92b-157d-70f4-b59b-1731fa553432,4,3370638,3398789,ACCEPTED,,3398820,ok,28.182
bot-005,01a0b92b-1781-72e7-8e60-77277b4bd0e8,5,3886988,3898904,ACCEPTED,,3898934,ok,11.946
bot-005,01a0b92b-1977-758e-82d3-6ab8a00b20b1,6,4388112,4399043,ACCEPTED,,4399104,ok,10.992
bot-005,01a0b92b-1b71-73d8-93cd-7d74808ab587,7,4894851,4899124,ACCEPTED,,4899157,ok,4.306
bot-005,01a0b92b-1d69-70a3-9128-5344d13468fd,8,5398842,5450229,ACCEPTED,,5450256,ok,51.414
bot-005,01a0b92b-1f5e-7452-a105-ff4027ad3eff,9,5899715,5949138,ACCEPTED,,5949164,ok,49.449
bot-005,01a0b92b-215a-7646-9d7c-bbf45cf64a11,10,6407728,6449340,ACCEPTED,,6449433,ok,41.705
bot-005,01a0b92b-2352-7048-a0eb-fd169920de1f,11,6911134,6949230,ACCEPTED,,6949277,ok,38.143
bot-005,01a0b92b-2555-73ca-9ec6-adb72382e10c,12,7426482,7449371,ACCEPTED,,7449397,ok,22.915
bot-005,01a0b92b-274b-74b2-8444-50e236aa8d50,13,7928232,7948915,ACCEPTED,,7948934,ok,20.702
bot-005,01a0b92b-2943-7327-8e46-cb8ad310e875,14,8432560,8448864,ACCEPTED,,8448922,ok,16.362
bot-005,01a0b92b-2b3d-73f5-b35b-09cbbba80ec2,15,8938751,8949006,ACCEPTED,,8949034,ok,10.283
bot-005,01a0b92b-2d36-754d-9bba-664d76b4c831,16,9443476,9449222,ACCEPTED,,9449250,ok,5.774
bot-005,01a0b92b-2f2d-7792-9029-6f9471e8068c,17,9946495,9949176,ACCEPTED,,9949227,ok,2.732
bot-005,01a0b92b-3124-71d4-bc2c-18ebddab1223,18,10449077,10498962,ACCEPTED,,10499019,ok,49.942
bot-005,01a0b92b-331e-7720-a149-bd96f253cb8f,19,10955676,10998833,ACCEPTED,,10998874,ok,43.198
bot-005,01a0b92b-3514-76c7-a5ba-ddbd324c8123,20,11457392,11499285,ACCEPTED,,11499337,ok,41.945
bot-005,01a0b92b-3716-705a-8f57-477d98a9b872,21,11971850,11999295,ACCEPTED,,11999355,ok,27.505
bot-005,01a0b92b-3910-73b3-bfac-50c625c0ce32,22,12477792,12499125,ACCEPTED,,12499197,ok,21.405
bot-005,01a0b92b-3b09-76d1-81df-eca10caf575d,23,12982648,12998857,ACCEPTED,,12998912,ok,16.264
bot-005,01a0b92b-3d0b-77f7-9539-e9c5631b7ad4,24,13496629,13498668,ACCEPTED,,13498721,ok,2.092
bot-005,01a0b92b-3f0f-7451-bf47-baf7355df60c,25,14012166,14049211,ACCEPTED,,14049248,ok,37.082
bot-005,01a0b92b-4103-71ce-b07c-e33e82dc2da2,26,14512871,14549066,ACCEPTED,,14549095,ok,36.224
bot-005,01a0b92b-42fb-7075-bdb1-db0b7df6faa0,27,15016685,15049244,ACCEPTED,,15049278,ok,32.593
bot-005,01a0b92b-44fd-748d-b1f1-bb48e9572080,28,15530634,15548979,ACCEPTED,,15549033,ok,18.399
bot-005,01a0b92b-46f6-7219-997c-f4522188b6d8,29,16035475,16049118,ACCEPTED,,16049151,ok,13.676
bot-005,01a0b92b-48ec-7675-91fd-5e4c3f997942,30,16538047,16548976,ACCEPTED,,16549030,ok,10.983
bot-005,01a0b92b-4af0-7176-9dbd-0456af4f511a,31,17053226,17099068,ACCEPTED,,17099104,ok,45.878
bot-005,01a0b92b-4ce6-744b-b9f6-4509eba08425,32,17555902,17599062,ACCEPTED,,17599307,ok,43.405
bot-005,01a0b92b-4edc-7117-8008-687fe518128c,33,18057853,18099344,ACCEPTED,,18099374,ok,41.521
bot-005,01a0b92b-50d1-7118-a80b-a0e2d5110623,34,18559050,18599413,ACCEPTED,,18599439,ok,40.389
bot-005,01a0b92b-52cf-700d-a47f-53a516ea511b,35,19068405,19099436,ACCEPTED,,19099466,ok,31.061
bot-005,01a0b92b-54c9-77d5-b301-f1bf8a2adec7,36,19574227,19599184,ACCEPTED,,19599229,ok,25.002
bot-005,01a0b92b-56c0-722c-8ffb-8ead0f4f3ba4,37,20077056,20099102,ACCEPTED,,20099157,ok,22.101
bot-005,01a0b92b-58b5-7057-9c6e-e8eaa1403093,38,20578153,20599038,ACCEPTED,,20599069,ok,20.916
bot-005,01a0b92b-5aab-7664-b8aa-cdaf6f4fafb0,39,21080096,21099340,ACCEPTED,,21099373,ok,19.277
bot-005,01a0b92b-5ca0-7564-a5d6-e67840e36d33,40,21581776,21599096,ACCEPTED,,21599128,ok,17.352
bot-005,01a0b92b-5e97-7499-97d4-ecbdeeb03866,41,22084361,22098862,ACCEPTED,,22098894,ok,14.533
bot-005,01a0b92b-608d-724c-993f-5a8ebafb7da0,42,22586492,22599181,ACCEPTED,,22599229,ok,12.737
bot-005,01a0b92b-6284-732c-9465-e563e69b1f36,43,23089441,23099235,ACCEPTED,,23099263,ok,9.822
bot-005,01a0b92b-647c-7303-b396-c06d1445fd49,44,23593870,23598838,ACCEPTED,,23598890,ok,5.020
bot-005,01a0b92b-6681-7095-9bca-6b7769b21ed4,45,24110642,24149163,ACCEPTED,,24149200,ok,38.558
bot-005,01a0b92b-6884-71fa-a51b-5af6db132b7b,46,24625893,24648824,ACCEPTED,,24648873,ok,22.980
bot-005,01a0b92b-6a7d-73a8-82ab-0f9201418d5b,47,25130554,25148866,ACCEPTED,,25148915,ok,18.361
bot-005,01a0b92b-6c73-712b-bd5a-622b7e57c87d,48,25633053,25649143,ACCEPTED,,25649185,ok,16.132
bot-005,01a0b92b-6e6e-71bd-98b8-ba01c88af470,49,26139640,26149098,ACCEPTED,,26149127,ok,9.487
bot-005,01a0b92b-7064-75af-bd1f-73448663a4d8,50,26641599,26648931,ACCEPTED,,26648973,ok,7.374
bot-005,01a0b92b-725e-72da-9ed2-a919ab826b9a,51,27148021,27149135,ACCEPTED,,27149151,ok,1.130
bot-005,01a0b92b-7454-71e7-9e74-1f5500029193,52,27649081,27699263,ACCEPTED,,27699319,ok,50.238
bot-005,01a0b92b-764f-76fa-8dc0-14ba4095ac0f,53,28156586,28199122,ACCEPTED,,28199176,ok,42.590
bot-005,01a0b92b-7846-75d6-bcf0-247c1b9c0540,54,28659866,28699020,ACCEPTED,,28699059,ok,39.193
bot-005,01a0b92b-7a3c-76ae-949e-a2e2db41440d,55,29161135,29199392,ACCEPTED,,29199441,ok,38.306
bot-005,01a0b92b-7c34-7390-a98f-1fe222c1d0ec,56,29665509,29698918,ACCEPTED,,29698954,ok,33.445
bot-005,01a0b92b-7e2b-750c-a347-04d38717591d,57,30168935,30199015,ACCEPTED,,30199036,ok,30.101
bot-005,01a0b92b-8024-7688-9f59-d85d9f07188c,58,30673989,30699242,ACCEPTED,,30699294,ok,25.305
bot-005,01a0b92b-8228-7664-97bf-5f4d848c2597,59,31189878,31198730,ACCEPTED,,31198771,ok,8.893
bot-005,01a0b92b-8421-74c9-892a-e6ca1e02e6e8,60,31694402,31698987,ACCEPTED,,31699023,ok,4.621
bot-005,01a0b92b-861b-760b-a936-96007a0e8c88,61,32200239,32248908,ACCEPTED,,32248963,ok,48.724
bot-005,01a0b92b-881a-7200-894a-4e61d25d71a4,62,32711125,32749264,ACCEPTED,,32749287,ok,38.162
bot-005,01a0b92b-8a1d-76b1-8923-de56209d37b8,63,33226573,33248929,ACCEPTED,,33248958,ok,22.385
bot-005,01a0b92b-8c21-701f-8b95-1da376b53300,64,33742698,33748929,ACCEPTED,,33748973,ok,6.275
bot-005,01a0b92b-8e17-77a4-955d-e776f0ac5318,65,34244732,34248801,ACCEPTED,,34248827,ok,4.095
bot-005,01a0b92b-900d-75b0-8ecb-99f57869fd3d,66,34746489,34748833,ACCEPTED,,34748877,ok,2.388
bot-005,01a0b92b-9210-73ab-a486-086ffc946164,67,35261530,35299036,ACCEPTED,,35299060,ok,37.530
bot-005,01a0b92b-9409-7689-b037-2caffcb38d9f,68,35766471,35799253,ACCEPTED,,35799298,ok,32.827
bot-005,01a0b92b-960b-736c-82d7-07301d6f9ada,69,36280859,36299045,ACCEPTED,,36299098,ok,18.239
bot-005,01a0b92b-9804-7617-bdb5-f17037e7fffe,70,36785155,36799147,ACCEPTED,,36799172,ok,14.017
bot-005,01a0b92b-99fc-71df-a121-533416aeb4fe,71,37289999,37298760,ACCEPTED,,37298789,ok,8.790
bot-005,01a0b92b-9bf4-739f-831b-92036f347525,72,37794037,37799172,ACCEPTED,,37799207,ok,5.170
bot-005,01a0b92b-9dec-7580-b5aa-bbaee3f967b2,73,38297857,38298895,ACCEPTED,,38298930,ok,1.073
bot-005,01a0b92b-9fe4-7716-9282-4f0651827fb0,74,38801276,38848893,ACCEPTED,,38848916,ok,47.640
bot-005,01a0b92b-a1e4-71f8-980c-8e63ae439ba6,75,39313793,39348988,ACCEPTED,,39349024,ok,35.231
bot-005,01a0b92b-a3db-715e-8704-255d433906b2,76,39816171,39849337,ACCEPTED,,39849373,ok,33.202
bot-005,01a0b92b-a5d1-71ce-bad6-043de24fc92e,77,40318431,40349003,ACCEPTED,,40349036,ok,30.605
bot-005,01a0b92b-a7c8-7527-a850-f38299410161,78,40821308,40848862,ACCEPTED,,40848883,ok,27.575
bot-005,01a0b92b-a9bd-73ea-8252-571d2b4592f7,79,41322917,41349141,ACCEPTED,,41349200,ok,26.283
bot-005,01a0b92b-abbe-7499-9566-434be2d94d15,80,41835680,41849121,ACCEPTED,,41849153,ok,13.473
bot-005,01a0b92b-adb6-7129-972e-7e8ec97e2543,81,42339465,42349205,ACCEPTED,,42349257,ok,9.792
bot-005,01a0b92b-afb2-77eb-9908-b023576d81cd,82,42848040,42849244,ACCEPTED,,42849272,ok,1.232
bot-005,01a0b92b-b1a9-770b-8b3d-08a6028ccdf0,83,43350651,43398990,ACCEPTED,,43399020,ok,48.369
bot-005,01a0b92b-b3a2-77d8-b6f8-b4f54a2f0d22,84,43855231,43899237,ACCEPTED,,43899263,ok,44.032
bot-005,01a0b92b-b599-7520-9181-4e84c044ea42,85,44358235,44399018,ACCEPTED,,44399071,ok,40.836
bot-005,01a0b92b-b78e-73b5-93ea-95b0464c9467,86,44859340,44898921,ACCEPTED,,44898976,ok,39.636
bot-005,01a0b92b-b992-759c-b109-cf9c0f0cc1df,87,45375121,45398980,ACCEPTED,,45399030,ok,23.909
bot-005,01a0b92b-bb89-7709-be43-95b4194c9521,88,45878245,45898840,ACCEPTED,,45898868,ok,20.623
bot-005,01a0b92b-bd81-717b-b9de-468178776d70,89,46382276,46398898,ACCEPTED,,46398940,ok,16.664
bot-005,01a0b92b-bf76-74ec-9a45-80224f2cdb23,90,46883780,46899277,ACCEPTED,,46899299,ok,15.519
bot-005,01a0b92b-c177-73ad-888b-f2de64a1918c,91,47396678,47398693,ACCEPTED,,47398742,ok,2.064
bot-005,01a0b92b-c36d-7098-a473-27b30fe02945,92,47898789,47949089,ACCEPTED,,47949110,ok,50.321
bot-005,01a0b92b-c570-7242-85c6-75494533ed08,93,48413899,48449722,ACCEPTED,,48449751,ok,35.852
bot-005,01a0b92b-c766-746d-a262-18dbe7809ca0,94,48915821,48949263,ACCEPTED,,48949283,ok,33.462
bot-005,01a0b92b-c961-75da-aa38-ad44a9e83ac1,95,49422274,49448930,ACCEPTED,,49448965,ok,26.691
bot-005,01a0b92b-cb57-70d8-b8de-6affba98ca1f,96,49924667,49948930,ACCEPTED,,49948950,ok,24.283
bot-005,01a0b92b-cd5a-7441-a524-268ccb69d1b1,97,50439113,50449013,ACCEPTED,,50449068,ok,9.955
bot-005,01a0b92b-cf4f-70f1-9679-f932802d2357,98,50940587,50949145,ACCEPTED,,50949172,ok,8.585
bot-005,01a0b92b-d145-73cf-93e6-585831ec095f,99,51442113,51449099,ACCEPTED,,51449124,ok,7.011
bot-005,01a0b92b-d344-7750-82fa-203ec52863fd,100,51953405,51999250,ACCEPTED,,51999304,ok,45.899
bot-005,01a0b92b-d547-7310-958e-2d527cc113f5,101,52468428,52499044,ACCEPTED,,52499099,ok,30.671
bot-005,01a0b92b-d74b-7515-aa5e-05e527177a20,102,52984844,52999145,ACCEPTED,,52999165,ok,14.321
bot-005,01a0b92b-d942-7321-8f2b-d9b0e05a57e7,103,53487105,53499034,ACCEPTED,,53499090,ok,11.985
bot-005,01a0b92b-db43-7372-9cf2-5675a30953b6,104,54000626,54049266,ACCEPTED,,54049301,ok,48.675
bot-005,01a0b92b-dd3e-7565-9c07-0feb40c42f9c,105,54507467,54548840,ACCEPTED,,54548890,ok,41.423
bot-005,01a0b92b-df42-7223-a945-e95cfe8f1dfa,106,55023719,55049214,ACCEPTED,,55049239,ok,25.520
bot-005,01a0b92b-e139-733c-9d85-5a325158b473,107,55526954,55548985,ACCEPTED,,55549029,ok,22.075
bot-005,01a0b92b-e33c-703b-91c7-b58a966241b6,108,56041298,56049157,ACCEPTED,,56049209,ok,7.911
bot-005,01a0b92b-e536-7577-8016-5d97353e259e,109,56547529,56549097,ACCEPTED,,56549129,ok,1.600
bot-005,01a0b92b-e72e-756d-ab37-147786f2209d,110,57051463,57099315,ACCEPTED,,57099379,ok,47.916
bot-005,01a0b92b-e926-70bf-b372-00b1393114f4,111,57555220,57598967,ACCEPTED,,57599018,ok,43.798
bot-005,01a0b92b-eb26-7602-be57-d781f0bf4d3a,112,58067876,58099298,ACCEPTED,,58099325,ok,31.449
bot-005,01a0b92b-ed28-75ff-bbd6-c6e2b7bce3c0,113,58581522,58598849,ACCEPTED,,58598900,ok,17.378
bot-005,01a0b92b-ef1e-7303-a9a7-2f109a83ac0c,114,59083315,59099234,ACCEPTED,,59099254,ok,15.939
bot-005,01a0b92b-f121-7421-a70a-f0cd7a4b6c58,115,59598816,59649006,ACCEPTED,,59649017,ok,50.201
bot-005,01a0b92b-f31b-757a-aefd-7113611462d9,116,60104546,60149062,ACCEPTED,,60149119,ok,44.573
bot-005,01a0b92b-f513-76cf-beee-f869320e4767,117,60609004,60649279,ACCEPTED,,60649311,ok,40.307
bot-005,01a0b92b-f709-7416-a141-f410968430d4,118,61110396,61148868,ACCEPTED,,61148915,ok,38.519
bot-006,01a0b92b-0cf4-726e-9753-95bd57019d58,0,1186046,1199118,ACCEPTED,,1199171,ok,13.125
bot-006,01a0b92b-0eec-75f0-a6a2-7d4a0930b887,1,1689773,1699068,ACCEPTED,,1699120,ok,9.347
bot-006,01a0b92b-10e3-7654-af05-69b3cf61fa6f,2,2192652,2198970,ACCEPTED,,2199010,ok,6.358
bot-006,01a0b92b-12d9-712c-803e-c82b35c86deb,3,2695049,2699152,ACCEPTED,,2699173,ok,4.124
bot-006,01a0b92b-14d2-7029-ba7f-325275944ffd,4,3199238,3249037,ACCEPTED,,3249083,ok,49.845
bot-006,01a0b92b-16ca-7241-8e8c-9d16320bbcd9,5,3703937,3748860,ACCEPTED,,3748910,ok,44.973
bot-006,01a0b92b-18c1-7288-a6c8-e1752f2130ab,6,4206160,4249101,ACCEPTED,,4249133,ok,42.973
bot-006,01a0b92b-1ab6-75bf-a428-8cf805308d72,7,4707388,4749257,ACCEPTED,,4749295,ok,41.907
bot-006,01a0b92b-1cb2-7419-9922-aa426a098d19,8,5216041,5249084,ACCEPTED,,5249118,ok,33.077
bot-006,01a0b92b-1eab-7227-9662-dc6417e29c22,9,5720821,5749118,ACCEPTED,,5749152,ok,28.331
bot-006,01a0b92b-20a3-71d5-9444-e25707d351cc,10,6224301,6249268,ACCEPTED,,6249297,ok,24.996
bot-006,01a0b92b-229a-7411-bd12-ea6a01490e3b,11,6727431,6748913,ACCEPTED,,6748965,ok,21.534
bot-006,01a0b92b-249f-77f5-a248-bfcf0af7767a,12,7244579,7248827,ACCEPTED,,7248859,ok,4.280
bot-006,01a0b92b-2698-7412-a3d1-5802aba84812,13,7749264,7798917,ACCEPTED,,7798959,ok,49.695
bot-006,01a0b92b-2898-734a-b4d5-5cb0ecd206f1,14,8262055,8299222,ACCEPTED,,8299269,ok,37.214
bot-006,01a0b92b-2a95-7384-9d63-1937782cb287,15,8770986,8798842,ACCEPTED,,8798899,ok,27.913
bot-006,01a0b92b-2c8d-7219-a124-f6fee99ab498,16,9274791,9298904,ACCEPTED,,9298953,ok,24.162
bot-006,01a0b92b-2e86-7749-b22f-e8476847c92b,17,9779118,9799260,ACCEPTED,,9799325,ok,20.207
bot-006,01a0b92b-307c-7495-add7-7b68b61f7ece,18,10281631,10298672,ACCEPTED,,10298724,ok,17.093
bot-006,01a0b92b-3275-7432-936e-19fa58cc09c7,19,10786992,10798790,ACCEPTED,,10798819,ok,11.827
bot-006,01a0b92b-346e-703a-b4a4-90957c3a37ab,20,11291255,11298909,ACCEPTED,,11298943,ok,7.688
bot-006,01a0b92b-3669-7605-b39a-c92ff158ff68,21,11798972,11848840,ACCEPTED,,11848881,ok,49.909
bot-006,01a0b92b-3867-74b6-a85b-3f857b60e251,22,12308711,12349607,ACCEPTED,,12349649,ok,40.938
bot-006,01a0b92b-3a62-72dc-8861-c000258e59d0,23,12815955,12848884,ACCEPTED,,12848945,ok,32.990
bot-006,01a0b92b-3c64-7418-87db-53a1849801fe,24,13329090,13349235,ACCEPTED,,13349263,ok,20.173
bot-006,01a0b92b-3e59-772a-8c46-faa065a401ed,25,13830239,13849172,ACCEPTED,,13849226,ok,18.987
bot-006,01a0b92b-405d-75b0-afd0-617d795ad79d,26,14346906,14349088,ACCEPTED,,14349116,ok,2.210
bot-006,01a0b92b-4254-767f-82a8-380970dd63a8,27,14849257,14899270,ACCEPTED,,14899298,ok,50.041
bot-006,01a0b92b-4448-77f1-96b3-632c61591825,28,15349877,15398925,ACCEPTED,,15398988,ok,49.111
bot-006,01a0b92b-463f-70e7-beb4-47058b1809c2,29,15852590,15898975,ACCEPTED,,15899033,ok,46.443
bot-006,01a0b92b-4843-7234-8bdc-ce6001a66ec6,30,16368211,16398965,ACCEPTED,,16399025,ok,30.814
bot-006,01a0b92b-4a3a-7567-9b1e-550b08dc3931,31,16871189,16899000,ACCEPTED,,16899049,ok,27.860
bot-006,01a0b92b-4c2f-75c5-917b-bc4a98ec3320,32,17372726,17399120,ACCEPTED,,17399174,ok,26.448
bot-006,01a0b92b-4e24-746f-ac90-5c3b0961e93c,33,17873931,17898802,ACCEPTED,,17898875,ok,24.944
bot-006,01a0b92b-501d-7507-bff1-2726baf34e25,34,18378813,18398788,ACCEPTED,,18398833,ok,20.020
bot-006,01a0b92b-5216-7659-91f0-c38962b9bf77,35,18883662,18898996,ACCEPTED,,18899048,ok,15.386
bot-006,01a0b92b-5411-748a-a96b-3ecb232c29b3,36,19391001,19398875,ACCEPTED,,19398933,ok,7.932
bot-006,01a0b92b-560a-70e2-a1da-f0df512fb7f5,37,19895130,19899013,ACCEPTED,,19899057,ok,3.927
bot-006,01a0b92b-5802-726c-9ebc-33ae93e6041f,38,20399118,20449325,ACCEPTED,,20449375,ok,50.257
bot-006,01a0b92b-59f6-710b-84e8-c29d732b8169,39,20899803,20949163,ACCEPTED,,20949214,ok,49.411
bot-006,01a0b92b-5bf8-77c0-ae4b-9e98f4bb6267,40,21413538,21448855,ACCEPTED,,21448906,ok,35.368
bot-006,01a0b92b-5df0-777c-a56a-2f5ee3599e2e,41,21917850,21948999,ACCEPTED,,21949044,ok,31.194
bot-006,01a0b92b-5fe7-71da-a219-3ece6b7b9faa,42,22420120,22449407,ACCEPTED,,22449461,ok,29.341
bot-006,01a0b92b-61db-770f-81b8-1c71a13a738c,43,22920986,22949186,ACCEPTED,,22949236,ok,28.250
bot-006,01a0b92b-63d4-7782-af7a-896597bef42b,44,23425369,23449007,ACCEPTED,,23449058,ok,23.689
bot-006,01a0b92b-65cc-707e-b9dc-b3f1a4cedd77,45,23929210,23948821,ACCEPTED,,23948862,ok,19.652
bot-006,01a0b92b-67cf-7381-a29e-6b7e87a39141,46,24444174,24449279,ACCEPTED,,24449358,ok,5.184
bot-006,01a0b92b-69c7-74ac-9272-7434ede3aea6,47,24948833,24998839,ACCEPTED,,24998889,ok,50.056
bot-006,01a0b92b-6bbd-764d-90d8-bc3dccfc818b,48,25450745,25499244,ACCEPTED,,25499294,ok,48.549
bot-006,01a0b92b-6db6-774e-b7c3-f316eaab051b,49,25955930,25998866,ACCEPTED,,25998909,ok,42.979
bot-006,01a0b92b-6fad-7000-acbd-8f63710ac8c7,50,26458241,26498990,ACCEPTED,,26499042,ok,40.801
bot-006,01a0b92b-71a7-72fd-a93a-075fb63a6ce6,51,26964337,26999054,ACCEPTED,,26999105,ok,34.768
bot-006,01a0b92b-739e-7240-b75e-cc161923a056,52,27467086,27498911,ACCEPTED,,27498967,ok,31.881
bot-006,01a0b92b-7599-7040-949a-b6628751e226,53,27974139,27999028,ACCEPTED,,27999074,ok,24.935
bot-006,01a0b92b-7790-7546-9c7d-4ac8b4b4e720,54,28477214,28499060,ACCEPTED,,28499097,ok,21.883
bot-006,01a0b92b-7986-768a-a0cd-94161686635c,55,28979469,28999239,ACCEPTED,,28999285,ok,19.816
bot-006,01a0b92b-7b8a-738a-9d07-87bcecd376d2,56,29495745,29498854,ACCEPTED,,29498886,ok,3.141
bot-006,01a0b92b-7d82-727a-92cb-46c7ce68756d,57,29999208,30049096,ACCEPTED,,30049117,ok,49.909
bot-006,01a0b92b-7f7e-76bb-a4bc-26355a6be0b4,58,30507498,30548875,ACCEPTED,,30548927,ok,41.429
bot-006,01a0b92b-8181-7157-918c-ac950b3face0,59,31022604,31048965,ACCEPTED,,31049006,ok,26.402
bot-006,01a0b92b-8378-77e9-8e92-f4eea1fc4d93,60,31525876,31550579,ACCEPTED,,31550611,ok,24.735
bot-006,01a0b92b-8572-7729-bbcf-c15247646491,61,32031236,32048801,ACCEPTED,,32048861,ok,17.625
bot-006,01a0b92b-876b-76b4-8d03-071e7f520529,62,32536349,32549264,ACCEPTED,,32549312,ok,12.963
bot-006,01a0b92b-8967-74c5-83cc-4a0b90f035e8,63,33044325,33049139,ACCEPTED,,33049158,ok,4.833
bot-006,01a0b92b-8b5f-74ae-b3fa-2d1ab0796298,64,33548861,33598922,ACCEPTED,,33598983,ok,50.122
bot-006,01a0b92b-8d60-71eb-bf17-b4043a6227a2,65,34061426,34099210,ACCEPTED,,34099260,ok,37.834
bot-006,01a0b92b-8f57-7013-8347-d06cd7482fef,66,34564361,34598797,ACCEPTED,,34598847,ok,34.486
bot-006,01a0b92b-915a-7361-bbb5-76f31bc0688e,67,35079540,35098851,ACCEPTED,,35098897,ok,19.357
bot-006,01a0b92b-9350-71f1-8648-47b9346884ed,68,35581940,35599081,ACCEPTED,,35599131,ok,17.191
bot-006,01a0b92b-9545-76d0-9cbd-b67160db4bc6,69,36082880,36098865,ACCEPTED,,36098912,ok,16.032
bot-006,01a0b92b-973c-7281-ba5f-f7d638ace2d2,70,36585474,36599279,ACCEPTED,,36599313,ok,13.839
bot-006,01a0b92b-9936-71d6-9e58-29d624b96351,71,37091132,37098784,ACCEPTED,,37098818,ok,7.686
bot-006,01a0b92b-9b2f-77b8-942c-a51521551644,72,37596768,37599008,ACCEPTED,,37599030,ok,2.262
bot-006,01a0b92b-9d25-7465-b541-761f130de25c,73,38098817,38149174,ACCEPTED,,38149206,ok,50.389
bot-006,01a0b92b-9f1d-7234-95f5-cc4cec1b905a,74,38602823,38648976,ACCEPTED,,38649003,ok,46.180
bot-006,01a0b92b-a122-76da-b9c7-cc10e986fbdd,75,39119196,39148816,ACCEPTED,,39148864,ok,29.668
bot-006,01a0b92b-a322-73a1-807a-ea603f6758b9,76,39631625,39648902,ACCEPTED,,39648953,ok,17.328
bot-006,01a0b92b-a519-7711-806b-0469fba1dfd3,77,40134162,40148986,ACCEPTED,,40149025,ok,14.863
bot-006,01a0b92b-a70f-7546-b49e-a8c7b2f7d538,78,40636534,40648826,ACCEPTED,,40648877,ok,12.343
bot-006,01a0b92b-a907-7349-b372-48134115c769,79,41140608,41148821,ACCEPTED,,41148862,ok,8.254
bot-006,01a0b92b-ab07-7680-aa95-08f9333d2dc3,80,41652562,41698970,ACCEPTED,,41699018,ok,46.456
bot-006,01a0b92b-ad00-75eb-9853-acedd08d949e,81,42157069,42198887,ACCEPTED,,42198930,ok,41.861
bot-006,01a0b92b-aefb-71cd-af36-3742eccd5175,82,42664518,42698819,ACCEPTED,,42698869,ok,34.351
bot-006,01a0b92b-b0f2-707c-9cff-be322a798b30,83,43167555,43199094,ACCEPTED,,43199144,ok,31.589
bot-006,01a0b92b-b2e9-75f9-bec7-d7974aa976ef,84,43671053,43699087,ACCEPTED,,43699122,ok,28.069
bot-006,01a0b92b-b4e2-77fa-9dd6-6651c6a5e8b6,85,44175175,44198936,ACCEPTED,,44198987,ok,23.812
bot-006,01a0b92b-b6d6-7592-9bfd-1ef1d869813b,86,44675714,44699208,ACCEPTED,,44699250,ok,23.536
bot-006,01a0b92b-b8cd-7513-89c8-3543ad38f5bf,87,45178622,45198915,ACCEPTED,,45198966,ok,20.344
bot-006,01a0b92b-bac4-7198-8f72-d4c150658a3f,88,45681594,45699022,ACCEPTED,,45699069,ok,17.475
bot-006,01a0b92b-bcb9-762e-b615-7d8be755f141,89,46182686,46198891,ACCEPTED,,46198941,ok,16.255
bot-006,01a0b92b-beb0-7457-9f3b-5aa3fc37b174,90,46685511,46699267,ACCEPTED,,46699302,ok,13.791
bot-006,01a0b92b-c0b3-7085-a9a6-b19b3263094b,91,47200575,47249148,ACCEPTED,,47249200,ok,48.625
bot-006,01a0b92b-c2a9-7110-9b4e-df4b6cf91499,92,47702649,47748828,ACCEPTED,,47748866,ok,46.217
bot-006,01a0b92b-c4ac-7745-89a0-ef863779ed20,93,48218003,48248932,ACCEPTED,,48248974,ok,30.971
bot-006,01a0b92b-c6b1-7025-9963-28699d04e423,94,48734180,48749224,ACCEPTED,,48749282,ok,15.102
bot-006,01a0b92b-c8a9-77b1-b147-8007fcd128a2,95,49238278,49249114,ACCEPTED,,49249146,ok,10.868
bot-006,01a0b92b-caa2-74a7-b4af-9b85f3a5ae71,96,49743339,49748734,ACCEPTED,,49748790,ok,5.451
bot-006,01a0b92b-cc9c-712a-8b5e-a78bdc4c8a9f,97,50249108,50299183,ACCEPTED,,50299237,ok,50.129
bot-006,01a0b92b-ce9a-72b9-8f18-b8b3aadaf64b,98,50759109,50799162,ACCEPTED,,50799204,ok,40.095
bot-006,01a0b92b-d090-7082-a0db-f654a13d38ae,99,51261575,51298806,ACCEPTED,,51298864,ok,37.289
bot-006,01a0b92b-d286-7388-badf-f951ce540f55,100,51763456,51799039,ACCEPTED,,51799089,ok,35.633
bot-006,01a0b92b-d482-7536-8548-4978895cce6d,101,52271214,52299245,ACCEPTED,,52299292,ok,28.078
bot-006,01a0b92b-d679-76ed-9bf9-21e6f21edbc4,102,52774099,52799211,ACCEPTED,,52799257,ok,25.158
bot-006,01a0b92b-d87a-717f-98dc-3a33f0e7dc36,103,53288017,53299046,ACCEPTED,,53299092,ok,11.075
bot-006,01a0b92b-da71-722f-95d9-121b2f3ab7e6,104,53790333,53799064,ACCEPTED,,53799110,ok,8.777
bot-006,01a0b92b-dc67-77cc-b0c7-ef498ae649a5,105,54292193,54299217,ACCEPTED,,54299260,ok,7.067
bot-006,01a0b92b-de5f-71da-b373-ca9a84d11188,106,54796759,54798854,ACCEPTED,,54798881,ok,2.122
bot-006,01a0b92b-e055-75f6-814e-3dd1b64684ac,107,55298570,55299202,ACCEPTED,,55299231,ok,0.661
bot-006,01a0b92b-e24a-7623-83ac-704fe650e5bf,108,55799722,55849234,ACCEPTED,,55849280,ok,49.558
bot-006,01a0b92b-e440-74a0-bdb3-0726e22dfb71,109,56301517,56348981,ACCEPTED,,56349021,ok,47.504
bot-006,01a0b92b-e639-7746-9300-c39763ebbf12,110,56806193,56848835,ACCEPTED,,56848881,ok,42.688
bot-006,01a0b92b-e832-7773-ab3a-bfc87228ccdd,111,57311468,57349049,ACCEPTED,,57349092,ok,37.624
bot-006,01a0b92b-ea32-7773-a1de-eec8a79870fe,112,57823668,57848851,ACCEPTED,,57848904,ok,25.236
bot-006,01a0b92b-ec36-735e-96be-03f345459dc0,113,58339401,58349103,ACCEPTED,,58349121,ok,9.720
bot-006,01a0b92b-ee39-7785-a61d-84d7a67d1b05,114,58854954,58898900,ACCEPTED,,58898959,ok,44.005
bot-006,01a0b92b-f030-70b3-811f-2c331721ad99,115,59357244,59399053,ACCEPTED,,59399082,ok,41.838
bot-006,01a0b92b-f225-70c5-8368-132834c6367e,116,59858814,59899270,ACCEPTED,,59899299,ok,40.485
bot-006,01a0b92b-f41f-755d-bbc0-4e825b289ddb,117,60364318,60398951,ACCEPTED,,60398995,ok,34.677
bot-006,01a0b92b-f616-75b6-8229-66d8c2a90c36,118,60867270,60899292,ACCEPTED,,60899335,ok,32.065
bot-007,01a0b92b-0e16-75d2-ad56-e39fb5fa74ac,0,1475830,1499075,ACCEPTED,,1499119,ok,23.289
bot-007,01a0b92b-100e-7572-a6bc-e1a7be598b3f,1,1979472,1998858,ACCEPTED,,1998886,ok,19.414
bot-007,01a0b92b-1204-70dc-9bb1-a202805427e2,2,2481631,2498782,ACCEPTED,,2498806,ok,17.175
bot-007,01a0b92b-1401-769b-9ca3-9a6aad1000d1,3,2990341,2999304,ACCEPTED,,2999351,ok,9.010
bot-007,01a0b92b-15f7-722e-a270-7afe7ba613e4,4,3492876,3498949,ACCEPTED,,3498988,ok,6.112
bot-007,01a0b92b-17ed-7012-b530-2079b362c8a0,5,3994903,3999157,ACCEPTED,,3999184,ok,4.281
bot-007,01a0b92b-19e2-7567-a0b6-81ac1ada24c3,6,4495698,4499028,ACCEPTED,,4499052,ok,3.354
bot-007,01a0b92b-1bda-77c2-a0aa-fc35bb63c0fe,7,4999215,5048845,ACCEPTED,,5048870,ok,49.655
bot-007,01a0b92b-1dce-7684-8958-0bdfb426cf80,8,5499409,5549722,ACCEPTED,,5549771,ok,50.362
bot-007,01a0b92b-1fca-72f8-9404-587421166536,9,6007580,6049031,ACCEPTED,,6049078,ok,41.498
bot-007,01a0b92b-21c5-72ea-b0a7-8f8ca560565e,10,6514099,6549008,ACCEPTED,,6549057,ok,34.958
bot-007,01a0b92b-23bb-725b-b7f6-fda31dc9c37a,11,7016283,7048872,ACCEPTED,,7048887,ok,32.604
bot-007,01a0b92b-25b1-7425-ab2a-9ab651bfb48d,12,7518129,7549187,ACCEPTED,,7549210,ok,31.081
bot-007,01a0b92b-27a7-721c-84f2-a43170d5681f,13,8020086,8048968,ACCEPTED,,8048980,ok,28.894
bot-007,01a0b92b-29a0-7101-8e09-da6f49ab46f9,14,8525335,8549255,ACCEPTED,,8549274,ok,23.939
bot-007,01a0b92b-2b99-7536-90c3-7abc23016e48,15,9030199,9049048,ACCEPTED,,9049070,ok,18.871
bot-007,01a0b92b-2d91-7686-9051-5a61136d6a42,16,9534328,9549354,ACCEPTED,,9549388,ok,15.060
bot-007,01a0b92b-2f87-75af-8b7d-0651d2581516,17,10036766,10049144,ACCEPTED,,10049186,ok,12.420
bot-007,01a0b92b-3182-7491-8963-c19bd078d9e7,18,10543179,10548985,ACCEPTED,,10549014,ok,5.835
bot-007,01a0b92b-3379-74f9-90ae-e6e62d43a45e,19,11046726,11048939,ACCEPTED,,11048954,ok,2.228
bot-007,01a0b92b-356e-7367-938e-b5e6bc2ea072,20,11547780,11549024,ACCEPTED,,11549054,ok,1.274
bot-007,01a0b92b-3764-72d6-b079-7321267ff3e0,21,12049215,12099299,ACCEPTED,,12099338,ok,50.123
bot-007,01a0b92b-395d-72d7-84e5-788969da4b60,22,12554600,12598822,ACCEPTED,,12598878,ok,44.278
bot-007,01a0b92b-3b55-7778-b745-6b655d109025,23,13059065,13099170,ACCEPTED,,13099203,ok,40.138
bot-007,01a0b92b-3d55-74e1-b865-8c2d4bb41f4a,24,13570860,13598969,ACCEPTED,,13599021,ok,28.161
bot-007,01a0b92b-3f4b-70f6-8a16-1b6af6410f26,25,14072712,14099068,ACCEPTED,,14099102,ok,26.390
bot-007,01a0b92b-4141-7727-a6ca-a55f92527bbc,26,14574209,14599346,ACCEPTED,,14599381,ok,25.172
bot-007,01a0b92b-4338-7411-9ca5-cc074931c0f6,27,15077932,15099094,ACCEPTED,,15099148,ok,21.216
bot-007,01a0b92b-453b-7175-a0e4-f74000e6876e,28,15592662,15598988,ACCEPTED,,15599023,ok,6.361
bot-007,01a0b92b-4733-73ff-afa7-82746c6d8f0a,29,16096162,16098826,ACCEPTED,,16098862,ok,2.700
bot-007,01a0b92b-4928-7085-9087-42483f2338ca,30,16597915,16599045,ACCEPTED,,16599091,ok,1.176
bot-007,01a0b92b-4b1d-73c6-8087-437db1ec1535,31,17098989,17148763,ACCEPTED,,17148814,ok,49.825
bot-007,01a0b92b-4d14-7023-93b0-55ece893c53a,32,17601895,17648747,ACCEPTED,,17648782,ok,46.887
bot-007,01a0b92b-4f0a-7137-9805-5fef37b25efd,33,18103550,18149259,ACCEPTED,,18149309,ok,45.759
bot-007,01a0b92b-50ff-7397-885f-49ec76754472,34,18604648,18649025,ACCEPTED,,18649076,ok,44.428
bot-007,01a0b92b-52fc-7003-89df-8a9235098522,35,19113867,19148917,ACCEPTED,,19148954,ok,35.087
bot-007,01a0b92b-54f6-719b-b78e-0588c08ff628,36,19619764,19649046,ACCEPTED,,19649086,ok,29.322
bot-007,01a0b92b-56ed-73ca-b0b8-c3909988b2cd,37,20123007,20149235,ACCEPTED,,20149269,ok,26.262
bot-007,01a0b92b-58f2-75f6-b100-1259ab820c80,38,20639628,20648902,ACCEPTED,,20648939,ok,9.311
bot-007,01a0b92b-5af5-71e9-8c71-c82544dfb592,39,21155047,21199025,ACCEPTED,,21199078,ok,44.031
bot-007,01a0b92b-5ced-7569-b780-f7ad500a9b5e,40,21658542,21699076,ACCEPTED,,21699118,ok,40.576
bot-007,01a0b92b-5ee4-76e3-8e0b-67c6a3dcac09,41,22161096,22199151,ACCEPTED,,22199183,ok,38.087
bot-007,01a0b92b-60da-7497-93de-5d4efef40bbc,42,22663249,22699250,ACCEPTED,,22699303,ok,36.054
bot-007,01a0b92b-62d1-74bc-87d8-c0a6207d310c,43,23166064,23199269,ACCEPTED,,23199323,ok,33.259
bot-007,01a0b92b-64ca-7753-8023-047ae2bea99a,44,23671205,23698842,ACCEPTED,,23698883,ok,27.678
bot-007,01a0b92b-66cd-759a-8891-c96c17190813,45,24186272,24198831,ACCEPTED,,24198858,ok,12.586
bot-007,01a0b92b-68cf-7476-ac84-374ce5b89591,46,24701026,24749074,ACCEPTED,,24749104,ok,48.078
bot-007,01a0b92b-6aca-72e2-a81d-4539c4398c85,47,25207986,25249222,ACCEPTED,,25249262,ok,41.276
bot-007,01a0b92b-6cc1-7200-b104-46e93fc5997d,48,25710985,25748910,ACCEPTED,,25748932,ok,37.947
bot-007,01a0b92b-6ebb-77b6-be70-4600dbbaee23,49,26216810,26248811,ACCEPTED,,26248830,ok,32.020
bot-007,01a0b92b-70b1-75b2-a291-97baff5bcde4,50,26718153,26749480,ACCEPTED,,26749513,ok,31.360
bot-007,01a0b92b-72ab-75fe-ad0e-d32f3f0e8593,51,27224158,27248952,ACCEPTED,,27249003,ok,24.845
bot-007,01a0b92b-74a1-70d1-b436-62546bb8132c,52,27726214,27749162,ACCEPTED,,27749185,ok,22.971
bot-007,01a0b92b-769c-7702-b4ff-b72de765eaf8,53,28233982,28248848,ACCEPTED,,28248900,ok,14.918
bot-007,01a0b92b-78a0-759a-a085-736db18294fc,54,28749728,28799169,ACCEPTED,,28799200,ok,49.472
bot-007,01a0b92b-7a97-77e2-b9dc-6a34c88f19e0,55,29252165,29299130,ACCEPTED,,29299160,ok,46.995
bot-007,01a0b92b-7c8e-7300-a015-130605a8578f,56,29756003,29799210,ACCEPTED,,29799263,ok,43.260
bot-007,01a0b92b-7e88-773f-bfe9-28d7e9182738,57,30261219,30298927,ACCEPTED,,30298976,ok,37.757
bot-007,01a0b92b-8080-712c-8167-8e3731b8a9f4,58,30765133,30799252,ACCEPTED,,30799281,ok,34.148
bot-007,01a0b92b-8276-70da-9a50-9f75fe0e855c,59,31267425,31299094,ACCEPTED,,31299108,ok,31.683
bot-007,01a0b92b-846d-7740-b38f-9822df1b2ff8,60,31770613,31799091,ACCEPTED,,31799133,ok,28.520
bot-007,01a0b92b-8667-76aa-987b-6ded7486ed2c,61,32276878,32298967,ACCEPTED,,32298997,ok,22.119
bot-007,01a0b92b-8865-71f7-8386-5edd82dbae48,62,32786561,32798919,ACCEPTED,,32798975,ok,12.414
bot-007,01a0b92b-8a5a-765f-bba3-3a0a23063e58,63,33287579,33298952,ACCEPTED,,33298971,ok,11.392
bot-007,01a0b92b-8c5d-72ea-bb71-8c7d2b51a4b4,64,33802438,33849025,ACCEPTED,,33849043,ok,46.605
bot-007,01a0b92b-8e54-7020-a0ae-db7a29449a76,65,34305604,34349011,ACCEPTED,,34349040,ok,43.436
bot-007,01a0b92b-904a-725b-ba0d-09bd7ee8628a,66,34807688,34849223,ACCEPTED,,34849278,ok,41.590
bot-007,01a0b92b-924d-762c-894e-096c1840b61f,67,35322864,35348802,ACCEPTED,,35348840,ok,25.976
bot-007,01a0b92b-9446-76b2-b453-dc64a37893ef,68,35827344,35849364,ACCEPTED,,35849395,ok,22.051
bot-007,01a0b92b-9649-768c-b646-140a92c01934,69,36342492,36349156,ACCEPTED,,36349197,ok,6.705
bot-007,01a0b92b-9841-769a-b108-694455778108,70,36846558,36848731,ACCEPTED,,36848759,ok,2.201
bot-007,01a0b92b-9a3a-71f8-b220-e63016c0f29c,71,37351348,37398674,ACCEPTED,,37398724,ok,47.376
bot-007,01a0b92b-9c30-7310-a831-660c8ea0153d,72,37853873,37899889,ACCEPTED,,37899917,ok,46.044
bot-007,01a0b92b-9e29-75c7-a96f-de52610dafcf,73,38358344,38398971,ACCEPTED,,38399013,ok,40.669
bot-007,01a0b92b-a01f-75e2-b71c-bc5b886b848e,74,38860851,38898875,ACCEPTED,,38898906,ok,38.055
bot-007,01a0b92b-a221-7225-a133-cdd51de9c892,75,39374913,39398879,ACCEPTED,,39398909,ok,23.996
bot-007,01a0b92b-a416-70c8-aa4d-ebf7daa9e434,76,39875947,39898742,ACCEPTED,,39898790,ok,22.843
bot-007,01a0b92b-a60d-7693-ad56-9a0c15eee060,77,40378237,40398869,ACCEPTED,,40398903,ok,20.666
bot-007,01a0b92b-a806-7317-b4f6-ab7d96ec5cf3,78,40883285,40898935,ACCEPTED,,40898971,ok,15.686
bot-007,01a0b92b-aa08-743d-8999-886d10610968,79,41397129,41398787,ACCEPTED,,41398816,ok,1.687
bot-007,01a0b92b-ac0b-754e-8f81-082e8f4f5834,80,41912755,41948809,ACCEPTED,,41948823,ok,36.068
bot-007,01a0b92b-ae08-75d9-9732-2c943d2cd0eb,81,42421295,42449299,ACCEPTED,,42449329,ok,28.034
bot-007,01a0b92b-afff-7440-82ea-9897567e4e35,82,42924220,42948948,ACCEPTED,,42948970,ok,24.750
bot-007,01a0b92b-b1f6-7609-9d1b-6c5c636d31f8,83,43428065,43449351,ACCEPTED,,43449396,ok,21.331
bot-007,01a0b92b-b3ed-76e2-9fb5-97de33deb472,84,43930151,43949234,ACCEPTED,,43949263,ok,19.112
bot-007,01a0b92b-b5e5-71aa-9324-019925229d64,85,44434516,44449707,ACCEPTED,,44449734,ok,15.218
bot-007,01a0b92b-b7db-71ea-ad8c-268d4c7fa263,86,44936250,44948883,ACCEPTED,,44948922,ok,12.672
bot-007,01a0b92b-b9d0-74b0-93d2-50b177a6bc71,87,45437368,45448775,ACCEPTED,,45448816,ok,11.448
bot-007,01a0b92b-bbc6-70fa-9528-94c99ec7b77e,88,45939348,45949086,ACCEPTED,,45949116,ok,9.768
bot-007,01a0b92b-bdbd-7074-9dd0-ef9632f448f2,89,46442771,46449105,ACCEPTED,,46449128,ok,6.357
bot-007,01a0b92b-bfb3-76d0-b2a9-b0c03741f645,90,46944854,46949071,ACCEPTED,,46949119,ok,4.265
bot-007,01a0b92b-c1b5-76d6-abf5-1c521918ec87,91,47458342,47498852,ACCEPTED,,47498906,ok,40.564
bot-007,01a0b92b-c3b9-7226-a387-cf3f4c21e4d9,92,47974627,47999218,ACCEPTED,,47999254,ok,24.627
bot-007,01a0b92b-c5bd-7602-9d51-b5e771601614,93,48490732,48499037,ACCEPTED,,48499075,ok,8.343
bot-007,01a0b92b-c7b4-7625-9583-1271ba3f414a,94,48993577,48999046,ACCEPTED,,48999096,ok,5.519
bot-007,01a0b92b-c9ad-750b-9939-c6a72b15521c,95,49498723,49549353,ACCEPTED,,49549385,ok,50.662
bot-007,01a0b92b-cbb1-717d-8e6e-4c8800381531,96,50014532,50049208,ACCEPTED,,50049262,ok,34.730
bot-007,01a0b92b-cdb5-70f8-812b-1872a29b7421,97,50530615,50549053,ACCEPTED,,50549087,ok,18.472
bot-007,01a0b92b-cfab-71c1-92bc-17858a9266d7,98,51032332,51049242,ACCEPTED,,51049296,ok,16.964
bot-007,01a0b92b-d1a0-70cd-80a8-f1e5706cd0a3,99,51533737,51549104,ACCEPTED,,51549123,ok,15.386
bot-007,01a0b92b-d39f-705e-a2a4-feecd0377916,100,52044439,52049149,ACCEPTED,,52049182,ok,4.743
bot-007,01a0b92b-d5a2-73e4-82f7-c2eeb13e27f9,101,52559572,52599304,ACCEPTED,,52599332,ok,39.760
bot-007,01a0b92b-d797-72cf-ab50-51a1ceb1cecb,102,53060814,53099143,ACCEPTED,,53099193,ok,38.379
bot-007,01a0b92b-d99c-716c-842e-325aba7f24c9,103,53577084,53599156,ACCEPTED,,53599190,ok,22.106
bot-007,01a0b92b-db9e-73a2-9137-bec8edfd0441,104,54091828,54098819,ACCEPTED,,54098855,ok,7.027
bot-007,01a0b92b-dd99-7221-91af-29595e363a80,105,54598884,54648937,ACCEPTED,,54648950,ok,50.066
bot-007,01a0b92b-df9d-72a6-b2a1-dcf7401dcd9e,106,55114253,55148886,ACCEPTED,,55148903,ok,34.650
bot-007,01a0b92b-e194-7049-8d33-1ae8aa31708e,107,55617612,55648928,ACCEPTED,,55648942,ok,31.330
bot-007,01a0b92b-e397-713d-80cf-56c0efcbb222,108,56132511,56149464,ACCEPTED,,56149522,ok,17.011
bot-007,01a0b92b-e591-77d4-a22d-546064069068,109,56639016,56648970,ACCEPTED,,56649013,ok,9.997
bot-007,01a0b92b-e789-70b2-8ff2-53dc218a12cf,110,57142577,57149035,ACCEPTED,,57149064,ok,6.487
bot-007,01a0b92b-e982-70f7-9c5d-6a350143457b,111,57647849,57648743,ACCEPTED,,57648803,ok,0.954
bot-007,01a0b92b-eb81-705f-b881-390b4d192449,112,58158759,58199069,ACCEPTED,,58199100,ok,40.341
bot-007,01a0b92b-ed82-7694-8e32-0ce5c7388de3,113,58671620,58699209,ACCEPTED,,58699235,ok,27.615
bot-007,01a0b92b-ef79-7303-a6bf-f1ecd6c3c965,114,59174902,59199537,ACCEPTED,,59199553,ok,24.651
bot-007,01a0b92b-f17c-765a-8f9f-565ba130565c,115,59689330,59699087,ACCEPTED,,59699143,ok,9.813
bot-007,01a0b92b-f376-7049-91b7-8ed6f1c55715,116,60195620,60198971,ACCEPTED,,60199026,ok,3.406
bot-007,01a0b92b-f56f-7491-b3c8-2e7da3117400,117,60700403,60749040,ACCEPTED,,60749054,ok,48.651
bot-007,01a0b92b-f772-766e-bbf7-bb3aa2f1c3e9,118,61215287,61249032,ACCEPTED,,61249055,ok,33.768
bot-008,01a0b92b-0f86-707e-86cf-3082f45b7e52,0,1843265,1849403,ACCEPTED,,1849431,ok,6.166
bot-008,01a0b92b-117c-77e7-8165-476adb17cd5f,1,2345401,2348876,ACCEPTED,,2348920,ok,3.519
bot-008,01a0b92b-1373-72d3-b469-9ccf2a553aa8,2,2849033,2899143,ACCEPTED,,2899184,ok,50.151
bot-008,01a0b92b-156e-7133-9770-8d92ff6e296b,3,3355589,3398813,ACCEPTED,,3398843,ok,43.254
bot-008,01a0b92b-1772-71f5-bd0f-f5937183d98b,4,3871363,3898823,ACCEPTED,,3898863,ok,27.500
bot-008,01a0b92b-1977-758e-82d3-6ab9a778c493,5,4388113,4399259,ACCEPTED,,4399284,ok,11.171
bot-008,01a0b92b-1b71-73d8-93cd-7d7200926574,6,4894840,4899104,ACCEPTED,,4899151,ok,4.311
bot-008,01a0b92b-1d69-70a3-9128-53471e09ae1c,7,5398859,5450053,ACCEPTED,,5450085,ok,51.226
bot-008,01a0b92b-1f5e-7452-a105-ff3f0f61dc4b,8,5899715,5949103,ACCEPTED,,5949132,ok,49.417
bot-008,01a0b92b-215a-7646-9d7c-bbf5d1825fac,9,6407868,6449456,ACCEPTED,,6449474,ok,41.606
bot-008,01a0b92b-2352-7048-a0eb-fd17477661e2,10,6911144,6949271,ACCEPTED,,6949292,ok,38.148
bot-008,01a0b92b-2555-73ca-9ec6-adb450b2299b,11,7426399,7449284,ACCEPTED,,7449339,ok,22.940
bot-008,01a0b92b-274b-74b2-8444-50e68164bdc4,12,7928289,7948839,ACCEPTED,,7948879,ok,20.590
bot-008,01a0b92b-2943-7327-8e46-cb89d5ee2cb0,13,8432542,8448953,ACCEPTED,,8448985,ok,16.443
bot-008,01a0b92b-2b3d-73f5-b35b-09c9334f1422,14,8938736,8948943,ACCEPTED,,8948974,ok,10.238
bot-008,01a0b92b-2d36-754d-9bba-664fef29f90f,15,9443494,9449174,ACCEPTED,,9449194,ok,5.700
bot-008,01a0b92b-2f2d-7792-9029-6f977aa5c46a,16,9946522,9949216,ACCEPTED,,9949245,ok,2.723
bot-008,01a0b92b-3124-71d4-bc2c-18ed92a2f2b0,17,10449126,10499005,ACCEPTED,,10499036,ok,49.910
bot-008,01a0b92b-331e-7720-a149-bd9796a8a98d,18,10955680,10998836,ACCEPTED,,10998874,ok,43.194
bot-008,01a0b92b-3514-76c7-a5ba-ddc239272a36,19,11457437,11499400,ACCEPTED,,11499428,ok,41.991
bot-008,01a0b92b-3716-705a-8f57-477aa00fd703,20,11971836,11999354,ACCEPTED,,11999384,ok,27.548
bot-008,01a0b92b-3910-73b3-bfac-50c4c344781b,21,12477767,12499082,ACCEPTED,,12499137,ok,21.370
bot-008,01a0b92b-3b09-76d1-81df-ec9e52cdee51,22,12982614,12998861,ACCEPTED,,12998912,ok,16.298
bot-008,01a0b92b-3d0b-77f7-9539-e9c3ac760e91,23,13496620,13498668,ACCEPTED,,13498721,ok,2.101
bot-008,01a0b92b-3f0f-7451-bf47-baf49d8ddbef,24,14012127,14049231,ACCEPTED,,14049260,ok,37.133
bot-008,01a0b92b-4103-71ce-b07c-e33d2dc168f8,25,14512855,14549053,ACCEPTED,,14549081,ok,36.226
bot-008,01a0b92b-42fb-7075-bdb1-db0ad9961f0d,26,15016685,15049219,ACCEPTED,,15049273,ok,32.588
bot-008,01a0b92b-44fd-748d-b1f1-bb4c6c4b77ee,27,15530694,15549045,ACCEPTED,,15549081,ok,18.387
bot-008,01a0b92b-46f6-7219-997c-f455478b95c5,28,16035508,16049032,ACCEPTED,,16049068,ok,13.560
bot-008,01a0b92b-48ed-75eb-ab7d-31ed4f85edd2,29,16538115,16549076,ACCEPTED,,16549104,ok,10.989
bot-008,01a0b92b-4af0-7176-9dbd-04515f6eecef,30,17053168,17099018,ACCEPTED,,17099037,ok,45.869
bot-008,01a0b92b-4ce6-744b-b9f6-45076cea77bc,31,17555895,17599138,ACCEPTED,,17599163,ok,43.268
bot-008,01a0b92b-4edc-7117-8008-6881dde4cab6,32,18057863,18099340,ACCEPTED,,18099375,ok,41.512
bot-008,01a0b92b-50d2-73ac-b797-2cc2144f7529,33,18559065,18599283,ACCEPTED,,18599318,ok,40.253
bot-008,01a0b92b-52cf-700d-a47f-53a41694d3d4,34,19068387,19099371,ACCEPTED,,19099423,ok,31.036
bot-008,01a0b92b-54c9-77d5-b301-f1be972d92a9,35,19574210,19599175,ACCEPTED,,19599229,ok,25.019
bot-008,01a0b92b-56c0-722c-8ffb-8eae69b67ebe,36,20077092,20099102,ACCEPTED,,20099157,ok,22.065
bot-008,01a0b92b-58b5-7057-9c6e-e8e7fffc1762,37,20578112,20599015,ACCEPTED,,20599061,ok,20.949
bot-008,01a0b92b-5aab-7664-b8aa-cdb11c586f4c,38,21080118,21099280,ACCEPTED,,21099318,ok,19.200
bot-008,01a0b92b-5ca0-7564-a5d6-e679ca592224,39,21581786,21598991,ACCEPTED,,21599048,ok,17.262
bot-008,01a0b92b-5e97-7499-97d4-ecbfeb4ac9ac,40,22084408,22098828,ACCEPTED,,22098871,ok,14.463
bot-008,01a0b92b-608d-724c-993f-5a8db68e3371,41,22586492,22599271,ACCEPTED,,22599300,ok,12.808
bot-008,01a0b92b-6284-732c-9465-e564d66894e1,42,23089441,23099140,ACCEPTED,,23099190,ok,9.749
bot-008,01a0b92b-647c-7303-b396-c06c1db83abb,43,23593870,23598926,ACCEPTED,,23598946,ok,5.076
bot-008,01a0b92b-6681-7095-9bca-6b75e9da43eb,44,24110642,24149212,ACCEPTED,,24149235,ok,38.593
bot-008,01a0b92b-6884-71fa-a51b-5af8acc7d3a0,45,24625919,24648859,ACCEPTED,,24648886,ok,22.967
bot-008,01a0b92b-6a7d-73a8-82ab-0f9575ca4d04,46,25130600,25148891,ACCEPTED,,25148920,ok,18.320
bot-008,01a0b92b-6c74-72be-90dd-9bb987dffcaa,47,25633080,25649215,ACCEPTED,,25649238,ok,16.158
bot-008,01a0b92b-6e6e-71bd-98b8-b9feed5b87d2,48,26139562,26149027,ACCEPTED,,26149059,ok,9.497
bot-008,01a0b92b-7064-75af-bd1f-734662add41e,49,26641599,26648921,ACCEPTED,,26648974,ok,7.375
bot-008,01a0b92b-725e-72da-9ed2-a91de6e9e5e6,50,27148031,27149135,ACCEPTED,,27149156,ok,1.125
bot-008,01a0b92b-7453-713b-81e4-f64e8f5ebcf7,51,27649041,27699295,ACCEPTED,,27699324,ok,50.283
bot-008,01a0b92b-764f-76fa-8dc0-14bb53cafa31,52,28156606,28199133,ACCEPTED,,28199176,ok,42.570
bot-008,01a0b92b-7846-75d6-bcf0-247ac4a5b19b,53,28659859,28699019,ACCEPTED,,28699059,ok,39.200
bot-008,01a0b92b-7a3c-76ae-949e-a2defe3a6c8a,54,29161103,29199419,ACCEPTED,,29199450,ok,38.347
bot-008,01a0b92b-7c34-7390-a98f-1fe0c98c3185,55,29665294,29698928,ACCEPTED,,29698950,ok,33.656
bot-008,01a0b92b-7e2b-750c-a347-04d7d38444a1,56,30168970,30198954,ACCEPTED,,30198983,ok,30.013
bot-008,01a0b92b-8024-7688-9f59-d859402512b6,57,30673969,30699257,ACCEPTED,,30699295,ok,25.326
bot-008,01a0b92b-8228-7664-97bf-5f4e1ebc5802,58,31189888,31198695,ACCEPTED,,31198749,ok,8.861
bot-008,01a0b92b-8421-74c9-892a-e6c943bac6ca,59,31694402,31698974,ACCEPTED,,31699023,ok,4.621
bot-008,01a0b92b-861b-760b-a936-960211abad0b,60,32200239,32248953,ACCEPTED,,32248977,ok,48.738
bot-008,01a0b92b-8819-73b2-bfae-b000505c3cde,61,32711020,32749151,ACCEPTED,,32749188,ok,38.168
bot-008,01a0b92b-8a1d-76b1-8923-de58a717e938,62,33226617,33248884,ACCEPTED,,33248936,ok,22.319
bot-008,01a0b92b-8c21-701f-8b95-1d9f29879072,63,33742547,33748968,ACCEPTED,,33749004,ok,6.457
bot-008,01a0b92b-8e17-77a4-955d-e7747dc63d04,64,34244686,34248758,ACCEPTED,,34248787,ok,4.101
bot-008,01a0b92b-900d-75b0-8ecb-99f8138a1a61,65,34746498,34748823,ACCEPTED,,34748878,ok,2.380
bot-008,01a0b92b-9210-73ab-a486-08708b650199,66,35261532,35299059,ACCEPTED,,35299088,ok,37.556
bot-008,01a0b92b-9409-7689-b037-2cb052d62b44,67,35766471,35799332,ACCEPTED,,35799357,ok,32.886
bot-008,01a0b92b-960b-736c-82d7-072d9dfa0483,68,36280825,36299046,ACCEPTED,,36299098,ok,18.273
bot-008,01a0b92b-9804-7617-bdb5-f1747595ee68,69,36785187,36799085,ACCEPTED,,36799122,ok,13.935
bot-008,01a0b92b-99fc-71df-a121-5332110c7b97,70,37289998,37298741,ACCEPTED,,37298790,ok,8.792
bot-008,01a0b92b-9bf5-73ac-be9a-f521cd0f63a9,71,37794061,37799217,ACCEPTED,,37799240,ok,5.179
bot-008,01a0b92b-9dec-7580-b5aa-bbaf4c08b465,72,38297881,38298963,ACCEPTED,,38298987,ok,1.106
bot-008,01a0b92b-9fe4-7716-9282-4f0543118318,73,38801276,38848870,ACCEPTED,,38848908,ok,47.632
bot-008,01a0b92b-a1e4-71f8-980c-8e68fd37d3a0,74,39313833,39348971,ACCEPTED,,39349024,ok,35.191
bot-008,01a0b92b-a3db-715e-8704-255e77aaab2b,75,39816177,39849414,ACCEPTED,,39849434,ok,33.257
bot-008,01a0b92b-a5d1-71ce-bad6-043e9a3700e4,76,40318431,40348969,ACCEPTED,,40349025,ok,30.594
bot-008,01a0b92b-a7c8-7527-a850-f37d3571e812,77,40821251,40848948,ACCEPTED,,40848967,ok,27.716
bot-008,01a0b92b-a9bd-73ea-8252-571f69b6b9b3,78,41322918,41349182,ACCEPTED,,41349214,ok,26.296
bot-008,01a0b92b-abbe-7499-9566-434c87c39294,79,41835713,41849020,ACCEPTED,,41849074,ok,13.361
bot-008,01a0b92b-adb6-7129-972e-7e928de50835,80,42339585,42349272,ACCEPTED,,42349306,ok,9.721
bot-008,01a0b92b-afb3-76ea-a9ca-72a1d2421c36,81,42848051,42849261,ACCEPTED,,42849277,ok,1.226
bot-008,01a0b92b-b1a9-770b-8b3d-08a4e841c4d3,82,43350589,43398966,ACCEPTED,,43399006,ok,48.417
bot-008,01a0b92b-b3a2-77d8-b6f8-b4f6305a8b50,83,43855251,43899196,ACCEPTED,,43899242,ok,43.991
bot-008,01a0b92b-b599-7520-9181-4e855739f153,84,44358235,44399052,ACCEPTED,,44399083,ok,40.848
bot-008,01a0b92b-b78e-73b5-93ea-95b5b1805dd1,85,44859371,44898962,ACCEPTED,,44898989,ok,39.618
bot-008,01a0b92b-b992-759c-b109-cf9dfb850890,86,45375125,45399006,ACCEPTED,,45399043,ok,23.918
bot-008,01a0b92b-bb89-7709-be43-95b5b8222370,87,45878245,45898769,ACCEPTED,,45898802,ok,20.557
bot-008,01a0b92b-bd81-717b-b9de-468513de1a67,88,46382395,46399021,ACCEPTED,,46399043,ok,16.648
bot-008,01a0b92b-bf76-74ec-9a45-80215cb09ed1,89,46883780,46899269,ACCEPTED,,46899299,ok,15.519
bot-008,01a0b92b-c177-73ad-888b-f2e021b257c8,90,47396698,47398763,ACCEPTED,,47398780,ok,2.082
bot-008,01a0b92b-c36d-7098-a473-27b1321776f3,91,47898743,47949033,ACCEPTED,,47949068,ok,50.325
bot-008,01a0b92b-c570-7242-85c6-754896b6fce3,92,48413899,48449670,ACCEPTED,,48449719,ok,35.820
bot-008,01a0b92b-c766-746d-a262-18da9b4d1d4b,93,48915805,48949224,ACCEPTED,,48949257,ok,33.452
bot-008,01a0b92b-c961-75da-aa38-ad43acaa4c3b,94,49422247,49448908,ACCEPTED,,49448964,ok,26.717
bot-008,01a0b92b-cb57-70d8-b8de-6afee70d8bd6,95,49924631,49948865,ACCEPTED,,49948900,ok,24.269
bot-008,01a0b92b-cd5a-7441-a524-268e779591d1,96,50439157,50449026,ACCEPTED,,50449067,ok,9.910
bot-008,01a0b92b-cf4f-70f1-9679-f937fb48459e,97,50940651,50949139,ACCEPTED,,50949172,ok,8.521
bot-008,01a0b92b-d144-700b-91e7-a78a38ccbbb6,98,51441916,51448885,ACCEPTED,,51448947,ok,7.031
bot-008,01a0b92b-d344-7750-82fa-2042d08051bb,99,51953462,51999332,ACCEPTED,,51999354,ok,45.892
bot-008,01a0b92b-d547-7310-958e-2d563620de0d,100,52468454,52499209,ACCEPTED,,52499237,ok,30.783
bot-008,01a0b92b-d74b-7515-aa5e-05e3f5c065f9,101,52984795,52999172,ACCEPTED,,52999203,ok,14.408
bot-008,01a0b92b-d942-7321-8f2b-d9b2de5a917e,102,53487226,53499118,ACCEPTED,,53499148,ok,11.922
bot-008,01a0b92b-db43-7372-9cf2-5679421189ec,103,54000659,54049207,ACCEPTED,,54049260,ok,48.601
bot-008,01a0b92b-dd3e-7565-9c07-0fe78bd5eefb,104,54507454,54548834,ACCEPTED,,54548890,ok,41.436
bot-008,01a0b92b-df42-7223-a945-e960cf8b9e1a,105,55023768,55049193,ACCEPTED,,55049217,ok,25.449
bot-008,01a0b92b-e139-733c-9d85-5a35c4ed7c3f,106,55526985,55549082,ACCEPTED,,55549115,ok,22.130
bot-008,01a0b92b-e33c-703b-91c7-b589be27e47d,107,56041249,56049195,ACCEPTED,,56049221,ok,7.972
bot-008,01a0b92b-e536-7577-8016-5d9a02c43e4f,108,56547580,56549110,ACCEPTED,,56549237,ok,1.657
bot-008,01a0b92b-e72e-756d-ab37-14721d81d890,109,57051410,57099317,ACCEPTED,,57099377,ok,47.967
bot-008,01a0b92b-e926-70bf-b372-00afbcd28580,110,57555194,57598967,ACCEPTED,,57599018,ok,43.824
bot-008,01a0b92b-eb26-7602-be57-d77f0f654446,111,58067873,58099373,ACCEPTED,,58099396,ok,31.523
bot-008,01a0b92b-ed28-75ff-bbd6-c6e06bb7f70c,112,58581522,58598848,ACCEPTED,,58598900,ok,17.378
bot-008,01a0b92b-ef1e-7303-a9a7-2f125c47c970,113,59083315,59099165,ACCEPTED,,59099213,ok,15.898
bot-008,01a0b92b-f121-7421-a70a-f0cc04368bdf,114,59598818,59648927,ACCEPTED,,59648969,ok,50.151
bot-008,01a0b92b-f31b-757a-aefd-711231deb01a,115,60104528,60149147,ACCEPTED,,60149167,ok,44.639
bot-008,01a0b92b-f513-76cf-beee-f868c5cbdabc,116,60608993,60649178,ACCEPTED,,60649229,ok,40.236
bot-008,01a0b92b-f709-7416-a141-f412fa22bbad,117,61110401,61148911,ACCEPTED,,61148956,ok,38.555
bot-008,01a0b92b-f90c-7115-b81e-32a6d52c8f33,118,61625993,61648967,ACCEPTED,,61649017,ok,23.024
bot-009,01a0b92b-0f0b-732c-9577-d8e091b55552,0,1720188,1748801,ACCEPTED,,1748843,ok,28.655
bot-009,01a0b92b-1102-70e6-8567-b542dbc89809,1,2223274,2248871,ACCEPTED,,2248913,ok,25.639
bot-009,01a0b92b-12f8-7777-8523-e1144422add1,2,2725385,2749190,ACCEPTED,,2749290,ok,23.905
bot-009,01a0b92b-14f3-71aa-aa46-1d12b3c48b76,3,3232551,3249038,ACCEPTED,,3249082,ok,16.531
bot-009,01a0b92b-16e9-7311-b221-1216bcc711f0,4,3734928,3748858,ACCEPTED,,3748911,ok,13.983
bot-009,01a0b92b-18df-7590-a49d-7e4b5f0074ed,5,4236811,4249086,ACCEPTED,,4249133,ok,12.322
bot-009,01a0b92b-1ad4-7763-8eb4-dcc194fe2a2a,6,4737697,4749235,ACCEPTED,,4749296,ok,11.599
bot-009,01a0b92b-1cd1-718a-b90d-bc0e147b9ea5,7,5246225,5249091,ACCEPTED,,5249112,ok,2.887
bot-009,01a0b92b-1ec8-760f-9f4b-a50e5b7c00cf,8,5749091,5799116,ACCEPTED,,5799163,ok,50.072
bot-009,01a0b92b-20bc-7311-8504-e8107a477e8d,9,6249493,6299147,ACCEPTED,,6299180,ok,49.687
bot-009,01a0b92b-22b8-7290-80d8-2ffb8a55536a,10,6757794,6799189,ACCEPTED,,6799239,ok,41.445
bot-009,01a0b92b-24ae-7519-a0a5-96dfd127cc66,11,7259763,7298858,ACCEPTED,,7298901,ok,39.138
bot-009,01a0b92b-26b2-724c-88ab-e85e74036029,12,7775515,7798902,ACCEPTED,,7798959,ok,23.444
bot-009,01a0b92b-28a8-725b-ab86-7dede58b952c,13,8277239,8299221,ACCEPTED,,8299269,ok,22.030
bot-009,01a0b92b-2aa4-7706-b3a6-1690a890eb3f,14,8786056,8798855,ACCEPTED,,8798898,ok,12.842
bot-009,01a0b92b-2c9c-74b3-9fa4-93e1056b17f3,15,9289710,9298957,ACCEPTED,,9298986,ok,9.276
bot-009,01a0b92b-2e95-7311-b2c0-416d30e58e34,16,9794431,9799364,ACCEPTED,,9799396,ok,4.965
bot-009,01a0b92b-308b-73c5-ba11-55961b38dc49,17,10296608,10298667,ACCEPTED,,10298724,ok,2.116
bot-009,01a0b92b-3281-73c4-ad35-ff5d914abd9f,18,10798772,10849745,ACCEPTED,,10849796,ok,51.024
bot-009,01a0b92b-347d-77b6-9b42-924de93dfd4a,19,11306511,11348761,ACCEPTED,,11348805,ok,42.294
bot-009,01a0b92b-3680-7663-aa02-21c89c34101e,20,11821742,11848833,ACCEPTED,,11848882,ok,27.140
bot-009,01a0b92b-3876-76bd-83ed-5156f3b8b0b7,21,12323475,12349592,ACCEPTED,,12349650,ok,26.175
bot-009,01a0b92b-3a73-7337-ac8b-ecbd45e464bc,22,12832106,12848924,ACCEPTED,,12848957,ok,16.851
bot-009,01a0b92b-3c73-70c4-926b-1f9c79a40ded,23,13344887,13349196,ACCEPTED,,13349224,ok,4.337
bot-009,01a0b92b-3e6c-729b-8056-87d37712f5b6,24,13849188,13899222,ACCEPTED,,13899276,ok,50.088
bot-009,01a0b92b-406c-704b-b6d2-a095053616fd,25,14361885,14399122,ACCEPTED,,14399169,ok,37.284
bot-009,01a0b92b-4270-702a-85b9-38a4d7f82609,26,14877677,14899231,ACCEPTED,,14899248,ok,21.571
bot-009,01a0b92b-4466-7095-893a-908d6913e2d2,27,15379637,15398957,ACCEPTED,,15398988,ok,19.351
bot-009,01a0b92b-465e-7619-8d4c-25e72b56e6aa,28,15883153,15899054,ACCEPTED,,15899084,ok,15.931
bot-009,01a0b92b-4861-74a2-9f3d-3f749c8f583a,29,16398736,16449355,ACCEPTED,,16449431,ok,50.695
bot-009,01a0b92b-4a58-7393-a418-0cf5c16a138c,30,16901419,16949113,ACCEPTED,,16949166,ok,47.747
bot-009,01a0b92b-4c4e-70be-8033-8909dc1da647,31,17403424,17449173,ACCEPTED,,17449215,ok,45.791
bot-009,01a0b92b-4e52-7047-925a-9a4579103654,32,17919792,17948911,ACCEPTED,,17948953,ok,29.161
bot-009,01a0b92b-504b-74cc-bc69-c15624ee10b6,33,18424204,18449213,ACCEPTED,,18449265,ok,25.061
bot-009,01a0b92b-5243-7166-a797-15c0a2ea5950,34,18928799,18948956,ACCEPTED,,18949001,ok,20.202
bot-009,01a0b92b-543f-7327-b11b-a1d1d62a6a4f,35,19436851,19449181,ACCEPTED,,19449231,ok,12.380
bot-009,01a0b92b-5637-706c-abf4-4d3d4be16324,36,19940491,19948736,ACCEPTED,,19948790,ok,8.299
bot-009,01a0b92b-5834-7508-b974-04b86f03c912,37,20449350,20499003,ACCEPTED,,20499044,ok,49.694
bot-009,01a0b92b-5a33-7053-99d8-3498990d9c81,38,20960805,20998995,ACCEPTED,,20999016,ok,38.211
bot-009,01a0b92b-5c35-72ec-a827-72ee9f693022,39,21474874,21499201,ACCEPTED,,21499251,ok,24.377
bot-009,01a0b92b-5e2d-720f-8cd3-52a5ce213c33,40,21978884,21998920,ACCEPTED,,21998970,ok,20.086
bot-009,01a0b92b-6023-703b-a2fe-d96e44ef2411,41,22480915,22499342,ACCEPTED,,22499373,ok,18.458
bot-009,01a0b92b-621a-732b-a749-69d5139e0a53,42,22983285,22999181,ACCEPTED,,22999216,ok,15.931
bot-009,01a0b92b-6411-703b-ad5f-87921db50b4d,43,23487018,23499331,ACCEPTED,,23499361,ok,12.343
bot-009,01a0b92b-6608-770b-972a-340234f53a00,44,23989382,23999116,ACCEPTED,,23999150,ok,9.768
bot-009,01a0b92b-680b-7322-971e-57e26bb0ce78,45,24504562,24549211,ACCEPTED,,24549260,ok,44.698
bot-009,01a0b92b-6a02-716e-b8c5-6a4ab848b9bb,46,25007180,25049080,ACCEPTED,,25049123,ok,41.943
bot-009,01a0b92b-6bfa-758b-85c9-138dec17ffa2,47,25511233,25549257,ACCEPTED,,25549307,ok,38.074
bot-009,01a0b92b-6df3-7709-b694-b5ffd275ecfe,48,26016732,26048873,ACCEPTED,,26048926,ok,32.194
bot-009,01a0b92b-6fea-7071-93a4-0186cd32fb7f,49,26519411,26549045,ACCEPTED,,26549101,ok,29.690
bot-009,01a0b92b-71e5-7140-bc77-32347ff827f2,50,27026191,27049074,ACCEPTED,,27049133,ok,22.942
bot-009,01a0b92b-73db-74ed-999c-974fa3778c61,51,27528375,27548821,ACCEPTED,,27548861,ok,20.486
bot-009,01a0b92b-75d6-74f5-b13b-e91564c11452,52,28035086,28049214,ACCEPTED,,28049252,ok,14.166
bot-009,01a0b92b-77cc-7213-bb1c-c7c7e9e5772d,53,28537425,28549234,ACCEPTED,,28549292,ok,11.867
bot-009,01a0b92b-79c2-70df-8d58-28cc15922fac,54,29039508,29049276,ACCEPTED,,29049311,ok,9.803
bot-009,01a0b92b-7bb9-739f-92ca-a15e515f726b,55,29542248,29549116,ACCEPTED,,29549167,ok,6.919
bot-009,01a0b92b-7db0-7375-81fc-385e6f3a8ba5,56,30045963,30049126,ACCEPTED,,30049166,ok,3.203
bot-009,01a0b92b-7fa7-71e5-b57a-2ba24c91c77d,57,30548884,30599211,ACCEPTED,,30599271,ok,50.387
bot-009,01a0b92b-819f-76f9-af6d-794b201373a9,58,31052327,31098973,ACCEPTED,,31098994,ok,46.667
bot-009,01a0b92b-8396-742f-97bd-843b8b51d3c8,59,31555891,31599309,ACCEPTED,,31599343,ok,43.452
bot-009,01a0b92b-8591-7209-a4f8-367e7b80e62a,60,32062064,32098986,ACCEPTED,,32099031,ok,36.967
bot-009,01a0b92b-8789-7393-a39e-525ff25f5eb5,61,32566531,32598977,ACCEPTED,,32599029,ok,32.498
bot-009,01a0b92b-8985-7374-8c07-dce26ba88ebf,62,33074678,33099222,ACCEPTED,,33099278,ok,24.600
bot-009,01a0b92b-8b85-73f3-8f5d-bdb7c3987bd9,63,33586479,33598966,ACCEPTED,,33598995,ok,12.516
bot-009,01a0b92b-8d7f-7683-a3c5-9a949cb2e1a1,64,34092444,34099291,ACCEPTED,,34099326,ok,6.882
bot-009,01a0b92b-8f79-71f3-9257-f450d729aabe,65,34598819,34649021,ACCEPTED,,34649074,ok,50.255
bot-009,01a0b92b-9178-753e-8efc-0112f91ee12f,66,35109245,35148866,ACCEPTED,,35148916,ok,39.671
bot-009,01a0b92b-936f-733a-a98e-5aaee4777a33,67,35612331,35649153,ACCEPTED,,35649209,ok,36.878
bot-009,01a0b92b-9573-75ef-840e-ff3f4c952870,68,36128469,36149240,ACCEPTED,,36149296,ok,20.827
bot-009,01a0b92b-976a-77b5-aeb6-c4b6d7ed7f08,69,36631465,36648845,ACCEPTED,,36648876,ok,17.411
bot-009,01a0b92b-9963-73c2-bc2f-f4af541ce241,70,37136974,37149217,ACCEPTED,,37149256,ok,12.282
bot-009,01a0b92b-9b5d-76bb-8cea-7e41a3bb83ec,71,37642483,37648938,ACCEPTED,,37648968,ok,6.485
bot-009,01a0b92b-9d54-735a-b7dc-55792926fdab,72,38145820,38149226,ACCEPTED,,38149261,ok,3.441
bot-009,01a0b92b-9f4b-74f9-aad4-949970647ef6,73,38648353,38649017,ACCEPTED,,38649035,ok,0.682
bot-009,01a0b92b-a14f-742f-a439-b07b630308cb,74,39164691,39198965,ACCEPTED,,39199016,ok,34.325
bot-009,01a0b92b-a350-7789-9afd-58f03b1bfe4b,75,39677750,39698943,ACCEPTED,,39698998,ok,21.248
bot-009,01a0b92b-a547-755d-8ce7-ffc3fd6f445c,76,40180666,40199100,ACCEPTED,,40199152,ok,18.486
bot-009,01a0b92b-a74b-73a2-b891-536ef674e811,77,40696670,40698771,ACCEPTED,,40698807,ok,2.137
bot-009,01a0b92b-a944-70bb-965a-8c184826b712,78,41202045,41249283,ACCEPTED,,41249330,ok,47.285
bot-009,01a0b92b-ab44-7566-8c10-379a7cf0c354,79,41713900,41748927,ACCEPTED,,41748983,ok,35.083
bot-009,01a0b92b-ad3c-77d8-b252-79a2b1cd273b,80,42218060,42249045,ACCEPTED,,42249101,ok,31.041
bot-009,01a0b92b-af37-720d-aea9-885ed63adcd4,81,42724976,42749142,ACCEPTED,,42749181,ok,24.205
bot-009,01a0b92b-b130-7632-9ec4-b9b92544b8aa,82,43229171,43249084,ACCEPTED,,43249127,ok,19.956
bot-009,01a0b92b-b326-7490-be51-3906b3538b7c,83,43731552,43748791,ACCEPTED,,43748845,ok,17.293
bot-009,01a0b92b-b51f-77c7-8f39-4da10bd7447b,84,44236884,44249057,ACCEPTED,,44249106,ok,12.222
bot-009,01a0b92b-b722-73c1-8f8e-8f73cbe4a066,85,44751167,44799008,ACCEPTED,,44799054,ok,47.887
bot-009,01a0b92b-b91a-7677-bbed-a96aabaf1c55,86,45255155,45298930,ACCEPTED,,45298970,ok,43.815
bot-009,01a0b92b-bb10-7360-8505-f152af721354,87,45757321,45799052,ACCEPTED,,45799098,ok,41.777
bot-009,01a0b92b-bd07-76fd-b1d8-f477df72ae61,88,46260295,46299244,ACCEPTED,,46299305,ok,39.010
bot-009,01a0b92b-bf0b-74b2-9660-1532e089923b,89,46777035,46798853,ACCEPTED,,46798909,ok,21.874
bot-009,01a0b92b-c10d-764c-bdfa-6e8b269e7e44,90,47291059,47298760,ACCEPTED,,47298805,ok,7.746
bot-009,01a0b92b-c304-76b9-98a5-384267eddefe,91,47793130,47798713,ACCEPTED,,47798742,ok,5.612
bot-009,01a0b92b-c507-7434-8012-ecfc0fbefb31,92,48308618,48349064,ACCEPTED,,48349115,ok,40.497
bot-009,01a0b92b-c70c-74ec-a1d0-24cc7eea1f73,93,48825167,48849004,ACCEPTED,,48849073,ok,23.906
bot-009,01a0b92b-c904-7477-8b48-3ce176236f1c,94,49329145,49349125,ACCEPTED,,49349177,ok,20.032
bot-009,01a0b92b-cafc-71bc-a520-01d09cd0e76a,95,49834037,49849294,ACCEPTED,,49849355,ok,15.318
bot-009,01a0b92b-ccff-706a-86f7-046292f2e789,96,50348638,50398925,ACCEPTED,,50398982,ok,50.344
bot-009,01a0b92b-cf03-76d8-b185-c1cbb28850c3,97,50864348,50899220,ACCEPTED,,50899280,ok,34.932
bot-009,01a0b92b-d0f9-76aa-9f4e-2f62cd11665e,98,51366359,51399294,ACCEPTED,,51399323,ok,32.964
bot-009,01a0b92b-d2f8-7678-9a6d-897c1d1cf173,99,51877701,51899252,ACCEPTED,,51899287,ok,21.586
bot-009,01a0b92b-d4fb-739a-9552-a9075f8c8e0c,100,52392876,52399194,ACCEPTED,,52399240,ok,6.364
bot-009,01a0b92b-d6f0-7193-8725-cae7764a4f35,101,52893902,52898687,ACCEPTED,,52898715,ok,4.813
bot-009,01a0b92b-d8f5-7391-9d26-010413c5aad4,102,53410587,53449245,ACCEPTED,,53449305,ok,38.718
bot-009,01a0b92b-daf7-77b5-b6f9-bcce5d36313e,103,53924990,53949333,ACCEPTED,,53949378,ok,24.388
bot-009,01a0b92b-dcf2-7401-a0b7-e6b705be1cd9,104,54431843,54449279,ACCEPTED,,54449332,ok,17.489
bot-009,01a0b92b-dee8-709c-bc67-c494389454ed,105,54933527,54948884,ACCEPTED,,54948947,ok,15.420
bot-009,01a0b92b-e0dd-744b-a5ff-b765e02bd07c,106,55434733,55448848,ACCEPTED,,55448893,ok,14.160
bot-009,01a0b92b-e2d2-77b8-94f7-fec6d87ef448,107,55935578,55949355,ACCEPTED,,55949413,ok,13.835
bot-009,01a0b92b-e4cb-7580-b2be-36ac369aa851,108,56440461,56449252,ACCEPTED,,56449299,ok,8.838
bot-009,01a0b92b-e6c3-767c-8d26-ee187e75ed41,109,56944578,56948862,ACCEPTED,,56948892,ok,4.314
bot-009,01a0b92b-e8bb-7515-b281-74fa7a4ddb98,110,57448798,57499084,ACCEPTED,,57499138,ok,50.340
bot-009,01a0b92b-eabb-77bc-ac5c-5a6e6aeae690,111,57960867,57999055,ACCEPTED,,57999101,ok,38.234
bot-009,01a0b92b-ecbd-7794-b7ad-56fef17ddb86,112,58474401,58498864,ACCEPTED,,58498919,ok,24.518
bot-009,01a0b92b-eeb4-774f-9dc9-3bf4f4ce85e7,113,58977343,58998959,ACCEPTED,,58999017,ok,21.674
bot-009,01a0b92b-f0b8-7336-97ea-fe813ac27648,114,59493330,59499171,ACCEPTED,,59499205,ok,5.875
bot-009,01a0b92b-f2af-71bf-b0f4-7a391e499eef,115,59996510,60000356,ACCEPTED,,60000551,ok,4.041
bot-009,01a0b92b-f4a8-7602-9c59-acced6ae3aed,116,60501372,60548854,ACCEPTED,,60548884,ok,47.512
bot-009,01a0b92b-f69f-71bb-88dd-aff13f659e0a,117,61004174,61049162,ACCEPTED,,61049207,ok,45.033
bot-009,01a0b92b-f8a2-71d0-8a5d-3560fd3934d8,118,61519339,61549205,ACCEPTED,,61549319,ok,29.980
bot-010,01a0b92b-101d-7653-b3b8-9b6bb0b9891f,0,1994633,1998861,ACCEPTED,,1998887,ok,4.254
bot-010,01a0b92b-1214-73f8-b8d8-b9590a3d9683,1,2497751,2498831,ACCEPTED,,2498858,ok,1.107
bot-010,01a0b92b-140a-722c-8b22-b6b4389d0e42,2,2999315,3048822,ACCEPTED,,3048858,ok,49.543
bot-010,01a0b92b-1606-719a-8ad7-dfa90eedcb99,3,3508040,3549109,ACCEPTED,,3549140,ok,41.100
bot-010,01a0b92b-17fc-733d-ab7c-9a029a900fbe,4,4009770,4048947,ACCEPTED,,4048988,ok,39.218
bot-010,01a0b92b-19f1-7079-98e6-f9476ac9a3c3,5,4511044,4549197,ACCEPTED,,4549229,ok,38.185
bot-010,01a0b92b-1bea-7223-8d15-5577f6d4f31b,6,5015944,5048885,ACCEPTED,,5048900,ok,32.956
bot-010,01a0b92b-1de5-74e8-920c-4aa58e1d42f5,7,5522512,5549852,ACCEPTED,,5549880,ok,27.368
bot-010,01a0b92b-1fda-703b-a8b3-35ecd13b18d4,8,6023514,6049124,ACCEPTED,,6049142,ok,25.628
bot-010,01a0b92b-21d3-7486-a808-5e6c7dc3edfa,9,6528816,6549097,ACCEPTED,,6549113,ok,20.297
bot-010,01a0b92b-23ca-74ae-8d3f-e1fca0d2cb88,10,7031338,7048871,ACCEPTED,,7048885,ok,17.547
bot-010,01a0b92b-25c0-71b7-a717-2c7209c8d18c,11,7533821,7549160,ACCEPTED,,7549211,ok,15.390
bot-010,01a0b92b-27b6-76e5-8244-164ab7e9aa5d,12,8035186,8049057,ACCEPTED,,8049089,ok,13.903
bot-010,01a0b92b-29af-72ac-adac-07fc721bd7ed,13,8540245,8549236,ACCEPTED,,8549267,ok,9.022
bot-010,01a0b92b-2ba8-702d-b0fc-9ff12c2031a8,14,9045223,9048943,ACCEPTED,,9048965,ok,3.742
bot-010,01a0b92b-2da0-77f6-b11c-67051671e8c3,15,9549069,9599136,ACCEPTED,,9599186,ok,50.117
bot-010,01a0b92b-2f97-7753-ae36-9b88dd03bc3a,16,10052960,10099303,ACCEPTED,,10099350,ok,46.390
bot-010,01a0b92b-3191-73c4-8005-64051ec29505,17,10558816,10598988,ACCEPTED,,10599038,ok,40.222
bot-010,01a0b92b-3389-70d1-93fe-5d471bade8d4,18,11062194,11099027,ACCEPTED,,11099053,ok,36.859
bot-010,01a0b92b-357d-7437-944e-7e1a2fa77702,19,11563024,11598950,ACCEPTED,,11598998,ok,35.974
bot-010,01a0b92b-3774-77ce-ad80-8475f781fd30,20,12065251,12099394,ACCEPTED,,12099412,ok,34.161
bot-010,01a0b92b-396d-7388-ba27-6d9c56e2e188,21,12570128,12598926,ACCEPTED,,12598958,ok,28.830
bot-010,01a0b92b-3b64-732e-86fa-72c35d17463f,22,13073869,13099182,ACCEPTED,,13099204,ok,25.335
bot-010,01a0b92b-3d65-71b5-ac75-5aecf8017f2e,23,13586563,13599042,ACCEPTED,,13599069,ok,12.506
bot-010,01a0b92b-3f5a-7335-8589-6099f41b7663,24,14088000,14099107,ACCEPTED,,14099129,ok,11.129
bot-010,01a0b92b-415a-76f4-8f4b-fb3e159a3111,25,14599349,14649446,ACCEPTED,,14649498,ok,50.149
bot-010,01a0b92b-4356-725a-a541-6ca69721a8bd,26,15108002,15148978,ACCEPTED,,15149030,ok,41.028
bot-010,01a0b92b-4559-7070-a5c0-57fc4a12c646,27,15622670,15649115,ACCEPTED,,15649161,ok,26.491
bot-010,01a0b92b-4750-7125-be23-6ef8c8bc5d68,28,16126020,16148873,ACCEPTED,,16148921,ok,22.901
bot-010,01a0b92b-4946-7080-9568-c2b625050894,29,16627707,16648999,ACCEPTED,,16649044,ok,21.337
bot-010,01a0b92b-4b4b-7376-8a3c-751c05dd7c17,30,17144084,17148855,ACCEPTED,,17148880,ok,4.796
bot-010,01a0b92b-4d41-706c-aef0-3dc7f2ef6bab,31,17646674,17648824,ACCEPTED,,17648851,ok,2.177
bot-010,01a0b92b-4f38-775b-9073-75487bf437e4,32,18149095,18198979,ACCEPTED,,18199033,ok,49.938
bot-010,01a0b92b-512d-7437-a5fa-8c3731fac3ea,33,18650904,18699094,ACCEPTED,,18699125,ok,48.221
bot-010,01a0b92b-532c-778f-ab4e-eaa4bfd533fe,34,19161263,19198988,ACCEPTED,,19199012,ok,37.749
bot-010,01a0b92b-5524-706b-a96f-a6d6a479449f,35,19665436,19699183,ACCEPTED,,19699220,ok,33.784
bot-010,01a0b92b-571a-7316-a0e2-e80862204055,36,20167686,20199063,ACCEPTED,,20199103,ok,31.417
bot-010,01a0b92b-5911-70fe-b4ae-26d07df58410,37,20670178,20699071,ACCEPTED,,20699135,ok,28.957
bot-010,01a0b92b-5b14-7290-85ce-0d7133399565,38,21185560,21199099,ACCEPTED,,21199128,ok,13.568
bot-010,01a0b92b-5d0b-76d5-97d5-2b223d9a22d2,39,21689029,21699164,ACCEPTED,,21699188,ok,10.159
bot-010,01a0b92b-5f02-732f-878b-c26de288447c,40,22191388,22199230,ACCEPTED,,22199248,ok,7.860
bot-010,01a0b92b-60fe-7766-89ad-8669bb3027ae,41,22699269,22748958,ACCEPTED,,22749014,ok,49.745
bot-010,01a0b92b-62f2-759f-9ef5-1f3540f2a17e,42,23199413,23249146,ACCEPTED,,23249190,ok,49.777
bot-010,01a0b92b-64e8-710b-9a61-7fea0085cde2,43,23701717,23748860,ACCEPTED,,23748911,ok,47.194
bot-010,01a0b92b-66eb-74ce-9862-03f4b801b3b5,44,24216963,24248822,ACCEPTED,,24248871,ok,31.908
bot-010,01a0b92b-68ef-74ef-8a66-dcd7ad67dd0c,45,24732825,24749093,ACCEPTED,,24749116,ok,16.291
bot-010,01a0b92b-6ae8-7794-8ce4-fb6e1e613562,46,25237933,25249370,ACCEPTED,,25249401,ok,11.468
bot-010,01a0b92b-6ce1-7252-803f-e444ba2d0d1f,47,25742225,25748943,ACCEPTED,,25748962,ok,6.737
bot-010,01a0b92b-6ed9-733b-adfa-e1c2fa7a8f02,48,26246614,26248795,ACCEPTED,,26248816,ok,2.202
bot-010,01a0b92b-70d0-72f1-9183-012c5b7f219d,49,26749198,26798988,ACCEPTED,,26799038,ok,49.840
bot-010,01a0b92b-72ca-76eb-b09d-4fa0dd5a7ac0,50,27255279,27299090,ACCEPTED,,27299131,ok,43.852
bot-010,01a0b92b-74c0-740e-9a83-3c54be0654d0,51,27757468,27798908,ACCEPTED,,27798957,ok,41.489
bot-010,01a0b92b-76ba-70c3-b72d-838720f9a251,52,28264056,28298979,ACCEPTED,,28299016,ok,34.960
bot-010,01a0b92b-78be-7136-a6a4-ae1580e8381b,53,28779630,28799243,ACCEPTED,,28799262,ok,19.632
bot-010,01a0b92b-7ab5-7437-8cbc-6ea10e30ad2f,54,29282293,29299201,ACCEPTED,,29299217,ok,16.924
bot-010,01a0b92b-7cad-7302-8874-580967de2937,55,29786757,29799341,ACCEPTED,,29799366,ok,12.609
bot-010,01a0b92b-7ea6-75d5-ad98-457f0f1b32c1,56,30291594,30299018,ACCEPTED,,30299036,ok,7.442
bot-010,01a0b92b-809e-701a-ae1e-b9afca51e925,57,30795338,30799322,ACCEPTED,,30799351,ok,4.013
bot-010,01a0b92b-8294-705b-91ed-7c53e76750c5,58,31297428,31299088,ACCEPTED,,31299119,ok,1.691
bot-010,01a0b92b-848a-778e-a7b3-5ef69400a375,59,31799085,31848845,ACCEPTED,,31848877,ok,49.792
bot-010,01a0b92b-8686-714f-bc8d-d954d16272fe,60,32307561,32348906,ACCEPTED,,32348964,ok,41.403
bot-010,01a0b92b-8883-7078-acdf-84f7987af130,61,32816905,32849258,ACCEPTED,,32849291,ok,32.386
bot-010,01a0b92b-8a88-7141-99ee-7c5c6ce9f035,62,33333440,33349256,ACCEPTED,,33349290,ok,15.850
bot-010,01a0b92b-8c8b-741f-abe0-e95e772380c7,63,33848360,33849054,ACCEPTED,,33849098,ok,0.738
bot-010,01a0b92b-8e82-77d1-9e1c-e2c9b056ad49,64,34351343,34399340,ACCEPTED,,34399375,ok,48.032
bot-010,01a0b92b-9078-76e8-a6d6-9283fddb7113,65,34853575,34899201,ACCEPTED,,34899255,ok,45.680
bot-010,01a0b92b-927b-7494-9dc1-9abf01b39de1,66,35368200,35399279,ACCEPTED,,35399308,ok,31.108
bot-010,01a0b92b-9473-742a-9c93-df178e20b5f3,67,35872739,35898794,ACCEPTED,,35898836,ok,26.097
bot-010,01a0b92b-9677-72a7-aee7-b364d4b8ee04,68,36388793,36398961,ACCEPTED,,36399006,ok,10.213
bot-010,01a0b92b-9870-7038-ad28-b550bac278ba,69,36893162,36898843,ACCEPTED,,36898868,ok,5.706
bot-010,01a0b92b-9a67-7243-afae-bc3c8bb75ca3,70,37396963,37398773,ACCEPTED,,37398791,ok,1.828
bot-010,01a0b92b-9c5e-71d9-9300-561c6d6d1ec9,71,37899528,37948652,ACCEPTED,,37948703,ok,49.175
bot-010,01a0b92b-9e56-733c-b660-27fda2599bb7,72,38403277,38449043,ACCEPTED,,38449095,ok,45.818
bot-010,01a0b92b-a04d-74f0-9b86-7b3475109d88,73,38906136,38949103,ACCEPTED,,38949141,ok,43.005
bot-010,01a0b92b-a24e-7565-ac55-f9f10dbd5ee3,74,39420040,39449239,ACCEPTED,,39449274,ok,29.234
bot-010,01a0b92b-a445-763f-9bca-7a49f4ef4f14,75,39922575,39949277,ACCEPTED,,39949331,ok,26.756
bot-010,01a0b92b-a63b-76fa-8970-b7427d3fad32,76,40424231,40449269,ACCEPTED,,40449310,ok,25.079
bot-010,01a0b92b-a832-7563-b30d-fb9221829747,77,40928052,40948998,ACCEPTED,,40949038,ok,20.986
bot-010,01a0b92b-aa35-71a9-95b3-ccc9749d57cf,78,41442084,41449101,ACCEPTED,,41449143,ok,7.059
bot-010,01a0b92b-ac2a-76fc-8c3f-d9fabea0d668,79,41943086,41948813,ACCEPTED,,41948827,ok,5.741
bot-010,01a0b92b-ae24-7784-9607-94482570ca5f,80,42449353,42499300,ACCEPTED,,42499328,ok,49.975
bot-010,01a0b92b-b01c-75ce-b572-a494ba3d9813,81,42953869,42999261,ACCEPTED,,42999293,ok,45.424
bot-010,01a0b92b-b216-75bc-8bc5-3229c44e302c,82,43459763,43499391,ACCEPTED,,43499437,ok,39.674
bot-010,01a0b92b-b41b-7130-bb35-c289bb13c97a,83,43977001,43999263,ACCEPTED,,43999285,ok,22.284
bot-010,01a0b92b-b612-7195-96b1-ec393af91ddc,84,44479102,44498965,ACCEPTED,,44498997,ok,19.895
bot-010,01a0b92b-b808-76cf-a59d-a4ababd072b2,85,44981736,44998965,ACCEPTED,,44999008,ok,17.272
bot-010,01a0b92b-b9fe-77ee-b27e-8b151dd74593,86,45483988,45499383,ACCEPTED,,45499437,ok,15.449
bot-010,01a0b92b-bbf4-772e-b532-4bdc1846e84d,87,45985282,45998695,ACCEPTED,,45998733,ok,13.451
bot-010,01a0b92b-bdeb-7325-b5f2-9f3bd4dcd053,88,46488453,46499242,ACCEPTED,,46499276,ok,10.823
bot-010,01a0b92b-bfe1-7754-9188-3f27cb5be0e1,89,46990295,46999109,ACCEPTED,,46999156,ok,8.861
bot-010,01a0b92b-c1dd-72e8-acc5-a7a3144ea6d6,90,47498973,47548768,ACCEPTED,,47548796,ok,49.823
bot-010,01a0b92b-c3d2-75c7-8c63-609aef16d32e,91,47999433,48049221,ACCEPTED,,48049266,ok,49.833
bot-010,01a0b92b-c5cc-710c-a0ba-f0ea0073803a,92,48505480,48549020,ACCEPTED,,48549078,ok,43.598
bot-010,01a0b92b-c7c3-71e4-ad74-52ce3e2094cd,93,49008529,49049235,ACCEPTED,,49049279,ok,40.750
bot-010,01a0b92b-c9bc-776c-8a86-5e344880e490,94,49513704,49549292,ACCEPTED,,49549313,ok,35.609
bot-010,01a0b92b-cbb1-717d-8e6e-4c8929963215,95,50014550,50049212,ACCEPTED,,50049262,ok,34.712
bot-010,01a0b92b-cdb5-70f8-812b-187750f9302a,96,50531033,50549117,ACCEPTED,,50549143,ok,18.110
bot-010,01a0b92b-cfab-71c1-92bc-178a28a00525,97,51032455,51049287,ACCEPTED,,51049316,ok,16.861
bot-010,01a0b92b-d1a0-70cd-80a8-f1e188178c97,98,51533595,51548989,ACCEPTED,,51549048,ok,15.453
bot-010,01a0b92b-d39f-705e-a2a4-fee9c6ce9a85,99,52044397,52048997,ACCEPTED,,52049062,ok,4.665
bot-010,01a0b92b-d5a2-73e4-82f7-c2efa7843c0d,100,52559582,52599209,ACCEPTED,,52599237,ok,39.655
bot-010,01a0b92b-d797-72cf-ab50-51a3a1d65d78,101,53060814,53099233,ACCEPTED,,53099247,ok,38.433
bot-010,01a0b92b-d99c-716c-842e-325c2059f071,102,53577100,53599225,ACCEPTED,,53599244,ok,22.144
bot-010,01a0b92b-db9e-73a2-9137-beccb1686502,103,54091941,54098923,ACCEPTED,,54098957,ok,7.016
bot-010,01a0b92b-dd99-7221-91af-295f9eff34fa,104,54599041,54648981,ACCEPTED,,54648998,ok,49.957
bot-010,01a0b92b-df9d-72a6-b2a1-dcf4cba19eb6,105,55114137,55148782,ACCEPTED,,55148828,ok,34.691
bot-010,01a0b92b-e194-7049-8d33-1ae3b12f3816,106,55617490,55648869,ACCEPTED,,55648900,ok,31.410
bot-010,01a0b92b-e397-713d-80cf-56be604b9c01,107,56132472,56149583,ACCEPTED,,56149602,ok,17.130
bot-010,01a0b92b-e591-77d4-a22d-5463610cf63c,108,56639039,56649077,ACCEPTED,,56649102,ok,10.063
bot-010,01a0b92b-e789-70b2-8ff2-53dbe334464a,109,57142565,57149130,ACCEPTED,,57149157,ok,6.592
bot-010,01a0b92b-e982-70f7-9c5d-6a32b28639fa,110,57647818,57648948,ACCEPTED,,57648966,ok,1.148
bot-010,01a0b92b-eb81-705f-b881-390d9311c20f,111,58158766,58199046,ACCEPTED,,58199067,ok,40.301
bot-010,01a0b92b-ed82-7694-8e32-0ce23c3cf90a,112,58671620,58699135,ACCEPTED,,58699169,ok,27.549
bot-010,01a0b92b-ef79-7303-a6bf-f1e946995871,113,59174823,59199352,ACCEPTED,,59199400,ok,24.577
bot-010,01a0b92b-f17c-765a-8f9f-565fd93d2247,114,59689397,59699253,ACCEPTED,,59699270,ok,9.873
bot-010,01a0b92b-f376-7049-91b7-8ed343e1a4cd,115,60195603,60199052,ACCEPTED,,60199081,ok,3.478
bot-010,01a0b92b-f56f-7491-b3c8-2e78b60e4d48,116,60700284,60748930,ACCEPTED,,60748965,ok,48.681
bot-010,01a0b92b-f772-766e-bbf7-bb39122ebaa2,117,61215283,61249027,ACCEPTED,,61249058,ok,33.775
bot-010,01a0b92b-f968-7368-a936-b272d10fdca0,118,61717273,61749758,ACCEPTED,,61749787,ok,32.514
bot-011,01a0b92b-101d-7653-b3b8-9b6c96415c66,0,1994633,1998847,ACCEPTED,,1998887,ok,4.254
bot-011,01a0b92b-1214-73f8-b8d8-b95a1e0246b7,1,2497751,2498769,ACCEPTED,,2498805,ok,1.054
bot-011,01a0b92b-140a-722c-8b22-b6b5efe75239,2,2999315,3048809,ACCEPTED,,3048859,ok,49.544
bot-011,01a0b92b-1607-769f-b364-d8d069906495,3,3508084,3549082,ACCEPTED,,3549138,ok,41.054
bot-011,01a0b92b-17fc-733d-ab7c-9a037829cf3a,4,4009783,4048940,ACCEPTED,,4048988,ok,39.205
bot-011,01a0b92b-19f1-7079-98e6-f948d97266dd,5,4511044,4549182,ACCEPTED,,4549223,ok,38.179
bot-011,01a0b92b-1bea-7223-8d15-5578dbd9eb39,6,5015944,5048913,ACCEPTED,,5048935,ok,32.991
bot-011,01a0b92b-1de5-74e8-920c-4aa4e91ee69f,7,5522512,5549847,ACCEPTED,,5549871,ok,27.359
bot-011,01a0b92b-1fda-703b-a8b3-35edbff6ed80,8,6023530,6049096,ACCEPTED,,6049136,ok,25.606
bot-011,01a0b92b-21d3-7486-a808-5e6b37b0fcd1,9,6528816,6549096,ACCEPTED,,6549127,ok,20.311
bot-011,01a0b92b-23ca-74ae-8d3f-e1fdd31244bc,10,7031338,7048866,ACCEPTED,,7048887,ok,17.549
bot-011,01a0b92b-25c0-71b7-a717-2c7317f1d7ce,11,7533821,7549263,ACCEPTED,,7549291,ok,15.470
bot-011,01a0b92b-27b6-76e5-8244-1649d9a64b2c,12,8035186,8048940,ACCEPTED,,8048974,ok,13.788
bot-011,01a0b92b-29af-72ac-adac-07fb80377533,13,8540245,8549254,ACCEPTED,,8549274,ok,9.029
bot-011,01a0b92b-2ba8-702d-b0fc-9ff223218ad5,14,9045222,9049008,ACCEPTED,,9049022,ok,3.800
bot-011,01a0b92b-2da0-77f6-b11c-670431676f2a,15,9549069,9599143,ACCEPTED,,9599185,ok,50.116
bot-011,01a0b92b-2f97-7753-ae36-9b89a37b2921,16,10052977,10099306,ACCEPTED,,10099351,ok,46.374
bot-011,01a0b92b-3191-73c4-8005-6404ebb30eb7,17,10558816,10599020,ACCEPTED,,10599055,ok,40.239
bot-011,01a0b92b-3389-70d1-93fe-5d48344f75b5,18,11062194,11099019,ACCEPTED,,11099053,ok,36.859
bot-011,01a0b92b-357d-7437-944e-7e19e90a984f,19,11563003,11598969,ACCEPTED,,11598998,ok,35.995
bot-011,01a0b92b-3774-77ce-ad80-8476181541be,20,12065252,12099397,ACCEPTED,,12099419,ok,34.167
bot-011,01a0b92b-396d-7388-ba27-6d9bef573c92,21,12570128,12598897,ACCEPTED,,12598923,ok,28.795
bot-011,01a0b92b-3b64-732e-86fa-72c489d6bcad,22,13073869,13099144,ACCEPTED,,13099163,ok,25.294
bot-011,01a0b92b-3d65-71b5-ac75-5aeb8892e30e,23,13586558,13599067,ACCEPTED,,13599123,ok,12.565
bot-011,01a0b92b-3f5a-7335-8589-60986525a17f,24,14088000,14099143,ACCEPTED,,14099158,ok,11.158
bot-011,01a0b92b-415a-76f4-8f4b-fb3da4e353f5,25,14599324,14649462,ACCEPTED,,14649496,ok,50.172
bot-011,01a0b92b-4356-725a-a541-6ca56d79d771,26,15107990,15148978,ACCEPTED,,15149030,ok,41.040
bot-011,01a0b92b-4559-7070-a5c0-57fbe2171d3e,27,15622669,15649116,ACCEPTED,,15649159,ok,26.490
bot-011,01a0b92b-4750-7125-be23-6ef900c908c5,28,16126020,16148874,ACCEPTED,,16148920,ok,22.900
bot-011,01a0b92b-4946-7080-9568-c2b75037694e,29,16627720,16649000,ACCEPTED,,16649044,ok,21.324
bot-011,01a0b92b-4b4b-7376-8a3c-751b75cafcb3,30,17144085,17148856,ACCEPTED,,17148872,ok,4.787
bot-011,01a0b92b-4d41-706c-aef0-3dc6750d3a1c,31,17646674,17648848,ACCEPTED,,17648879,ok,2.205
bot-011,01a0b92b-4f38-775b-9073-754770806792,32,18149095,18198999,ACCEPTED,,18199033,ok,49.938
bot-011,01a0b92b-512d-7437-a5fa-8c381ccc8184,33,18650961,18699116,ACCEPTED,,18699148,ok,48.187
bot-011,01a0b92b-532c-778f-ab4e-eaa397b7c822,34,19161263,19198971,ACCEPTED,,19199008,ok,37.745
bot-011,01a0b92b-5524-706b-a96f-a6d796af4890,35,19665436,19699171,ACCEPTED,,19699220,ok,33.784
bot-011,01a0b92b-571a-7316-a0e2-e8075bdf2df9,36,20167686,20199068,ACCEPTED,,20199101,ok,31.415
bot-011,01a0b92b-5911-70fe-b4ae-26d14ce7ae6d,37,20670178,20699073,ACCEPTED,,20699134,ok,28.956
bot-011,01a0b92b-5b14-7290-85ce-0d70516b1676,38,21185559,21199127,ACCEPTED,,21199152,ok,13.593
bot-011,01a0b92b-5d0b-76d5-97d5-2b21443f0586,39,21689029,21699136,ACCEPTED,,21699165,ok,10.136
bot-011,01a0b92b-5f02-732f-878b-c26c06b8f0da,40,22191388,22199194,ACCEPTED,,22199228,ok,7.840
bot-011,01a0b92b-60fe-7766-89ad-866aa5191dac,41,22699334,22748970,ACCEPTED,,22749013,ok,49.679
bot-011,01a0b92b-62fe-7560-b459-21e541ec89a4,42,23211543,23249154,ACCEPTED,,23249190,ok,37.647
bot-011,01a0b92b-64f7-7649-801b-6ed60815c680,43,23716573,23748878,ACCEPTED,,23748911,ok,32.338
bot-011,01a0b92b-66fa-7723-a8e3-84a6e28fef00,44,24231884,24248886,ACCEPTED,,24248916,ok,17.032
bot-011,01a0b92b-68ef-74ef-8a66-dcd6fda85a1d,45,24732810,24749073,ACCEPTED,,24749092,ok,16.282
bot-011,01a0b92b-6ae8-7794-8ce4-fb6dbd8c2aea,46,25237933,25249345,ACCEPTED,,25249364,ok,11.431
bot-011,01a0b92b-6ce1-7252-803f-e445744af89b,47,25742225,25748901,ACCEPTED,,25748931,ok,6.706
bot-011,01a0b92b-6ed9-733b-adfa-e1c183f42c30,48,26246614,26248803,ACCEPTED,,26248835,ok,2.221
bot-011,01a0b92b-70d0-72f1-9183-012da0359b92,49,26749221,26798979,ACCEPTED,,26799036,ok,49.815
bot-011,01a0b92b-72ca-76eb-b09d-4f9fdd1b18a6,50,27255275,27299095,ACCEPTED,,27299149,ok,43.874
bot-011,01a0b92b-74c0-740e-9a83-3c55ca38e317,51,27757468,27798909,ACCEPTED,,27798956,ok,41.488
bot-011,01a0b92b-76ba-70c3-b72d-8388e2faa55f,52,28264056,28298993,ACCEPTED,,28299028,ok,34.972
bot-011,01a0b92b-78be-7136-a6a4-ae16d80a1edb,53,28779630,28799238,ACCEPTED,,28799254,ok,19.624
bot-011,01a0b92b-7ab5-7437-8cbc-6ea285e5269e,54,29282294,29299242,ACCEPTED,,29299256,ok,16.962
bot-011,01a0b92b-7cad-7302-8874-580868f0cc72,55,29786757,29799337,ACCEPTED,,29799359,ok,12.602
bot-011,01a0b92b-7ea6-75d5-ad98-4580990f15ec,56,30291594,30298980,ACCEPTED,,30299009,ok,7.415
bot-011,01a0b92b-809e-701a-ae1e-b9b0827af0bf,57,30795338,30799326,ACCEPTED,,30799342,ok,4.004
bot-011,01a0b92b-8294-705b-91ed-7c54d4937a90,58,31297428,31299094,ACCEPTED,,31299107,ok,1.679
bot-011,01a0b92b-848a-778e-a7b3-5ef7cb779135,59,31799119,31848830,ACCEPTED,,31848879,ok,49.760
bot-011,01a0b92b-8686-714f-bc8d-d953f0ea4973,60,32307554,32348907,ACCEPTED,,32348965,ok,41.411
bot-011,01a0b92b-8883-7078-acdf-84f6de7d5786,61,32816888,32849285,ACCEPTED,,32849318,ok,32.430
bot-011,01a0b92b-8a88-7141-99ee-7c5da70e5f1a,62,33333440,33349222,ACCEPTED,,33349275,ok,15.835
bot-011,01a0b92b-8c8b-741f-abe0-e95b62ead7e4,63,33848353,33849062,ACCEPTED,,33849080,ok,0.727
bot-011,01a0b92b-8e82-77d1-9e1c-e2cc7abbbce9,64,34351367,34399330,ACCEPTED,,34399376,ok,48.009
bot-011,01a0b92b-9078-76e8-a6d6-92829ee7ed7e,65,34853566,34899206,ACCEPTED,,34899255,ok,45.689
bot-011,01a0b92b-927b-7494-9dc1-9ac0c0d8fc25,66,35368200,35399264,ACCEPTED,,35399308,ok,31.108
bot-011,01a0b92b-9473-742a-9c93-df14331a8b1d,67,35872724,35898791,ACCEPTED,,35898837,ok,26.113
bot-011,01a0b92b-9677-72a7-aee7-b361b3bf2fe6,68,36388793,36398949,ACCEPTED,,36399006,ok,10.213
bot-011,01a0b92b-9870-7038-ad28-b551b96cc2be,69,36893162,36898860,ACCEPTED,,36898889,ok,5.727
bot-011,01a0b92b-9a67-7243-afae-bc3bb144588d,70,37396963,37398780,ACCEPTED,,37398796,ok,1.833
bot-011,01a0b92b-9c5e-71d9-9300-561b80155e66,71,37899512,37948669,ACCEPTED,,37948702,ok,49.190
bot-011,01a0b92b-9e56-733c-b660-27fecbdf24cd,72,38403293,38449209,ACCEPTED,,38449229,ok,45.936
bot-011,01a0b92b-a04d-74f0-9b86-7b31183b5473,73,38906101,38949085,ACCEPTED,,38949141,ok,43.040
bot-011,01a0b92b-a24e-7565-ac55-f9f3ad70ec43,74,39420043,39449202,ACCEPTED,,39449264,ok,29.221
bot-011,01a0b92b-a445-763f-9bca-7a488daafc80,75,39922572,39949276,ACCEPTED,,39949332,ok,26.760
bot-011,01a0b92b-a63b-76fa-8970-b74012c2bb63,76,40424278,40449259,ACCEPTED,,40449311,ok,25.033
bot-011,01a0b92b-a833-76e1-9bef-3c6b9f89e55b,77,40928094,40948980,ACCEPTED,,40949039,ok,20.945
bot-011,01a0b92b-aa34-7304-a7db-102414600e01,78,41442065,41449091,ACCEPTED,,41449143,ok,7.078
bot-011,01a0b92b-ac2a-76fc-8c3f-d9f8cf9f617a,79,41943086,41948879,ACCEPTED,,41948909,ok,5.823
bot-011,01a0b92b-ae24-7784-9607-9446b0a4848a,80,42449283,42499327,ACCEPTED,,42499357,ok,50.074
bot-011,01a0b92b-b01c-75ce-b572-a496c75a46d6,81,42953880,42999181,ACCEPTED,,42999235,ok,45.355
bot-011,01a0b92b-b216-75bc-8bc5-322a356059ae,82,43459776,43499392,ACCEPTED,,43499438,ok,39.662
bot-011,01a0b92b-b41b-7130-bb35-c287a636b212,83,43976986,43999291,ACCEPTED,,43999326,ok,22.340
bot-011,01a0b92b-b612-7195-96b1-ec370164c3fa,84,44479095,44498954,ACCEPTED,,44498997,ok,19.902
bot-011,01a0b92b-b808-76cf-a59d-a4acf64f1da7,85,44981736,44998985,ACCEPTED,,44999019,ok,17.283
bot-011,01a0b92b-b9fe-77ee-b27e-8b174351c1cf,86,45483988,45499398,ACCEPTED,,45499437,ok,15.449
bot-011,01a0b92b-bbf4-772e-b532-4bde67e3b601,87,45985307,45998713,ACCEPTED,,45998739,ok,13.432
bot-011,01a0b92b-bdeb-7325-b5f2-9f3a0f518822,88,46488453,46499233,ACCEPTED,,46499276,ok,10.823
bot-011,01a0b92b-bfe1-7754-9188-3f25dac0d0e1,89,46990283,46999124,ACCEPTED,,46999156,ok,8.873
bot-011,01a0b92b-c1dd-72e8-acc5-a7a1eedeb7f8,90,47498868,47548767,ACCEPTED,,47548796,ok,49.928
bot-011,01a0b92b-c3d2-75c7-8c63-609b8fe58e18,91,47999448,48049183,ACCEPTED,,48049219,ok,49.771
bot-011,01a0b92b-c5cc-710c-a0ba-f0eb386364d7,92,48505428,48549039,ACCEPTED,,48549079,ok,43.651
bot-011,01a0b92b-c7c3-71e4-ad74-52cd76dc30c4,93,49008520,49049199,ACCEPTED,,49049244,ok,40.724
bot-011,01a0b92b-c9bc-776c-8a86-5e378ea8e0ee,94,49513716,49549328,ACCEPTED,,49549359,ok,35.643
bot-011,01a0b92b-cbb1-717d-8e6e-4c85745f87f0,95,50014507,50049231,ACCEPTED,,50049262,ok,34.755
bot-011,01a0b92b-cdb5-70f8-812b-18733487a7fe,96,50530690,50549073,ACCEPTED,,50549090,ok,18.400
bot-011,01a0b92b-cfab-71c1-92bc-178991da469e,97,51032433,51049349,ACCEPTED,,51049366,ok,16.933
bot-011,01a0b92b-d1a0-70cd-80a8-f1e456b43e81,98,51533631,51549038,ACCEPTED,,51549068,ok,15.437
bot-011,01a0b92b-d39f-705e-a2a4-fee6e7ce9391,99,52044379,52049122,ACCEPTED,,52049150,ok,4.771
bot-011,01a0b92b-d5a2-73e4-82f7-c2eb517997ad,100,52559547,52599244,ACCEPTED,,52599274,ok,39.727
bot-011,01a0b92b-d797-72cf-ab50-51a29dd32cec,101,53060814,53099145,ACCEPTED,,53099193,ok,38.379
bot-011,01a0b92b-d99c-716c-842e-3259ce30aac0,102,53577083,53599134,ACCEPTED,,53599180,ok,22.097
bot-011,01a0b92b-db9e-73a2-9137-bec7246cfddf,103,54091809,54098915,ACCEPTED,,54098930,ok,7.121
bot-011,01a0b92b-dd99-7221-91af-29600b767571,104,54599041,54648947,ACCEPTED,,54648964,ok,49.923
bot-011,01a0b92b-df9d-72a6-b2a1-dcf001c27e3d,105,55114106,55148821,ACCEPTED,,55148855,ok,34.749
bot-011,01a0b92b-e194-7049-8d33-1ae539906072,106,55617528,55648888,ACCEPTED,,55648917,ok,31.389
bot-011,01a0b92b-e397-713d-80cf-56ba00d3a051,107,56132357,56149463,ACCEPTED,,56149522,ok,17.165
bot-011,01a0b92b-e591-77d4-a22d-5462938f1d68,108,56639016,56648986,ACCEPTED,,56649015,ok,9.999
bot-011,01a0b92b-e789-70b2-8ff2-53ddd3fdb4d7,109,57142620,57148990,ACCEPTED,,57149034,ok,6.414
bot-011,01a0b92b-e982-70f7-9c5d-6a36ac3b4afe,110,57647904,57648940,ACCEPTED,,57648966,ok,1.062
bot-011,01a0b92b-eb81-705f-b881-390805565a27,111,58158619,58199099,ACCEPTED,,58199119,ok,40.500
bot-011,01a0b92b-ed82-7694-8e32-0ce7e7319d87,112,58671636,58699100,ACCEPTED,,58699130,ok,27.494
bot-011,01a0b92b-ef79-7303-a6bf-f1ea8b843128,113,59174829,59199502,ACCEPTED,,59199520,ok,24.691
bot-011,01a0b92b-f17c-765a-8f9f-565aa7674f30,114,59689330,59699253,ACCEPTED,,59699271,ok,9.941
bot-011,01a0b92b-f376-7049-91b7-8edab85c0cbb,115,60195736,60199034,ACCEPTED,,60199063,ok,3.327
bot-011,01a0b92b-f56f-7491-b3c8-2e7e13ac1b25,116,60700441,60749001,ACCEPTED,,60749035,ok,48.594
bot-011,01a0b92b-f772-766e-bbf7-bb3bfcb6b446,117,61215308,61249005,ACCEPTED,,61249026,ok,33.718
bot-011,01a0b92b-f968-7368-a936-b273b5956ac1,118,61717428,61749820,ACCEPTED,,61749835,ok,32.407
bot-012,01a0b92b-10c6-7074-90b1-2d3ef75e3749,0,2163275,2198994,ACCEPTED,,2199012,ok,35.737
bot-012,01a0b92b-12bb-752a-bfb5-a60a15a1f7d0,1,2664485,2699110,ACCEPTED,,2699144,ok,34.659
bot-012,01a0b92b-14b7-74ab-a9f2-00fb552328bd,2,3172650,3199185,ACCEPTED,,3199229,ok,26.579
bot-012,01a0b92b-16ac-7545-80a1-c1bb3a789dab,3,3673793,3699005,ACCEPTED,,3699026,ok,25.233
bot-012,01a0b92b-18a2-7089-8c8c-d0c541565add,4,4175935,4199053,ACCEPTED,,4199081,ok,23.146
bot-012,01a0b92b-1a98-7622-8626-98e6bf1e1f4e,5,4677692,4699261,ACCEPTED,,4699296,ok,21.604
bot-012,01a0b92b-1c93-75d5-a059-1cfcc96bf1a9,6,5184817,5199083,ACCEPTED,,5199129,ok,14.312
bot-012,01a0b92b-1e8c-74e7-947b-a0616be8ff80,7,5690013,5699278,ACCEPTED,,5699300,ok,9.287
bot-012,01a0b92b-2084-722c-864a-d28099687d23,8,6193619,6199201,ACCEPTED,,6199232,ok,5.613
bot-012,01a0b92b-227b-7167-918b-457511c4017b,9,6696809,6698989,ACCEPTED,,6699007,ok,2.198
bot-012,01a0b92b-2472-7645-ac42-432865ed6688,10,7199090,7248742,ACCEPTED,,7248786,ok,49.696
bot-012,01a0b92b-2666-76dc-a8d6-24db1b34e2e2,11,7699788,7749276,ACCEPTED,,7749311,ok,49.523
bot-012,01a0b92b-285c-7585-a61c-94f0d40156db,12,8201484,8249209,ACCEPTED,,8249244,ok,47.760
bot-012,01a0b92b-2a57-74b6-a449-e60fcd6e6c30,13,8708338,8749310,ACCEPTED,,8749345,ok,41.007
bot-012,01a0b92b-2c4f-7561-9aa6-eb64ad2b7fd7,14,9212344,9248997,ACCEPTED,,9249041,ok,36.697
bot-012,01a0b92b-2e49-76a1-9ca6-c321a8d797ea,15,9718735,9749130,ACCEPTED,,9749164,ok,30.429
bot-012,01a0b92b-304f-74ae-8838-328933faf746,16,10236307,10249182,ACCEPTED,,10249210,ok,12.903
bot-012,01a0b92b-3249-73b5-b0ec-6f44b0f46c91,17,10742476,10749290,ACCEPTED,,10749325,ok,6.849
bot-012,01a0b92b-3440-77e7-89a6-d9b94f05487b,18,11245465,11248998,ACCEPTED,,11249026,ok,3.561
bot-012,01a0b92b-3638-76e0-91cb-c0fc9d5176f9,19,11749170,11798990,ACCEPTED,,11799031,ok,49.861
bot-012,01a0b92b-383a-7562-a9e3-8f9f2676223f,20,12263149,12298967,ACCEPTED,,12299020,ok,35.871
bot-012,01a0b92b-3a34-7377-8300-477b93d545ed,21,12770056,12799201,ACCEPTED,,12799265,ok,29.209
bot-012,01a0b92b-3c36-77d5-ad91-7261532ac5ea,22,13283858,13299116,ACCEPTED,,13299139,ok,15.281
bot-012,01a0b92b-3e39-77d6-9176-8f1226780381,23,13798879,13849165,ACCEPTED,,13849218,ok,50.339
bot-012,01a0b92b-402f-77c1-be02-bbfaabb0b5ac,24,14300153,14349032,ACCEPTED,,14349051,ok,48.898
bot-012,01a0b92b-4223-7375-9f12-c0351c5e2b87,25,14801016,14849244,ACCEPTED,,14849283,ok,48.267
bot-012,01a0b92b-441b-70bf-8e58-157ebc5ebe6f,26,15304447,15349076,ACCEPTED,,15349118,ok,44.671
bot-012,01a0b92b-4611-71a3-8274-c09af9bd5730,27,15806315,15849276,ACCEPTED,,15849327,ok,43.012
bot-012,01a0b92b-4806-771f-9455-21e3ee5beaea,28,16307806,16349143,ACCEPTED,,16349195,ok,41.389
bot-012,01a0b92b-49fd-701f-9c8c-d9e492667784,29,16810899,16849055,ACCEPTED,,16849114,ok,38.215
bot-012,01a0b92b-4bf3-77ca-bd03-f839c4ab21b8,30,17312311,17349264,ACCEPTED,,17349293,ok,36.982
bot-012,01a0b92b-4de8-7584-b740-4ec6ef852386,31,17813513,17848795,ACCEPTED,,17848848,ok,35.335
bot-012,01a0b92b-4fdf-71b7-a9c0-e54a67f658f9,32,18316832,18349116,ACCEPTED,,18349161,ok,32.329
bot-012,01a0b92b-51d9-774b-83a4-9ea9cbbfae2a,33,18822886,18849201,ACCEPTED,,18849247,ok,26.361
bot-012,01a0b92b-53d4-71f1-b725-efce1a9f0db2,34,19329203,19349304,ACCEPTED,,19349341,ok,20.138
bot-012,01a0b92b-55cd-76aa-bfdf-3286fd610c80,35,19834866,19848977,ACCEPTED,,19849033,ok,14.167
bot-012,01a0b92b-57d0-704c-80bc-2346c49bd023,36,20349202,20399089,ACCEPTED,,20399144,ok,49.942
bot-012,01a0b92b-59c8-7582-a4ad-04285d874551,37,20853994,20899037,ACCEPTED,,20899082,ok,45.088
bot-012,01a0b92b-5bca-72a2-9d19-a522cf190611,38,21367317,21399143,ACCEPTED,,21399175,ok,31.858
bot-012,01a0b92b-5dc1-72ee-b111-a4d607655024,39,21871008,21898985,ACCEPTED,,21899017,ok,28.009
bot-012,01a0b92b-5fb9-7018-b13c-3b133a5d2abd,40,22374709,22399385,ACCEPTED,,22399423,ok,24.714
bot-012,01a0b92b-61af-760f-916e-928e3bec6de8,41,22876134,22898876,ACCEPTED,,22898926,ok,22.792
bot-012,01a0b92b-63a6-7078-9bd0-b96821993afc,42,23379545,23398807,ACCEPTED,,23398859,ok,19.314
bot-012,01a0b92b-659e-7388-b54d-0f5ac2a13c8e,43,23883840,23899026,ACCEPTED,,23899084,ok,15.244
bot-012,01a0b92b-67a1-762f-8c58-6bc5dcc67a55,44,24398118,24399156,ACCEPTED,,24399187,ok,1.069
bot-012,01a0b92b-6996-7084-83ad-a7ced3b5009f,45,24899199,24948899,ACCEPTED,,24948919,ok,49.720
bot-012,01a0b92b-6b90-7620-8599-43817d779a69,46,25405272,25448860,ACCEPTED,,25448915,ok,43.643
bot-012,01a0b92b-6d89-71b6-89b9-f43a5f0427e5,47,25910687,25949340,ACCEPTED,,25949372,ok,38.685
bot-012,01a0b92b-6f7e-701d-a315-0fe7077746e3,48,26411842,26449300,ACCEPTED,,26449333,ok,37.491
bot-012,01a0b92b-717a-7462-95ef-641870356c48,49,26919226,26949140,ACCEPTED,,26949196,ok,29.970
bot-012,01a0b92b-7371-7634-850c-2cd0102603a2,50,27422123,27449100,ACCEPTED,,27449129,ok,27.006
bot-012,01a0b92b-756a-7418-8ebc-c3390dd8c05f,51,27927265,27948880,ACCEPTED,,27948935,ok,21.670
bot-012,01a0b92b-7762-70a6-8ae4-e449e2e00266,52,28431957,28448820,ACCEPTED,,28448888,ok,16.931
bot-012,01a0b92b-7959-732a-b7f8-12ca93c367d9,53,28934532,28949099,ACCEPTED,,28949133,ok,14.601
bot-012,01a0b92b-7b5b-7536-9b00-dad821eb3ecc,54,29448982,29498766,ACCEPTED,,29498801,ok,49.819
bot-012,01a0b92b-7d50-708b-bf53-71bfc9fffa0c,55,29949556,29999221,ACCEPTED,,29999250,ok,49.694
bot-012,01a0b92b-7f50-74e3-a3a7-0651c084f0da,56,30461509,30498943,ACCEPTED,,30498999,ok,37.490
bot-012,01a0b92b-8154-70a2-b4e7-9bebce6978dd,57,30977890,30999009,ACCEPTED,,30999043,ok,21.153
bot-012,01a0b92b-834b-7536-b175-18451bbac278,58,31480351,31499120,ACCEPTED,,31499170,ok,18.819
bot-012,01a0b92b-8545-74f0-b713-8f781faabe79,59,31986192,31999041,ACCEPTED,,31999065,ok,12.873
bot-012,01a0b92b-873c-7355-a49b-cf96f61552da,60,32489306,32499023,ACCEPTED,,32499050,ok,9.744
bot-012,01a0b92b-8939-7361-9abc-b4aaf8411ba3,61,32998934,33049004,ACCEPTED,,33049054,ok,50.120
bot-012,01a0b92b-8b38-7381-88bb-a7ece6b7c979,62,33509385,33548835,ACCEPTED,,33548889,ok,39.504
bot-012,01a0b92b-8d32-71be-8019-841af3541354,63,34015315,34049025,ACCEPTED,,34049051,ok,33.736
bot-012,01a0b92b-8f29-739d-bd81-c5c8125a1e92,64,34518987,34548882,ACCEPTED,,34548910,ok,29.923
bot-012,01a0b92b-911e-72ff-9140-20d353e2feb1,65,35019800,35049207,ACCEPTED,,35049265,ok,29.465
bot-012,01a0b92b-9321-722d-bcad-35c345a7f06d,66,35534960,35548856,ACCEPTED,,35548886,ok,13.926
bot-012,01a0b92b-9518-77f6-8279-4d213059fe53,67,36037822,36049311,ACCEPTED,,36049341,ok,11.519
bot-012,01a0b92b-970f-7259-b736-ae87cf97c0c2,68,36540538,36548838,ACCEPTED,,36548872,ok,8.334
bot-012,01a0b92b-9908-74d4-aeea-4e829beb912a,69,37045908,37048728,ACCEPTED,,37048764,ok,2.856
bot-012,01a0b92b-9b02-72c5-8300-79c991b5b6f8,70,37551225,37599049,ACCEPTED,,37599083,ok,47.858
bot-012,01a0b92b-9cf8-71f9-a3e7-3b05c656deec,71,38053199,38098923,ACCEPTED,,38098953,ok,45.754
bot-012,01a0b92b-9eef-7292-9218-38ae4ee27f62,72,38556762,38599074,ACCEPTED,,38599134,ok,42.372
bot-012,01a0b92b-a0e5-712d-8b61-9e9eab69db17,73,39058555,39099126,ACCEPTED,,39099172,ok,40.617
bot-012,01a0b92b-a2e5-749a-b574-4d4571267018,74,39571001,39598804,ACCEPTED,,39598851,ok,27.850
bot-012,01a0b92b-a4dc-74fd-aaa1-9ac0544a2f26,75,40073683,40099204,ACCEPTED,,40099227,ok,25.544
bot-012,01a0b92b-a6d2-762a-8543-eaa5a80c3c1c,76,40575205,40598961,ACCEPTED,,40598985,ok,23.780
bot-012,01a0b92b-a8ca-744b-a3eb-1a124fb16b93,77,41079581,41098987,ACCEPTED,,41099035,ok,19.454
bot-012,01a0b92b-aacb-753c-8b22-4e4b03cf2ffd,78,41593035,41598777,ACCEPTED,,41598822,ok,5.787
bot-012,01a0b92b-acc3-7170-a49a-2411c70d6b07,79,42096582,42099167,ACCEPTED,,42099192,ok,2.610
bot-012,01a0b92b-aebf-746f-bd0b-deed1e7e75a6,80,42604292,42648921,ACCEPTED,,42648954,ok,44.662
bot-012,01a0b92b-b0b4-758d-98f7-778115751ad8,81,43105766,43148924,ACCEPTED,,43148978,ok,43.212
bot-012,01a0b92b-b2ae-76f6-95fe-5db553fd2294,82,43611280,43649372,ACCEPTED,,43649426,ok,38.146
bot-012,01a0b92b-b4a5-76cb-a27e-fc9e3e180a38,83,44114395,44149244,ACCEPTED,,44149281,ok,34.886
bot-012,01a0b92b-b69a-75ce-b7fb-0c7a61b52609,84,44615923,44649005,ACCEPTED,,44649038,ok,33.115
bot-012,01a0b92b-b890-76e6-ab82-283c5674d110,85,45117887,45148957,ACCEPTED,,45148977,ok,31.090
bot-012,01a0b92b-ba87-75fb-a5d8-01ae80c9839f,86,45620694,45649036,ACCEPTED,,45649080,ok,28.386
bot-012,01a0b92b-bc8b-753f-93fa-3c117943427f,87,46136374,46148848,ACCEPTED,,46148882,ok,12.508
bot-012,01a0b92b-be82-77db-9928-3e1cac0cf631,88,46639304,46649148,ACCEPTED,,46649171,ok,9.867
bot-012,01a0b92b-c077-7203-a1c6-95746197a70c,89,47140823,47148770,ACCEPTED,,47148809,ok,7.986
bot-012,01a0b92b-c27b-7536-8cfb-ec390f0c9961,90,47656729,47699264,ACCEPTED,,47699312,ok,42.583
bot-012,01a0b92b-c480-71aa-8ece-92cfa3caeb57,91,48173203,48198994,ACCEPTED,,48199029,ok,25.826
bot-012,01a0b92b-c682-7015-a303-c1697ca389b8,92,48687271,48699255,ACCEPTED,,48699296,ok,12.025
bot-012,01a0b92b-c87a-7362-aaf2-2cc5bea58953,93,49191958,49199616,ACCEPTED,,49199666,ok,7.708
bot-012,01a0b92b-ca75-75b6-8e6f-1cc849490628,94,49698325,49698914,ACCEPTED,,49698961,ok,0.636
bot-012,01a0b92b-cc76-7010-a2da-08e1c606650a,95,50211423,50249125,ACCEPTED,,50249155,ok,37.732
bot-012,01a0b92b-ce6d-73a2-879e-a6b89d15f660,96,50714617,50749126,ACCEPTED,,50749159,ok,34.542
bot-012,01a0b92b-d063-7704-8d83-1ec3d9ad1745,97,51216120,51249098,ACCEPTED,,51249164,ok,33.044
bot-012,01a0b92b-d257-7306-bd63-cf09f93b1408,98,51716896,51749581,ACCEPTED,,51749635,ok,32.739
bot-012,01a0b92b-d454-7631-a561-a607736f18a5,99,52225888,52249031,ACCEPTED,,52249080,ok,23.192
bot-012,01a0b92b-d64b-734a-9a48-918f77176838,100,52728258,52749210,ACCEPTED,,52749340,ok,21.082
bot-012,01a0b92b-d84e-74c4-a7cc-66d2599ba6f5,101,53243541,53248800,ACCEPTED,,53248823,ok,5.282
bot-012,01a0b92b-da44-7609-8ef8-68d104659492,102,53745113,53749329,ACCEPTED,,53749365,ok,4.252
bot-012,01a0b92b-dc39-74c2-8dcc-8f93a288b0db,103,54246474,54249229,ACCEPTED,,54249246,ok,2.772
bot-012,01a0b92b-de2f-70b4-ad6f-d13ca6a96081,104,54748812,54798786,ACCEPTED,,54798829,ok,50.017
bot-012,01a0b92b-e026-754a-a352-113e13749367,105,55251592,55299200,ACCEPTED,,55299212,ok,47.620
bot-012,01a0b92b-e21d-7522-abb0-4ed3f6cfc9b6,106,55754520,55798951,ACCEPTED,,55798988,ok,44.468
bot-012,01a0b92b-e413-73ca-bf2c-d8441e8caf7b,107,56256949,56299321,ACCEPTED,,56299373,ok,42.424
bot-012,01a0b92b-e60a-732b-a3b1-eef4a26cae25,108,56759719,56798961,ACCEPTED,,56799010,ok,39.291
bot-012,01a0b92b-e804-76db-a49d-e0605c338057,109,57265633,57298989,ACCEPTED,,57299049,ok,33.416
bot-012,01a0b92b-ea04-728c-898d-f9ab7b00c2ff,110,57777916,57798997,ACCEPTED,,57799035,ok,21.119
bot-012,01a0b92b-ebfa-71ab-a1ec-a8ba97f82c90,111,58279770,58298953,ACCEPTED,,58298976,ok,19.206
bot-012,01a0b92b-edfc-7658-98ff-aebfbe997a18,112,58793637,58799313,ACCEPTED,,58799334,ok,5.697
bot-012,01a0b92b-eff2-739b-8894-1803b5a5386b,113,59295541,59298973,ACCEPTED,,59299017,ok,3.476
bot-012,01a0b92b-f1e7-7449-8fbd-062c8e187867,114,59796593,59798776,ACCEPTED,,59798804,ok,2.211
bot-012,01a0b92b-f3dd-7163-b549-6313a5eca4d1,115,60298899,60349399,ACCEPTED,,60349429,ok,50.530
bot-012,01a0b92b-f5d9-7094-9bf7-71daa0bd22df,116,60806658,60849061,ACCEPTED,,60849119,ok,42.461
bot-012,01a0b92b-f7dc-762a-b566-79d060ae3eab,117,61321601,61349067,ACCEPTED,,61349096,ok,27.495
bot-012,01a0b92b-f9d7-76e4-832c-25690ec51770,118,61828640,61849278,ACCEPTED,,61849333,ok,20.693
bot-013,01a0b92b-11d6-7573-8e46-4e68ebef2316,0,2435989,2448913,ACCEPTED,,2448975,ok,12.986
bot-013,01a0b92b-13d3-75d5-aaf2-6de2877ea851,1,2944363,2949123,ACCEPTED,,2949172,ok,4.809
bot-013,01a0b92b-15ca-777e-b307-9560f52b0d38,2,3447406,3448980,ACCEPTED,,3449019,ok,1.613
bot-013,01a0b92b-17cf-76dd-988d-9d4f066682ca,3,3964208,3999115,ACCEPTED,,3999155,ok,34.947
bot-013,01a0b92b-19c4-701f-ba3d-99a63d24a3b7,4,4465888,4499026,ACCEPTED,,4499052,ok,33.164
bot-013,01a0b92b-1bbd-7723-a980-aedb8456c693,5,4970264,4999198,ACCEPTED,,4999352,ok,29.088
bot-013,01a0b92b-1db7-7546-87fd-35ea77ec6d6d,6,5476276,5499296,ACCEPTED,,5499326,ok,23.050
bot-013,01a0b92b-1fbb-7219-98c1-24c2002b4527,7,5992524,5999790,ACCEPTED,,5999821,ok,7.297
bot-013,01a0b92b-21b5-7029-8f9a-8ca28aad1142,8,6498851,6549029,ACCEPTED,,6549057,ok,50.206
bot-013,01a0b92b-23ac-7550-b72d-0028a3fa332d,9,7001252,7048777,ACCEPTED,,7048830,ok,47.578
bot-013,01a0b92b-25a2-7424-ae53-b4fdd7c0e992,10,7503423,7549204,ACCEPTED,,7549226,ok,45.803
bot-013,01a0b92b-2797-75ad-949a-adb687bfed19,11,8004800,8048898,ACCEPTED,,8048936,ok,44.136
bot-013,01a0b92b-2990-72a3-b371-d5a540b0724f,12,8509793,8549164,ACCEPTED,,8549210,ok,39.417
bot-013,01a0b92b-2b89-77d5-a9db-7fb645872d5a,13,9014348,9048815,ACCEPTED,,9048868,ok,34.520
bot-013,01a0b92b-2d81-74b6-9b78-d9eb74050305,14,9518899,9549267,ACCEPTED,,9549318,ok,30.419
bot-013,01a0b92b-2f78-7778-8652-5f2e0757d0d7,15,10021483,10049127,ACCEPTED,,10049185,ok,27.702
bot-013,01a0b92b-3173-7451-b552-ce8c6478bbc8,16,10528368,10548896,ACCEPTED,,10548947,ok,20.579
bot-013,01a0b92b-336a-7742-b32b-de59477cbe7c,17,11031451,11048829,ACCEPTED,,11048873,ok,17.422
bot-013,01a0b92b-355f-7776-8fe8-f74c3e1b6308,18,11532469,11548951,ACCEPTED,,11549001,ok,16.532
bot-013,01a0b92b-3764-72d6-b079-73224feaa9b3,19,12049215,12099296,ACCEPTED,,12099338,ok,50.123
bot-013,01a0b92b-395d-72d7-84e5-7888f30a83c0,20,12554568,12598824,ACCEPTED,,12598878,ok,44.310
bot-013,01a0b92b-3b56-70ef-9773-ba0a1c7d6179,21,13059065,13099089,ACCEPTED,,13099134,ok,40.069
bot-013,01a0b92b-3d55-74e1-b865-8c2e6b61ec78,22,13570864,13598971,ACCEPTED,,13599021,ok,28.157
bot-013,01a0b92b-3f4b-70f6-8a16-1b6bd8a96873,23,14072726,14099051,ACCEPTED,,14099105,ok,26.379
bot-013,01a0b92b-4141-7727-a6ca-a56111693aa7,24,14574220,14599372,ACCEPTED,,14599405,ok,25.185
bot-013,01a0b92b-4338-7411-9ca5-cc09ccab1093,25,15077936,15099108,ACCEPTED,,15099148,ok,21.212
bot-013,01a0b92b-453b-7175-a0e4-f73fcfeb7876,26,15592645,15598943,ACCEPTED,,15598985,ok,6.340
bot-013,01a0b92b-4733-73ff-afa7-827583c6e277,27,16096163,16098844,ACCEPTED,,16098877,ok,2.714
bot-013,01a0b92b-4928-7085-9087-42499ac437c2,28,16597915,16598942,ACCEPTED,,16598999,ok,1.084
bot-013,01a0b92b-4b1d-73c6-8087-437be6e1f847,29,17098942,17148764,ACCEPTED,,17148812,ok,49.870
bot-013,01a0b92b-4d14-7023-93b0-55eb507c99f7,30,17601883,17648711,ACCEPTED,,17648765,ok,46.882
bot-013,01a0b92b-4f0a-7137-9805-5ff0202535a6,31,18103564,18149404,ACCEPTED,,18149430,ok,45.866
bot-013,01a0b92b-50ff-7397-885f-49edd465f761,32,18604734,18649084,ACCEPTED,,18649115,ok,44.381
bot-013,01a0b92b-52fc-7003-89df-8a94815b0e6e,33,19113883,19148902,ACCEPTED,,19148954,ok,35.071
bot-013,01a0b92b-54f6-719b-b78e-058a96cce7e0,34,19619776,19649034,ACCEPTED,,19649086,ok,29.310
bot-013,01a0b92b-56ed-73ca-b0b8-c39249deb336,35,20123007,20149237,ACCEPTED,,20149269,ok,26.262
bot-013,01a0b92b-58f2-75f6-b100-125aa684e599,36,20639625,20648854,ACCEPTED,,20648901,ok,9.276
bot-013,01a0b92b-5af5-71e9-8c71-c8238fd06712,37,21154903,21199040,ACCEPTED,,21199078,ok,44.175
bot-013,01a0b92b-5ced-7569-b780-f7b03210dfee,38,21658549,21699053,ACCEPTED,,21699106,ok,40.557
bot-013,01a0b92b-5ee4-76e3-8e0b-67c418a1b832,39,22161076,22199177,ACCEPTED,,22199211,ok,38.135
bot-013,01a0b92b-60da-7497-93de-5d4c81678d80,40,22663240,22699402,ACCEPTED,,22699426,ok,36.186
bot-013,01a0b92b-62d1-74bc-87d8-c0a8b92b849c,41,23166094,23199346,ACCEPTED,,23199374,ok,33.280
bot-013,01a0b92b-64ca-7753-8023-0478655c109d,42,23671205,23698853,ACCEPTED,,23698887,ok,27.682
bot-013,01a0b92b-66cd-759a-8891-c96fafe88fe8,43,24186290,24198815,ACCEPTED,,24198858,ok,12.568
bot-013,01a0b92b-68cf-7476-ac84-374dd04e1925,44,24701026,24749067,ACCEPTED,,24749086,ok,48.060
bot-013,01a0b92b-6aca-72e2-a81d-453d07f43c18,45,25208013,25249265,ACCEPTED,,25249305,ok,41.292
bot-013,01a0b92b-6cc1-7200-b104-46eab567feae,46,25710983,25748839,ACCEPTED,,25748897,ok,37.914
bot-013,01a0b92b-6ebb-77b6-be70-45fde2eb4acc,47,26216793,26248809,ACCEPTED,,26248840,ok,32.047
bot-013,01a0b92b-70b1-75b2-a291-97bcd16cd258,48,26718201,26749566,ACCEPTED,,26749594,ok,31.393
bot-013,01a0b92b-72ab-75fe-ad0e-d3303ae2c9d1,49,27224158,27248953,ACCEPTED,,27249003,ok,24.845
bot-013,01a0b92b-74a1-70d1-b436-62563a651b0f,50,27726225,27749095,ACCEPTED,,27749148,ok,22.923
bot-013,01a0b92b-769c-7702-b4ff-b730b3686b86,51,28234003,28248881,ACCEPTED,,28248912,ok,14.909
bot-013,01a0b92b-78a0-759a-a085-7369c2a102ee,52,28749702,28799141,ACCEPTED,,28799195,ok,49.493
bot-013,01a0b92b-7a97-77e2-b9dc-6a309d223420,53,29252140,29299117,ACCEPTED,,29299155,ok,47.015
bot-013,01a0b92b-7c8e-7300-a015-13095f829512,54,29756052,29799252,ACCEPTED,,29799281,ok,43.229
bot-013,01a0b92b-7e88-773f-bfe9-28d65fc07abe,55,30261209,30298926,ACCEPTED,,30298976,ok,37.767
bot-013,01a0b92b-8080-712c-8167-8e386e561256,56,30765148,30799229,ACCEPTED,,30799282,ok,34.134
bot-013,01a0b92b-8276-70da-9a50-9f760768e6d7,57,31267425,31299034,ACCEPTED,,31299062,ok,31.637
bot-013,01a0b92b-846d-7740-b38f-981f8dad9c93,58,31770603,31799074,ACCEPTED,,31799132,ok,28.529
bot-013,01a0b92b-8667-76aa-987b-6dec9ac6fdb2,59,32276878,32298964,ACCEPTED,,32298997,ok,22.119
bot-013,01a0b92b-8865-71f7-8386-5edcb6968cb1,60,32786550,32798964,ACCEPTED,,32798998,ok,12.448
bot-013,01a0b92b-8a5a-765f-bba3-3a07604f26bc,61,33287576,33298897,ACCEPTED,,33298945,ok,11.369
bot-013,01a0b92b-8c5d-72ea-bb71-8c7e0d260284,62,33802436,33849031,ACCEPTED,,33849045,ok,46.609
bot-013,01a0b92b-8e54-7020-a0ae-db7942547561,63,34305584,34348944,ACCEPTED,,34348995,ok,43.411
bot-013,01a0b92b-904a-725b-ba0d-09bea6decdc6,64,34807689,34849248,ACCEPTED,,34849290,ok,41.601
bot-013,01a0b92b-924d-762c-894e-097054f4bdc0,65,35322893,35348858,ACCEPTED,,35348882,ok,25.989
bot-013,01a0b92b-9446-76b2-b453-dc619630ba74,66,35827310,35849349,ACCEPTED,,35849372,ok,22.062
bot-013,01a0b92b-9649-768c-b646-1409f33ff832,67,36342492,36349160,ACCEPTED,,36349196,ok,6.704
bot-013,01a0b92b-9841-769a-b108-69428a45678e,68,36846558,36848777,ACCEPTED,,36848806,ok,2.248
bot-013,01a0b92b-9a3a-71f8-b220-e62ef8f10dd5,69,37351343,37398808,ACCEPTED,,37398826,ok,47.483
bot-013,01a0b92b-9c30-7310-a831-6608e77328ce,70,37853843,37899891,ACCEPTED,,37899917,ok,46.074
bot-013,01a0b92b-9e29-75c7-a96f-de5444da1643,71,38358362,38398954,ACCEPTED,,38399087,ok,40.725
bot-013,01a0b92b-a01f-75e2-b71c-bc589dd1c71d,72,38860839,38898834,ACCEPTED,,38898886,ok,38.047
bot-013,01a0b92b-a221-7225-a133-cdd239fa354c,73,39374874,39398875,ACCEPTED,,39398909,ok,24.035
bot-013,01a0b92b-a416-70c8-aa4d-ebf4a90f051c,74,39875946,39898755,ACCEPTED,,39898790,ok,22.844
bot-013,01a0b92b-a60d-7693-ad56-9a0a48bacac1,75,40378237,40398829,ACCEPTED,,40398876,ok,20.639
bot-013,01a0b92b-a806-7317-b4f6-ab7e2fcb4e37,76,40883285,40898919,ACCEPTED,,40898972,ok,15.687
bot-013,01a0b92b-aa08-743d-8999-886e405586e9,77,41397146,41398767,ACCEPTED,,41398823,ok,1.677
bot-013,01a0b92b-ac0b-754e-8f81-082a87e75112,78,41912723,41948715,ACCEPTED,,41948767,ok,36.044
bot-013,01a0b92b-ae08-75d9-9732-2c9550719e6d,79,42421292,42449268,ACCEPTED,,42449317,ok,28.025
bot-013,01a0b92b-afff-7440-82ea-989a52ab2081,80,42924311,42948919,ACCEPTED,,42948970,ok,24.659
bot-013,01a0b92b-b1f6-7609-9d1b-6c5aee2a6048,81,43428065,43449342,ACCEPTED,,43449396,ok,21.331
bot-013,01a0b92b-b3ed-76e2-9fb5-97dc35d24c16,82,43930139,43949236,ACCEPTED,,43949263,ok,19.124
bot-013,01a0b92b-b5e5-71aa-9324-01956684e2f8,83,44434467,44449723,ACCEPTED,,44449752,ok,15.285
bot-013,01a0b92b-b7db-71ea-ad8c-268e62d251b5,84,44936250,44948839,ACCEPTED,,44948896,ok,12.646
bot-013,01a0b92b-b9d0-74b0-93d2-50ae4fe9ef83,85,45437360,45448774,ACCEPTED,,45448816,ok,11.456
bot-013,01a0b92b-bbc6-70fa-9528-94cc265a2eca,86,45939352,45949064,ACCEPTED,,45949117,ok,9.765
bot-013,01a0b92b-bdbd-7074-9dd0-ef98c0a1f69e,87,46442731,46449142,ACCEPTED,,46449181,ok,6.450
bot-013,01a0b92b-bfb3-76d0-b2a9-b0c4e86b7bbf,88,46944883,46949095,ACCEPTED,,46949119,ok,4.236
bot-013,01a0b92b-c1b5-76d6-abf5-1c4f274140b5,89,47458364,47498864,ACCEPTED,,47498905,ok,40.541
bot-013,01a0b92b-c3b9-7226-a387-cf433bfd1d9d,90,47974673,47999251,ACCEPTED,,47999287,ok,24.614
bot-013,01a0b92b-c5bd-7602-9d51-b5e9d27e83da,91,48490783,48499000,ACCEPTED,,48499053,ok,8.270
bot-013,01a0b92b-c7b4-7625-9583-1275a7cf5af5,92,48993613,48999064,ACCEPTED,,48999096,ok,5.483
bot-013,01a0b92b-c9ad-750b-9939-c6aabbd3d938,93,49498751,49549346,ACCEPTED,,49549364,ok,50.613
bot-013,01a0b92b-cbb1-717d-8e6e-4c8bf1639834,94,50014565,50049332,ACCEPTED,,50049356,ok,34.791
bot-013,01a0b92b-cdb6-7427-8533-268496bf8529,95,50531101,50549034,ACCEPTED,,50549085,ok,17.984
bot-013,01a0b92b-cfab-71c1-92bc-17886b7881ba,96,51032432,51049336,ACCEPTED,,51049370,ok,16.938
bot-013,01a0b92b-d1a0-70cd-80a8-f1e712fc2d69,97,51533737,51549107,ACCEPTED,,51549129,ok,15.392
bot-013,01a0b92b-d39f-705e-a2a4-fee50e42a977,98,52044379,52049130,ACCEPTED,,52049142,ok,4.763
bot-013,01a0b92b-d5a2-73e4-82f7-c2f071043cfa,99,52559606,52599308,ACCEPTED,,52599326,ok,39.720
bot-013,01a0b92b-d797-72cf-ab50-51a59faec289,100,53060829,53099156,ACCEPTED,,53099193,ok,38.364
bot-013,01a0b92b-d99c-716c-842e-325b2703e928,101,53577100,53599127,ACCEPTED,,53599181,ok,22.081
bot-013,01a0b92b-db9e-73a2-9137-bec9e17b2853,102,54091845,54098797,ACCEPTED,,54098840,ok,6.995
bot-013,01a0b92b-dd99-7221-91af-295bd431d574,103,54598911,54648858,ACCEPTED,,54648905,ok,49.994
bot-013,01a0b92b-df9d-72a6-b2a1-dcf6535fc30f,104,55114244,55148888,ACCEPTED,,55148921,ok,34.677
bot-013,01a0b92b-e194-7049-8d33-1ae67f1d5425,105,55617546,55648849,ACCEPTED,,55648881,ok,31.335
bot-013,01a0b92b-e397-713d-80cf-56bccd7e9d2b,106,56132373,56149520,ACCEPTED,,56149543,ok,17.170
bot-013,01a0b92b-e592-75fc-9f4a-bce616b02b30,107,56639075,56649078,ACCEPTED,,56649100,ok,10.025
bot-013,01a0b92b-e789-70b2-8ff2-53e1b72217e6,108,57142715,57149143,ACCEPTED,,57149160,ok,6.445
bot-013,01a0b92b-e982-70f7-9c5d-6a33d0047040,109,57647823,57648916,ACCEPTED,,57648935,ok,1.112
bot-013,01a0b92b-eb81-705f-b881-390ac77be824,110,58158649,58199099,ACCEPTED,,58199118,ok,40.469
bot-013,01a0b92b-ed82-7694-8e32-0ce3152be1cc,111,58671620,58699155,ACCEPTED,,58699189,ok,27.569
bot-013,01a0b92b-ef79-7303-a6bf-f1e77cf2af42,112,59174820,59199366,ACCEPTED,,59199400,ok,24.580
bot-013,01a0b92b-f17c-765a-8f9f-565efa770feb,113,59689369,59699168,ACCEPTED,,59699186,ok,9.817
bot-013,01a0b92b-f376-7049-91b7-8edbf429d0ec,114,60195770,60199124,ACCEPTED,,60199145,ok,3.375
bot-013,01a0b92b-f56f-7491-b3c8-2e7c310aa3da,115,60700317,60748909,ACCEPTED,,60748961,ok,48.644
bot-013,01a0b92b-f772-766e-bbf7-bb332c8dff7e,116,61215145,61248898,ACCEPTED,,61248957,ok,33.812
bot-013,01a0b92b-f968-7368-a936-b2749711d2aa,117,61717275,61749518,ACCEPTED,,61749573,ok,32.298
bot-013,01a0b92b-fb62-75cd-94e4-1fb29b672460,118,62223375,62248835,ACCEPTED,,62248871,ok,25.496
bot-014,01a0b92b-119a-7594-9bd6-ee328045fc66,0,2376022,2399233,ACCEPTED,,2399269,ok,23.247
bot-014,01a0b92b-1395-70c3-8019-e39534b6fc9a,1,2882978,2899126,ACCEPTED,,2899182,ok,16.204
bot-014,01a0b92b-158c-7097-b9e2-a80a60ae3939,2,3385863,3398849,ACCEPTED,,3398867,ok,13.004
bot-014,01a0b92b-1781-72e7-8e60-77264317a4ca,3,3886971,3898880,ACCEPTED,,3898899,ok,11.928
bot-014,01a0b92b-1977-758e-82d3-6abc6e8e455a,4,4388163,4399230,ACCEPTED,,4399266,ok,11.103
bot-014,01a0b92b-1b71-73d8-93cd-7d76cc2d5c7a,5,4894882,4899266,ACCEPTED,,4899306,ok,4.424
bot-014,01a0b92b-1d69-70a3-9128-53455076fa82,6,5398843,5449256,ACCEPTED,,5450089,ok,51.246
bot-014,01a0b92b-1f5e-7452-a105-ff3d9fc76ea9,7,5899697,5949144,ACCEPTED,,5949164,ok,49.467
bot-014,01a0b92b-215a-7646-9d7c-bbf81a2503db,8,6407932,6449465,ACCEPTED,,6449487,ok,41.555
bot-014,01a0b92b-2352-7048-a0eb-fd143a7fcac2,9,6911123,6949200,ACCEPTED,,6949249,ok,38.126
bot-014,01a0b92b-2555-73ca-9ec6-adb50263ca2e,10,7426409,7449305,ACCEPTED,,7449339,ok,22.930
bot-014,01a0b92b-274b-74b2-8444-50e58cace7bc,11,7928251,7948889,ACCEPTED,,7948923,ok,20.672
bot-014,01a0b92b-2943-7327-8e46-cb879841b9dd,12,8432523,8448893,ACCEPTED,,8448931,ok,16.408
bot-014,01a0b92b-2b3d-73f5-b35b-09c83d76937c,13,8938736,8948982,ACCEPTED,,8949001,ok,10.265
bot-014,01a0b92b-2d36-754d-9bba-6650c7d0725f,14,9443506,9449179,ACCEPTED,,9449191,ok,5.685
bot-014,01a0b92b-2f2d-7792-9029-6f95a3776f0b,15,9946495,9949272,ACCEPTED,,9949293,ok,2.798
bot-014,01a0b92b-3124-71d4-bc2c-18ead76e510e,16,10449077,10498972,ACCEPTED,,10499019,ok,49.942
bot-014,01a0b92b-331e-7720-a149-bd9aa58e411c,17,10955715,10998818,ACCEPTED,,10998875,ok,43.160
bot-014,01a0b92b-3514-76c7-a5ba-ddc094a7adf5,18,11457401,11499297,ACCEPTED,,11499337,ok,41.936
bot-014,01a0b92b-3716-705a-8f57-477e9fa25dc2,19,11971868,11999351,ACCEPTED,,11999384,ok,27.516
bot-014,01a0b92b-3910-73b3-bfac-50c2677caef6,20,12477767,12499159,ACCEPTED,,12499191,ok,21.424
bot-014,01a0b92b-3b09-76d1-81df-eca0f0440711,21,12982624,12998909,ACCEPTED,,12998940,ok,16.316
bot-014,01a0b92b-3d0b-77f7-9539-e9c4678edb04,22,13496620,13498762,ACCEPTED,,13498795,ok,2.175
bot-014,01a0b92b-3f0f-7451-bf47-baf250cb93e1,23,14012115,14049180,ACCEPTED,,14049221,ok,37.106
bot-014,01a0b92b-4103-71ce-b07c-e34047127fc9,24,14512907,14549030,ACCEPTED,,14549049,ok,36.142
bot-014,01a0b92b-42fb-7075-bdb1-db097e93ca2e,25,15016685,15049245,ACCEPTED,,15049272,ok,32.587
bot-014,01a0b92b-44fd-748d-b1f1-bb4aaefa4e11,26,15530673,15549000,ACCEPTED,,15549034,ok,18.361
bot-014,01a0b92b-46f6-7219-997c-f4532e203667,27,16035475,16049032,ACCEPTED,,16049068,ok,13.593
bot-014,01a0b92b-48ec-7675-91fd-5e4a2634f931,28,16538015,16548977,ACCEPTED,,16549031,ok,11.016
bot-014,01a0b92b-4af0-7176-9dbd-0452376fc846,29,17053168,17099006,ACCEPTED,,17099024,ok,45.856
bot-014,01a0b92b-4ce6-744b-b9f6-4506abc78fc0,30,17555895,17599088,ACCEPTED,,17599123,ok,43.228
bot-014,01a0b92b-4edc-7117-8008-68800affa973,31,18057853,18099274,ACCEPTED,,18099327,ok,41.474
bot-014,01a0b92b-50d1-7118-a80b-a0e303fbc8a7,32,18559050,18599304,ACCEPTED,,18599339,ok,40.289
bot-014,01a0b92b-52cf-700d-a47f-53a37a5d543b,33,19068356,19099450,ACCEPTED,,19099482,ok,31.126
bot-014,01a0b92b-54c9-77d5-b301-f1bba9ad5500,34,19574201,19599175,ACCEPTED,,19599229,ok,25.028
bot-014,01a0b92b-56bf-7650-801c-e51f1fe394d2,35,20077040,20099133,ACCEPTED,,20099166,ok,22.126
bot-014,01a0b92b-58b5-7057-9c6e-e8e994feb524,36,20578141,20599011,ACCEPTED,,20599062,ok,20.921
bot-014,01a0b92b-5aab-7664-b8aa-cdb24da66319,37,21080118,21099235,ACCEPTED,,21099289,ok,19.171
bot-014,01a0b92b-5ca0-7564-a5d6-e67cc4ecc21a,38,21581824,21599016,ACCEPTED,,21599052,ok,17.228
bot-014,01a0b92b-5e97-7499-97d4-ecc00a0e449f,39,22084436,22098950,ACCEPTED,,22098987,ok,14.551
bot-014,01a0b92b-608d-724c-993f-5a8f4e305b5d,40,22586508,22599184,ACCEPTED,,22599227,ok,12.719
bot-014,01a0b92b-6284-732c-9465-e561fb8dee50,41,23089420,23099140,ACCEPTED,,23099190,ok,9.770
bot-014,01a0b92b-647c-7303-b396-c06f50e3f705,42,23593895,23598925,ACCEPTED,,23598941,ok,5.046
bot-014,01a0b92b-6681-7095-9bca-6b7af046de33,43,24110672,24149136,ACCEPTED,,24149190,ok,38.518
bot-014,01a0b92b-6884-71fa-a51b-5af415511730,44,24625893,24648910,ACCEPTED,,24648937,ok,23.044
bot-014,01a0b92b-6a7d-73a8-82ab-0f91653ca4b6,45,25130554,25148864,ACCEPTED,,25148915,ok,18.361
bot-014,01a0b92b-6c73-712b-bd5a-6229e575591a,46,25633042,25649167,ACCEPTED,,25649203,ok,16.161
bot-014,01a0b92b-6e6e-71bd-98b8-ba00fb7d664c,47,26139595,26149029,ACCEPTED,,26149059,ok,9.464
bot-014,01a0b92b-7064-75af-bd1f-7348ccc2efce,48,26641624,26648942,ACCEPTED,,26648974,ok,7.350
bot-014,01a0b92b-725e-72da-9ed2-a91b367b3f1c,49,27148021,27149095,ACCEPTED,,27149130,ok,1.109
bot-014,01a0b92b-7453-713b-81e4-f64d91bc83d9,50,27649041,27699263,ACCEPTED,,27699319,ok,50.278
bot-014,01a0b92b-764f-76fa-8dc0-14b78950ab28,51,28156576,28199157,ACCEPTED,,28199186,ok,42.610
bot-014,01a0b92b-7846-75d6-bcf0-24799d0588bd,52,28659859,28698994,ACCEPTED,,28699049,ok,39.190
bot-014,01a0b92b-7a3c-76ae-949e-a2e0884fa4be,53,29161103,29199388,ACCEPTED,,29199442,ok,38.339
bot-014,01a0b92b-7c34-7390-a98f-1fe496079ddf,54,29665620,29698992,ACCEPTED,,29699025,ok,33.405
bot-014,01a0b92b-7e2b-750c-a347-04d546722c0b,55,30168947,30198921,ACCEPTED,,30198968,ok,30.021
bot-014,01a0b92b-8024-7688-9f59-d85cecd789e9,56,30673989,30699326,ACCEPTED,,30699354,ok,25.365
bot-014,01a0b92b-8228-7664-97bf-5f51813eda3b,57,31189949,31198778,ACCEPTED,,31198795,ok,8.846
bot-014,01a0b92b-8421-74c9-892a-e6cda8c746a4,58,31694402,31699059,ACCEPTED,,31699086,ok,4.684
bot-014,01a0b92b-861b-760b-a936-960107b6fe35,59,32200239,32248923,ACCEPTED,,32248963,ok,48.724
bot-014,01a0b92b-8819-73b2-bfae-b00307b15cfb,60,32711051,32749138,ACCEPTED,,32749189,ok,38.138
bot-014,01a0b92b-8a1d-76b1-8923-de54b97b7f27,61,33226549,33248925,ACCEPTED,,33248958,ok,22.409
bot-014,01a0b92b-8c21-701f-8b95-1da0478a9394,62,33742551,33748922,ACCEPTED,,33748977,ok,6.426
bot-014,01a0b92b-8e17-77a4-955d-e773c3ed726d,63,34244679,34248725,ACCEPTED,,34248764,ok,4.085
bot-014,01a0b92b-900d-75b0-8ecb-99f70be5d6cf,64,34746489,34748921,ACCEPTED,,34748941,ok,2.452
bot-014,01a0b92b-9210-73ab-a486-086e7ae484df,65,35261513,35298974,ACCEPTED,,35299020,ok,37.507
bot-014,01a0b92b-9409-7689-b037-2cb2f9e7560d,66,35766471,35799324,ACCEPTED,,35799357,ok,32.886
bot-014,01a0b92b-960b-736c-82d7-0732dff38c59,67,36280909,36299121,ACCEPTED,,36299144,ok,18.235
bot-014,01a0b92b-9804-7617-bdb5-f173c93a7c4d,68,36785164,36799067,ACCEPTED,,36799102,ok,13.938
bot-014,01a0b92b-99fc-71df-a121-53368c9d4174,69,37290031,37298818,ACCEPTED,,37298851,ok,8.820
bot-014,01a0b92b-9bf4-739f-831b-92025f157cc8,70,37794003,37799142,ACCEPTED,,37799192,ok,5.189
bot-014,01a0b92b-9dec-7580-b5aa-bbab33719880,71,38297829,38298946,ACCEPTED,,38298968,ok,1.139
bot-014,01a0b92b-9fe4-7716-9282-4f0a92f43b1b,72,38801331,38848843,ACCEPTED,,38848899,ok,47.568
bot-014,01a0b92b-a1e4-71f8-980c-8e66815f63f7,73,39313793,39348971,ACCEPTED,,39349024,ok,35.231
bot-014,01a0b92b-a3db-715e-8704-2560dcbcdb9f,74,39816185,39849306,ACCEPTED,,39849365,ok,33.180
bot-014,01a0b92b-a5d1-71ce-bad6-0440687e1339,75,40318434,40349064,ACCEPTED,,40349086,ok,30.652
bot-014,01a0b92b-a7c8-7527-a850-f37eaf5d6de5,76,40821251,40848833,ACCEPTED,,40848865,ok,27.614
bot-014,01a0b92b-a9bd-73ea-8252-5721e6c02269,77,41322944,41349159,ACCEPTED,,41349199,ok,26.255
bot-014,01a0b92b-abbe-7499-9566-434da80128c1,78,41835732,41849101,ACCEPTED,,41849136,ok,13.404
bot-014,01a0b92b-adb6-7129-972e-7e8fb3132134,79,42339465,42349277,ACCEPTED,,42349306,ok,9.841
bot-014,01a0b92b-afb2-77eb-9908-b0205e13738e,80,42848092,42849065,ACCEPTED,,42849118,ok,1.026
bot-014,01a0b92b-b1a9-770b-8b3d-08a309bafe69,81,43350574,43398954,ACCEPTED,,43399006,ok,48.432
bot-014,01a0b92b-b3a2-77d8-b6f8-b4f4757662f8,82,43855195,43899209,ACCEPTED,,43899242,ok,44.047
bot-014,01a0b92b-b599-7520-9181-4e89793b7e24,83,44358272,44399161,ACCEPTED,,44399195,ok,40.923
bot-014,01a0b92b-b78e-73b5-93ea-95b18bb1fea2,84,44859340,44898938,ACCEPTED,,44898975,ok,39.635
bot-014,01a0b92b-b992-759c-b109-cf9f43a3c2a7,85,45375152,45398980,ACCEPTED,,45399030,ok,23.878
bot-014,01a0b92b-bb89-7709-be43-95b8fb804df4,86,45878280,45898767,ACCEPTED,,45898802,ok,20.522
bot-014,01a0b92b-bd81-717b-b9de-468491227c4f,87,46382361,46398976,ACCEPTED,,46399020,ok,16.659
bot-014,01a0b92b-bf76-74ec-9a45-8026a0facc9c,88,46883828,46899330,ACCEPTED,,46899354,ok,15.526
bot-014,01a0b92b-c177-73ad-888b-f2dc1e512e97,89,47396659,47398718,ACCEPTED,,47398742,ok,2.083
bot-014,01a0b92b-c36d-7098-a473-27b083140751,90,47898723,47949113,ACCEPTED,,47949140,ok,50.417
bot-014,01a0b92b-c570-7242-85c6-7547f2fab996,91,48413887,48449705,ACCEPTED,,48449735,ok,35.848
bot-014,01a0b92b-c766-746d-a262-18d617c0bb15,92,48915778,48949275,ACCEPTED,,48949296,ok,33.518
bot-014,01a0b92b-c961-75da-aa38-ad45e0ec7040,93,49422301,49448930,ACCEPTED,,49448965,ok,26.664
bot-014,01a0b92b-cb57-70d8-b8de-6afa18c9279d,94,49924596,49948836,ACCEPTED,,49948884,ok,24.288
bot-014,01a0b92b-cd5a-7441-a524-268a0e467a9b,95,50439113,50449024,ACCEPTED,,50449067,ok,9.954
bot-014,01a0b92b-cf4f-70f1-9679-f93637cbfc8c,96,50940621,50949064,ACCEPTED,,50949114,ok,8.493
bot-014,01a0b92b-d145-73cf-93e6-58572828d98e,97,51442084,51448911,ACCEPTED,,51448943,ok,6.859
bot-014,01a0b92b-d344-7750-82fa-2043a60fb58c,98,51953475,51999249,ACCEPTED,,51999305,ok,45.830
bot-014,01a0b92b-d547-7310-958e-2d533c52d80a,99,52468428,52499041,ACCEPTED,,52499101,ok,30.673
bot-014,01a0b92b-d74b-7515-aa5e-05e0a4143894,100,52984795,52999108,ACCEPTED,,52999138,ok,14.343
bot-014,01a0b92b-d942-7321-8f2b-d9ae77bc8285,101,53487089,53499033,ACCEPTED,,53499089,ok,12.000
bot-014,01a0b92b-db43-7372-9cf2-5678f5e79457,102,54000630,54049205,ACCEPTED,,54049263,ok,48.633
bot-014,01a0b92b-dd3e-7565-9c07-0fe9934af64f,103,54507454,54548868,ACCEPTED,,54548902,ok,41.448
bot-014,01a0b92b-df42-7223-a945-e95faa888ad5,104,55023738,55049152,ACCEPTED,,55049182,ok,25.444
bot-014,01a0b92b-e139-733c-9d85-5a342a752069,105,55526960,55549020,ACCEPTED,,55549053,ok,22.093
bot-014,01a0b92b-e33c-703b-91c7-b58b1648b0b7,106,56041318,56049159,ACCEPTED,,56049209,ok,7.891
bot-014,01a0b92b-e536-7577-8016-5d9675d8869c,107,56547529,56549139,ACCEPTED,,56549158,ok,1.629
bot-014,01a0b92b-e72e-756d-ab37-147430382e62,108,57051424,57099435,ACCEPTED,,57099462,ok,48.038
bot-014,01a0b92b-e926-70bf-b372-00adc07aae23,109,57555194,57598970,ACCEPTED,,57599018,ok,43.824
bot-014,01a0b92b-eb26-7602-be57-d7803c52e4b2,110,58067873,58099319,ACCEPTED,,58099351,ok,31.478
bot-014,01a0b92b-ed28-75ff-bbd6-c6e36c09a1da,111,58581537,58598948,ACCEPTED,,58598981,ok,17.444
bot-014,01a0b92b-ef1e-7303-a9a7-2f11f048fe08,112,59083315,59099245,ACCEPTED,,59099267,ok,15.952
bot-014,01a0b92b-f121-7421-a70a-f0cbb198ce02,113,59598817,59649011,ACCEPTED,,59649046,ok,50.229
bot-014,01a0b92b-f31b-757a-aefd-71110bb9915a,114,60104472,60149084,ACCEPTED,,60149116,ok,44.644
bot-014,01a0b92b-f513-76cf-beee-f86ab534fa7c,115,60609019,60649221,ACCEPTED,,60649253,ok,40.234
bot-014,01a0b92b-f709-7416-a141-f40f59dd0832,116,61110395,61148857,ACCEPTED,,61148912,ok,38.517
bot-014,01a0b92b-f90c-7115-b81e-32a7c124753b,117,61625993,61648980,ACCEPTED,,61649018,ok,23.025
bot-014,01a0b92b-fb06-73e6-9f1c-c4af10ad552a,118,62131349,62148849,ACCEPTED,,62148886,ok,17.537
bot-015,01a0b92b-142f-700a-b6d1-1e67ad148de5,0,3036352,3048881,ACCEPTED,,3048911,ok,12.559
bot-015,01a0b92b-1625-70a1-bb48-4ab43997bf43,1,3538588,3549107,ACCEPTED,,3549140,ok,10.552
bot-015,01a0b92b-181a-70ef-8e20-c1a2b5c80603,2,4039879,4049008,ACCEPTED,,4049027,ok,9.148
bot-015,01a0b92b-1a0f-7013-96cc-e8e593a8c920,3,4541018,4549169,ACCEPTED,,4549223,ok,8.205
bot-015,01a0b92b-1c09-76c6-a230-7c1694da254a,4,5046610,5048894,ACCEPTED,,5048919,ok,2.309
bot-015,01a0b92b-1e00-7341-a22e-e5cde440318d,5,5549742,5599803,ACCEPTED,,5599829,ok,50.087
bot-015,01a0b92b-1ff5-711b-8a47-2ecb6bbcdeed,6,6050433,6099003,ACCEPTED,,6099052,ok,48.619
bot-015,01a0b92b-21f1-73a3-8646-ffdc435e3137,7,6558878,6599049,ACCEPTED,,6599094,ok,40.216
bot-015,01a0b92b-23e9-701c-afe4-aa5f79354044,8,7062308,7099007,ACCEPTED,,7099049,ok,36.741
bot-015,01a0b92b-25df-70e0-a123-0872a3b92500,9,7564601,7599068,ACCEPTED,,7599130,ok,34.529
bot-015,01a0b92b-27d4-7135-9385-cba4db46b95c,10,8065650,8098844,ACCEPTED,,8098899,ok,33.249
bot-015,01a0b92b-29cd-7243-9b47-f524b5ffeee3,11,8570325,8598846,ACCEPTED,,8598892,ok,28.567
bot-015,01a0b92b-2bc6-7184-a7b1-7e11500262be,12,9075501,9099516,ACCEPTED,,9099562,ok,24.061
bot-015,01a0b92b-2dbd-7354-9f02-b038426ab2a7,13,9578835,9599137,ACCEPTED,,9599186,ok,20.351
bot-015,01a0b92b-2fb7-745e-99ff-c8fcad4b862d,14,10084257,10099302,ACCEPTED,,10099351,ok,15.094
bot-015,01a0b92b-31b0-70b9-bfe9-25f18d59154e,15,10589138,10598987,ACCEPTED,,10599038,ok,9.900
bot-015,01a0b92b-33a8-7344-87cd-e2df239b4b49,16,11093315,11099011,ACCEPTED,,11099055,ok,5.740
bot-015,01a0b92b-35a1-737d-b0d5-fee334b9dd71,17,11598968,11649140,ACCEPTED,,11649190,ok,50.222
bot-015,01a0b92b-3796-741e-8464-b13316000ad9,18,12099416,12148933,ACCEPTED,,12148979,ok,49.563
bot-015,01a0b92b-399b-7582-ad99-7684f625f6f3,19,12616846,12648876,ACCEPTED,,12648926,ok,32.080
bot-015,01a0b92b-3b92-7678-8b30-69ec7fad293f,20,13119132,13148780,ACCEPTED,,13148823,ok,29.691
bot-015,01a0b92b-3d92-772c-a1b6-9be82ac1fc4e,21,13632062,13648834,ACCEPTED,,13648889,ok,16.827
bot-015,01a0b92b-3f88-7778-9bb8-a6f5325a4502,22,14133516,14148988,ACCEPTED,,14149050,ok,15.534
bot-015,01a0b92b-418c-7059-8fb2-2248b2ae280e,23,14649184,14698811,ACCEPTED,,14698854,ok,49.670
bot-015,01a0b92b-4383-75c6-bcfc-7f22e0ee0920,24,15152358,15198918,ACCEPTED,,15198971,ok,46.613
bot-015,01a0b92b-4586-7506-81c4-ae603e79b753,25,15667669,15699043,ACCEPTED,,15699079,ok,31.410
bot-015,01a0b92b-477d-7560-bc8b-c64da703b1cd,26,16170530,16199315,ACCEPTED,,16199366,ok,28.836
bot-015,01a0b92b-4973-7164-be0d-5dbaf326ebe7,27,16672677,16699244,ACCEPTED,,16699289,ok,26.612
bot-015,01a0b92b-4b6a-750a-966b-07b7467202bf,28,17175210,17199222,ACCEPTED,,17199277,ok,24.067
bot-015,01a0b92b-4d5f-72d4-985e-0e60642d41f3,29,17677030,17699013,ACCEPTED,,17699067,ok,22.037
bot-015,01a0b92b-4f55-71cf-8bce-402eeaa3d0a5,30,18178890,18198996,ACCEPTED,,18199033,ok,20.143
bot-015,01a0b92b-514d-740d-82dd-b64348517a88,31,18682656,18699065,ACCEPTED,,18699086,ok,16.430
bot-015,01a0b92b-534b-77cd-98af-562e08d9a490,32,19192296,19199035,ACCEPTED,,19199065,ok,6.769
bot-015,01a0b92b-5542-7142-a727-b22e7e761120,33,19695814,19699172,ACCEPTED,,19699219,ok,3.405
bot-015,01a0b92b-5739-74f2-8b05-94222af27fc0,34,20198882,20248902,ACCEPTED,,20248947,ok,50.065
bot-015,01a0b92b-5930-73d5-9b93-6537b14a4c36,35,20701428,20750333,ACCEPTED,,20750363,ok,48.935
bot-015,01a0b92b-5b32-7046-bc18-b91c58b52f3a,36,21215726,21249222,ACCEPTED,,21249276,ok,33.550
bot-015,01a0b92b-5d2a-739a-9a9d-7eb5a7298113,37,21719460,21749124,ACCEPTED,,21749170,ok,29.710
bot-015,01a0b92b-5f20-77ee-909e-b253d3baca88,38,22222033,22248848,ACCEPTED,,22248894,ok,26.861
bot-015,01a0b92b-6117-7243-bab5-d91903664a40,39,22724364,22748969,ACCEPTED,,22749013,ok,24.649
bot-015,01a0b92b-630e-71ba-9d24-2a502895a642,40,23227254,23249145,ACCEPTED,,23249190,ok,21.936
bot-015,01a0b92b-6506-718c-b228-a3350dc9cb63,41,23731534,23748862,ACCEPTED,,23748911,ok,17.377
bot-015,01a0b92b-6709-7625-8bb5-9adc31fe4daa,42,24246696,24248868,ACCEPTED,,24248893,ok,2.197
bot-015,01a0b92b-68fe-7634-93af-7dbd139f8faf,43,24747865,24749111,ACCEPTED,,24749138,ok,1.273
bot-015,01a0b92b-6af4-70d6-933b-57cd90746da5,44,25249229,25299200,ACCEPTED,,25299245,ok,50.016
bot-015,01a0b92b-6cf0-76c3-8604-c7cae84b6604,45,25757145,25799296,ACCEPTED,,25799338,ok,42.193
bot-015,01a0b92b-6ee8-73e1-a39a-44da80e47f59,46,26261372,26299085,ACCEPTED,,26299135,ok,37.763
bot-015,01a0b92b-70df-72a3-98cf-e7318e1f06d4,47,26764162,26799022,ACCEPTED,,26799053,ok,34.891
bot-015,01a0b92b-72d9-7294-b6e0-3830696d94b2,48,27270526,27299075,ACCEPTED,,27299128,ok,28.602
bot-015,01a0b92b-74cf-7770-85e1-43be7055245f,49,27772744,27798924,ACCEPTED,,27798958,ok,26.214
bot-015,01a0b92b-76ca-7167-bdbe-aa00ce08d245,50,28280008,28298964,ACCEPTED,,28299017,ok,19.009
bot-015,01a0b92b-78cd-711f-a9ca-8eb7882f2dcb,51,28794488,28799249,ACCEPTED,,28799265,ok,4.777
bot-015,01a0b92b-7ac4-7198-b5d7-8e65eab75169,52,29297508,29299177,ACCEPTED,,29299210,ok,1.702
bot-015,01a0b92b-7cba-753a-a5f3-a14f67b3157c,53,29799253,29848843,ACCEPTED,,29848889,ok,49.636
bot-015,01a0b92b-7eb5-7539-a4a1-778b2a92a9fb,54,30306532,30349195,ACCEPTED,,30349240,ok,42.708
bot-015,01a0b92b-80ad-7661-b025-5f1899a2cf55,55,30810257,30849119,ACCEPTED,,30849169,ok,38.912
bot-015,01a0b92b-82a3-759d-a96e-2cb3111f2af7,56,31312830,31349256,ACCEPTED,,31349312,ok,36.482
bot-015,01a0b92b-849c-72cc-aef9-e9f4663ebaa5,57,31817190,31848891,ACCEPTED,,31848914,ok,31.724
bot-015,01a0b92b-8695-7313-91f6-0871916f48bd,58,32322256,32348992,ACCEPTED,,32349026,ok,26.770
bot-015,01a0b92b-8892-700a-aa30-86ea2be3f2e0,59,32832078,32849300,ACCEPTED,,32849325,ok,17.247
bot-015,01a0b92b-8a88-7141-99ee-7c5e94f09729,60,33333452,33349226,ACCEPTED,,33349275,ok,15.823
bot-015,01a0b92b-8c8b-741f-abe0-e95c7f3f50d9,61,33848353,33849035,ACCEPTED,,33849063,ok,0.710
bot-015,01a0b92b-8e82-77d1-9e1c-e2cad2606445,62,34351354,34399331,ACCEPTED,,34399375,ok,48.021
bot-015,01a0b92b-9078-76e8-a6d6-9284e2bb7541,63,34853588,34899202,ACCEPTED,,34899267,ok,45.679
bot-015,01a0b92b-927b-7494-9dc1-9abd192b7116,64,35368199,35399252,ACCEPTED,,35399309,ok,31.110
bot-015,01a0b92b-9473-742a-9c93-df15824d5eb4,65,35872724,35898791,ACCEPTED,,35898837,ok,26.113
bot-015,01a0b92b-9677-72a7-aee7-b36243c8c97a,66,36388793,36398949,ACCEPTED,,36399006,ok,10.213
bot-015,01a0b92b-9870-7038-ad28-b54f64435dad,67,36893152,36898822,ACCEPTED,,36898867,ok,5.715
bot-015,01a0b92b-9a67-7243-afae-bc3aeca7d44a,68,37396963,37398795,ACCEPTED,,37398821,ok,1.858
bot-015,01a0b92b-9c5e-71d9-9300-5619c57d7e31,69,37899512,37948737,ACCEPTED,,37948757,ok,49.245
bot-015,01a0b92b-9e56-733c-b660-27fbc6685439,70,38403265,38449123,ACCEPTED,,38449156,ok,45.891
bot-015,01a0b92b-a04d-74f0-9b86-7b332bd1b84c,71,38906122,38949101,ACCEPTED,,38949141,ok,43.019
bot-015,01a0b92b-a24e-7565-ac55-f9f2dbe0669a,72,39420043,39449224,ACCEPTED,,39449265,ok,29.222
bot-015,01a0b92b-a445-763f-9bca-7a4712a46d2e,73,39922567,39949296,ACCEPTED,,39949331,ok,26.764
bot-015,01a0b92b-a63b-76fa-8970-b741670a106a,74,40424231,40449271,ACCEPTED,,40449310,ok,25.079
bot-015,01a0b92b-a832-7563-b30d-fb917c84e2a7,75,40928049,40949001,ACCEPTED,,40949038,ok,20.989
bot-015,01a0b92b-aa35-71a9-95b3-ccca30ad58a9,76,41442100,41449091,ACCEPTED,,41449143,ok,7.043
bot-015,01a0b92b-ac2a-76fc-8c3f-d9f7f163f92c,77,41943086,41948779,ACCEPTED,,41948798,ok,5.712
bot-015,01a0b92b-ae24-7784-9607-9449ffabfa11,78,42449369,42499228,ACCEPTED,,42499283,ok,49.914
bot-015,01a0b92b-b01c-75ce-b572-a49512810bab,79,42953869,42999208,ACCEPTED,,42999230,ok,45.361
bot-015,01a0b92b-b216-75bc-8bc5-322c11018497,80,43459785,43499407,ACCEPTED,,43499437,ok,39.652
bot-015,01a0b92b-b41b-7130-bb35-c2884aba2ce7,81,43977001,43999222,ACCEPTED,,43999266,ok,22.265
bot-015,01a0b92b-b612-7195-96b1-ec362733d86e,82,44479092,44498948,ACCEPTED,,44498997,ok,19.905
bot-015,01a0b92b-b808-76cf-a59d-a4adb911ecef,83,44981747,44998954,ACCEPTED,,44999009,ok,17.262
bot-015,01a0b92b-b9fe-77ee-b27e-8b16fff4be7e,84,45483988,45499384,ACCEPTED,,45499436,ok,15.448
bot-015,01a0b92b-bbf4-772e-b532-4bdd0d50e4eb,85,45985300,45998694,ACCEPTED,,45998734,ok,13.434
bot-015,01a0b92b-bdeb-7325-b5f2-9f3900287a22,86,46488453,46499246,ACCEPTED,,46499276,ok,10.823
bot-015,01a0b92b-bfe1-7754-9188-3f2638687b05,87,46990284,46999109,ACCEPTED,,46999156,ok,8.872
bot-015,01a0b92b-c1dd-72e8-acc5-a7a0cd07f130,88,47498866,47548742,ACCEPTED,,47548795,ok,49.929
bot-015,01a0b92b-c3d2-75c7-8c63-6099f5a321d7,89,47999433,48049176,ACCEPTED,,48049219,ok,49.786
bot-015,01a0b92b-c5cc-710c-a0ba-f0eda59a86fa,90,48505449,48549060,ACCEPTED,,48549092,ok,43.643
bot-015,01a0b92b-c7c3-71e4-ad74-52cf76474704,91,49008549,49049195,ACCEPTED,,49049244,ok,40.695
bot-015,01a0b92b-c9bc-776c-8a86-5e36ed87d843,92,49513705,49549270,ACCEPTED,,49549304,ok,35.599
bot-015,01a0b92b-cbb1-717d-8e6e-4c87d865d329,93,50014516,50049209,ACCEPTED,,50049262,ok,34.746
bot-015,01a0b92b-cdb5-70f8-812b-18767aebea42,94,50530964,50549097,ACCEPTED,,50549121,ok,18.157
bot-015,01a0b92b-cfab-71c1-92bc-1786d4c5a7d1,95,51032336,51049241,ACCEPTED,,51049299,ok,16.963
bot-015,01a0b92b-d1a0-70cd-80a8-f1e0c57ad9f1,96,51533593,51549003,ACCEPTED,,51549049,ok,15.456
bot-015,01a0b92b-d39f-705e-a2a4-fee7c9a533f1,97,52044379,52049148,ACCEPTED,,52049166,ok,4.787
bot-015,01a0b92b-d5a2-73e4-82f7-c2f33cd70900,98,52559655,52599306,ACCEPTED,,52599324,ok,39.669
bot-015,01a0b92b-d797-72cf-ab50-51a77397743c,99,53060864,53099185,ACCEPTED,,53099213,ok,38.349
bot-015,01a0b92b-d99c-716c-842e-3260b797ab60,100,53577274,53599233,ACCEPTED,,53599254,ok,21.980
bot-015,01a0b92b-db9e-73a2-9137-becb913cd76e,101,54091942,54098938,ACCEPTED,,54098962,ok,7.020
bot-015,01a0b92b-dd99-7221-91af-2961d40564e5,102,54599069,54649045,ACCEPTED,,54649068,ok,49.999
bot-015,01a0b92b-df9d-72a6-b2a1-dcf816bf3e20,103,55114257,55148910,ACCEPTED,,55148929,ok,34.672
bot-015,01a0b92b-e194-7049-8d33-1ae7928f5732,104,55617576,55648905,ACCEPTED,,55648933,ok,31.357
bot-015,01a0b92b-e397-713d-80cf-56bd8d2c7441,105,56132460,56149582,ACCEPTED,,56149601,ok,17.141
bot-015,01a0b92b-e592-75fc-9f4a-bce5038674b7,106,56639060,56649060,ACCEPTED,,56649094,ok,10.034
bot-015,01a0b92b-e789-70b2-8ff2-53d98c8a439a,107,57142565,57149127,ACCEPTED,,57149151,ok,6.586
bot-015,01a0b92b-e982-70f7-9c5d-6a31d0495e7d,108,57647801,57648851,ACCEPTED,,57648879,ok,1.078
bot-015,01a0b92b-eb81-705f-b881-39095cbe5de8,109,58158659,58198929,ACCEPTED,,58198993,ok,40.334
bot-015,01a0b92b-ed82-7694-8e32-0ce86f5596d9,110,58671706,58699194,ACCEPTED,,58699218,ok,27.512
bot-015,01a0b92b-ef79-7303-a6bf-f1eb153fb436,111,59174835,59199351,ACCEPTED,,59199400,ok,24.565
bot-015,01a0b92b-f17c-765a-8f9f-5660bcf7d8c9,112,59689410,59699119,ACCEPTED,,59699149,ok,9.739
bot-015,01a0b92b-f376-7049-91b7-8ed77d98ecc0,113,60195683,60199340,ACCEPTED,,60199366,ok,3.683
bot-015,01a0b92b-f56f-7491-b3c8-2e797aa08995,114,60700284,60749002,ACCEPTED,,60749017,ok,48.733
bot-015,01a0b92b-f772-766e-bbf7-bb382d7aebe2,115,61215288,61249007,ACCEPTED,,61249026,ok,33.738
bot-015,01a0b92b-f968-7368-a936-b279b8e026e3,116,61717411,61749738,ACCEPTED,,61749779,ok,32.368
bot-015,01a0b92b-fb62-75cd-94e4-1fb1939354ac,117,62223376,62248901,ACCEPTED,,62248920,ok,25.544
bot-015,01a0b92b-fd58-708e-8c3c-79f5e7e45240,118,62725908,62749034,ACCEPTED,,62749087,ok,23.179
bot-016,01a0b92b-1334-7215-873c-cb4ed50b6b94,0,2785299,2799213,ACCEPTED,,2799257,ok,13.958
bot-016,01a0b92b-1531-750c-aba5-8943497a2b59,1,3294526,3299207,ACCEPTED,,3299254,ok,4.728
bot-016,01a0b92b-1727-761c-8bb2-6c737f51fe35,2,3796234,3798964,ACCEPTED,,3798999,ok,2.765
bot-016,01a0b92b-191b-73a3-aa36-55e8d75b76a1,3,4296580,4299037,ACCEPTED,,4299083,ok,2.503
bot-016,01a0b92b-1b12-779e-a1b8-a16d6fa60702,4,4799229,4849119,ACCEPTED,,4849169,ok,49.940
bot-016,01a0b92b-1d06-7579-b483-39e629284818,5,5299589,5349011,ACCEPTED,,5349060,ok,49.471
bot-016,01a0b92b-1efb-7667-b606-1ee99865d0d6,6,5800757,5848996,ACCEPTED,,5849026,ok,48.269
bot-016,01a0b92b-20f0-70ba-a892-8b8ad32a98dd,7,6301436,6349319,ACCEPTED,,6349343,ok,47.907
bot-016,01a0b92b-22e6-75aa-899c-fbcba2578e2c,8,6803559,6848872,ACCEPTED,,6848916,ok,45.357
bot-016,01a0b92b-24dc-762b-b9ce-6dfc32308993,9,7305906,7348960,ACCEPTED,,7349012,ok,43.106
bot-016,01a0b92b-26e0-7559-9fff-307095a5b264,10,7821129,7848914,ACCEPTED,,7848949,ok,27.820
bot-016,01a0b92b-28d6-717b-a42a-f16e331f5e97,11,8323113,8349197,ACCEPTED,,8349249,ok,26.136
bot-016,01a0b92b-2ad3-763a-bae0-b80b57fdb4f7,12,8832171,8849071,ACCEPTED,,8849118,ok,16.947
bot-016,01a0b92b-2ccb-76c2-b553-873ecd4e648c,13,9336420,9349193,ACCEPTED,,9349239,ok,12.819
bot-016,01a0b92b-2ec2-725e-954f-0f0f03b2d8b7,14,9839740,9849024,ACCEPTED,,9849067,ok,9.327
bot-016,01a0b92b-30ba-779e-bc11-a2e5563e3409,15,10343208,10348984,ACCEPTED,,10349023,ok,5.815
bot-016,01a0b92b-32b4-768e-9758-f5c1e063ae1e,16,10849142,10849767,ACCEPTED,,10849795,ok,0.653
bot-016,01a0b92b-34aa-7655-a7d8-05d1ec4af3fd,17,11351683,11398866,ACCEPTED,,11398922,ok,47.239
bot-016,01a0b92b-36ac-774d-9615-b0856b8af63d,18,11865910,11898973,ACCEPTED,,11899022,ok,33.112
bot-016,01a0b92b-38a5-7659-adbb-f61b8dc778b0,19,12371008,12399260,ACCEPTED,,12399297,ok,28.289
bot-016,01a0b92b-3aa0-742a-90de-35d914ff089b,20,12877657,12898945,ACCEPTED,,12898993,ok,21.336
bot-016,01a0b92b-3ca1-75ca-999e-d9d870fae07a,21,13390196,13398949,ACCEPTED,,13399001,ok,8.805
bot-016,01a0b92b-3e9e-735e-8dda-d350bb1fcffd,22,13899229,13949303,ACCEPTED,,13949352,ok,50.123
bot-016,01a0b92b-4099-7208-bea4-a209be700270,23,14406494,14449199,ACCEPTED,,14449246,ok,42.752
bot-016,01a0b92b-428f-757f-92d2-fa7745bac5f5,24,14908083,14949082,ACCEPTED,,14949123,ok,41.040
bot-016,01a0b92b-4484-72e7-bd12-02c2b17025c5,25,15409740,15448859,ACCEPTED,,15448898,ok,39.158
bot-016,01a0b92b-467c-70b0-b670-7c1e36f0c874,26,15913842,15949224,ACCEPTED,,15949276,ok,35.434
bot-016,01a0b92b-487f-72b4-ae63-500cadc3bd64,27,16428539,16449641,ACCEPTED,,16449660,ok,21.121
bot-016,01a0b92b-4a76-763f-8735-9b0c143f940d,28,16931631,16949120,ACCEPTED,,16949165,ok,17.534
bot-016,01a0b92b-4c6c-7677-b722-e0be4481ddf7,29,17433454,17449204,ACCEPTED,,17449235,ok,15.781
bot-016,01a0b92b-4e62-73c4-94b5-03c094d88853,30,17935503,17948930,ACCEPTED,,17948974,ok,13.471
bot-016,01a0b92b-5059-729a-85cb-97dc3183575b,31,18438768,18449226,ACCEPTED,,18449264,ok,10.496
bot-016,01a0b92b-5253-71dd-9fac-da7a092ad5e4,32,18944866,18949022,ACCEPTED,,18949056,ok,4.190
bot-016,01a0b92b-544c-73fd-828d-8f12350efe64,33,19449166,19499176,ACCEPTED,,19499221,ok,50.055
bot-016,01a0b92b-5646-7703-8ad0-bb6d730822b3,34,19955913,19999229,ACCEPTED,,19999278,ok,43.365
bot-016,01a0b92b-583b-7735-a47e-128cb894ae0e,35,20456724,20498966,ACCEPTED,,20499019,ok,42.295
bot-016,01a0b92b-5a33-7053-99d8-3497f9d04703,36,20960805,20998977,ACCEPTED,,20998999,ok,38.194
bot-016,01a0b92b-5c35-72ec-a827-72f0e15ac1ce,37,21474886,21499221,ACCEPTED,,21499251,ok,24.365
bot-016,01a0b92b-5e2d-720f-8cd3-52a4e7d9fcae,38,21978852,21998933,ACCEPTED,,21998970,ok,20.118
bot-016,01a0b92b-6023-703b-a2fe-d9704c1d913f,39,22480915,22499322,ACCEPTED,,22499369,ok,18.454
bot-016,01a0b92b-621a-732b-a749-69d4eff97352,40,22983285,22999113,ACCEPTED,,22999168,ok,15.883
bot-016,01a0b92b-6411-703b-ad5f-8793fd4d6c24,41,23487018,23499311,ACCEPTED,,23499338,ok,12.320
bot-016,01a0b92b-6608-770b-972a-34038592b3cf,42,23989382,23999083,ACCEPTED,,23999134,ok,9.752
bot-016,01a0b92b-680b-7322-971e-57e14b6fad90,43,24504599,24549223,ACCEPTED,,24549260,ok,44.661
bot-016,01a0b92b-6a02-716e-b8c5-6a4cd7b156ea,44,25007184,25049073,ACCEPTED,,25049123,ok,41.939
bot-016,01a0b92b-6bfa-758b-85c9-138f54a11cef,45,25511235,25549260,ACCEPTED,,25549309,ok,38.074
bot-016,01a0b92b-6df3-7709-b694-b600d4ab81e1,46,26016732,26048871,ACCEPTED,,26048926,ok,32.194
bot-016,01a0b92b-6fea-7071-93a4-01833c8d4686,47,26519397,26549049,ACCEPTED,,26549101,ok,29.704
bot-016,01a0b92b-71e5-7140-bc77-323262d44027,48,27026077,27049077,ACCEPTED,,27049133,ok,23.056
bot-016,01a0b92b-73db-74ed-999c-974dc6b980bc,49,27528295,27548809,ACCEPTED,,27548864,ok,20.569
bot-016,01a0b92b-75d6-74f5-b13b-e916270cdfce,50,28035086,28049194,ACCEPTED,,28049252,ok,14.166
bot-016,01a0b92b-77cc-7213-bb1c-c7c61b6539be,51,28537410,28549283,ACCEPTED,,28549317,ok,11.907
bot-016,01a0b92b-79c2-70df-8d58-28cd237cb9a9,52,29039508,29049199,ACCEPTED,,29049253,ok,9.745
bot-016,01a0b92b-7bb9-739f-92ca-a15fa201239b,53,29542248,29549170,ACCEPTED,,29549193,ok,6.945
bot-016,01a0b92b-7db0-7375-81fc-385d63209638,54,30045942,30049105,ACCEPTED,,30049119,ok,3.177
bot-016,01a0b92b-7fa7-71e5-b57a-2ba3d9d9abb6,55,30548921,30599210,ACCEPTED,,30599271,ok,50.350
bot-016,01a0b92b-819f-76f9-af6d-7949e2030407,56,31052298,31098930,ACCEPTED,,31098971,ok,46.673
bot-016,01a0b92b-8396-742f-97bd-843c1333fd2b,57,31555903,31599308,ACCEPTED,,31599343,ok,43.440
bot-016,01a0b92b-8591-7209-a4f8-367fc6bd9c59,58,32062104,32099004,ACCEPTED,,32099035,ok,36.931
bot-016,01a0b92b-8789-7393-a39e-525e81ad61d6,59,32566531,32598979,ACCEPTED,,32599029,ok,32.498
bot-016,01a0b92b-8985-7374-8c07-dcdf0a0bb30b,60,33074660,33099225,ACCEPTED,,33099279,ok,24.619
bot-016,01a0b92b-8b85-73f3-8f5d-bdb49163c834,61,33586479,33598930,ACCEPTED,,33598982,ok,12.503
bot-016,01a0b92b-8d7f-7683-a3c5-9a931629ceab,62,34092426,34099306,ACCEPTED,,34099326,ok,6.900
bot-016,01a0b92b-8f79-71f3-9257-f45247b786aa,63,34598871,34649021,ACCEPTED,,34649074,ok,50.203
bot-016,01a0b92b-9178-753e-8efc-0115ce726d67,64,35109270,35148866,ACCEPTED,,35148916,ok,39.646
bot-016,01a0b92b-936f-733a-a98e-5ab09a6d91bc,65,35612361,35649164,ACCEPTED,,35649208,ok,36.847
bot-016,01a0b92b-9573-75ef-840e-ff40d78609e1,66,36128475,36149239,ACCEPTED,,36149296,ok,20.821
bot-016,01a0b92b-976a-77b5-aeb6-c4b88372012b,67,36631475,36648842,ACCEPTED,,36648877,ok,17.402
bot-016,01a0b92b-9963-73c2-bc2f-f4b028a77605,68,37136974,37149208,ACCEPTED,,37149258,ok,12.284
bot-016,01a0b92b-9b5d-76bb-8cea-7e3e9cf192fb,69,37642478,37648914,ACCEPTED,,37648960,ok,6.482
bot-016,01a0b92b-9d54-735a-b7dc-5577dcae9152,70,38145813,38149253,ACCEPTED,,38149282,ok,3.469
bot-016,01a0b92b-9f4b-74f9-aad4-94985bb5415e,71,38648345,38649016,ACCEPTED,,38649039,ok,0.694
bot-016,01a0b92b-a14f-742f-a439-b07ca5337a3d,72,39164707,39198966,ACCEPTED,,39199016,ok,34.309
bot-016,01a0b92b-a350-7789-9afd-58f16c56d2e6,73,39677753,39698970,ACCEPTED,,39699010,ok,21.257
bot-016,01a0b92b-a547-755d-8ce7-ffc471a2dbb8,74,40180666,40199129,ACCEPTED,,40199159,ok,18.493
bot-016,01a0b92b-a74b-73a2-b891-536d7443022c,75,40696670,40698806,ACCEPTED,,40698828,ok,2.158
bot-016,01a0b92b-a944-70bb-965a-8c160bb59498,76,41202045,41249461,ACCEPTED,,41249485,ok,47.440
bot-016,01a0b92b-ab44-7566-8c10-37995313901e,77,41713877,41748939,ACCEPTED,,41748983,ok,35.106
bot-016,01a0b92b-ad3c-77d8-b252-79a4222d5d85,78,42218060,42249060,ACCEPTED,,42249101,ok,31.041
bot-016,01a0b92b-af37-720d-aea9-885f79f1cece,79,42724989,42749131,ACCEPTED,,42749181,ok,24.192
bot-016,01a0b92b-b130-7632-9ec4-b9bb326abcf4,80,43229170,43249130,ACCEPTED,,43249174,ok,20.004
bot-016,01a0b92b-b326-7490-be51-3904a3ef7c28,81,43731537,43748803,ACCEPTED,,43748845,ok,17.308
bot-016,01a0b92b-b51f-77c7-8f39-4da3c5e72857,82,44236884,44249056,ACCEPTED,,44249106,ok,12.222
bot-016,01a0b92b-b722-73c1-8f8e-8f7241d321bb,83,44751167,44799010,ACCEPTED,,44799054,ok,47.887
bot-016,01a0b92b-b91a-7677-bbed-a968139411f5,84,45255155,45298912,ACCEPTED,,45298970,ok,43.815
bot-016,01a0b92b-bb10-7360-8505-f150f706626b,85,45757305,45799081,ACCEPTED,,45799116,ok,41.811
bot-016,01a0b92b-bd07-76fd-b1d8-f47879bb7b63,86,46260295,46299245,ACCEPTED,,46299305,ok,39.010
bot-016,01a0b92b-bf0b-74b2-9660-1533a56c1021,87,46777035,46798851,ACCEPTED,,46798908,ok,21.873
bot-016,01a0b92b-c10d-764c-bdfa-6e8aaeccee7e,88,47291058,47298781,ACCEPTED,,47298805,ok,7.747
bot-016,01a0b92b-c304-76b9-98a5-38412145f2a5,89,47793130,47798728,ACCEPTED,,47798757,ok,5.627
bot-016,01a0b92b-c507-7434-8012-ecfeff71cd4d,90,48308618,48349066,ACCEPTED,,48349116,ok,40.498
bot-016,01a0b92b-c70c-74ec-a1d0-24cd1796007d,91,48825167,48849027,ACCEPTED,,48849063,ok,23.896
bot-016,01a0b92b-c904-7477-8b48-3cde1e72441a,92,49329135,49349126,ACCEPTED,,49349177,ok,20.042
bot-016,01a0b92b-cafc-71bc-a520-01d2f6402c5c,93,49834054,49849296,ACCEPTED,,49849356,ok,15.302
bot-016,01a0b92b-ccff-706a-86f7-04612e1c2289,94,50348638,50398943,ACCEPTED,,50398982,ok,50.344
bot-016,01a0b92b-cf03-76d8-b185-c1cc02b6f8b2,95,50864348,50899220,ACCEPTED,,50899280,ok,34.932
bot-016,01a0b92b-d0f9-76aa-9f4e-2f63680db7a7,96,51366359,51399250,ACCEPTED,,51399293,ok,32.934
bot-016,01a0b92b-d2f9-7761-8bcb-7f39221afb92,97,51878100,51899237,ACCEPTED,,51899287,ok,21.187
bot-016,01a0b92b-d4fb-739a-9552-a90a619e5713,98,52392890,52399195,ACCEPTED,,52399241,ok,6.351
bot-016,01a0b92b-d6f0-7193-8725-cae56c1901fc,99,52893902,52898673,ACCEPTED,,52898710,ok,4.808
bot-016,01a0b92b-d8f5-7391-9d26-0103e53d09c0,100,53410573,53449247,ACCEPTED,,53449302,ok,38.729
bot-016,01a0b92b-daf7-77b5-b6f9-bccf991dbe3f,101,53925001,53949329,ACCEPTED,,53949378,ok,24.377
bot-016,01a0b92b-dcf2-7401-a0b7-e6b54a1a0ae4,102,54431843,54449281,ACCEPTED,,54449332,ok,17.489
bot-016,01a0b92b-dee8-709c-bc67-c4926fbe6539,103,54933521,54948896,ACCEPTED,,54948947,ok,15.426
bot-016,01a0b92b-e0dd-744b-a5ff-b76478fe37d3,104,55434733,55448888,ACCEPTED,,55448922,ok,14.189
bot-016,01a0b92b-e2d2-77b8-94f7-fec88424f36c,105,55935578,55949357,ACCEPTED,,55949413,ok,13.835
bot-016,01a0b92b-e4cb-7580-b2be-36ad709d614f,106,56440481,56449254,ACCEPTED,,56449299,ok,8.818
bot-016,01a0b92b-e6c3-767c-8d26-ee16bf3756eb,107,56944570,56948834,ACCEPTED,,56948879,ok,4.309
bot-016,01a0b92b-e8bb-7515-b281-74fbb4d746ae,108,57448761,57499156,ACCEPTED,,57499187,ok,50.426
bot-016,01a0b92b-eabb-77bc-ac5c-5a6d39832a14,109,57960870,57999056,ACCEPTED,,57999102,ok,38.232
bot-016,01a0b92b-ecbd-7794-b7ad-56fdfb5b1857,110,58474392,58498876,ACCEPTED,,58498915,ok,24.523
bot-016,01a0b92b-eeb4-774f-9dc9-3bf7ff6e08a5,111,58977357,58998958,ACCEPTED,,58999017,ok,21.660
bot-016,01a0b92b-f0b8-7336-97ea-fe7eb406260e,112,59493315,59499171,ACCEPTED,,59499190,ok,5.875
bot-016,01a0b92b-f2af-71bf-b0f4-7a38bfc2f3cd,113,59996498,59999792,ACCEPTED,,59999858,ok,3.360
bot-016,01a0b92b-f4a8-7602-9c59-acd175a6e76c,114,60501383,60548873,ACCEPTED,,60548901,ok,47.518
bot-016,01a0b92b-f69f-71bb-88dd-afefecbeb9ff,115,61004174,61049241,ACCEPTED,,61049270,ok,45.096
bot-016,01a0b92b-f8a2-71d0-8a5d-355f619fd946,116,61519339,61549207,ACCEPTED,,61549250,ok,29.911
bot-016,01a0b92b-fa9a-75b7-90a9-c82789ae99d0,117,62023915,62049136,ACCEPTED,,62049180,ok,25.265
bot-016,01a0b92b-fc94-70d5-8f34-ca74028d5103,118,62529088,62549016,ACCEPTED,,62549060,ok,19.972
bot-017,01a0b92b-13d3-75d5-aaf2-6de198567710,0,2944363,2949132,ACCEPTED,,2949171,ok,4.808
bot-017,01a0b92b-15ca-777e-b307-9561ed81fde1,1,3447408,3448990,ACCEPTED,,3449019,ok,1.611
bot-017,01a0b92b-17cf-76dd-988d-9d5064bc6e9f,2,3964208,3999116,ACCEPTED,,3999155,ok,34.947
bot-017,01a0b92b-19c4-701f-ba3d-99a8f78f1a2d,3,4465892,4498950,ACCEPTED,,4499002,ok,33.110
bot-017,01a0b92b-1bbd-7723-a980-aedc5055e5a5,4,4970274,4999211,ACCEPTED,,4999253,ok,28.979
bot-017,01a0b92b-1db7-7546-87fd-35ec40b2d151,5,5476309,5499279,ACCEPTED,,5499310,ok,23.001
bot-017,01a0b92b-1fbb-7219-98c1-24bfe48e4e32,6,5992408,5999760,ACCEPTED,,5999783,ok,7.375
bot-017,01a0b92b-21b5-7029-8f9a-8ca03b0ae644,7,6498846,6549028,ACCEPTED,,6549063,ok,50.217
bot-017,01a0b92b-23ac-7550-b72d-00279fc94053,8,7001253,7048776,ACCEPTED,,7048827,ok,47.574
bot-017,01a0b92b-25a2-7424-ae53-b4fe6d5726d3,9,7503423,7549186,ACCEPTED,,7549219,ok,45.796
bot-017,01a0b92b-2797-75ad-949a-adb86d8c20e0,10,8004807,8048949,ACCEPTED,,8048970,ok,44.163
bot-017,01a0b92b-2990-72a3-b371-d5a68ac57c33,11,8509793,8549173,ACCEPTED,,8549209,ok,39.416
bot-017,01a0b92b-2b89-77d5-a9db-7fb514266a6f,12,9014325,9048973,ACCEPTED,,9049006,ok,34.681
bot-017,01a0b92b-2d81-74b6-9b78-d9ed559152ff,13,9518899,9549328,ACCEPTED,,9549346,ok,30.447
bot-017,01a0b92b-2f78-7778-8652-5f2d04eefb4b,14,10021484,10049128,ACCEPTED,,10049185,ok,27.701
bot-017,01a0b92b-3173-7451-b552-ce8d0034c9f5,15,10528368,10548965,ACCEPTED,,10548993,ok,20.625
bot-017,01a0b92b-336a-7742-b32b-de570a7b0c34,16,11031451,11048969,ACCEPTED,,11048996,ok,17.545
bot-017,01a0b92b-355f-7776-8fe8-f74d3b82ca2b,17,11532475,11549021,ACCEPTED,,11549054,ok,16.579
bot-017,01a0b92b-3764-72d6-b079-73245dc9f8b1,18,12049223,12099280,ACCEPTED,,12099338,ok,50.115
bot-017,01a0b92b-395d-72d7-84e5-7886343fa089,19,12554568,12598889,ACCEPTED,,12598923,ok,44.355
bot-017,01a0b92b-3b56-70ef-9773-ba0ca97eff92,20,13059144,13099176,ACCEPTED,,13099189,ok,40.045
bot-017,01a0b92b-3d55-74e1-b865-8c2f366223c6,21,13570864,13598973,ACCEPTED,,13599021,ok,28.157
bot-017,01a0b92b-3f4b-70f6-8a16-1b6974d4cb2a,22,14072712,14099051,ACCEPTED,,14099102,ok,26.390
bot-017,01a0b92b-4141-7727-a6ca-a55ef78d92fc,23,14574201,14599372,ACCEPTED,,14599405,ok,25.204
bot-017,01a0b92b-4338-7411-9ca5-cc0a06efc478,24,15077951,15099096,ACCEPTED,,15099148,ok,21.197
bot-017,01a0b92b-453b-7175-a0e4-f74129e9936d,25,15592683,15598953,ACCEPTED,,15598985,ok,6.302
bot-017,01a0b92b-4733-73ff-afa7-82710f23d7af,26,16096153,16098814,ACCEPTED,,16098860,ok,2.707
bot-017,01a0b92b-4928-7085-9087-42477f6d9b24,27,16597915,16599099,ACCEPTED,,16599157,ok,1.242
bot-017,01a0b92b-4b1d-73c6-8087-437ac9be3582,28,17098937,17148783,ACCEPTED,,17148816,ok,49.879
bot-017,01a0b92b-4d14-7023-93b0-55efc02066d5,29,17601973,17648849,ACCEPTED,,17648876,ok,46.903
bot-017,01a0b92b-4f0a-7137-9805-5feecd396df3,30,18103541,18149424,ACCEPTED,,18149458,ok,45.917
bot-017,01a0b92b-50ff-7397-885f-49ee23b82e6f,31,18604734,18649112,ACCEPTED,,18649137,ok,44.403
bot-017,01a0b92b-52fc-7003-89df-8a9311d91066,32,19113867,19148903,ACCEPTED,,19148955,ok,35.088
bot-017,01a0b92b-54f6-719b-b78e-05897618a06a,33,19619764,19649055,ACCEPTED,,19649086,ok,29.322
bot-017,01a0b92b-56ed-73ca-b0b8-c38feeda0265,34,20123007,20149220,ACCEPTED,,20149264,ok,26.257
bot-017,01a0b92b-58f2-75f6-b100-1258c516079b,35,20639622,20648875,ACCEPTED,,20648901,ok,9.279
bot-017,01a0b92b-5af5-71e9-8c71-c8217cdd2ef6,36,21154601,21199041,ACCEPTED,,21199078,ok,44.477
bot-017,01a0b92b-5ced-7569-b780-f7b17970d723,37,21658568,21699166,ACCEPTED,,21699193,ok,40.625
bot-017,01a0b92b-5ee4-76e3-8e0b-67c704aac743,38,22161102,22199201,ACCEPTED,,22199222,ok,38.120
bot-017,01a0b92b-60da-7497-93de-5d4f4725e5dc,39,22663249,22699283,ACCEPTED,,22699321,ok,36.072
bot-017,01a0b92b-62d0-7206-bd7b-16b153a991b1,40,23166061,23199291,ACCEPTED,,23199323,ok,33.262
bot-017,01a0b92b-64ca-7753-8023-0479cb38c767,41,23671205,23698915,ACCEPTED,,23698949,ok,27.744
bot-017,01a0b92b-66cd-759a-8891-c970d4150d58,42,24186309,24198810,ACCEPTED,,24198862,ok,12.553
bot-017,01a0b92b-68cf-7476-ac84-374ec006bb13,43,24701026,24749008,ACCEPTED,,24749030,ok,48.004
bot-017,01a0b92b-6aca-72e2-a81d-453ab7b40f5b,44,25207986,25249372,ACCEPTED,,25249397,ok,41.411
bot-017,01a0b92b-6cc1-7200-b104-46e722b8c7c7,45,25710973,25748934,ACCEPTED,,25748949,ok,37.976
bot-017,01a0b92b-6ebb-77b6-be70-45ff3b00dc61,46,26216802,26248726,ACCEPTED,,26248760,ok,31.958
bot-017,01a0b92b-70b1-75b2-a291-97b8f7847b67,47,26718152,26749398,ACCEPTED,,26749459,ok,31.307
bot-017,01a0b92b-72ab-75fe-ad0e-d32ed8bfd983,48,27224158,27248965,ACCEPTED,,27249003,ok,24.845
bot-017,01a0b92b-74a1-70d1-b436-6257bb12fe02,49,27726274,27749118,ACCEPTED,,27749149,ok,22.875
bot-017,01a0b92b-769c-7702-b4ff-b72e3b1ec0ca,50,28233983,28248886,ACCEPTED,,28248904,ok,14.921
bot-017,01a0b92b-78a0-759a-a085-736b4903cd50,51,28749702,28799186,ACCEPTED,,28799213,ok,49.511
bot-017,01a0b92b-7a97-77e2-b9dc-6a31415b418a,52,29252140,29299202,ACCEPTED,,29299224,ok,47.084
bot-017,01a0b92b-7c8e-7300-a015-130858c1134e,53,29756028,29799281,ACCEPTED,,29799311,ok,43.283
bot-017,01a0b92b-7e88-773f-bfe9-28d553dc693c,54,30261209,30299015,ACCEPTED,,30299045,ok,37.836
bot-017,01a0b92b-8080-712c-8167-8e3a2d1d8fd0,55,30765171,30799230,ACCEPTED,,30799281,ok,34.110
bot-017,01a0b92b-8276-70da-9a50-9f7740067964,56,31267437,31298992,ACCEPTED,,31299049,ok,31.612
bot-017,01a0b92b-846d-7740-b38f-982188dd490d,57,31770608,31799212,ACCEPTED,,31799236,ok,28.628
bot-017,01a0b92b-8667-76aa-987b-6def9d736dc6,58,32276905,32298943,ACCEPTED,,32298989,ok,22.084
bot-017,01a0b92b-8865-71f7-8386-5edeb22c1368,59,32786573,32798921,ACCEPTED,,32798973,ok,12.400
bot-017,01a0b92b-8a5a-765f-bba3-3a088f771c3a,60,33287576,33298895,ACCEPTED,,33298944,ok,11.368
bot-017,01a0b92b-8c5d-72ea-bb71-8c7bb964c45f,61,33802430,33848966,ACCEPTED,,33848987,ok,46.557
bot-017,01a0b92b-8e54-7020-a0ae-db777b782e42,62,34305579,34349033,ACCEPTED,,34349063,ok,43.484
bot-017,01a0b92b-904a-725b-ba0d-09bf1e090a31,63,34807688,34849221,ACCEPTED,,34849278,ok,41.590
bot-017,01a0b92b-924d-762c-894e-096e8294f7ea,64,35322864,35348806,ACCEPTED,,35348840,ok,25.976
bot-017,01a0b92b-9446-76b2-b453-dc623b53c04d,65,35827310,35849231,ACCEPTED,,35849299,ok,21.989
bot-017,01a0b92b-9649-768c-b646-140d7cf1f37c,66,36342501,36349144,ACCEPTED,,36349201,ok,6.700
bot-017,01a0b92b-9841-769a-b108-6945db7f3a2d,67,36846576,36848753,ACCEPTED,,36848785,ok,2.209
bot-017,01a0b92b-9a3a-71f8-b220-e6314dbe6d20,68,37351369,37398764,ACCEPTED,,37398777,ok,47.408
bot-017,01a0b92b-9c30-7310-a831-660a8802cf8c,69,37853853,37899866,ACCEPTED,,37899896,ok,46.043
bot-017,01a0b92b-9e29-75c7-a96f-de519ad8d544,70,38358338,38398974,ACCEPTED,,38399013,ok,40.675
bot-017,01a0b92b-a01f-75e2-b71c-bc5998c70af6,71,38860839,38898849,ACCEPTED,,38898887,ok,38.048
bot-017,01a0b92b-a221-7225-a133-cdd1b8c982fb,72,39374870,39398841,ACCEPTED,,39398893,ok,24.023
bot-017,01a0b92b-a416-70c8-aa4d-ebf8fa43f053,73,39875959,39898773,ACCEPTED,,39898805,ok,22.846
bot-017,01a0b92b-a60d-7693-ad56-9a0ba7598c0b,74,40378237,40398848,ACCEPTED,,40398877,ok,20.640
bot-017,01a0b92b-a806-7317-b4f6-ab7fb93b9772,75,40883285,40898917,ACCEPTED,,40898971,ok,15.686
bot-017,01a0b92b-aa08-743d-8999-886b68e75990,76,41397129,41398849,ACCEPTED,,41398877,ok,1.748
bot-017,01a0b92b-ac0b-754e-8f81-082d0fc0b019,77,41912748,41948743,ACCEPTED,,41948773,ok,36.025
bot-017,01a0b92b-ae08-75d9-9732-2c92729f3e1e,78,42421269,42449390,ACCEPTED,,42449420,ok,28.151
bot-017,01a0b92b-afff-7440-82ea-98968b1afe27,79,42924136,42948941,ACCEPTED,,42948973,ok,24.837
bot-017,01a0b92b-b1f7-7598-93cc-909e2cfd1188,80,43428089,43449370,ACCEPTED,,43449400,ok,21.311
bot-017,01a0b92b-b3ed-76e2-9fb5-97dd3b43fb39,81,43930139,43949204,ACCEPTED,,43949266,ok,19.127
bot-017,01a0b92b-b5e5-71aa-9324-019663e14a98,82,44434467,44449542,ACCEPTED,,44449620,ok,15.153
bot-017,01a0b92b-b7db-71ea-ad8c-269099053932,83,44936281,44948839,ACCEPTED,,44948896,ok,12.615
bot-017,01a0b92b-b9d0-74b0-93d2-50b0a9a1d11a,84,45437360,45448833,ACCEPTED,,45448862,ok,11.502
bot-017,01a0b92b-bbc6-70fa-9528-94cde4710e1a,85,45939355,45949141,ACCEPTED,,45949162,ok,9.807
bot-017,01a0b92b-bdbd-7074-9dd0-ef970691864d,86,46442706,46449146,ACCEPTED,,46449181,ok,6.475
bot-017,01a0b92b-bfb3-76d0-b2a9-b0c385a39e32,87,46944867,46949144,ACCEPTED,,46949172,ok,4.305
bot-017,01a0b92b-c1b5-76d6-abf5-1c51acc19452,88,47458342,47498919,ACCEPTED,,47498943,ok,40.601
bot-017,01a0b92b-c3b9-7226-a387-cf4092cd8c5f,89,47974628,47999247,ACCEPTED,,47999287,ok,24.659
bot-017,01a0b92b-c5bd-7602-9d51-b5e5eaaeefb2,90,48490655,48499012,ACCEPTED,,48499053,ok,8.398
bot-017,01a0b92b-c7b4-7625-9583-127215c9ee00,91,48993577,48999048,ACCEPTED,,48999096,ok,5.519
bot-017,01a0b92b-c9ad-750b-9939-c6a987d812e7,92,49498738,49549094,ACCEPTED,,49549156,ok,50.418
bot-017,01a0b92b-cbb1-717d-8e6e-4c8d6730c7eb,93,50014604,50049332,ACCEPTED,,50049362,ok,34.758
bot-017,01a0b92b-cdb5-70f8-812b-18714fe6f158,94,50530395,50549035,ACCEPTED,,50549086,ok,18.691
bot-017,01a0b92b-cfab-71c1-92bc-17845257ca1b,95,51032308,51049339,ACCEPTED,,51049356,ok,17.048
bot-017,01a0b92b-d1a0-70cd-80a8-f1e6ad3498c3,96,51533737,51549091,ACCEPTED,,51549117,ok,15.380
bot-017,01a0b92b-d39f-705e-a2a4-feeb2fd35cc5,97,52044438,52049114,ACCEPTED,,52049148,ok,4.710
bot-017,01a0b92b-d5a2-73e4-82f7-c2f223a1a24b,98,52559647,52599300,ACCEPTED,,52599323,ok,39.676
bot-017,01a0b92b-d797-72cf-ab50-51a8f90abd12,99,53060881,53099236,ACCEPTED,,53099256,ok,38.375
bot-017,01a0b92b-d99c-716c-842e-325d0e883802,100,53577106,53599240,ACCEPTED,,53599262,ok,22.156
bot-017,01a0b92b-db9e-73a2-9137-bec5492685b3,101,54091809,54098796,ACCEPTED,,54098840,ok,7.031
bot-017,01a0b92b-dd99-7221-91af-295d78d84aae,102,54598933,54648962,ACCEPTED,,54648988,ok,50.055
bot-017,01a0b92b-df9d-72a6-b2a1-dcf33f9796bb,103,55114107,55148875,ACCEPTED,,55148896,ok,34.789
bot-017,01a0b92b-e194-7049-8d33-1ae19d996a05,104,55617490,55648828,ACCEPTED,,55648883,ok,31.393
bot-017,01a0b92b-e397-713d-80cf-56bb87b05d78,105,56132373,56149495,ACCEPTED,,56149535,ok,17.162
bot-017,01a0b92b-e592-75fc-9f4a-bce8098121e1,106,56639149,56649074,ACCEPTED,,56649106,ok,9.957
bot-017,01a0b92b-e789-70b2-8ff2-53df8e6445ee,107,57142627,57149007,ACCEPTED,,57149037,ok,6.410
bot-017,01a0b92b-e982-70f7-9c5d-6a3072a24d81,108,57647794,57648907,ACCEPTED,,57648929,ok,1.135
bot-017,01a0b92b-eb81-705f-b881-390c5fe9b040,109,58158758,58199051,ACCEPTED,,58199067,ok,40.309
bot-017,01a0b92b-ed82-7694-8e32-0cea3a59b056,110,58671759,58699211,ACCEPTED,,58699231,ok,27.472
bot-017,01a0b92b-ef79-7303-a6bf-f1e8e14d4e68,111,59174852,59199392,ACCEPTED,,59199425,ok,24.573
bot-017,01a0b92b-f17c-765a-8f9f-56598d49f6c0,112,59689330,59699185,ACCEPTED,,59699215,ok,9.885
bot-017,01a0b92b-f376-7049-91b7-8ed836c4bf6e,113,60195717,60199150,ACCEPTED,,60199171,ok,3.454
bot-017,01a0b92b-f56f-7491-b3c8-2e7b94a48d0e,114,60700306,60749012,ACCEPTED,,60749040,ok,48.734
bot-017,01a0b92b-f772-766e-bbf7-bb35b592f22e,115,61215226,61248898,ACCEPTED,,61248957,ok,33.731
bot-017,01a0b92b-f968-7368-a936-b2756d15af62,116,61717292,61749706,ACCEPTED,,61749721,ok,32.429
bot-017,01a0b92b-fb62-75cd-94e4-1fb41d1de713,117,62223416,62248905,ACCEPTED,,62248919,ok,25.503
bot-017,01a0b92b-fd58-708e-8c3c-79f72d1782bf,118,62725945,62749118,ACCEPTED,,62749149,ok,23.204
bot-018,01a0b92b-14d2-7029-ba7f-3251e1a544b9,0,3199182,3249059,ACCEPTED,,3249092,ok,49.910
bot-018,01a0b92b-16ca-7241-8e8c-9d178503e952,1,3703955,3748859,ACCEPTED,,3748910,ok,44.955
bot-018,01a0b92b-18c1-7288-a6c8-e1742aecec34,2,4206160,4249124,ACCEPTED,,4249158,ok,42.998
bot-018,01a0b92b-1ab6-75bf-a428-8cf71c0b004f,3,4707388,4749235,ACCEPTED,,4749296,ok,41.908
bot-018,01a0b92b-1cb2-7419-9922-aa400517c0fe,4,5216019,5249070,ACCEPTED,,5249088,ok,33.069
bot-018,01a0b92b-1eab-7227-9662-dc660e36d09a,5,5720824,5749136,ACCEPTED,,5749193,ok,28.369
bot-018,01a0b92b-20a3-71d5-9444-e2568be44801,6,6224298,6249186,ACCEPTED,,6249235,ok,24.937
bot-018,01a0b92b-229a-7411-bd12-ea6bcec7035a,7,6727465,6748929,ACCEPTED,,6748965,ok,21.500
bot-018,01a0b92b-249f-77f5-a248-bfcdd645f865,8,7244579,7248802,ACCEPTED,,7248829,ok,4.250
bot-018,01a0b92b-2698-7412-a3d1-5803fed588ec,9,7749304,7798904,ACCEPTED,,7798959,ok,49.655
bot-018,01a0b92b-2898-734a-b4d5-5cb24a7a2053,10,8262044,8299246,ACCEPTED,,8299277,ok,37.233
bot-018,01a0b92b-2a95-7384-9d63-1936541c6ce7,11,8770986,8798842,ACCEPTED,,8798899,ok,27.913
bot-018,01a0b92b-2c8d-7219-a124-f700173d902b,12,9274812,9298904,ACCEPTED,,9298953,ok,24.141
bot-018,01a0b92b-2e86-7749-b22f-e848853465b0,13,9779118,9799287,ACCEPTED,,9799323,ok,20.205
bot-018,01a0b92b-307c-7495-add7-7b69badec09b,14,10281631,10298699,ACCEPTED,,10298733,ok,17.102
bot-018,01a0b92b-3275-7432-936e-19fb1c2b0877,15,10786992,10798785,ACCEPTED,,10798819,ok,11.827
bot-018,01a0b92b-346e-703a-b4a4-9093f5d0dbeb,16,11291254,11298904,ACCEPTED,,11298943,ok,7.689
bot-018,01a0b92b-3669-7605-b39a-c93121d9ab10,17,11798977,11848860,ACCEPTED,,11848887,ok,49.910
bot-018,01a0b92b-3867-74b6-a85b-3f86cc3a4ca8,18,12308718,12349592,ACCEPTED,,12349650,ok,40.932
bot-018,01a0b92b-3a62-72dc-8861-bffffa3238e4,19,12815942,12848899,ACCEPTED,,12848945,ok,33.003
bot-018,01a0b92b-3c64-7418-87db-53a225d62ca9,20,13329095,13349162,ACCEPTED,,13349211,ok,20.116
bot-018,01a0b92b-3e59-772a-8c46-faa132af5407,21,13830239,13849276,ACCEPTED,,13849299,ok,19.060
bot-018,01a0b92b-405d-75b0-afd0-617c641127dc,22,14346905,14349023,ACCEPTED,,14349051,ok,2.146
bot-018,01a0b92b-4254-767f-82a8-380a7fd51f14,23,14849260,14899099,ACCEPTED,,14899151,ok,49.891
bot-018,01a0b92b-4448-77f1-96b3-632db3b4c992,24,15349879,15399065,ACCEPTED,,15399099,ok,49.220
bot-018,01a0b92b-463f-70e7-beb4-47042072a2b2,25,15852584,15899068,ACCEPTED,,15899086,ok,46.502
bot-018,01a0b92b-4843-7234-8bdc-ce6273c3b043,26,16368221,16399019,ACCEPTED,,16399050,ok,30.829
bot-018,01a0b92b-4a3a-7567-9b1e-55092c3521f6,27,16871189,16899003,ACCEPTED,,16899049,ok,27.860
bot-018,01a0b92b-4c2f-75c5-917b-bc4b4b8ccd0f,28,17372726,17399249,ACCEPTED,,17399276,ok,26.550
bot-018,01a0b92b-4e24-746f-ac90-5c39622a606a,29,17873929,17898802,ACCEPTED,,17898865,ok,24.936
bot-018,01a0b92b-501d-7507-bff1-272421ccb477,30,18378789,18398787,ACCEPTED,,18398834,ok,20.045
bot-018,01a0b92b-5216-7659-91f0-c3881706b049,31,18883662,18898993,ACCEPTED,,18899048,ok,15.386
bot-018,01a0b92b-5411-748a-a96b-3ec9cd005a29,32,19390991,19398877,ACCEPTED,,19398932,ok,7.941
bot-018,01a0b92b-560a-70e2-a1da-f0dee7853237,33,19895130,19899020,ACCEPTED,,19899057,ok,3.927
bot-018,01a0b92b-5802-726c-9ebc-33af46cb3cf9,34,20399160,20449325,ACCEPTED,,20449375,ok,50.215
bot-018,01a0b92b-59f6-710b-84e8-c29e1b2b224f,35,20899803,20949172,ACCEPTED,,20949215,ok,49.412
bot-018,01a0b92b-5bf8-77c0-ae4b-9e99dcab8ab5,36,21413538,21448867,ACCEPTED,,21448906,ok,35.368
bot-018,01a0b92b-5df0-777c-a56a-2f5f52cfdc29,37,21917850,21949030,ACCEPTED,,21949070,ok,31.220
bot-018,01a0b92b-5fe7-71da-a219-3ecfb17bb1a3,38,22420120,22449410,ACCEPTED,,22449460,ok,29.340
bot-018,01a0b92b-61db-770f-81b8-1c73ae9ce49d,39,22920986,22949186,ACCEPTED,,22949236,ok,28.250
bot-018,01a0b92b-63d4-7782-af7a-896764c16639,40,23425369,23449007,ACCEPTED,,23449058,ok,23.689
bot-018,01a0b92b-65cc-707e-b9dc-b3f23b3eabc8,41,23929210,23948816,ACCEPTED,,23948863,ok,19.653
bot-018,01a0b92b-67cf-7381-a29e-6b7f09e3286e,42,24444174,24449278,ACCEPTED,,24449326,ok,5.152
bot-018,01a0b92b-69c7-74ac-9272-743514d9c4ee,43,24948972,24998848,ACCEPTED,,24998889,ok,49.917
bot-018,01a0b92b-6bbd-764d-90d8-bc3c17e98cf0,44,25450687,25499246,ACCEPTED,,25499294,ok,48.607
bot-018,01a0b92b-6db6-774e-b7c3-f3159fd8d9aa,45,25955930,25998855,ACCEPTED,,25998910,ok,42.980
bot-018,01a0b92b-6fad-7000-acbd-8f64a964e0c1,46,26458241,26498995,ACCEPTED,,26499042,ok,40.801
bot-018,01a0b92b-71a7-72fd-a93a-075db0e10d2f,47,26964313,26999057,ACCEPTED,,26999104,ok,34.791
bot-018,01a0b92b-739e-7240-b75e-cc158084301f,48,27467086,27498910,ACCEPTED,,27498966,ok,31.880
bot-018,01a0b92b-7599-7040-949a-b663f5b742b7,49,27974139,27999029,ACCEPTED,,27999074,ok,24.935
bot-018,01a0b92b-7790-7546-9c7d-4ac720c20dd8,50,28477214,28499038,ACCEPTED,,28499085,ok,21.871
bot-018,01a0b92b-7986-768a-a0cd-941832cdc2ce,51,28979472,28999239,ACCEPTED,,28999285,ok,19.813
bot-018,01a0b92b-7b8a-738a-9d07-87ba6f1649d2,52,29495731,29498847,ACCEPTED,,29498867,ok,3.136
bot-018,01a0b92b-7d82-727a-92cb-46c647d71b52,53,29999188,30049022,ACCEPTED,,30049060,ok,49.872
bot-018,01a0b92b-7f7e-76bb-a4bc-263652ce4c51,54,30507498,30548875,ACCEPTED,,30548927,ok,41.429
bot-018,01a0b92b-8181-7157-918c-ac944c136e93,55,31022600,31048964,ACCEPTED,,31049006,ok,26.406
bot-018,01a0b92b-8378-77e9-8e92-f4f08f178470,56,31525876,31550557,ACCEPTED,,31550611,ok,24.735
bot-018,01a0b92b-8572-7729-bbcf-c1513fc8819b,57,32031236,32048850,ACCEPTED,,32048875,ok,17.639
bot-018,01a0b92b-876b-76b4-8d03-071d47aa53a0,58,32536349,32549259,ACCEPTED,,32549311,ok,12.962
bot-018,01a0b92b-8967-74c5-83cc-4a0a1e842a06,59,33044323,33049188,ACCEPTED,,33049210,ok,4.887
bot-018,01a0b92b-8b5f-74ae-b3fa-2d19b74d5c32,60,33548837,33599033,ACCEPTED,,33599053,ok,50.216
bot-018,01a0b92b-8d60-71eb-bf17-b4055fb0e786,61,34061461,34099204,ACCEPTED,,34099259,ok,37.798
bot-018,01a0b92b-8f57-7013-8347-d06a2cb2bcf4,62,34564325,34598833,ACCEPTED,,34598868,ok,34.543
bot-018,01a0b92b-915a-7361-bbb5-76f288a8264b,63,35079537,35098857,ACCEPTED,,35098896,ok,19.359
bot-018,01a0b92b-9350-71f1-8648-47b8a178494d,64,35581927,35599081,ACCEPTED,,35599131,ok,17.204
bot-018,01a0b92b-9545-76d0-9cbd-b6723c15e8a3,65,36082911,36098856,ACCEPTED,,36098912,ok,16.001
bot-018,01a0b92b-973c-7281-ba5f-f7d87670df28,66,36585474,36599262,ACCEPTED,,36599308,ok,13.834
bot-018,01a0b92b-9936-71d6-9e58-29d87a688462,67,37091132,37098827,ACCEPTED,,37098859,ok,7.727
bot-018,01a0b92b-9b2f-77b8-942c-a5141d8bcc89,68,37596764,37598987,ACCEPTED,,37599022,ok,2.258
bot-018,01a0b92b-9d25-7465-b541-7620a4b92cea,69,38098861,38149147,ACCEPTED,,38149206,ok,50.345
bot-018,01a0b92b-9f1d-7234-95f5-cc4b008bb637,70,38602823,38648874,ACCEPTED,,38648927,ok,46.104
bot-018,01a0b92b-a122-76da-b9c7-cc0feebc9dcc,71,39119196,39148820,ACCEPTED,,39148864,ok,29.668
bot-018,01a0b92b-a322-73a1-807a-ea5f14733f7c,72,39631625,39648903,ACCEPTED,,39648953,ok,17.328
bot-018,01a0b92b-a519-7711-806b-046810704647,73,40134162,40149026,ACCEPTED,,40149054,ok,14.892
bot-018,01a0b92b-a70f-7546-b49e-a8c86f2f8d1c,74,40636534,40648834,ACCEPTED,,40648876,ok,12.342
bot-018,01a0b92b-a907-7349-b372-4812827262c9,75,41140604,41148798,ACCEPTED,,41148852,ok,8.248
bot-018,01a0b92b-ab07-7680-aa95-08f8e519dea3,76,41652562,41698982,ACCEPTED,,41699018,ok,46.456
bot-018,01a0b92b-ad00-75eb-9853-aceb78794751,77,42157069,42198887,ACCEPTED,,42198930,ok,41.861
bot-018,01a0b92b-aefb-71cd-af36-3741cac5ad22,78,42664540,42698820,ACCEPTED,,42698869,ok,34.329
bot-018,01a0b92b-b0f2-707c-9cff-be338a996c07,79,43167555,43199094,ACCEPTED,,43199144,ok,31.589
bot-018,01a0b92b-b2e9-75f9-bec7-d796e28c3740,80,43671022,43699068,ACCEPTED,,43699116,ok,28.094
bot-018,01a0b92b-b4e2-77fa-9dd6-665263f5d444,81,44175175,44198938,ACCEPTED,,44198988,ok,23.813
bot-018,01a0b92b-b6d6-7592-9bfd-1eefe88e9e1f,82,44675714,44699194,ACCEPTED,,44699248,ok,23.534
bot-018,01a0b92b-b8cd-7513-89c8-3545f58afcc4,83,45178623,45198917,ACCEPTED,,45198966,ok,20.343
bot-018,01a0b92b-bac4-7198-8f72-d4c0c2b4a3e9,84,45681594,45699030,ACCEPTED,,45699069,ok,17.475
bot-018,01a0b92b-bcb9-762e-b615-7d8dbe2dc112,85,46182686,46198898,ACCEPTED,,46198941,ok,16.255
bot-018,01a0b92b-beb0-7457-9f3b-5aa1b26b5c92,86,46685501,46699250,ACCEPTED,,46699300,ok,13.799
bot-018,01a0b92b-c0b3-7085-a9a6-b19c035a0519,87,47200569,47249150,ACCEPTED,,47249200,ok,48.631
bot-018,01a0b92b-c2a9-7110-9b4e-df4cdf97f652,88,47702683,47748821,ACCEPTED,,47748867,ok,46.184
bot-018,01a0b92b-c4ac-7745-89a0-ef85b0aedab4,89,48217997,48248934,ACCEPTED,,48248974,ok,30.977
bot-018,01a0b92b-c6b1-7025-9963-286ba187db3c,90,48734182,48749228,ACCEPTED,,48749282,ok,15.100
bot-018,01a0b92b-c8a9-77b1-b147-80082d1b414b,91,49238281,49249091,ACCEPTED,,49249146,ok,10.865
bot-018,01a0b92b-caa2-74a7-b4af-9b846a2e84ef,92,49743339,49748741,ACCEPTED,,49748790,ok,5.451
bot-018,01a0b92b-cc9c-712a-8b5e-a78af96d28b9,93,50249100,50299204,ACCEPTED,,50299238,ok,50.138
bot-018,01a0b92b-ce9a-72b9-8f18-b8b243b7774a,94,50759109,50799152,ACCEPTED,,50799205,ok,40.096
bot-018,01a0b92b-d090-7082-a0db-f6529c023985,95,51261521,51298815,ACCEPTED,,51298864,ok,37.343
bot-018,01a0b92b-d286-7388-badf-f950e4a0ff73,96,51763338,51799035,ACCEPTED,,51799091,ok,35.753
bot-018,01a0b92b-d482-7536-8548-49778671be5e,97,52271209,52299248,ACCEPTED,,52299292,ok,28.083
bot-018,01a0b92b-d679-76ed-9bf9-21e77cf76f23,98,52774237,52799210,ACCEPTED,,52799262,ok,25.025
bot-018,01a0b92b-d87a-717f-98dc-3a322f7ea1a3,99,53288017,53299048,ACCEPTED,,53299092,ok,11.075
bot-018,01a0b92b-da71-722f-95d9-121d0e2874f7,100,53790333,53799088,ACCEPTED,,53799118,ok,8.785
bot-018,01a0b92b-dc67-77cc-b0c7-ef48108e51eb,101,54292147,54299248,ACCEPTED,,54299282,ok,7.135
bot-018,01a0b92b-de5f-71da-b373-ca985a4ba394,102,54796747,54798882,ACCEPTED,,54798913,ok,2.166
bot-018,01a0b92b-e055-75f6-814e-3dd0aa20b1d4,103,55298570,55299212,ACCEPTED,,55299230,ok,0.660
bot-018,01a0b92b-e24a-7623-83ac-704d1c42f921,104,55799686,55849233,ACCEPTED,,55849282,ok,49.596
bot-018,01a0b92b-e440-74a0-bdb3-0727d352ca23,105,56301532,56348980,ACCEPTED,,56349021,ok,47.489
bot-018,01a0b92b-e639-7746-9300-c3981c3f9370,106,56806193,56848837,ACCEPTED,,56848881,ok,42.688
bot-018,01a0b92b-e832-7773-ab3a-bfc694c876e5,107,57311468,57349068,ACCEPTED,,57349095,ok,37.627
bot-018,01a0b92b-ea32-7773-a1de-eeca7ec2ee6b,108,57823668,57848872,ACCEPTED,,57848909,ok,25.241
bot-018,01a0b92b-ec36-735e-96be-03f537b41db0,109,58339291,58349123,ACCEPTED,,58349147,ok,9.856
bot-018,01a0b92b-ee39-7785-a61d-84d66d40d00c,110,58854959,58898901,ACCEPTED,,58898957,ok,43.998
bot-018,01a0b92b-f030-70b3-811f-2c32fda40c38,111,59357244,59399033,ACCEPTED,,59399078,ok,41.834
bot-018,01a0b92b-f225-70c5-8368-132974037722,112,59858814,59899245,ACCEPTED,,59899295,ok,40.481
bot-018,01a0b92b-f41f-755d-bbc0-4e847ae058d0,113,60364332,60398966,ACCEPTED,,60398994,ok,34.662
bot-018,01a0b92b-f616-75b6-8229-66d7afed6c7c,114,60867257,60899306,ACCEPTED,,60899335,ok,32.078
bot-018,01a0b92b-f819-71b2-83cc-31200ba04b81,115,61382069,61398834,ACCEPTED,,61398876,ok,16.807
bot-018,01a0b92b-fa14-7088-b118-e0c7be330ce0,116,61889081,61899054,ACCEPTED,,61899112,ok,10.031
bot-018,01a0b92b-fc09-7305-b1b8-e67fc3acb257,117,62390984,62398766,ACCEPTED,,62398806,ok,7.822
bot-018,01a0b92b-fe0d-7600-819a-a04ac6342929,118,62906879,62948879,ACCEPTED,,62948922,ok,42.043
bot-019,01a0b92b-16ac-7545-80a1-c1bc0f8ee68a,0,3673792,3698986,ACCEPTED,,3699021,ok,25.229
bot-019,01a0b92b-18a2-7089-8c8c-d0c44aee4299,1,4175927,4199050,ACCEPTED,,4199082,ok,23.155
bot-019,01a0b92b-1a98-7622-8626-98e545df53d6,2,4677676,4699112,ACCEPTED,,4699166,ok,21.490
bot-019,01a0b92b-1c93-75d5-a059-1cfeca06f319,3,5184821,5199126,ACCEPTED,,5199162,ok,14.341
bot-019,01a0b92b-1e8c-74e7-947b-a05fca3d1491,4,5689930,5699275,ACCEPTED,,5699300,ok,9.370
bot-019,01a0b92b-2084-722c-864a-d282dcbdf215,5,6193619,6199213,ACCEPTED,,6199239,ok,5.620
bot-019,01a0b92b-227b-7167-918b-4574499d977e,6,6696809,6699014,ACCEPTED,,6699044,ok,2.235
bot-019,01a0b92b-2472-7645-ac42-4327becd5196,7,7199086,7248754,ACCEPTED,,7248786,ok,49.700
bot-019,01a0b92b-2666-76dc-a8d6-24daaeb1030c,8,7699784,7749257,ACCEPTED,,7749303,ok,49.519
bot-019,01a0b92b-285c-7585-a61c-94f1f39e8d07,9,8201493,8249189,ACCEPTED,,8249245,ok,47.752
bot-019,01a0b92b-2a57-74b6-a449-e60e12ae5027,10,8708338,8749287,ACCEPTED,,8749325,ok,40.987
bot-019,01a0b92b-2c4f-7561-9aa6-eb65dff27604,11,9212344,9248984,ACCEPTED,,9249041,ok,36.697
bot-019,01a0b92b-2e49-76a1-9ca6-c320cc87c6a7,12,9718735,9749134,ACCEPTED,,9749164,ok,30.429
bot-019,01a0b92b-304f-74ae-8838-328b04ed0ac7,13,10236307,10249118,ACCEPTED,,10249160,ok,12.853
bot-019,01a0b92b-3249-73b5-b0ec-6f45317b70c6,14,10742476,10749306,ACCEPTED,,10749340,ok,6.864
bot-019,01a0b92b-3440-77e7-89a6-d9b7976a9e96,15,11245463,11248968,ACCEPTED,,11248989,ok,3.526
bot-019,01a0b92b-3638-76e0-91cb-c0fb3b20d8b2,16,11749170,11798949,ACCEPTED,,11799002,ok,49.832
bot-019,01a0b92b-383a-7562-a9e3-8fa01e281ad4,17,12263178,12298973,ACCEPTED,,12299019,ok,35.841
bot-019,01a0b92b-3a34-7377-8300-477c13a6e6eb,18,12770056,12799205,ACCEPTED,,12799262,ok,29.206
bot-019,01a0b92b-3c36-77d5-ad91-725f04e2ce8b,19,13283855,13299131,ACCEPTED,,13299147,ok,15.292
bot-019,01a0b92b-3e39-77d6-9176-8f11cbaa6226,20,13798877,13849190,ACCEPTED,,13849223,ok,50.346
bot-019,01a0b92b-402f-77c1-be02-bbfb76cf7246,21,14300150,14348967,ACCEPTED,,14349021,ok,48.871
bot-019,01a0b92b-4223-7375-9f12-c03309552f65,22,14800978,14849233,ACCEPTED,,14849283,ok,48.305
bot-019,01a0b92b-441b-70bf-8e58-157f034b5a18,23,15304447,15349073,ACCEPTED,,15349118,ok,44.671
bot-019,01a0b92b-4611-71a3-8274-c09b84cba149,24,15806325,15849287,ACCEPTED,,15849324,ok,42.999
bot-019,01a0b92b-4806-771f-9455-21e229a7ddcd,25,16307803,16349144,ACCEPTED,,16349195,ok,41.392
bot-019,01a0b92b-49fd-701f-9c8c-d9e567073c93,26,16810899,16849067,ACCEPTED,,16849112,ok,38.213
bot-019,01a0b92b-4bf3-77ca-bd03-f83a60c750a8,27,17312311,17349265,ACCEPTED,,17349293,ok,36.982
bot-019,01a0b92b-4de8-7584-b740-4ec5036906ef,28,17813513,17848858,ACCEPTED,,17848878,ok,35.365
bot-019,01a0b92b-4fdf-71b7-a9c0-e5491c80836d,29,18316832,18349182,ACCEPTED,,18349206,ok,32.374
bot-019,01a0b92b-51d9-774b-83a4-9ea808026f56,30,18822886,18849218,ACCEPTED,,18849246,ok,26.360
bot-019,01a0b92b-53d4-71f1-b725-efccb46149e2,31,19329200,19349344,ACCEPTED,,19349366,ok,20.166
bot-019,01a0b92b-55cd-76aa-bfdf-328518b3341e,32,19834867,19849003,ACCEPTED,,19849027,ok,14.160
bot-019,01a0b92b-57d0-704c-80bc-2345b287160a,33,20349184,20399149,ACCEPTED,,20399169,ok,49.985
bot-019,01a0b92b-59c8-7582-a4ad-0429d2e60f3a,34,20853994,20899039,ACCEPTED,,20899082,ok,45.088
bot-019,01a0b92b-5bca-72a2-9d19-a521bafac749,35,21367317,21399071,ACCEPTED,,21399123,ok,31.806
bot-019,01a0b92b-5dc1-72ee-b111-a4d786335cd9,36,21871010,21898961,ACCEPTED,,21899005,ok,27.995
bot-019,01a0b92b-5fb9-7018-b13c-3b14e5cc9d17,37,22374709,22399278,ACCEPTED,,22399334,ok,24.625
bot-019,01a0b92b-61af-760f-916e-9290f1795ce8,38,22876569,22898877,ACCEPTED,,22898926,ok,22.357
bot-019,01a0b92b-63a6-7078-9bd0-b96c1edb48f6,39,23379570,23398844,ACCEPTED,,23398877,ok,19.307
bot-019,01a0b92b-659e-7388-b54d-0f570b3a102b,40,23883741,23899068,ACCEPTED,,23899091,ok,15.350
bot-019,01a0b92b-67a0-7551-8bad-64cbbfd8051a,41,24398060,24399156,ACCEPTED,,24399187,ok,1.127
bot-019,01a0b92b-6996-7084-83ad-a7cf43c8d14a,42,24899199,24948951,ACCEPTED,,24948966,ok,49.767
bot-019,01a0b92b-6b90-7620-8599-4380f0284e9b,43,25405267,25448902,ACCEPTED,,25448936,ok,43.669
bot-019,01a0b92b-6d89-71b6-89b9-f439840b19fa,44,25910687,25949267,ACCEPTED,,25949322,ok,38.635
bot-019,01a0b92b-6f7e-701d-a315-0feb5b011ae4,45,26411879,26449282,ACCEPTED,,26449333,ok,37.454
bot-019,01a0b92b-717a-7462-95ef-641b45af8f14,46,26919267,26949210,ACCEPTED,,26949242,ok,29.975
bot-019,01a0b92b-7371-7634-850c-2ccce5d6823e,47,27422088,27449066,ACCEPTED,,27449122,ok,27.034
bot-019,01a0b92b-756a-7418-8ebc-c3384cf779da,48,27927262,27948880,ACCEPTED,,27948935,ok,21.673
bot-019,01a0b92b-7762-70a6-8ae4-e44aeb8b3a30,49,28431968,28448822,ACCEPTED,,28448877,ok,16.909
bot-019,01a0b92b-7959-732a-b7f8-12cc395819be,50,28934535,28949078,ACCEPTED,,28949128,ok,14.593
bot-019,01a0b92b-7b5b-7536-9b00-dad91273564d,51,29449023,29498872,ACCEPTED,,29498895,ok,49.872
bot-019,01a0b92b-7d50-708b-bf53-71bb7382f4bd,52,29949478,29999242,ACCEPTED,,29999273,ok,49.795
bot-019,01a0b92b-7f50-74e3-a3a7-065324dfefba,53,30461508,30498999,ACCEPTED,,30499030,ok,37.522
bot-019,01a0b92b-8154-70a2-b4e7-9bed38da8f4e,54,30977893,30998981,ACCEPTED,,30999040,ok,21.147
bot-019,01a0b92b-834b-7536-b175-1841e56d9ed6,55,31480462,31499140,ACCEPTED,,31499174,ok,18.712
bot-019,01a0b92b-8545-74f0-b713-8f7968887122,56,31986192,31999005,ACCEPTED,,31999052,ok,12.860
bot-019,01a0b92b-873c-7355-a49b-cf97965ae72f,57,32489307,32498997,ACCEPTED,,32499045,ok,9.738
bot-019,01a0b92b-8939-7361-9abc-b4a8a21e27d2,58,32998918,33049183,ACCEPTED,,33049210,ok,50.292
bot-019,01a0b92b-8b38-7381-88bb-a7e8f3760f13,59,33509350,33548958,ACCEPTED,,33548989,ok,39.639
bot-019,01a0b92b-8d32-71be-8019-841b234dddce,60,34015316,34048847,ACCEPTED,,34048900,ok,33.584
bot-019,01a0b92b-8f29-739d-bd81-c5cbab8b98eb,61,34519001,34548808,ACCEPTED,,34548849,ok,29.848
bot-019,01a0b92b-911e-72ff-9140-20d213ffda9c,62,35019798,35049245,ACCEPTED,,35049285,ok,29.487
bot-019,01a0b92b-9321-722d-bcad-35c2903524ee,63,35534959,35548826,ACCEPTED,,35548876,ok,13.917
bot-019,01a0b92b-9518-77f6-8279-4d1fd685b1a2,64,36037804,36049293,ACCEPTED,,36049319,ok,11.515
bot-019,01a0b92b-970f-7259-b736-ae897e98eda8,65,36540555,36548809,ACCEPTED,,36548859,ok,8.304
bot-019,01a0b92b-9908-74d4-aeea-4e8115a9fa45,66,37045911,37048703,ACCEPTED,,37048755,ok,2.844
bot-019,01a0b92b-9b02-72c5-8300-79c85ebf8f74,67,37551206,37598867,ACCEPTED,,37598926,ok,47.720
bot-019,01a0b92b-9cf8-71f9-a3e7-3b067019ad23,68,38053205,38098857,ACCEPTED,,38098906,ok,45.701
bot-019,01a0b92b-9eef-7292-9218-38ac7315ee1c,69,38556734,38599087,ACCEPTED,,38599134,ok,42.400
bot-019,01a0b92b-a0e5-712d-8b61-9e9d999e66c6,70,39058535,39099119,ACCEPTED,,39099172,ok,40.637
bot-019,01a0b92b-a2e5-749a-b574-4d4437a45fd0,71,39570995,39598832,ACCEPTED,,39598861,ok,27.866
bot-019,01a0b92b-a4dc-74fd-aaa1-9abf0e042850,72,40073678,40099187,ACCEPTED,,40099221,ok,25.543
bot-019,01a0b92b-a6d2-762a-8543-eaa630cdcbf8,73,40575205,40598917,ACCEPTED,,40598952,ok,23.747
bot-019,01a0b92b-a8ca-744b-a3eb-1a0fd1572555,74,41079556,41099016,ACCEPTED,,41099042,ok,19.486
bot-019,01a0b92b-aacb-753c-8b22-4e49417f2738,75,41593035,41598856,ACCEPTED,,41598884,ok,5.849
bot-019,01a0b92b-acc3-7170-a49a-241225c685a6,76,42096583,42099112,ACCEPTED,,42099150,ok,2.567
bot-019,01a0b92b-aebf-746f-bd0b-def0a7724e44,77,42604303,42648901,ACCEPTED,,42648949,ok,44.646
bot-019,01a0b92b-b0b4-758d-98f7-778262bd3303,78,43105789,43148975,ACCEPTED,,43148997,ok,43.208
bot-019,01a0b92b-b2ae-76f6-95fe-5db8802c3545,79,43611322,43649395,ACCEPTED,,43649429,ok,38.107
bot-019,01a0b92b-b4a5-76cb-a27e-fca087d652ea,80,44114419,44149224,ACCEPTED,,44149280,ok,34.861
bot-019,01a0b92b-b69a-75ce-b7fb-0c78d3d06316,81,44615905,44649004,ACCEPTED,,44649038,ok,33.133
bot-019,01a0b92b-b890-76e6-ab82-283f7071a840,82,45117945,45148931,ACCEPTED,,45148960,ok,31.015
bot-019,01a0b92b-ba87-75fb-a5d8-01ac027d9f33,83,45620678,45649037,ACCEPTED,,45649080,ok,28.402
bot-019,01a0b92b-bc8b-753f-93fa-3c0df6f0e3c2,84,46136341,46148842,ACCEPTED,,46148882,ok,12.541
bot-019,01a0b92b-be82-77db-9928-3e1b9fe1bb3a,85,46639272,46649080,ACCEPTED,,46649139,ok,9.867
bot-019,01a0b92b-c077-7203-a1c6-957879dd7245,86,47140861,47148792,ACCEPTED,,47148817,ok,7.956
bot-019,01a0b92b-c27b-7536-8cfb-ec3ba0d23373,87,47656734,47699271,ACCEPTED,,47699311,ok,42.577
bot-019,01a0b92b-c480-71aa-8ece-92d2bb73d362,88,48173203,48198976,ACCEPTED,,48199021,ok,25.818
bot-019,01a0b92b-c682-7015-a303-c16cf9509202,89,48687309,48699264,ACCEPTED,,48699295,ok,11.986
bot-019,01a0b92b-c87a-7362-aaf2-2cc8a9b78967,90,49191964,49199615,ACCEPTED,,49199666,ok,7.702
bot-019,01a0b92b-ca75-75b6-8e6f-1cc66a9e41d4,91,49698319,49699043,ACCEPTED,,49699093,ok,0.774
bot-019,01a0b92b-cc76-7010-a2da-08e3295cac75,92,50211471,50249185,ACCEPTED,,50249220,ok,37.749
bot-019,01a0b92b-ce6d-73a2-879e-a6b62017bbf4,93,50714607,50749150,ACCEPTED,,50749179,ok,34.572
bot-019,01a0b92b-d062-7681-bcab-645a0d339bbd,94,51216068,51249132,ACCEPTED,,51249167,ok,33.099
bot-019,01a0b92b-d258-745b-8ee9-334797cfc981,95,51717105,51749674,ACCEPTED,,51749799,ok,32.694
bot-019,01a0b92b-d454-7631-a561-a609d345bd4c,96,52225903,52249039,ACCEPTED,,52249079,ok,23.176
bot-019,01a0b92b-d64b-734a-9a48-9191bf835cc3,97,52728275,52749225,ACCEPTED,,52749313,ok,21.038
bot-019,01a0b92b-d84e-74c4-a7cc-66d36cf06c6f,98,53243541,53248747,ACCEPTED,,53248775,ok,5.234
bot-019,01a0b92b-da44-7609-8ef8-68d21dda22e8,99,53745150,53749322,ACCEPTED,,53749339,ok,4.189
bot-019,01a0b92b-dc39-74c2-8dcc-8f969adad0e3,100,54246491,54249222,ACCEPTED,,54249241,ok,2.750
bot-019,01a0b92b-de2f-70b4-ad6f-d13e1536b1b2,101,54748851,54798862,ACCEPTED,,54798874,ok,50.023
bot-019,01a0b92b-e026-754a-a352-113cda33060c,102,55251556,55299203,ACCEPTED,,55299217,ok,47.661
bot-019,01a0b92b-e21d-7522-abb0-4ed40d237043,103,55754531,55798933,ACCEPTED,,55798973,ok,44.442
bot-019,01a0b92b-e413-73ca-bf2c-d84305a0dad4,104,56256949,56299347,ACCEPTED,,56299380,ok,42.431
bot-019,01a0b92b-e60a-732b-a3b1-eef6ca926ab2,105,56759739,56798962,ACCEPTED,,56799013,ok,39.274
bot-019,01a0b92b-e804-76db-a49d-e05e272b6fab,106,57265616,57298974,ACCEPTED,,57299059,ok,33.443
bot-019,01a0b92b-ea04-728c-898d-f9ad57d2961a,107,57777959,57798960,ACCEPTED,,57798994,ok,21.035
bot-019,01a0b92b-ebfa-71ab-a1ec-a8bb9b0b15f3,108,58279770,58298902,ACCEPTED,,58298930,ok,19.160
bot-019,01a0b92b-edfc-7658-98ff-aebee267b519,109,58793624,58799337,ACCEPTED,,58799444,ok,5.820
bot-019,01a0b92b-eff2-739b-8894-18028f9230dc,110,59295541,59299037,ACCEPTED,,59299074,ok,3.533
bot-019,01a0b92b-f1e7-7449-8fbd-062dbe9e6a35,111,59796610,59798717,ACCEPTED,,59798750,ok,2.140
bot-019,01a0b92b-f3dd-7163-b549-63102de22fbe,112,60298820,60349370,ACCEPTED,,60349417,ok,50.597
bot-019,01a0b92b-f5d9-7094-9bf7-71dcd67fe285,113,60806704,60849061,ACCEPTED,,60849119,ok,42.415
bot-019,01a0b92b-f7dc-762a-b566-79d294696cb0,114,61321638,61349088,ACCEPTED,,61349120,ok,27.482
bot-019,01a0b92b-f9d7-76e4-832c-256a7925900d,115,61828640,61849289,ACCEPTED,,61849422,ok,20.782
bot-019,01a0b92b-fbce-74eb-882d-052c9e000ab2,116,62331191,62348788,ACCEPTED,,62348835,ok,17.644
bot-019,01a0b92b-fdd1-766d-953b-26089078a990,117,62846355,62849159,ACCEPTED,,62849227,ok,2.872
bot-019,01a0b92b-ffc8-7092-98e3-3bf7f92af164,118,63349843,63399095,ACCEPTED,,63399152,ok,49.309
bot-020,01a0b92b-1718-76a8-b0e1-e4b5ed538bb9,0,3781518,3798959,ACCEPTED,,3799000,ok,17.482
bot-020,01a0b92b-191b-73a3-aa36-55e7f3b9fb5b,1,4296400,4299050,ACCEPTED,,4299083,ok,2.683
bot-020,01a0b92b-1b12-779e-a1b8-a16cbd9c5628,2,4799229,4849119,ACCEPTED,,4849169,ok,49.940
bot-020,01a0b92b-1d06-7579-b483-39e72b43a7b6,3,5299635,5349011,ACCEPTED,,5349059,ok,49.424
bot-020,01a0b92b-1efb-7667-b606-1eea82a5defb,4,5800786,5848980,ACCEPTED,,5849026,ok,48.240
bot-020,01a0b92b-20f0-70ba-a892-8b89409337a0,5,6301399,6349354,ACCEPTED,,6349381,ok,47.982
bot-020,01a0b92b-22e6-75aa-899c-fbc9c93994d6,6,6803550,6848872,ACCEPTED,,6848916,ok,45.366
bot-020,01a0b92b-24dc-762b-b9ce-6dfef61d6fe6,7,7305930,7348960,ACCEPTED,,7349012,ok,43.082
bot-020,01a0b92b-26e0-7559-9fff-3072cb2f606d,8,7821129,7848891,ACCEPTED,,7848941,ok,27.812
bot-020,01a0b92b-28d6-717b-a42a-f16d32f3bbe4,9,8323113,8349210,ACCEPTED,,8349248,ok,26.135
bot-020,01a0b92b-2ad3-763a-bae0-b80d67ebe814,10,8832171,8849122,ACCEPTED,,8849154,ok,16.983
bot-020,01a0b92b-2ccb-76c2-b553-873d18247ec5,11,9336420,9349192,ACCEPTED,,9349239,ok,12.819
bot-020,01a0b92b-2ec2-725e-954f-0f0e22435fe4,12,9839740,9849028,ACCEPTED,,9849066,ok,9.326
bot-020,01a0b92b-30ba-779e-bc11-a2e62d2ecd71,13,10343208,10349085,ACCEPTED,,10349106,ok,5.898
bot-020,01a0b92b-32b4-768e-9758-f5c39a802234,14,10849142,10849752,ACCEPTED,,10849795,ok,0.653
bot-020,01a0b92b-34aa-7655-a7d8-05cfe13737f9,15,11351602,11398885,ACCEPTED,,11398921,ok,47.319
bot-020,01a0b92b-36ac-774d-9615-b0841a8ef3cf,16,11865911,11898972,ACCEPTED,,11899022,ok,33.111
bot-020,01a0b92b-38a5-7659-adbb-f61c0ebee8ff,17,12371008,12399237,ACCEPTED,,12399290,ok,28.282
bot-020,01a0b92b-3aa0-742a-90de-35db8e99beeb,18,12877681,12898948,ACCEPTED,,12898993,ok,21.312
bot-020,01a0b92b-3ca1-75ca-999e-d9d9679fbc63,19,13390196,13398955,ACCEPTED,,13399001,ok,8.805
bot-020,01a0b92b-3e9e-735e-8dda-d351bcc471c9,20,13899260,13949299,ACCEPTED,,13949352,ok,50.092
bot-020,01a0b92b-4099-7208-bea4-a20ae3c2c074,21,14406504,14449191,ACCEPTED,,14449246,ok,42.742
bot-020,01a0b92b-428f-757f-92d2-fa7820bcc4e1,22,14908090,14949083,ACCEPTED,,14949124,ok,41.034
bot-020,01a0b92b-4484-72e7-bd12-02c0746f073f,23,15409740,15448848,ACCEPTED,,15448900,ok,39.160
bot-020,01a0b92b-467c-70b0-b670-7c1dff489a06,24,15913849,15949231,ACCEPTED,,15949274,ok,35.425
bot-020,01a0b92b-487f-72b4-ae63-500bd429cbc8,25,16428540,16449533,ACCEPTED,,16449770,ok,21.230
bot-020,01a0b92b-4a76-763f-8735-9b0a28b60bfd,26,16931622,16949139,ACCEPTED,,16949168,ok,17.546
bot-020,01a0b92b-4c6c-7677-b722-e0bf5ac661b4,27,17433454,17449174,ACCEPTED,,17449216,ok,15.762
bot-020,01a0b92b-4e62-73c4-94b5-03bea7c8fd29,28,17935506,17948945,ACCEPTED,,17948979,ok,13.473
bot-020,01a0b92b-5059-729a-85cb-97dbfb382d21,29,18438768,18449212,ACCEPTED,,18449264,ok,10.496
bot-020,01a0b92b-5253-71dd-9fac-da7b4f9c4d9c,30,18944866,18948962,ACCEPTED,,18949001,ok,4.135
bot-020,01a0b92b-544c-73fd-828d-8f137a784c4f,31,19449166,19499169,ACCEPTED,,19499222,ok,50.056
bot-020,01a0b92b-5646-7703-8ad0-bb6e6e2a52be,32,19955958,19999227,ACCEPTED,,19999278,ok,43.320
bot-020,01a0b92b-583b-7735-a47e-128b199d6b99,33,20456714,20498973,ACCEPTED,,20499019,ok,42.305
bot-020,01a0b92b-5a33-7053-99d8-3495e66e17a9,34,20960805,20998933,ACCEPTED,,20998983,ok,38.178
bot-020,01a0b92b-5c35-72ec-a827-72ed71df5839,35,21474874,21499218,ACCEPTED,,21499252,ok,24.378
bot-020,01a0b92b-5e2d-720f-8cd3-52a3b49cd0b0,36,21978842,21998921,ACCEPTED,,21998970,ok,20.128
bot-020,01a0b92b-6023-703b-a2fe-d9714dafc2ac,37,22480937,22499315,ACCEPTED,,22499372,ok,18.435
bot-020,01a0b92b-621a-732b-a749-69d2a2f9385e,38,22983285,22999142,ACCEPTED,,22999173,ok,15.888
bot-020,01a0b92b-6411-703b-ad5f-87918eb6fd3b,39,23487018,23499285,ACCEPTED,,23499339,ok,12.321
bot-020,01a0b92b-6608-770b-972a-3404c20b8a5e,40,23989401,23999092,ACCEPTED,,23999133,ok,9.732
bot-020,01a0b92b-680b-7322-971e-57e40fa089b6,41,24504568,24549227,ACCEPTED,,24549260,ok,44.692
bot-020,01a0b92b-6a02-716e-b8c5-6a4bc681950f,42,25007180,25049064,ACCEPTED,,25049124,ok,41.944
bot-020,01a0b92b-6bfa-758b-85c9-13908b760b7d,43,25511255,25549256,ACCEPTED,,25549307,ok,38.052
bot-020,01a0b92b-6df3-7709-b694-b601843e60bf,44,26016749,26048873,ACCEPTED,,26048926,ok,32.177
bot-020,01a0b92b-6fea-7071-93a4-018549f6558a,45,26519397,26549045,ACCEPTED,,26549101,ok,29.704
bot-020,01a0b92b-71e5-7140-bc77-3231d3c3e38f,46,27026076,27049094,ACCEPTED,,27049133,ok,23.057
bot-020,01a0b92b-73db-74ed-999c-974cd191fa61,47,27528295,27548807,ACCEPTED,,27548862,ok,20.567
bot-020,01a0b92b-75d6-74f5-b13b-e917d68093e3,48,28035123,28049194,ACCEPTED,,28049252,ok,14.129
bot-020,01a0b92b-77cc-7213-bb1c-c7c41a3f0c46,49,28537410,28549288,ACCEPTED,,28549317,ok,11.907
bot-020,01a0b92b-79c2-70df-8d58-28cb33b8ac90,50,29039508,29049199,ACCEPTED,,29049253,ok,9.745
bot-020,01a0b92b-7bb9-739f-92ca-a16137445676,51,29542276,29549117,ACCEPTED,,29549166,ok,6.890
bot-020,01a0b92b-7db0-7375-81fc-385bf511a914,52,30045942,30049106,ACCEPTED,,30049125,ok,3.183
bot-020,01a0b92b-7fa7-71e5-b57a-2ba46cfecd16,53,30548923,30599217,ACCEPTED,,30599271,ok,50.348
bot-020,01a0b92b-819f-76f9-af6d-794a244c90fb,54,31052320,31098897,ACCEPTED,,31098945,ok,46.625
bot-020,01a0b92b-8396-742f-97bd-843e37da810c,55,31555933,31599290,ACCEPTED,,31599338,ok,43.405
bot-020,01a0b92b-8591-7209-a4f8-36801a82c065,56,32062116,32098985,ACCEPTED,,32099032,ok,36.916
bot-020,01a0b92b-8789-7393-a39e-5260d6715a3b,57,32566535,32599029,ACCEPTED,,32599064,ok,32.529
bot-020,01a0b92b-8985-7374-8c07-dce120d504f9,58,33074660,33099245,ACCEPTED,,33099285,ok,24.625
bot-020,01a0b92b-8b85-73f3-8f5d-bdb58337407a,59,33586479,33598924,ACCEPTED,,33598984,ok,12.505
bot-020,01a0b92b-8d7f-7683-a3c5-9a920498bc46,60,34092426,34099315,ACCEPTED,,34099347,ok,6.921
bot-020,01a0b92b-8f79-71f3-9257-f45174d78a0b,61,34598837,34649028,ACCEPTED,,34649074,ok,50.237
bot-020,01a0b92b-9178-753e-8efc-011316184f4f,62,35109260,35148930,ACCEPTED,,35148964,ok,39.704
bot-020,01a0b92b-936f-733a-a98e-5aad0ac7051a,63,35612331,35649162,ACCEPTED,,35649208,ok,36.877
bot-020,01a0b92b-9573-75ef-840e-ff427c5cc940,64,36128514,36149274,ACCEPTED,,36149297,ok,20.783
bot-020,01a0b92b-976a-77b5-aeb6-c4b7f725f700,65,36631465,36648828,ACCEPTED,,36648876,ok,17.411
bot-020,01a0b92b-9963-73c2-bc2f-f4b2ae5643c0,66,37136991,37149242,ACCEPTED,,37149284,ok,12.293
bot-020,01a0b92b-9b5d-76bb-8cea-7e403043e613,67,37642478,37648914,ACCEPTED,,37648960,ok,6.482
bot-020,01a0b92b-9d54-735a-b7dc-557897f28852,68,38145813,38149246,ACCEPTED,,38149260,ok,3.447
bot-020,01a0b92b-9f4b-74f9-aad4-9496eea51f62,69,38648345,38649036,ACCEPTED,,38649063,ok,0.718
bot-020,01a0b92b-a14f-742f-a439-b07a77adf569,70,39164666,39198998,ACCEPTED,,39199040,ok,34.374
bot-020,01a0b92b-a350-7789-9afd-58ef7f68d21f,71,39677750,39698945,ACCEPTED,,39698998,ok,21.248
bot-020,01a0b92b-a547-755d-8ce7-ffc508cf1d8c,72,40180666,40199100,ACCEPTED,,40199152,ok,18.486
bot-020,01a0b92b-a74b-73a2-b891-536c27ecd494,73,40696670,40698745,ACCEPTED,,40698796,ok,2.126
bot-020,01a0b92b-a944-70bb-965a-8c15aefdf0a5,74,41202045,41249406,ACCEPTED,,41249425,ok,47.380
bot-020,01a0b92b-ab44-7566-8c10-3798e26b7505,75,41713877,41748927,ACCEPTED,,41748983,ok,35.106
bot-020,01a0b92b-ad3d-74f7-9db7-d367bbea786f,76,42218060,42249045,ACCEPTED,,42249101,ok,31.041
bot-020,01a0b92b-af37-720d-aea9-885dfd0577a4,77,42724976,42749132,ACCEPTED,,42749181,ok,24.205
bot-020,01a0b92b-b130-7632-9ec4-b9b8be3ebe7c,78,43229170,43249098,ACCEPTED,,43249137,ok,19.967
bot-020,01a0b92b-b326-7490-be51-3907bd02a731,79,43731557,43748791,ACCEPTED,,43748845,ok,17.288
bot-020,01a0b92b-b51f-77c7-8f39-4da20b00db7e,80,44236884,44249078,ACCEPTED,,44249109,ok,12.225
bot-020,01a0b92b-b722-73c1-8f8e-8f71485f0c9a,81,44751167,44799009,ACCEPTED,,44799054,ok,47.887
bot-020,01a0b92b-b91a-7677-bbed-a96917db33b3,82,45255155,45298960,ACCEPTED,,45298994,ok,43.839
bot-020,01a0b92b-bb10-7360-8505-f14f170efd98,83,45757305,45799052,ACCEPTED,,45799098,ok,41.793
bot-020,01a0b92b-bd07-76fd-b1d8-f476ba266cc3,84,46260295,46299273,ACCEPTED,,46299308,ok,39.013
bot-020,01a0b92b-bf0b-74b2-9660-1534447ee0e7,85,46777035,46798878,ACCEPTED,,46798909,ok,21.874
bot-020,01a0b92b-c10d-764c-bdfa-6e8c52a54c77,86,47291059,47298818,ACCEPTED,,47298838,ok,7.779
bot-020,01a0b92b-c304-76b9-98a5-3843824e3e4a,87,47793130,47798701,ACCEPTED,,47798740,ok,5.610
bot-020,01a0b92b-c507-7434-8012-ecfddf89cb40,88,48308618,48349082,ACCEPTED,,48349115,ok,40.497
bot-020,01a0b92b-c70c-74ec-a1d0-24cb03115f08,89,48825167,48849022,ACCEPTED,,48849063,ok,23.896
bot-020,01a0b92b-c904-7477-8b48-3cdfa7691b68,90,49329135,49349139,ACCEPTED,,49349177,ok,20.042
bot-020,01a0b92b-cafc-71bc-a520-01d1ac3dfd01,91,49834046,49849307,ACCEPTED,,49849358,ok,15.312
bot-020,01a0b92b-ccff-706a-86f7-045fde3806eb,92,50348638,50398960,ACCEPTED,,50398995,ok,50.357
bot-020,01a0b92b-cf03-76d8-b185-c1cade53d6b1,93,50864348,50899232,ACCEPTED,,50899282,ok,34.934
bot-020,01a0b92b-d0f9-76aa-9f4e-2f64aa1955ab,94,51366363,51399239,ACCEPTED,,51399293,ok,32.930
bot-020,01a0b92b-d2f9-7761-8bcb-7f3bf7a6b76f,95,51878257,51899301,ACCEPTED,,51899330,ok,21.073
bot-020,01a0b92b-d4fb-739a-9552-a90855e01abd,96,52392876,52399221,ACCEPTED,,52399250,ok,6.374
bot-020,01a0b92b-d6f0-7193-8725-cae6434650f6,97,52893914,52898728,ACCEPTED,,52898753,ok,4.839
bot-020,01a0b92b-d8f5-7391-9d26-0102ce254423,98,53410545,53449278,ACCEPTED,,53449313,ok,38.768
bot-020,01a0b92b-daf7-77b5-b6f9-bccde7a37660,99,53924989,53949326,ACCEPTED,,53949378,ok,24.389
bot-020,01a0b92b-dcf2-7401-a0b7-e6b6dadb2561,100,54431843,54449317,ACCEPTED,,54449339,ok,17.496
bot-020,01a0b92b-dee8-709c-bc67-c491887fca53,101,54933521,54948886,ACCEPTED,,54948948,ok,15.427
bot-020,01a0b92b-e0dd-744b-a5ff-b763261b3038,102,55434722,55448865,ACCEPTED,,55448893,ok,14.171
bot-020,01a0b92b-e2d2-77b8-94f7-fec75f88b034,103,55935578,55949375,ACCEPTED,,55949413,ok,13.835
bot-020,01a0b92b-e4cb-7580-b2be-36aa755f7af2,104,56440456,56449254,ACCEPTED,,56449299,ok,8.843
bot-020,01a0b92b-e6c3-767c-8d26-ee1721db1e11,105,56944571,56948845,ACCEPTED,,56948877,ok,4.306
bot-020,01a0b92b-e8bb-7515-b281-74fc922ba15e,106,57448761,57499205,ACCEPTED,,57499243,ok,50.482
bot-020,01a0b92b-eabb-77bc-ac5c-5a6f4830ff37,107,57960870,57999134,ACCEPTED,,57999163,ok,38.293
bot-020,01a0b92b-ecbd-7794-b7ad-56fc473e2c6c,108,58474392,58498893,ACCEPTED,,58498922,ok,24.530
bot-020,01a0b92b-eeb4-774f-9dc9-3bf615b5f7c0,109,58977345,58998969,ACCEPTED,,58999017,ok,21.672
bot-020,01a0b92b-f0b8-7336-97ea-fe808968cfad,110,59493315,59499139,ACCEPTED,,59499190,ok,5.875
bot-020,01a0b92b-f2af-71bf-b0f4-7a37fd117a18,111,59996464,60000520,ACCEPTED,,60000550,ok,4.086
bot-020,01a0b92b-f4a8-7602-9c59-acd04dbcbd6f,112,60501371,60548786,ACCEPTED,,60548833,ok,47.462
bot-020,01a0b92b-f69f-71bb-88dd-aff2acfb0e92,113,61004174,61049171,ACCEPTED,,61049207,ok,45.033
bot-020,01a0b92b-f8a2-71d0-8a5d-35627d3608d1,114,61519374,61549263,ACCEPTED,,61549288,ok,29.914
bot-020,01a0b92b-fa9a-75b7-90a9-c82887ad9d83,115,62023915,62049139,ACCEPTED,,62049182,ok,25.267
bot-020,01a0b92b-fc94-70d5-8f34-ca75aec0a32a,116,62529102,62549020,ACCEPTED,,62549060,ok,19.958
bot-020,01a0b92b-fe95-73b6-9437-92d0eb1d3c12,117,63042826,63049306,ACCEPTED,,63049321,ok,6.495
bot-020,01a0b92c-008e-7342-9e33-408107fa0dd2,118,63547633,63548671,ACCEPTED,,63548723,ok,1.090
bot-021,01a0b92b-181a-70ef-8e20-c1a33c49c2a0,0,4039879,4049010,ACCEPTED,,4049027,ok,9.148
bot-021,01a0b92b-1a0f-7013-96cc-e8e47861c2dc,1,4541018,4549235,ACCEPTED,,4549254,ok,8.236
bot-021,01a0b92b-1c09-76c6-a230-7c1479a66027,2,5046604,5048922,ACCEPTED,,5048941,ok,2.337
bot-021,01a0b92b-1e00-7341-a22e-e5ce3dce97ee,3,5549832,5599773,ACCEPTED,,5599821,ok,49.989
bot-021,01a0b92b-1ff5-711b-8a47-2ecc811860c2,4,6050461,6099018,ACCEPTED,,6099051,ok,48.590
bot-021,01a0b92b-21f1-73a3-8646-ffdb6c448952,5,6558878,6599049,ACCEPTED,,6599093,ok,40.215
bot-021,01a0b92b-23e9-701c-afe4-aa5e6d12eb47,6,7062308,7098989,ACCEPTED,,7099048,ok,36.740
bot-021,01a0b92b-25df-70e0-a123-08738c44abc7,7,7564601,7599068,ACCEPTED,,7599130,ok,34.529
bot-021,01a0b92b-27d4-7135-9385-cba578921adb,8,8065650,8098844,ACCEPTED,,8098899,ok,33.249
bot-021,01a0b92b-29cd-7243-9b47-f5257fa49774,9,8570325,8598844,ACCEPTED,,8598892,ok,28.567
bot-021,01a0b92b-2bc6-7184-a7b1-7e124e25761a,10,9075499,9099517,ACCEPTED,,9099561,ok,24.062
bot-021,01a0b92b-2dbd-7354-9f02-b037f9c42c3c,11,9578835,9599176,ACCEPTED,,9599195,ok,20.360
bot-021,01a0b92b-2fb7-745e-99ff-c8fb4dfbce4e,12,10084257,10099345,ACCEPTED,,10099368,ok,15.111
bot-021,01a0b92b-31b0-70b9-bfe9-25f0f4e89b22,13,10589138,10599001,ACCEPTED,,10599037,ok,9.899
bot-021,01a0b92b-33a8-7344-87cd-e2e0c4ef4de6,14,11093315,11099078,ACCEPTED,,11099106,ok,5.791
bot-021,01a0b92b-35a1-737d-b0d5-fee289f4b1f1,15,11598968,11649144,ACCEPTED,,11649189,ok,50.221
bot-021,01a0b92b-3796-741e-8464-b13410f4b49c,16,12099417,12148931,ACCEPTED,,12148979,ok,49.562
bot-021,01a0b92b-399b-7582-ad99-768318af7314,17,12616846,12648878,ACCEPTED,,12648925,ok,32.079
bot-021,01a0b92b-3b92-7678-8b30-69ed75b3cd1a,18,13119144,13148782,ACCEPTED,,13148823,ok,29.679
bot-021,01a0b92b-3d92-772c-a1b6-9be9e5f3926f,19,13632063,13648834,ACCEPTED,,13648889,ok,16.826
bot-021,01a0b92b-3f88-7778-9bb8-a6f6daf4ec1d,20,14133517,14148988,ACCEPTED,,14149050,ok,15.533
bot-021,01a0b92b-418c-7059-8fb2-2249d30a027d,21,14649152,14698812,ACCEPTED,,14698854,ok,49.702
bot-021,01a0b92b-4383-75c6-bcfc-7f214ec6f7a7,22,15152354,15198929,ACCEPTED,,15198971,ok,46.617
bot-021,01a0b92b-4586-7506-81c4-ae616bb94694,23,15667669,15699025,ACCEPTED,,15699080,ok,31.411
bot-021,01a0b92b-477d-7560-bc8b-c64cef6182e1,24,16170530,16199315,ACCEPTED,,16199366,ok,28.836
bot-021,01a0b92b-4973-7164-be0d-5db9df1ca965,25,16672677,16699246,ACCEPTED,,16699289,ok,26.612
bot-021,01a0b92b-4b6a-750a-966b-07b88977deb5,26,17175210,17199222,ACCEPTED,,17199277,ok,24.067
bot-021,01a0b92b-4d5f-72d4-985e-0e5f2b16d44d,27,17677030,17699029,ACCEPTED,,17699068,ok,22.038
bot-021,01a0b92b-4f55-71cf-8bce-402f7e91f27a,28,18178890,18198979,ACCEPTED,,18199033,ok,20.143
bot-021,01a0b92b-514d-740d-82dd-b644e521d7a7,29,18682671,18698919,ACCEPTED,,18698985,ok,16.314
bot-021,01a0b92b-534b-77cd-98af-562d4acaa22f,30,19192282,19198964,ACCEPTED,,19199008,ok,6.726
bot-021,01a0b92b-5542-7142-a727-b22f1c6cf18b,31,19695814,19699232,ACCEPTED,,19699262,ok,3.448
bot-021,01a0b92b-5739-74f2-8b05-9421e2d896af,32,20198882,20248904,ACCEPTED,,20248946,ok,50.064
bot-021,01a0b92b-5930-73d5-9b93-65360cc08787,33,20701428,20750272,ACCEPTED,,20750326,ok,48.898
bot-021,01a0b92b-5b32-7046-bc18-b91d91384524,34,21215726,21249222,ACCEPTED,,21249276,ok,33.550
bot-021,01a0b92b-5d2a-739a-9a9d-7eb6e744493c,35,21719460,21749125,ACCEPTED,,21749171,ok,29.711
bot-021,01a0b92b-5f20-77ee-909e-b25253a067be,36,22222033,22248849,ACCEPTED,,22248893,ok,26.860
bot-021,01a0b92b-6117-7243-bab5-d91aa7bffa0b,37,22724364,22748959,ACCEPTED,,22749014,ok,24.650
bot-021,01a0b92b-630e-71ba-9d24-2a512edd9391,38,23227254,23249195,ACCEPTED,,23249223,ok,21.969
bot-021,01a0b92b-6506-718c-b228-a3364dbd0410,39,23731534,23748861,ACCEPTED,,23748911,ok,17.377
bot-021,01a0b92b-6709-7625-8bb5-9add5c0edba7,40,24246696,24248822,ACCEPTED,,24248868,ok,2.172
bot-021,01a0b92b-68fe-7634-93af-7dbea5a4378d,41,24747865,24749074,ACCEPTED,,24749104,ok,1.239
bot-021,01a0b92b-6af4-70d6-933b-57ce5f0cbc83,42,25249238,25299201,ACCEPTED,,25299245,ok,50.007
bot-021,01a0b92b-6cf0-76c3-8604-c7c95334f11b,43,25757145,25799287,ACCEPTED,,25799338,ok,42.193
bot-021,01a0b92b-6ee8-73e1-a39a-44d9c04464f1,44,26261372,26299084,ACCEPTED,,26299136,ok,37.764
bot-021,01a0b92b-70df-72a3-98cf-e7302dfef163,45,26764162,26799039,ACCEPTED,,26799058,ok,34.896
bot-021,01a0b92b-72d9-7294-b6e0-382fea1a8cc3,46,27270526,27299106,ACCEPTED,,27299128,ok,28.602
bot-021,01a0b92b-74cf-7770-85e1-43bf682548b4,47,27772744,27798956,ACCEPTED,,27798973,ok,26.229
bot-021,01a0b92b-76ca-7167-bdbe-a9ff9a480707,48,28280008,28298964,ACCEPTED,,28299017,ok,19.009
bot-021,01a0b92b-78cd-711f-a9ca-8eb80d7c155a,49,28794488,28799236,ACCEPTED,,28799254,ok,4.766
bot-021,01a0b92b-7ac4-7198-b5d7-8e66145f2349,50,29297508,29299248,ACCEPTED,,29299272,ok,1.764
bot-021,01a0b92b-7cba-753a-a5f3-a14e1dcf6f65,51,29799223,29848841,ACCEPTED,,29848890,ok,49.667
bot-021,01a0b92b-7eb5-7539-a4a1-778a85b1c75c,52,30306532,30349196,ACCEPTED,,30349239,ok,42.707
bot-021,01a0b92b-80ad-7661-b025-5f191c548e20,53,30810257,30849123,ACCEPTED,,30849169,ok,38.912
bot-021,01a0b92b-82a3-759d-a96e-2cb23da00c84,54,31312787,31349254,ACCEPTED,,31349312,ok,36.525
bot-021,01a0b92b-849c-72cc-aef9-e9f3165804ed,55,31817190,31848884,ACCEPTED,,31848914,ok,31.724
bot-021,01a0b92b-8695-7313-91f6-0872bac220b5,56,32322251,32348956,ACCEPTED,,32348990,ok,26.739
bot-021,01a0b92b-8892-700a-aa30-86e923381711,57,32832028,32849213,ACCEPTED,,32849293,ok,17.265
bot-021,01a0b92b-8a88-7141-99ee-7c5f128d849c,58,33333460,33349226,ACCEPTED,,33349276,ok,15.816
bot-021,01a0b92b-8c8b-741f-abe0-e95d4b79e7af,59,33848353,33849065,ACCEPTED,,33849084,ok,0.731
bot-021,01a0b92b-8e82-77d1-9e1c-e2cb13a9cc25,60,34351365,34399347,ACCEPTED,,34399376,ok,48.011
bot-021,01a0b92b-9078-76e8-a6d6-9285214fe0b7,61,34853602,34899231,ACCEPTED,,34899288,ok,45.686
bot-021,01a0b92b-927b-7494-9dc1-9abe7738ed48,62,35368199,35399253,ACCEPTED,,35399308,ok,31.109
bot-021,01a0b92b-9473-742a-9c93-df166753e3a8,63,35872724,35898812,ACCEPTED,,35898842,ok,26.118
bot-021,01a0b92b-9677-72a7-aee7-b363dc260562,64,36388793,36398981,ACCEPTED,,36399015,ok,10.222
bot-021,01a0b92b-9870-7038-ad28-b54e9a083f3d,65,36893152,36898822,ACCEPTED,,36898867,ok,5.715
bot-021,01a0b92b-9a67-7243-afae-bc3d6b4edf45,66,37396966,37398765,ACCEPTED,,37398791,ok,1.825
bot-021,01a0b92b-9c5e-71d9-9300-561ae458bb74,67,37899512,37948684,ACCEPTED,,37948709,ok,49.197
bot-021,01a0b92b-9e56-733c-b660-27fcea09061e,68,38403265,38449093,ACCEPTED,,38449128,ok,45.863
bot-021,01a0b92b-a04d-74f0-9b86-7b325b1be6d8,69,38906110,38949086,ACCEPTED,,38949141,ok,43.031
bot-021,01a0b92b-a24e-7565-ac55-f9f0165bec9c,70,39420040,39449202,ACCEPTED,,39449264,ok,29.224
bot-021,01a0b92b-a445-763f-9bca-7a460ce4171d,71,39922567,39949293,ACCEPTED,,39949331,ok,26.764
bot-021,01a0b92b-a63b-76fa-8970-b743f893412a,72,40424231,40449257,ACCEPTED,,40449310,ok,25.079
bot-021,01a0b92b-a833-76e1-9bef-3c6a65033f13,73,40928071,40948980,ACCEPTED,,40949039,ok,20.968
bot-021,01a0b92b-aa34-7304-a7db-1023a46070e2,74,41442065,41449123,ACCEPTED,,41449157,ok,7.092
bot-021,01a0b92b-ac2a-76fc-8c3f-d9f9a77b5c43,75,41943086,41948810,ACCEPTED,,41948823,ok,5.737
bot-021,01a0b92b-ae24-7784-9607-94478ee1b94f,76,42449343,42499295,ACCEPTED,,42499328,ok,49.985
bot-021,01a0b92b-b01c-75ce-b572-a49744d21638,77,42953880,42999212,ACCEPTED,,42999250,ok,45.370
bot-021,01a0b92b-b216-75bc-8bc5-322bc0a29bbf,78,43459775,43499404,ACCEPTED,,43499437,ok,39.662
bot-021,01a0b92b-b41b-7130-bb35-c286b04a39c9,79,43976986,43999217,ACCEPTED,,43999265,ok,22.279
bot-021,01a0b92b-b612-7195-96b1-ec386e26464e,80,44479092,44498986,ACCEPTED,,44499022,ok,19.930
bot-021,01a0b92b-b808-76cf-a59d-a4aa992b5afb,81,44981736,44998953,ACCEPTED,,44999008,ok,17.272
bot-021,01a0b92b-b9fe-77ee-b27e-8b18724c7a35,82,45483995,45499401,ACCEPTED,,45499437,ok,15.442
bot-021,01a0b92b-bbf4-772e-b532-4bdb90147c86,83,45985282,45998748,ACCEPTED,,45998773,ok,13.491
bot-021,01a0b92b-bdeb-7325-b5f2-9f3cdcfb0ef4,84,46488458,46499232,ACCEPTED,,46499276,ok,10.818
bot-021,01a0b92b-bfe1-7754-9188-3f2870069d71,85,46990318,46999141,ACCEPTED,,46999171,ok,8.853
bot-021,01a0b92b-c1dd-72e8-acc5-a7a22a569d84,86,47498894,47548742,ACCEPTED,,47548795,ok,49.901
bot-021,01a0b92b-c3d2-75c7-8c63-609c18644e1f,87,47999446,48049179,ACCEPTED,,48049219,ok,49.773
bot-021,01a0b92b-c5cc-710c-a0ba-f0ec74c45254,88,48505428,48549058,ACCEPTED,,48549092,ok,43.664
bot-021,01a0b92b-c7c3-71e4-ad74-52cc1b4c04b1,89,49008520,49049196,ACCEPTED,,49049244,ok,40.724
bot-021,01a0b92b-c9bc-776c-8a86-5e35602bca32,90,49513704,49549323,ACCEPTED,,49549359,ok,35.655
bot-021,01a0b92b-cbb1-717d-8e6e-4c8c5016da4e,91,50014576,50049333,ACCEPTED,,50049356,ok,34.780
bot-021,01a0b92b-cdb6-7427-8533-2685b6bfeadd,92,50531105,50549162,ACCEPTED,,50549177,ok,18.072
bot-021,01a0b92b-cfab-71c1-92bc-17825635b7ae,93,51032294,51049352,ACCEPTED,,51049366,ok,17.072
bot-021,01a0b92b-d1a0-70cd-80a8-f1e295eeb11d,94,51533617,51549089,ACCEPTED,,51549105,ok,15.488
bot-021,01a0b92b-d39f-705e-a2a4-feed842b180e,95,52044466,52049116,ACCEPTED,,52049133,ok,4.667
bot-021,01a0b92b-d5a2-73e4-82f7-c2ecede7853d,96,52559547,52599196,ACCEPTED,,52599227,ok,39.680
bot-021,01a0b92b-d797-72cf-ab50-51a4d582a6cd,97,53060830,53099150,ACCEPTED,,53099192,ok,38.362
bot-021,01a0b92b-d99c-716c-842e-325faeda741a,98,53577235,53599227,ACCEPTED,,53599256,ok,22.021
bot-021,01a0b92b-db9e-73a2-9137-becd0330d44d,99,54091942,54098923,ACCEPTED,,54098941,ok,6.999
bot-021,01a0b92b-dd99-7221-91af-295e62152c37,100,54598956,54648979,ACCEPTED,,54648995,ok,50.039
bot-021,01a0b92b-df9d-72a6-b2a1-dcf1d6f51af3,101,55114106,55148920,ACCEPTED,,55148960,ok,34.854
bot-021,01a0b92b-e194-7049-8d33-1ae2d209c451,102,55617490,55648917,ACCEPTED,,55648940,ok,31.450
bot-021,01a0b92b-e397-713d-80cf-56c15db48534,103,56132519,56149594,ACCEPTED,,56149624,ok,17.105
bot-021,01a0b92b-e591-77d4-a22d-54611682eb88,104,56639016,56648971,ACCEPTED,,56649012,ok,9.996
bot-021,01a0b92b-e789-70b2-8ff2-53e01868e965,105,57142659,57149131,ACCEPTED,,57149147,ok,6.488
bot-021,01a0b92b-e982-70f7-9c5d-6a2f9d4f9a54,106,57647794,57648964,ACCEPTED,,57648985,ok,1.191
bot-021,01a0b92b-eb81-705f-b881-390511380a8f,107,58158619,58198967,ACCEPTED,,58199005,ok,40.386
bot-021,01a0b92b-ed82-7694-8e32-0ce6c13ce350,108,58671628,58699209,ACCEPTED,,58699235,ok,27.607
bot-021,01a0b92b-ef79-7303-a6bf-f1efd6a4ac9a,109,59174987,59199529,ACCEPTED,,59199553,ok,24.566
bot-021,01a0b92b-f17c-765a-8f9f-56615cd841f3,110,59689523,59699257,ACCEPTED,,59699271,ok,9.748
bot-021,01a0b92b-f376-7049-91b7-8ed99f0027a1,111,60195736,60199129,ACCEPTED,,60199156,ok,3.420
bot-021,01a0b92b-f56f-7491-b3c8-2e80f0a952fb,112,60700447,60749009,ACCEPTED,,60749025,ok,48.578
bot-021,01a0b92b-f772-766e-bbf7-bb36847bdb86,113,61215245,61249005,ACCEPTED,,61249026,ok,33.781
bot-021,01a0b92b-f968-7368-a936-b2773ce971f2,114,61717345,61749746,ACCEPTED,,61749760,ok,32.415
bot-021,01a0b92b-fb62-75cd-94e4-1fb0e2d4200f,115,62223360,62248895,ACCEPTED,,62248924,ok,25.564
bot-021,01a0b92b-fd58-708e-8c3c-79f6bc93d991,116,62725908,62749056,ACCEPTED,,62749095,ok,23.187
bot-021,01a0b92b-ff4e-72a6-b2f9-6efa48ccd1cd,117,63227071,63249246,ACCEPTED,,63249267,ok,22.196
bot-021,01a0b92c-0143-77f3-816a-f4a7d9f92bd5,118,63728810,63748987,ACCEPTED,,63749027,ok,20.217
bot-022,01a0b92b-1866-7390-92b8-ffb2e237bdb7,0,4115984,4148734,ACCEPTED,,4148782,ok,32.798
bot-022,01a0b92b-1a5b-70d6-8e95-c034b39dfcfb,1,4616988,4648918,ACCEPTED,,4648941,ok,31.953
bot-022,01a0b92b-1c56-70ec-855d-b8c8ce850190,2,5123976,5149327,ACCEPTED,,5149365,ok,25.389
bot-022,01a0b92b-1e50-7763-92b1-a861282d9426,3,5629956,5649544,ACCEPTED,,5649574,ok,19.618
bot-022,01a0b92b-2045-737d-b828-5e27eb42c302,4,6130983,6149333,ACCEPTED,,6149361,ok,18.378
bot-022,01a0b92b-223f-7106-a0e3-b1c7b38dd83a,5,6636307,6648870,ACCEPTED,,6648928,ok,12.621
bot-022,01a0b92b-2435-732b-8a63-913da337456b,6,7138788,7149005,ACCEPTED,,7149047,ok,10.259
bot-022,01a0b92b-262a-7713-bfdc-3e1d5eb6fa76,7,7639536,7648861,ACCEPTED,,7648907,ok,9.371
bot-022,01a0b92b-2820-72d9-9a21-a277cfb31744,8,8141546,8148811,ACCEPTED,,8148851,ok,7.305
bot-022,01a0b92b-2a19-76a8-9dd3-749032bc8d96,9,8646927,8649097,ACCEPTED,,8649152,ok,2.225
bot-022,01a0b92b-2c12-7787-ae11-e9669f847b0b,10,9152042,9199156,ACCEPTED,,9199198,ok,47.156
bot-022,01a0b92b-2e0b-758d-9f72-1e170537f046,11,9656550,9698910,ACCEPTED,,9698960,ok,42.410
bot-022,01a0b92b-3002-7539-b144-87b9d6eb0821,12,10160054,10198941,ACCEPTED,,10198975,ok,38.921
bot-022,01a0b92b-31fb-760c-a1c5-9dafacc0bbff,13,10664780,10699113,ACCEPTED,,10699157,ok,34.377
bot-022,01a0b92b-33f5-76e8-b4c7-dae74af850bf,14,11170122,11199196,ACCEPTED,,11199246,ok,29.124
bot-022,01a0b92b-35f8-771b-9b57-d72651de056d,15,11685113,11698801,ACCEPTED,,11698841,ok,13.728
bot-022,01a0b92b-37ed-73ae-bec2-ce59b8cf7ff5,16,12186849,12198660,ACCEPTED,,12198699,ok,11.850
bot-022,01a0b92b-39e7-7578-88bb-1751efa0b038,17,12692653,12698828,ACCEPTED,,12698870,ok,6.217
bot-022,01a0b92b-3bdc-73c6-a60f-95b0900f2591,18,13193923,13198728,ACCEPTED,,13198770,ok,4.847
bot-022,01a0b92b-3dde-724c-a166-2ff083d88ee7,19,13707348,13748967,ACCEPTED,,13749003,ok,41.655
bot-022,01a0b92b-3fd4-750b-8ded-000a5d804df3,20,14209520,14248847,ACCEPTED,,14248887,ok,39.367
bot-022,01a0b92b-41d7-7087-b0f3-4950eab6883e,21,14724175,14749176,ACCEPTED,,14749218,ok,25.043
bot-022,01a0b92b-43cf-7793-82e1-f4d77ecb4434,22,15228173,15249168,ACCEPTED,,15249216,ok,21.043
bot-022,01a0b92b-45c4-700d-ab48-10604325d6f8,23,15729942,15748791,ACCEPTED,,15748860,ok,18.918
bot-022,01a0b92b-47ba-7350-860b-e4541b7bc807,24,16231791,16249032,ACCEPTED,,16249088,ok,17.297
bot-022,01a0b92b-49b0-72bb-b276-80c0ccfdb728,25,16733841,16749042,ACCEPTED,,16749094,ok,15.253
bot-022,01a0b92b-4ba6-72e5-be68-7739cbdd5577,26,17235749,17248970,ACCEPTED,,17249015,ok,13.266
bot-022,01a0b92b-4d9c-7484-9c0b-57e2101ea0f7,27,17737683,17748978,ACCEPTED,,17749026,ok,11.343
bot-022,01a0b92b-4f92-714d-872d-4e0e39c80fcf,28,18239478,18248837,ACCEPTED,,18248879,ok,9.401
bot-022,01a0b92b-518c-7002-af28-35a1e4250e47,29,18745232,18749014,ACCEPTED,,18749066,ok,3.834
bot-022,01a0b92b-5388-7456-9b55-829ba75f41d3,30,19253384,19299299,ACCEPTED,,19299358,ok,45.974
bot-022,01a0b92b-5580-77a5-a40f-abdc938faca2,31,19757719,19798993,ACCEPTED,,19799043,ok,41.324
bot-022,01a0b92b-5775-7306-8b37-975148dcbd9b,32,20259016,20299264,ACCEPTED,,20299306,ok,40.290
bot-022,01a0b92b-596e-71c5-bc23-3a25673d3060,33,20763398,20798920,ACCEPTED,,20798963,ok,35.565
bot-022,01a0b92b-5b6f-73e7-a3b0-60c9491d2c2d,34,21276822,21298954,ACCEPTED,,21299016,ok,22.194
bot-022,01a0b92b-5d67-7100-962c-cb3f3a642b84,35,21780505,21798891,ACCEPTED,,21798935,ok,18.430
bot-022,01a0b92b-5f5d-7787-87e8-a8dfca4c4f46,36,22282125,22299005,ACCEPTED,,22299053,ok,16.928
bot-022,01a0b92b-6153-7061-9d65-3436ccd833fd,37,22784574,22798918,ACCEPTED,,22798972,ok,14.398
bot-022,01a0b92b-634b-70b2-b9e5-b6ee1ddbb6dd,38,23288385,23299093,ACCEPTED,,23299140,ok,10.755
bot-022,01a0b92b-6543-70fd-9342-ade6da44b3c6,39,23792834,23798940,ACCEPTED,,23798985,ok,6.151
bot-022,01a0b92b-6746-767a-94b5-d58b83280e59,40,24307161,24349025,ACCEPTED,,24349068,ok,41.907
bot-022,01a0b92b-693b-738e-9be3-387bbaeea3e2,41,24808530,24849047,ACCEPTED,,24849105,ok,40.575
bot-022,01a0b92b-6b34-729c-920c-c41f69b9753a,42,25313629,25349069,ACCEPTED,,25349126,ok,35.497
bot-022,01a0b92b-6d2e-7794-9465-c11603602242,43,25819631,25849114,ACCEPTED,,25849166,ok,29.535
bot-022,01a0b92b-6f25-73fc-83c6-b9ca6f26c91a,44,26322623,26349157,ACCEPTED,,26349206,ok,26.583
bot-022,01a0b92b-711d-7158-aac3-32310c5dd293,45,26827053,26849033,ACCEPTED,,26849080,ok,22.027
bot-022,01a0b92b-7316-722a-a24c-f9dbfcad0687,46,27331870,27348813,ACCEPTED,,27348857,ok,16.987
bot-022,01a0b92b-750c-70d2-8bbc-77783145fe58,47,27833394,27849229,ACCEPTED,,27849285,ok,15.891
bot-022,01a0b92b-7707-754d-a739-0bde06bf8d31,48,28340931,28348821,ACCEPTED,,28348865,ok,7.934
bot-022,01a0b92b-790b-7205-a279-11b5c16b7cee,49,28856091,28898863,ACCEPTED,,28898907,ok,42.816
bot-022,01a0b92b-7b01-753a-b59a-b3b204ef6d42,50,29358970,29399027,ACCEPTED,,29399077,ok,40.107
bot-022,01a0b92b-7cfa-775d-bad4-a81b9c573019,51,29863374,29898831,ACCEPTED,,29898879,ok,35.505
bot-022,01a0b92b-7ef3-76f9-842b-3743ffc71778,52,30368319,30399111,ACCEPTED,,30399159,ok,30.840
bot-022,01a0b92b-80ea-760a-87de-5644bc854511,53,30871770,30898840,ACCEPTED,,30898883,ok,27.113
bot-022,01a0b92b-82df-758b-9a93-76d8b64e8745,54,31372752,31399010,ACCEPTED,,31399066,ok,26.314
bot-022,01a0b92b-84d8-7797-a65f-e41394c50359,55,31877819,31899245,ACCEPTED,,31899287,ok,21.468
bot-022,01a0b92b-86d2-77a6-bbb5-eebc89397695,56,32383232,32398905,ACCEPTED,,32398947,ok,15.715
bot-022,01a0b92b-88ce-7218-b451-b2a9cf37c5e4,57,32891822,32898806,ACCEPTED,,32898851,ok,7.029
bot-022,01a0b92b-8acd-7777-b0c5-27f32c394350,58,33402093,33449140,ACCEPTED,,33449190,ok,47.097
bot-022,01a0b92b-8cc7-7511-9cda-d8ecd15d4571,59,33908464,33949082,ACCEPTED,,33949134,ok,40.670
bot-022,01a0b92b-8ebf-7358-9213-62ead1b1973d,60,34412765,34449753,ACCEPTED,,34449812,ok,37.047
bot-022,01a0b92b-90b4-7369-ac75-fdfb45d4d30a,61,34913533,34949180,ACCEPTED,,34949230,ok,35.697
bot-022,01a0b92b-92b8-74ee-bede-468a015c5d89,62,35429287,35449049,ACCEPTED,,35449102,ok,19.815
bot-022,01a0b92b-94af-71ef-b822-1236fd7bf383,63,35932873,35948857,ACCEPTED,,35948900,ok,16.027
bot-022,01a0b92b-96a4-7690-b849-29e663c961b7,64,36433663,36449048,ACCEPTED,,36449110,ok,15.447
bot-022,01a0b92b-989c-71c2-9adc-9040fa4f122c,65,36937854,36949095,ACCEPTED,,36949141,ok,11.287
bot-022,01a0b92b-9a96-72db-8f32-9e4f0c9cd98d,66,37443201,37448824,ACCEPTED,,37448869,ok,5.668
bot-022,01a0b92b-9c8b-754f-b2f5-eddd8c3e2c7e,67,37944386,37948728,ACCEPTED,,37948757,ok,4.371
bot-022,01a0b92b-9e83-71bf-b65a-924a6c45a28d,68,38449064,38499300,ACCEPTED,,38499345,ok,50.281
bot-022,01a0b92b-a07a-74d4-bc43-821100b62066,69,38951864,38999014,ACCEPTED,,38999057,ok,47.193
bot-022,01a0b92b-a27b-7623-852e-9c8f71fc6ccd,70,39464762,39498994,ACCEPTED,,39499038,ok,34.276
bot-022,01a0b92b-a472-7281-9890-39c9c7ea81a8,71,39967768,39999177,ACCEPTED,,39999239,ok,31.471
bot-022,01a0b92b-a668-70dd-adee-4b299a7530d3,72,40469322,40499148,ACCEPTED,,40499196,ok,29.874
bot-022,01a0b92b-a861-73bc-b19e-ca73590f1270,73,40974256,40999107,ACCEPTED,,40999156,ok,24.900
bot-022,01a0b92b-aa62-7634-992a-9cc77f54b74d,74,41487473,41498854,ACCEPTED,,41498901,ok,11.428
bot-022,01a0b92b-ac58-7516-830c-562ace4db2cb,75,41989116,41999037,ACCEPTED,,41999078,ok,9.962
bot-022,01a0b92b-ae54-759b-b212-9f3479a2c435,76,42497821,42499277,ACCEPTED,,42499307,ok,1.486
bot-022,01a0b92b-b049-7386-abef-2a662527af8a,77,42998982,43048905,ACCEPTED,,43048944,ok,49.962
bot-022,01a0b92b-b23e-71a9-81ac-e3e15fd24b00,78,43499478,43549188,ACCEPTED,,43549235,ok,49.757
bot-022,01a0b92b-b43a-779b-a5be-bca1e44bdf41,79,44007747,44048853,ACCEPTED,,44048912,ok,41.165
bot-022,01a0b92b-b630-7176-8745-bf0d08110998,80,44509315,44548903,ACCEPTED,,44548952,ok,39.637
bot-022,01a0b92b-b826-7602-988b-c1cec1f6e545,81,45011337,45048865,ACCEPTED,,45048921,ok,37.584
bot-022,01a0b92b-ba1c-721b-89cd-149022607a37,82,45513998,45548735,ACCEPTED,,45548786,ok,34.788
bot-022,01a0b92b-bc12-75e0-98a5-e70ce4cefd4f,83,46015751,46048936,ACCEPTED,,46048983,ok,33.232
bot-022,01a0b92b-be08-7430-b95e-f4f60d2473d9,84,46517933,46549427,ACCEPTED,,46549480,ok,31.547
bot-022,01a0b92b-bfff-705a-808b-d6432391f48e,85,47020615,47049278,ACCEPTED,,47049331,ok,28.716
bot-022,01a0b92b-c202-75c8-904e-fc60b439b259,86,47535358,47548816,ACCEPTED,,47548841,ok,13.483
bot-022,01a0b92b-c3f7-76ce-92f0-14d73b2fbc3e,87,48036475,48049275,ACCEPTED,,48049303,ok,12.828
bot-022,01a0b92b-c5f7-717f-bba0-201815be8079,88,48549043,48599048,ACCEPTED,,48599094,ok,50.051
bot-022,01a0b92b-c7f2-7390-b715-72ab4be60bf8,89,49055399,49099259,ACCEPTED,,49099308,ok,43.909
bot-022,01a0b92b-c9eb-7167-8be4-c216c39784f0,90,49560425,49598819,ACCEPTED,,49598866,ok,38.441
bot-022,01a0b92b-cbee-70de-81a1-67bd95dc43ef,91,50075262,50098864,ACCEPTED,,50098917,ok,23.655
bot-022,01a0b92b-cde4-707b-824b-f9b0f79809b1,92,50577400,50599275,ACCEPTED,,50599325,ok,21.925
bot-022,01a0b92b-cfe8-706c-8e4e-da79d5448c51,93,51093115,51098747,ACCEPTED,,51098792,ok,5.677
bot-022,01a0b92b-d1de-7541-bafe-41532c0022bc,94,51595247,51599251,ACCEPTED,,51599303,ok,4.056
bot-022,01a0b92b-d3db-76e2-934a-aac8f4d23fba,95,52104704,52148794,ACCEPTED,,52148834,ok,44.130
bot-022,01a0b92b-d5de-72de-9931-1be05bcc286b,96,52619929,52648975,ACCEPTED,,52649024,ok,29.095
bot-022,01a0b92b-d7d4-75fe-ab0d-5a96c551586e,97,53121424,53149058,ACCEPTED,,53149105,ok,27.681
bot-022,01a0b92b-d9c9-72bb-ac17-19f4eb23311e,98,53623070,53649105,ACCEPTED,,53649153,ok,26.083
bot-022,01a0b92b-dbcc-742c-82de-1dc00311d30f,99,54137758,54148789,ACCEPTED,,54148833,ok,11.075
bot-022,01a0b92b-ddc7-7630-8e1c-b119b3836241,100,54644158,54648937,ACCEPTED,,54648996,ok,4.838
bot-022,01a0b92b-dfbf-7491-9d9f-b728f64581d2,101,55148805,55198905,ACCEPTED,,55198947,ok,50.142
bot-022,01a0b92b-e1c1-75c3-bbfc-0c44dd8fa0a9,102,55662737,55698795,ACCEPTED,,55698842,ok,36.105
bot-022,01a0b92b-e3b6-7253-b581-a53c96abbd45,103,56163841,56199007,ACCEPTED,,56199051,ok,35.210
bot-022,01a0b92b-e5b0-7703-be12-6857e5bff98a,104,56669376,56699179,ACCEPTED,,56699221,ok,29.845
bot-022,01a0b92b-e7a7-7238-8e6b-ed7634b14c46,105,57172678,57199114,ACCEPTED,,57199157,ok,26.479
bot-022,01a0b92b-e9a0-7053-8db4-641abb97c88e,106,57677669,57698828,ACCEPTED,,57698872,ok,21.203
bot-022,01a0b92b-eb9f-7680-a10f-3361ffa75c29,107,58188712,58199034,ACCEPTED,,58199068,ok,10.356
bot-022,01a0b92b-ed9d-71d3-b7b7-e36c05265b68,108,58699063,58749135,ACCEPTED,,58749176,ok,50.113
bot-022,01a0b92b-ef92-769d-9ef2-99745273ee70,109,59199514,59248804,ACCEPTED,,59248850,ok,49.336
bot-022,01a0b92b-f18c-73be-b9af-a1128182f6a4,110,59705105,59748921,ACCEPTED,,59748966,ok,43.861
bot-022,01a0b92b-f385-74f6-b37c-4f64840c081c,111,60210247,60249076,ACCEPTED,,60249124,ok,38.877
bot-022,01a0b92b-f57e-77b4-bcbb-950aed0f7e64,112,60715811,60749045,ACCEPTED,,60749081,ok,33.270
bot-022,01a0b92b-f782-758d-a2b1-af5e99c12615,113,61231130,61248981,ACCEPTED,,61249005,ok,17.875
bot-022,01a0b92b-f977-77b2-b0da-2ff95ed65b4c,114,61733036,61749660,ACCEPTED,,61749678,ok,16.642
bot-022,01a0b92b-fb72-7010-b0a7-a5852c447ba4,115,62239153,62248874,ACCEPTED,,62248903,ok,9.750
bot-022,01a0b92b-fd67-70f7-a179-5b3345ff9e24,116,62740667,62749096,ACCEPTED,,62749133,ok,8.466
bot-022,01a0b92b-ff5d-73e2-869f-ff7e732212a3,117,63242168,63249231,ACCEPTED,,63249264,ok,7.096
bot-022,01a0b92c-0152-774e-9c28-e0f643c4d666,118,63743888,63749074,ACCEPTED,,63749111,ok,5.223
bot-023,01a0b92b-1894-75ad-97a5-f3e321ecdf96,0,4161070,4199085,ACCEPTED,,4199099,ok,38.029
bot-023,01a0b92b-1a89-740d-a340-8a6d0a8342d7,1,4662597,4699114,ACCEPTED,,4699197,ok,36.600
bot-023,01a0b92b-1c84-77ab-9332-f5100d0bf610,2,5169566,5199083,ACCEPTED,,5199129,ok,29.563
bot-023,01a0b92b-1e7e-70b0-976e-839c19c97474,3,5675290,5699181,ACCEPTED,,5699229,ok,23.939
bot-023,01a0b92b-2074-711f-a1a3-f936d05102bf,4,6177472,6199120,ACCEPTED,,6199162,ok,21.690
bot-023,01a0b92b-226c-71cc-b368-3f4d46fa8964,5,6681660,6699038,ACCEPTED,,6699053,ok,17.393
bot-023,01a0b92b-2462-71c5-b93c-78d7e2a6b370,6,7183843,7199471,ACCEPTED,,7199500,ok,15.657
bot-023,01a0b92b-2657-705a-a652-5327c4eb6e8b,7,7684591,7699042,ACCEPTED,,7699089,ok,14.498
bot-023,01a0b92b-284d-74dc-8d24-d8d60963577d,8,8186556,8199216,ACCEPTED,,8199275,ok,12.719
bot-023,01a0b92b-2a48-778d-a236-3e931624ad18,9,8693563,8698877,ACCEPTED,,8698923,ok,5.360
bot-023,01a0b92b-2c3f-7508-8654-a32110b372b1,10,9196852,9199146,ACCEPTED,,9199199,ok,2.347
bot-023,01a0b92b-2e35-74de-b9c3-8aba80a8f6ac,11,9698937,9749106,ACCEPTED,,9749143,ok,50.206
bot-023,01a0b92b-3030-75cd-a10e-7c63ef321e70,12,10205336,10249131,ACCEPTED,,10249159,ok,43.823
bot-023,01a0b92b-322a-7203-aa43-90113000156f,13,10711491,10749264,ACCEPTED,,10749305,ok,37.814
bot-023,01a0b92b-3422-702e-a9e9-d7b707b51967,14,11215293,11248929,ACCEPTED,,11248976,ok,33.683
bot-023,01a0b92b-3625-713c-82ee-ed0a8f58d1ed,15,11730157,11749110,ACCEPTED,,11749167,ok,19.010
bot-023,01a0b92b-381b-7726-9b4b-660d075324f0,16,12232292,12248861,ACCEPTED,,12248881,ok,16.589
bot-023,01a0b92b-3a16-74bf-8cdd-338d9f9fa4cc,17,12739976,12748833,ACCEPTED,,12748883,ok,8.907
bot-023,01a0b92b-3c14-7343-82cd-d5326fa64278,18,13249171,13299039,ACCEPTED,,13299092,ok,49.921
bot-023,01a0b92b-3e0c-75e6-a5ee-504066117785,19,13753389,13798893,ACCEPTED,,13798930,ok,45.541
bot-023,01a0b92b-4011-735d-a788-3291d353b683,20,14270204,14299198,ACCEPTED,,14299243,ok,29.039
bot-023,01a0b92b-4214-70e4-9c8b-e58bf56d98c2,21,14785356,14799164,ACCEPTED,,14799215,ok,13.859
bot-023,01a0b92b-440b-7127-8d95-2019c4d5edda,22,15288970,15299061,ACCEPTED,,15299107,ok,10.137
bot-023,01a0b92b-4602-7727-b0c9-08ad1164f5ae,23,15791258,15798824,ACCEPTED,,15798859,ok,7.601
bot-023,01a0b92b-47f8-7143-beed-db1c915c073d,24,16293137,16298905,ACCEPTED,,16298945,ok,5.808
bot-023,01a0b92b-49ee-7591-8494-f72dcc995ca7,25,16795796,16798984,ACCEPTED,,16799022,ok,3.226
bot-023,01a0b92b-4be5-7201-9870-1a1376f51468,26,17298871,17349240,ACCEPTED,,17349290,ok,50.419
bot-023,01a0b92b-4dda-73f3-9d14-95faa7c2b117,27,17799541,17848824,ACCEPTED,,17848849,ok,49.308
bot-023,01a0b92b-4fcf-706f-a929-3e4655e20ef6,28,18300981,18349109,ACCEPTED,,18349162,ok,48.181
bot-023,01a0b92b-51c9-732f-b4f1-f3b034c7764f,29,18806741,18849194,ACCEPTED,,18849247,ok,42.506
bot-023,01a0b92b-53c4-7316-9ce2-3fbd272bd1e6,30,19313778,19349279,ACCEPTED,,19349328,ok,35.550
bot-023,01a0b92b-55be-73ae-b204-557de366df5b,31,19819264,19848970,ACCEPTED,,19849027,ok,29.763
bot-023,01a0b92b-57c1-774a-8d9d-463ed7da877c,32,20334417,20349146,ACCEPTED,,20349184,ok,14.767
bot-023,01a0b92b-59b9-7245-9447-50d266b0514c,33,20838915,20849010,ACCEPTED,,20849067,ok,10.152
bot-023,01a0b92b-5bb7-737b-8497-d7697fd94bb3,34,21348876,21399072,ACCEPTED,,21399123,ok,50.247
bot-023,01a0b92b-5db2-7536-a381-8fe4753546b4,35,21855993,21898951,ACCEPTED,,21899004,ok,43.011
bot-023,01a0b92b-5faa-751a-984e-7ae240385840,36,22359759,22399307,ACCEPTED,,22399334,ok,39.575
bot-023,01a0b92b-61af-760f-916e-9292251097c2,37,22876746,22898931,ACCEPTED,,22898961,ok,22.215
bot-023,01a0b92b-63a6-7078-9bd0-b96bfbdf6155,38,23379568,23398822,ACCEPTED,,23398859,ok,19.291
bot-023,01a0b92b-659e-7388-b54d-0f5603b38e90,39,23883578,23899058,ACCEPTED,,23899084,ok,15.506
bot-023,01a0b92b-67a1-762f-8c58-6bc36813af78,40,24398078,24399134,ACCEPTED,,24399152,ok,1.074
bot-023,01a0b92b-6996-7084-83ad-a7cc7cf9d7ab,41,24899162,24948930,ACCEPTED,,24948954,ok,49.792
bot-023,01a0b92b-6b90-7620-8599-438342a4d54d,42,25405305,25448879,ACCEPTED,,25448914,ok,43.609
bot-023,01a0b92b-6d89-71b6-89b9-f43ca1490f8a,43,25910717,25949265,ACCEPTED,,25949322,ok,38.605
bot-023,01a0b92b-6f7e-701d-a315-0feaf291d842,44,26411869,26449281,ACCEPTED,,26449333,ok,37.464
bot-023,01a0b92b-717a-7462-95ef-6419100bca34,45,26919231,26949154,ACCEPTED,,26949196,ok,29.965
bot-023,01a0b92b-7371-7634-850c-2ccfe31a60fa,46,27422095,27449068,ACCEPTED,,27449121,ok,27.026
bot-023,01a0b92b-756a-7418-8ebc-c33791bdf4b4,47,27927250,27948909,ACCEPTED,,27948945,ok,21.695
bot-023,01a0b92b-7762-70a6-8ae4-e44750ef1455,48,28431927,28448900,ACCEPTED,,28448923,ok,16.996
bot-023,01a0b92b-7959-732a-b7f8-12c93bdd3e2f,49,28934532,28949174,ACCEPTED,,28949195,ok,14.663
bot-023,01a0b92b-7b5b-7536-9b00-dad6b95ca35d,50,29448983,29498776,ACCEPTED,,29498801,ok,49.818
bot-023,01a0b92b-7d50-708b-bf53-71bc678a9499,51,29949478,29999178,ACCEPTED,,29999231,ok,49.753
bot-023,01a0b92b-7f50-74e3-a3a7-0654e4d0b535,52,30461509,30498904,ACCEPTED,,30498958,ok,37.449
bot-023,01a0b92b-8154-70a2-b4e7-9becd0197195,53,30977893,30998981,ACCEPTED,,30999040,ok,21.147
bot-023,01a0b92b-834b-7536-b175-1843624320e9,54,31480295,31499119,ACCEPTED,,31499170,ok,18.875
bot-023,01a0b92b-8545-74f0-b713-8f77be53bf72,55,31986168,31999009,ACCEPTED,,31999050,ok,12.882
bot-023,01a0b92b-873c-7355-a49b-cf9827a07947,56,32489324,32499046,ACCEPTED,,32499080,ok,9.756
bot-023,01a0b92b-8939-7361-9abc-b4abf4ff76fd,57,32998932,33049161,ACCEPTED,,33049189,ok,50.257
bot-023,01a0b92b-8b38-7381-88bb-a7e9b432310d,58,33509350,33548889,ACCEPTED,,33548927,ok,39.577
bot-023,01a0b92b-8d32-71be-8019-8418eb7220d3,59,34015315,34049000,ACCEPTED,,34049028,ok,33.713
bot-023,01a0b92b-8f29-739d-bd81-c5cac5b1929c,60,34518994,34548846,ACCEPTED,,34548877,ok,29.883
bot-023,01a0b92b-911e-72ff-9140-20d6d4029342,61,35019854,35049249,ACCEPTED,,35049285,ok,29.431
bot-023,01a0b92b-9321-722d-bcad-35c6a2825843,62,35535010,35548826,ACCEPTED,,35548876,ok,13.866
bot-023,01a0b92b-9518-77f6-8279-4d204b80ac44,63,36037804,36049262,ACCEPTED,,36049316,ok,11.512
bot-023,01a0b92b-970f-7259-b736-ae8a0e7c7b0d,64,36540591,36548906,ACCEPTED,,36548933,ok,8.342
bot-023,01a0b92b-9908-74d4-aeea-4e7e6a314530,65,37045896,37048740,ACCEPTED,,37048775,ok,2.879
bot-023,01a0b92b-9b02-72c5-8300-79ca95571bc8,66,37551237,37599005,ACCEPTED,,37599037,ok,47.800
bot-023,01a0b92b-9cf8-71f9-a3e7-3b084719f712,67,38053224,38098945,ACCEPTED,,38098969,ok,45.745
bot-023,01a0b92b-9eef-7292-9218-38ab53f0ac30,68,38556734,38599083,ACCEPTED,,38599134,ok,42.400
bot-023,01a0b92b-a0e5-712d-8b61-9e9cd5f47961,69,39058535,39099119,ACCEPTED,,39099172,ok,40.637
bot-023,01a0b92b-a2e5-749a-b574-4d415016e410,70,39570970,39598855,ACCEPTED,,39598877,ok,27.907
bot-023,01a0b92b-a4dc-74fd-aaa1-9ac1cd7886bf,71,40073687,40099165,ACCEPTED,,40099220,ok,25.533
bot-023,01a0b92b-a6d2-762a-8543-eaa9bc49d3a1,72,40575231,40598893,ACCEPTED,,40598944,ok,23.713
bot-023,01a0b92b-a8ca-744b-a3eb-1a10c4a52e12,73,41079556,41098986,ACCEPTED,,41099035,ok,19.479
bot-023,01a0b92b-aacb-753c-8b22-4e4a135330b5,74,41592982,41598775,ACCEPTED,,41598823,ok,5.841
bot-023,01a0b92b-acc3-7170-a49a-24145ad1fcbf,75,42096605,42099164,ACCEPTED,,42099192,ok,2.587
bot-023,01a0b92b-aebf-746f-bd0b-def110d4419a,76,42604395,42648975,ACCEPTED,,42649002,ok,44.607
bot-023,01a0b92b-b0b4-758d-98f7-777edd7b9e3a,77,43105766,43149006,ACCEPTED,,43149046,ok,43.280
bot-023,01a0b92b-b2ae-76f6-95fe-5db4da1e3d7f,78,43611277,43649401,ACCEPTED,,43649426,ok,38.149
bot-023,01a0b92b-b4a5-76cb-a27e-fc9ca84a218c,79,44114395,44149272,ACCEPTED,,44149308,ok,34.913
bot-023,01a0b92b-b69a-75ce-b7fb-0c77ddcac2c9,80,44615905,44648987,ACCEPTED,,44649034,ok,33.129
bot-023,01a0b92b-b890-76e6-ab82-283ece3238c4,81,45117891,45148889,ACCEPTED,,45148948,ok,31.057
bot-023,01a0b92b-ba87-75fb-a5d8-01ad93b0ba1f,82,45620678,45649053,ACCEPTED,,45649089,ok,28.411
bot-023,01a0b92b-bc8b-753f-93fa-3c0f1eca7554,83,46136341,46148821,ACCEPTED,,46148862,ok,12.521
bot-023,01a0b92b-be82-77db-9928-3e1a4075dd21,84,46639248,46649081,ACCEPTED,,46649139,ok,9.891
bot-023,01a0b92b-c077-7203-a1c6-95767e63c080,85,47140823,47148841,ACCEPTED,,47148870,ok,8.047
bot-023,01a0b92b-c27b-7536-8cfb-ec3ae4139dcb,86,47656729,47699268,ACCEPTED,,47699311,ok,42.582
bot-023,01a0b92b-c480-71aa-8ece-92d18ad5b863,87,48173203,48199000,ACCEPTED,,48199029,ok,25.826
bot-023,01a0b92b-c682-7015-a303-c16b040985ab,88,48687289,48699242,ACCEPTED,,48699295,ok,12.006
bot-023,01a0b92b-c87a-7362-aaf2-2cc6d2f68cae,89,49191958,49199702,ACCEPTED,,49199714,ok,7.756
bot-023,01a0b92b-ca75-75b6-8e6f-1cc75ed7ff86,90,49698319,49698976,ACCEPTED,,49699004,ok,0.685
bot-023,01a0b92b-cc76-7010-a2da-08e2d3babb8b,91,50211461,50249074,ACCEPTED,,50249128,ok,37.667
bot-023,01a0b92b-ce6d-73a2-879e-a6b7f900749e,92,50714611,50749107,ACCEPTED,,50749165,ok,34.554
bot-023,01a0b92b-d063-7704-8d83-1ec2c787fca2,93,51216090,51249091,ACCEPTED,,51249148,ok,33.058
bot-023,01a0b92b-d257-7306-bd63-cf0a83170078,94,51716965,51749721,ACCEPTED,,51749737,ok,32.772
bot-023,01a0b92b-d454-7631-a561-a6062c0461ea,95,52225889,52249057,ACCEPTED,,52249087,ok,23.198
bot-023,01a0b92b-d64b-734a-9a48-9192b20a87b2,96,52728293,52749331,ACCEPTED,,52749401,ok,21.108
bot-023,01a0b92b-d84e-74c4-a7cc-66d115fecfd3,97,53243542,53248747,ACCEPTED,,53248775,ok,5.233
bot-023,01a0b92b-da44-7609-8ef8-68d08d6700ae,98,53745113,53749264,ACCEPTED,,53749294,ok,4.181
bot-023,01a0b92b-dc39-74c2-8dcc-8f9527ab7077,99,54246492,54249150,ACCEPTED,,54249187,ok,2.695
bot-023,01a0b92b-de2f-70b4-ad6f-d1400b886f70,100,54748868,54798894,ACCEPTED,,54798912,ok,50.044
bot-023,01a0b92b-e026-754a-a352-113dbad9fa2d,101,55251575,55299234,ACCEPTED,,55299264,ok,47.689
bot-023,01a0b92b-e21d-7522-abb0-4ed0e41ba941,102,55754487,55799018,ACCEPTED,,55799046,ok,44.559
bot-023,01a0b92b-e413-73ca-bf2c-d84272423d98,103,56256949,56299381,ACCEPTED,,56299403,ok,42.454
bot-023,01a0b92b-e60a-732b-a3b1-eef3e6d004f1,104,56759706,56798980,ACCEPTED,,56799014,ok,39.308
bot-023,01a0b92b-e804-76db-a49d-e05f97ffeef6,105,57265616,57299113,ACCEPTED,,57299137,ok,33.521
bot-023,01a0b92b-ea04-728c-898d-f9aa1723eafd,106,57777818,57798939,ACCEPTED,,57798998,ok,21.180
bot-023,01a0b92b-ebfa-71ab-a1ec-a8bec58307c3,107,58279806,58298963,ACCEPTED,,58298996,ok,19.190
bot-023,01a0b92b-edfc-7658-98ff-aebb02424c2f,108,58793597,58799264,ACCEPTED,,58799292,ok,5.695
bot-023,01a0b92b-eff2-739b-8894-18018cbe0bac,109,59295541,59299051,ACCEPTED,,59299075,ok,3.534
bot-023,01a0b92b-f1e7-7449-8fbd-062b7f7dd885,110,59796586,59798759,ACCEPTED,,59798780,ok,2.194
bot-023,01a0b92b-f3dd-7163-b549-6312fa5492dc,111,60298877,60349461,ACCEPTED,,60349494,ok,50.617
bot-023,01a0b92b-f5d9-7094-9bf7-71db5ecb822d,112,60806658,60849074,ACCEPTED,,60849119,ok,42.461
bot-023,01a0b92b-f7dc-762a-b566-79d17c3e9e0c,113,61321601,61349039,ACCEPTED,,61349089,ok,27.488
bot-023,01a0b92b-f9d7-76e4-832c-256be65ef43f,114,61828673,61849346,ACCEPTED,,61849383,ok,20.710
bot-023,01a0b92b-fbce-74eb-882d-052d36ce25e3,115,62331191,62348803,ACCEPTED,,62348834,ok,17.643
bot-023,01a0b92b-fdd1-766d-953b-26096a9d8417,116,62846356,62849327,ACCEPTED,,62849531,ok,3.175
bot-023,01a0b92b-ffc8-7092-98e3-3bf6a34de74e,117,63349843,63399214,ACCEPTED,,63399228,ok,49.385
bot-023,01a0b92c-01cc-742d-8343-2cb4233945e6,118,63865403,63898665,ACCEPTED,,63898709,ok,33.306
bot-024,01a0b92b-1950-7743-974e-2c9fbed68e1d,0,4349322,4399245,ACCEPTED,,4399266,ok,49.944
bot-024,01a0b92b-1b53-707f-98b6-b1826ed17352,1,4864939,4899140,ACCEPTED,,4899157,ok,34.218
bot-024,01a0b92b-1d4a-7502-9055-3b0a55ab0098,2,5367762,5399955,ACCEPTED,,5399987,ok,32.225
bot-024,01a0b92b-1f41-72d1-bba2-424894a1d97f,3,5870798,5898910,ACCEPTED,,5898956,ok,28.158
bot-024,01a0b92b-213b-7493-bcc0-c364766012e6,4,6376692,6399281,ACCEPTED,,6399338,ok,22.646
bot-024,01a0b92b-2332-761e-9eee-cb5ddcd6f274,5,6879417,6899344,ACCEPTED,,6899405,ok,19.988
bot-024,01a0b92b-2537-71f3-9576-e0617ca260be,6,7396311,7398853,ACCEPTED,,7398893,ok,2.582
bot-024,01a0b92b-273c-77b0-955b-111564645c0b,7,7913152,7948838,ACCEPTED,,7948879,ok,35.727
bot-024,01a0b92b-2933-7739-9ae6-2c26d1a51000,8,8416402,8448969,ACCEPTED,,8449001,ok,32.599
bot-024,01a0b92b-2b2e-72aa-8f9d-3559e512bbde,9,8923953,8948919,ACCEPTED,,8948968,ok,25.015
bot-024,01a0b92b-2d27-77a7-88b3-37d0737c6e54,10,9428312,9449073,ACCEPTED,,9449129,ok,20.817
bot-024,01a0b92b-2f1e-7651-8e1a-27acda7cedd8,11,9931136,9949204,ACCEPTED,,9949240,ok,18.104
bot-024,01a0b92b-3117-7174-8c5d-3e7b65cf11c9,12,10436163,10449075,ACCEPTED,,10449128,ok,12.965
bot-024,01a0b92b-330f-779e-80a4-107d1e3c9e81,13,10940578,10948786,ACCEPTED,,10948829,ok,8.251
bot-024,01a0b92b-3514-76c7-a5ba-ddbfcb28fa07,14,11457392,11499312,ACCEPTED,,11499337,ok,41.945
bot-024,01a0b92b-3716-705a-8f57-477b3f0dbe10,15,11971836,11999408,ACCEPTED,,11999452,ok,27.616
bot-024,01a0b92b-3910-73b3-bfac-50c3abda1627,16,12477767,12499089,ACCEPTED,,12499163,ok,21.396
bot-024,01a0b92b-3b09-76d1-81df-ec9f65c8f0c0,17,12982619,12998972,ACCEPTED,,12998995,ok,16.376
bot-024,01a0b92b-3d0b-77f7-9539-e9c2714faec9,18,13496620,13498748,ACCEPTED,,13498781,ok,2.161
bot-024,01a0b92b-3f0f-7451-bf47-baf6418c8032,19,14012161,14049166,ACCEPTED,,14049221,ok,37.060
bot-024,01a0b92b-4103-71ce-b07c-e33c55997ec1,20,14512855,14548977,ACCEPTED,,14549030,ok,36.175
bot-024,01a0b92b-42fb-7075-bdb1-db0d4e483ada,21,15016710,15049219,ACCEPTED,,15049273,ok,32.563
bot-024,01a0b92b-44fd-748d-b1f1-bb47a0b4e807,22,15530634,15549001,ACCEPTED,,15549034,ok,18.400
bot-024,01a0b92b-46f6-7219-997c-f457864e5724,23,16035530,16049015,ACCEPTED,,16049068,ok,13.538
bot-024,01a0b92b-48ec-7675-91fd-5e49e07d7eca,24,16538003,16549009,ACCEPTED,,16549046,ok,11.043
bot-024,01a0b92b-4af0-7176-9dbd-04530659e583,25,17053171,17098910,ACCEPTED,,17098962,ok,45.791
bot-024,01a0b92b-4ce6-744b-b9f6-450aa4655d20,26,17555937,17599050,ACCEPTED,,17599104,ok,43.167
bot-024,01a0b92b-4edc-7117-8008-6883043d3054,27,18057892,18099366,ACCEPTED,,18099389,ok,41.497
bot-024,01a0b92b-50d1-7118-a80b-a0e08782c5e7,28,18559024,18599313,ACCEPTED,,18599335,ok,40.311
bot-024,01a0b92b-52cf-700d-a47f-53a18f43a88f,29,19068351,19099383,ACCEPTED,,19099431,ok,31.080
bot-024,01a0b92b-54c9-77d5-b301-f1bca311f7d4,30,19574201,19599261,ACCEPTED,,19599294,ok,25.093
bot-024,01a0b92b-56bf-7650-801c-e51d0b00010b,31,20077040,20099132,ACCEPTED,,20099166,ok,22.126
bot-024,01a0b92b-58b5-7057-9c6e-e8e84faa0035,32,20578112,20599011,ACCEPTED,,20599062,ok,20.950
bot-024,01a0b92b-5aab-7664-b8aa-cdae99c4b41a,33,21080096,21099331,ACCEPTED,,21099348,ok,19.252
bot-024,01a0b92b-5ca0-7564-a5d6-e67a8917b57e,34,21581781,21598993,ACCEPTED,,21599048,ok,17.267
bot-024,01a0b92b-5e97-7499-97d4-ecbea1e4b064,35,22084372,22098860,ACCEPTED,,22098894,ok,14.522
bot-024,01a0b92b-608d-724c-993f-5a8cac6dfb3c,36,22586492,22599255,ACCEPTED,,22599278,ok,12.786
bot-024,01a0b92b-6284-732c-9465-e562d8a1cbcf,37,23089420,23099153,ACCEPTED,,23099189,ok,9.769
bot-024,01a0b92b-647c-7303-b396-c06ec6e010e3,38,23593870,23598882,ACCEPTED,,23598917,ok,5.047
bot-024,01a0b92b-6681-7095-9bca-6b76363ff6ce,39,24110642,24149134,ACCEPTED,,24149187,ok,38.545
bot-024,01a0b92b-6884-71fa-a51b-5af78401294b,40,24625896,24648823,ACCEPTED,,24648873,ok,22.977
bot-024,01a0b92b-6a7d-73a8-82ab-0f9439351f85,41,25130583,25148864,ACCEPTED,,25148915,ok,18.332
bot-024,01a0b92b-6c74-72be-90dd-9bb85a9fcc72,42,25633053,25649131,ACCEPTED,,25649186,ok,16.133
bot-024,01a0b92b-6e6e-71bd-98b8-b9ff8bdeb6f9,43,26139578,26149010,ACCEPTED,,26149059,ok,9.481
bot-024,01a0b92b-7064-75af-bd1f-73452305f4cd,44,26641599,26648923,ACCEPTED,,26648974,ok,7.375
bot-024,01a0b92b-725e-72da-9ed2-a91c8fde0865,45,27148021,27149051,ACCEPTED,,27149099,ok,1.078
bot-024,01a0b92b-7453-713b-81e4-f64f882359d3,46,27649046,27699262,ACCEPTED,,27699318,ok,50.272
bot-024,01a0b92b-764f-76fa-8dc0-14b93caf50a9,47,28156576,28199121,ACCEPTED,,28199176,ok,42.600
bot-024,01a0b92b-7846-75d6-bcf0-2478e3f3f08a,48,28659859,28699054,ACCEPTED,,28699095,ok,39.236
bot-024,01a0b92b-7a3c-76ae-949e-a2dfc82e8817,49,29161124,29199388,ACCEPTED,,29199442,ok,38.318
bot-024,01a0b92b-7c34-7390-a98f-1fe1e2840a4a,50,29665440,29698894,ACCEPTED,,29698948,ok,33.508
bot-024,01a0b92b-7e2b-750c-a347-04d60438796d,51,30168966,30198920,ACCEPTED,,30198968,ok,30.002
bot-024,01a0b92b-8024-7688-9f59-d85a926aaaae,52,30673969,30699272,ACCEPTED,,30699294,ok,25.325
bot-024,01a0b92b-8228-7664-97bf-5f4c52bd08e0,53,31189885,31198709,ACCEPTED,,31198742,ok,8.857
bot-024,01a0b92b-8421-74c9-892a-e6ce1ff7eb2c,54,31694402,31699053,ACCEPTED,,31699086,ok,4.684
bot-024,01a0b92b-861b-760b-a936-9603728d8fbf,55,32200251,32248920,ACCEPTED,,32248963,ok,48.712
bot-024,01a0b92b-881a-7200-894a-4e60bfe0594d,56,32711123,32749262,ACCEPTED,,32749284,ok,38.161
bot-024,01a0b92b-8a1d-76b1-8923-de53ae801110,57,33226523,33248905,ACCEPTED,,33248937,ok,22.414
bot-024,01a0b92b-8c21-701f-8b95-1da177d0794d,58,33742644,33749015,ACCEPTED,,33749044,ok,6.400
bot-024,01a0b92b-8e17-77a4-955d-e7722437a7c7,59,34244679,34248714,ACCEPTED,,34248765,ok,4.086
bot-024,01a0b92b-900d-75b0-8ecb-99f4a820b2e3,60,34746489,34748900,ACCEPTED,,34748922,ok,2.433
bot-024,01a0b92b-9210-73ab-a486-086da407f00f,61,35261472,35299056,ACCEPTED,,35299070,ok,37.598
bot-024,01a0b92b-9409-7689-b037-2cb4b046f5e1,62,35766508,35799239,ACCEPTED,,35799298,ok,32.790
bot-024,01a0b92b-960b-736c-82d7-073153fc6608,63,36280849,36299060,ACCEPTED,,36299098,ok,18.249
bot-024,01a0b92b-9804-7617-bdb5-f17254606c1c,64,36785161,36799051,ACCEPTED,,36799104,ok,13.943
bot-024,01a0b92b-99fc-71df-a121-5337a9098177,65,37290050,37298824,ACCEPTED,,37298839,ok,8.789
bot-024,01a0b92b-9bf4-739f-831b-920188a3d32f,66,37793994,37799246,ACCEPTED,,37799279,ok,5.285
bot-024,01a0b92b-9dec-7580-b5aa-bbaad0500d7a,67,38297818,38298866,ACCEPTED,,38298917,ok,1.099
bot-024,01a0b92b-9fe4-7716-9282-4f07ab4741cb,68,38801276,38848910,ACCEPTED,,38848932,ok,47.656
bot-024,01a0b92b-a1e4-71f8-980c-8e67b1afdc95,69,39313819,39349066,ACCEPTED,,39349107,ok,35.288
bot-024,01a0b92b-a3db-715e-8704-255ca94323bb,70,39816171,39849304,ACCEPTED,,39849364,ok,33.193
bot-024,01a0b92b-a5d1-71ce-bad6-043fc66b6cbe,71,40318431,40348988,ACCEPTED,,40349025,ok,30.594
bot-024,01a0b92b-a7c8-7527-a850-f37f004220b2,72,40821274,40848807,ACCEPTED,,40848853,ok,27.579
bot-024,01a0b92b-a9bd-73ea-8252-571ea32d8a39,73,41322918,41349142,ACCEPTED,,41349200,ok,26.282
bot-024,01a0b92b-abbe-7499-9566-434e57172105,74,41835732,41849125,ACCEPTED,,41849153,ok,13.421
bot-024,01a0b92b-adb6-7129-972e-7e904a819cce,75,42339483,42349195,ACCEPTED,,42349257,ok,9.774
bot-024,01a0b92b-afb2-77eb-9908-b021bf99d674,76,42848036,42849244,ACCEPTED,,42849320,ok,1.284
bot-024,01a0b92b-b1a9-770b-8b3d-08a1e0e27eef,77,43350571,43398953,ACCEPTED,,43399005,ok,48.434
bot-024,01a0b92b-b3a2-77d8-b6f8-b4f79c5ab97a,78,43855251,43899234,ACCEPTED,,43899263,ok,44.012
bot-024,01a0b92b-b599-7520-9181-4e8826c01343,79,44358259,44399049,ACCEPTED,,44399083,ok,40.824
bot-024,01a0b92b-b78e-73b5-93ea-95b42137ca5f,80,44859366,44898920,ACCEPTED,,44898977,ok,39.611
bot-024,01a0b92b-b992-759c-b109-cf9e11fd4d85,81,45375138,45399057,ACCEPTED,,45399080,ok,23.942
bot-024,01a0b92b-bb89-7709-be43-95b7c381691b,82,45878268,45898748,ACCEPTED,,45898802,ok,20.534
bot-024,01a0b92b-bd81-717b-b9de-4680ff20f1a0,83,46382276,46398939,ACCEPTED,,46398975,ok,16.699
bot-024,01a0b92b-bf76-74ec-9a45-80253550b29f,84,46883798,46899251,ACCEPTED,,46899289,ok,15.491
bot-024,01a0b92b-c177-73ad-888b-f2dd5f2650b1,85,47396649,47398730,ACCEPTED,,47398760,ok,2.111
bot-024,01a0b92b-c36d-7098-a473-27b2ac9323b3,86,47898756,47949024,ACCEPTED,,47949068,ok,50.312
bot-024,01a0b92b-c570-7242-85c6-7545afb3ca08,87,48413872,48449692,ACCEPTED,,48449742,ok,35.870
bot-024,01a0b92b-c766-746d-a262-18d8a2c95c1d,88,48915782,48949194,ACCEPTED,,48949242,ok,33.460
bot-024,01a0b92b-c961-75da-aa38-ad42f15f1845,89,49422247,49448956,ACCEPTED,,49448986,ok,26.739
bot-024,01a0b92b-cb57-70d8-b8de-6afd2d7ca64c,90,49924616,49948842,ACCEPTED,,49948884,ok,24.268
bot-024,01a0b92b-cd5a-7441-a524-268dc98d6fea,91,50439113,50449013,ACCEPTED,,50449068,ok,9.955
bot-024,01a0b92b-cf4f-70f1-9679-f934da26701d,92,50940603,50949074,ACCEPTED,,50949116,ok,8.513
bot-024,01a0b92b-d144-700b-91e7-a78b291167b5,93,51441925,51448967,ACCEPTED,,51448997,ok,7.072
bot-024,01a0b92b-d344-7750-82fa-203f0cd0a591,94,51953405,51999350,ACCEPTED,,51999377,ok,45.972
bot-024,01a0b92b-d547-7310-958e-2d54d76a55b9,95,52468428,52499225,ACCEPTED,,52499251,ok,30.823
bot-024,01a0b92b-d74b-7515-aa5e-05e4afdc35cb,96,52984836,52999190,ACCEPTED,,52999219,ok,14.383
bot-024,01a0b92b-d942-7321-8f2b-d9ad81359fa6,97,53487089,53499046,ACCEPTED,,53499089,ok,12.000
bot-024,01a0b92b-db43-7372-9cf2-5676235e3116,98,54000626,54049329,ACCEPTED,,54049357,ok,48.731
bot-024,01a0b92b-dd3e-7565-9c07-0fe80309a7e9,99,54507454,54548868,ACCEPTED,,54548902,ok,41.448
bot-024,01a0b92b-df42-7223-a945-e95e41f29201,100,55023719,55049118,ACCEPTED,,55049166,ok,25.447
bot-024,01a0b92b-e139-733c-9d85-5a3761c2496d,101,55527022,55549066,ACCEPTED,,55549080,ok,22.058
bot-024,01a0b92b-e33c-703b-91c7-b58d31789d40,102,56041332,56049168,ACCEPTED,,56049209,ok,7.877
bot-024,01a0b92b-e536-7577-8016-5d98883b9143,103,56547560,56549062,ACCEPTED,,56549116,ok,1.556
bot-024,01a0b92b-e72e-756d-ab37-14768b07cf0a,104,57051438,57099371,ACCEPTED,,57099408,ok,47.970
bot-024,01a0b92b-e926-70bf-b372-00ae00acd4fc,105,57555194,57599054,ACCEPTED,,57599083,ok,43.889
bot-024,01a0b92b-eb26-7602-be57-d783bd6c3fb9,106,58067929,58099262,ACCEPTED,,58099306,ok,31.377
bot-024,01a0b92b-ed28-75ff-bbd6-c6e412301956,107,58581560,58598859,ACCEPTED,,58598900,ok,17.340
bot-024,01a0b92b-ef1e-7303-a9a7-2f1443640ab0,108,59083344,59099188,ACCEPTED,,59099216,ok,15.872
bot-024,01a0b92b-f121-7421-a70a-f0d017df7cd7,109,59598999,59648986,ACCEPTED,,59649022,ok,50.023
bot-024,01a0b92b-f31b-757a-aefd-711009dac685,110,60104460,60149061,ACCEPTED,,60149116,ok,44.656
bot-024,01a0b92b-f513-76cf-beee-f86773ff2260,111,60608964,60649239,ACCEPTED,,60649267,ok,40.303
bot-024,01a0b92b-f709-7416-a141-f411664d73d4,112,61110401,61148887,ACCEPTED,,61148919,ok,38.518
bot-024,01a0b92b-f90c-7115-b81e-32a5158cec60,113,61625993,61648966,ACCEPTED,,61649017,ok,23.024
bot-024,01a0b92b-fb06-73e6-9f1c-c4b0241dc45c,114,62131350,62148936,ACCEPTED,,62148949,ok,17.599
bot-024,01a0b92b-fcfd-7312-8f01-03a3e5041c80,115,62634114,62649210,ACCEPTED,,62649253,ok,15.139
bot-024,01a0b92b-feff-7400-9e29-b3298c27ec9c,116,63148994,63198978,ACCEPTED,,63199023,ok,50.029
bot-024,01a0b92c-00f8-757f-9e27-8fcc37a986d4,117,63653720,63699478,ACCEPTED,,63699528,ok,45.808
bot-024,01a0b92c-02ee-70c1-9e99-66501ffd5b8c,118,64155310,64198949,ACCEPTED,,64198995,ok,43.685
bot-025,01a0b92b-19e2-7567-a0b6-81ad89a08f9d,0,4495698,4499003,ACCEPTED,,4499022,ok,3.324
bot-025,01a0b92b-1bda-77c2-a0aa-fc362d3a33c8,1,4999263,5048789,ACCEPTED,,5048845,ok,49.582
bot-025,01a0b92b-1dce-7684-8958-0be04906eff6,2,5499423,5549835,ACCEPTED,,5549863,ok,50.440
bot-025,01a0b92b-1fca-72f8-9404-5875bb4c6f57,3,6007596,6049126,ACCEPTED,,6049162,ok,41.566
bot-025,01a0b92b-21c5-72ea-b0a7-8f8ddaa52c41,4,6514099,6549105,ACCEPTED,,6549127,ok,35.028
bot-025,01a0b92b-23bb-725b-b7f6-fda2d0b0c4c0,5,7016283,7048785,ACCEPTED,,7048828,ok,32.545
bot-025,01a0b92b-25b1-7425-ab2a-9ab5e232f78f,6,7518129,7549165,ACCEPTED,,7549210,ok,31.081
bot-025,01a0b92b-27a7-721c-84f2-a432cd8f14c0,7,8020086,8048980,ACCEPTED,,8049011,ok,28.925
bot-025,01a0b92b-29a0-7101-8e09-da708fc97eb9,8,8525337,8549244,ACCEPTED,,8549267,ok,23.930
bot-025,01a0b92b-2b99-7536-90c3-7abb4c169b1a,9,9030199,9049016,ACCEPTED,,9049037,ok,18.838
bot-025,01a0b92b-2d91-7686-9051-5a62adc5318b,10,9534328,9549318,ACCEPTED,,9549346,ok,15.018
bot-025,01a0b92b-2f87-75af-8b7d-0650907dbcb9,11,10036766,10049215,ACCEPTED,,10049238,ok,12.472
bot-025,01a0b92b-3182-7491-8963-c19c600c9ff7,12,10543180,10548946,ACCEPTED,,10548976,ok,5.796
bot-025,01a0b92b-3379-74f9-90ae-e6e71a7e6302,13,11046725,11048965,ACCEPTED,,11048996,ok,2.271
bot-025,01a0b92b-356e-7367-938e-b5e516d0c749,14,11547780,11548998,ACCEPTED,,11549025,ok,1.245
bot-025,01a0b92b-3764-72d6-b079-73259ed125e8,15,12049258,12099321,ACCEPTED,,12099344,ok,50.086
bot-025,01a0b92b-395d-72d7-84e5-7885b06b56f1,16,12554568,12598931,ACCEPTED,,12598958,ok,44.390
bot-025,01a0b92b-3b55-7778-b745-6b6497bc4bed,17,13059065,13099087,ACCEPTED,,13099134,ok,40.069
bot-025,01a0b92b-3d55-74e1-b865-8c2c42cf8ccf,18,13570860,13599063,ACCEPTED,,13599127,ok,28.267
bot-025,01a0b92b-3f4b-70f6-8a16-1b68c2965ab1,19,14072712,14099049,ACCEPTED,,14099102,ok,26.390
bot-025,01a0b92b-4141-7727-a6ca-a5608d067425,20,14574205,14599311,ACCEPTED,,14599365,ok,25.160
bot-025,01a0b92b-4338-7411-9ca5-cc0b2ec49070,21,15078024,15099142,ACCEPTED,,15099167,ok,21.143
bot-025,01a0b92b-453b-7175-a0e4-f73db5b7bedc,22,15592643,15598942,ACCEPTED,,15598985,ok,6.342
bot-025,01a0b92b-4733-73ff-afa7-8272166827a5,23,16096153,16098845,ACCEPTED,,16098863,ok,2.710
bot-025,01a0b92b-4928-7085-9087-424b9d4d8ed2,24,16597924,16599042,ACCEPTED,,16599063,ok,1.139
bot-025,01a0b92b-4b1d-73c6-8087-437cfcb5c290,25,17098967,17148852,ACCEPTED,,17148865,ok,49.898
bot-025,01a0b92b-4d14-7023-93b0-55ee78a65429,26,17601928,17648826,ACCEPTED,,17648848,ok,46.920
bot-025,01a0b92b-4f0a-7137-9805-5ff2a3fa3ec6,27,18103585,18149436,ACCEPTED,,18149468,ok,45.883
bot-025,01a0b92b-50ff-7397-885f-49ea9b82ab15,28,18604640,18649025,ACCEPTED,,18649076,ok,44.436
bot-025,01a0b92b-52fc-7003-89df-8a91d42aef14,29,19113867,19148921,ACCEPTED,,19148954,ok,35.087
bot-025,01a0b92b-54f6-719b-b78e-058b65fcde4c,30,19619807,19649036,ACCEPTED,,19649086,ok,29.279
bot-025,01a0b92b-56ed-73ca-b0b8-c393f2d22d62,31,20123042,20149220,ACCEPTED,,20149264,ok,26.222
bot-025,01a0b92b-58f2-75f6-b100-1257f211b3ab,32,20639618,20648866,ACCEPTED,,20648902,ok,9.284
bot-025,01a0b92b-5af5-71e9-8c71-c8244fb5cfa7,33,21154998,21199103,ACCEPTED,,21199128,ok,44.130
bot-025,01a0b92b-5ced-7569-b780-f7af490db201,34,21658542,21699052,ACCEPTED,,21699103,ok,40.561
bot-025,01a0b92b-5ee4-76e3-8e0b-67c5b57f38c6,35,22161078,22199102,ACCEPTED,,22199148,ok,38.070
bot-025,01a0b92b-60da-7497-93de-5d5086a8769d,36,22663278,22699253,ACCEPTED,,22699330,ok,36.052
bot-025,01a0b92b-62d0-7206-bd7b-16b23b476959,37,23166061,23199269,ACCEPTED,,23199323,ok,33.262
bot-025,01a0b92b-64ca-7753-8023-047bcfd8c457,38,23671244,23698929,ACCEPTED,,23698964,ok,27.720
bot-025,01a0b92b-66cd-759a-8891-c96e4ce458fa,39,24186272,24198895,ACCEPTED,,24198926,ok,12.654
bot-025,01a0b92b-68cf-7476-ac84-374b63423e64,40,24701026,24748999,ACCEPTED,,24749030,ok,48.004
bot-025,01a0b92b-6aca-72e2-a81d-453c7a83f0c8,41,25208013,25249208,ACCEPTED,,25249264,ok,41.251
bot-025,01a0b92b-6cc1-7200-b104-46e63765c823,42,25710973,25748943,ACCEPTED,,25748962,ok,37.989
bot-025,01a0b92b-6ebb-77b6-be70-45fe8c141b94,43,26216787,26248689,ACCEPTED,,26248730,ok,31.943
bot-025,01a0b92b-70b1-75b2-a291-97b9636be3f1,44,26718152,26749436,ACCEPTED,,26749548,ok,31.396
bot-025,01a0b92b-72ab-75fe-ad0e-d331b1532dde,45,27224172,27249020,ACCEPTED,,27249047,ok,24.875
bot-025,01a0b92b-74a1-70d1-b436-62555a158064,46,27726214,27749094,ACCEPTED,,27749149,ok,22.935
bot-025,01a0b92b-769c-7702-b4ff-b72f2aad35c0,47,28234003,28248848,ACCEPTED,,28248900,ok,14.897
bot-025,01a0b92b-78a0-759a-a085-736c763519d2,48,28749702,28799252,ACCEPTED,,28799273,ok,49.571
bot-025,01a0b92b-7a97-77e2-b9dc-6a3355a93802,49,29252140,29299106,ACCEPTED,,29299154,ok,47.014
bot-025,01a0b92b-7c8e-7300-a015-1307f76008ad,50,29756003,29799277,ACCEPTED,,29799311,ok,43.308
bot-025,01a0b92b-7e88-773f-bfe9-28d8e17ebdc0,51,30261232,30298989,ACCEPTED,,30299009,ok,37.777
bot-025,01a0b92b-8080-712c-8167-8e36974ccb19,52,30765143,30799324,ACCEPTED,,30799340,ok,34.197
bot-025,01a0b92b-8276-70da-9a50-9f79ab180c34,53,31267468,31299128,ACCEPTED,,31299159,ok,31.691
bot-025,01a0b92b-846d-7740-b38f-9820e59b45c2,54,31770603,31799074,ACCEPTED,,31799132,ok,28.529
bot-025,01a0b92b-8667-76aa-987b-6df051301b38,55,32276905,32299015,ACCEPTED,,32299035,ok,22.130
bot-025,01a0b92b-8865-71f7-8386-5eda81c72110,56,32786550,32798919,ACCEPTED,,32798998,ok,12.448
bot-025,01a0b92b-8a5a-765f-bba3-3a0b9536859c,57,33287603,33298914,ACCEPTED,,33298945,ok,11.342
bot-025,01a0b92b-8c5d-72ea-bb71-8c7f3071b361,58,33802455,33848974,ACCEPTED,,33849017,ok,46.562
bot-025,01a0b92b-8e54-7020-a0ae-db7615202974,59,34305579,34348942,ACCEPTED,,34348995,ok,43.416
bot-025,01a0b92b-904a-725b-ba0d-09c1a662e59d,60,34807714,34849223,ACCEPTED,,34849278,ok,41.564
bot-025,01a0b92b-924d-762c-894e-096f69bbf66b,61,35322877,35348791,ACCEPTED,,35348841,ok,25.964
bot-025,01a0b92b-9446-76b2-b453-dc6583c53572,62,35827365,35849348,ACCEPTED,,35849380,ok,22.015
bot-025,01a0b92b-9649-768c-b646-140cbc33899d,63,36342493,36349211,ACCEPTED,,36349230,ok,6.737
bot-025,01a0b92b-9841-769a-b108-694382af1615,64,36846558,36848774,ACCEPTED,,36848806,ok,2.248
bot-025,01a0b92b-9a3a-71f8-b220-e6329ac64630,65,37351373,37398717,ACCEPTED,,37398745,ok,47.372
bot-025,01a0b92b-9c30-7310-a831-66093584e2f7,66,37853843,37899812,ACCEPTED,,37899865,ok,46.022
bot-025,01a0b92b-9e29-75c7-a96f-de53ce613a27,67,38358365,38398952,ACCEPTED,,38399050,ok,40.685
bot-025,01a0b92b-a01f-75e2-b71c-bc5a35a39d6d,68,38860848,38898836,ACCEPTED,,38898886,ok,38.038
bot-025,01a0b92b-a221-7225-a133-cdd3f2217042,69,39374875,39398844,ACCEPTED,,39398893,ok,24.018
bot-025,01a0b92b-a416-70c8-aa4d-ebf6a0447fc7,70,39875954,39898808,ACCEPTED,,39898826,ok,22.872
bot-025,01a0b92b-a60d-7693-ad56-9a0db90fd163,71,40378258,40398831,ACCEPTED,,40398877,ok,20.619
bot-025,01a0b92b-a806-7317-b4f6-ab813fef84af,72,40883320,40898939,ACCEPTED,,40898971,ok,15.651
bot-025,01a0b92b-aa08-743d-8999-886c876d4c5d,73,41397129,41398801,ACCEPTED,,41398839,ok,1.710
bot-025,01a0b92b-ac0b-754e-8f81-082c89e5fbab,74,41912738,41948806,ACCEPTED,,41948836,ok,36.098
bot-025,01a0b92b-ae08-75d9-9732-2c91a0280ae0,75,42421269,42449295,ACCEPTED,,42449329,ok,28.060
bot-025,01a0b92b-afff-7440-82ea-989929573cce,76,42924274,42948919,ACCEPTED,,42948970,ok,24.696
bot-025,01a0b92b-b1f6-7609-9d1b-6c5b1fc025a6,77,43428065,43449372,ACCEPTED,,43449400,ok,21.335
bot-025,01a0b92b-b3ed-76e2-9fb5-97df5b3dee14,78,43930148,43949217,ACCEPTED,,43949264,ok,19.116
bot-025,01a0b92b-b5e5-71aa-9324-019887c13a01,79,44434495,44449699,ACCEPTED,,44449734,ok,15.239
bot-025,01a0b92b-b7db-71ea-ad8c-268f00dbf7c3,80,44936281,44948900,ACCEPTED,,44948940,ok,12.659
bot-025,01a0b92b-b9d0-74b0-93d2-50adc310fd74,81,45437360,45448833,ACCEPTED,,45448862,ok,11.502
bot-025,01a0b92b-bbc6-70fa-9528-94cbee118eee,82,45939348,45949104,ACCEPTED,,45949139,ok,9.791
bot-025,01a0b92b-bdbd-7074-9dd0-ef942763dc08,83,46442700,46449168,ACCEPTED,,46449202,ok,6.502
bot-025,01a0b92b-bfb3-76d0-b2a9-b0c23d472409,84,46944854,46949081,ACCEPTED,,46949115,ok,4.261
bot-025,01a0b92b-c1b5-76d6-abf5-1c5304948fc0,85,47458407,47498914,ACCEPTED,,47498943,ok,40.536
bot-025,01a0b92b-c3b9-7226-a387-cf42dfa70896,86,47974646,47999208,ACCEPTED,,47999255,ok,24.609
bot-025,01a0b92b-c5bd-7602-9d51-b5e6d79b8853,87,48490655,48499001,ACCEPTED,,48499054,ok,8.399
bot-025,01a0b92b-c7b4-7625-9583-127345e6c309,88,48993584,48999114,ACCEPTED,,48999143,ok,5.559
bot-025,01a0b92b-c9ad-750b-9939-c6ab37356d34,89,49498781,49549286,ACCEPTED,,49549313,ok,50.532
bot-025,01a0b92b-cbb1-717d-8e6e-4c8a9373d7a1,90,50014561,50049260,ACCEPTED,,50049290,ok,34.729
bot-025,01a0b92b-cdb5-70f8-812b-1875d683bb55,91,50530886,50549037,ACCEPTED,,50549085,ok,18.199
bot-025,01a0b92b-cfab-71c1-92bc-17875aec6f1d,92,51032353,51049294,ACCEPTED,,51049316,ok,16.963
bot-025,01a0b92b-d1a0-70cd-80a8-f1e3da0694da,93,51533623,51549094,ACCEPTED,,51549115,ok,15.492
bot-025,01a0b92b-d39f-705e-a2a4-feea6d47699d,94,52044407,52049096,ACCEPTED,,52049109,ok,4.702
bot-025,01a0b92b-d5a2-73e4-82f7-c2f1ddb3d258,95,52559616,52599184,ACCEPTED,,52599227,ok,39.611
bot-025,01a0b92b-d797-72cf-ab50-51a9319ffff8,96,53060910,53099243,ACCEPTED,,53099272,ok,38.362
bot-025,01a0b92b-d99c-716c-842e-325eaad56221,97,53577136,53599225,ACCEPTED,,53599245,ok,22.109
bot-025,01a0b92b-db9e-73a2-9137-beca81504c98,98,54091845,54098947,ACCEPTED,,54098967,ok,7.122
bot-025,01a0b92b-dd99-7221-91af-295ace762b18,99,54598911,54648949,ACCEPTED,,54648968,ok,50.057
bot-025,01a0b92b-df9d-72a6-b2a1-dcf2c86a9f12,100,55114109,55148796,ACCEPTED,,55148827,ok,34.718
bot-025,01a0b92b-e194-7049-8d33-1ae4b28d54b2,101,55617499,55648923,ACCEPTED,,55648941,ok,31.442
bot-025,01a0b92b-e397-713d-80cf-56b9ac274cce,102,56132358,56149508,ACCEPTED,,56149539,ok,17.181
bot-025,01a0b92b-e592-75fc-9f4a-bce7314a2312,103,56639118,56649073,ACCEPTED,,56649107,ok,9.989
bot-025,01a0b92b-e789-70b2-8ff2-53da463ba064,104,57142565,57148990,ACCEPTED,,57149033,ok,6.468
bot-025,01a0b92b-e982-70f7-9c5d-6a34ca1ee5e1,105,57647849,57648930,ACCEPTED,,57648959,ok,1.110
bot-025,01a0b92b-eb81-705f-b881-3907d23a023a,106,58158619,58199081,ACCEPTED,,58199103,ok,40.484
bot-025,01a0b92b-ed82-7694-8e32-0ce4b991c353,107,58671620,58699041,ACCEPTED,,58699095,ok,27.475
bot-025,01a0b92b-ef79-7303-a6bf-f1eea04a4be2,108,59174980,59199513,ACCEPTED,,59199530,ok,24.550
bot-025,01a0b92b-f17c-765a-8f9f-565dd2f48290,109,59689350,59699138,ACCEPTED,,59699167,ok,9.817
bot-025,01a0b92b-f376-7049-91b7-8ed446a6077a,110,60195596,60199149,ACCEPTED,,60199171,ok,3.575
bot-025,01a0b92b-f56f-7491-b3c8-2e7a71cca637,111,60700287,60748910,ACCEPTED,,60748959,ok,48.672
bot-025,01a0b92b-f772-766e-bbf7-bb37e60bd68b,112,61215249,61249010,ACCEPTED,,61249044,ok,33.795
bot-025,01a0b92b-f968-7368-a936-b27812688dc8,113,61717360,61749787,ACCEPTED,,61749803,ok,32.443
bot-025,01a0b92b-fb62-75cd-94e4-1fb373997485,114,62223416,62248913,ACCEPTED,,62248933,ok,25.517
bot-025,01a0b92b-fd58-708e-8c3c-79f836e123c1,115,62725949,62749143,ACCEPTED,,62749172,ok,23.223
bot-025,01a0b92b-ff4e-72a6-b2f9-6efb893ab3bd,116,63227067,63249177,ACCEPTED,,63249209,ok,22.142
bot-025,01a0b92c-0143-77f3-816a-f4a9faba15cf,117,63728824,63749058,ACCEPTED,,63749070,ok,20.246
bot-025,01a0b92c-0339-77a3-9ac8-f37f904aed2b,118,64230700,64248822,ACCEPTED,,64248862,ok,18.162
bot-026,01a0b92b-19c4-701f-ba3d-99a7d6572f8a,0,4465888,4498967,ACCEPTED,,4499002,ok,33.114
bot-026,01a0b92b-1bbd-7723-a980-aedd0688c259,1,4970334,4999209,ACCEPTED,,4999253,ok,28.919
bot-026,01a0b92b-1db7-7546-87fd-35e98c41a485,2,5476276,5499261,ACCEPTED,,5499309,ok,23.033
bot-026,01a0b92b-1fbb-7219-98c1-24c05f1f93ff,3,5992458,5999758,ACCEPTED,,5999783,ok,7.325
bot-026,01a0b92b-21b5-7029-8f9a-8ca146683da8,4,6498875,6549006,ACCEPTED,,6549057,ok,50.182
bot-026,01a0b92b-23ac-7550-b72d-00266aaeb7c8,5,7001252,7048806,ACCEPTED,,7048837,ok,47.585
bot-026,01a0b92b-25a2-7424-ae53-b4ff7493a962,6,7503446,7549161,ACCEPTED,,7549211,ok,45.765
bot-026,01a0b92b-2797-75ad-949a-adb7cdbd88d8,7,8004800,8048899,ACCEPTED,,8048945,ok,44.145
bot-026,01a0b92b-2990-72a3-b371-d5a77082ec14,8,8509793,8549159,ACCEPTED,,8549209,ok,39.416
bot-026,01a0b92b-2b89-77d5-a9db-7fb44cbdd1bb,9,9014325,9049043,ACCEPTED,,9049083,ok,34.758
bot-026,01a0b92b-2d81-74b6-9b78-d9ec304795df,10,9518899,9549275,ACCEPTED,,9549317,ok,30.418
bot-026,01a0b92b-2f78-7778-8652-5f2c5bb4e0ce,11,10021483,10049153,ACCEPTED,,10049185,ok,27.702
bot-026,01a0b92b-3173-7451-b552-ce8e10e4ce82,12,10528374,10548896,ACCEPTED,,10548947,ok,20.573
bot-026,01a0b92b-336a-7742-b32b-de58e6759639,13,11031451,11049001,ACCEPTED,,11049037,ok,17.586
bot-026,01a0b92b-355f-7776-8fe8-f74be1782313,14,11532469,11548951,ACCEPTED,,11549001,ok,16.532
bot-026,01a0b92b-3764-72d6-b079-7323baed3805,15,12049224,12099282,ACCEPTED,,12099338,ok,50.114
bot-026,01a0b92b-395d-72d7-84e5-788735eb6e2e,16,12554568,12598824,ACCEPTED,,12598878,ok,44.310
bot-026,01a0b92b-3b56-70ef-9773-ba0bec6ce3a4,17,13059099,13099099,ACCEPTED,,13099134,ok,40.035
bot-026,01a0b92b-3d55-74e1-b865-8c2bd81d659f,18,13570860,13599068,ACCEPTED,,13599119,ok,28.259
bot-026,01a0b92b-3f4b-70f6-8a16-1b67d1af68ac,19,14072712,14099148,ACCEPTED,,14099180,ok,26.468
bot-026,01a0b92b-4141-7727-a6ca-a55d6ab3fbc7,20,14574201,14599311,ACCEPTED,,14599365,ok,25.164
bot-026,01a0b92b-4338-7411-9ca5-cc08f377734f,21,15077932,15099118,ACCEPTED,,15099148,ok,21.216
bot-026,01a0b92b-453b-7175-a0e4-f73e54b0ff12,22,15592643,15598956,ACCEPTED,,15598985,ok,6.342
bot-026,01a0b92b-4733-73ff-afa7-8273c6f177e4,23,16096153,16098907,ACCEPTED,,16098959,ok,2.806
bot-026,01a0b92b-4928-7085-9087-424ad91ab3e9,24,16597923,16598999,ACCEPTED,,16599035,ok,1.112
bot-026,01a0b92b-4b1d-73c6-8087-437951e5297e,25,17098937,17148801,ACCEPTED,,17148835,ok,49.898
bot-026,01a0b92b-4d14-7023-93b0-55edb9c7999c,26,17601908,17648777,ACCEPTED,,17648810,ok,46.902
bot-026,01a0b92b-4f0a-7137-9805-5ff1596c435d,27,18103573,18149386,ACCEPTED,,18149409,ok,45.836
bot-026,01a0b92b-50ff-7397-885f-49eb6688a23e,28,18604640,18649032,ACCEPTED,,18649076,ok,44.436
bot-026,01a0b92b-52fc-7003-89df-8a95213000c1,29,19113876,19148962,ACCEPTED,,19148981,ok,35.105
bot-026,01a0b92b-54f6-719b-b78e-0587fbd92c47,30,19619764,19649128,ACCEPTED,,19649162,ok,29.398
bot-026,01a0b92b-56ed-73ca-b0b8-c3912819d19c,31,20123007,20149280,ACCEPTED,,20149305,ok,26.298
bot-026,01a0b92b-58f2-75f6-b100-1256471a7be3,32,20639614,20648852,ACCEPTED,,20648901,ok,9.287
bot-026,01a0b92b-5af5-71e9-8c71-c8226c679b38,33,21154613,21199025,ACCEPTED,,21199078,ok,44.465
bot-026,01a0b92b-5ced-7569-b780-f7ae2bc7a895,34,21658542,21699147,ACCEPTED,,21699165,ok,40.623
bot-026,01a0b92b-5ee4-76e3-8e0b-67c310420f73,35,22161076,22199099,ACCEPTED,,22199149,ok,38.073
bot-026,01a0b92b-60da-7497-93de-5d4dba7777c1,36,22663240,22699318,ACCEPTED,,22699353,ok,36.113
bot-026,01a0b92b-62d1-74bc-87d8-c0a7460cbfc0,37,23166066,23199271,ACCEPTED,,23199324,ok,33.258
bot-026,01a0b92b-64ca-7753-8023-047c6e49289f,38,23671244,23698840,ACCEPTED,,23698882,ok,27.638
bot-026,01a0b92b-66cd-759a-8891-c96d25978039,39,24186272,24198827,ACCEPTED,,24198858,ok,12.586
bot-026,01a0b92b-68cf-7476-ac84-374fa279ea4c,40,24701047,24748939,ACCEPTED,,24748996,ok,47.949
bot-026,01a0b92b-6aca-72e2-a81d-453ba358ba53,41,25207996,25249273,ACCEPTED,,25249303,ok,41.307
bot-026,01a0b92b-6cc1-7200-b104-46e83fe2ddb2,42,25710973,25748854,ACCEPTED,,25748894,ok,37.921
bot-026,01a0b92b-6ebb-77b6-be70-45fc04b42404,43,26216771,26248683,ACCEPTED,,26248729,ok,31.958
bot-026,01a0b92b-70b1-75b2-a291-97bb8f8f15d3,44,26718156,26749562,ACCEPTED,,26749590,ok,31.434
bot-026,01a0b92b-72ab-75fe-ad0e-d3325b5390a3,45,27224172,27248954,ACCEPTED,,27249003,ok,24.831
bot-026,01a0b92b-74a1-70d1-b436-62535ad9a4d4,46,27726214,27749095,ACCEPTED,,27749148,ok,22.934
bot-026,01a0b92b-769c-7702-b4ff-b72c13d7f482,47,28233983,28248865,ACCEPTED,,28248900,ok,14.917
bot-026,01a0b92b-78a0-759a-a085-736a08dec973,48,28749702,28799274,ACCEPTED,,28799303,ok,49.601
bot-026,01a0b92b-7a97-77e2-b9dc-6a32ddde18bb,49,29252140,29299197,ACCEPTED,,29299224,ok,47.084
bot-026,01a0b92b-7c8e-7300-a015-1305c63483c6,50,29756003,29799227,ACCEPTED,,29799263,ok,43.260
bot-026,01a0b92b-7e88-773f-bfe9-28d9647223d7,51,30261232,30299018,ACCEPTED,,30299036,ok,37.804
bot-026,01a0b92b-8080-712c-8167-8e39bab1c3ca,52,30765150,30799251,ACCEPTED,,30799299,ok,34.149
bot-026,01a0b92b-8276-70da-9a50-9f78473618c4,53,31267438,31299115,ACCEPTED,,31299147,ok,31.709
bot-026,01a0b92b-846d-7740-b38f-9823d142bc86,54,31770651,31799114,ACCEPTED,,31799196,ok,28.545
bot-026,01a0b92b-8667-76aa-987b-6dee72c711e4,55,32276884,32298943,ACCEPTED,,32298991,ok,22.107
bot-026,01a0b92b-8865-71f7-8386-5edb25a729d0,56,32786550,32798936,ACCEPTED,,32798973,ok,12.423
bot-026,01a0b92b-8a5a-765f-bba3-3a09d2fcabb5,57,33287576,33298895,ACCEPTED,,33298944,ok,11.368
bot-026,01a0b92b-8c5d-72ea-bb71-8c7ced084dc9,58,33802430,33848895,ACCEPTED,,33848947,ok,46.517
bot-026,01a0b92b-8e54-7020-a0ae-db7883aafea0,59,34305584,34348944,ACCEPTED,,34348997,ok,43.413
bot-026,01a0b92b-904a-725b-ba0d-09c08efa9bac,60,34807693,34849296,ACCEPTED,,34849324,ok,41.631
bot-026,01a0b92b-924d-762c-894e-096d03eb5693,61,35322864,35348790,ACCEPTED,,35348842,ok,25.978
bot-026,01a0b92b-9446-76b2-b453-dc63e048a213,62,35827325,35849372,ACCEPTED,,35849392,ok,22.067
bot-026,01a0b92b-9649-768c-b646-140b8c9b1d90,63,36342492,36349178,ACCEPTED,,36349208,ok,6.716
bot-026,01a0b92b-9841-769a-b108-6946e8218ad8,64,36846573,36848709,ACCEPTED,,36848759,ok,2.186
bot-026,01a0b92b-9a3a-71f8-b220-e62f0a8eba95,65,37351343,37398803,ACCEPTED,,37398819,ok,47.476
bot-026,01a0b92b-9c30-7310-a831-660b257d2d98,66,37853874,37899950,ACCEPTED,,37899978,ok,46.104
bot-026,01a0b92b-9e29-75c7-a96f-de50a4e22f12,67,38358338,38399092,ACCEPTED,,38399130,ok,40.792
bot-026,01a0b92b-a01f-75e2-b71c-bc5c32f35768,68,38860870,38898833,ACCEPTED,,38898887,ok,38.017
bot-026,01a0b92b-a221-7225-a133-cdd46c42f819,69,39374908,39398843,ACCEPTED,,39398894,ok,23.986
bot-026,01a0b92b-a416-70c8-aa4d-ebf51b6bc98b,70,39875946,39898742,ACCEPTED,,39898790,ok,22.844
bot-026,01a0b92b-a60d-7693-ad56-9a09ea880e70,71,40378237,40398873,ACCEPTED,,40398903,ok,20.666
bot-026,01a0b92b-a806-7317-b4f6-ab807c2e75ce,72,40883287,40898917,ACCEPTED,,40898971,ok,15.684
bot-026,01a0b92b-aa08-743d-8999-886a8f9e171e,73,41397129,41398831,ACCEPTED,,41398875,ok,1.746
bot-026,01a0b92b-ac0b-754e-8f81-082be8ad9458,74,41912725,41948723,ACCEPTED,,41948767,ok,36.042
bot-026,01a0b92b-ae08-75d9-9732-2c9384feb016,75,42421269,42449264,ACCEPTED,,42449316,ok,28.047
bot-026,01a0b92b-afff-7440-82ea-9898b19bbedd,76,42924347,42948918,ACCEPTED,,42948970,ok,24.623
bot-026,01a0b92b-b1f7-7598-93cc-909d7a0cf3aa,77,43428085,43449342,ACCEPTED,,43449396,ok,21.311
bot-026,01a0b92b-b3ed-76e2-9fb5-97e0754124ce,78,43930181,43949203,ACCEPTED,,43949272,ok,19.091
bot-026,01a0b92b-b5e5-71aa-9324-01975d469209,79,44434467,44449743,ACCEPTED,,44449778,ok,15.311
bot-026,01a0b92b-b7db-71ea-ad8c-268c5c2334fb,80,44936249,44948872,ACCEPTED,,44948901,ok,12.652
bot-026,01a0b92b-b9d0-74b0-93d2-50af2589f815,81,45437360,45448812,ACCEPTED,,45448831,ok,11.471
bot-026,01a0b92b-bbc6-70fa-9528-94cabc061de7,82,45939356,45949064,ACCEPTED,,45949117,ok,9.761
bot-026,01a0b92b-bdbd-7074-9dd0-ef956a3a9f76,83,46442700,46449079,ACCEPTED,,46449128,ok,6.428
bot-026,01a0b92b-bfb3-76d0-b2a9-b0c125f5b43d,84,46944854,46949091,ACCEPTED,,46949119,ok,4.265
bot-026,01a0b92b-c1b5-76d6-abf5-1c5054cfeffd,85,47458342,47498891,ACCEPTED,,47498921,ok,40.579
bot-026,01a0b92b-c3b9-7226-a387-cf4161e99ca0,86,47974636,47999208,ACCEPTED,,47999255,ok,24.619
bot-026,01a0b92b-c5bd-7602-9d51-b5e85cd1eaa2,87,48490769,48499075,ACCEPTED,,48499100,ok,8.331
bot-026,01a0b92b-c7b4-7625-9583-1274b9de9487,88,48993583,48999048,ACCEPTED,,48999096,ok,5.513
bot-026,01a0b92b-c9ad-750b-9939-c6a8e6328484,89,49498723,49549350,ACCEPTED,,49549383,ok,50.660
bot-026,01a0b92b-cbb1-717d-8e6e-4c86263ed381,90,50014507,50049256,ACCEPTED,,50049290,ok,34.783
bot-026,01a0b92b-cdb5-70f8-812b-1874056d7e24,91,50530815,50549060,ACCEPTED,,50549087,ok,18.272
bot-026,01a0b92b-cfab-71c1-92bc-178384d24b04,92,51032293,51049317,ACCEPTED,,51049346,ok,17.053
bot-026,01a0b92b-d1a0-70cd-80a8-f1df26ec3db5,93,51533593,51549025,ACCEPTED,,51549061,ok,15.468
bot-026,01a0b92b-d39f-705e-a2a4-fee8a7253eff,94,52044398,52049021,ACCEPTED,,52049067,ok,4.669
bot-026,01a0b92b-d5a2-73e4-82f7-c2ed3510130b,95,52559567,52599183,ACCEPTED,,52599230,ok,39.663
bot-026,01a0b92b-d797-72cf-ab50-51a6e080cda1,96,53060859,53099237,ACCEPTED,,53099256,ok,38.397
bot-026,01a0b92b-d99c-716c-842e-3258b7357be1,97,53577094,53599162,ACCEPTED,,53599190,ok,22.096
bot-026,01a0b92b-db9e-73a2-9137-bec616f90d43,98,54091809,54098831,ACCEPTED,,54098861,ok,7.052
bot-026,01a0b92b-dd99-7221-91af-295c2dea01c4,99,54598927,54648888,ACCEPTED,,54648914,ok,49.987
bot-026,01a0b92b-df9d-72a6-b2a1-dcf586f2bee6,100,55114226,55148895,ACCEPTED,,55148911,ok,34.685
bot-026,01a0b92b-e194-7049-8d33-1ae99e4ae556,101,55617627,55648916,ACCEPTED,,55648932,ok,31.305
bot-026,01a0b92b-e397-713d-80cf-56bfe105ce83,102,56132479,56149583,ACCEPTED,,56149601,ok,17.122
bot-026,01a0b92b-e591-77d4-a22d-545fbf24f72c,103,56639016,56649071,ACCEPTED,,56649102,ok,10.086
bot-026,01a0b92b-e789-70b2-8ff2-53deee715920,104,57142622,57149103,ACCEPTED,,57149126,ok,6.504
bot-026,01a0b92b-e982-70f7-9c5d-6a371062419e,105,57647927,57648902,ACCEPTED,,57648929,ok,1.002
bot-026,01a0b92b-eb81-705f-b881-3906ca3abbc5,106,58158664,58199050,ACCEPTED,,58199075,ok,40.411
bot-026,01a0b92b-ed82-7694-8e32-0ce9fc3d5ae8,107,58671725,58699194,ACCEPTED,,58699218,ok,27.493
bot-026,01a0b92b-ef79-7303-a6bf-f1edf58dc47c,108,59174898,59199493,ACCEPTED,,59199511,ok,24.613
bot-026,01a0b92b-f17c-765a-8f9f-565c33aff4d0,109,59689350,59699090,ACCEPTED,,59699150,ok,9.800
bot-026,01a0b92b-f376-7049-91b7-8ed5e5263fcf,110,60195637,60198996,ACCEPTED,,60199031,ok,3.394
bot-026,01a0b92b-f56f-7491-b3c8-2e7fa8ebda66,111,60700434,60749000,ACCEPTED,,60749015,ok,48.581
bot-026,01a0b92b-f772-766e-bbf7-bb340cae379f,112,61215145,61248930,ACCEPTED,,61248966,ok,33.821
bot-026,01a0b92b-f968-7368-a936-b27650cff806,113,61717299,61749798,ACCEPTED,,61749843,ok,32.544
bot-026,01a0b92b-fb62-75cd-94e4-1fafbdd7d367,114,62223360,62248820,ACCEPTED,,62248867,ok,25.507
bot-026,01a0b92b-fd58-708e-8c3c-79f98e9179a3,115,62725988,62749140,ACCEPTED,,62749172,ok,23.184
bot-026,01a0b92b-ff4d-74d7-a196-c80afef1ce42,116,63227042,63249150,ACCEPTED,,63249204,ok,22.162
bot-026,01a0b92c-0143-77f3-816a-f4a850ec974a,117,63728810,63749002,ACCEPTED,,63749033,ok,20.223
bot-026,01a0b92c-0339-77a3-9ac8-f3802acd06f2,118,64230700,64248823,ACCEPTED,,64248865,ok,18.165
bot-027,01a0b92b-1b07-759f-8301-e62bf9bbeb9c,0,4788418,4799204,ACCEPTED,,4799261,ok,10.843
bot-027,01a0b92b-1cfe-702c-bbbb-fdee34401b69,1,5291979,5299635,ACCEPTED,,5299666,ok,7.687
bot-027,01a0b92b-1ef7-703e-8570-fc5becb3937c,2,5796464,5799172,ACCEPTED,,5799199,ok,2.735
bot-027,01a0b92b-20ee-7069-a51a-8a847125c4e4,3,6299148,6349198,ACCEPTED,,6349228,ok,50.080
bot-027,01a0b92b-22e6-75aa-899c-fbca2468888b,4,6803557,6848878,ACCEPTED,,6848916,ok,45.359
bot-027,01a0b92b-24dc-762b-b9ce-6dfd5b7fd9cd,5,7305912,7348969,ACCEPTED,,7349011,ok,43.099
bot-027,01a0b92b-26e0-7559-9fff-3071a0b07c8a,6,7821129,7848892,ACCEPTED,,7848941,ok,27.812
bot-027,01a0b92b-28d6-717b-a42a-f16fb72c069a,7,8323111,8349198,ACCEPTED,,8349248,ok,26.137
bot-027,01a0b92b-2ad3-763a-bae0-b80c595a1579,8,8832171,8849072,ACCEPTED,,8849118,ok,16.947
bot-027,01a0b92b-2ccb-76c2-b553-873c4fcf06d5,9,9336420,9349192,ACCEPTED,,9349239,ok,12.819
bot-027,01a0b92b-2ec2-725e-954f-0f10ebb98e3b,10,9839740,9849019,ACCEPTED,,9849066,ok,9.326
bot-027,01a0b92b-30ba-779e-bc11-a2e762f246ed,11,10343208,10349095,ACCEPTED,,10349114,ok,5.906
bot-027,01a0b92b-32b4-768e-9758-f5c2d902da38,12,10849142,10849805,ACCEPTED,,10849834,ok,0.692
bot-027,01a0b92b-34aa-7655-a7d8-05d06bc88c86,13,11351610,11398895,ACCEPTED,,11398922,ok,47.312
bot-027,01a0b92b-36ac-774d-9615-b083a33a8dbc,14,11865911,11898974,ACCEPTED,,11899022,ok,33.111
bot-027,01a0b92b-38a5-7659-adbb-f61df22ebc17,15,12371011,12399234,ACCEPTED,,12399290,ok,28.279
bot-027,01a0b92b-3aa0-742a-90de-35daa0844997,16,12877663,12898943,ACCEPTED,,12898993,ok,21.330
bot-027,01a0b92b-3ca1-75ca-999e-d9d7e394cead,17,13390196,13398968,ACCEPTED,,13399000,ok,8.804
bot-027,01a0b92b-3e9e-735e-8dda-d34f340f9bf2,18,13899229,13949300,ACCEPTED,,13949352,ok,50.123
bot-027,01a0b92b-4099-7208-bea4-a208adc59e27,19,14406494,14449191,ACCEPTED,,14449246,ok,42.752
bot-027,01a0b92b-428f-757f-92d2-fa7653215296,20,14908072,14949084,ACCEPTED,,14949124,ok,41.052
bot-027,01a0b92b-4484-72e7-bd12-02c1b252d648,21,15409740,15448849,ACCEPTED,,15448900,ok,39.160
bot-027,01a0b92b-467c-70b0-b670-7c1f0e3b60ae,22,15913863,15949224,ACCEPTED,,15949276,ok,35.413
bot-027,01a0b92b-487f-72b4-ae63-500a88bfb508,23,16428539,16449576,ACCEPTED,,16449599,ok,21.060
bot-027,01a0b92b-4a76-763f-8735-9b0bc675120e,24,16931622,16949113,ACCEPTED,,16949166,ok,17.544
bot-027,01a0b92b-4c6c-7677-b722-e0c045e61982,25,17433454,17449172,ACCEPTED,,17449216,ok,15.762
bot-027,01a0b92b-4e62-73c4-94b5-03bf9a138620,26,17935503,17948980,ACCEPTED,,17949002,ok,13.499
bot-027,01a0b92b-5059-729a-85cb-97dddb6bca09,27,18438768,18449256,ACCEPTED,,18449287,ok,10.519
bot-027,01a0b92b-5253-71dd-9fac-da7c94153221,28,18944866,18948998,ACCEPTED,,18949016,ok,4.150
bot-027,01a0b92b-544c-73fd-828d-8f145c2352ed,29,19449172,19499167,ACCEPTED,,19499221,ok,50.049
bot-027,01a0b92b-5646-7703-8ad0-bb6c7f3a7d49,30,19955908,19999248,ACCEPTED,,19999282,ok,43.374
bot-027,01a0b92b-583b-7735-a47e-128afa8cd32d,31,20456706,20498965,ACCEPTED,,20499018,ok,42.312
bot-027,01a0b92b-5a33-7053-99d8-3496f1e96e9a,32,20960805,20998934,ACCEPTED,,20998983,ok,38.178
bot-027,01a0b92b-5c35-72ec-a827-72ef24d8f18b,33,21474877,21499200,ACCEPTED,,21499251,ok,24.374
bot-027,01a0b92b-5e2d-720f-8cd3-52a2037af144,34,21978842,21998929,ACCEPTED,,21998973,ok,20.131
bot-027,01a0b92b-6023-703b-a2fe-d96f4b3be29f,35,22480915,22499345,ACCEPTED,,22499381,ok,18.466
bot-027,01a0b92b-621a-732b-a749-69d37671731f,36,22983285,22999130,ACCEPTED,,22999172,ok,15.887
bot-027,01a0b92b-6411-703b-ad5f-87945dbcd189,37,23487082,23499286,ACCEPTED,,23499338,ok,12.256
bot-027,01a0b92b-6608-770b-972a-3401660dfc5e,38,23989382,23999083,ACCEPTED,,23999134,ok,9.752
bot-027,01a0b92b-680b-7322-971e-57e3f48bf470,39,24504572,24549209,ACCEPTED,,24549260,ok,44.688
bot-027,01a0b92b-6a02-716e-b8c5-6a4dbba881c2,40,25007204,25049064,ACCEPTED,,25049124,ok,41.920
bot-027,01a0b92b-6bfa-758b-85c9-138e7a80cecd,41,25511233,25549258,ACCEPTED,,25549307,ok,38.074
bot-027,01a0b92b-6df3-7709-b694-b602902f1003,42,26016765,26048896,ACCEPTED,,26048926,ok,32.161
bot-027,01a0b92b-6fea-7071-93a4-018400f315bc,43,26519397,26549062,ACCEPTED,,26549101,ok,29.704
bot-027,01a0b92b-71e5-7140-bc77-3233a722a9a4,44,27026076,27049078,ACCEPTED,,27049133,ok,23.057
bot-027,01a0b92b-73db-74ed-999c-974e5563d8db,45,27528295,27548827,ACCEPTED,,27548862,ok,20.567
bot-027,01a0b92b-75d6-74f5-b13b-e918e5261f91,46,28035139,28049209,ACCEPTED,,28049252,ok,14.113
bot-027,01a0b92b-77cc-7213-bb1c-c7c5d0991675,47,28537410,28549253,ACCEPTED,,28549292,ok,11.882
bot-027,01a0b92b-79c2-70df-8d58-28ceed3b74c5,48,29039508,29049219,ACCEPTED,,29049253,ok,9.745
bot-027,01a0b92b-7bb9-739f-92ca-a160ecf12f28,49,29542258,29549132,ACCEPTED,,29549166,ok,6.908
bot-027,01a0b92b-7db0-7375-81fc-385cdd6badea,50,30045942,30049084,ACCEPTED,,30049112,ok,3.170
bot-027,01a0b92b-7fa7-71e5-b57a-2ba58e984ee7,51,30548953,30599222,ACCEPTED,,30599271,ok,50.318
bot-027,01a0b92b-819f-76f9-af6d-7948a1976aee,52,31052298,31098913,ACCEPTED,,31098946,ok,46.648
bot-027,01a0b92b-8396-742f-97bd-843d2074d9ff,53,31555926,31599289,ACCEPTED,,31599339,ok,43.413
bot-027,01a0b92b-8590-714e-89e1-9b68bb40f014,54,32062048,32099000,ACCEPTED,,32099035,ok,36.987
bot-027,01a0b92b-8789-7393-a39e-526133859831,55,32566550,32598977,ACCEPTED,,32599029,ok,32.479
bot-027,01a0b92b-8985-7374-8c07-dce09e9c403c,56,33074659,33099222,ACCEPTED,,33099278,ok,24.619
bot-027,01a0b92b-8b85-73f3-8f5d-bdb6c533ba75,57,33586479,33599009,ACCEPTED,,33599042,ok,12.563
bot-027,01a0b92b-8d7f-7683-a3c5-9a91fa518167,58,34092426,34099306,ACCEPTED,,34099326,ok,6.900
bot-027,01a0b92b-8f79-71f3-9257-f44f9266f63b,59,34598819,34649030,ACCEPTED,,34649074,ok,50.255
bot-027,01a0b92b-9178-753e-8efc-0114d681151b,60,35109264,35148868,ACCEPTED,,35148916,ok,39.652
bot-027,01a0b92b-936f-733a-a98e-5aafcb64b5a7,61,35612331,35649153,ACCEPTED,,35649209,ok,36.878
bot-027,01a0b92b-9573-75ef-840e-ff41ba5deb31,62,36128490,36149256,ACCEPTED,,36149296,ok,20.806
bot-027,01a0b92b-976a-77b5-aeb6-c4b5250a4cb4,63,36631465,36648827,ACCEPTED,,36648876,ok,17.411
bot-027,01a0b92b-9963-73c2-bc2f-f4b1f5014694,64,37136974,37149208,ACCEPTED,,37149258,ok,12.284
bot-027,01a0b92b-9b5d-76bb-8cea-7e3f7b7cdb77,65,37642478,37648913,ACCEPTED,,37648959,ok,6.481
bot-027,01a0b92b-9d54-735a-b7dc-5576d5ea26c6,66,38145814,38149178,ACCEPTED,,38149206,ok,3.392
bot-027,01a0b92b-9f4b-74f9-aad4-9497605b1f34,67,38648345,38648935,ACCEPTED,,38648972,ok,0.627
bot-027,01a0b92b-a14f-742f-a439-b07d0ba4cb24,68,39164733,39198967,ACCEPTED,,39199016,ok,34.283
bot-027,01a0b92b-a350-7789-9afd-58f25579dff5,69,39677765,39698943,ACCEPTED,,39698998,ok,21.233
bot-027,01a0b92b-a547-755d-8ce7-ffc6ce2b0064,70,40180689,40199114,ACCEPTED,,40199153,ok,18.464
bot-027,01a0b92b-a74b-73a2-b891-536f0161c886,71,40696689,40698745,ACCEPTED,,40698796,ok,2.107
bot-027,01a0b92b-a944-70bb-965a-8c1727bbd17b,72,41202045,41249444,ACCEPTED,,41249479,ok,47.434
bot-027,01a0b92b-ab44-7566-8c10-37977801c30e,73,41713877,41748955,ACCEPTED,,41748986,ok,35.109
bot-027,01a0b92b-ad3c-77d8-b252-79a3238fef12,74,42218060,42249055,ACCEPTED,,42249101,ok,31.041
bot-027,01a0b92b-af37-720d-aea9-885cd107a042,75,42724976,42749141,ACCEPTED,,42749181,ok,24.205
bot-027,01a0b92b-b130-7632-9ec4-b9bab0977fb9,76,43229170,43249095,ACCEPTED,,43249136,ok,19.966
bot-027,01a0b92b-b326-7490-be51-3905272e6900,77,43731537,43748799,ACCEPTED,,43748845,ok,17.308
bot-027,01a0b92b-b51f-77c7-8f39-4da4a9c09c54,78,44236886,44249074,ACCEPTED,,44249109,ok,12.223
bot-027,01a0b92b-b722-73c1-8f8e-8f74473060db,79,44751188,44799034,ACCEPTED,,44799065,ok,47.877
bot-027,01a0b92b-b91a-7677-bbed-a96b1e72c0ce,80,45255175,45298965,ACCEPTED,,45298994,ok,43.819
bot-027,01a0b92b-bb10-7360-8505-f15170f10eb0,81,45757305,45799056,ACCEPTED,,45799097,ok,41.792
bot-027,01a0b92b-bd07-76fd-b1d8-f479b12eb82d,82,46260314,46299257,ACCEPTED,,46299306,ok,38.992
bot-027,01a0b92b-bf0b-74b2-9660-15359ca78adf,83,46777050,46798865,ACCEPTED,,46798909,ok,21.859
bot-027,01a0b92b-c10e-70fc-89c0-2fe0f0cbe9ae,84,47291075,47298771,ACCEPTED,,47298803,ok,7.728
bot-027,01a0b92b-c304-76b9-98a5-3844e1d88c10,85,47793130,47798693,ACCEPTED,,47798744,ok,5.614
bot-027,01a0b92b-c507-7434-8012-ecffa7fb1c71,86,48308650,48349065,ACCEPTED,,48349115,ok,40.465
bot-027,01a0b92b-c70c-74ec-a1d0-24ceb56132ee,87,48825178,48849002,ACCEPTED,,48849062,ok,23.884
bot-027,01a0b92b-c904-7477-8b48-3ce09442b6e3,88,49329135,49349144,ACCEPTED,,49349177,ok,20.042
bot-027,01a0b92b-cafc-71bc-a520-01cf73fdb14b,89,49834037,49849326,ACCEPTED,,49849357,ok,15.320
bot-027,01a0b92b-ccff-706a-86f7-0460bc45f9d8,90,50348638,50398925,ACCEPTED,,50399034,ok,50.396
bot-027,01a0b92b-cf03-76d8-b185-c1c99c7f7e85,91,50864348,50899249,ACCEPTED,,50899281,ok,34.933
bot-027,01a0b92b-d0f9-76aa-9f4e-2f61f3e0d4d8,92,51366359,51399239,ACCEPTED,,51399293,ok,32.934
bot-027,01a0b92b-d2f9-7761-8bcb-7f3a25a4b716,93,51878172,51899236,ACCEPTED,,51899287,ok,21.115
bot-027,01a0b92b-d4fb-739a-9552-a9098cbfb682,94,52392876,52399202,ACCEPTED,,52399238,ok,6.362
bot-027,01a0b92b-d6f0-7193-8725-cae8842db3c3,95,52893918,52898666,ACCEPTED,,52898715,ok,4.797
bot-027,01a0b92b-d8f5-7391-9d26-0101515339e8,96,53410545,53449266,ACCEPTED,,53449301,ok,38.756
bot-027,01a0b92b-daf7-77b5-b6f9-bcd0b6950cd2,97,53925018,53949327,ACCEPTED,,53949378,ok,24.360
bot-027,01a0b92b-dcf2-7401-a0b7-e6b82a22576f,98,54431843,54449296,ACCEPTED,,54449331,ok,17.488
bot-027,01a0b92b-dee8-709c-bc67-c4935499b36b,99,54933521,54948944,ACCEPTED,,54948969,ok,15.448
bot-027,01a0b92b-e0dd-744b-a5ff-b7623a5953f5,100,55434722,55448846,ACCEPTED,,55448893,ok,14.171
bot-027,01a0b92b-e2d2-77b8-94f7-fec9d2a76040,101,55935589,55949372,ACCEPTED,,55949413,ok,13.824
bot-027,01a0b92b-e4cb-7580-b2be-36ab2a887ee9,102,56440455,56449310,ACCEPTED,,56449341,ok,8.886
bot-027,01a0b92b-e6c3-767c-8d26-ee15d2252ded,103,56944570,56948839,ACCEPTED,,56948885,ok,4.315
bot-027,01a0b92b-e8bb-7515-b281-74fdbe023947,104,57448770,57499086,ACCEPTED,,57499140,ok,50.370
bot-027,01a0b92b-eabb-77bc-ac5c-5a6c9831e11f,105,57960862,57999074,ACCEPTED,,57999108,ok,38.246
bot-027,01a0b92b-ecbd-7794-b7ad-56ffdb39ae18,106,58474415,58498865,ACCEPTED,,58498917,ok,24.502
bot-027,01a0b92b-eeb4-774f-9dc9-3bf513032a32,107,58977343,58998995,ACCEPTED,,58999031,ok,21.688
bot-027,01a0b92b-f0b8-7336-97ea-fe7fb60d8e05,108,59493315,59499138,ACCEPTED,,59499190,ok,5.875
bot-027,01a0b92b-f2af-71bf-b0f4-7a3633f9069a,109,59996464,59999946,ACCEPTED,,60000133,ok,3.669
bot-027,01a0b92b-f4a8-7602-9c59-accf48f5b0a2,110,60501371,60548812,ACCEPTED,,60548840,ok,47.469
bot-027,01a0b92b-f69f-71bb-88dd-aff0a015d643,111,61004174,61049220,ACCEPTED,,61049250,ok,45.076
bot-027,01a0b92b-f8a2-71d0-8a5d-3561af166457,112,61519350,61549229,ACCEPTED,,61549263,ok,29.913
bot-027,01a0b92b-fa9a-75b7-90a9-c829c5f86a48,113,62023916,62049156,ACCEPTED,,62049181,ok,25.265
bot-027,01a0b92b-fc94-70d5-8f34-ca73836a00b2,114,62529088,62549019,ACCEPTED,,62549060,ok,19.972
bot-027,01a0b92b-fe95-73b6-9437-92cf4b0671ec,115,63042826,63049195,ACCEPTED,,63049242,ok,6.416
bot-027,01a0b92c-008e-7342-9e33-40801290a0e8,116,63547633,63548673,ACCEPTED,,63548723,ok,1.090
bot-027,01a0b92c-0283-732c-81d7-e0e42d5165da,117,64048980,64098808,ACCEPTED,,64098851,ok,49.871
bot-027,01a0b92c-047b-7104-ba00-e94ab7f6f275,118,64552440,64599086,ACCEPTED,,64599155,ok,46.715
bot-028,01a0b92b-1ac5-7023-a837-a0afd3b5398a,0,4722465,4749253,ACCEPTED,,4749295,ok,26.830
bot-028,01a0b92b-1cc2-74f7-b4c6-a81c2479bf1a,1,5231255,5249058,ACCEPTED,,5249091,ok,17.836
bot-028,01a0b92b-1ebb-73a2-a0c3-c71601683a7f,2,5736145,5749073,ACCEPTED,,5749113,ok,12.968
bot-028,01a0b92b-20b2-7475-948a-8ba993b2e11c,3,6239821,6249260,ACCEPTED,,6249297,ok,9.476
bot-028,01a0b92b-22aa-7233-98a3-a4241aee065a,4,6743080,6748913,ACCEPTED,,6748965,ok,5.885
bot-028,01a0b92b-249f-77f5-a248-bfce62bf7b44,5,7244579,7248796,ACCEPTED,,7248833,ok,4.254
bot-028,01a0b92b-2698-7412-a3d1-58049e177849,6,7749351,7798942,ACCEPTED,,7798971,ok,49.620
bot-028,01a0b92b-2898-734a-b4d5-5cb14ff0540c,7,8262044,8299243,ACCEPTED,,8299277,ok,37.233
bot-028,01a0b92b-2a95-7384-9d63-19389bf3b986,8,8770991,8798854,ACCEPTED,,8798898,ok,27.907
bot-028,01a0b92b-2c8d-7219-a124-f6fffd15cb59,9,9274798,9298907,ACCEPTED,,9298953,ok,24.155
bot-028,01a0b92b-2e86-7749-b22f-e84921a6e490,10,9779133,9799312,ACCEPTED,,9799336,ok,20.203
bot-028,01a0b92b-307c-7495-add7-7b6748e9c8f3,11,10281631,10298712,ACCEPTED,,10298740,ok,17.109
bot-028,01a0b92b-3275-7432-936e-19f98167ca91,12,10786992,10798766,ACCEPTED,,10798817,ok,11.825
bot-028,01a0b92b-346e-703a-b4a4-9094450bf98e,13,11291255,11298882,ACCEPTED,,11298923,ok,7.668
bot-028,01a0b92b-3669-7605-b39a-c930af6013a0,14,11798972,11848858,ACCEPTED,,11848887,ok,49.915
bot-028,01a0b92b-3867-74b6-a85b-3f84a1327979,15,12308712,12349610,ACCEPTED,,12349649,ok,40.937
bot-028,01a0b92b-3a62-72dc-8861-c001427a48c2,16,12815969,12848886,ACCEPTED,,12848970,ok,33.001
bot-028,01a0b92b-3c64-7418-87db-53a08582a010,17,13329088,13349188,ACCEPTED,,13349220,ok,20.132
bot-028,01a0b92b-3e59-772a-8c46-faa2a79f1e8e,18,13830242,13849266,ACCEPTED,,13849286,ok,19.044
bot-028,01a0b92b-405d-75b0-afd0-617e2b27ad9c,19,14346921,14349008,ACCEPTED,,14349032,ok,2.111
bot-028,01a0b92b-4254-767f-82a8-380bad5613cb,20,14849268,14899266,ACCEPTED,,14899298,ok,50.030
bot-028,01a0b92b-4448-77f1-96b3-632eac9495ff,21,15349889,15399045,ACCEPTED,,15399070,ok,49.181
bot-028,01a0b92b-463f-70e7-beb4-470608004afc,22,15852592,15899041,ACCEPTED,,15899072,ok,46.480
bot-028,01a0b92b-4843-7234-8bdc-ce618b38166f,23,16368211,16399004,ACCEPTED,,16399032,ok,30.821
bot-028,01a0b92b-4a3a-7567-9b1e-550abd30a9ff,24,16871189,16899003,ACCEPTED,,16899049,ok,27.860
bot-028,01a0b92b-4c2f-75c5-917b-bc4cb5190f33,25,17372726,17399120,ACCEPTED,,17399174,ok,26.448
bot-028,01a0b92b-4e24-746f-ac90-5c3a700f0531,26,17873929,17898821,ACCEPTED,,17898864,ok,24.935
bot-028,01a0b92b-501d-7507-bff1-27254351bb25,27,18378789,18398785,ACCEPTED,,18398833,ok,20.044
bot-028,01a0b92b-5216-7659-91f0-c38a2cae227a,28,18883661,18898992,ACCEPTED,,18899048,ok,15.387
bot-028,01a0b92b-5411-748a-a96b-3eca90c0f8a4,29,19390991,19398891,ACCEPTED,,19398932,ok,7.941
bot-028,01a0b92b-560a-70e2-a1da-f0e0a06bf62d,30,19895130,19899034,ACCEPTED,,19899064,ok,3.934
bot-028,01a0b92b-5802-726c-9ebc-33ad9bcd2b50,31,20399113,20449343,ACCEPTED,,20449376,ok,50.263
bot-028,01a0b92b-59f6-710b-84e8-c29c749297c3,32,20899803,20949163,ACCEPTED,,20949214,ok,49.411
bot-028,01a0b92b-5bf8-77c0-ae4b-9e9a9feeedf6,33,21413583,21448854,ACCEPTED,,21448906,ok,35.323
bot-028,01a0b92b-5df0-777c-a56a-2f5d6b1f4636,34,21917850,21949006,ACCEPTED,,21949047,ok,31.197
bot-028,01a0b92b-5fe7-71da-a219-3ed0aecb52e8,35,22420120,22449410,ACCEPTED,,22449460,ok,29.340
bot-028,01a0b92b-61db-770f-81b8-1c72e45c22b3,36,22920986,22949192,ACCEPTED,,22949236,ok,28.250
bot-028,01a0b92b-63d4-7782-af7a-8966b769f539,37,23425369,23449009,ACCEPTED,,23449058,ok,23.689
bot-028,01a0b92b-65cc-707e-b9dc-b3f0916650d8,38,23929210,23948816,ACCEPTED,,23948863,ok,19.653
bot-028,01a0b92b-67cf-7381-a29e-6b7dca464cf2,39,24444174,24449277,ACCEPTED,,24449329,ok,5.155
bot-028,01a0b92b-69c7-74ac-9272-7436e1d4791b,40,24948990,24998839,ACCEPTED,,24998889,ok,49.899
bot-028,01a0b92b-6bbd-764d-90d8-bc3be5878b94,41,25450687,25499244,ACCEPTED,,25499294,ok,48.607
bot-028,01a0b92b-6db6-774e-b7c3-f3143a9f9962,42,25955930,25998855,ACCEPTED,,25998910,ok,42.980
bot-028,01a0b92b-6fad-7000-acbd-8f658b69ac29,43,26458241,26498988,ACCEPTED,,26499042,ok,40.801
bot-028,01a0b92b-71a7-72fd-a93a-075e23caa7b2,44,26964313,26999057,ACCEPTED,,26999104,ok,34.791
bot-028,01a0b92b-739e-7240-b75e-cc1755d1d22b,45,27467086,27498914,ACCEPTED,,27498966,ok,31.880
bot-028,01a0b92b-7599-7040-949a-b6642afbdf90,46,27974156,27999027,ACCEPTED,,27999074,ok,24.918
bot-028,01a0b92b-7790-7546-9c7d-4ac6b924812c,47,28477214,28499039,ACCEPTED,,28499084,ok,21.870
bot-028,01a0b92b-7986-768a-a0cd-941729306186,48,28979469,28999245,ACCEPTED,,28999284,ok,19.815
bot-028,01a0b92b-7b8a-738a-9d07-87bba292f75e,49,29495731,29498860,ACCEPTED,,29498891,ok,3.160
bot-028,01a0b92b-7d82-727a-92cb-46c560ddaf6d,50,29999188,30049013,ACCEPTED,,30049068,ok,49.880
bot-028,01a0b92b-7f7e-76bb-a4bc-26376372c01a,51,30507504,30548893,ACCEPTED,,30548928,ok,41.424
bot-028,01a0b92b-8181-7157-918c-ac934a1f549a,52,31022600,31048965,ACCEPTED,,31049006,ok,26.406
bot-028,01a0b92b-8378-77e9-8e92-f4ef94dc17f9,53,31525876,31550564,ACCEPTED,,31550612,ok,24.736
bot-028,01a0b92b-8572-7729-bbcf-c150d9bf6ae7,54,32031236,32048805,ACCEPTED,,32048856,ok,17.620
bot-028,01a0b92b-876b-76b4-8d03-071fd6eb8bde,55,32536359,32549257,ACCEPTED,,32549311,ok,12.952
bot-028,01a0b92b-8967-74c5-83cc-4a09c34e3601,56,33044323,33049181,ACCEPTED,,33049191,ok,4.868
bot-028,01a0b92b-8b5f-74ae-b3fa-2d1bbf51c04c,57,33548863,33599045,ACCEPTED,,33599082,ok,50.219
bot-028,01a0b92b-8d60-71eb-bf17-b403f2d26f0d,58,34061426,34099218,ACCEPTED,,34099259,ok,37.833
bot-028,01a0b92b-8f57-7013-8347-d06bc96cf6be,59,34564325,34598868,ACCEPTED,,34598902,ok,34.577
bot-028,01a0b92b-915a-7361-bbb5-76f1a0cc27b4,60,35079537,35098851,ACCEPTED,,35098897,ok,19.360
bot-028,01a0b92b-9350-71f1-8648-47b7da43229a,61,35581927,35599087,ACCEPTED,,35599131,ok,17.204
bot-028,01a0b92b-9545-76d0-9cbd-b670d9c9a771,62,36082880,36098856,ACCEPTED,,36098912,ok,16.032
bot-028,01a0b92b-973c-7281-ba5f-f7d77bc6d71c,63,36585474,36599261,ACCEPTED,,36599308,ok,13.834
bot-028,01a0b92b-9936-71d6-9e58-29d7eb6d94d5,64,37091132,37098771,ACCEPTED,,37098815,ok,7.683
bot-028,01a0b92b-9b2f-77b8-942c-a51368cc0d93,65,37596756,37599011,ACCEPTED,,37599037,ok,2.281
bot-028,01a0b92b-9d25-7465-b541-761e2cfa48fb,66,38098819,38149150,ACCEPTED,,38149202,ok,50.383
bot-028,01a0b92b-9f1d-7234-95f5-cc4a43f5a2eb,67,38602812,38648874,ACCEPTED,,38648927,ok,46.115
bot-028,01a0b92b-a122-76da-b9c7-cc11bc1be8fa,68,39119201,39148816,ACCEPTED,,39148864,ok,29.663
bot-028,01a0b92b-a322-73a1-807a-ea6104899aeb,69,39631625,39648903,ACCEPTED,,39648954,ok,17.329
bot-028,01a0b92b-a519-7711-806b-046a0410bf01,70,40134162,40148985,ACCEPTED,,40149026,ok,14.864
bot-028,01a0b92b-a70f-7546-b49e-a8c98b0a5b30,71,40636538,40648826,ACCEPTED,,40648877,ok,12.339
bot-028,01a0b92b-a907-7349-b372-481136e53898,72,41140604,41148827,ACCEPTED,,41148862,ok,8.258
bot-028,01a0b92b-ab07-7680-aa95-08f733c78997,73,41652562,41698968,ACCEPTED,,41699018,ok,46.456
bot-028,01a0b92b-ad00-75eb-9853-acec2e80b93a,74,42157069,42198886,ACCEPTED,,42198929,ok,41.860
bot-028,01a0b92b-aefb-71cd-af36-3743da94b71b,75,42664518,42698820,ACCEPTED,,42698868,ok,34.350
bot-028,01a0b92b-b0f2-707c-9cff-be347ca8f7cf,76,43167555,43199101,ACCEPTED,,43199143,ok,31.588
bot-028,01a0b92b-b2e9-75f9-bec7-d7956efc665e,77,43671022,43699070,ACCEPTED,,43699116,ok,28.094
bot-028,01a0b92b-b4e2-77fa-9dd6-665340be08f9,78,44175181,44198945,ACCEPTED,,44198987,ok,23.806
bot-028,01a0b92b-b6d6-7592-9bfd-1ef08f2a022f,79,44675714,44699200,ACCEPTED,,44699249,ok,23.535
bot-028,01a0b92b-b8cd-7513-89c8-354466c7d204,80,45178622,45198915,ACCEPTED,,45198966,ok,20.344
bot-028,01a0b92b-bac4-7198-8f72-d4c2e1d56058,81,45681615,45699023,ACCEPTED,,45699068,ok,17.453
bot-028,01a0b92b-bcb9-762e-b615-7d8c27bbfa7d,82,46182686,46198891,ACCEPTED,,46198941,ok,16.255
bot-028,01a0b92b-beb0-7457-9f3b-5aa232f54024,83,46685504,46699251,ACCEPTED,,46699301,ok,13.797
bot-028,01a0b92b-c0b3-7085-a9a6-b19a87dfffc0,84,47200569,47249150,ACCEPTED,,47249200,ok,48.631
bot-028,01a0b92b-c2a9-7110-9b4e-df4aabe05009,85,47702638,47748821,ACCEPTED,,47748867,ok,46.229
bot-028,01a0b92b-c4ac-7745-89a0-ef87fb319378,86,48218026,48248931,ACCEPTED,,48248974,ok,30.948
bot-028,01a0b92b-c6b1-7025-9963-286a60df7f35,87,48734180,48749239,ACCEPTED,,48749284,ok,15.104
bot-028,01a0b92b-c8a9-77b1-b147-8006ca294487,88,49238278,49249091,ACCEPTED,,49249146,ok,10.868
bot-028,01a0b92b-caa2-74a7-b4af-9b8396630032,89,49743339,49748743,ACCEPTED,,49748790,ok,5.451
bot-028,01a0b92b-cc9c-712a-8b5e-a78cf76c81d9,90,50249108,50299185,ACCEPTED,,50299237,ok,50.129
bot-028,01a0b92b-ce9a-72b9-8f18-b8b1aba89b0b,91,50759109,50799153,ACCEPTED,,50799205,ok,40.096
bot-028,01a0b92b-d090-7082-a0db-f653efdd4cb2,92,51261560,51298806,ACCEPTED,,51298864,ok,37.304
bot-028,01a0b92b-d286-7388-badf-f94f757f087a,93,51763159,51799036,ACCEPTED,,51799090,ok,35.931
bot-028,01a0b92b-d482-7536-8548-4976d9497a1b,94,52271209,52299263,ACCEPTED,,52299292,ok,28.083
bot-028,01a0b92b-d679-76ed-9bf9-21e8ffe4b0a4,95,52774228,52799213,ACCEPTED,,52799256,ok,25.028
bot-028,01a0b92b-d87a-717f-98dc-3a310c53f190,96,53288017,53299063,ACCEPTED,,53299092,ok,11.075
bot-028,01a0b92b-da71-722f-95d9-121ce0134759,97,53790333,53799071,ACCEPTED,,53799110,ok,8.777
bot-028,01a0b92b-dc67-77cc-b0c7-ef4a97898d4b,98,54292287,54299204,ACCEPTED,,54299260,ok,6.973
bot-028,01a0b92b-de5f-71da-b373-ca992d6c6805,99,54796747,54798868,ACCEPTED,,54798891,ok,2.144
bot-028,01a0b92b-e055-75f6-814e-3dcf6ac95c7e,100,55298570,55299184,ACCEPTED,,55299214,ok,0.644
bot-028,01a0b92b-e24a-7623-83ac-704e2238e552,101,55799705,55849292,ACCEPTED,,55849327,ok,49.622
bot-028,01a0b92b-e440-74a0-bdb3-072538f3fe7d,102,56301517,56348996,ACCEPTED,,56349024,ok,47.507
bot-028,01a0b92b-e639-7746-9300-c399c8636315,103,56806212,56848833,ACCEPTED,,56848881,ok,42.669
bot-028,01a0b92b-e832-7773-ab3a-bfc72ac97158,104,57311468,57349048,ACCEPTED,,57349093,ok,37.625
bot-028,01a0b92b-ea32-7773-a1de-eec9b21ec6f4,105,57823668,57848860,ACCEPTED,,57848904,ok,25.236
bot-028,01a0b92b-ec36-735e-96be-03f4b507b3b1,106,58339291,58348980,ACCEPTED,,58349027,ok,9.736
bot-028,01a0b92b-ee39-7785-a61d-84d851250a1e,107,58854959,58898922,ACCEPTED,,58898957,ok,43.998
bot-028,01a0b92b-f030-70b3-811f-2c31d780aae7,108,59357244,59399032,ACCEPTED,,59399079,ok,41.835
bot-028,01a0b92b-f225-70c5-8368-132a3815c39d,109,59858815,59899250,ACCEPTED,,59899295,ok,40.480
bot-028,01a0b92b-f41f-755d-bbc0-4e832874f9ee,110,60364319,60398953,ACCEPTED,,60398995,ok,34.676
bot-028,01a0b92b-f616-75b6-8229-66d601a70a40,111,60867257,60899293,ACCEPTED,,60899335,ok,32.078
bot-028,01a0b92b-f819-71b2-83cc-311fe0b0ddf1,112,61382069,61398833,ACCEPTED,,61398876,ok,16.807
bot-028,01a0b92b-fa14-7088-b118-e0c60c5efaac,113,61889081,61899054,ACCEPTED,,61899112,ok,10.031
bot-028,01a0b92b-fc09-7305-b1b8-e67eb2c40568,114,62390973,62398767,ACCEPTED,,62398805,ok,7.832
bot-028,01a0b92b-fe0d-7600-819a-a04b87aa95de,115,62906879,62948905,ACCEPTED,,62948939,ok,42.060
bot-028,01a0b92c-0005-7181-aa12-76c77616e9a7,116,63410143,63449077,ACCEPTED,,63449124,ok,38.981
bot-028,01a0b92c-01f9-70c1-93c1-bc5fde352de1,117,63911060,63948871,ACCEPTED,,63948912,ok,37.852
bot-028,01a0b92c-03f2-720f-84b7-5b6a6f6e1973,118,64415284,64448900,ACCEPTED,,64448948,ok,33.664
bot-029,01a0b92b-1b76-7292-9b99-982559288703,0,4899167,4949068,ACCEPTED,,4949125,ok,49.958
bot-029,01a0b92b-1b76-7292-9b99-98266179dfaa,1,4899213,4949144,ACCEPTED,,4949167,ok,49.954
bot-029,01a0b92b-1b76-7292-9b99-98279676e3aa,2,4899263,4949181,ACCEPTED,,4949197,ok,49.934
bot-029,01a0b92b-1b76-7292-9b99-9828325e4a4f,3,4899309,4949210,ACCEPTED,,4949225,ok,49.916
bot-029,01a0b92b-1b76-7292-9b99-9829a0789b22,4,4899381,4949245,ACCEPTED,,4949259,ok,49.878
bot-029,01a0b92b-1b76-7292-9b99-982a8c751fcd,5,4899430,4949273,ACCEPTED,,4949292,ok,49.862
bot-029,01a0b92b-1b76-7292-9b99-982b43063412,6,4899470,4949307,ACCEPTED,,4949322,ok,49.852
bot-029,01a0b92b-1b76-7292-9b99-982cf3802399,7,4899529,4949340,ACCEPTED,,4949355,ok,49.826
bot-029,01a0b92b-1b76-7292-9b99-982db5427533,8,4899575,4949372,ACCEPTED,,4949388,ok,49.813
bot-029,01a0b92b-1b76-7292-9b99-982ecf32ad18,9,4899615,4949405,ACCEPTED,,4949419,ok,49.804
bot-029,01a0b92b-1b76-7292-9b99-982f1feccb5e,10,4899655,4949436,ACCEPTED,,4949451,ok,49.796
bot-029,01a0b92b-1b76-7292-9b99-983095f86d75,11,4899689,4949468,ACCEPTED,,4949483,ok,49.794
bot-029,01a0b92b-1b76-7292-9b99-9831eeb8c1bf,12,4899729,4949500,ACCEPTED,,4949520,ok,49.791
bot-029,01a0b92b-1b76-7292-9b99-98321835496d,13,4899773,4949534,ACCEPTED,,4949553,ok,49.780
bot-029,01a0b92b-1b76-7292-9b99-9833e7d19e03,14,4899796,4949570,ACCEPTED,,4949590,ok,49.794
bot-029,01a0b92b-1b76-7292-9b99-983433c392b9,15,4899828,4949603,ACCEPTED,,4949622,ok,49.794
bot-029,01a0b92b-1b80-729e-9d31-d149614789bf,16,4909807,4949639,ACCEPTED,,4949658,ok,39.851
bot-029,01a0b92b-1b80-729e-9d31-d14a13f78a02,17,4909922,4949675,ACCEPTED,,4949693,ok,39.771
bot-029,01a0b92b-1b80-729e-9d31-d14bbcbc5f2e,18,4909963,4949709,ACCEPTED,,4949728,ok,39.765
bot-029,01a0b92b-1b80-729e-9d31-d14c9208df78,19,4909989,4949746,ACCEPTED,,4949765,ok,39.776
bot-029,01a0b92b-1b80-729e-9d31-d14d54ee9726,20,4910008,4949782,ACCEPTED,,4949797,ok,39.789
bot-029,01a0b92b-1b80-729e-9d31-d14e1a5b52c7,21,4910028,4949814,ACCEPTED,,4949831,ok,39.803
bot-029,01a0b92b-1b80-729e-9d31-d14f40c97d03,22,4910047,4949847,ACCEPTED,,4949865,ok,39.818
bot-029,01a0b92b-1b81-77a5-948a-cfeae60406c6,23,4910069,4949880,ACCEPTED,,4949898,ok,39.829
bot-029,01a0b92b-1b81-77a5-948a-cfeb1ffa0d6e,24,4910094,4949916,ACCEPTED,,4949935,ok,39.841
bot-029,01a0b92b-1b81-77a5-948a-cfecb8f50a8d,25,4910117,4949954,ACCEPTED,,4949974,ok,39.857
bot-029,01a0b92b-1b81-77a5-948a-cfedd2f5a0ea,26,4910140,4949989,ACCEPTED,,4950008,ok,39.868
bot-029,01a0b92b-1b81-77a5-948a-cfee88b63ee4,27,4910161,4950022,ACCEPTED,,4950040,ok,39.879
bot-029,01a0b92b-1b81-77a5-948a-cfeff61af5d3,28,4910185,4950056,ACCEPTED,,4950075,ok,39.890
bot-029,01a0b92b-1b81-77a5-948a-cff0484850a2,29,4910208,4950093,ACCEPTED,,4950597,ok,40.389
bot-029,01a0b92b-1b81-77a5-948a-cff159b1e125,30,4910231,4950622,ACCEPTED,,4950642,ok,40.411
bot-029,01a0b92b-1b81-77a5-948a-cff2e1277e7b,31,4910253,4950657,ACCEPTED,,4950673,ok,40.420
bot-029,01a0b92b-1b90-7665-a2ec-2d0636ea02d2,32,4925178,4950687,ACCEPTED,,4950703,ok,25.525
bot-029,01a0b92b-1b90-7665-a2ec-2d0793f5f355,33,4925267,4955528,ACCEPTED,,4955551,ok,30.284
bot-029,01a0b92b-1b90-7665-a2ec-2d082951e02c,34,4925288,4955563,ACCEPTED,,4955575,ok,30.287
bot-029,01a0b92b-1b90-7665-a2ec-2d094e2aecf4,35,4925306,4955584,ACCEPTED,,4955595,ok,30.289
bot-029,01a0b92b-1b90-7665-a2ec-2d0afff6691f,36,4925324,4955604,ACCEPTED,,4955614,ok,30.290
bot-029,01a0b92b-1b90-7665-a2ec-2d0b7b431afc,37,4925341,4955623,ACCEPTED,,4955633,ok,30.292
bot-029,01a0b92b-1b90-7665-a2ec-2d0c6cd05ae3,38,4925357,4955642,ACCEPTED,,4955652,ok,30.295
bot-029,01a0b92b-1b90-7665-a2ec-2d0dcf834020,39,4925374,4955661,ACCEPTED,,4955670,ok,30.296
bot-029,01a0b92b-1b90-7665-a2ec-2d0e95da5c84,40,4925391,4955679,ACCEPTED,,4955689,ok,30.298
bot-029,01a0b92b-1b90-7665-a2ec-2d0f15a4c2ba,41,4925410,4955698,ACCEPTED,,4955708,ok,30.298
bot-029,01a0b92b-1b90-7665-a2ec-2d10b32f6889,42,4925428,4955717,ACCEPTED,,4955727,ok,30.299
bot-029,01a0b92b-1b90-7665-a2ec-2d11bf1a1aa5,43,4925445,4955736,ACCEPTED,,4955747,ok,30.302
bot-029,01a0b92b-1b90-7665-a2ec-2d12bc98d29b,44,4925462,4955756,ACCEPTED,,4955766,ok,30.304
bot-029,01a0b92b-1b90-7665-a2ec-2d1365dbedbe,45,4925479,4955775,ACCEPTED,,4955785,ok,30.306
bot-029,01a0b92b-1b90-7665-a2ec-2d147a2753cd,46,4925496,4955794,ACCEPTED,,4955806,ok,30.310
bot-029,01a0b92b-1b90-7665-a2ec-2d1579329838,47,4925513,4955815,ACCEPTED,,4955825,ok,30.312
bot-029,01a0b92b-1b9f-7001-abb7-2ddc7a7ec465,48,4940138,4955834,ACCEPTED,,4955843,ok,15.705
bot-029,01a0b92b-1b9f-7001-abb7-2ddd11afe27c,49,4940254,4955852,ACCEPTED,,4955862,ok,15.608
bot-029,01a0b92b-1b9f-7001-abb7-2dde67e7f249,50,4940288,4955871,ACCEPTED,,4955881,ok,15.593
bot-029,01a0b92b-1b9f-7001-abb7-2ddfa53b2821,51,4940318,4955890,ACCEPTED,,4955900,ok,15.582
bot-029,01a0b92b-1b9f-7001-abb7-2de0dc8987ab,52,4940347,4955909,ACCEPTED,,4955919,ok,15.572
bot-029,01a0b92b-1b9f-7001-abb7-2de1fff343c1,53,4940376,4955928,ACCEPTED,,4955938,ok,15.562
bot-029,01a0b92b-1b9f-7001-abb7-2de232b246ec,54,4940405,4955947,ACCEPTED,,4955957,ok,15.552
bot-029,01a0b92b-1b9f-7001-abb7-2de374d54cfc,55,4940433,4955966,ACCEPTED,,4955975,ok,15.542
bot-029,01a0b92b-1b9f-7001-abb7-2de4ff87e11a,56,4940459,4955984,ACCEPTED,,4955994,ok,15.535
bot-029,01a0b92b-1b9f-7001-abb7-2de5759451c7,57,4940482,4956003,ACCEPTED,,4956013,ok,15.531
bot-029,01a0b92b-1b9f-7001-abb7-2de6a6416ff4,58,4940507,4956022,ACCEPTED,,4956032,ok,15.525
bot-029,01a0b92b-1b9f-7001-abb7-2de7d17036db,59,4940532,4956040,ACCEPTED,,4956050,ok,15.518
bot-029,01a0b92b-1b9f-7001-abb7-2de88530a393,60,4940559,4956059,ACCEPTED,,4956069,ok,15.510
bot-029,01a0b92b-1b9f-7001-abb7-2de9540d3ca0,61,4940589,4956078,ACCEPTED,,4956087,ok,15.498
bot-029,01a0b92b-1b9f-7001-abb7-2deaa5366d76,62,4940617,4956096,ACCEPTED,,4956106,ok,15.489
bot-029,01a0b92b-1b9f-7001-abb7-2deb76d0de17,63,4940644,4956115,ACCEPTED,,4956125,ok,15.481
bot-029,01a0b92b-1ba9-7470-b978-7594fd236d8f,64,4950148,4999239,ACCEPTED,,4999291,ok,49.143
bot-029,01a0b92b-1ba9-7470-b978-75956aa0ad65,65,4950229,4999305,ACCEPTED,,4999318,ok,49.089
bot-029,01a0b92b-1ba9-7470-b978-75965cc4bf8f,66,4950258,4999329,ACCEPTED,,4999352,ok,49.094
bot-029,01a0b92b-1ba9-7470-b978-7597bb9fde72,67,4950284,4999367,ACCEPTED,,4999382,ok,49.098
bot-029,01a0b92b-1ba9-7470-b978-75986fee068a,68,4950306,4999398,ACCEPTED,,4999409,ok,49.103
bot-029,01a0b92b-1ba9-7470-b978-75992cc160d4,69,4950321,4999419,ACCEPTED,,4999864,ok,49.543
bot-029,01a0b92b-1ba9-7470-b978-759a1fa2136c,70,4950337,4999879,ACCEPTED,,4999890,ok,49.553
bot-029,01a0b92b-1ba9-7470-b978-759b94ac4ea2,71,4950349,4999898,ACCEPTED,,4999906,ok,49.557
bot-029,01a0b92b-1ba9-7470-b978-759cd267d7a0,72,4950365,4999914,ACCEPTED,,4999922,ok,49.557
bot-029,01a0b92b-1ba9-7470-b978-759d8bc7dd79,73,4950385,4999929,ACCEPTED,,4999938,ok,49.553
bot-029,01a0b92b-1ba9-7470-b978-759ecaf06dbf,74,4950400,4999945,ACCEPTED,,4999953,ok,49.553
bot-029,01a0b92b-1ba9-7470-b978-759f02dfb75d,75,4950429,4999960,ACCEPTED,,4999968,ok,49.539
bot-029,01a0b92b-1ba9-7470-b978-75a0b6973720,76,4950445,4999975,ACCEPTED,,4999983,ok,49.538
bot-029,01a0b92b-1ba9-7470-b978-75a164e96a36,77,4950461,4999990,ACCEPTED,,4999998,ok,49.537
bot-029,01a0b92b-1ba9-7470-b978-75a2e8a037bb,78,4950479,5000005,ACCEPTED,,5000014,ok,49.535
bot-029,01a0b92b-1ba9-7470-b978-75a3a6c468f8,79,4950497,5000021,ACCEPTED,,5000029,ok,49.532
bot-029,01a0b92b-1bae-7002-9dc5-e1fb82d513ba,80,4955210,5000036,ACCEPTED,,5000048,ok,44.838
bot-029,01a0b92b-1bae-7002-9dc5-e1fceb2cb53e,81,4955246,5000103,ACCEPTED,,5000121,ok,44.875
bot-029,01a0b92b-1bae-7002-9dc5-e1fdb0ea8e59,82,4955273,5000131,ACCEPTED,,5000140,ok,44.867
bot-029,01a0b92b-1bae-7002-9dc5-e1fee8d23641,83,4955290,5000148,ACCEPTED,,5000156,ok,44.866
bot-029,01a0b92b-1bae-7002-9dc5-e1ff8d22fde5,84,4955301,5000164,ACCEPTED,,5000176,ok,44.875
bot-029,01a0b92b-1bae-7002-9dc5-e200bb4a13e5,85,4955310,5000186,ACCEPTED,,5000196,ok,44.886
bot-029,01a0b92b-1bae-7002-9dc5-e201bf93e168,86,4955320,5000206,ACCEPTED,,5000227,ok,44.907
bot-029,01a0b92b-1bae-7002-9dc5-e2025942ec1d,87,4955330,5000812,ACCEPTED,,5000841,ok,45.511
bot-029,01a0b92b-1bae-7002-9dc5-e2032d197830,88,4955340,5000855,ACCEPTED,,5000872,ok,45.532
bot-029,01a0b92b-1bae-7002-9dc5-e204f78a44f2,89,4955352,5000887,ACCEPTED,,5000903,ok,45.551
bot-029,01a0b92b-1bae-7002-9dc5-e205178eed90,90,4955362,5000918,ACCEPTED,,5000947,ok,45.585
bot-029,01a0b92b-1bae-7002-9dc5-e206f358e1de,91,4955372,5000969,ACCEPTED,,5000989,ok,45.617
bot-029,01a0b92b-1bae-7002-9dc5-e20773af0ffb,92,4955381,5001003,ACCEPTED,,5001019,ok,45.638
bot-029,01a0b92b-1bae-7002-9dc5-e20822954e5a,93,4955409,5001050,ACCEPTED,,5001076,ok,45.667
bot-029,01a0b92b-1bae-7002-9dc5-e2098f396440,94,4955426,5001097,ACCEPTED,,5001113,ok,45.687
bot-029,01a0b92b-1bae-7002-9dc5-e20aeddfd0bb,95,4955441,5001127,ACCEPTED,,5001138,ok,45.697
bot-029,01a0b92b-1bbd-7723-a980-aedec2ed0e25,96,4970378,5001148,ACCEPTED,,5001158,ok,30.780
bot-029,01a0b92b-1bbd-7723-a980-aedf70be2ac7,97,4970433,5001168,ACCEPTED,,5001178,ok,30.745
bot-029,01a0b92b-1bbd-7723-a980-aee0bafc003e,98,4970466,5001190,ACCEPTED,,5001204,ok,30.738
bot-029,01a0b92b-1bbd-7723-a980-aee1eab91754,99,4970496,5001218,ACCEPTED,,5001232,ok,30.736
bot-029,01a0b92b-1bbd-7723-a980-aee2adb9ce31,100,4970524,5001245,ACCEPTED,,5001258,ok,30.734
bot-029,01a0b92b-1bbd-7723-a980-aee36059fbca,101,4970544,5001270,ACCEPTED,,5001285,ok,30.741
bot-029,01a0b92b-1bbd-7723-a980-aee45bc07262,102,4970564,5001298,ACCEPTED,,5001312,ok,30.748
bot-029,01a0b92b-1bbd-7723-a980-aee55f847f37,103,4970592,5001325,ACCEPTED,,5001341,ok,30.749
bot-029,01a0b92b-1bbd-7723-a980-aee6b09e508d,104,4970626,5001354,ACCEPTED,,5001369,ok,30.743
bot-029,01a0b92b-1bbd-7723-a980-aee73d0f4aef,105,4970649,5001383,ACCEPTED,,5001398,ok,30.749
bot-029,01a0b92b-1bbd-7723-a980-aee867142aca,106,4970670,5001411,ACCEPTED,,5001423,ok,30.753
bot-029,01a0b92b-1bbd-7723-a980-aee9f648f16e,107,4970702,5001433,ACCEPTED,,5001444,ok,30.742
bot-029,01a0b92b-1bbd-7723-a980-aeea0c671ee1,108,4970737,5001454,ACCEPTED,,5001465,ok,30.728
bot-029,01a0b92b-1bbd-7723-a980-aeeb37f4a8fa,109,4970757,5001476,ACCEPTED,,5001489,ok,30.732
bot-029,01a0b92b-1bbd-7723-a980-aeecb34e9e00,110,4970788,5001500,ACCEPTED,,5001511,ok,30.723
bot-029,01a0b92b-1bbd-7723-a980-aeedd0484a21,111,4970801,5001522,ACCEPTED,,5001534,ok,30.733
bot-029,01a0b92b-1bcc-74db-9b9c-1cec5ad90ab9,112,4985495,5001554,ACCEPTED,,5001566,ok,16.071
bot-029,01a0b92b-1bcc-74db-9b9c-1cedfca69431,113,4985637,5001587,ACCEPTED,,5001601,ok,15.964
bot-029,01a0b92b-1bcc-74db-9b9c-1cee1f888276,114,4985670,5001612,ACCEPTED,,5001659,ok,15.989
bot-029,01a0b92b-1bcc-74db-9b9c-1cef0725159f,115,4985696,5001671,ACCEPTED,,5001683,ok,15.987
bot-029,01a0b92b-1bcc-74db-9b9c-1cf0618f56b5,116,4985720,5001693,ACCEPTED,,5001706,ok,15.986
bot-029,01a0b92b-1bcc-74db-9b9c-1cf1bd79714d,117,4985748,5001716,ACCEPTED,,5001729,ok,15.981
bot-029,01a0b92b-1bcc-74db-9b9c-1cf2940260b9,118,4985803,5001739,ACCEPTED,,5001752,ok,15.949
bot-029,01a0b92b-1bcc-74db-9b9c-1cf3a9334963,119,4985829,5001763,ACCEPTED,,5001775,ok,15.946
bot-029,01a0b92b-1bcc-74db-9b9c-1cf4be9a25f4,120,4985852,5001787,ACCEPTED,,5001800,ok,15.948
bot-029,01a0b92b-1bcc-74db-9b9c-1cf53511bb96,121,4985876,5001808,ACCEPTED,,5001816,ok,15.940
bot-029,01a0b92b-1bcc-74db-9b9c-1cf6d0bb4981,122,4985901,5001823,ACCEPTED,,5001831,ok,15.930
bot-029,01a0b92b-1bcc-74db-9b9c-1cf7819bf90a,123,4985924,5001838,ACCEPTED,,5001846,ok,15.922
bot-029,01a0b92b-1bcc-74db-9b9c-1cf82c2aa683,124,4985949,5001853,ACCEPTED,,5001861,ok,15.912
bot-029,01a0b92b-1bcc-74db-9b9c-1cf937bfd130,125,4985973,5001868,ACCEPTED,,5001876,ok,15.903
bot-029,01a0b92b-1bcc-74db-9b9c-1cfa1df7c5d1,126,4985997,5001883,ACCEPTED,,5001891,ok,15.894
bot-029,01a0b92b-1bcc-74db-9b9c-1cfb08a8bf09,127,4986022,5001898,ACCEPTED,,5001906,ok,15.884
bot-029,01a0b92b-1bda-77c2-a0aa-fc37b4372e9a,128,4999445,5048912,ACCEPTED,,5048938,ok,49.493
bot-029,01a0b92b-1bda-77c2-a0aa-fc389fb6a524,129,4999528,5048955,ACCEPTED,,5048970,ok,49.442
bot-029,01a0b92b-1bda-77c2-a0aa-fc3937427998,130,4999572,5048983,ACCEPTED,,5048997,ok,49.425
bot-029,01a0b92b-1bda-77c2-a0aa-fc3a629e7c8c,131,4999599,5049009,ACCEPTED,,5049029,ok,49.430
bot-029,01a0b92b-1bda-77c2-a0aa-fc3ba81e5b68,132,4999625,5049043,ACCEPTED,,5049056,ok,49.431
bot-029,01a0b92b-1bda-77c2-a0aa-fc3c5063e4d6,133,4999647,5049068,ACCEPTED,,5049087,ok,49.440
bot-029,01a0b92b-1bda-77c2-a0aa-fc3dff09fae4,134,4999663,5049100,ACCEPTED,,5049120,ok,49.457
bot-029,01a0b92b-1bda-77c2-a0aa-fc3e6a7b91d1,135,4999678,5049137,ACCEPTED,,5049206,ok,49.528
bot-029,01a0b92b-1bda-77c2-a0aa-fc3fedc84d41,136,4999695,5049226,ACCEPTED,,5049246,ok,49.551
bot-029,01a0b92b-1bda-77c2-a0aa-fc40c7eb715a,137,4999710,5049259,ACCEPTED,,5049277,ok,49.567
bot-029,01a0b92b-1bda-77c2-a0aa-fc4181b15b6e,138,4999733,5049331,ACCEPTED,,5049352,ok,49.619
bot-029,01a0b92b-1bda-77c2-a0aa-fc42339ba856,139,4999751,5049369,ACCEPTED,,5049387,ok,49.636
bot-029,01a0b92b-1bda-77c2-a0aa-fc43d757a3c4,140,4999768,5049440,ACCEPTED,,5049464,ok,49.696
bot-029,01a0b92b-1bda-77c2-a0aa-fc44fc59c90b,141,4999784,5049482,ACCEPTED,,5050071,ok,50.287
bot-029,01a0b92b-1bda-77c2-a0aa-fc45c3dee121,142,4999820,5050098,ACCEPTED,,5050117,ok,50.297
bot-029,01a0b92b-1bda-77c2-a0aa-fc46901a56f8,143,4999838,5050134,ACCEPTED,,5050151,ok,50.313
bot-029,01a0b92b-1bea-7223-8d15-55767ad60d73,144,5015944,5050168,ACCEPTED,,5050185,ok,34.241
bot-029,01a0b92b-1bea-7223-8d15-55791d329fc7,145,5016046,5050201,ACCEPTED,,5050217,ok,34.171
bot-029,01a0b92b-1beb-73e5-8645-6459b6b51798,146,5016066,5050233,ACCEPTED,,5050250,ok,34.184
bot-029,01a0b92b-1beb-73e5-8645-645aa75a57fc,147,5016082,5050265,ACCEPTED,,5050281,ok,34.199
bot-029,01a0b92b-1beb-73e5-8645-645bc00a8904,148,5016099,5050297,ACCEPTED,,5050314,ok,34.215
bot-029,01a0b92b-1beb-73e5-8645-645cabb0fed7,149,5016115,5050329,ACCEPTED,,5050346,ok,34.231
bot-029,01a0b92b-1beb-73e5-8645-645d200d7f2a,150,5016154,5050370,ACCEPTED,,5050388,ok,34.234
bot-029,01a0b92b-1beb-73e5-8645-645e4e94d39e,151,5016171,5050404,ACCEPTED,,5050421,ok,34.250
bot-029,01a0b92b-1beb-73e5-8645-645ffe089326,152,5016187,5050436,ACCEPTED,,5050452,ok,34.265
bot-029,01a0b92b-1beb-73e5-8645-6460c6ae439a,153,5016202,5050466,ACCEPTED,,5050477,ok,34.275
bot-029,01a0b92b-1beb-73e5-8645-64614eed16c0,154,5016217,5050486,ACCEPTED,,5050501,ok,34.284
bot-029,01a0b92b-1beb-73e5-8645-64628e85eeef,155,5016233,5050510,ACCEPTED,,5050522,ok,34.289
bot-029,01a0b92b-1beb-73e5-8645-646321fdf3f2,156,5016249,5050573,ACCEPTED,,5050603,ok,34.354
bot-029,01a0b92b-1beb-73e5-8645-6464357fb53e,157,5016264,5050671,ACCEPTED,,5050694,ok,34.430
bot-029,01a0b92b-1beb-73e5-8645-646553232c13,158,5016279,5050711,ACCEPTED,,5050724,ok,34.445
bot-029,01a0b92b-1beb-73e5-8645-6466c62d0669,159,5016296,5050738,ACCEPTED,,5050753,ok,34.457
bot-029,01a0b92b-1bfa-7379-8b40-6a158d83eede,160,5031653,5050817,ACCEPTED,,5050841,ok,19.188
bot-029,01a0b92b-1bfa-7379-8b40-6a1621330d0b,161,5031780,5050854,ACCEPTED,,5050872,ok,19.092
bot-029,01a0b92b-1bfa-7379-8b40-6a177e46a9bf,162,5031810,5050922,ACCEPTED,,5050940,ok,19.130
bot-029,01a0b92b-1bfa-7379-8b40-6a1869929664,163,5031837,5051246,ACCEPTED,,5051260,ok,19.423
bot-029,01a0b92b-1bfa-7379-8b40-6a198b094e6b,164,5031862,5051271,ACCEPTED,,5051284,ok,19.422
bot-029,01a0b92b-1bfa-7379-8b40-6a1a18b660a5,165,5031889,5051295,ACCEPTED,,5051306,ok,19.417
bot-029,01a0b92b-1bfa-7379-8b40-6a1bb5096b0b,166,5031918,5051317,ACCEPTED,,5051328,ok,19.410
bot-029,01a0b92b-1bfa-7379-8b40-6a1ce59af81e,167,5031944,5051339,ACCEPTED,,5051350,ok,19.406
bot-029,01a0b92b-1bfa-7379-8b40-6a1d3801ec76,168,5031969,5051361,ACCEPTED,,5051377,ok,19.408
bot-029,01a0b92b-1bfa-7379-8b40-6a1ebd113bc9,169,5031995,5051388,ACCEPTED,,5051401,ok,19.406
bot-029,01a0b92b-1bfa-7379-8b40-6a1fa48b2341,170,5032020,5051412,ACCEPTED,,5051424,ok,19.404
bot-029,01a0b92b-1bfa-7379-8b40-6a205933b97b,171,5032048,5051438,ACCEPTED,,5051451,ok,19.403
bot-029,01a0b92b-1bfb-7517-91a7-7045eddca0a7,172,5032071,5051462,ACCEPTED,,5051477,ok,19.406
bot-029,01a0b92b-1bfb-7517-91a7-70463bebb8b3,173,5032090,5051488,ACCEPTED,,5051524,ok,19.434
bot-029,01a0b92b-1bfb-7517-91a7-7047f7342822,174,5032109,5051536,ACCEPTED,,5051587,ok,19.478
bot-029,01a0b92b-1bfb-7517-91a7-704868425089,175,5032128,5051601,ACCEPTED,,5051629,ok,19.501
bot-029,01a0b92b-1c09-76c6-a230-7c151bd2b813,176,5046604,5051639,ACCEPTED,,5051652,ok,5.048
bot-029,01a0b92b-1c09-76c6-a230-7c1735d3c7ea,177,5046710,5051704,ACCEPTED,,5051722,ok,5.012
bot-029,01a0b92b-1c09-76c6-a230-7c182d4c119d,178,5046734,5051738,ACCEPTED,,5051752,ok,5.018
bot-029,01a0b92b-1c09-76c6-a230-7c19584532e9,179,5046754,5051767,ACCEPTED,,5051784,ok,5.030
bot-029,01a0b92b-1c09-76c6-a230-7c1ae62b735d,180,5046776,5051798,ACCEPTED,,5051849,ok,5.073
bot-029,01a0b92b-1c09-76c6-a230-7c1b9b06ef95,181,5046796,5051864,ACCEPTED,,5051879,ok,5.083
bot-029,01a0b92b-1c09-76c6-a230-7c1c515d944e,182,5046815,5051892,ACCEPTED,,5051906,ok,5.091
bot-029,01a0b92b-1c09-76c6-a230-7c1d42ea30ae,183,5046835,5051942,ACCEPTED,,5051958,ok,5.123
bot-029,01a0b92b-1c09-76c6-a230-7c1ec3b71e3e,184,5046853,5051997,ACCEPTED,,5052011,ok,5.158
bot-029,01a0b92b-1c09-76c6-a230-7c1fc5b24c02,185,5046871,5052024,ACCEPTED,,5052060,ok,5.189
bot-029,01a0b92b-1c09-76c6-a230-7c2071fa417c,186,5046909,5052075,ACCEPTED,,5052090,ok,5.181
bot-029,01a0b92b-1c09-76c6-a230-7c21ab5fe0c7,187,5046964,5052158,ACCEPTED,,5052181,ok,5.217
bot-029,01a0b92b-1c09-76c6-a230-7c22a7188ebd,188,5046978,5052193,ACCEPTED,,5052209,ok,5.231
bot-029,01a0b92b-1c09-76c6-a230-7c23756843cb,189,5046990,5052221,ACCEPTED,,5052236,ok,5.246
bot-029,01a0b92b-1c09-76c6-a230-7c24cb62a4f4,190,5047002,5052280,ACCEPTED,,5052295,ok,5.293
bot-029,01a0b92b-1c09-76c6-a230-7c25f635a686,191,5047014,5052307,ACCEPTED,,5052320,ok,5.306
bot-029,01a0b92b-1c0c-7159-841e-82c1407edd64,192,5049519,5098917,ACCEPTED,,5098969,ok,49.450
bot-029,01a0b92b-1c0c-7159-841e-82c207c66c50,193,5049567,5098985,ACCEPTED,,5099003,ok,49.436
bot-029,01a0b92b-1c0c-7159-841e-82c3ec75b612,194,5049596,5099015,ACCEPTED,,5099028,ok,49.432
bot-029,01a0b92b-1c0c-7159-841e-82c439c561dc,195,5049616,5099040,ACCEPTED,,5099054,ok,49.438
bot-029,01a0b92b-1c0c-7159-841e-82c58e943715,196,5049641,5099070,ACCEPTED,,5099084,ok,49.443
bot-029,01a0b92b-1c0c-7159-841e-82c60baefa03,197,5049667,5099097,ACCEPTED,,5099114,ok,49.447
bot-029,01a0b92b-1c0c-7159-841e-82c74ca766d3,198,5049693,5099127,ACCEPTED,,5099141,ok,49.448
bot-029,01a0b92b-1c0c-7159-841e-82c8f1c61a31,199,5049727,5099156,ACCEPTED,,5099170,ok,49.443
bot-029,01a0b92b-1c0c-7159-841e-82c904d123bc,200,5049746,5099184,ACCEPTED,,5099197,ok,49.451
bot-029,01a0b92b-1c0c-7159-841e-82ca6d0f8204,201,5049792,5099212,ACCEPTED,,5099226,ok,49.434
bot-029,01a0b92b-1c0c-7159-841e-82cb557e10ac,202,5049823,5099242,ACCEPTED,,5099257,ok,49.434
bot-029,01a0b92b-1c0c-7159-841e-82cc668a68b0,203,5049854,5099273,ACCEPTED,,5099286,ok,49.432
bot-029,01a0b92b-1c0c-7159-841e-82cdfdd22f30,204,5049881,5100028,ACCEPTED,,5100053,ok,50.172
bot-029,01a0b92b-1c0c-7159-841e-82ce48df546c,205,5049908,5100065,ACCEPTED,,5100078,ok,50.170
bot-029,01a0b92b-1c0c-7159-841e-82cf8eb7bac8,206,5049938,5100087,ACCEPTED,,5100098,ok,50.160
bot-029,01a0b92b-1c0c-7159-841e-82d069d3ff5d,207,5049987,5100106,ACCEPTED,,5100117,ok,50.130
bot-029,01a0b92b-1c19-7377-b627-58a89a3b241f,208,5062377,5100127,ACCEPTED,,5100138,ok,37.761
bot-029,01a0b92b-1c19-7377-b627-58a95c7dd122,209,5062470,5100148,ACCEPTED,,5100159,ok,37.689
bot-029,01a0b92b-1c19-7377-b627-58aa821eed2d,210,5062504,5100169,ACCEPTED,,5100180,ok,37.676
bot-029,01a0b92b-1c19-7377-b627-58ab00a94dcf,211,5062527,5100190,ACCEPTED,,5100201,ok,37.674
bot-029,01a0b92b-1c19-7377-b627-58ac130ccf39,212,5062548,5100212,ACCEPTED,,5100224,ok,37.676
bot-029,01a0b92b-1c19-7377-b627-58ad3d1d063f,213,5062570,5100232,ACCEPTED,,5100240,ok,37.670
bot-029,01a0b92b-1c19-7377-b627-58aeda6967ba,214,5062594,5100247,ACCEPTED,,5100256,ok,37.662
bot-029,01a0b92b-1c19-7377-b627-58af05ff38ab,215,5062618,5100263,ACCEPTED,,5100273,ok,37.655
bot-029,01a0b92b-1c19-7377-b627-58b030a02a4a,216,5062637,5100280,ACCEPTED,,5100288,ok,37.651
bot-029,01a0b92b-1c19-7377-b627-58b1717705b4,217,5062659,5100295,ACCEPTED,,5100304,ok,37.645
bot-029,01a0b92b-1c19-7377-b627-58b2b2c17f84,218,5062681,5100311,ACCEPTED,,5100319,ok,37.638
bot-029,01a0b92b-1c19-7377-b627-58b3fdbbdaff,219,5062701,5100326,ACCEPTED,,5100334,ok,37.633
bot-029,01a0b92b-1c19-7377-b627-58b4583b87ef,220,5062721,5100342,ACCEPTED,,5100350,ok,37.629
bot-029,01a0b92b-1c19-7377-b627-58b5abc7da45,221,5062741,5100357,ACCEPTED,,5100365,ok,37.624
bot-029,01a0b92b-1c19-7377-b627-58b6878bcc2a,222,5062761,5100372,ACCEPTED,,5100380,ok,37.619
bot-029,01a0b92b-1c19-7377-b627-58b7a0402193,223,5062816,5100387,ACCEPTED,,5108235,ok,45.419
bot-029,01a0b92b-1c28-73f8-b10d-75f5c8905488,224,5077216,5108263,ACCEPTED,,5108276,ok,31.060
bot-029,01a0b92b-1c28-73f8-b10d-75f657e9868b,225,5077357,5108284,ACCEPTED,,5108292,ok,30.935
bot-029,01a0b92b-1c28-73f8-b10d-75f7fa7668c2,226,5077387,5108300,ACCEPTED,,5108308,ok,30.921
bot-029,01a0b92b-1c28-73f8-b10d-75f8178ef5ed,227,5077409,5108316,ACCEPTED,,5108324,ok,30.915
bot-029,01a0b92b-1c28-73f8-b10d-75f99ce0ff23,228,5077428,5108331,ACCEPTED,,5108339,ok,30.911
bot-029,01a0b92b-1c28-73f8-b10d-75fa0ef26b33,229,5077452,5108347,ACCEPTED,,5108355,ok,30.903
bot-029,01a0b92b-1c28-73f8-b10d-75fb2874c12c,230,5077481,5108362,ACCEPTED,,5108370,ok,30.889
bot-029,01a0b92b-1c28-73f8-b10d-75fcb0b9c389,231,5077505,5108377,ACCEPTED,,5108385,ok,30.880
bot-029,01a0b92b-1c28-73f8-b10d-75fda3c7af1b,232,5077525,5108392,ACCEPTED,,5108400,ok,30.875
bot-029,01a0b92b-1c28-73f8-b10d-75fef35e8616,233,5077545,5108408,ACCEPTED,,5108415,ok,30.870
bot-029,01a0b92b-1c28-73f8-b10d-75ff6b574c2b,234,5077567,5108423,ACCEPTED,,5108431,ok,30.864
bot-029,01a0b92b-1c28-73f8-b10d-76001aa60c07,235,5077591,5108474,ACCEPTED,,5108491,ok,30.900
bot-029,01a0b92b-1c28-73f8-b10d-760126f9b6c7,236,5077616,5108504,ACCEPTED,,5108517,ok,30.901
bot-029,01a0b92b-1c28-73f8-b10d-760215e89d72,237,5077631,5108529,ACCEPTED,,5108542,ok,30.911
bot-029,01a0b92b-1c28-73f8-b10d-76033c40ce2c,238,5077670,5108553,ACCEPTED,,5108566,ok,30.896
bot-029,01a0b92b-1c28-73f8-b10d-76046afbb0b9,239,5077722,5108578,ACCEPTED,,5108591,ok,30.869
bot-029,01a0b92b-1c37-76f2-bdda-846b02582847,240,5092951,5108602,ACCEPTED,,5108616,ok,15.665
bot-029,01a0b92b-1c38-7422-91f6-6b86f368623c,241,5093052,5108627,ACCEPTED,,5108640,ok,15.588
bot-029,01a0b92b-1c38-7422-91f6-6b8742786e6b,242,5093071,5108651,ACCEPTED,,5108666,ok,15.595
bot-029,01a0b92b-1c38-7422-91f6-6b881797922f,243,5093090,5108677,ACCEPTED,,5108690,ok,15.600
bot-029,01a0b92b-1c38-7422-91f6-6b89aacde41e,244,5093105,5108701,ACCEPTED,,5108713,ok,15.608
bot-029,01a0b92b-1c38-7422-91f6-6b8a37e91195,245,5093121,5108725,ACCEPTED,,5108738,ok,15.617
bot-029,01a0b92b-1c38-7422-91f6-6b8b69a165f6,246,5093137,5108749,ACCEPTED,,5108761,ok,15.624
bot-029,01a0b92b-1c38-7422-91f6-6b8c1c760da8,247,5093152,5108773,ACCEPTED,,5108786,ok,15.634
bot-029,01a0b92b-1c38-7422-91f6-6b8dc34cc64b,248,5093166,5108797,ACCEPTED,,5108810,ok,15.644
bot-029,01a0b92b-1c38-7422-91f6-6b8e6b98bb94,249,5093181,5108821,ACCEPTED,,5108834,ok,15.653
bot-029,01a0b92b-1c38-7422-91f6-6b8ff4c6a4cb,250,5093197,5108845,ACCEPTED,,5108857,ok,15.660
bot-029,01a0b92b-1c38-7422-91f6-6b90cf7f699f,251,5093212,5108867,ACCEPTED,,5108879,ok,15.667
bot-029,01a0b92b-1c38-7422-91f6-6b915addb379,252,5093227,5108890,ACCEPTED,,5108902,ok,15.675
bot-029,01a0b92b-1c38-7422-91f6-6b92391f265a,253,5093244,5108912,ACCEPTED,,5108924,ok,15.680
bot-029,01a0b92b-1c38-7422-91f6-6b934bad3705,254,5093259,5108935,ACCEPTED,,5108948,ok,15.689
bot-029,01a0b92b-1c38-7422-91f6-6b9487219ef1,255,5093324,5108959,ACCEPTED,,5108972,ok,15.648
bot-029,01a0b92b-1c3e-74c2-bbbc-84005e6e4f69,256,5099321,5149280,ACCEPTED,,5149327,ok,50.006
bot-029,01a0b92b-1c3e-74c2-bbbc-8401bd2f1b3c,257,5099407,5149352,ACCEPTED,,5149371,ok,49.964
bot-029,01a0b92b-1c3e-74c2-bbbc-840227f9a49e,258,5099445,5149385,ACCEPTED,,5149406,ok,49.961
bot-029,01a0b92b-1c3e-74c2-bbbc-84036755707c,259,5099490,5149420,ACCEPTED,,5149440,ok,49.950
bot-029,01a0b92b-1c3e-74c2-bbbc-840435bd94ac,260,5099545,5149457,ACCEPTED,,5149476,ok,49.931
bot-029,01a0b92b-1c3e-74c2-bbbc-84052c08611d,261,5099577,5149966,ACCEPTED,,5149987,ok,50.410
bot-029,01a0b92b-1c3e-74c2-bbbc-8406d36780b6,262,5099598,5149998,ACCEPTED,,5150009,ok,50.411
bot-029,01a0b92b-1c3e-74c2-bbbc-8407950afb6c,263,5099613,5150019,ACCEPTED,,5150030,ok,50.417
bot-029,01a0b92b-1c3e-74c2-bbbc-8408b07ecf51,264,5099633,5150039,ACCEPTED,,5150049,ok,50.416
bot-029,01a0b92b-1c3e-74c2-bbbc-84090b91731a,265,5099666,5150058,ACCEPTED,,5150068,ok,50.402
bot-029,01a0b92b-1c3e-74c2-bbbc-840a45ed8d6f,266,5099709,5150077,ACCEPTED,,5150088,ok,50.379
bot-029,01a0b92b-1c3e-74c2-bbbc-840bbc35c4b6,267,5099741,5150097,ACCEPTED,,5150108,ok,50.367
bot-029,01a0b92b-1c3e-74c2-bbbc-840c94b0de53,268,5099772,5150117,ACCEPTED,,5150130,ok,50.358
bot-029,01a0b92b-1c3e-74c2-bbbc-840d01025998,269,5099808,5150139,ACCEPTED,,5150150,ok,50.342
bot-029,01a0b92b-1c3e-74c2-bbbc-840e8a19d9a6,270,5099839,5150159,ACCEPTED,,5150169,ok,50.330
bot-029,01a0b92b-1c3e-74c2-bbbc-840f969688bf,271,5099911,5150178,ACCEPTED,,5150190,ok,50.279
bot-029,01a0b92b-1c46-7383-9878-7a0172991957,272,5107767,5150201,ACCEPTED,,5150265,ok,42.498
bot-029,01a0b92b-1c46-7383-9878-7a022df1a3b3,273,5107891,5150284,ACCEPTED,,5150299,ok,42.408
bot-029,01a0b92b-1c46-7383-9878-7a03c764a9d6,274,5107992,5150350,ACCEPTED,,5150365,ok,42.373
bot-029,01a0b92b-1c46-7383-9878-7a044f8ab670,275,5108008,5150411,ACCEPTED,,5150425,ok,42.417
bot-029,01a0b92b-1c46-7383-9878-7a0597979527,276,5108020,5150463,ACCEPTED,,5150500,ok,42.480
bot-029,01a0b92b-1c46-7383-9878-7a06255facac,277,5108033,5150534,ACCEPTED,,5150569,ok,42.536
bot-029,01a0b92b-1c47-7776-bb17-7228cc8230ea,278,5108048,5150603,ACCEPTED,,5150616,ok,42.568
bot-029,01a0b92b-1c47-7776-bb17-72293588a488,279,5108060,5150650,ACCEPTED,,5150662,ok,42.602
bot-029,01a0b92b-1c47-7776-bb17-722a3c75bf62,280,5108072,5150677,ACCEPTED,,5150690,ok,42.618
bot-029,01a0b92b-1c47-7776-bb17-722b005d8c23,281,5108084,5150725,ACCEPTED,,5150737,ok,42.653
bot-029,01a0b92b-1c47-7776-bb17-722c26aee214,282,5108096,5150748,ACCEPTED,,5150777,ok,42.681
bot-029,01a0b92b-1c47-7776-bb17-722d8e8399b7,283,5108108,5150787,ACCEPTED,,5150798,ok,42.690
bot-029,01a0b92b-1c47-7776-bb17-722e28ea6b71,284,5108119,5150807,ACCEPTED,,5150818,ok,42.699
bot-029,01a0b92b-1c47-7776-bb17-722f250bc501,285,5108135,5150846,ACCEPTED,,5150858,ok,42.723
bot-029,01a0b92b-1c47-7776-bb17-7230d6003d85,286,5108147,5150868,ACCEPTED,,5150878,ok,42.731
bot-029,01a0b92b-1c47-7776-bb17-7231e12cdad3,287,5108177,5150907,ACCEPTED,,5150921,ok,42.744
bot-029,01a0b92b-1c56-70ec-855d-b8c9b5e906b3,288,5123976,5150938,ACCEPTED,,5151156,ok,27.180
bot-029,01a0b92b-1c57-75ad-b5a6-7a4c0fb82d6c,289,5124081,5151181,ACCEPTED,,5151199,ok,27.118
bot-029,01a0b92b-1c57-75ad-b5a6-7a4d96143557,290,5124128,5151214,ACCEPTED,,5151230,ok,27.102
bot-029,01a0b92b-1c57-75ad-b5a6-7a4e4e7fd30f,291,5124148,5151241,ACCEPTED,,5151256,ok,27.108
bot-029,01a0b92b-1c57-75ad-b5a6-7a4f37080cd8,292,5124172,5151269,ACCEPTED,,5151284,ok,27.112
bot-029,01a0b92b-1c57-75ad-b5a6-7a507c2f0c1a,293,5124189,5151298,ACCEPTED,,5151313,ok,27.124
bot-029,01a0b92b-1c57-75ad-b5a6-7a5179eb6dd7,294,5124206,5151327,ACCEPTED,,5151340,ok,27.134
bot-029,01a0b92b-1c57-75ad-b5a6-7a524a7b716c,295,5124223,5151383,ACCEPTED,,5151397,ok,27.174
bot-029,01a0b92b-1c57-75ad-b5a6-7a534dbcc429,296,5124239,5151405,ACCEPTED,,5151416,ok,27.177
bot-029,01a0b92b-1c57-75ad-b5a6-7a543b750d5c,297,5124261,5151424,ACCEPTED,,5151434,ok,27.173
bot-029,01a0b92b-1c57-75ad-b5a6-7a552a66a8bb,298,5124283,5151441,ACCEPTED,,5151451,ok,27.168
bot-029,01a0b92b-1c57-75ad-b5a6-7a56c51dbef9,299,5124307,5151461,ACCEPTED,,5151493,ok,27.186
bot-029,01a0b92b-1c57-75ad-b5a6-7a57f59d2c26,300,5124329,5151502,ACCEPTED,,5151513,ok,27.184
bot-029,01a0b92b-1c57-75ad-b5a6-7a581559883f,301,5124350,5151523,ACCEPTED,,5151533,ok,27.183
bot-029,01a0b92b-1c57-75ad-b5a6-7a592e41c434,302,5124372,5151543,ACCEPTED,,5151573,ok,27.201
bot-029,01a0b92b-1c57-75ad-b5a6-7a5a0969c345,303,5124394,5151582,ACCEPTED,,5151593,ok,27.199
bot-029,01a0b92b-1c66-7556-a0be-f0c723e659ff,304,5139549,5151602,ACCEPTED,,5151613,ok,12.064
bot-029,01a0b92b-1c66-7556-a0be-f0c8ec03f4a7,305,5139659,5151641,ACCEPTED,,5151651,ok,11.992
bot-029,01a0b92b-1c66-7556-a0be-f0c9c5039b60,306,5139689,5151661,ACCEPTED,,5151671,ok,11.982
bot-029,01a0b92b-1c66-7556-a0be-f0caa7ada74b,307,5139712,5151700,ACCEPTED,,5151710,ok,11.998
bot-029,01a0b92b-1c66-7556-a0be-f0cb5f8a74c8,308,5139734,5151720,ACCEPTED,,5151730,ok,11.996
bot-029,01a0b92b-1c66-7556-a0be-f0cc867d7973,309,5139755,5151740,ACCEPTED,,5151750,ok,11.995
bot-029,01a0b92b-1c66-7556-a0be-f0cd8641ee35,310,5139777,5151779,ACCEPTED,,5151791,ok,12.014
bot-029,01a0b92b-1c66-7556-a0be-f0cedd807202,311,5139800,5151801,ACCEPTED,,5151812,ok,12.012
bot-029,01a0b92b-1c66-7556-a0be-f0cf0ec21f55,312,5139827,5151821,ACCEPTED,,5151852,ok,12.025
bot-029,01a0b92b-1c66-7556-a0be-f0d0b136584f,313,5139858,5151861,ACCEPTED,,5151872,ok,12.014
bot-029,01a0b92b-1c66-7556-a0be-f0d136747cac,314,5139886,5151881,ACCEPTED,,5151892,ok,12.006
bot-029,01a0b92b-1c66-7556-a0be-f0d20b6fb89b,315,5139913,5151920,ACCEPTED,,5151929,ok,12.016
bot-029,01a0b92b-1c66-7556-a0be-f0d3bb9c7f1f,316,5139942,5151939,ACCEPTED,,5151950,ok,12.008
bot-029,01a0b92b-1c66-7556-a0be-f0d4593b8a36,317,5139970,5151959,ACCEPTED,,5151989,ok,12.019
bot-029,01a0b92b-1c66-7556-a0be-f0d56901d78b,318,5139999,5152010,ACCEPTED,,5152032,ok,12.033
bot-029,01a0b92b-1c67-70f9-a070-6da89766cece,319,5140054,5152041,ACCEPTED,,5152049,ok,11.995
bot-029,01a0b92b-1c70-7383-a973-7223e52c677b,320,5149517,5199079,ACCEPTED,,5199129,ok,49.612
bot-029,01a0b92b-1c70-7383-a973-72240b30f682,321,5149580,5199151,ACCEPTED,,5199173,ok,49.593
bot-029,01a0b92b-1c70-7383-a973-722597d21f7c,322,5149611,5199197,ACCEPTED,,5199211,ok,49.600
bot-029,01a0b92b-1c70-7383-a973-72261e4c6003,323,5149629,5199223,ACCEPTED,,5199236,ok,49.607
bot-029,01a0b92b-1c70-7383-a973-722741902559,324,5149641,5199248,ACCEPTED,,5199262,ok,49.621
bot-029,01a0b92b-1c70-7383-a973-72287a5c4aa6,325,5149651,5199285,ACCEPTED,,5199300,ok,49.649
bot-029,01a0b92b-1c70-7383-a973-7229b2301f4d,326,5149667,5199316,ACCEPTED,,5199329,ok,49.662
bot-029,01a0b92b-1c70-7383-a973-722ae16efa91,327,5149749,5199344,ACCEPTED,,5199359,ok,49.610
bot-029,01a0b92b-1c70-7383-a973-722b17223a8d,328,5149773,5199829,ACCEPTED,,5199844,ok,50.071
bot-029,01a0b92b-1c70-7383-a973-722c8848dd6e,329,5149792,5199853,ACCEPTED,,5199862,ok,50.070
bot-029,01a0b92b-1c70-7383-a973-722d94715a38,330,5149808,5199870,ACCEPTED,,5199878,ok,50.070
bot-029,01a0b92b-1c70-7383-a973-722efeb21349,331,5149831,5199886,ACCEPTED,,5199894,ok,50.063
bot-029,01a0b92b-1c70-7383-a973-722f227f880e,332,5149854,5199902,ACCEPTED,,5199910,ok,50.056
bot-029,01a0b92b-1c70-7383-a973-723040c56e18,333,5149883,5199918,ACCEPTED,,5199926,ok,50.043
bot-029,01a0b92b-1c70-7383-a973-7231c9ce2d90,334,5149922,5199934,ACCEPTED,,5199942,ok,50.020
bot-029,01a0b92b-1c70-7383-a973-7232d0728207,335,5149939,5199950,ACCEPTED,,5199958,ok,50.019
bot-029,01a0b92b-1c75-7193-b869-466a136d0373,336,5154518,5199965,ACCEPTED,,5199974,ok,45.456
bot-029,01a0b92b-1c75-7193-b869-466b346f8c9c,337,5154574,5199981,ACCEPTED,,5199990,ok,45.416
bot-029,01a0b92b-1c75-7193-b869-466c9e323185,338,5154603,5199997,ACCEPTED,,5200006,ok,45.403
bot-029,01a0b92b-1c75-7193-b869-466de45b254f,339,5154629,5200013,ACCEPTED,,5200027,ok,45.398
bot-029,01a0b92b-1c75-7193-b869-466e4e99f575,340,5154656,5200035,ACCEPTED,,5200044,ok,45.388
bot-029,01a0b92b-1c75-7193-b869-466fb16cb0ae,341,5154699,5200051,ACCEPTED,,5200060,ok,45.361
bot-029,01a0b92b-1c75-7193-b869-467077928f46,342,5154718,5200068,ACCEPTED,,5200076,ok,45.358
bot-029,01a0b92b-1c75-7193-b869-467126dddc20,343,5154733,5200084,ACCEPTED,,5200094,ok,45.361
bot-029,01a0b92b-1c75-7193-b869-467211e3da94,344,5154753,5200102,ACCEPTED,,5200110,ok,45.357
bot-029,01a0b92b-1c75-7193-b869-4673c7257689,345,5154774,5200117,ACCEPTED,,5200126,ok,45.352
bot-029,01a0b92b-1c75-7193-b869-46748ad22404,346,5154799,5200136,ACCEPTED,,5200145,ok,45.346
bot-029,01a0b92b-1c75-7193-b869-4675daea3b49,347,5154815,5200153,ACCEPTED,,5200161,ok,45.346
bot-029,01a0b92b-1c75-7193-b869-4676df85a2b7,348,5154835,5200168,ACCEPTED,,5200177,ok,45.342
bot-029,01a0b92b-1c75-7193-b869-46774c235868,349,5154860,5200184,ACCEPTED,,5200192,ok,45.332
bot-029,01a0b92b-1c75-7193-b869-4678ec82ff16,350,5154910,5200202,ACCEPTED,,5200211,ok,45.301
bot-029,01a0b92b-1c75-7193-b869-4679f69c19b0,351,5154935,5200218,ACCEPTED,,5200227,ok,45.292
bot-029,01a0b92b-1c84-77ab-9332-f5117a24a382,352,5169589,5200236,ACCEPTED,,5200338,ok,30.749
bot-029,01a0b92b-1c84-77ab-9332-f513c80465e5,353,5169692,5200370,ACCEPTED,,5200390,ok,30.698
bot-029,01a0b92b-1c84-77ab-9332-f51455834637,354,5169738,5200409,ACCEPTED,,5200426,ok,30.688
bot-029,01a0b92b-1c84-77ab-9332-f51586511ed9,355,5169764,5200440,ACCEPTED,,5200459,ok,30.695
bot-029,01a0b92b-1c84-77ab-9332-f516b6474beb,356,5169782,5200477,ACCEPTED,,5200496,ok,30.714
bot-029,01a0b92b-1c84-77ab-9332-f5171765e773,357,5169798,5200555,ACCEPTED,,5200582,ok,30.784
bot-029,01a0b92b-1c84-77ab-9332-f51885f18037,358,5169815,5200601,ACCEPTED,,5200621,ok,30.806
bot-029,01a0b92b-1c84-77ab-9332-f519b2814150,359,5169837,5200687,ACCEPTED,,5200708,ok,30.871
bot-029,01a0b92b-1c84-77ab-9332-f51a92725d57,360,5169860,5200728,ACCEPTED,,5200747,ok,30.887
bot-029,01a0b92b-1c84-77ab-9332-f51b40d065c7,361,5169882,5200839,ACCEPTED,,5200898,ok,31.016
bot-029,01a0b92b-1c84-77ab-9332-f51c6251d473,362,5169906,5200919,ACCEPTED,,5200955,ok,31.049
bot-029,01a0b92b-1c84-77ab-9332-f51d13ba5a42,363,5169929,5200968,ACCEPTED,,5200998,ok,31.069
bot-029,01a0b92b-1c84-77ab-9332-f51ec238bb00,364,5169951,5201011,ACCEPTED,,5201055,ok,31.104
bot-029,01a0b92b-1c84-77ab-9332-f51fd46621be,365,5169974,5201067,ACCEPTED,,5201079,ok,31.105
bot-029,01a0b92b-1c84-77ab-9332-f520d37243e4,366,5170022,5201110,ACCEPTED,,5201124,ok,31.102
bot-029,01a0b92b-1c85-7673-b4b3-1c156b05e4de,367,5170057,5201140,ACCEPTED,,5201173,ok,31.116
bot-029,01a0b92b-1c93-75d5-a059-1cfda27f9ac9,368,5184817,5201185,ACCEPTED,,5201222,ok,16.405
bot-029,01a0b92b-1c93-75d5-a059-1cffc805237c,369,5184931,5201234,ACCEPTED,,5201264,ok,16.333
bot-029,01a0b92b-1c93-75d5-a059-1d00d038315b,370,5184983,5201276,ACCEPTED,,5201306,ok,16.323
bot-029,01a0b92b-1c93-75d5-a059-1d01d6dbc477,371,5185010,5201317,ACCEPTED,,5201346,ok,16.336
bot-029,01a0b92b-1c93-75d5-a059-1d021e88e598,372,5185033,5201358,ACCEPTED,,5201387,ok,16.354
bot-029,01a0b92b-1c94-7015-86d6-eed7a4d0b918,373,5185050,5201398,ACCEPTED,,5201427,ok,16.377
bot-029,01a0b92b-1c94-7015-86d6-eed8a2b1cdd7,374,5185065,5201456,ACCEPTED,,5201468,ok,16.403
bot-029,01a0b92b-1c94-7015-86d6-eed9b4cbd4cc,375,5185080,5201496,ACCEPTED,,5201509,ok,16.429
bot-029,01a0b92b-1c94-7015-86d6-eeda5d83206a,376,5185101,5201544,ACCEPTED,,5201557,ok,16.456
bot-029,01a0b92b-1c94-7015-86d6-eedbb8803cd1,377,5185127,5201587,ACCEPTED,,5201599,ok,16.472
bot-029,01a0b92b-1c94-7015-86d6-eedca3a56f33,378,5185154,5201627,ACCEPTED,,5201640,ok,16.486
bot-029,01a0b92b-1c94-7015-86d6-eeddd4b1a742,379,5185192,5201668,ACCEPTED,,5201697,ok,16.505
bot-029,01a0b92b-1c94-7015-86d6-eede3180e942,380,5185209,5201709,ACCEPTED,,5201738,ok,16.529
bot-029,01a0b92b-1c94-7015-86d6-eedf42426466,381,5185228,5201749,ACCEPTED,,5201778,ok,16.550
bot-029,01a0b92b-1c94-7015-86d6-eee0776207bd,382,5185278,5201807,ACCEPTED,,5201819,ok,16.541
bot-029,01a0b92b-1c94-7015-86d6-eee1f8ff5e5c,383,5185318,5201857,ACCEPTED,,5201869,ok,16.551
bot-029,01a0b92b-1ca2-721a-aa80-db486af2dac2,384,5199401,5248980,ACCEPTED,,5249026,ok,49.625
bot-029,01a0b92b-1ca2-721a-aa80-db4964b1b67d,385,5199458,5249049,ACCEPTED,,5249068,ok,49.610
bot-029,01a0b92b-1ca2-721a-aa80-db4aa940a74e,386,5199481,5249083,ACCEPTED,,5249104,ok,49.623
bot-029,01a0b92b-1ca2-721a-aa80-db4bbc77de49,387,5199500,5249118,ACCEPTED,,5249139,ok,49.639
bot-029,01a0b92b-1ca2-721a-aa80-db4c4fc4adf0,388,5199522,5249162,ACCEPTED,,5249177,ok,49.655
bot-029,01a0b92b-1ca2-721a-aa80-db4dec5356a2,389,5199542,5249243,ACCEPTED,,5249273,ok,49.731
bot-029,01a0b92b-1ca2-721a-aa80-db4e34234524,390,5199567,5249293,ACCEPTED,,5249310,ok,49.743
bot-029,01a0b92b-1ca2-721a-aa80-db4f54225b9b,391,5199587,5249328,ACCEPTED,,5249349,ok,49.762
bot-029,01a0b92b-1ca2-721a-aa80-db50a038cb39,392,5199614,5249366,ACCEPTED,,5249425,ok,49.811
bot-029,01a0b92b-1ca2-721a-aa80-db51e5a8a459,393,5199635,5249445,ACCEPTED,,5249465,ok,49.830
bot-029,01a0b92b-1ca2-721a-aa80-db5283c91d7c,394,5199661,5249482,ACCEPTED,,5249959,ok,50.298
bot-029,01a0b92b-1ca2-721a-aa80-db5338a865b7,395,5199687,5249981,ACCEPTED,,5249998,ok,50.311
bot-029,01a0b92b-1ca2-721a-aa80-db541755016e,396,5199706,5250011,ACCEPTED,,5250025,ok,50.319
bot-029,01a0b92b-1ca2-721a-aa80-db5598fb26e1,397,5199733,5250038,ACCEPTED,,5250051,ok,50.318
bot-029,01a0b92b-1ca2-721a-aa80-db569c30b5d0,398,5199770,5250064,ACCEPTED,,5250077,ok,50.307
bot-029,01a0b92b-1ca2-721a-aa80-db576a9ca2c9,399,5199808,5250095,ACCEPTED,,5250110,ok,50.302
bot-029,01a0b92b-1cb2-7419-9922-aa41042be272,400,5216015,5250122,ACCEPTED,,5250136,ok,34.121
bot-029,01a0b92b-1cb3-774e-aa23-03411a92f755,401,5216111,5250148,ACCEPTED,,5250167,ok,34.056
bot-029,01a0b92b-1cb3-774e-aa23-0342061ad1a1,402,5216169,5250180,ACCEPTED,,5250194,ok,34.025
bot-029,01a0b92b-1cb3-774e-aa23-03432e43e02b,403,5216201,5250210,ACCEPTED,,5250228,ok,34.027
bot-029,01a0b92b-1cb3-774e-aa23-0344b9d3363e,404,5216270,5250297,ACCEPTED,,5250319,ok,34.049
bot-029,01a0b92b-1cb3-774e-aa23-0345f1cabe12,405,5216305,5250338,ACCEPTED,,5250352,ok,34.047
bot-029,01a0b92b-1cb3-774e-aa23-0346d960c8ca,406,5216332,5250369,ACCEPTED,,5250425,ok,34.093
bot-029,01a0b92b-1cb3-774e-aa23-03479ac62e69,407,5216371,5250444,ACCEPTED,,5250464,ok,34.093
bot-029,01a0b92b-1cb3-774e-aa23-03483d288558,408,5216407,5250519,ACCEPTED,,5250558,ok,34.151
bot-029,01a0b92b-1cb3-774e-aa23-03495c58dace,409,5216444,5250579,ACCEPTED,,5250594,ok,34.150
bot-029,01a0b92b-1cb3-774e-aa23-034ad628233e,410,5216471,5250611,ACCEPTED,,5250667,ok,34.196
bot-029,01a0b92b-1cb3-774e-aa23-034bf981362d,411,5216498,5250690,ACCEPTED,,5250710,ok,34.212
bot-029,01a0b92b-1cb3-774e-aa23-034cf644c154,412,5216524,5250726,ACCEPTED,,5250780,ok,34.256
bot-029,01a0b92b-1cb3-774e-aa23-034daa6cf862,413,5216550,5250803,ACCEPTED,,5250835,ok,34.285
bot-029,01a0b92b-1cb3-774e-aa23-034e01a477dc,414,5216596,5250894,ACCEPTED,,5250919,ok,34.323
bot-029,01a0b92b-1cb3-774e-aa23-034f0627911e,415,5216624,5250936,ACCEPTED,,5250991,ok,34.367
bot-029,01a0b92b-1cc2-74f7-b4c6-a81d328d5496,416,5231256,5251014,ACCEPTED,,5251033,ok,19.777
bot-029,01a0b92b-1cc2-74f7-b4c6-a81e3b6f2e00,417,5231346,5251340,ACCEPTED,,5251364,ok,20.018
bot-029,01a0b92b-1cc2-74f7-b4c6-a81f3327767d,418,5231369,5251379,ACCEPTED,,5251394,ok,20.025
bot-029,01a0b92b-1cc2-74f7-b4c6-a820e97ad649,419,5231385,5251407,ACCEPTED,,5251421,ok,20.036
bot-029,01a0b92b-1cc2-74f7-b4c6-a821ef72ce4e,420,5231408,5251433,ACCEPTED,,5251448,ok,20.040
bot-029,01a0b92b-1cc2-74f7-b4c6-a822e6c61282,421,5231434,5251460,ACCEPTED,,5251474,ok,20.040
bot-029,01a0b92b-1cc2-74f7-b4c6-a82303008f41,422,5231457,5251486,ACCEPTED,,5251500,ok,20.043
bot-029,01a0b92b-1cc2-74f7-b4c6-a824ee9598aa,423,5231476,5251517,ACCEPTED,,5251532,ok,20.056
bot-029,01a0b92b-1cc2-74f7-b4c6-a825cd523aa6,424,5231493,5251545,ACCEPTED,,5251559,ok,20.066
bot-029,01a0b92b-1cc2-74f7-b4c6-a82683ba12ec,425,5231518,5251571,ACCEPTED,,5251589,ok,20.071
bot-029,01a0b92b-1cc2-74f7-b4c6-a82792df3ba0,426,5231544,5251603,ACCEPTED,,5251616,ok,20.072
bot-029,01a0b92b-1cc2-74f7-b4c6-a82822a68c5a,427,5231561,5251633,ACCEPTED,,5251647,ok,20.086
bot-029,01a0b92b-1cc2-74f7-b4c6-a82916c348c3,428,5231576,5251704,ACCEPTED,,5251729,ok,20.153
bot-029,01a0b92b-1cc2-74f7-b4c6-a82af5dcc73e,429,5231591,5251746,ACCEPTED,,5251800,ok,20.209
bot-029,01a0b92b-1cc2-74f7-b4c6-a82bf21d9b1e,430,5231628,5251823,ACCEPTED,,5251842,ok,20.214
bot-029,01a0b92b-1cc2-74f7-b4c6-a82c1602144c,431,5231644,5251895,ACCEPTED,,5251919,ok,20.275
bot-029,01a0b92b-1cd1-718a-b90d-bc0f8b6ced77,432,5246226,5251937,ACCEPTED,,5251992,ok,5.766
bot-029,01a0b92b-1cd1-718a-b90d-bc10df0244e7,433,5246314,5252012,ACCEPTED,,5252031,ok,5.717
bot-029,01a0b92b-1cd1-718a-b90d-bc1129316f24,434,5246340,5252085,ACCEPTED,,5252106,ok,5.766
bot-029,01a0b92b-1cd1-718a-b90d-bc12b84131d4,435,5246364,5252123,ACCEPTED,,5252141,ok,5.777
bot-029,01a0b92b-1cd1-718a-b90d-bc13760b1fe2,436,5246389,5252193,ACCEPTED,,5252217,ok,5.828
bot-029,01a0b92b-1cd1-718a-b90d-bc14eab4ff18,437,5246412,5252235,ACCEPTED,,5252288,ok,5.876
bot-029,01a0b92b-1cd1-718a-b90d-bc15a4c684c4,438,5246434,5252311,ACCEPTED,,5252330,ok,5.896
bot-029,01a0b92b-1cd1-718a-b90d-bc163aa43ee0,439,5246460,5252383,ACCEPTED,,5252408,ok,5.948
bot-029,01a0b92b-1cd1-718a-b90d-bc175882c406,440,5246486,5252902,ACCEPTED,,5252925,ok,6.439
bot-029,01a0b92b-1cd1-718a-b90d-bc18549e276a,441,5246507,5252939,ACCEPTED,,5252953,ok,6.446
bot-029,01a0b92b-1cd1-718a-b90d-bc19ec3805a7,442,5246522,5252965,ACCEPTED,,5252979,ok,6.457
bot-029,01a0b92b-1cd1-718a-b90d-bc1a02e97806,443,5246540,5252991,ACCEPTED,,5253005,ok,6.465
bot-029,01a0b92b-1cd1-718a-b90d-bc1b09ea3b35,444,5246563,5253018,ACCEPTED,,5253031,ok,6.468
bot-029,01a0b92b-1cd1-718a-b90d-bc1cfc132fbc,445,5246578,5253043,ACCEPTED,,5253058,ok,6.480
bot-029,01a0b92b-1cd1-718a-b90d-bc1d0d7b0743,446,5246662,5253070,ACCEPTED,,5253084,ok,6.422
bot-029,01a0b92b-1cd1-718a-b90d-bc1e0f76fbf4,447,5246695,5253097,ACCEPTED,,5253111,ok,6.416
bot-029,01a0b92b-1cd4-775e-8134-1ab15885c455,448,5249514,5298904,ACCEPTED,,5298950,ok,49.436
bot-029,01a0b92b-1cd4-775e-8134-1ab28adad549,449,5249557,5298985,ACCEPTED,,5299012,ok,49.455
bot-029,01a0b92b-1cd4-775e-8134-1ab316be73fe,450,5249579,5299032,ACCEPTED,,5299049,ok,49.470
bot-029,01a0b92b-1cd4-775e-8134-1ab42974eb9d,451,5249599,5299068,ACCEPTED,,5299083,ok,49.484
bot-029,01a0b92b-1cd4-775e-8134-1ab521e8d8b5,452,5249620,5299095,ACCEPTED,,5299107,ok,49.487
bot-029,01a0b92b-1cd4-775e-8134-1ab6881174d6,453,5249654,5299604,ACCEPTED,,5299635,ok,49.981
bot-029,01a0b92b-1cd4-775e-8134-1ab795b16287,454,5249676,5299654,ACCEPTED,,5299669,ok,49.993
bot-029,01a0b92b-1cd4-775e-8134-1ab8e6a4306d,455,5249690,5299679,ACCEPTED,,5299689,ok,49.999
bot-029,01a0b92b-1cd4-775e-8134-1ab9bbaaf526,456,5249711,5299702,ACCEPTED,,5299718,ok,50.007
bot-029,01a0b92b-1cd4-775e-8134-1aba39a5e59d,457,5249734,5299733,ACCEPTED,,5299748,ok,50.014
bot-029,01a0b92b-1cd4-775e-8134-1abb178ccdea,458,5249778,5299763,ACCEPTED,,5299779,ok,50.001
bot-029,01a0b92b-1cd4-775e-8134-1abc5ae41116,459,5249802,5299793,ACCEPTED,,5299817,ok,50.015
bot-029,01a0b92b-1cd4-775e-8134-1abd3fac0c2a,460,5249828,5299828,ACCEPTED,,5299850,ok,50.022
bot-029,01a0b92b-1cd4-775e-8134-1abe1275e82c,461,5249849,5299871,ACCEPTED,,5299888,ok,50.039
bot-029,01a0b92b-1cd4-775e-8134-1abf923c66c1,462,5249869,5299901,ACCEPTED,,5299924,ok,50.055
bot-029,01a0b92b-1cd4-775e-8134-1ac02db0dced,463,5249883,5299938,ACCEPTED,,5299953,ok,50.070
bot-029,01a0b92b-1cd7-73a6-9416-ad76f43d766a,464,5252440,5299966,ACCEPTED,,5299981,ok,47.541
bot-029,01a0b92b-1cd7-73a6-9416-ad77bf13aa64,465,5252470,5299997,ACCEPTED,,5300015,ok,47.545
bot-029,01a0b92b-1cd7-73a6-9416-ad78fed0584e,466,5252491,5300026,ACCEPTED,,5300042,ok,47.551
bot-029,01a0b92b-1cd7-73a6-9416-ad79d7394bc8,467,5252513,5300054,ACCEPTED,,5300067,ok,47.554
bot-029,01a0b92b-1cd7-73a6-9416-ad7a6b3bc077,468,5252534,5300082,ACCEPTED,,5300097,ok,47.563
bot-029,01a0b92b-1cd7-73a6-9416-ad7b85c5d43a,469,5252555,5300109,ACCEPTED,,5300125,ok,47.570
bot-029,01a0b92b-1cd7-73a6-9416-ad7c9fa3999e,470,5252578,5300137,ACCEPTED,,5300150,ok,47.572
bot-029,01a0b92b-1cd7-73a6-9416-ad7d2e5ce928,471,5252600,5300207,ACCEPTED,,5300221,ok,47.621
bot-029,01a0b92b-1cd7-73a6-9416-ad7e2b3af78a,472,5252622,5300233,ACCEPTED,,5300246,ok,47.624
bot-029,01a0b92b-1cd7-73a6-9416-ad7f4137b59b,473,5252643,5300257,ACCEPTED,,5300270,ok,47.627
bot-029,01a0b92b-1cd7-73a6-9416-ad8066d79e6f,474,5252683,5300285,ACCEPTED,,5300299,ok,47.616
bot-029,01a0b92b-1cd7-73a6-9416-ad8119e0c7d6,475,5252710,5300311,ACCEPTED,,5300324,ok,47.614
bot-029,01a0b92b-1cd7-73a6-9416-ad827da1e7b7,476,5252731,5300335,ACCEPTED,,5300352,ok,47.621
bot-029,01a0b92b-1cd7-73a6-9416-ad83df0a2a99,477,5252752,5300364,ACCEPTED,,5300379,ok,47.627
bot-029,01a0b92b-1cd7-73a6-9416-ad84c7ec840e,478,5252772,5300391,ACCEPTED,,5300404,ok,47.632
bot-029,01a0b92b-1cd7-73a6-9416-ad85ffdc9fb7,479,5252792,5300418,ACCEPTED,,5300431,ok,47.639
bot-029,01a0b92b-1cdf-77fd-bceb-92f86a4d2d81,480,5260964,5300443,ACCEPTED,,5300456,ok,39.492
bot-029,01a0b92b-1ce0-71e7-a453-df2c942f648c,481,5261055,5300471,ACCEPTED,,5300484,ok,39.429
bot-029,01a0b92b-1ce0-71e7-a453-df2d2c89db22,482,5261082,5300497,ACCEPTED,,5300513,ok,39.431
bot-029,01a0b92b-1ce0-71e7-a453-df2ec010a9f9,483,5261107,5300529,ACCEPTED,,5300545,ok,39.438
bot-029,01a0b92b-1ce0-71e7-a453-df2f3c068520,484,5261142,5300561,ACCEPTED,,5300576,ok,39.434
bot-029,01a0b92b-1ce0-71e7-a453-df304855635f,485,5261241,5300591,ACCEPTED,,5300607,ok,39.366
bot-029,01a0b92b-1ce0-71e7-a453-df3167dd4390,486,5261282,5300619,ACCEPTED,,5300637,ok,39.355
bot-029,01a0b92b-1ce0-71e7-a453-df32bcbfc5af,487,5261314,5300651,ACCEPTED,,5300665,ok,39.351
bot-029,01a0b92b-1ce0-71e7-a453-df33cffdc8ef,488,5261339,5300682,ACCEPTED,,5300695,ok,39.356
bot-029,01a0b92b-1ce0-71e7-a453-df34d73dc83f,489,5261359,5300709,ACCEPTED,,5300726,ok,39.367
bot-029,01a0b92b-1ce0-71e7-a453-df350251a569,490,5261395,5300741,ACCEPTED,,5300755,ok,39.360
bot-029,01a0b92b-1ce0-71e7-a453-df36c2f756a0,491,5261414,5300773,ACCEPTED,,5300784,ok,39.370
bot-029,01a0b92b-1ce0-71e7-a453-df37d1f5718b,492,5261432,5300793,ACCEPTED,,5300805,ok,39.373
bot-029,01a0b92b-1ce0-71e7-a453-df382f1c6fd5,493,5261451,5300814,ACCEPTED,,5300826,ok,39.375
bot-029,01a0b92b-1ce0-71e7-a453-df39d2dd200b,494,5261470,5300837,ACCEPTED,,5300849,ok,39.379
bot-029,01a0b92b-1ce0-71e7-a453-df3aab838db7,495,5261488,5300860,ACCEPTED,,5300872,ok,39.384
bot-029,01a0b92b-1cef-76bd-bf8a-927417e773ff,496,5276313,5300934,ACCEPTED,,5300954,ok,24.641
bot-029,01a0b92b-1cef-76bd-bf8a-927531185b85,497,5276405,5300965,ACCEPTED,,5300978,ok,24.573
bot-029,01a0b92b-1cef-76bd-bf8a-9276c295d57d,498,5276421,5301014,ACCEPTED,,5301026,ok,24.605
bot-029,01a0b92b-1cef-76bd-bf8a-9277f9ba9e4f,499,5276434,5301054,ACCEPTED,,5301065,ok,24.631
bot-029,01a0b92b-1cef-76bd-bf8a-927866c44178,500,5276448,5301075,ACCEPTED,,5301085,ok,24.637
bot-029,01a0b92b-1cef-76bd-bf8a-92794f781537,501,5276462,5301112,ACCEPTED,,5301122,ok,24.660
bot-029,01a0b92b-1cef-76bd-bf8a-927abbf8b8a6,502,5276478,5301131,ACCEPTED,,5301141,ok,24.663
bot-029,01a0b92b-1cef-76bd-bf8a-927b61c8b446,503,5276491,5301167,ACCEPTED,,5301177,ok,24.686
bot-029,01a0b92b-1cef-76bd-bf8a-927c50a7cc2c,504,5276503,5301186,ACCEPTED,,5301196,ok,24.693
bot-029,01a0b92b-1cef-76bd-bf8a-927de55338eb,505,5276516,5301223,ACCEPTED,,5301233,ok,24.717
bot-029,01a0b92b-1cef-76bd-bf8a-927e5e8cdea4,506,5276546,5301242,ACCEPTED,,5301251,ok,24.705
bot-029,01a0b92b-1cef-76bd-bf8a-927fbc5e2694,507,5276558,5301278,ACCEPTED,,5301288,ok,24.730
bot-029,01a0b92b-1cef-76bd-bf8a-9280475244f8,508,5276570,5301297,ACCEPTED,,5301307,ok,24.737
bot-029,01a0b92b-1cef-76bd-bf8a-9281c4042f47,509,5276584,5301334,ACCEPTED,,5301344,ok,24.760
bot-029,01a0b92b-1cef-76bd-bf8a-9282c205b187,510,5276596,5301353,ACCEPTED,,5301362,ok,24.766
bot-029,01a0b92b-1cef-76bd-bf8a-928343ed78bd,511,5276609,5301434,ACCEPTED,,5301470,ok,24.861
bot-029,01a0b92b-1cfe-702c-bbbb-fdefbbb9c3eb,512,5292001,5292507,REJECTED,TOO_MANY_IN_FLIGHT,,ok,
bot-029,01a0b92b-1cff-752d-a634-31962a9bb142,513,5292069,5292560,REJECTED,TOO_MANY_IN_FLIGHT,,ok,
bot-029,01a0b92b-1cff-752d-a634-3197a1aff7b7,514,5292102,5292576,REJECTED,TOO_MANY_IN_FLIGHT,,ok,
bot-029,01a0b92b-1cff-752d-a634-3198eae257d6,515,5292120,5292590,REJECTED,TOO_MANY_IN_FLIGHT,,ok,
bot-029,01a0b92b-1cff-752d-a634-3199c11eb2f6,516,5292144,5292608,REJECTED,TOO_MANY_IN_FLIGHT,,ok,
bot-029,01a0b92b-1cff-752d-a634-319a8eb21bd6,517,5292162,5292622,REJECTED,TOO_MANY_IN_FLIGHT,,ok,
bot-029,01a0b92b-1cff-752d-a634-319bf441bd2c,518,5292180,5292635,REJECTED,TOO_MANY_IN_FLIGHT,,ok,
bot-029,01a0b92b-1cff-752d-a634-319cb83b4946,519,5292209,5292654,REJECTED,TOO_MANY_IN_FLIGHT,,ok,
bot-029,01a0b92b-1cff-752d-a634-319d02bbad42,520,5292222,5292667,REJECTED,TOO_MANY_IN_FLIGHT,,ok,
bot-029,01a0b92b-1cff-752d-a634-319ec00f5f02,521,5292235,5292684,REJECTED,TOO_MANY_IN_FLIGHT,,ok,
bot-029,01a0b92b-1cff-752d-a634-319f9552bb17,522,5292267,5292698,REJECTED,TOO_MANY_IN_FLIGHT,,ok,
bot-029,01a0b92b-1cff-752d-a634-31a085a99257,523,5292287,5292715,REJECTED,TOO_MANY_IN_FLIGHT,,ok,
bot-029,01a0b92b-1cff-752d-a634-31a178ef92da,524,5292300,5292731,REJECTED,TOO_MANY_IN_FLIGHT,,ok,
bot-029,01a0b92b-1cff-752d-a634-31a2e9d76e75,525,5292312,5292748,REJECTED,TOO_MANY_IN_FLIGHT,,ok,
bot-029,01a0b92b-1cff-752d-a634-31a38942ba3b,526,5292324,5292765,REJECTED,TOO_MANY_IN_FLIGHT,,ok,
bot-029,01a0b92b-1cff-752d-a634-31a41ba600e8,527,5292338,5292781,REJECTED,TOO_MANY_IN_FLIGHT,,ok,
bot-029,01a0b92b-1d06-7579-b483-39d6c21bbe10,528,5299144,5349353,ACCEPTED,,5349374,ok,50.230
bot-029,01a0b92b-1d06-7579-b483-39d7b05274a9,529,5299207,5349386,ACCEPTED,,5349397,ok,50.190
bot-029,01a0b92b-1d06-7579-b483-39d83204dc8a,530,5299251,5349406,ACCEPTED,,5349417,ok,50.166
bot-029,01a0b92b-1d06-7579-b483-39d9dc5e70a5,531,5299285,5349427,ACCEPTED,,5349438,ok,50.153
bot-029,01a0b92b-1d06-7579-b483-39da263a8b3e,532,5299303,5349447,ACCEPTED,,5349458,ok,50.155
bot-029,01a0b92b-1d06-7579-b483-39dbf1771507,533,5299326,5349467,ACCEPTED,,5349477,ok,50.151
bot-029,01a0b92b-1d06-7579-b483-39dcc450468f,534,5299346,5349487,ACCEPTED,,5349499,ok,50.153
bot-029,01a0b92b-1d06-7579-b483-39ddc0a8848d,535,5299363,5349508,ACCEPTED,,5349518,ok,50.155
bot-029,01a0b92b-1d06-7579-b483-39deec9660ec,536,5299381,5349532,ACCEPTED,,5349548,ok,50.167
bot-029,01a0b92b-1d06-7579-b483-39df0012866b,537,5299398,5349557,ACCEPTED,,5349567,ok,50.169
bot-029,01a0b92b-1d06-7579-b483-39e0ccb81c09,538,5299415,5349577,ACCEPTED,,5349591,ok,50.176
bot-029,01a0b92b-1d06-7579-b483-39e17d1d7d6b,539,5299431,5349600,ACCEPTED,,5349610,ok,50.179
bot-029,01a0b92b-1d06-7579-b483-39e2fc6aaee0,540,5299467,5349620,ACCEPTED,,5349630,ok,50.163
bot-029,01a0b92b-1d06-7579-b483-39e3e31cfa47,541,5299484,5349642,ACCEPTED,,5349652,ok,50.168
bot-029,01a0b92b-1d06-7579-b483-39e489b429f1,542,5299499,5349662,ACCEPTED,,5349672,ok,50.173
bot-029,01a0b92b-1d06-7579-b483-39e58d002c79,543,5299514,5349681,ACCEPTED,,5349691,ok,50.177
bot-029,01a0b92b-1d0d-70a4-8e85-13768b7309d7,544,5306604,5349702,ACCEPTED,,5349713,ok,43.109
bot-029,01a0b92b-1d0d-70a4-8e85-137769d41aec,545,5306672,5349722,ACCEPTED,,5349732,ok,43.060
bot-029,01a0b92b-1d0d-70a4-8e85-1378fba667bc,546,5306711,5349743,ACCEPTED,,5349753,ok,43.042
bot-029,01a0b92b-1d0d-70a4-8e85-137967a7c6dc,547,5306736,5349763,ACCEPTED,,5349775,ok,43.039
bot-029,01a0b92b-1d0d-70a4-8e85-137afbaa217b,548,5306754,5349786,ACCEPTED,,5349798,ok,43.044
bot-029,01a0b92b-1d0d-70a4-8e85-137b9dae24c7,549,5306789,5349862,ACCEPTED,,5349883,ok,43.094
bot-029,01a0b92b-1d0d-70a4-8e85-137c02c2cdf3,550,5306806,5349894,ACCEPTED,,5349908,ok,43.102
bot-029,01a0b92b-1d0d-70a4-8e85-137d137e3ffd,551,5306824,5349920,ACCEPTED,,5349936,ok,43.112
bot-029,01a0b92b-1d0d-70a4-8e85-137ebeca36af,552,5306841,5349948,ACCEPTED,,5349958,ok,43.117
bot-029,01a0b92b-1d0d-70a4-8e85-137ff82a210f,553,5306858,5349970,ACCEPTED,,5349982,ok,43.124
bot-029,01a0b92b-1d0d-70a4-8e85-138060f3d578,554,5306874,5349993,ACCEPTED,,5350006,ok,43.132
bot-029,01a0b92b-1d0d-70a4-8e85-1381395fdfab,555,5306891,5350048,ACCEPTED,,5350063,ok,43.172
bot-029,01a0b92b-1d0d-70a4-8e85-1382242809ed,556,5306915,5350074,ACCEPTED,,5350086,ok,43.171
bot-029,01a0b92b-1d0d-70a4-8e85-13832e5e6186,557,5306936,5350095,ACCEPTED,,5350123,ok,43.187
bot-029,01a0b92b-1d0d-70a4-8e85-13846e7ea45d,558,5306954,5350134,ACCEPTED,,5350161,ok,43.207
bot-029,01a0b92b-1d0d-70a4-8e85-138542f0bb4d,559,5306971,5350172,ACCEPTED,,5350182,ok,43.211
bot-029,01a0b92b-1d1c-715c-802a-6f4d8f54d9a4,560,5321424,5350208,ACCEPTED,,5350220,ok,28.796
bot-029,01a0b92b-1d1c-715c-802a-6f4ed89f4224,561,5321525,5350246,ACCEPTED,,5350257,ok,28.732
bot-029,01a0b92b-1d1c-715c-802a-6f4f6b5d8cb2,562,5321541,5350284,ACCEPTED,,5350294,ok,28.753
bot-029,01a0b92b-1d1c-715c-802a-6f50c1fbb465,563,5321558,5350514,ACCEPTED,,5350543,ok,28.985
bot-029,01a0b92b-1d1c-715c-802a-6f518d81252b,564,5321576,5350562,ACCEPTED,,5350579,ok,29.003
bot-029,01a0b92b-1d1c-715c-802a-6f52a7445517,565,5321611,5350596,ACCEPTED,,5350656,ok,29.045
bot-029,01a0b92b-1d1c-715c-802a-6f53bbd5f967,566,5321623,5350679,ACCEPTED,,5350701,ok,29.078
bot-029,01a0b92b-1d1c-715c-802a-6f54840e8fb2,567,5321635,5350721,ACCEPTED,,5350770,ok,29.135
bot-029,01a0b92b-1d1c-715c-802a-6f556ebc4ed4,568,5321647,5350783,ACCEPTED,,5350796,ok,29.149
bot-029,01a0b92b-1d1c-715c-802a-6f567048d5ed,569,5321660,5350833,ACCEPTED,,5350846,ok,29.186
bot-029,01a0b92b-1d1c-715c-802a-6f57ea760783,570,5321672,5350858,ACCEPTED,,5350869,ok,29.197
bot-029,01a0b92b-1d1c-715c-802a-6f5851ac23b7,571,5321684,5350881,ACCEPTED,,5350894,ok,29.210
bot-029,01a0b92b-1d1c-715c-802a-6f59b6fa09e0,572,5321696,5350906,ACCEPTED,,5350919,ok,29.223
bot-029,01a0b92b-1d1c-715c-802a-6f5ad20ea809,573,5321708,5350931,ACCEPTED,,5350944,ok,29.236
bot-029,01a0b92b-1d1c-715c-802a-6f5b7f4a4b2a,574,5321720,5350956,ACCEPTED,,5350992,ok,29.272
bot-029,01a0b92b-1d1c-715c-802a-6f5c94dcc8b2,575,5321732,5351004,ACCEPTED,,5351021,ok,29.289
bot-029,01a0b92b-1d2b-718d-9ee4-916d7566fddc,576,5336664,5351033,ACCEPTED,,5351047,ok,14.383
bot-029,01a0b92b-1d2b-718d-9ee4-916e8d565068,577,5336766,5351056,ACCEPTED,,5351069,ok,14.303
bot-029,01a0b92b-1d2b-718d-9ee4-916f80ae44e6,578,5336788,5351079,ACCEPTED,,5351092,ok,14.304
bot-029,01a0b92b-1d2b-718d-9ee4-9170af503295,579,5336830,5351108,ACCEPTED,,5351126,ok,14.296
bot-029,01a0b92b-1d2b-718d-9ee4-91719066e519,580,5336850,5351173,ACCEPTED,,5351188,ok,14.338
bot-029,01a0b92b-1d2b-718d-9ee4-9172616b7832,581,5336889,5351201,ACCEPTED,,5351214,ok,14.325
bot-029,01a0b92b-1d2b-718d-9ee4-9173e5243686,582,5336908,5351250,ACCEPTED,,5351267,ok,14.359
bot-029,01a0b92b-1d2b-718d-9ee4-91743b6d920b,583,5336926,5351303,ACCEPTED,,5351318,ok,14.392
bot-029,01a0b92b-1d2b-718d-9ee4-9175845198e7,584,5336944,5351353,ACCEPTED,,5351369,ok,14.425
bot-029,01a0b92b-1d2b-718d-9ee4-9176455de3d9,585,5336962,5351405,ACCEPTED,,5351420,ok,14.458
bot-029,01a0b92b-1d2b-718d-9ee4-9177bccbf9bc,586,5336981,5351880,ACCEPTED,,5351909,ok,14.928
bot-029,01a0b92b-1d2b-718d-9ee4-9178171f8659,587,5336998,5351925,ACCEPTED,,5351939,ok,14.941
bot-029,01a0b92b-1d2b-718d-9ee4-9179bda92370,588,5337016,5351966,ACCEPTED,,5351980,ok,14.964
bot-029,01a0b92b-1d2b-718d-9ee4-917a22488a55,589,5337034,5351990,ACCEPTED,,5352000,ok,14.966
bot-029,01a0b92b-1d2c-7615-aec6-8bb518eac632,590,5337051,5352010,ACCEPTED,,5352020,ok,14.969
bot-029,01a0b92b-1d2c-7615-aec6-8bb613f34e4e,591,5337069,5352029,ACCEPTED,,5352039,ok,14.970
bot-029,01a0b92b-1d37-752a-939c-66a2a6748322,592,5349008,5399931,ACCEPTED,,5399959,ok,50.951
bot-029,01a0b92b-1d38-73d3-a110-dc5aa9a6b8d7,593,5349069,5399978,ACCEPTED,,5400004,ok,50.935
bot-029,01a0b92b-1d38-73d3-a110-dc5b2c29e535,594,5349094,5400020,ACCEPTED,,5400041,ok,50.947
bot-029,01a0b92b-1d38-73d3-a110-dc5c5ca75605,595,5349119,5400057,ACCEPTED,,5400092,ok,50.973
bot-029,01a0b92b-1d38-73d3-a110-dc5da1f9ac8d,596,5349137,5400108,ACCEPTED,,5400122,ok,50.985
bot-029,01a0b92b-1d38-73d3-a110-dc5e184bd31a,597,5349173,5400202,ACCEPTED,,5400232,ok,51.059
bot-029,01a0b92b-1d38-73d3-a110-dc5f6fada207,598,5349191,5400328,ACCEPTED,,5400351,ok,51.160
bot-029,01a0b92b-1d38-73d3-a110-dc60133d7cec,599,5349207,5400367,ACCEPTED,,5400383,ok,51.176
bot-029,01a0b92b-1d38-73d3-a110-dc61d59cebb5,600,5349218,5400394,ACCEPTED,,5400408,ok,51.190
bot-029,01a0b92b-1d38-73d3-a110-dc62217a3b9f,601,5349235,5400420,ACCEPTED,,5400434,ok,51.199
bot-029,01a0b92b-1d38-73d3-a110-dc632c35181d,602,5349252,5400447,ACCEPTED,,5400459,ok,51.207
bot-029,01a0b92b-1d38-73d3-a110-dc64f2dd679e,603,5349263,5400470,ACCEPTED,,5400544,ok,51.281
bot-029,01a0b92b-1d38-73d3-a110-dc6514afde35,604,5349279,5400562,ACCEPTED,,5400611,ok,51.332
bot-029,01a0b92b-1d38-73d3-a110-dc66b72b53bf,605,5349295,5400630,ACCEPTED,,5400649,ok,51.354
bot-029,01a0b92b-1d38-73d3-a110-dc671143a352,606,5349307,5400662,ACCEPTED,,5400680,ok,51.373
bot-029,01a0b92b-1d38-73d3-a110-dc68c9ada39f,607,5349324,5400698,ACCEPTED,,5400719,ok,51.395
bot-029,01a0b92b-1d3a-7505-a681-cfb5bf1f7fff,608,5351445,5400738,ACCEPTED,,5400760,ok,49.315
bot-029,01a0b92b-1d3a-7505-a681-cfb64050ef17,609,5351511,5400827,ACCEPTED,,5400852,ok,49.341
bot-029,01a0b92b-1d3a-7505-a681-cfb7f1b343e2,610,5351563,5400875,ACCEPTED,,5400892,ok,49.329
bot-029,01a0b92b-1d3a-7505-a681-cfb8f824b1ab,611,5351583,5400907,ACCEPTED,,5400929,ok,49.346
bot-029,01a0b92b-1d3a-7505-a681-cfb999fd4d62,612,5351601,5400948,ACCEPTED,,5400970,ok,49.369
bot-029,01a0b92b-1d3a-7505-a681-cfba615719de,613,5351621,5401035,ACCEPTED,,5401061,ok,49.440
bot-029,01a0b92b-1d3a-7505-a681-cfbbf83d1c77,614,5351643,5401081,ACCEPTED,,5401097,ok,49.454
bot-029,01a0b92b-1d3a-7505-a681-cfbcc077c0af,615,5351666,5401116,ACCEPTED,,5401134,ok,49.468
bot-029,01a0b92b-1d3a-7505-a681-cfbd96501ac2,616,5351694,5401154,ACCEPTED,,5401224,ok,49.530
bot-029,01a0b92b-1d3a-7505-a681-cfbe4b40f3fd,617,5351714,5401279,ACCEPTED,,5401324,ok,49.610
bot-029,01a0b92b-1d3a-7505-a681-cfbf2fb83386,618,5351729,5401341,ACCEPTED,,5401357,ok,49.628
bot-029,01a0b92b-1d3a-7505-a681-cfc0ca7d0034,619,5351744,5401818,ACCEPTED,,5401839,ok,50.095
bot-029,01a0b92b-1d3a-7505-a681-cfc13ee725ba,620,5351759,5401853,ACCEPTED,,5401866,ok,50.107
bot-029,01a0b92b-1d3a-7505-a681-cfc215b6d5ae,621,5351775,5401877,ACCEPTED,,5401890,ok,50.115
bot-029,01a0b92b-1d3a-7505-a681-cfc3281affa5,622,5351790,5401901,ACCEPTED,,5401914,ok,50.124
bot-029,01a0b92b-1d3a-7505-a681-cfc4930515d7,623,5351805,5401925,ACCEPTED,,5401938,ok,50.133
bot-029,01a0b92b-1d4a-7502-9055-3b0b6d6506f9,624,5367759,5401950,ACCEPTED,,5401963,ok,34.204
bot-029,01a0b92b-1d4a-7502-9055-3b0c8b1b4a44,625,5367860,5401974,ACCEPTED,,5401986,ok,34.126
bot-029,01a0b92b-1d4a-7502-9055-3b0d004be5b5,626,5367883,5401997,ACCEPTED,,5402016,ok,34.133
bot-029,01a0b92b-1d4a-7502-9055-3b0e397adcca,627,5367903,5402027,ACCEPTED,,5402107,ok,34.204
bot-029,01a0b92b-1d4a-7502-9055-3b0fb5cba902,628,5367933,5402137,ACCEPTED,,5402159,ok,34.226
bot-029,01a0b92b-1d4a-7502-9055-3b107c0d0073,629,5367977,5402179,ACCEPTED,,5402239,ok,34.262
bot-029,01a0b92b-1d4a-7502-9055-3b1113077a6e,630,5367997,5402268,ACCEPTED,,5402318,ok,34.321
bot-029,01a0b92b-1d4a-7502-9055-3b126c2f9784,631,5368016,5402353,ACCEPTED,,5402372,ok,34.356
bot-029,01a0b92b-1d4a-7502-9055-3b133310db09,632,5368034,5402385,ACCEPTED,,5402398,ok,34.364
bot-029,01a0b92b-1d4b-708b-870c-e53f70099a75,633,5368053,5402411,ACCEPTED,,5402429,ok,34.376
bot-029,01a0b92b-1d4b-708b-870c-e5406907ae2d,634,5368072,5402452,ACCEPTED,,5402479,ok,34.407
bot-029,01a0b92b-1d4b-708b-870c-e54124a5411b,635,5368092,5402508,ACCEPTED,,5402547,ok,34.455
bot-029,01a0b92b-1d4b-708b-870c-e5427e4ce76b,636,5368111,5402563,ACCEPTED,,5402605,ok,34.494
bot-029,01a0b92b-1d4b-708b-870c-e543b8ca57cf,637,5368134,5402618,ACCEPTED,,5402630,ok,34.496
bot-029,01a0b92b-1d4b-708b-870c-e544a38c7070,638,5368149,5402640,ACCEPTED,,5402654,ok,34.505
bot-029,01a0b92b-1d4b-708b-870c-e5451e4a4206,639,5368165,5402718,ACCEPTED,,5402746,ok,34.581
bot-029,01a0b92b-1d5a-72c8-80ed-7259a5e7a8eb,640,5383617,5402851,ACCEPTED,,5402888,ok,19.271
bot-029,01a0b92b-1d5a-72c8-80ed-725aabed6ac6,641,5383694,5402957,ACCEPTED,,5402975,ok,19.281
bot-029,01a0b92b-1d5a-72c8-80ed-725bd8e25d70,642,5383718,5403025,ACCEPTED,,5403058,ok,19.340
bot-029,01a0b92b-1d5a-72c8-80ed-725c891df9ad,643,5383742,5403073,ACCEPTED,,5403085,ok,19.343
bot-029,01a0b92b-1d5a-72c8-80ed-725d25b2c664,644,5383764,5403137,ACCEPTED,,5403162,ok,19.398
bot-029,01a0b92b-1d5a-72c8-80ed-725e88b75e48,645,5383786,5403176,ACCEPTED,,5403185,ok,19.399
bot-029,01a0b92b-1d5a-72c8-80ed-725fef0b236f,646,5383808,5403195,ACCEPTED,,5403252,ok,19.444
bot-029,01a0b92b-1d5a-72c8-80ed-72605f486b15,647,5383829,5403268,ACCEPTED,,5403284,ok,19.455
bot-029,01a0b92b-1d5a-72c8-80ed-726130508994,648,5383849,5403307,ACCEPTED,,5403365,ok,19.516
bot-029,01a0b92b-1d5a-72c8-80ed-7262467ef804,649,5383870,5403762,ACCEPTED,,5403789,ok,19.919
bot-029,01a0b92b-1d5a-72c8-80ed-7263507608bc,650,5383891,5403805,ACCEPTED,,5403870,ok,19.979
bot-029,01a0b92b-1d5a-72c8-80ed-72645888a51d,651,5383910,5403885,ACCEPTED,,5403899,ok,19.989
bot-029,01a0b92b-1d5a-72c8-80ed-72653e2ecacc,652,5383929,5403914,ACCEPTED,,5403926,ok,19.997
bot-029,01a0b92b-1d5a-72c8-80ed-7266c53c5a58,653,5383970,5403940,ACCEPTED,,5403953,ok,19.983
bot-029,01a0b92b-1d5a-72c8-80ed-7267241c5cd3,654,5383990,5403966,ACCEPTED,,5404027,ok,20.037
bot-029,01a0b92b-1d5a-72c8-80ed-72684b522f00,655,5384009,5404044,ACCEPTED,,5404062,ok,20.053
bot-029,01a0b92b-1d69-70a3-9128-5346740e32e6,656,5398843,5399525,REJECTED,TOO_MANY_IN_FLIGHT,,ok,
bot-029,01a0b92b-1d69-70a3-9128-534a6654bd98,657,5398950,5399588,REJECTED,TOO_MANY_IN_FLIGHT,,ok,
bot-029,01a0b92b-1d69-70a3-9128-534bf08b8409,658,5398973,5399609,REJECTED,TOO_MANY_IN_FLIGHT,,ok,
bot-029,01a0b92b-1d69-70a3-9128-534cc5dc67df,659,5398992,5399633,REJECTED,TOO_MANY_IN_FLIGHT,,ok,
bot-029,01a0b92b-1d69-70a3-9128-534de011ffd2,660,5399011,5399664,REJECTED,TOO_MANY_IN_FLIGHT,,ok,
bot-029,01a0b92b-1d6a-7551-8c33-b8d7510aa152,661,5399050,5399689,REJECTED,TOO_MANY_IN_FLIGHT,,ok,
bot-029,01a0b92b-1d6a-7551-8c33-b8d89be929a8,662,5399069,5399718,REJECTED,TOO_MANY_IN_FLIGHT,,ok,
bot-029,01a0b92b-1d6a-7551-8c33-b8d93a7f82a5,663,5399092,5399741,REJECTED,TOO_MANY_IN_FLIGHT,,ok,
bot-029,01a0b92b-1d6a-7551-8c33-b8da89fa4ee0,664,5399111,5399758,REJECTED,TOO_MANY_IN_FLIGHT,,ok,
bot-029,01a0b92b-1d6a-7551-8c33-b8db8f20829b,665,5399130,5399778,REJECTED,TOO_MANY_IN_FLIGHT,,ok,
bot-029,01a0b92b-1d6a-7551-8c33-b8dc487c7cf1,666,5399147,5399800,REJECTED,TOO_MANY_IN_FLIGHT,,ok,
bot-029,01a0b92b-1d6a-7551-8c33-b8dd7dd1cb59,667,5399167,5399822,REJECTED,TOO_MANY_IN_FLIGHT,,ok,
bot-029,01a0b92b-1d6a-7551-8c33-b8debaa12d2c,668,5399186,5399844,REJECTED,TOO_MANY_IN_FLIGHT,,ok,
bot-029,01a0b92b-1d6a-7551-8c33-b8dfec2b3df4,669,5399208,5450307,ACCEPTED,,5450330,ok,51.122
bot-029,01a0b92b-1d6a-7551-8c33-b8e03505b5c2,670,5399232,5450345,ACCEPTED,,5450357,ok,51.125
bot-029,01a0b92b-1d6a-7551-8c33-b8e1a99cc128,671,5399254,5450404,ACCEPTED,,5450419,ok,51.165
bot-029,01a0b92b-1d6c-732a-a8df-fbe78471004a,672,5401411,5450432,ACCEPTED,,5450447,ok,49.036
bot-029,01a0b92b-1d6c-732a-a8df-fbe8197a9a16,673,5401438,5450485,ACCEPTED,,5450499,ok,49.061
bot-029,01a0b92b-1d6c-732a-a8df-fbe97f532650,674,5401469,5450512,ACCEPTED,,5450526,ok,49.057
bot-029,01a0b92b-1d6c-732a-a8df-fbeadffd3c6a,675,5401490,5450563,ACCEPTED,,5450580,ok,49.090
bot-029,01a0b92b-1d6c-732a-a8df-fbeb167d3b36,676,5401510,5450593,ACCEPTED,,5450607,ok,49.097
bot-029,01a0b92b-1d6c-732a-a8df-fbec27ead376,677,5401537,5450644,ACCEPTED,,5450660,ok,49.123
bot-029,01a0b92b-1d6c-732a-a8df-fbedd155254a,678,5401552,5450673,ACCEPTED,,5450710,ok,49.158
bot-029,01a0b92b-1d6c-732a-a8df-fbee75732403,679,5401574,5450726,ACCEPTED,,5450741,ok,49.167
bot-029,01a0b92b-1d6c-732a-a8df-fbef1f3b3860,680,5401594,5450754,ACCEPTED,,5450793,ok,49.199
bot-029,01a0b92b-1d6c-732a-a8df-fbf0e4176d0d,681,5401614,5450808,ACCEPTED,,5450822,ok,49.208
bot-029,01a0b92b-1d6c-732a-a8df-fbf19ea2732a,682,5401637,5450858,ACCEPTED,,5450873,ok,49.236
bot-029,01a0b92b-1d6c-732a-a8df-fbf2a0277200,683,5401657,5450886,ACCEPTED,,5450901,ok,49.244
bot-029,01a0b92b-1d6c-732a-a8df-fbf39ddd6e60,684,5401678,5450937,ACCEPTED,,5450953,ok,49.275
bot-029,01a0b92b-1d6c-732a-a8df-fbf4af31b4d3,685,5401724,5450966,ACCEPTED,,5450982,ok,49.258
bot-029,01a0b92b-1d6c-732a-a8df-fbf542b7e829,686,5401738,5451018,ACCEPTED,,5451034,ok,49.296
bot-029,01a0b92b-1d6c-732a-a8df-fbf64b180fb9,687,5401758,5451047,ACCEPTED,,5451082,ok,49.324
bot-029,01a0b92b-1d78-7399-a59a-5474fde7a5c3,688,5413878,5451097,ACCEPTED,,5451111,ok,37.233
bot-029,01a0b92b-1d78-7399-a59a-5475a8f62fee,689,5413998,5451147,ACCEPTED,,5451164,ok,37.166
bot-029,01a0b92b-1d78-7399-a59a-547612f92491,690,5414025,5451177,ACCEPTED,,5451191,ok,37.166
bot-029,01a0b92b-1d79-77e1-bb1e-ba02f78b0278,691,5414062,5451227,ACCEPTED,,5451243,ok,37.181
bot-029,01a0b92b-1d79-77e1-bb1e-ba03e5b75b75,692,5414087,5451279,ACCEPTED,,5451296,ok,37.209
bot-029,01a0b92b-1d79-77e1-bb1e-ba04a0fa9ab3,693,5414107,5451309,ACCEPTED,,5451323,ok,37.216
bot-029,01a0b92b-1d79-77e1-bb1e-ba05792f8a94,694,5414132,5451359,ACCEPTED,,5451375,ok,37.243
bot-029,01a0b92b-1d79-77e1-bb1e-ba061a716f00,695,5414164,5451388,ACCEPTED,,5451402,ok,37.238
bot-029,01a0b92b-1d79-77e1-bb1e-ba071bef1676,696,5414183,5451437,ACCEPTED,,5451509,ok,37.326
bot-029,01a0b92b-1d79-77e1-bb1e-ba0850d389b8,697,5414204,5451526,ACCEPTED,,5451542,ok,37.338
bot-029,01a0b92b-1d79-77e1-bb1e-ba099023f06a,698,5414229,5451592,ACCEPTED,,5451606,ok,37.377
bot-029,01a0b92b-1d79-77e1-bb1e-ba0ac51b209d,699,5414267,5451627,ACCEPTED,,5451646,ok,37.379
bot-029,01a0b92b-1d79-77e1-bb1e-ba0bf4d54609,700,5414290,5451660,ACCEPTED,,5451672,ok,37.382
bot-029,01a0b92b-1d79-77e1-bb1e-ba0cc246dad2,701,5414381,5451727,ACCEPTED,,5451751,ok,37.370
bot-029,01a0b92b-1d79-77e1-bb1e-ba0d70f9bef3,702,5414431,5451771,ACCEPTED,,5451784,ok,37.353
bot-029,01a0b92b-1d79-77e1-bb1e-ba0e63fa8901,703,5414452,5451797,ACCEPTED,,5451814,ok,37.362
bot-029,01a0b92b-1d88-7416-9382-18ad2bae4f17,704,5429592,5451833,ACCEPTED,,5451848,ok,22.256
bot-029,01a0b92b-1d88-7416-9382-18ae729c0772,705,5429736,5451860,ACCEPTED,,5451909,ok,22.173
bot-029,01a0b92b-1d88-7416-9382-18af6289d9e4,706,5429766,5451921,ACCEPTED,,5451934,ok,22.168
bot-029,01a0b92b-1d88-7416-9382-18b0d996281d,707,5429783,5451946,ACCEPTED,,5451960,ok,22.177
bot-029,01a0b92b-1d88-7416-9382-18b1acd1353c,708,5429800,5451994,ACCEPTED,,5452016,ok,22.216
bot-029,01a0b92b-1d88-7416-9382-18b2e6ef14b3,709,5429819,5452028,ACCEPTED,,5452042,ok,22.223
bot-029,01a0b92b-1d88-7416-9382-18b3b6b645dc,710,5429838,5452080,ACCEPTED,,5452097,ok,22.259
bot-029,01a0b92b-1d88-7416-9382-18b45d20ec85,711,5429862,5452110,ACCEPTED,,5452122,ok,22.260
bot-029,01a0b92b-1d88-7416-9382-18b5914e6bd4,712,5429883,5452157,ACCEPTED,,5452173,ok,22.290
bot-029,01a0b92b-1d88-7416-9382-18b672e94788,713,5429901,5452185,ACCEPTED,,5452219,ok,22.318
bot-029,01a0b92b-1d88-7416-9382-18b73143640b,714,5429918,5452233,ACCEPTED,,5452247,ok,22.329
bot-029,01a0b92b-1d88-7416-9382-18b871b83d68,715,5429937,5452281,ACCEPTED,,5452296,ok,22.359
bot-029,01a0b92b-1d88-7416-9382-18b9b35f3ba6,716,5429954,5452308,ACCEPTED,,5452321,ok,22.367
bot-029,01a0b92b-1d88-7416-9382-18ba59d0d086,717,5429995,5452356,ACCEPTED,,5452371,ok,22.376
bot-029,01a0b92b-1d88-7416-9382-18bb110a4a86,718,5430014,5452384,ACCEPTED,,5452423,ok,22.409
bot-029,01a0b92b-1d88-7416-9382-18bc0e840d35,719,5430031,5452437,ACCEPTED,,5452451,ok,22.420
bot-029,01a0b92b-1d98-70b1-823e-4e59a70d117a,720,5445393,5452464,ACCEPTED,,5452886,ok,7.493
bot-029,01a0b92b-1d98-70b1-823e-4e5a28046daa,721,5445512,5452905,ACCEPTED,,5452919,ok,7.407
bot-029,01a0b92b-1d98-70b1-823e-4e5bf3b46d20,722,5445534,5452929,ACCEPTED,,5452941,ok,7.407
bot-029,01a0b92b-1d98-70b1-823e-4e5c91ea9c90,723,5445556,5452952,ACCEPTED,,5452964,ok,7.408
bot-029,01a0b92b-1d98-70b1-823e-4e5d4533766d,724,5445576,5452978,ACCEPTED,,5452989,ok,7.413
bot-029,01a0b92b-1d98-70b1-823e-4e5e2c0288b6,725,5445595,5452999,ACCEPTED,,5453011,ok,7.416
bot-029,01a0b92b-1d98-70b1-823e-4e5fa37ad6ef,726,5445627,5453024,ACCEPTED,,5453035,ok,7.408
bot-029,01a0b92b-1d98-70b1-823e-4e60215f227f,727,5445647,5453048,ACCEPTED,,5453061,ok,7.414
bot-029,01a0b92b-1d98-70b1-823e-4e61ea36f8df,728,5445665,5453108,ACCEPTED,,5453125,ok,7.460
bot-029,01a0b92b-1d98-70b1-823e-4e62f5d98638,729,5445685,5453139,ACCEPTED,,5453152,ok,7.467
bot-029,01a0b92b-1d98-70b1-823e-4e6357c42740,730,5445703,5453163,ACCEPTED,,5453205,ok,7.502
bot-029,01a0b92b-1d98-70b1-823e-4e6426f5aabb,731,5445722,5453223,ACCEPTED,,5453237,ok,7.515
bot-029,01a0b92b-1d98-70b1-823e-4e65f3d8effc,732,5445741,5453250,ACCEPTED,,5453291,ok,7.550
bot-029,01a0b92b-1d98-70b1-823e-4e6655c826ef,733,5445785,5446015,REJECTED,TOO_MANY_IN_FLIGHT,,ok,
bot-029,01a0b92b-1d98-70b1-823e-4e6769afb238,734,5445804,5446076,REJECTED,TOO_MANY_IN_FLIGHT,,ok,
bot-029,01a0b92b-1d98-70b1-823e-4e68b69a68a6,735,5445822,5446096,REJECTED,TOO_MANY_IN_FLIGHT,,ok,
bot-029,01a0b92b-1d9c-7110-98e6-6f4d2d37a8da,736,5449256,5449639,REJECTED,TOO_MANY_IN_FLIGHT,,ok,
bot-029,01a0b92b-1d9c-7110-98e6-6f4ecfa10723,737,5449310,5449661,REJECTED,TOO_MANY_IN_FLIGHT,,ok,
bot-029,01a0b92b-1d9c-7110-98e6-6f4f297425c7,738,5449336,5449673,REJECTED,TOO_MANY_IN_FLIGHT,,ok,
bot-029,01a0b92b-1d9c-7110-98e6-6f5010fad58e,739,5449357,5449685,REJECTED,TOO_MANY_IN_FLIGHT,,ok,
bot-029,01a0b92b-1d9c-7110-98e6-6f51a36f7534,740,5449376,5449698,REJECTED,TOO_MANY_IN_FLIGHT,,ok,
bot-029,01a0b92b-1d9c-7110-98e6-6f52387628ba,741,5449393,5449713,REJECTED,TOO_MANY_IN_FLIGHT,,ok,
bot-029,01a0b92b-1d9c-7110-98e6-6f530dad2bc5,742,5449410,5449724,REJECTED,TOO_MANY_IN_FLIGHT,,ok,
bot-029,01a0b92b-1d9c-7110-98e6-6f5417a74fbf,743,5449426,5449735,REJECTED,TOO_MANY_IN_FLIGHT,,ok,
bot-029,01a0b92b-1d9c-7110-98e6-6f55c02223da,744,5449442,5449746,REJECTED,TOO_MANY_IN_FLIGHT,,ok,
bot-029,01a0b92b-1d9c-7110-98e6-6f56831724ed,745,5449459,5449760,REJECTED,TOO_MANY_IN_FLIGHT,,ok,
bot-029,01a0b92b-1d9c-7110-98e6-6f5718bb5ea8,746,5449475,5449859,REJECTED,TOO_MANY_IN_FLIGHT,,ok,
bot-029,01a0b92b-1d9c-7110-98e6-6f5803549369,747,5449493,5449891,REJECTED,TOO_MANY_IN_FLIGHT,,ok,
bot-029,01a0b92b-1d9c-7110-98e6-6f59e03ace40,748,5449514,5449914,REJECTED,TOO_MANY_IN_FLIGHT,,ok,
bot-029,01a0b92b-1d9c-7110-98e6-6f5a82fd9557,749,5449573,5449946,REJECTED,TOO_MANY_IN_FLIGHT,,ok,
bot-029,01a0b92b-1d9c-7110-98e6-6f5b4e183408,750,5449594,5449960,REJECTED,TOO_MANY_IN_FLIGHT,,ok,
bot-029,01a0b92b-1d9c-7110-98e6-6f5cef4e0526,751,5449613,5449973,REJECTED,TOO_MANY_IN_FLIGHT,,ok,
bot-029,01a0b92b-1d9f-776b-a7c9-b78d5e2129db,752,5452495,5499257,ACCEPTED,,5499312,ok,46.817
bot-029,01a0b92b-1d9f-776b-a7c9-b78e069a048b,753,5452547,5499334,ACCEPTED,,5499362,ok,46.815
bot-029,01a0b92b-1d9f-776b-a7c9-b78f2bbfaf1a,754,5452570,5499374,ACCEPTED,,5499400,ok,46.830
bot-029,01a0b92b-1d9f-776b-a7c9-b79044dd5694,755,5452587,5499414,ACCEPTED,,5499432,ok,46.845
bot-029,01a0b92b-1d9f-776b-a7c9-b791fe782928,756,5452605,5499447,ACCEPTED,,5499972,ok,47.367
bot-029,01a0b92b-1d9f-776b-a7c9-b792d7e9a7e8,757,5452622,5499992,ACCEPTED,,5500006,ok,47.384
bot-029,01a0b92b-1d9f-776b-a7c9-b793a737216c,758,5452639,5500016,ACCEPTED,,5500028,ok,47.389
bot-029,01a0b92b-1d9f-776b-a7c9-b794c8593dd5,759,5452657,5500039,ACCEPTED,,5500051,ok,47.394
bot-029,01a0b92b-1d9f-776b-a7c9-b795224c6be6,760,5452675,5500063,ACCEPTED,,5500076,ok,47.401
bot-029,01a0b92b-1d9f-776b-a7c9-b796b2f73149,761,5452704,5500088,ACCEPTED,,5500101,ok,47.397
bot-029,01a0b92b-1d9f-776b-a7c9-b797a664bd0d,762,5452722,5500113,ACCEPTED,,5500126,ok,47.404
bot-029,01a0b92b-1d9f-776b-a7c9-b7980484efef,763,5452741,5500137,ACCEPTED,,5500149,ok,47.408
bot-029,01a0b92b-1d9f-776b-a7c9-b799e1b8432a,764,5452758,5500160,ACCEPTED,,5500178,ok,47.420
bot-029,01a0b92b-1d9f-776b-a7c9-b79a0c06c788,765,5452775,5500242,ACCEPTED,,5500258,ok,47.483
bot-029,01a0b92b-1d9f-776b-a7c9-b79b06b1b5b1,766,5452794,5500270,ACCEPTED,,5500284,ok,47.490
bot-029,01a0b92b-1d9f-776b-a7c9-b79c274c5c98,767,5452811,5500296,ACCEPTED,,5500308,ok,47.497
bot-029,01a0b92b-1da7-71b0-9419-0970072b3386,768,5460642,5500326,ACCEPTED,,5500339,ok,39.697
bot-029,01a0b92b-1da7-71b0-9419-0971fc43d039,769,5460740,5500350,ACCEPTED,,5500362,ok,39.622
bot-029,01a0b92b-1da7-71b0-9419-0972f6999092,770,5460761,5500373,ACCEPTED,,5500387,ok,39.626
bot-029,01a0b92b-1da7-71b0-9419-097399c17e01,771,5460780,5500403,ACCEPTED,,5500417,ok,39.637
bot-029,01a0b92b-1da7-71b0-9419-0974c1e88dc4,772,5460798,5500431,ACCEPTED,,5500498,ok,39.700
bot-029,01a0b92b-1da7-71b0-9419-097564ac7d25,773,5460817,5500522,ACCEPTED,,5500540,ok,39.723
bot-029,01a0b92b-1da7-71b0-9419-0976f846279f,774,5460830,5500606,ACCEPTED,,5500634,ok,39.804
bot-029,01a0b92b-1da7-71b0-9419-0977e56f54fe,775,5460847,5500648,ACCEPTED,,5500666,ok,39.819
bot-029,01a0b92b-1da7-71b0-9419-0978951f1cd0,776,5460859,5500680,ACCEPTED,,5500696,ok,39.837
bot-029,01a0b92b-1da7-71b0-9419-09791397908a,777,5460871,5500710,ACCEPTED,,5500727,ok,39.856
bot-029,01a0b92b-1da7-71b0-9419-097a8fe6c6b8,778,5460883,5500781,ACCEPTED,,5500800,ok,39.917
bot-029,01a0b92b-1da7-71b0-9419-097b2802ddbb,779,5460896,5500816,ACCEPTED,,5500830,ok,39.934
bot-029,01a0b92b-1da7-71b0-9419-097c2007a8d4,780,5460908,5500846,ACCEPTED,,5500860,ok,39.952
bot-029,01a0b92b-1da7-71b0-9419-097d094ca744,781,5460920,5500951,ACCEPTED,,5500982,ok,40.062
bot-029,01a0b92b-1da7-71b0-9419-097e545b97c9,782,5460933,5501001,ACCEPTED,,5501025,ok,40.092
bot-029,01a0b92b-1da7-71b0-9419-097f57977807,783,5460945,5501044,ACCEPTED,,5501066,ok,40.121
bot-029,01a0b92b-1db7-7546-87fd-35eb0517ea68,784,5476280,5501336,ACCEPTED,,5501362,ok,25.082
bot-029,01a0b92b-1db7-7546-87fd-35ed5db39286,785,5476382,5501376,ACCEPTED,,5501414,ok,25.032
bot-029,01a0b92b-1db7-7546-87fd-35ee78bc452e,786,5476414,5501425,ACCEPTED,,5501454,ok,25.040
bot-029,01a0b92b-1db7-7546-87fd-35ef4f3620f0,787,5476438,5501465,ACCEPTED,,5501493,ok,25.055
bot-029,01a0b92b-1db7-7546-87fd-35f048e0f5db,788,5476463,5501520,ACCEPTED,,5501532,ok,25.069
bot-029,01a0b92b-1db7-7546-87fd-35f16507688a,789,5476494,5501569,ACCEPTED,,5501581,ok,25.087
bot-029,01a0b92b-1db7-7546-87fd-35f21fd311f5,790,5476520,5501617,ACCEPTED,,5501629,ok,25.109
bot-029,01a0b92b-1db7-7546-87fd-35f35678f60f,791,5476543,5501666,ACCEPTED,,5501678,ok,25.135
bot-029,01a0b92b-1db7-7546-87fd-35f4fc09b2ee,792,5476567,5501687,ACCEPTED,,5501714,ok,25.147
bot-029,01a0b92b-1db7-7546-87fd-35f5d0f66230,793,5476592,5501725,ACCEPTED,,5501735,ok,25.143
bot-029,01a0b92b-1db7-7546-87fd-35f641576863,794,5476635,5501762,ACCEPTED,,5501771,ok,25.136
bot-029,01a0b92b-1db7-7546-87fd-35f7fe2f097e,795,5476669,5501781,ACCEPTED,,5501791,ok,25.122
bot-029,01a0b92b-1db7-7546-87fd-35f8964c6497,796,5476695,5501817,ACCEPTED,,5501828,ok,25.133
bot-029,01a0b92b-1db7-7546-87fd-35f990c8829a,797,5476743,5501837,ACCEPTED,,5501847,ok,25.104
bot-029,01a0b92b-1db7-7546-87fd-35fa97f242fe,798,5476768,5501874,ACCEPTED,,5501885,ok,25.117
bot-029,01a0b92b-1db7-7546-87fd-35fbc546d6f6,799,5476794,5501894,ACCEPTED,,5501909,ok,25.115
bot-029,01a0b92b-1dc6-73ae-8424-705ac7da39e2,800,5491878,5501918,ACCEPTED,,5501946,ok,10.068
bot-029,01a0b92b-1dc6-73ae-8424-705b7b8fcccc,801,5492001,5501955,ACCEPTED,,5501965,ok,9.964
bot-029,01a0b92b-1dc6-73ae-8424-705c9767281a,802,5492027,5501974,ACCEPTED,,5502002,ok,9.975
bot-029,01a0b92b-1dc7-7155-a3ef-edb33f3e5e8c,803,5492049,5502010,ACCEPTED,,5502021,ok,9.972
bot-029,01a0b92b-1dc7-7155-a3ef-edb4721732d3,804,5492066,5502030,ACCEPTED,,5502057,ok,9.991
bot-029,01a0b92b-1dc7-7155-a3ef-edb5b1e36742,805,5492084,5502066,ACCEPTED,,5502076,ok,9.992
bot-029,01a0b92b-1dc7-7155-a3ef-edb6c51fff87,806,5492103,5502085,ACCEPTED,,5502112,ok,10.009
bot-029,01a0b92b-1dc7-7155-a3ef-edb772da9c76,807,5492122,5502123,ACCEPTED,,5502133,ok,10.011
bot-029,01a0b92b-1dc7-7155-a3ef-edb8b29348d1,808,5492152,5502142,ACCEPTED,,5502168,ok,10.016
bot-029,01a0b92b-1dc7-7155-a3ef-edb95154d4ac,809,5492186,5502178,ACCEPTED,,5502188,ok,10.002
bot-029,01a0b92b-1dc7-7155-a3ef-edbabcd3fa9d,810,5492207,5502214,ACCEPTED,,5502224,ok,10.017
bot-029,01a0b92b-1dc7-7155-a3ef-edbbe05fe0a6,811,5492224,5502233,ACCEPTED,,5502243,ok,10.019
bot-029,01a0b92b-1dc7-7155-a3ef-edbc9140fcfb,812,5492242,5502270,ACCEPTED,,5502279,ok,10.037
bot-029,01a0b92b-1dc7-7155-a3ef-edbd8d8ea7dc,813,5492261,5502288,ACCEPTED,,5502298,ok,10.037
bot-029,01a0b92b-1dc7-7155-a3ef-edbe55dd5d59,814,5492299,5502325,ACCEPTED,,5502335,ok,10.036
bot-029,01a0b92b-1dc7-7155-a3ef-edbf9f3cef21,815,5492317,5502344,ACCEPTED,,5502382,ok,10.065
bot-029,01a0b92b-1dce-7684-8958-0be1b4bf57a1,816,5499488,5549731,ACCEPTED,,5549772,ok,50.284
bot-029,01a0b92b-1dce-7684-8958-0be29a73b778,817,5499547,5549787,ACCEPTED,,5549821,ok,50.274
bot-029,01a0b92b-1dce-7684-8958-0be38c9e8d78,818,5499571,5549839,ACCEPTED,,5549883,ok,50.312
bot-029,01a0b92b-1dce-7684-8958-0be42b3ceb34,819,5499593,5549898,ACCEPTED,,5549911,ok,50.318
bot-029,01a0b92b-1dce-7684-8958-0be54fd6b58b,820,5499607,5549922,ACCEPTED,,5549935,ok,50.328
bot-029,01a0b92b-1dce-7684-8958-0be6cba3a9fd,821,5499622,5549946,ACCEPTED,,5549962,ok,50.340
bot-029,01a0b92b-1dce-7684-8958-0be7e3eeb978,822,5499636,5549974,ACCEPTED,,5550819,ok,51.183
bot-029,01a0b92b-1dce-7684-8958-0be88f887723,823,5499656,5550838,ACCEPTED,,5550853,ok,51.197
bot-029,01a0b92b-1dce-7684-8958-0be95deedd75,824,5499676,5550864,ACCEPTED,,5550877,ok,51.201
bot-029,01a0b92b-1dce-7684-8958-0bea7c1716d5,825,5499687,5552998,ACCEPTED,,5553030,ok,53.343
bot-029,01a0b92b-1dce-7684-8958-0beb4c2bd0b6,826,5499706,5553044,ACCEPTED,,5553056,ok,53.350
bot-029,01a0b92b-1dce-7684-8958-0bec4fa3a29c,827,5499741,5553067,ACCEPTED,,5553079,ok,53.338
bot-029,01a0b92b-1dce-7684-8958-0bed8379c12c,828,5499753,5553089,ACCEPTED,,5553099,ok,53.346
bot-029,01a0b92b-1dce-7684-8958-0bee1777b380,829,5499767,5553109,ACCEPTED,,5553120,ok,53.353
bot-029,01a0b92b-1dce-7684-8958-0befb4565032,830,5499809,5553130,ACCEPTED,,5553140,ok,53.331
bot-029,01a0b92b-1dce-7684-8958-0bf0efdc1d07,831,5499844,5553149,ACCEPTED,,5553160,ok,53.316
bot-029,01a0b92b-1dd1-71cf-9f7a-ed6c360cfc1b,832,5502405,5553170,ACCEPTED,,5553180,ok,50.775
bot-029,01a0b92b-1dd1-71cf-9f7a-ed6dacc3b6c4,833,5502444,5553190,ACCEPTED,,5553200,ok,50.756
bot-029,01a0b92b-1dd1-71cf-9f7a-ed6e335ef59e,834,5502469,5553210,ACCEPTED,,5553220,ok,50.751
bot-029,01a0b92b-1dd1-71cf-9f7a-ed6ff035e23c,835,5502489,5553230,ACCEPTED,,5553240,ok,50.751
bot-029,01a0b92b-1dd1-71cf-9f7a-ed702ae22f90,836,5502503,5553249,ACCEPTED,,5553260,ok,50.757
bot-029,01a0b92b-1dd1-71cf-9f7a-ed717049a2b2,837,5502516,5553270,ACCEPTED,,5553280,ok,50.764
bot-029,01a0b92b-1dd1-71cf-9f7a-ed72b8f60fba,838,5502529,5553289,ACCEPTED,,5553300,ok,50.771
bot-029,01a0b92b-1dd1-71cf-9f7a-ed731a75580d,839,5502540,5553309,ACCEPTED,,5553320,ok,50.780
bot-029,01a0b92b-1dd1-71cf-9f7a-ed74aba56615,840,5502555,5553329,ACCEPTED,,5553340,ok,50.785
bot-029,01a0b92b-1dd1-71cf-9f7a-ed75184d78df,841,5502575,5553349,ACCEPTED,,5553360,ok,50.785
bot-029,01a0b92b-1dd1-71cf-9f7a-ed766e1b5afc,842,5502598,5553369,ACCEPTED,,5553398,ok,50.800
bot-029,01a0b92b-1dd1-71cf-9f7a-ed7707e2779d,843,5502620,5553411,ACCEPTED,,5553423,ok,50.803
bot-029,01a0b92b-1dd1-71cf-9f7a-ed78bc0e1ffd,844,5502664,5553433,ACCEPTED,,5553444,ok,50.780
bot-029,01a0b92b-1dd1-71cf-9f7a-ed79bbec9593,845,5502690,5553535,ACCEPTED,,5553582,ok,50.892
bot-029,01a0b92b-1dd1-71cf-9f7a-ed7a73f0eeac,846,5502715,5553597,ACCEPTED,,5553610,ok,50.895
bot-029,01a0b92b-1dd1-71cf-9f7a-ed7be64639a5,847,5502738,5553622,ACCEPTED,,5553636,ok,50.898
bot-029,01a0b92b-1dd5-71ba-8f27-fc74ba3a632a,848,5506972,5553654,ACCEPTED,,5553673,ok,46.701
bot-029,01a0b92b-1dd6-75fd-bfe8-b105bffa429c,849,5507062,5553684,ACCEPTED,,5553697,ok,46.635
bot-029,01a0b92b-1dd6-75fd-bfe8-b106ea73f029,850,5507108,5553709,ACCEPTED,,5553722,ok,46.614
bot-029,01a0b92b-1dd6-75fd-bfe8-b10787f44528,851,5507130,5553732,ACCEPTED,,5553760,ok,46.630
bot-029,01a0b92b-1dd6-75fd-bfe8-b1081773a8a4,852,5507154,5553772,ACCEPTED,,5553784,ok,46.630
bot-029,01a0b92b-1dd6-75fd-bfe8-b109d95661b1,853,5507174,5553795,ACCEPTED,,5553807,ok,46.633
bot-029,01a0b92b-1dd6-75fd-bfe8-b10a66e90a48,854,5507194,5553818,ACCEPTED,,5553831,ok,46.637
bot-029,01a0b92b-1dd6-75fd-bfe8-b10b18b84c85,855,5507214,5553842,ACCEPTED,,5553854,ok,46.640
bot-029,01a0b92b-1dd6-75fd-bfe8-b10c1e64f89b,856,5507234,5553865,ACCEPTED,,5553877,ok,46.643
bot-029,01a0b92b-1dd6-75fd-bfe8-b10d75afc5c2,857,5507254,5553888,ACCEPTED,,5553900,ok,46.646
bot-029,01a0b92b-1dd6-75fd-bfe8-b10e2d3f5504,858,5507274,5553911,ACCEPTED,,5553922,ok,46.648
bot-029,01a0b92b-1dd6-75fd-bfe8-b10fa824ad86,859,5507295,5553933,ACCEPTED,,5553945,ok,46.650
bot-029,01a0b92b-1dd6-75fd-bfe8-b1109284a933,860,5507338,5553956,ACCEPTED,,5553968,ok,46.630
bot-029,01a0b92b-1dd6-75fd-bfe8-b1119783bc6d,861,5507359,5553978,ACCEPTED,,5553990,ok,46.631
bot-029,01a0b92b-1dd6-75fd-bfe8-b112722a09a4,862,5507379,5554001,ACCEPTED,,5554011,ok,46.632
bot-029,01a0b92b-1dd6-75fd-bfe8-b11376ecf15d,863,5507399,5554020,ACCEPTED,,5554031,ok,46.632
bot-029,01a0b92b-1de5-74e8-920c-4aa6fb299532,864,5522512,5554040,ACCEPTED,,5554051,ok,31.539
bot-029,01a0b92b-1de5-74e8-920c-4aa7953693f7,865,5522624,5554062,ACCEPTED,,5554074,ok,31.450
bot-029,01a0b92b-1de5-74e8-920c-4aa8a3fbbe5c,866,5522650,5554085,ACCEPTED,,5554096,ok,31.446
bot-029,01a0b92b-1de5-74e8-920c-4aa9d46fc0be,867,5522668,5554107,ACCEPTED,,5554117,ok,31.449
bot-029,01a0b92b-1de5-74e8-920c-4aaa1f718b1e,868,5522686,5554126,ACCEPTED,,5554136,ok,31.450
bot-029,01a0b92b-1de5-74e8-920c-4aabfdfd6b4f,869,5522705,5554145,ACCEPTED,,5554155,ok,31.450
bot-029,01a0b92b-1de5-74e8-920c-4aac2aa519aa,870,5522722,5554164,ACCEPTED,,5554174,ok,31.452
bot-029,01a0b92b-1de5-74e8-920c-4aad888e8219,871,5522739,5554182,ACCEPTED,,5554194,ok,31.455
bot-029,01a0b92b-1de5-74e8-920c-4aae0922a533,872,5522757,5554204,ACCEPTED,,5554216,ok,31.459
bot-029,01a0b92b-1de5-74e8-920c-4aafcb50d7a7,873,5522778,5554227,ACCEPTED,,5554239,ok,31.461
bot-029,01a0b92b-1de5-74e8-920c-4ab0d6ad4a85,874,5522797,5554249,ACCEPTED,,5554261,ok,31.464
bot-029,01a0b92b-1de5-74e8-920c-4ab17d6411b4,875,5522814,5554271,ACCEPTED,,5554283,ok,31.469
bot-029,01a0b92b-1de5-74e8-920c-4ab2bc8d2844,876,5522832,5554293,ACCEPTED,,5554305,ok,31.473
bot-029,01a0b92b-1de5-74e8-920c-4ab3a2b1c406,877,5522859,5554316,ACCEPTED,,5554328,ok,31.469
bot-029,01a0b92b-1de5-74e8-920c-4ab414d5bebc,878,5522904,5554338,ACCEPTED,,5554350,ok,31.446
bot-029,01a0b92b-1de5-74e8-920c-4ab53349eb78,879,5522926,5554361,ACCEPTED,,5554372,ok,31.446
bot-029,01a0b92b-1df4-73f4-8e11-197024c25b93,880,5537568,5538261,REJECTED,TOO_MANY_IN_FLIGHT,,ok,
bot-029,01a0b92b-1df4-73f4-8e11-1971322a853a,881,5537695,5538464,REJECTED,TOO_MANY_IN_FLIGHT,,ok,
bot-029,01a0b92b-1df4-73f4-8e11-19720ca4df54,882,5537724,5538492,REJECTED,TOO_MANY_IN_FLIGHT,,ok,
bot-029,01a0b92b-1df4-73f4-8e11-19733ab1632c,883,5537743,5538716,REJECTED,TOO_MANY_IN_FLIGHT,,ok,
bot-029,01a0b92b-1df4-73f4-8e11-19740b5c8f85,884,5537761,5538751,REJECTED,TOO_MANY_IN_FLIGHT,,ok,
bot-029,01a0b92b-1df4-73f4-8e11-1975248605f9,885,5537777,5538950,REJECTED,TOO_MANY_IN_FLIGHT,,ok,
bot-029,01a0b92b-1df4-73f4-8e11-1976cfe25007,886,5537794,5538988,REJECTED,TOO_MANY_IN_FLIGHT,,ok,
bot-029,01a0b92b-1df4-73f4-8e11-19772d75a81a,887,5537990,5539037,REJECTED,TOO_MANY_IN_FLIGHT,,ok,
bot-029,01a0b92b-1df4-73f4-8e11-1978f192d65d,888,5538018,5539053,REJECTED,TOO_MANY_IN_FLIGHT,,ok,
bot-029,01a0b92b-1df4-73f4-8e11-19790cad2e52,889,5538031,5539169,REJECTED,TOO_MANY_IN_FLIGHT,,ok,
bot-029,01a0b92b-1df5-7483-9aa3-60b0c64d5190,890,5538052,5539183,REJECTED,TOO_MANY_IN_FLIGHT,,ok,
bot-029,01a0b92b-1df5-7483-9aa3-60b11128c84e,891,5538096,5539208,REJECTED,TOO_MANY_IN_FLIGHT,,ok,
bot-029,01a0b92b-1df5-7483-9aa3-60b219b4f48b,892,5538118,5539231,REJECTED,TOO_MANY_IN_FLIGHT,,ok,
bot-029,01a0b92b-1df5-7483-9aa3-60b35a70c5e0,893,5538139,5539245,REJECTED,TOO_MANY_IN_FLIGHT,,ok,
bot-029,01a0b92b-1df5-7483-9aa3-60b4e2fc1bec,894,5538158,5539260,REJECTED,TOO_MANY_IN_FLIGHT,,ok,
bot-029,01a0b92b-1df5-7483-9aa3-60b5c3cb6722,895,5538180,5539344,REJECTED,TOO_MANY_IN_FLIGHT,,ok,
bot-029,01a0b92b-1e00-7341-a22e-e5cfd374eeea,896,5550016,5599913,ACCEPTED,,5599926,ok,49.910
bot-029,01a0b92b-1e01-714f-9717-029f2733a8d8,897,5550082,5599939,ACCEPTED,,5599957,ok,49.875
bot-029,01a0b92b-1e01-714f-9717-02a0300d82f9,898,5550129,5599969,ACCEPTED,,5599982,ok,49.853
bot-029,01a0b92b-1e01-714f-9717-02a1969b08f0,899,5550172,5599993,ACCEPTED,,5600003,ok,49.831
bot-029,01a0b92b-1e01-714f-9717-02a208ff3a4d,900,5550323,5600015,ACCEPTED,,5600057,ok,49.734
bot-029,01a0b92b-1e01-714f-9717-02a376cbad2d,901,5550423,5600083,ACCEPTED,,5600117,ok,49.694
bot-029,01a0b92b-1e01-714f-9717-02a45555e812,902,5550450,5600132,ACCEPTED,,5600147,ok,49.697
bot-029,01a0b92b-1e01-714f-9717-02a5400e5116,903,5550588,5600168,ACCEPTED,,5600194,ok,49.606
bot-029,01a0b92b-1e01-714f-9717-02a607672672,904,5550654,5600215,ACCEPTED,,5600248,ok,49.594
bot-029,01a0b92b-1e01-714f-9717-02a7e40fba06,905,5550698,5600273,ACCEPTED,,5600297,ok,49.599
bot-029,01a0b92b-1e01-714f-9717-02a8d23ee10b,906,5550715,5600317,ACCEPTED,,5600385,ok,49.670
bot-029,01a0b92b-1e01-714f-9717-02a94bd4bdac,907,5550746,5600411,ACCEPTED,,5600428,ok,49.682
bot-029,01a0b92b-1e01-714f-9717-02aab1601dda,908,5550763,5600456,ACCEPTED,,5600475,ok,49.712
bot-029,01a0b92b-1e01-714f-9717-02abf37d3426,909,5550777,5600498,ACCEPTED,,5600522,ok,49.745
bot-029,01a0b92b-1e01-714f-9717-02ac797a1ac7,910,5550790,5600553,ACCEPTED,,5600568,ok,49.778
bot-029,01a0b92b-1e01-714f-9717-02ad3291b19c,911,5550803,5600581,ACCEPTED,,5600594,ok,49.791
bot-029,01a0b92b-1e05-77f4-8ebd-867a9f9b31a4,912,5554468,5600608,ACCEPTED,,5600619,ok,46.151
bot-029,01a0b92b-1e05-77f4-8ebd-867b96b28430,913,5554548,5600686,ACCEPTED,,5600703,ok,46.155
bot-029,01a0b92b-1e05-77f4-8ebd-867c8211a2e9,914,5554604,5600717,ACCEPTED,,5600730,ok,46.126
bot-029,01a0b92b-1e05-77f4-8ebd-867d8dc02981,915,5554843,5600770,ACCEPTED,,5600788,ok,45.945
bot-029,01a0b92b-1e05-77f4-8ebd-867e15c600d4,916,5554902,5600829,ACCEPTED,,5600844,ok,45.942
bot-029,01a0b92b-1e05-77f4-8ebd-867f1d26c61f,917,5554943,5600877,ACCEPTED,,5600892,ok,45.949
bot-029,01a0b92b-1e05-77f4-8ebd-86807b29b002,918,5555000,5600939,ACCEPTED,,5600965,ok,45.965
bot-029,01a0b92b-1e05-77f4-8ebd-8681b8426eeb,919,5555044,5600988,ACCEPTED,,5601007,ok,45.963
bot-029,01a0b92b-1e06-7194-a916-77d65f038390,920,5555082,5601062,ACCEPTED,,5601082,ok,46.000
bot-029,01a0b92b-1e06-7194-a916-77d7ac3fd410,921,5555124,5601098,ACCEPTED,,5601124,ok,46.000
bot-029,01a0b92b-1e06-7194-a916-77d8f84dede9,922,5555188,5601188,ACCEPTED,,5601360,ok,46.172
bot-029,01a0b92b-1e06-7194-a916-77d94271971c,923,5555215,5601383,ACCEPTED,,5601430,ok,46.215
bot-029,01a0b92b-1e06-7194-a916-77daffe40c8b,924,5555239,5601445,ACCEPTED,,5601485,ok,46.246
bot-029,01a0b92b-1e06-7194-a916-77dbe4de7fd9,925,5555263,5601501,ACCEPTED,,5601540,ok,46.277
bot-029,01a0b92b-1e06-7194-a916-77dc27712536,926,5555288,5601558,ACCEPTED,,5601604,ok,46.316
bot-029,01a0b92b-1e06-7194-a916-77ddc8306a04,927,5555311,5601621,ACCEPTED,,5601658,ok,46.347
bot-029,01a0b92b-1e13-76ec-bdf2-7557757fff60,928,5568274,5601672,ACCEPTED,,5601708,ok,33.434
bot-029,01a0b92b-1e13-76ec-bdf2-75580f108398,929,5568404,5601723,ACCEPTED,,5601760,ok,33.356
bot-029,01a0b92b-1e13-76ec-bdf2-75593c2e6960,930,5568442,5601777,ACCEPTED,,5601819,ok,33.377
bot-029,01a0b92b-1e13-76ec-bdf2-755a3a37cf63,931,5568609,5601836,ACCEPTED,,5601852,ok,33.243
bot-029,01a0b92b-1e13-76ec-bdf2-755b1d03ee1e,932,5568689,5601895,ACCEPTED,,5601914,ok,33.225
bot-029,01a0b92b-1e13-76ec-bdf2-755c05865b3d,933,5568767,5601955,ACCEPTED,,5601973,ok,33.206
bot-029,01a0b92b-1e13-76ec-bdf2-755d47e2eb3a,934,5568809,5602020,ACCEPTED,,5602035,ok,33.226
bot-029,01a0b92b-1e13-76ec-bdf2-755eee6ec578,935,5568938,5602068,ACCEPTED,,5602106,ok,33.168
bot-029,01a0b92b-1e14-74e0-a625-6eb3903013f4,936,5569057,5602121,ACCEPTED,,5602171,ok,33.114
bot-029,01a0b92b-1e14-74e0-a625-6eb4a46594f5,937,5569125,5602185,ACCEPTED,,5602200,ok,33.075
bot-029,01a0b92b-1e14-74e0-a625-6eb52eec2d2f,938,5569182,5602253,ACCEPTED,,5602271,ok,33.089
bot-029,01a0b92b-1e14-74e0-a625-6eb6c477458e,939,5569210,5602308,ACCEPTED,,5602324,ok,33.114
bot-029,01a0b92b-1e14-74e0-a625-6eb741378185,940,5569231,5602358,ACCEPTED,,5602374,ok,33.143
bot-029,01a0b92b-1e14-74e0-a625-6eb829bc5266,941,5569253,5602422,ACCEPTED,,5602450,ok,33.197
bot-029,01a0b92b-1e14-74e0-a625-6eb94602a1a1,942,5569272,5602466,ACCEPTED,,5602971,ok,33.699
bot-029,01a0b92b-1e14-74e0-a625-6eba585e3efc,943,5569292,5602992,ACCEPTED,,5603007,ok,33.715
bot-029,01a0b92b-1e22-714d-a4cb-6a994e64328b,944,5583579,5603023,ACCEPTED,,5603036,ok,19.457
bot-029,01a0b92b-1e22-714d-a4cb-6a9a0918c99a,945,5583711,5603047,ACCEPTED,,5603061,ok,19.350
bot-029,01a0b92b-1e22-714d-a4cb-6a9b04e04711,946,5583759,5603072,ACCEPTED,,5603085,ok,19.326
bot-029,01a0b92b-1e22-714d-a4cb-6a9c3e54524b,947,5583796,5603096,ACCEPTED,,5603109,ok,19.313
bot-029,01a0b92b-1e22-714d-a4cb-6a9daf7a4267,948,5583818,5603121,ACCEPTED,,5603134,ok,19.316
bot-029,01a0b92b-1e22-714d-a4cb-6a9ea25cee87,949,5583839,5603145,ACCEPTED,,5603159,ok,19.320
bot-029,01a0b92b-1e22-714d-a4cb-6a9f23cae38e,950,5583864,5603171,ACCEPTED,,5603183,ok,19.319
bot-029,01a0b92b-1e22-714d-a4cb-6aa0ff1ff47a,951,5583885,5603200,ACCEPTED,,5603212,ok,19.327
bot-029,01a0b92b-1e22-714d-a4cb-6aa14df45f25,952,5583907,5603222,ACCEPTED,,5603232,ok,19.325
bot-029,01a0b92b-1e22-714d-a4cb-6aa265de7cbc,953,5583928,5603242,ACCEPTED,,5603254,ok,19.326
bot-029,01a0b92b-1e22-714d-a4cb-6aa3472cb34e,954,5583975,5603275,ACCEPTED,,5603293,ok,19.318
bot-029,01a0b92b-1e22-714d-a4cb-6aa4fb9193df,955,5583995,5603304,ACCEPTED,,5603320,ok,19.325
bot-029,01a0b92b-1e23-7526-93bf-3fd29c276cca,956,5584054,5603383,ACCEPTED,,5603408,ok,19.354
bot-029,01a0b92b-1e23-7526-93bf-3fd3f9aa4aff,957,5584122,5603427,ACCEPTED,,5603441,ok,19.319
bot-029,01a0b92b-1e23-7526-93bf-3fd4a25b18c1,958,5584173,5603454,ACCEPTED,,5603505,ok,19.332
bot-029,01a0b92b-1e23-7526-93bf-3fd565754d5b,959,5584195,5603518,ACCEPTED,,5603534,ok,19.339
bot-029,01a0b92b-1e31-747c-8601-328551f160bc,960,5598957,5599790,REJECTED,TOO_MANY_IN_FLIGHT,,ok,
bot-029,01a0b92b-1e32-7385-b7fe-04ad062b537a,961,5599174,5599821,REJECTED,TOO_MANY_IN_FLIGHT,,ok,
bot-029,01a0b92b-1e32-7385-b7fe-04aeb949511f,962,5599213,5599837,REJECTED,TOO_MANY_IN_FLIGHT,,ok,
bot-029,01a0b92b-1e32-7385-b7fe-04afade92b63,963,5599233,5599850,REJECTED,TOO_MANY_IN_FLIGHT,,ok,
bot-029,01a0b92b-1e32-7385-b7fe-04b0f58e5b22,964,5599257,5599862,REJECTED,TOO_MANY_IN_FLIGHT,,ok,
bot-029,01a0b92b-1e32-7385-b7fe-04b1b4ba2cd3,965,5599276,5599874,REJECTED,TOO_MANY_IN_FLIGHT,,ok,
bot-029,01a0b92b-1e32-7385-b7fe-04b2a2c8feb3,966,5599297,5599887,REJECTED,TOO_MANY_IN_FLIGHT,,ok,
bot-029,01a0b92b-1e32-7385-b7fe-04b38f3b3de0,967,5599320,5599900,REJECTED,TOO_MANY_IN_FLIGHT,,ok,
bot-029,01a0b92b-1e32-7385-b7fe-04b477070348,968,5599346,5649500,ACCEPTED,,5649548,ok,50.202
bot-029,01a0b92b-1e32-7385-b7fe-04b52c702c37,969,5599371,5649629,ACCEPTED,,5649660,ok,50.289
bot-029,01a0b92b-1e32-7385-b7fe-04b61486a0ce,970,5599418,5649674,ACCEPTED,,5649703,ok,50.285
bot-029,01a0b92b-1e32-7385-b7fe-04b7a8744fa2,971,5599449,5649720,ACCEPTED,,5649741,ok,50.292
bot-029,01a0b92b-1e32-7385-b7fe-04b8413cd4df,972,5599597,5649761,ACCEPTED,,5649775,ok,50.178
bot-029,01a0b92b-1e32-7385-b7fe-04b9a3a8939e,973,5599622,5649786,ACCEPTED,,5649800,ok,50.178
bot-029,01a0b92b-1e32-7385-b7fe-04bad0f5ded1,974,5599643,5649812,ACCEPTED,,5649828,ok,50.185
bot-029,01a0b92b-1e32-7385-b7fe-04bb0a5a73bd,975,5599666,5649841,ACCEPTED,,5649857,ok,50.191
bot-029,01a0b92b-1e35-73de-a835-b5f6ebfa8a7e,976,5602503,5649885,ACCEPTED,,5652589,ok,50.086
bot-029,01a0b92b-1e35-73de-a835-b5f723f6af7f,977,5602580,5652623,ACCEPTED,,5652637,ok,50.057
bot-029,01a0b92b-1e35-73de-a835-b5f8bc5483d5,978,5602611,5652647,ACCEPTED,,5652658,ok,50.047
bot-029,01a0b92b-1e35-73de-a835-b5f94554ec5a,979,5602634,5652668,ACCEPTED,,5652678,ok,50.044
bot-029,01a0b92b-1e35-73de-a835-b5fa526bdb5a,980,5602649,5652687,ACCEPTED,,5652698,ok,50.049
bot-029,01a0b92b-1e35-73de-a835-b5fb51cc1602,981,5602671,5652707,ACCEPTED,,5652717,ok,50.046
bot-029,01a0b92b-1e35-73de-a835-b5fc1c2a74f9,982,5602699,5652727,ACCEPTED,,5652737,ok,50.038
bot-029,01a0b92b-1e35-73de-a835-b5fd71418d2f,983,5602722,5652746,ACCEPTED,,5652756,ok,50.034
bot-029,01a0b92b-1e35-73de-a835-b5fed9e66ef6,984,5602743,5652766,ACCEPTED,,5652776,ok,50.033
bot-029,01a0b92b-1e35-73de-a835-b5ff367c4c36,985,5602758,5652785,ACCEPTED,,5652797,ok,50.039
bot-029,01a0b92b-1e35-73de-a835-b600ecbe0bee,986,5602786,5652808,ACCEPTED,,5652819,ok,50.033
bot-029,01a0b92b-1e35-73de-a835-b601c4631ab7,987,5602839,5652870,ACCEPTED,,5652884,ok,50.045
bot-029,01a0b92b-1e35-73de-a835-b6023a8c63cc,988,5602854,5652895,ACCEPTED,,5652912,ok,50.058
bot-029,01a0b92b-1e35-73de-a835-b6031ea48ab4,989,5602873,5652923,ACCEPTED,,5652934,ok,50.061
bot-029,01a0b92b-1e35-73de-a835-b604244ccbf0,990,5602893,5652945,ACCEPTED,,5652956,ok,50.063
bot-029,01a0b92b-1e35-73de-a835-b605d73a24c1,991,5602906,5652966,ACCEPTED,,5652977,ok,50.071
bot-029,01a0b92b-1e41-7548-b687-75ce1b1207a6,992,5614689,5652988,ACCEPTED,,5652999,ok,38.310
bot-029,01a0b92b-1e41-7548-b687-75cfb3eab3ff,993,5614808,5653010,ACCEPTED,,5653021,ok,38.213
bot-029,01a0b92b-1e41-7548-b687-75d0e14f6090,994,5614837,5653105,ACCEPTED,,5653130,ok,38.293
bot-029,01a0b92b-1e41-7548-b687-75d1709a9896,995,5614860,5653144,ACCEPTED,,5653157,ok,38.297
bot-029,01a0b92b-1e41-7548-b687-75d22808ebe8,996,5614880,5653169,ACCEPTED,,5653182,ok,38.302
bot-029,01a0b92b-1e41-7548-b687-75d385836bcb,997,5614901,5653193,ACCEPTED,,5653206,ok,38.305
bot-029,01a0b92b-1e41-7548-b687-75d431427a95,998,5614923,5653218,ACCEPTED,,5653231,ok,38.308
bot-029,01a0b92b-1e41-7548-b687-75d5b69f5d17,999,5614947,5653243,ACCEPTED,,5653257,ok,38.310
bot-029,01a0b92b-1e41-7548-b687-75d6ea121e1f,1000,5614967,5653279,ACCEPTED,,5653295,ok,38.328
bot-029,01a0b92b-1e41-7548-b687-75d7d075fec8,1001,5614985,5653308,ACCEPTED,,5653322,ok,38.337
bot-029,01a0b92b-1e41-7548-b687-75d82fb74f13,1002,5615002,5653335,ACCEPTED,,5653349,ok,38.347
bot-029,01a0b92b-1e41-7548-b687-75d94a147eec,1003,5615043,5653361,ACCEPTED,,5653375,ok,38.332
bot-029,01a0b92b-1e42-74ec-b391-9fabc0a95f2c,1004,5615085,5653388,ACCEPTED,,5653401,ok,38.316
bot-029,01a0b92b-1e42-74ec-b391-9fac32a0d3f8,1005,5615113,5653414,ACCEPTED,,5653427,ok,38.314
bot-029,01a0b92b-1e42-74ec-b391-9fad1e5b7d2d,1006,5615146,5653441,ACCEPTED,,5653460,ok,38.314
bot-029,01a0b92b-1e42-74ec-b391-9fae4c0947fd,1007,5615189,5653474,ACCEPTED,,5653488,ok,38.299
bot-029,01a0b92b-1e50-7763-92b1-a862b8c0feba,1008,5630019,5653501,ACCEPTED,,5653515,ok,23.496
bot-029,01a0b92b-1e51-7568-af4d-5fdd87cbee3f,1009,5630109,5653528,ACCEPTED,,5653546,ok,23.437
bot-029,01a0b92b-1e51-7568-af4d-5fde938426bb,1010,5630155,5653560,ACCEPTED,,5653574,ok,23.419
bot-029,01a0b92b-1e51-7568-af4d-5fdf3084a8ab,1011,5630178,5653596,ACCEPTED,,5653617,ok,23.439
bot-029,01a0b92b-1e51-7568-af4d-5fe0344b16ec,1012,5630197,5653733,ACCEPTED,,5653851,ok,23.654
bot-029,01a0b92b-1e51-7568-af4d-5fe19b302c41,1013,5630220,5653929,ACCEPTED,,5653963,ok,23.743
bot-029,01a0b92b-1e51-7568-af4d-5fe2ca868586,1014,5630238,5653984,ACCEPTED,,5654094,ok,23.856
bot-029,01a0b92b-1e51-7568-af4d-5fe3b3d171d1,1015,5630258,5654169,ACCEPTED,,5654196,ok,23.938
bot-029,01a0b92b-1e51-7568-af4d-5fe498135c36,1016,5630278,5654251,ACCEPTED,,5654276,ok,23.998
bot-029,01a0b92b-1e51-7568-af4d-5fe5b968eb08,1017,5630300,5654343,ACCEPTED,,5654407,ok,24.107
bot-029,01a0b92b-1e51-7568-af4d-5fe6a5ae6c21,1018,5630321,5654431,ACCEPTED,,5654489,ok,24.168
bot-029,01a0b92b-1e51-7568-af4d-5fe7f181d19d,1019,5630342,5654508,ACCEPTED,,5654536,ok,24.194
bot-029,01a0b92b-1e51-7568-af4d-5fe8b5e534e6,1020,5630367,5654554,ACCEPTED,,5654611,ok,24.244
bot-029,01a0b92b-1e51-7568-af4d-5fe9bfa9c88d,1021,5630408,5654637,ACCEPTED,,5654705,ok,24.297
bot-029,01a0b92b-1e51-7568-af4d-5feaee80a9c1,1022,5630428,5654784,ACCEPTED,,5654840,ok,24.412
bot-029,01a0b92b-1e51-7568-af4d-5febcedd9b99,1023,5630447,5654919,ACCEPTED,,5654945,ok,24.498
bot-029,01a0b92b-1e5f-73c1-9281-159313b7a125,1024,5645033,5654995,ACCEPTED,,5655045,ok,10.012
bot-029,01a0b92b-1e60-7504-8719-55b79c59a3ed,1025,5645178,5655064,ACCEPTED,,5655128,ok,9.950
bot-029,01a0b92b-1e60-7504-8719-55b8400ac263,1026,5645228,5655156,ACCEPTED,,5655188,ok,9.960
bot-029,01a0b92b-1e60-7504-8719-55b97f0c5579,1027,5645258,5655211,ACCEPTED,,5655283,ok,10.025
bot-029,01a0b92b-1e60-7504-8719-55ba7448a24d,1028,5645280,5655349,ACCEPTED,,5655380,ok,10.100
bot-029,01a0b92b-1e60-7504-8719-55bb9de7be2e,1029,5645302,5655393,ACCEPTED,,5655409,ok,10.107
bot-029,01a0b92b-1e60-7504-8719-55bc6d5e4342,1030,5645349,5655470,ACCEPTED,,5655500,ok,10.151
bot-029,01a0b92b-1e60-7504-8719-55bd08f81820,1031,5645395,5655528,ACCEPTED,,5655550,ok,10.155
bot-029,01a0b92b-1e60-7504-8719-55bee0823fa4,1032,5645423,5645775,REJECTED,TOO_MANY_IN_FLIGHT,,ok,
bot-029,01a0b92b-1e60-7504-8719-55bf8a9e14fb,1033,5645465,5645822,REJECTED,TOO_MANY_IN_FLIGHT,,ok,
bot-029,01a0b92b-1e60-7504-8719-55c08d719be9,1034,5645525,5645838,REJECTED,TOO_MANY_IN_FLIGHT,,ok,
bot-029,01a0b92b-1e60-7504-8719-55c14720bde1,1035,5645574,5646030,REJECTED,TOO_MANY_IN_FLIGHT,,ok,
bot-029,01a0b92b-1e60-7504-8719-55c2124d2da7,1036,5645619,5646060,REJECTED,TOO_MANY_IN_FLIGHT,,ok,
bot-029,01a0b92b-1e60-7504-8719-55c30309182a,1037,5645642,5646074,REJECTED,TOO_MANY_IN_FLIGHT,,ok,
bot-029,01a0b92b-1e60-7504-8719-55c45d325e59,1038,5645674,5646088,REJECTED,TOO_MANY_IN_FLIGHT,,ok,
bot-029,01a0b92b-1e60-7504-8719-55c566575243,1039,5645694,5646103,REJECTED,TOO_MANY_IN_FLIGHT,,ok,
bot-029,01a0b92b-1e64-77d9-bb30-b16842b73b55,1040,5649929,5699205,ACCEPTED,,5699258,ok,49.329
bot-029,01a0b92b-1e64-77d9-bb30-b16949a80c79,1041,5650005,5699276,ACCEPTED,,5699293,ok,49.288
bot-029,01a0b92b-1e64-77d9-bb30-b16a6b5133fc,1042,5650032,5699308,ACCEPTED,,5699333,ok,49.301
bot-029,01a0b92b-1e65-72e5-aca7-55ef2ed543f9,1043,5650052,5699346,ACCEPTED,,5699358,ok,49.306
bot-029,01a0b92b-1e65-72e5-aca7-55f0eb04974b,1044,5650072,5699368,ACCEPTED,,5699378,ok,49.306
bot-029,01a0b92b-1e65-72e5-aca7-55f13fb8d960,1045,5650087,5699396,ACCEPTED,,5699409,ok,49.322
bot-029,01a0b92b-1e65-72e5-aca7-55f20ff0ae29,1046,5650100,5699419,ACCEPTED,,5699435,ok,49.335
bot-029,01a0b92b-1e65-72e5-aca7-55f3ffb35858,1047,5650122,5699485,ACCEPTED,,5699516,ok,49.394
bot-029,01a0b92b-1e65-72e5-aca7-55f466f299cf,1048,5650231,5699532,ACCEPTED,,5699548,ok,49.317
bot-029,01a0b92b-1e66-7191-8e9d-b5891e5f5c1f,1049,5651483,5699566,ACCEPTED,,5699583,ok,48.100
bot-029,01a0b92b-1e66-7191-8e9d-b58a155611bd,1050,5651950,5699601,ACCEPTED,,5699617,ok,47.667
bot-029,01a0b92b-1e66-7191-8e9d-b58bd2f86881,1051,5652230,5699635,ACCEPTED,,5699651,ok,47.421
bot-029,01a0b92b-1e67-7328-8329-7f46d4835052,1052,5652284,5699669,ACCEPTED,,5699685,ok,47.401
bot-029,01a0b92b-1e67-7328-8329-7f47980089e5,1053,5652343,5699699,ACCEPTED,,5699728,ok,47.385
bot-029,01a0b92b-1e67-7328-8329-7f487b27b360,1054,5652382,5699746,ACCEPTED,,5699762,ok,47.380
bot-029,01a0b92b-1e67-7328-8329-7f49987900b2,1055,5652455,5699774,ACCEPTED,,5699783,ok,47.328
bot-029,01a0b92b-1e6a-7608-932a-2905794f403f,1056,5655599,5699792,ACCEPTED,,5699802,ok,44.203
bot-029,01a0b92b-1e6a-7608-932a-2906299204a0,1057,5655652,5699811,ACCEPTED,,5700234,ok,44.582
bot-029,01a0b92b-1e6a-7608-932a-290711e09ec8,1058,5655691,5700251,ACCEPTED,,5700264,ok,44.573
bot-029,01a0b92b-1e6a-7608-932a-2908bddc98cc,1059,5655719,5700274,ACCEPTED,,5700285,ok,44.566
bot-029,01a0b92b-1e6a-7608-932a-290930652db0,1060,5655755,5700295,ACCEPTED,,5700305,ok,44.550
bot-029,01a0b92b-1e6a-7608-932a-290ad563bca4,1061,5655779,5700314,ACCEPTED,,5700325,ok,44.546
bot-029,01a0b92b-1e6a-7608-932a-290b5a58a09e,1062,5655803,5700336,ACCEPTED,,5705552,ok,49.749
bot-029,01a0b92b-1e6a-7608-932a-290cfb552ad4,1063,5655838,5705584,ACCEPTED,,5705610,ok,49.772
bot-029,01a0b92b-1e6a-7608-932a-290df8233471,1064,5655870,5705621,ACCEPTED,,5705633,ok,49.763
bot-029,01a0b92b-1e6a-7608-932a-290e92ecbcee,1065,5655929,5705644,ACCEPTED,,5705656,ok,49.727
bot-029,01a0b92b-1e6b-7219-ac2b-a1c71bd8baf6,1066,5656084,5705668,ACCEPTED,,5705680,ok,49.596
bot-029,01a0b92b-1e6b-7219-ac2b-a1c8685b2399,1067,5656127,5705688,ACCEPTED,,5705696,ok,49.569
bot-029,01a0b92b-1e6b-7219-ac2b-a1c95ca0effa,1068,5656152,5705704,ACCEPTED,,5705712,ok,49.560
bot-029,01a0b92b-1e6b-7219-ac2b-a1cac85b83d8,1069,5656192,5705720,ACCEPTED,,5705728,ok,49.536
bot-029,01a0b92b-1e6b-7219-ac2b-a1cb0e43ee49,1070,5656214,5705736,ACCEPTED,,5705744,ok,49.530
bot-029,01a0b92b-1e6b-7219-ac2b-a1ccc6d80e8d,1071,5656232,5705754,ACCEPTED,,5705766,ok,49.534
bot-029,01a0b92b-1e6f-743e-b2ae-56a72bc4a4ca,1072,5660190,5705777,ACCEPTED,,5705794,ok,45.604
bot-029,01a0b92b-1e6f-743e-b2ae-56a8bd9e1fbd,1073,5660396,5705811,ACCEPTED,,5705825,ok,45.429
bot-029,01a0b92b-1e6f-743e-b2ae-56a91a824c57,1074,5660491,5705833,ACCEPTED,,5705845,ok,45.354
bot-029,01a0b92b-1e6f-743e-b2ae-56aaee43e5bf,1075,5660568,5705857,ACCEPTED,,5705869,ok,45.301
bot-029,01a0b92b-1e6f-743e-b2ae-56ab17a28ab1,1076,5660629,5705879,ACCEPTED,,5705891,ok,45.262
bot-029,01a0b92b-1e6f-743e-b2ae-56acad357b28,1077,5660663,5705902,ACCEPTED,,5705914,ok,45.251
bot-029,01a0b92b-1e6f-743e-b2ae-56ad4ebd3117,1078,5660690,5705925,ACCEPTED,,5705936,ok,45.246
bot-029,01a0b92b-1e6f-743e-b2ae-56ae4d785746,1079,5660714,5705947,ACCEPTED,,5705959,ok,45.245
bot-029,01a0b92b-1e6f-743e-b2ae-56afc6ec7031,1080,5660738,5705969,ACCEPTED,,5705981,ok,45.243
bot-029,01a0b92b-1e6f-743e-b2ae-56b0c714daf4,1081,5660797,5705991,ACCEPTED,,5706003,ok,45.206
bot-029,01a0b92b-1e6f-743e-b2ae-56b1eee5a1c2,1082,5660911,5706014,ACCEPTED,,5706025,ok,45.114
bot-029,01a0b92b-1e6f-743e-b2ae-56b27a5c6963,1083,5661001,5706036,ACCEPTED,,5706048,ok,45.047
bot-029,01a0b92b-1e6f-743e-b2ae-56b3333122b1,1084,5661045,5706058,ACCEPTED,,5706069,ok,45.024
bot-029,01a0b92b-1e70-7248-b180-9c0997e7a6de,1085,5661083,5706080,ACCEPTED,,5706092,ok,45.009
bot-029,01a0b92b-1e70-7248-b180-9c0a1c269e40,1086,5661110,5706102,ACCEPTED,,5706114,ok,45.004
bot-029,01a0b92b-1e70-7248-b180-9c0b492b6683,1087,5661134,5706125,ACCEPTED,,5706137,ok,45.003
bot-029,01a0b92b-1e7e-70b0-976e-839df6a5b512,1088,5675290,5706148,ACCEPTED,,5706160,ok,30.870
bot-029,01a0b92b-1e7e-70b0-976e-839f3bc770bd,1089,5675440,5706171,ACCEPTED,,5706183,ok,30.743
bot-029,01a0b92b-1e7e-70b0-976e-83a02f8d2cd3,1090,5675512,5706193,ACCEPTED,,5706207,ok,30.695
bot-029,01a0b92b-1e7e-70b0-976e-83a1f9da799a,1091,5675546,5706217,ACCEPTED,,5706229,ok,30.683
bot-029,01a0b92b-1e7e-70b0-976e-83a2f7383f5a,1092,5675611,5706239,ACCEPTED,,5706251,ok,30.640
bot-029,01a0b92b-1e7e-70b0-976e-83a3f0616332,1093,5675647,5706261,ACCEPTED,,5706273,ok,30.626
bot-029,01a0b92b-1e7e-70b0-976e-83a42581cc38,1094,5675670,5706284,ACCEPTED,,5706295,ok,30.625
bot-029,01a0b92b-1e7e-70b0-976e-83a52ad271eb,1095,5675687,5706306,ACCEPTED,,5706318,ok,30.631
bot-029,01a0b92b-1e7e-70b0-976e-83a6c19d7eb6,1096,5675703,5706328,ACCEPTED,,5706340,ok,30.637
bot-029,01a0b92b-1e7e-70b0-976e-83a7d63e553f,1097,5675721,5706351,ACCEPTED,,5706363,ok,30.642
bot-029,01a0b92b-1e7e-70b0-976e-83a896b1fbb4,1098,5675738,5706373,ACCEPTED,,5706385,ok,30.647
bot-029,01a0b92b-1e7e-70b0-976e-83a9caefb8d3,1099,5675755,5706395,ACCEPTED,,5706407,ok,30.652
bot-029,01a0b92b-1e7e-70b0-976e-83aa8b097008,1100,5675771,5706418,ACCEPTED,,5706429,ok,30.658
bot-029,01a0b92b-1e7e-70b0-976e-83abafc20a5e,1101,5675810,5706440,ACCEPTED,,5706452,ok,30.642
bot-029,01a0b92b-1e7e-70b0-976e-83ac9786e618,1102,5675902,5706462,ACCEPTED,,5706474,ok,30.572
bot-029,01a0b92b-1e7e-70b0-976e-83adb1a6df45,1103,5675936,5706485,ACCEPTED,,5706496,ok,30.560
bot-029,01a0b92b-1e8c-74e7-947b-a060c1636074,1104,5689930,5690566,REJECTED,TOO_MANY_IN_FLIGHT,,ok,
bot-029,01a0b92b-1e8c-74e7-947b-a06284ea756b,1105,5690049,5690621,REJECTED,TOO_MANY_IN_FLIGHT,,ok,
bot-029,01a0b92b-1e8d-75c3-b840-79cade59c84d,1106,5690077,5690641,REJECTED,TOO_MANY_IN_FLIGHT,,ok,
bot-029,01a0b92b-1e8d-75c3-b840-79cbdec6696f,1107,5690096,5690661,REJECTED,TOO_MANY_IN_FLIGHT,,ok,
bot-029,01a0b92b-1e8d-75c3-b840-79cc78b5a587,1108,5690114,5690678,REJECTED,TOO_MANY_IN_FLIGHT,,ok,
bot-029,01a0b92b-1e8d-75c3-b840-79cd7bc95545,1109,5690131,5690700,REJECTED,TOO_MANY_IN_FLIGHT,,ok,
bot-029,01a0b92b-1e8d-75c3-b840-79ce747539e6,1110,5690181,5690762,REJECTED,TOO_MANY_IN_FLIGHT,,ok,
bot-029,01a0b92b-1e8d-75c3-b840-79cf81e63969,1111,5690213,5690786,REJECTED,TOO_MANY_IN_FLIGHT,,ok,
bot-029,01a0b92b-1e8d-75c3-b840-79d0ca7241bd,1112,5690236,5690804,REJECTED,TOO_MANY_IN_FLIGHT,,ok,
bot-029,01a0b92b-1e8d-75c3-b840-79d187a6e56a,1113,5690274,5690822,REJECTED,TOO_MANY_IN_FLIGHT,,ok,
bot-029,01a0b92b-1e8d-75c3-b840-79d2246c9cda,1114,5690308,5690878,REJECTED,TOO_MANY_IN_FLIGHT,,ok,
bot-029,01a0b92b-1e8d-75c3-b840-79d3512a394d,1115,5690326,5690900,REJECTED,TOO_MANY_IN_FLIGHT,,ok,
bot-029,01a0b92b-1e8d-75c3-b840-79d447e8da2f,1116,5690342,5690918,REJECTED,TOO_MANY_IN_FLIGHT,,ok,
bot-029,01a0b92b-1e8d-75c3-b840-79d56593ef26,1117,5690378,5690936,REJECTED,TOO_MANY_IN_FLIGHT,,ok,
bot-029,01a0b92b-1e8d-75c3-b840-79d629d6df51,1118,5690399,5690990,REJECTED,TOO_MANY_IN_FLIGHT,,ok,
bot-029,01a0b92b-1e8d-75c3-b840-79d7f37ba384,1119,5690416,5691017,REJECTED,TOO_MANY_IN_FLIGHT,,ok,
bot-029,01a0b92b-1e96-7798-9daf-f87eb689dcad,1120,5699848,5749063,ACCEPTED,,5749113,ok,49.265
bot-029,01a0b92b-1e96-7798-9daf-f8801de544a9,1121,5699905,5749128,ACCEPTED,,5749139,ok,49.234
bot-029,01a0b92b-1e96-7798-9daf-f88116e19659,1122,5699930,5749149,ACCEPTED,,5749164,ok,49.234
bot-029,01a0b92b-1e96-7798-9daf-f882e5e8bffc,1123,5699954,5749174,ACCEPTED,,5749185,ok,49.231
bot-029,01a0b92b-1e96-7798-9daf-f8836f420f1c,1124,5700004,5749195,ACCEPTED,,5749208,ok,49.204
bot-029,01a0b92b-1e97-7065-920a-d39360f01194,1125,5700049,5749218,ACCEPTED,,5749230,ok,49.181
bot-029,01a0b92b-1e97-7065-920a-d394f078385e,1126,5700075,5749517,ACCEPTED,,5749533,ok,49.458
bot-029,01a0b92b-1e97-7065-920a-d39572b7b18c,1127,5700095,5749544,ACCEPTED,,5766809,ok,66.714
bot-029,01a0b92b-1e97-7065-920a-d39651c55183,1128,5700115,5766846,ACCEPTED,,5766860,ok,66.745
bot-029,01a0b92b-1e97-7065-920a-d397a80a65d3,1129,5700129,5766868,ACCEPTED,,5766877,ok,66.748
bot-029,01a0b92b-1e97-7065-920a-d3980caad83b,1130,5700141,5766884,ACCEPTED,,5766892,ok,66.751
bot-029,01a0b92b-1e97-7065-920a-d39936adec00,1131,5700154,5766900,ACCEPTED,,5766908,ok,66.754
bot-029,01a0b92b-1e97-7065-920a-d39a51426618,1132,5700167,5766915,ACCEPTED,,5766923,ok,66.756
bot-029,01a0b92b-1e97-7065-920a-d39b7ffbdc33,1133,5700198,5766930,ACCEPTED,,5766938,ok,66.740
bot-029,01a0b92b-1e97-7065-920a-d39ccb95a79a,1134,5700209,5766946,ACCEPTED,,5766954,ok,66.745
bot-029,01a0b92b-1e97-7065-920a-d39ddf88ae5d,1135,5700219,5766978,ACCEPTED,,5766988,ok,66.769
bot-029,01a0b92b-1e9c-7420-8c5a-cfc44c60c915,1136,5705080,5766996,ACCEPTED,,5767004,ok,61.924
bot-029,01a0b92b-1e9c-7420-8c5a-cfc5aca4490d,1137,5705117,5767011,ACCEPTED,,5767019,ok,61.902
bot-029,01a0b92b-1e9c-7420-8c5a-cfc6e26601d0,1138,5705133,5767026,ACCEPTED,,5767034,ok,61.901
bot-029,01a0b92b-1e9c-7420-8c5a-cfc79dfdb013,1139,5705149,5767041,ACCEPTED,,5767049,ok,61.900
bot-029,01a0b92b-1e9c-7420-8c5a-cfc893723906,1140,5705181,5767057,ACCEPTED,,5767065,ok,61.884
bot-029,01a0b92b-1e9c-7420-8c5a-cfc969aacfb9,1141,5705224,5767072,ACCEPTED,,5767080,ok,61.856
bot-029,01a0b92b-1e9c-7420-8c5a-cfca28830b68,1142,5705259,5767087,ACCEPTED,,5767095,ok,61.836
bot-029,01a0b92b-1e9c-7420-8c5a-cfcb260db633,1143,5705282,5767103,ACCEPTED,,5767115,ok,61.833
bot-029,01a0b92b-1e9c-7420-8c5a-cfccc8816449,1144,5705375,5767126,ACCEPTED,,5767139,ok,61.764
bot-029,01a0b92b-1e9c-7420-8c5a-cfcd2d88e7ff,1145,5705411,5767150,ACCEPTED,,5767163,ok,61.752
bot-029,01a0b92b-1e9c-7420-8c5a-cfcecc7e11d2,1146,5705434,5767174,ACCEPTED,,5767183,ok,61.749
bot-029,01a0b92b-1e9c-7420-8c5a-cfcfe36f2106,1147,5705447,5767190,ACCEPTED,,5767198,ok,61.751
bot-029,01a0b92b-1e9c-7420-8c5a-cfd09cbed2e3,1148,5705459,5767206,ACCEPTED,,5767214,ok,61.755
bot-029,01a0b92b-1e9c-7420-8c5a-cfd1ab48efda,1149,5705471,5767221,ACCEPTED,,5767229,ok,61.758
bot-029,01a0b92b-1e9c-7420-8c5a-cfd2fd900e9f,1150,5705483,5767236,ACCEPTED,,5767245,ok,61.762
bot-029,01a0b92b-1e9c-7420-8c5a-cfd39f7d72a0,1151,5705495,5767254,ACCEPTED,,5767267,ok,61.772
bot-029,01a0b92b-1eab-7227-9662-dc654037e2ce,1152,5720821,5767278,ACCEPTED,,5767290,ok,46.469
bot-029,01a0b92b-1eab-7227-9662-dc6770519b2c,1153,5720938,5767300,ACCEPTED,,5767311,ok,46.373
bot-029,01a0b92b-1eab-7227-9662-dc686b0b92c5,1154,5720966,5767322,ACCEPTED,,5767333,ok,46.367
bot-029,01a0b92b-1eab-7227-9662-dc69c9e0784d,1155,5720989,5767344,ACCEPTED,,5767356,ok,46.367
bot-029,01a0b92b-1eab-7227-9662-dc6a451d737b,1156,5721013,5767366,ACCEPTED,,5767377,ok,46.364
bot-029,01a0b92b-1eab-7227-9662-dc6b4a26b48e,1157,5721037,5767387,ACCEPTED,,5767398,ok,46.361
bot-029,01a0b92b-1eac-753d-b2a7-65e76f47d535,1158,5721062,5767408,ACCEPTED,,5767420,ok,46.358
bot-029,01a0b92b-1eac-753d-b2a7-65e8b878b87c,1159,5721085,5767430,ACCEPTED,,5767442,ok,46.357
bot-029,01a0b92b-1eac-753d-b2a7-65e9b6dc2187,1160,5721109,5767453,ACCEPTED,,5767465,ok,46.356
bot-029,01a0b92b-1eac-753d-b2a7-65eaf5a1d417,1161,5721132,5767476,ACCEPTED,,5767492,ok,46.360
bot-029,01a0b92b-1eac-753d-b2a7-65eb07c446a5,1162,5721154,5767503,ACCEPTED,,5767515,ok,46.361
bot-029,01a0b92b-1eac-753d-b2a7-65ec6a6b02e1,1163,5721176,5767525,ACCEPTED,,5767537,ok,46.361
bot-029,01a0b92b-1eac-753d-b2a7-65ed880df354,1164,5721199,5767548,ACCEPTED,,5767558,ok,46.359
bot-029,01a0b92b-1eac-753d-b2a7-65eea9b9ebb4,1165,5721242,5767568,ACCEPTED,,5767579,ok,46.337
bot-029,01a0b92b-1eac-753d-b2a7-65efec187474,1166,5721265,5767594,ACCEPTED,,5767604,ok,46.339
bot-029,01a0b92b-1eac-753d-b2a7-65f03915c3c4,1167,5721294,5767614,ACCEPTED,,5767625,ok,46.331
bot-029,01a0b92b-1ebb-73a2-a0c3-c7177b843ef4,1168,5736145,5767635,ACCEPTED,,5767646,ok,31.501
bot-029,01a0b92b-1ebb-73a2-a0c3-c71850e2b9ea,1169,5736254,5767655,ACCEPTED,,5767667,ok,31.413
bot-029,01a0b92b-1ebb-73a2-a0c3-c7192da5ac78,1170,5736279,5767676,ACCEPTED,,5767686,ok,31.407
bot-029,01a0b92b-1ebb-73a2-a0c3-c71a76b9ea5d,1171,5736298,5767695,ACCEPTED,,5767706,ok,31.408
bot-029,01a0b92b-1ebb-73a2-a0c3-c71bcfbb722e,1172,5736317,5767716,ACCEPTED,,5767726,ok,31.409
bot-029,01a0b92b-1ebb-73a2-a0c3-c71ca7aa1581,1173,5736337,5767736,ACCEPTED,,5767747,ok,31.410
bot-029,01a0b92b-1ebb-73a2-a0c3-c71d4d59ce73,1174,5736361,5767758,ACCEPTED,,5767771,ok,31.410
bot-029,01a0b92b-1ebb-73a2-a0c3-c71e24f430df,1175,5736381,5767778,ACCEPTED,,5767786,ok,31.405
bot-029,01a0b92b-1ebb-73a2-a0c3-c71f01fca00e,1176,5736394,5767794,ACCEPTED,,5767802,ok,31.408
bot-029,01a0b92b-1ebb-73a2-a0c3-c72076405d76,1177,5736407,5767809,ACCEPTED,,5767817,ok,31.410
bot-029,01a0b92b-1ebb-73a2-a0c3-c72135e740d9,1178,5736423,5767824,ACCEPTED,,5767832,ok,31.409
bot-029,01a0b92b-1ebb-73a2-a0c3-c7223b4f3689,1179,5736441,5767839,ACCEPTED,,5767847,ok,31.406
bot-029,01a0b92b-1ebb-73a2-a0c3-c72308c18f6d,1180,5736457,5767855,ACCEPTED,,5767862,ok,31.405
bot-029,01a0b92b-1ebb-73a2-a0c3-c724fe245f31,1181,5736509,5767870,ACCEPTED,,5767878,ok,31.369
bot-029,01a0b92b-1ebb-73a2-a0c3-c725f070ffc0,1182,5736531,5767885,ACCEPTED,,5767893,ok,31.362
bot-029,01a0b92b-1ebb-73a2-a0c3-c726749f7a90,1183,5736554,5767900,ACCEPTED,,5767908,ok,31.354
bot-029,01a0b92b-1ec8-760f-9f4b-a50ffc0b1399,1184,5749258,5799122,ACCEPTED,,5799158,ok,49.900
bot-029,01a0b92b-1ec8-760f-9f4b-a5106ba333cb,1185,5749299,5799176,ACCEPTED,,5799189,ok,49.890
bot-029,01a0b92b-1ec8-760f-9f4b-a511b688c4a5,1186,5749318,5799202,ACCEPTED,,5799217,ok,49.899
bot-029,01a0b92b-1ec8-760f-9f4b-a512bca6b389,1187,5749335,5799230,ACCEPTED,,5799243,ok,49.908
bot-029,01a0b92b-1ec8-760f-9f4b-a513fcf54e56,1188,5749355,5799292,ACCEPTED,,5799312,ok,49.957
bot-029,01a0b92b-1ec8-760f-9f4b-a5141110bbc8,1189,5749371,5799328,ACCEPTED,,5799339,ok,49.968
bot-029,01a0b92b-1ec8-760f-9f4b-a5153766e644,1190,5749382,5799349,ACCEPTED,,5799363,ok,49.981
bot-029,01a0b92b-1ec8-760f-9f4b-a51682eab809,1191,5749393,5799373,ACCEPTED,,5799386,ok,49.993
bot-029,01a0b92b-1ec8-760f-9f4b-a517ae2651a7,1192,5749404,5799399,ACCEPTED,,5799440,ok,50.036
bot-029,01a0b92b-1ec8-760f-9f4b-a518aabae35c,1193,5749416,5799491,ACCEPTED,,5799517,ok,50.101
bot-029,01a0b92b-1ec8-760f-9f4b-a519a0a55a28,1194,5749427,5799528,ACCEPTED,,5799963,ok,50.536
bot-029,01a0b92b-1ec8-760f-9f4b-a51a56f6b9a4,1195,5749439,5799982,ACCEPTED,,5799994,ok,50.555
bot-029,01a0b92b-1ec8-760f-9f4b-a51ba199e9e6,1196,5749451,5800004,ACCEPTED,,5800016,ok,50.565
bot-029,01a0b92b-1ec8-760f-9f4b-a51c5ea13ef4,1197,5749483,5800025,ACCEPTED,,5800036,ok,50.553
bot-029,01a0b92b-1ec8-760f-9f4b-a51df948877e,1198,5749494,5800046,ACCEPTED,,5800058,ok,50.564
bot-029,01a0b92b-1ec8-760f-9f4b-a51e1a221889,1199,5749505,5800069,ACCEPTED,,5800080,ok,50.575
bot-029,01a0b92b-1ed9-74b6-a04b-95c129a66f3b,1200,5766298,5800089,ACCEPTED,,5800102,ok,33.804
bot-029,01a0b92b-1ed9-74b6-a04b-95c2f664e89c,1201,5766371,5800113,ACCEPTED,,5800124,ok,33.753
bot-029,01a0b92b-1ed9-74b6-a04b-95c31a171f1d,1202,5766398,5800135,ACCEPTED,,5800147,ok,33.749
bot-029,01a0b92b-1ed9-74b6-a04b-95c416624926,1203,5766417,5800158,ACCEPTED,,5800170,ok,33.753
bot-029,01a0b92b-1ed9-74b6-a04b-95c5ec13c63d,1204,5766434,5800181,ACCEPTED,,5800193,ok,33.759
bot-029,01a0b92b-1ed9-74b6-a04b-95c665d1e0e2,1205,5766453,5800211,ACCEPTED,,5800223,ok,33.770
bot-029,01a0b92b-1ed9-74b6-a04b-95c79643ae53,1206,5766470,5800234,ACCEPTED,,5800246,ok,33.776
bot-029,01a0b92b-1ed9-74b6-a04b-95c8d8fdb35e,1207,5766511,5800256,ACCEPTED,,5800267,ok,33.756
bot-029,01a0b92b-1ed9-74b6-a04b-95c93f6aa80e,1208,5766531,5800277,ACCEPTED,,5800305,ok,33.774
bot-029,01a0b92b-1ed9-74b6-a04b-95cadc43ab4f,1209,5766571,5800316,ACCEPTED,,5800327,ok,33.756
bot-029,01a0b92b-1ed9-74b6-a04b-95cba1cf7877,1210,5766610,5800337,ACCEPTED,,5800349,ok,33.739
bot-029,01a0b92b-1ed9-74b6-a04b-95cc293c8b09,1211,5766637,5800359,ACCEPTED,,5800371,ok,33.734
bot-029,01a0b92b-1ed9-74b6-a04b-95cd154bee9e,1212,5766659,5800388,ACCEPTED,,5800400,ok,33.741
bot-029,01a0b92b-1ed9-74b6-a04b-95ce50cfc5c5,1213,5766682,5800411,ACCEPTED,,5800423,ok,33.741
bot-029,01a0b92b-1ed9-74b6-a04b-95cf840dbb10,1214,5766705,5800433,ACCEPTED,,5800444,ok,33.739
bot-029,01a0b92b-1ed9-74b6-a04b-95d0a4fcb984,1215,5766729,5800454,ACCEPTED,,5800465,ok,33.736
bot-029,01a0b92b-1ee8-75dd-9bd0-188b3ba971d7,1216,5781718,5800475,ACCEPTED,,5800487,ok,18.769
bot-029,01a0b92b-1ee8-75dd-9bd0-188cc4823dec,1217,5781866,5800502,ACCEPTED,,5800513,ok,18.647
bot-029,01a0b92b-1ee8-75dd-9bd0-188d4ccb5087,1218,5781896,5800522,ACCEPTED,,5800534,ok,18.638
bot-029,01a0b92b-1ee8-75dd-9bd0-188e0bf803d9,1219,5781917,5800544,ACCEPTED,,5800556,ok,18.639
bot-029,01a0b92b-1ee8-75dd-9bd0-188fb9308500,1220,5781956,5800566,ACCEPTED,,5800579,ok,18.623
bot-029,01a0b92b-1ee8-75dd-9bd0-189006aafb5a,1221,5781980,5800593,ACCEPTED,,5800605,ok,18.625
bot-029,01a0b92b-1ee8-75dd-9bd0-1891e1e96cca,1222,5782000,5800615,ACCEPTED,,5800626,ok,18.626
bot-029,01a0b92b-1ee9-7520-9a34-118da1c977d2,1223,5782050,5800637,ACCEPTED,,5800651,ok,18.601
bot-029,01a0b92b-1ee9-7520-9a34-118e06a01f81,1224,5782076,5800661,ACCEPTED,,5800686,ok,18.610
bot-029,01a0b92b-1ee9-7520-9a34-118fe688766e,1225,5782102,5800756,ACCEPTED,,5800777,ok,18.675
bot-029,01a0b92b-1ee9-7520-9a34-1190dfccd8d5,1226,5782126,5800795,ACCEPTED,,5800810,ok,18.684
bot-029,01a0b92b-1ee9-7520-9a34-1191044f7e06,1227,5782149,5800854,ACCEPTED,,5801098,ok,18.949
bot-029,01a0b92b-1ee9-7520-9a34-119224ab9c74,1228,5782173,5801134,ACCEPTED,,5801162,ok,18.989
bot-029,01a0b92b-1ee9-7520-9a34-11933bdae2cd,1229,5782197,5801233,ACCEPTED,,5801288,ok,19.091
bot-029,01a0b92b-1ee9-7520-9a34-11945e002db2,1230,5782223,5801301,ACCEPTED,,5801316,ok,19.093
bot-029,01a0b92b-1ee9-7520-9a34-11951f3f1928,1231,5782248,5801329,ACCEPTED,,5801366,ok,19.118
bot-029,01a0b92b-1ef7-703e-8570-fc5c8fc03c8d,1232,5796465,5801380,ACCEPTED,,5801394,ok,4.929
bot-029,01a0b92b-1ef7-703e-8570-fc5ded835d08,1233,5796566,5801406,ACCEPTED,,5801442,ok,4.876
bot-029,01a0b92b-1ef7-703e-8570-fc5efc098f95,1234,5796591,5801456,ACCEPTED,,5801469,ok,4.878
bot-029,01a0b92b-1ef7-703e-8570-fc5f3c130d4e,1235,5796615,5801481,ACCEPTED,,5801517,ok,4.902
bot-029,01a0b92b-1ef7-703e-8570-fc60b486c5d6,1236,5796640,5801530,ACCEPTED,,5801544,ok,4.904
bot-029,01a0b92b-1ef7-703e-8570-fc61fb7eeeeb,1237,5796667,5801580,ACCEPTED,,5801594,ok,4.927
bot-029,01a0b92b-1ef7-703e-8570-fc62d8e91454,1238,5796690,5801606,ACCEPTED,,5801619,ok,4.929
bot-029,01a0b92b-1ef7-703e-8570-fc6351987b0b,1239,5796713,5801654,ACCEPTED,,5801670,ok,4.957
bot-029,01a0b92b-1ef7-703e-8570-fc641d02ae10,1240,5796735,5801682,ACCEPTED,,5801695,ok,4.960
bot-029,01a0b92b-1ef7-703e-8570-fc65c423f20b,1241,5796759,5801730,ACCEPTED,,5801747,ok,4.988
bot-029,01a0b92b-1ef7-703e-8570-fc66ff0bd554,1242,5796787,5801759,ACCEPTED,,5801772,ok,4.985
bot-029,01a0b92b-1ef7-703e-8570-fc6765b5b35a,1243,5796806,5801807,ACCEPTED,,5801822,ok,5.016
bot-029,01a0b92b-1ef7-703e-8570-fc68198049c1,1244,5796822,5801834,ACCEPTED,,5801869,ok,5.047
bot-029,01a0b92b-1ef7-703e-8570-fc690827da09,1245,5796858,5801883,ACCEPTED,,5801896,ok,5.038
bot-029,01a0b92b-1ef7-703e-8570-fc6aea4b59b0,1246,5796873,5801930,ACCEPTED,,5801943,ok,5.070
bot-029,01a0b92b-1ef7-703e-8570-fc6b5d6c73e7,1247,5796889,5801955,ACCEPTED,,5801968,ok,5.079
bot-029,01a0b92b-1efa-75d6-8b6e-412dcd02513a,1248,5799556,5848969,ACCEPTED,,5849024,ok,49.468
bot-029,01a0b92b-1efa-75d6-8b6e-412e21b3e904,1249,5799600,5849040,ACCEPTED,,5849060,ok,49.460
bot-029,01a0b92b-1efa-75d6-8b6e-412f45505212,1250,5799626,5849072,ACCEPTED,,5849085,ok,49.459
bot-029,01a0b92b-1efa-75d6-8b6e-4130ee4e5a84,1251,5799645,5849097,ACCEPTED,,5849111,ok,49.466
bot-029,01a0b92b-1efa-75d6-8b6e-413147f10b5d,1252,5799665,5849121,ACCEPTED,,5849133,ok,49.468
bot-029,01a0b92b-1efa-75d6-8b6e-4132f28a3cd0,1253,5799683,5849147,ACCEPTED,,5849162,ok,49.479
bot-029,01a0b92b-1efa-75d6-8b6e-413362929ad0,1254,5799709,5849699,ACCEPTED,,5849720,ok,50.011
bot-029,01a0b92b-1efa-75d6-8b6e-4134bdad7eb1,1255,5799728,5849734,ACCEPTED,,5849747,ok,50.019
bot-029,01a0b92b-1efa-75d6-8b6e-4135c565c177,1256,5799764,5849758,ACCEPTED,,5849772,ok,50.008
bot-029,01a0b92b-1efa-75d6-8b6e-413639135a21,1257,5799786,5849784,ACCEPTED,,5849797,ok,50.011
bot-029,01a0b92b-1efa-75d6-8b6e-41378d3145b8,1258,5799801,5849809,ACCEPTED,,5849822,ok,50.021
bot-029,01a0b92b-1efa-75d6-8b6e-413839e45763,1259,5799823,5849834,ACCEPTED,,5849843,ok,50.020
bot-029,01a0b92b-1efa-75d6-8b6e-4139fa042d08,1260,5799836,5849852,ACCEPTED,,5849876,ok,50.040
bot-029,01a0b92b-1efa-75d6-8b6e-413a4daa7bb3,1261,5799858,5849899,ACCEPTED,,5849915,ok,50.057
bot-029,01a0b92b-1efa-75d6-8b6e-413b2fedcc4e,1262,5799871,5849924,ACCEPTED,,5849934,ok,50.063
bot-029,01a0b92b-1efa-75d6-8b6e-413c3121ee44,1263,5799896,5849957,ACCEPTED,,5849982,ok,50.086
bot-029,01a0b92b-1f06-7089-80aa-e0a11c5aa9d6,1264,5811595,5849996,ACCEPTED,,5850006,ok,38.411
bot-029,01a0b92b-1f06-7089-80aa-e0a278b111a6,1265,5811699,5850024,ACCEPTED,,5850049,ok,38.350
bot-029,01a0b92b-1f06-7089-80aa-e0a376a88636,1266,5811718,5850068,ACCEPTED,,5850079,ok,38.361
bot-029,01a0b92b-1f06-7089-80aa-e0a41fdf634f,1267,5811755,5850090,ACCEPTED,,5850100,ok,38.345
bot-029,01a0b92b-1f06-7089-80aa-e0a5758f6f01,1268,5811770,5850107,ACCEPTED,,5850121,ok,38.351
bot-029,01a0b92b-1f06-7089-80aa-e0a66956b17e,1269,5811786,5850130,ACCEPTED,,5850147,ok,38.361
bot-029,01a0b92b-1f06-7089-80aa-e0a78fd6396a,1270,5811801,5850164,ACCEPTED,,5850184,ok,38.383
bot-029,01a0b92b-1f06-7089-80aa-e0a84143cd90,1271,5811816,5850206,ACCEPTED,,5850228,ok,38.412
bot-029,01a0b92b-1f06-7089-80aa-e0a9b3bd0b29,1272,5811832,5850240,ACCEPTED,,5850252,ok,38.420
bot-029,01a0b92b-1f06-7089-80aa-e0aadea16d09,1273,5811848,5850259,ACCEPTED,,5850268,ok,38.420
bot-029,01a0b92b-1f06-7089-80aa-e0ab77f9553c,1274,5811863,5850277,ACCEPTED,,5850288,ok,38.425
bot-029,01a0b92b-1f06-7089-80aa-e0ac7b2b7bb5,1275,5811878,5850296,ACCEPTED,,5850313,ok,38.435
bot-029,01a0b92b-1f06-7089-80aa-e0ad134c2b42,1276,5811892,5850325,ACCEPTED,,5850336,ok,38.444
bot-029,01a0b92b-1f06-7089-80aa-e0aebf3cc964,1277,5811907,5850346,ACCEPTED,,5850360,ok,38.453
bot-029,01a0b92b-1f06-7089-80aa-e0afc6381f09,1278,5811922,5850371,ACCEPTED,,5850387,ok,38.465
bot-029,01a0b92b-1f06-7089-80aa-e0b0d6d9dfb4,1279,5811938,5850403,ACCEPTED,,5850471,ok,38.533
bot-029,01a0b92b-1f15-74ae-8695-179f7504700c,1280,5826405,5850815,ACCEPTED,,5850842,ok,24.437
bot-029,01a0b92b-1f15-74ae-8695-17a090b5f4c6,1281,5826516,5850907,ACCEPTED,,5850935,ok,24.419
bot-029,01a0b92b-1f15-74ae-8695-17a172a95d8b,1282,5826540,5850956,ACCEPTED,,5851008,ok,24.468
bot-029,01a0b92b-1f15-74ae-8695-17a297f9a048,1283,5826584,5851029,ACCEPTED,,5851087,ok,24.503
bot-029,01a0b92b-1f15-74ae-8695-17a34fa07bc8,1284,5826605,5851105,ACCEPTED,,5851125,ok,24.520
bot-029,01a0b92b-1f15-74ae-8695-17a43b54202f,1285,5826626,5851141,ACCEPTED,,5851158,ok,24.532
bot-029,01a0b92b-1f15-74ae-8695-17a5c78f6b6b,1286,5826649,5851255,ACCEPTED,,5851278,ok,24.629
bot-029,01a0b92b-1f15-74ae-8695-17a68029c7d2,1287,5826670,5851290,ACCEPTED,,5851305,ok,24.635
bot-029,01a0b92b-1f15-74ae-8695-17a70df74f29,1288,5826690,5851316,ACCEPTED,,5851328,ok,24.638
bot-029,01a0b92b-1f15-74ae-8695-17a896155501,1289,5826710,5851341,ACCEPTED,,5851384,ok,24.674
bot-029,01a0b92b-1f15-74ae-8695-17a9483ec877,1290,5826730,5851400,ACCEPTED,,5851415,ok,24.685
bot-029,01a0b92b-1f15-74ae-8695-17aa8acf005c,1291,5826749,5851427,ACCEPTED,,5851483,ok,24.734
bot-029,01a0b92b-1f15-74ae-8695-17ab919751b9,1292,5826768,5851519,ACCEPTED,,5851535,ok,24.767
bot-029,01a0b92b-1f15-74ae-8695-17ac712141e7,1293,5826789,5851548,ACCEPTED,,5851582,ok,24.793
bot-029,01a0b92b-1f15-74ae-8695-17ad05677498,1294,5826808,5851616,ACCEPTED,,5851664,ok,24.856
bot-029,01a0b92b-1f15-74ae-8695-17ae3bf46cef,1295,5826828,5851698,ACCEPTED,,5851714,ok,24.886
bot-029,01a0b92b-1f24-71e8-86b2-e597e3d85319,1296,5841127,5851747,ACCEPTED,,5851762,ok,10.635
bot-029,01a0b92b-1f24-71e8-86b2-e598994e410c,1297,5841227,5851807,ACCEPTED,,5851845,ok,10.618
bot-029,01a0b92b-1f24-71e8-86b2-e599f812dc7f,1298,5841243,5851857,ACCEPTED,,5851886,ok,10.643
bot-029,01a0b92b-1f24-71e8-86b2-e59a5a1a4db2,1299,5841276,5851897,ACCEPTED,,5851925,ok,10.649
bot-029,01a0b92b-1f24-71e8-86b2-e59b9294a052,1300,5841291,5851935,ACCEPTED,,5851963,ok,10.672
bot-029,01a0b92b-1f24-71e8-86b2-e59c26e05fc5,1301,5841304,5852012,ACCEPTED,,5852032,ok,10.728
bot-029,01a0b92b-1f24-71e8-86b2-e59d8ee199bc,1302,5841316,5852073,ACCEPTED,,5852106,ok,10.790
bot-029,01a0b92b-1f24-71e8-86b2-e59e8c4ff7d4,1303,5841328,5852181,ACCEPTED,,5852207,ok,10.879
bot-029,01a0b92b-1f24-71e8-86b2-e59f2babb533,1304,5841340,5852224,ACCEPTED,,5852239,ok,10.899
bot-029,01a0b92b-1f24-71e8-86b2-e5a07b32b380,1305,5841353,5852286,ACCEPTED,,5852301,ok,10.948
bot-029,01a0b92b-1f24-71e8-86b2-e5a1e893e3b2,1306,5841365,5852324,ACCEPTED,,5852337,ok,10.972
bot-029,01a0b92b-1f24-71e8-86b2-e5a25f6c993b,1307,5841378,5852350,ACCEPTED,,5852364,ok,10.986
bot-029,01a0b92b-1f24-71e8-86b2-e5a34541f608,1308,5841390,5852412,ACCEPTED,,5852427,ok,11.037
bot-029,01a0b92b-1f24-71e8-86b2-e5a41eb533d0,1309,5841402,5852437,ACCEPTED,,5852448,ok,11.046
bot-029,01a0b92b-1f24-71e8-86b2-e5a5082f36ac,1310,5841415,5852918,ACCEPTED,,5852943,ok,11.528
bot-029,01a0b92b-1f24-71e8-86b2-e5a6c7221d44,1311,5841427,5852953,ACCEPTED,,5852962,ok,11.535
bot-029,01a0b92b-1f2c-763a-8b86-252dcbd4474c,1312,5849207,5898909,ACCEPTED,,5898954,ok,49.747
bot-029,01a0b92b-1f2c-763a-8b86-252e1a27a0fb,1313,5849274,5898965,ACCEPTED,,5898975,ok,49.701
bot-029,01a0b92b-1f2c-763a-8b86-252f19b7dfbe,1314,5849316,5898985,ACCEPTED,,5898994,ok,49.678
bot-029,01a0b92b-1f2c-763a-8b86-25305076a0dc,1315,5849362,5899002,ACCEPTED,,5899012,ok,49.650
bot-029,01a0b92b-1f2c-763a-8b86-25313d6a7b01,1316,5849381,5899021,ACCEPTED,,5899318,ok,49.937
bot-029,01a0b92b-1f2c-763a-8b86-2532db2c5c0a,1317,5849413,5899331,ACCEPTED,,5899340,ok,49.927
bot-029,01a0b92b-1f2c-763a-8b86-25334fe3cfa8,1318,5849432,5899348,ACCEPTED,,5899357,ok,49.925
bot-029,01a0b92b-1f2c-763a-8b86-25343f3e2a40,1319,5849457,5899364,ACCEPTED,,5899372,ok,49.915
bot-029,01a0b92b-1f2c-763a-8b86-2535a2d4a07a,1320,5849488,5899379,ACCEPTED,,5899387,ok,49.899
bot-029,01a0b92b-1f2c-763a-8b86-2536fbbb0fa8,1321,5849515,5899394,ACCEPTED,,5899402,ok,49.887
bot-029,01a0b92b-1f2c-763a-8b86-2537083921f3,1322,5849528,5899410,ACCEPTED,,5899418,ok,49.890
bot-029,01a0b92b-1f2c-763a-8b86-25383e90a278,1323,5849548,5899425,ACCEPTED,,5899483,ok,49.935
bot-029,01a0b92b-1f2c-763a-8b86-253967a2a96c,1324,5849559,5899505,ACCEPTED,,5899515,ok,49.956
bot-029,01a0b92b-1f2c-763a-8b86-253ae9cf55c3,1325,5849579,5899523,ACCEPTED,,5899531,ok,49.952
bot-029,01a0b92b-1f2c-763a-8b86-253bfcabef0b,1326,5849594,5899539,ACCEPTED,,5899548,ok,49.954
bot-029,01a0b92b-1f2c-763a-8b86-253c89efde53,1327,5849667,5899555,ACCEPTED,,5899563,ok,49.896
bot-029,01a0b92b-1f2f-753c-9c16-5319549d680d,1328,5852472,5899573,ACCEPTED,,5899581,ok,47.109
bot-029,01a0b92b-1f2f-753c-9c16-531a698fbc68,1329,5852535,5899589,ACCEPTED,,5899597,ok,47.062
bot-029,01a0b92b-1f2f-753c-9c16-531b90c2a950,1330,5852564,5899606,ACCEPTED,,5899614,ok,47.050
bot-029,01a0b92b-1f2f-753c-9c16-531c0f0e7b64,1331,5852587,5899623,ACCEPTED,,5899633,ok,47.046
bot-029,01a0b92b-1f2f-753c-9c16-531d0e0eacf7,1332,5852612,5899642,ACCEPTED,,5899769,ok,47.157
bot-029,01a0b92b-1f2f-753c-9c16-531e204c7035,1333,5852636,5899795,ACCEPTED,,5899810,ok,47.174
bot-029,01a0b92b-1f2f-753c-9c16-531f21c607de,1334,5852683,5899822,ACCEPTED,,5899835,ok,47.152
bot-029,01a0b92b-1f2f-753c-9c16-53202e7d879c,1335,5852711,5899847,ACCEPTED,,5899864,ok,47.153
bot-029,01a0b92b-1f2f-753c-9c16-532148f23ec5,1336,5852733,5899877,ACCEPTED,,5899889,ok,47.156
bot-029,01a0b92b-1f2f-753c-9c16-5322a00f5782,1337,5852756,5899899,ACCEPTED,,5899911,ok,47.155
bot-029,01a0b92b-1f2f-753c-9c16-532378d4b200,1338,5852779,5899926,ACCEPTED,,5899938,ok,47.159
bot-029,01a0b92b-1f2f-753c-9c16-5324857c479e,1339,5852803,5899949,ACCEPTED,,5899960,ok,47.157
bot-029,01a0b92b-1f2f-753c-9c16-5325f46b2d4e,1340,5852820,5899971,ACCEPTED,,5899986,ok,47.166
bot-029,01a0b92b-1f2f-753c-9c16-5326f4440ba2,1341,5852832,5899998,ACCEPTED,,5900011,ok,47.179
bot-029,01a0b92b-1f2f-753c-9c16-5327f92597db,1342,5852845,5900022,ACCEPTED,,5900037,ok,47.192
bot-029,01a0b92b-1f2f-753c-9c16-53289acd8f33,1343,5852858,5900049,ACCEPTED,,5900061,ok,47.203
bot-029,01a0b92b-1f32-7070-ac4a-52389912abbd,1344,5855972,5900252,ACCEPTED,,5900274,ok,44.302
bot-029,01a0b92b-1f32-7070-ac4a-5239d48696dc,1345,5856044,5900289,ACCEPTED,,5900304,ok,44.260
bot-029,01a0b92b-1f33-75f8-9feb-5adcc5115b9d,1346,5856074,5900343,ACCEPTED,,5900356,ok,44.282
bot-029,01a0b92b-1f33-75f8-9feb-5add54b13fa0,1347,5856102,5900366,ACCEPTED,,5900374,ok,44.272
bot-029,01a0b92b-1f33-75f8-9feb-5ade5af194f9,1348,5856127,5900385,ACCEPTED,,5900396,ok,44.269
bot-029,01a0b92b-1f33-75f8-9feb-5adfe0cfb251,1349,5856156,5900405,ACCEPTED,,5900415,ok,44.259
bot-029,01a0b92b-1f33-75f8-9feb-5ae0a7482909,1350,5856212,5900452,ACCEPTED,,5900472,ok,44.260
bot-029,01a0b92b-1f33-75f8-9feb-5ae1b640a3a8,1351,5856239,5900485,ACCEPTED,,5900526,ok,44.287
bot-029,01a0b92b-1f33-75f8-9feb-5ae283030b95,1352,5856265,5900537,ACCEPTED,,5900548,ok,44.283
bot-029,01a0b92b-1f33-75f8-9feb-5ae31ca5f2b3,1353,5856289,5900576,ACCEPTED,,5900588,ok,44.299
bot-029,01a0b92b-1f33-75f8-9feb-5ae43c05c4a2,1354,5856315,5900614,ACCEPTED,,5900626,ok,44.311
bot-029,01a0b92b-1f33-75f8-9feb-5ae55d792358,1355,5856340,5900652,ACCEPTED,,5900664,ok,44.324
bot-029,01a0b92b-1f33-75f8-9feb-5ae60fa9b4bb,1356,5856367,5900700,ACCEPTED,,5900712,ok,44.345
bot-029,01a0b92b-1f33-75f8-9feb-5ae7ad392662,1357,5856393,5900750,ACCEPTED,,5900760,ok,44.367
bot-029,01a0b92b-1f33-75f8-9feb-5ae84c8fe29d,1358,5856417,5900769,ACCEPTED,,5900797,ok,44.380
bot-029,01a0b92b-1f33-75f8-9feb-5ae9caa4ae85,1359,5856443,5900824,ACCEPTED,,5900852,ok,44.409
bot-029,01a0b92b-1f41-72d1-bba2-4247119690ab,1360,5870798,5900863,ACCEPTED,,5900890,ok,30.092
bot-029,01a0b92b-1f41-72d1-bba2-42498291f7a3,1361,5870907,5900917,ACCEPTED,,5900945,ok,30.038
bot-029,01a0b92b-1f41-72d1-bba2-424ac17671b3,1362,5870934,5901040,ACCEPTED,,5901061,ok,30.127
bot-029,01a0b92b-1f41-72d1-bba2-424b961835db,1363,5870990,5901073,ACCEPTED,,5901087,ok,30.097
bot-029,01a0b92b-1f41-72d1-bba2-424ce6b71956,1364,5871014,5901099,ACCEPTED,,5901120,ok,30.106
bot-029,01a0b92b-1f41-72d1-bba2-424dd8b14c82,1365,5871036,5901169,ACCEPTED,,5901188,ok,30.152
bot-029,01a0b92b-1f42-719e-8508-bc373c37eb6d,1366,5871060,5901232,ACCEPTED,,5901258,ok,30.198
bot-029,01a0b92b-1f42-719e-8508-bc38bb070dd0,1367,5871082,5901272,ACCEPTED,,5901285,ok,30.203
bot-029,01a0b92b-1f42-719e-8508-bc3997353144,1368,5871105,5901297,ACCEPTED,,5901311,ok,30.206
bot-029,01a0b92b-1f42-719e-8508-bc3a2cb48d91,1369,5871128,5901361,ACCEPTED,,5901377,ok,30.249
bot-029,01a0b92b-1f42-719e-8508-bc3bae0077ca,1370,5871151,5901385,ACCEPTED,,5901396,ok,30.245
bot-029,01a0b92b-1f42-719e-8508-bc3cd624f7c8,1371,5871174,5901403,ACCEPTED,,5901414,ok,30.240
bot-029,01a0b92b-1f42-719e-8508-bc3da851489c,1372,5871197,5901427,ACCEPTED,,5901438,ok,30.241
bot-029,01a0b92b-1f42-719e-8508-bc3e2f3ff78b,1373,5871220,5901447,ACCEPTED,,5901483,ok,30.263
bot-029,01a0b92b-1f42-719e-8508-bc3ff1a3319f,1374,5871237,5901494,ACCEPTED,,5901505,ok,30.268
bot-029,01a0b92b-1f42-719e-8508-bc40a186ea3e,1375,5871253,5901514,ACCEPTED,,5901997,ok,30.744
bot-029,01a0b92b-1f50-7103-85a2-d4bd5eea9574,1376,5885491,5886023,REJECTED,TOO_MANY_IN_FLIGHT,,ok,
bot-029,01a0b92b-1f50-7103-85a2-d4bee3fa8d35,1377,5885627,5886075,REJECTED,TOO_MANY_IN_FLIGHT,,ok,
bot-029,01a0b92b-1f50-7103-85a2-d4bfa2f0dac0,1378,5885669,5886094,REJECTED,TOO_MANY_IN_FLIGHT,,ok,
bot-029,01a0b92b-1f50-7103-85a2-d4c0b428dc05,1379,5885686,5886113,REJECTED,TOO_MANY_IN_FLIGHT,,ok,
bot-029,01a0b92b-1f50-7103-85a2-d4c151f94640,1380,5885698,5886133,REJECTED,TOO_MANY_IN_FLIGHT,,ok,
bot-029,01a0b92b-1f50-7103-85a2-d4c2f1dedd66,1381,5885711,5886154,REJECTED,TOO_MANY_IN_FLIGHT,,ok,
bot-029,01a0b92b-1f50-7103-85a2-d4c3230fd2a4,1382,5885724,5886199,REJECTED,TOO_MANY_IN_FLIGHT,,ok,
bot-029,01a0b92b-1f50-7103-85a2-d4c4eaa239dd,1383,5885774,5886220,REJECTED,TOO_MANY_IN_FLIGHT,,ok,
bot-029,01a0b92b-1f50-7103-85a2-d4c59db2d512,1384,5885795,5886238,REJECTED,TOO_MANY_IN_FLIGHT,,ok,
bot-029,01a0b92b-1f50-7103-85a2-d4c6da86f9c7,1385,5885808,5886304,REJECTED,TOO_MANY_IN_FLIGHT,,ok,
bot-029,01a0b92b-1f50-7103-85a2-d4c7041cfc50,1386,5885821,5886326,REJECTED,TOO_MANY_IN_FLIGHT,,ok,
bot-029,01a0b92b-1f50-7103-85a2-d4c852c8e963,1387,5885833,5886344,REJECTED,TOO_MANY_IN_FLIGHT,,ok,
bot-029,01a0b92b-1f50-7103-85a2-d4c9e7e4a308,1388,5885845,5886363,REJECTED,TOO_MANY_IN_FLIGHT,,ok,
bot-029,01a0b92b-1f50-7103-85a2-d4ca98ce327c,1389,5885857,5886432,REJECTED,TOO_MANY_IN_FLIGHT,,ok,
bot-029,01a0b92b-1f50-7103-85a2-d4cb8fd606d8,1390,5885869,5886454,REJECTED,TOO_MANY_IN_FLIGHT,,ok,
bot-029,01a0b92b-1f50-7103-85a2-d4ccd30fb96e,1391,5885882,5886471,REJECTED,TOO_MANY_IN_FLIGHT,,ok,
bot-029,01a0b92b-1f5e-7452-a105-ff2d41e62b54,1392,5899058,5949072,ACCEPTED,,5949094,ok,50.036
bot-029,01a0b92b-1f5e-7452-a105-ff2ec737be14,1393,5899110,5949109,ACCEPTED,,5949128,ok,50.018
bot-029,01a0b92b-1f5e-7452-a105-ff2f0e809b00,1394,5899125,5949143,ACCEPTED,,5949160,ok,50.035
bot-029,01a0b92b-1f5e-7452-a105-ff3069e4dbf9,1395,5899138,5949176,ACCEPTED,,5949193,ok,50.055
bot-029,01a0b92b-1f5e-7452-a105-ff31cb63472b,1396,5899147,5949275,ACCEPTED,,5949305,ok,50.158
bot-029,01a0b92b-1f5e-7452-a105-ff32b3d3cdf0,1397,5899179,5949321,ACCEPTED,,5949341,ok,50.162
bot-029,01a0b92b-1f5e-7452-a105-ff336619ca7f,1398,5899196,5949356,ACCEPTED,,5949373,ok,50.177
bot-029,01a0b92b-1f5e-7452-a105-ff3431aac769,1399,5899209,5949387,ACCEPTED,,5949402,ok,50.193
bot-029,01a0b92b-1f5e-7452-a105-ff35f5f1b32a,1400,5899222,5949420,ACCEPTED,,5949435,ok,50.213
bot-029,01a0b92b-1f5e-7452-a105-ff369e3151be,1401,5899231,5949449,ACCEPTED,,5949465,ok,50.234
bot-029,01a0b92b-1f5e-7452-a105-ff37ffbf73e2,1402,5899244,5949478,ACCEPTED,,5949493,ok,50.249
bot-029,01a0b92b-1f5e-7452-a105-ff38a4042b12,1403,5899257,5949511,ACCEPTED,,5949526,ok,50.269
bot-029,01a0b92b-1f5e-7452-a105-ff39e140f5d9,1404,5899266,5949539,ACCEPTED,,5949554,ok,50.288
bot-029,01a0b92b-1f5e-7452-a105-ff3a0c1e36f3,1405,5899279,5949567,ACCEPTED,,5949591,ok,50.312
bot-029,01a0b92b-1f5e-7452-a105-ff3b0a99d742,1406,5899292,5949605,ACCEPTED,,5949620,ok,50.328
bot-029,01a0b92b-1f5e-7452-a105-ff3c0574ff86,1407,5899305,5949633,ACCEPTED,,5949648,ok,50.343
bot-029,01a0b92b-1f60-77f9-836b-ae9ea7518a4f,1408,5901535,5949662,ACCEPTED,,5949677,ok,48.142
bot-029,01a0b92b-1f60-77f9-836b-ae9fae21718f,1409,5901577,5949698,ACCEPTED,,5949714,ok,48.137
bot-029,01a0b92b-1f60-77f9-836b-aea040070ed3,1410,5901611,5949727,ACCEPTED,,5949742,ok,48.131
bot-029,01a0b92b-1f60-77f9-836b-aea1ed19600c,1411,5901633,5949755,ACCEPTED,,5949770,ok,48.137
bot-029,01a0b92b-1f60-77f9-836b-aea231319de7,1412,5901678,5949795,ACCEPTED,,5949814,ok,48.136
bot-029,01a0b92b-1f60-77f9-836b-aea3b589a1eb,1413,5901703,5949840,ACCEPTED,,5949858,ok,48.155
bot-029,01a0b92b-1f60-77f9-836b-aea4bff5d712,1414,5901727,5949874,ACCEPTED,,5949889,ok,48.162
bot-029,01a0b92b-1f60-77f9-836b-aea59c50e046,1415,5901749,5949904,ACCEPTED,,5949919,ok,48.170
bot-029,01a0b92b-1f60-77f9-836b-aea6966ae7b8,1416,5901771,5949931,ACCEPTED,,5949944,ok,48.173
bot-029,01a0b92b-1f60-77f9-836b-aea7ccb0bff5,1417,5901792,5949957,ACCEPTED,,5949979,ok,48.187
bot-029,01a0b92b-1f60-77f9-836b-aea87b6afdae,1418,5901813,5949992,ACCEPTED,,5950006,ok,48.193
bot-029,01a0b92b-1f60-77f9-836b-aea991ff7979,1419,5901837,5950020,ACCEPTED,,5950037,ok,48.200
bot-029,01a0b92b-1f60-77f9-836b-aeaab303a0f4,1420,5901859,5950049,ACCEPTED,,5950066,ok,48.207
bot-029,01a0b92b-1f60-77f9-836b-aeab1deeb977,1421,5901880,5950080,ACCEPTED,,5950097,ok,48.217
bot-029,01a0b92b-1f60-77f9-836b-aeac2da5a658,1422,5901900,5950110,ACCEPTED,,5950127,ok,48.227
bot-029,01a0b92b-1f60-77f9-836b-aeade134ef44,1423,5901922,5950152,ACCEPTED,,5950170,ok,48.248
bot-029,01a0b92b-1f6f-77e0-b400-c93916d668d0,1424,5916338,5950184,ACCEPTED,,5950200,ok,33.862
bot-029,01a0b92b-1f6f-77e0-b400-c93a6cd44ef2,1425,5916472,5950214,ACCEPTED,,5950228,ok,33.756
bot-029,01a0b92b-1f6f-77e0-b400-c93b8ad731b0,1426,5916535,5950242,ACCEPTED,,5950254,ok,33.719
bot-029,01a0b92b-1f6f-77e0-b400-c93c4df87e09,1427,5916576,5950265,ACCEPTED,,5950277,ok,33.701
bot-029,01a0b92b-1f6f-77e0-b400-c93d7e1aa428,1428,5916655,5950287,ACCEPTED,,5950305,ok,33.650
bot-029,01a0b92b-1f6f-77e0-b400-c93e17b4ab8d,1429,5916678,5950316,ACCEPTED,,5950329,ok,33.651
bot-029,01a0b92b-1f6f-77e0-b400-c93f405831b3,1430,5916696,5950340,ACCEPTED,,5950352,ok,33.656
bot-029,01a0b92b-1f6f-77e0-b400-c9409d1724cd,1431,5916713,5950362,ACCEPTED,,5950374,ok,33.661
bot-029,01a0b92b-1f6f-77e0-b400-c941d27e5d57,1432,5916731,5950384,ACCEPTED,,5950396,ok,33.665
bot-029,01a0b92b-1f6f-77e0-b400-c942f6adfff3,1433,5916750,5950406,ACCEPTED,,5950418,ok,33.668
bot-029,01a0b92b-1f6f-77e0-b400-c943bd05191f,1434,5916768,5950435,ACCEPTED,,5950447,ok,33.679
bot-029,01a0b92b-1f6f-77e0-b400-c9448f975dc5,1435,5916786,5950457,ACCEPTED,,5950469,ok,33.683
bot-029,01a0b92b-1f6f-77e0-b400-c94593c9e7a5,1436,5916803,5950480,ACCEPTED,,5950492,ok,33.689
bot-029,01a0b92b-1f6f-77e0-b400-c9464dd4b8a1,1437,5916820,5950503,ACCEPTED,,5950515,ok,33.695
bot-029,01a0b92b-1f6f-77e0-b400-c947875a099e,1438,5916838,5950526,ACCEPTED,,5950537,ok,33.699
bot-029,01a0b92b-1f6f-77e0-b400-c94854b5115c,1439,5916856,5950553,ACCEPTED,,5950566,ok,33.710
bot-029,01a0b92b-1f7e-7628-986c-f3c9acff8ca3,1440,5931108,5950577,ACCEPTED,,5950589,ok,19.481
bot-029,01a0b92b-1f7e-7628-986c-f3ca753f7149,1441,5931207,5950599,ACCEPTED,,5950611,ok,19.404
bot-029,01a0b92b-1f7e-7628-986c-f3cb7ccbe9cd,1442,5931228,5950621,ACCEPTED,,5950633,ok,19.405
bot-029,01a0b92b-1f7e-7628-986c-f3cca8bced5b,1443,5931246,5950649,ACCEPTED,,5950663,ok,19.417
bot-029,01a0b92b-1f7e-7628-986c-f3cd43135356,1444,5931286,5950673,ACCEPTED,,5950685,ok,19.399
bot-029,01a0b92b-1f7e-7628-986c-f3ce18ac3a84,1445,5931303,5950695,ACCEPTED,,5950706,ok,19.403
bot-029,01a0b92b-1f7e-7628-986c-f3cf1a23cf36,1446,5931320,5950717,ACCEPTED,,5950733,ok,19.413
bot-029,01a0b92b-1f7e-7628-986c-f3d0a17191e1,1447,5931342,5950744,ACCEPTED,,5950759,ok,19.417
bot-029,01a0b92b-1f7e-7628-986c-f3d1bf86c926,1448,5931364,5950769,ACCEPTED,,5950784,ok,19.420
bot-029,01a0b92b-1f7e-7628-986c-f3d214da2244,1449,5931388,5950796,ACCEPTED,,5950811,ok,19.423
bot-029,01a0b92b-1f7e-7628-986c-f3d3e4b5f412,1450,5931409,5950822,ACCEPTED,,5950837,ok,19.428
bot-029,01a0b92b-1f7e-7628-986c-f3d4bb448e46,1451,5931480,5950847,ACCEPTED,,5950861,ok,19.381
bot-029,01a0b92b-1f7e-7628-986c-f3d59db443b1,1452,5931534,5950874,ACCEPTED,,5950888,ok,19.354
bot-029,01a0b92b-1f7e-7628-986c-f3d61cc53467,1453,5931559,5950903,ACCEPTED,,5950916,ok,19.357
bot-029,01a0b92b-1f7e-7628-986c-f3d76b8a458e,1454,5931611,5950930,ACCEPTED,,5950945,ok,19.334
bot-029,01a0b92b-1f7e-7628-986c-f3d82df891d2,1455,5931644,5950998,ACCEPTED,,5951014,ok,19.370
bot-029,01a0b92b-1f8d-7180-8014-8fbbe9749d22,1456,5946311,5946855,REJECTED,TOO_MANY_IN_FLIGHT,,ok,
bot-029,01a0b92b-1f8d-7180-8014-8fbcab694aa9,1457,5946431,5946894,REJECTED,TOO_MANY_IN_FLIGHT,,ok,
bot-029,01a0b92b-1f8d-7180-8014-8fbd2a62746f,1458,5946452,5946904,REJECTED,TOO_MANY_IN_FLIGHT,,ok,
bot-029,01a0b92b-1f8d-7180-8014-8fbe61be91a6,1459,5946470,5946915,REJECTED,TOO_MANY_IN_FLIGHT,,ok,
bot-029,01a0b92b-1f8d-7180-8014-8fbf3c2572bf,1460,5946510,5946958,REJECTED,TOO_MANY_IN_FLIGHT,,ok,
bot-029,01a0b92b-1f8d-7180-8014-8fc064472988,1461,5946533,5946976,REJECTED,TOO_MANY_IN_FLIGHT,,ok,
bot-029,01a0b92b-1f8d-7180-8014-8fc1316833be,1462,5946549,5946991,REJECTED,TOO_MANY_IN_FLIGHT,,ok,
bot-029,01a0b92b-1f8d-7180-8014-8fc2344c9608,1463,5946566,5947004,REJECTED,TOO_MANY_IN_FLIGHT,,ok,
bot-029,01a0b92b-1f8d-7180-8014-8fc317464cd4,1464,5946582,5947020,REJECTED,TOO_MANY_IN_FLIGHT,,ok,
bot-029,01a0b92b-1f8d-7180-8014-8fc4fdcaff1e,1465,5946599,5947064,REJECTED,TOO_MANY_IN_FLIGHT,,ok,
bot-029,01a0b92b-1f8d-7180-8014-8fc550f43d5a,1466,5946616,5947078,REJECTED,TOO_MANY_IN_FLIGHT,,ok,
bot-029,01a0b92b-1f8d-7180-8014-8fc6183cd4f3,1467,5946632,5947089,REJECTED,TOO_MANY_IN_FLIGHT,,ok,
bot-029,01a0b92b-1f8d-7180-8014-8fc77154a38d,1468,5946649,5947119,REJECTED,TOO_MANY_IN_FLIGHT,,ok,
bot-029,01a0b92b-1f8d-7180-8014-8fc8b6ddf1b9,1469,5946665,5947131,REJECTED,TOO_MANY_IN_FLIGHT,,ok,
bot-029,01a0b92b-1f8d-7180-8014-8fc986159d9c,1470,5946681,5947158,REJECTED,TOO_MANY_IN_FLIGHT,,ok,
bot-029,01a0b92b-1f8d-7180-8014-8fca0aea40a1,1471,5946698,5947176,REJECTED,TOO_MANY_IN_FLIGHT,,ok,
bot-029,01a0b92b-1f92-7260-b2ff-4cb8df6c8e4a,1472,5951077,5999027,ACCEPTED,,5999069,ok,47.992
bot-029,01a0b92b-1f92-7260-b2ff-4cb9c9b2c768,1473,5951120,5999087,ACCEPTED,,5999100,ok,47.980
bot-029,01a0b92b-1f92-7260-b2ff-4cbac3559ebf,1474,5951166,5999110,ACCEPTED,,5999124,ok,47.958
bot-029,01a0b92b-1f92-7260-b2ff-4cbbaffad870,1475,5951185,5999134,ACCEPTED,,5999146,ok,47.961
bot-029,01a0b92b-1f92-7260-b2ff-4cbc8379ba35,1476,5951204,5999739,ACCEPTED,,5999757,ok,48.553
bot-029,01a0b92b-1f92-7260-b2ff-4cbd6779a08c,1477,5951218,5999767,ACCEPTED,,5999780,ok,48.562
bot-029,01a0b92b-1f92-7260-b2ff-4cbe6f8564ba,1478,5951230,5999792,ACCEPTED,,5999805,ok,48.575
bot-029,01a0b92b-1f92-7260-b2ff-4cbf55a69682,1479,5951244,5999815,ACCEPTED,,5999827,ok,48.583
bot-029,01a0b92b-1f92-7260-b2ff-4cc027001271,1480,5951257,5999836,ACCEPTED,,5999845,ok,48.588
bot-029,01a0b92b-1f92-7260-b2ff-4cc1fd451709,1481,5951269,5999852,ACCEPTED,,5999860,ok,48.591
bot-029,01a0b92b-1f92-7260-b2ff-4cc2899bde41,1482,5951281,5999868,ACCEPTED,,5999876,ok,48.595
bot-029,01a0b92b-1f92-7260-b2ff-4cc35d4d878c,1483,5951294,5999884,ACCEPTED,,5999892,ok,48.598
bot-029,01a0b92b-1f92-7260-b2ff-4cc4903068bf,1484,5951306,5999899,ACCEPTED,,5999907,ok,48.601
bot-029,01a0b92b-1f92-7260-b2ff-4cc5f7dd7cc5,1485,5951319,5999915,ACCEPTED,,5999923,ok,48.604
bot-029,01a0b92b-1f92-7260-b2ff-4cc6f591dbf5,1486,5951333,5999930,ACCEPTED,,5999938,ok,48.605
bot-029,01a0b92b-1f92-7260-b2ff-4cc7b1ed3ae5,1487,5951351,5999945,ACCEPTED,,5999953,ok,48.602
bot-029,01a0b92b-1f9c-7432-b07b-915efc8f2306,1488,5962007,5999961,ACCEPTED,,6008164,ok,46.157
bot-029,01a0b92b-1f9d-7347-8cb8-01b051c8a12e,1489,5962129,6008195,ACCEPTED,,6008219,ok,46.090
bot-029,01a0b92b-1f9d-7347-8cb8-01b1f62316ce,1490,5962202,6008238,ACCEPTED,,6008255,ok,46.053
bot-029,01a0b92b-1f9d-7347-8cb8-01b2b1f47dae,1491,5962275,6008271,ACCEPTED,,6008288,ok,46.013
bot-029,01a0b92b-1f9d-7347-8cb8-01b361d9d014,1492,5962326,6008303,ACCEPTED,,6008320,ok,45.994
bot-029,01a0b92b-1f9d-7347-8cb8-01b442941602,1493,5962351,6008335,ACCEPTED,,6008351,ok,46.000
bot-029,01a0b92b-1f9d-7347-8cb8-01b51b1a3d52,1494,5962375,6008365,ACCEPTED,,6008378,ok,46.003
bot-029,01a0b92b-1f9d-7347-8cb8-01b6c695ab00,1495,5962398,6008389,ACCEPTED,,6008402,ok,46.004
bot-029,01a0b92b-1f9d-7347-8cb8-01b7c53ed89e,1496,5962422,6008414,ACCEPTED,,6008427,ok,46.005
bot-029,01a0b92b-1f9d-7347-8cb8-01b84bb4733f,1497,5962446,6008438,ACCEPTED,,6008451,ok,46.005
bot-029,01a0b92b-1f9d-7347-8cb8-01b9af9ed762,1498,5962466,6008462,ACCEPTED,,6008474,ok,46.008
bot-029,01a0b92b-1f9d-7347-8cb8-01ba145dd274,1499,5962482,6008486,ACCEPTED,,6008498,ok,46.016
bot-029,01a0b92b-1f9d-7347-8cb8-01bb31de1760,1500,5962497,6008510,ACCEPTED,,6008522,ok,46.025
bot-029,01a0b92b-1f9d-7347-8cb8-01bc91c1ed32,1501,5962512,6008533,ACCEPTED,,6008548,ok,46.036
bot-029,01a0b92b-1f9d-7347-8cb8-01bd57c5ce4d,1502,5962527,6008561,ACCEPTED,,6008573,ok,46.046
bot-029,01a0b92b-1f9d-7347-8cb8-01be65b045e2,1503,5962543,6008586,ACCEPTED,,6008599,ok,46.056
bot-029,01a0b92b-1fab-73c3-b31b-66369099a791,1504,5976785,6008612,ACCEPTED,,6008625,ok,31.840
bot-029,01a0b92b-1fab-73c3-b31b-6637ab517718,1505,5976890,6008638,ACCEPTED,,6008654,ok,31.764
bot-029,01a0b92b-1fab-73c3-b31b-66386cf053da,1506,5976935,6008667,ACCEPTED,,6008682,ok,31.747
bot-029,01a0b92b-1fab-73c3-b31b-663964be1509,1507,5976954,6008695,ACCEPTED,,6008710,ok,31.756
bot-029,01a0b92b-1fab-73c3-b31b-663a0babab48,1508,5976992,6008723,ACCEPTED,,6008737,ok,31.745
bot-029,01a0b92b-1fab-73c3-b31b-663b521d0d93,1509,5977012,6008751,ACCEPTED,,6008767,ok,31.755
bot-029,01a0b92b-1fab-73c3-b31b-663c9ca3a447,1510,5977040,6008780,ACCEPTED,,6008795,ok,31.755
bot-029,01a0b92b-1fac-7066-a3a1-360a859f2695,1511,5977065,6008809,ACCEPTED,,6008824,ok,31.759
bot-029,01a0b92b-1fac-7066-a3a1-360bcb98a560,1512,5977088,6008837,ACCEPTED,,6008854,ok,31.766
bot-029,01a0b92b-1fac-7066-a3a1-360c8cb7751a,1513,5977112,6008867,ACCEPTED,,6008882,ok,31.770
bot-029,01a0b92b-1fac-7066-a3a1-360d1186fa62,1514,5977134,6008895,ACCEPTED,,6008910,ok,31.776
bot-029,01a0b92b-1fac-7066-a3a1-360eb8a3949c,1515,5977155,6008923,ACCEPTED,,6008938,ok,31.783
bot-029,01a0b92b-1fac-7066-a3a1-360f8abfbf6a,1516,5977176,6008951,ACCEPTED,,6008966,ok,31.790
bot-029,01a0b92b-1fac-7066-a3a1-3610a556fd52,1517,5977201,6008979,ACCEPTED,,6008994,ok,31.793
bot-029,01a0b92b-1fac-7066-a3a1-3611b7a7d435,1518,5977221,6009007,ACCEPTED,,6009022,ok,31.801
bot-029,01a0b92b-1fac-7066-a3a1-36124473290f,1519,5977235,6009035,ACCEPTED,,6009050,ok,31.815
bot-029,01a0b92b-1fbb-7219-98c1-24bede25b1d8,1520,5992395,6009063,ACCEPTED,,6009077,ok,16.682
bot-029,01a0b92b-1fbb-7219-98c1-24c1f816ecdd,1521,5992518,6009091,ACCEPTED,,6009105,ok,16.587
bot-029,01a0b92b-1fbb-7219-98c1-24c3599e4c13,1522,5992591,6009118,ACCEPTED,,6009133,ok,16.542
bot-029,01a0b92b-1fbb-7219-98c1-24c441c00db8,1523,5992620,6009146,ACCEPTED,,6009161,ok,16.541
bot-029,01a0b92b-1fbb-7219-98c1-24c5992cbc92,1524,5992648,6009174,ACCEPTED,,6009189,ok,16.541
bot-029,01a0b92b-1fbb-7219-98c1-24c62032475e,1525,5992671,6009202,ACCEPTED,,6009217,ok,16.546
bot-029,01a0b92b-1fbb-7219-98c1-24c799e5299f,1526,5992690,6009230,ACCEPTED,,6009269,ok,16.579
bot-029,01a0b92b-1fbb-7219-98c1-24c80e02b2d0,1527,5992703,6009283,ACCEPTED,,6009292,ok,16.589
bot-029,01a0b92b-1fbb-7219-98c1-24c9c2e40ecc,1528,5992716,6009300,ACCEPTED,,6009309,ok,16.593
bot-029,01a0b92b-1fbb-7219-98c1-24ca9f884667,1529,5992729,6009317,ACCEPTED,,6009328,ok,16.599
bot-029,01a0b92b-1fbb-7219-98c1-24cb25a85587,1530,5992742,6009339,ACCEPTED,,6009356,ok,16.614
bot-029,01a0b92b-1fbb-7219-98c1-24cc954968b0,1531,5992755,6009370,ACCEPTED,,6009379,ok,16.624
bot-029,01a0b92b-1fbb-7219-98c1-24cddfc729bc,1532,5992771,6009389,ACCEPTED,,6009404,ok,16.633
bot-029,01a0b92b-1fbb-7219-98c1-24ceb4addaf1,1533,5992784,6009417,ACCEPTED,,6009430,ok,16.646
bot-029,01a0b92b-1fbb-7219-98c1-24cf992a5cf8,1534,5992797,6009444,ACCEPTED,,6009458,ok,16.661
bot-029,01a0b92b-1fbb-7219-98c1-24d06194b298,1535,5992809,6009470,ACCEPTED,,6009485,ok,16.676
bot-029,01a0b92b-1fc2-7278-8a45-5cbba0297c88,1536,5999177,6049046,ACCEPTED,,6049083,ok,49.906
bot-029,01a0b92b-1fc2-7278-8a45-5cbc1104bbe5,1537,5999229,6049110,ACCEPTED,,6049128,ok,49.899
bot-029,01a0b92b-1fc2-7278-8a45-5cbd955ff299,1538,5999249,6049140,ACCEPTED,,6049154,ok,49.905
bot-029,01a0b92b-1fc2-7278-8a45-5cbe70431e3f,1539,5999294,6049493,ACCEPTED,,6049510,ok,50.216
bot-029,01a0b92b-1fc2-7278-8a45-5cbf98f796e3,1540,5999321,6049521,ACCEPTED,,6049532,ok,50.211
bot-029,01a0b92b-1fc2-7278-8a45-5cc0761c887b,1541,5999343,6049542,ACCEPTED,,6049553,ok,50.210
bot-029,01a0b92b-1fc2-7278-8a45-5cc1e9b63719,1542,5999362,6049562,ACCEPTED,,6049572,ok,50.210
bot-029,01a0b92b-1fc2-7278-8a45-5cc22e05393c,1543,5999382,6049581,ACCEPTED,,6049591,ok,50.209
bot-029,01a0b92b-1fc2-7278-8a45-5cc34c37be58,1544,5999403,6049601,ACCEPTED,,6049611,ok,50.208
bot-029,01a0b92b-1fc2-7278-8a45-5cc41748f636,1545,5999436,6049620,ACCEPTED,,6049630,ok,50.194
bot-029,01a0b92b-1fc2-7278-8a45-5cc554a0d27f,1546,5999512,6049639,ACCEPTED,,6049653,ok,50.141
bot-029,01a0b92b-1fc2-7278-8a45-5cc6079605d6,1547,5999563,6049662,ACCEPTED,,6049672,ok,50.109
bot-029,01a0b92b-1fc2-7278-8a45-5cc70896f465,1548,5999612,6049682,ACCEPTED,,6049692,ok,50.080
bot-029,01a0b92b-1fc2-7278-8a45-5cc81c98ebd8,1549,5999632,6049702,ACCEPTED,,6049712,ok,50.080
bot-029,01a0b92b-1fc2-7278-8a45-5cc9ce4f3ac9,1550,5999649,6049721,ACCEPTED,,6049731,ok,50.082
bot-029,01a0b92b-1fc2-7278-8a45-5cca84a53c9b,1551,5999668,6049743,ACCEPTED,,6049753,ok,50.085
bot-029,01a0b92b-1fca-72f8-9404-5873d283172a,1552,6007580,6049763,ACCEPTED,,6049773,ok,42.193
bot-029,01a0b92b-1fca-72f8-9404-58764ab4a275,1553,6007672,6049782,ACCEPTED,,6049795,ok,42.123
bot-029,01a0b92b-1fca-72f8-9404-5877f5ce0fa5,1554,6007719,6049805,ACCEPTED,,6049815,ok,42.096
bot-029,01a0b92b-1fca-72f8-9404-5878e270166a,1555,6007748,6049827,ACCEPTED,,6049837,ok,42.089
bot-029,01a0b92b-1fca-72f8-9404-587917764173,1556,6007787,6049848,ACCEPTED,,6049861,ok,42.074
bot-029,01a0b92b-1fca-72f8-9404-587af2277d31,1557,6007822,6049872,ACCEPTED,,6049947,ok,42.125
bot-029,01a0b92b-1fca-72f8-9404-587b09fc9856,1558,6007850,6049978,ACCEPTED,,6050007,ok,42.157
bot-029,01a0b92b-1fca-72f8-9404-587c2d8f6d53,1559,6007893,6050026,ACCEPTED,,6050051,ok,42.158
bot-029,01a0b92b-1fca-72f8-9404-587da8e4ba6f,1560,6007915,6050073,ACCEPTED,,6050148,ok,42.233
bot-029,01a0b92b-1fca-72f8-9404-587e4dac5477,1561,6007933,6050173,ACCEPTED,,6050199,ok,42.266
bot-029,01a0b92b-1fca-72f8-9404-587f647c11ed,1562,6007981,6050220,ACCEPTED,,6050288,ok,42.307
bot-029,01a0b92b-1fca-72f8-9404-588014f4e3ba,1563,6008008,6050317,ACCEPTED,,6050342,ok,42.334
bot-029,01a0b92b-1fca-72f8-9404-58815cbf9f22,1564,6008034,6050426,ACCEPTED,,6050447,ok,42.413
bot-029,01a0b92b-1fcb-7586-9b48-e2952daa151b,1565,6008061,6050461,ACCEPTED,,6050533,ok,42.472
bot-029,01a0b92b-1fcb-7586-9b48-e296c6fdfd2f,1566,6008102,6050561,ACCEPTED,,6050585,ok,42.483
bot-029,01a0b92b-1fcb-7586-9b48-e297091f8527,1567,6008130,6050607,ACCEPTED,,6050674,ok,42.544
bot-029,01a0b92b-1fd9-7087-8df8-6dfd9e2dc023,1568,6022869,6050896,ACCEPTED,,6050942,ok,28.073
bot-029,01a0b92b-1fd9-7087-8df8-6dfe81220be8,1569,6022983,6050959,ACCEPTED,,6051009,ok,28.026
bot-029,01a0b92b-1fd9-7087-8df8-6dff14086fb5,1570,6023041,6051044,ACCEPTED,,6051057,ok,28.016
bot-029,01a0b92b-1fda-703b-a8b3-35dfaf01ad1a,1571,6023064,6051067,ACCEPTED,,6051096,ok,28.032
bot-029,01a0b92b-1fda-703b-a8b3-35e0c7c15926,1572,6023086,6051107,ACCEPTED,,6051118,ok,28.032
bot-029,01a0b92b-1fda-703b-a8b3-35e1c55f2233,1573,6023114,6051145,ACCEPTED,,6051157,ok,28.043
bot-029,01a0b92b-1fda-703b-a8b3-35e2bac0eb53,1574,6023144,6051185,ACCEPTED,,6051196,ok,28.052
bot-029,01a0b92b-1fda-703b-a8b3-35e3080b205b,1575,6023172,6051206,ACCEPTED,,6051233,ok,28.061
bot-029,01a0b92b-1fda-703b-a8b3-35e43593733c,1576,6023201,6051244,ACCEPTED,,6051273,ok,28.072
bot-029,01a0b92b-1fda-703b-a8b3-35e5b8ae058f,1577,6023228,6051284,ACCEPTED,,6051294,ok,28.066
bot-029,01a0b92b-1fda-703b-a8b3-35e61f04ff37,1578,6023253,6051321,ACCEPTED,,6051333,ok,28.080
bot-029,01a0b92b-1fda-703b-a8b3-35e70062ab0e,1579,6023281,6051360,ACCEPTED,,6051371,ok,28.090
bot-029,01a0b92b-1fda-703b-a8b3-35e8d61b25fb,1580,6023310,6051381,ACCEPTED,,6051409,ok,28.099
bot-029,01a0b92b-1fda-703b-a8b3-35e91e55b5e4,1581,6023336,6051420,ACCEPTED,,6051485,ok,28.149
bot-029,01a0b92b-1fda-703b-a8b3-35eab43c913d,1582,6023365,6051503,ACCEPTED,,6051515,ok,28.150
bot-029,01a0b92b-1fda-703b-a8b3-35eb4eef6344,1583,6023395,6051565,ACCEPTED,,6051577,ok,28.182
bot-029,01a0b92b-1fe9-7544-9d1e-c854c0372fe8,1584,6038357,6051585,ACCEPTED,,6051595,ok,13.238
bot-029,01a0b92b-1fe9-7544-9d1e-c855c249e3e3,1585,6038461,6051607,ACCEPTED,,6051632,ok,13.171
bot-029,01a0b92b-1fe9-7544-9d1e-c856c2963236,1586,6038486,6051644,ACCEPTED,,6051655,ok,13.169
bot-029,01a0b92b-1fe9-7544-9d1e-c8575ca522f5,1587,6038512,6051663,ACCEPTED,,6051673,ok,13.161
bot-029,01a0b92b-1fe9-7544-9d1e-c858e7698cde,1588,6038535,6051686,ACCEPTED,,6051697,ok,13.162
bot-029,01a0b92b-1fe9-7544-9d1e-c859846eecc7,1589,6038557,6051706,ACCEPTED,,6051747,ok,13.190
bot-029,01a0b92b-1fe9-7544-9d1e-c85a44d2fd86,1590,6038579,6051756,ACCEPTED,,6051767,ok,13.188
bot-029,01a0b92b-1fe9-7544-9d1e-c85b8714aa06,1591,6038600,6051775,ACCEPTED,,6051785,ok,13.185
bot-029,01a0b92b-1fe9-7544-9d1e-c85c132cb4fa,1592,6038622,6051794,ACCEPTED,,6051804,ok,13.182
bot-029,01a0b92b-1fe9-7544-9d1e-c85d973b5550,1593,6038644,6051832,ACCEPTED,,6051844,ok,13.200
bot-029,01a0b92b-1fe9-7544-9d1e-c85e628a50d0,1594,6038666,6051853,ACCEPTED,,6051863,ok,13.197
bot-029,01a0b92b-1fe9-7544-9d1e-c85fa68ed1d4,1595,6038717,6051890,ACCEPTED,,6051901,ok,13.184
bot-029,01a0b92b-1fe9-7544-9d1e-c860d27db62d,1596,6038739,6051910,ACCEPTED,,6051920,ok,13.181
bot-029,01a0b92b-1fe9-7544-9d1e-c8619077cd50,1597,6038761,6051929,ACCEPTED,,6051957,ok,13.196
bot-029,01a0b92b-1fe9-7544-9d1e-c862811b5eaa,1598,6038783,6051966,ACCEPTED,,6051976,ok,13.193
bot-029,01a0b92b-1fe9-7544-9d1e-c86353cc49be,1599,6038804,6051986,ACCEPTED,,6052029,ok,13.225
bot-029,01a0b92b-1ff4-70f0-8f7b-14ed103cc511,1600,6049185,6099370,ACCEPTED,,6099389,ok,50.204
bot-029,01a0b92b-1ff4-70f0-8f7b-14ee89f1fd4a,1601,6049253,6099400,ACCEPTED,,6099409,ok,50.156
bot-029,01a0b92b-1ff4-70f0-8f7b-14ef81b2d9d0,1602,6049266,6099417,ACCEPTED,,6099427,ok,50.161
bot-029,01a0b92b-1ff4-70f0-8f7b-14f0e60c343c,1603,6049283,6099434,ACCEPTED,,6099443,ok,50.160
bot-029,01a0b92b-1ff4-70f0-8f7b-14f10d6e2532,1604,6049307,6099451,ACCEPTED,,6099459,ok,50.152
bot-029,01a0b92b-1ff4-70f0-8f7b-14f2ba8e6b21,1605,6049317,6099467,ACCEPTED,,6099475,ok,50.158
bot-029,01a0b92b-1ff4-70f0-8f7b-14f3834abb33,1606,6049333,6099483,ACCEPTED,,6099491,ok,50.158
bot-029,01a0b92b-1ff4-70f0-8f7b-14f41aa53667,1607,6049344,6099498,ACCEPTED,,6099507,ok,50.163
bot-029,01a0b92b-1ff4-70f0-8f7b-14f58966fd41,1608,6049363,6099517,ACCEPTED,,6099526,ok,50.163
bot-029,01a0b92b-1ff4-70f0-8f7b-14f64eff47e3,1609,6049380,6099533,ACCEPTED,,6099542,ok,50.162
bot-029,01a0b92b-1ff4-70f0-8f7b-14f776a833b4,1610,6049396,6099549,ACCEPTED,,6099559,ok,50.163
bot-029,01a0b92b-1ff4-70f0-8f7b-14f8304750dc,1611,6049412,6099568,ACCEPTED,,6099577,ok,50.165
bot-029,01a0b92b-1ff4-70f0-8f7b-14f9d3e9825a,1612,6049428,6099585,ACCEPTED,,6099596,ok,50.168
bot-029,01a0b92b-1ff4-70f0-8f7b-14fa2a7b3b54,1613,6049444,6099604,ACCEPTED,,6099616,ok,50.172
bot-029,01a0b92b-1ff4-70f0-8f7b-14fbf591e858,1614,6049456,6099625,ACCEPTED,,6099636,ok,50.180
bot-029,01a0b92b-1ff4-70f0-8f7b-14fc2e2934b2,1615,6049473,6099698,ACCEPTED,,6099717,ok,50.244
bot-029,01a0b92b-1ff9-7704-8abf-5c3d967c999d,1616,6054255,6099727,ACCEPTED,,6099736,ok,45.481
bot-029,01a0b92b-1ff9-7704-8abf-5c3e63acfd57,1617,6054305,6099747,ACCEPTED,,6099756,ok,45.451
bot-029,01a0b92b-1ff9-7704-8abf-5c3f067e6e91,1618,6054360,6099764,ACCEPTED,,6099774,ok,45.414
bot-029,01a0b92b-1ff9-7704-8abf-5c405745cea5,1619,6054385,6099782,ACCEPTED,,6099791,ok,45.406
bot-029,01a0b92b-1ff9-7704-8abf-5c41abdc1417,1620,6054407,6099801,ACCEPTED,,6099811,ok,45.404
bot-029,01a0b92b-1ff9-7704-8abf-5c4282476c31,1621,6054428,6099844,ACCEPTED,,6099855,ok,45.427
bot-029,01a0b92b-1ff9-7704-8abf-5c4324bbde86,1622,6054452,6099865,ACCEPTED,,6099875,ok,45.423
bot-029,01a0b92b-1ff9-7704-8abf-5c44ef49973e,1623,6054470,6099884,ACCEPTED,,6099894,ok,45.424
bot-029,01a0b92b-1ff9-7704-8abf-5c45df4b42ea,1624,6054490,6099923,ACCEPTED,,6099934,ok,45.444
bot-029,01a0b92b-1ff9-7704-8abf-5c461ef2386a,1625,6054512,6099944,ACCEPTED,,6099954,ok,45.442
bot-029,01a0b92b-1ff9-7704-8abf-5c47cd22d5e2,1626,6054533,6099982,ACCEPTED,,6099993,ok,45.460
bot-029,01a0b92b-1ff9-7704-8abf-5c48656d56f5,1627,6054552,6100002,ACCEPTED,,6100012,ok,45.460
bot-029,01a0b92b-1ff9-7704-8abf-5c494adfad9a,1628,6054572,6100040,ACCEPTED,,6100051,ok,45.479
bot-029,01a0b92b-1ff9-7704-8abf-5c4a3fb51179,1629,6054593,6100061,ACCEPTED,,6100071,ok,45.478
bot-029,01a0b92b-1ff9-7704-8abf-5c4bb84b2493,1630,6054614,6100080,ACCEPTED,,6100109,ok,45.495
bot-029,01a0b92b-1ff9-7704-8abf-5c4ccc8a5ffc,1631,6054635,6100120,ACCEPTED,,6100132,ok,45.497
bot-029,01a0b92b-2008-70c2-b55d-f0837ed04b6b,1632,6069386,6100177,ACCEPTED,,6100194,ok,30.808
bot-029,01a0b92b-2008-70c2-b55d-f0842cde8938,1633,6069494,6100204,ACCEPTED,,6100213,ok,30.719
bot-029,01a0b92b-2008-70c2-b55d-f0859dca4ac2,1634,6069552,6100223,ACCEPTED,,6100232,ok,30.680
bot-029,01a0b92b-2008-70c2-b55d-f0860684ae3a,1635,6069578,6100241,ACCEPTED,,6100253,ok,30.675
bot-029,01a0b92b-2008-70c2-b55d-f087c7310965,1636,6069602,6100286,ACCEPTED,,6100297,ok,30.695
bot-029,01a0b92b-2008-70c2-b55d-f08892cf599d,1637,6069621,6100306,ACCEPTED,,6100317,ok,30.696
bot-029,01a0b92b-2008-70c2-b55d-f089b1466c6e,1638,6069640,6100326,ACCEPTED,,6100355,ok,30.715
bot-029,01a0b92b-2008-70c2-b55d-f08afd7b08f0,1639,6069658,6100364,ACCEPTED,,6100375,ok,30.717
bot-029,01a0b92b-2008-70c2-b55d-f08b2dd92239,1640,6069676,6100384,ACCEPTED,,6100394,ok,30.718
bot-029,01a0b92b-2008-70c2-b55d-f08c369926ec,1641,6069695,6100422,ACCEPTED,,6100433,ok,30.738
bot-029,01a0b92b-2008-70c2-b55d-f08d275a3df7,1642,6069714,6100442,ACCEPTED,,6100452,ok,30.738
bot-029,01a0b92b-2008-70c2-b55d-f08eec08674a,1643,6069734,6100480,ACCEPTED,,6100492,ok,30.758
bot-029,01a0b92b-2008-70c2-b55d-f08f71fd77aa,1644,6069752,6100528,ACCEPTED,,6100539,ok,30.787
bot-029,01a0b92b-2008-70c2-b55d-f090009a1031,1645,6069771,6100549,ACCEPTED,,6100559,ok,30.788
bot-029,01a0b92b-2008-70c2-b55d-f0918c1ae950,1646,6069790,6100574,ACCEPTED,,6100586,ok,30.796
bot-029,01a0b92b-2008-70c2-b55d-f092c6b460c4,1647,6069809,6100627,ACCEPTED,,6100657,ok,30.848
bot-029,01a0b92b-2018-7235-bb58-b850a391ff41,1648,6085274,6100710,ACCEPTED,,6100725,ok,15.451
bot-029,01a0b92b-2018-7235-bb58-b8514e924bd9,1649,6085376,6100740,ACCEPTED,,6100753,ok,15.377
bot-029,01a0b92b-2018-7235-bb58-b8526a295072,1650,6085420,6100767,ACCEPTED,,6100780,ok,15.360
bot-029,01a0b92b-2018-7235-bb58-b85360cbfda7,1651,6085436,6100793,ACCEPTED,,6100808,ok,15.372
bot-029,01a0b92b-2018-7235-bb58-b8546260ca46,1652,6085452,6100821,ACCEPTED,,6100836,ok,15.384
bot-029,01a0b92b-2018-7235-bb58-b855723e996c,1653,6085468,6100876,ACCEPTED,,6100891,ok,15.423
bot-029,01a0b92b-2018-7235-bb58-b856314e2436,1654,6085483,6100904,ACCEPTED,,6100919,ok,15.436
bot-029,01a0b92b-2018-7235-bb58-b857c2b48101,1655,6085499,6100932,ACCEPTED,,6100947,ok,15.448
bot-029,01a0b92b-2018-7235-bb58-b85803707e45,1656,6085514,6100960,ACCEPTED,,6100975,ok,15.461
bot-029,01a0b92b-2018-7235-bb58-b859aa75e4e3,1657,6085532,6100988,ACCEPTED,,6101003,ok,15.471
bot-029,01a0b92b-2018-7235-bb58-b85a31133e8b,1658,6085554,6101016,ACCEPTED,,6101061,ok,15.507
bot-029,01a0b92b-2018-7235-bb58-b85b6cededd4,1659,6085595,6101080,ACCEPTED,,6101099,ok,15.504
bot-029,01a0b92b-2018-7235-bb58-b85cb1cddb5a,1660,6085623,6101110,ACCEPTED,,6101122,ok,15.499
bot-029,01a0b92b-2018-7235-bb58-b85d74516daf,1661,6085639,6101134,ACCEPTED,,6101146,ok,15.507
bot-029,01a0b92b-2018-7235-bb58-b85ea41a47bf,1662,6085654,6101196,ACCEPTED,,6101217,ok,15.563
bot-029,01a0b92b-2018-7235-bb58-b85f65ffc187,1663,6085669,6101234,ACCEPTED,,6101248,ok,15.579
bot-029,01a0b92b-2025-7625-8882-a10ec4fb4df7,1664,6099022,6149289,ACCEPTED,,6149344,ok,50.322
bot-029,01a0b92b-2026-7043-a8c7-357610475892,1665,6099090,6149361,ACCEPTED,,6149379,ok,50.289
bot-029,01a0b92b-2026-7043-a8c7-3577591ddf8b,1666,6099145,6149392,ACCEPTED,,6149409,ok,50.264
bot-029,01a0b92b-2026-7043-a8c7-35785478180a,1667,6099167,6149872,ACCEPTED,,6149895,ok,50.728
bot-029,01a0b92b-2026-7043-a8c7-3579ede7d301,1668,6099187,6149908,ACCEPTED,,6149921,ok,50.734
bot-029,01a0b92b-2026-7043-a8c7-357aae05b5ea,1669,6099208,6149933,ACCEPTED,,6149946,ok,50.738
bot-029,01a0b92b-2026-7043-a8c7-357b837d0441,1670,6099225,6149959,ACCEPTED,,6149973,ok,50.748
bot-029,01a0b92b-2026-7043-a8c7-357ca0366eab,1671,6099241,6149984,ACCEPTED,,6149997,ok,50.756
bot-029,01a0b92b-2026-7043-a8c7-357dc4ab2d8e,1672,6099255,6150009,ACCEPTED,,6150023,ok,50.768
bot-029,01a0b92b-2026-7043-a8c7-357eddc345c9,1673,6099268,6150035,ACCEPTED,,6150048,ok,50.780
bot-029,01a0b92b-2026-7043-a8c7-357f0e38213c,1674,6099283,6150060,ACCEPTED,,6150072,ok,50.789
bot-029,01a0b92b-2026-7043-a8c7-35802fb08c30,1675,6099295,6150084,ACCEPTED,,6150105,ok,50.810
bot-029,01a0b92b-2026-7043-a8c7-3581a946fe3a,1676,6099309,6150118,ACCEPTED,,6150131,ok,50.822
bot-029,01a0b92b-2026-7043-a8c7-3582af6468d1,1677,6099322,6150143,ACCEPTED,,6150155,ok,50.833
bot-029,01a0b92b-2026-7043-a8c7-358387d9a999,1678,6099337,6150168,ACCEPTED,,6150181,ok,50.844
bot-029,01a0b92b-2026-7043-a8c7-35845e076471,1679,6099349,6150193,ACCEPTED,,6150206,ok,50.857
bot-029,01a0b92b-2036-7701-a9d7-ed7f65b2a94d,1680,6115621,6150217,ACCEPTED,,6150230,ok,34.609
bot-029,01a0b92b-2036-7701-a9d7-ed80f679092d,1681,6115785,6150241,ACCEPTED,,6150255,ok,34.470
bot-029,01a0b92b-2036-7701-a9d7-ed811a9b6cfb,1682,6115820,6150266,ACCEPTED,,6150279,ok,34.459
bot-029,01a0b92b-2036-7701-a9d7-ed82bf50edf2,1683,6115844,6150291,ACCEPTED,,6150312,ok,34.468
bot-029,01a0b92b-2036-7701-a9d7-ed830484e0b8,1684,6115867,6150326,ACCEPTED,,6150341,ok,34.474
bot-029,01a0b92b-2036-7701-a9d7-ed84deb10aeb,1685,6115894,6150352,ACCEPTED,,6150364,ok,34.470
bot-029,01a0b92b-2036-7701-a9d7-ed851dea629c,1686,6115916,6150374,ACCEPTED,,6150386,ok,34.470
bot-029,01a0b92b-2036-7701-a9d7-ed86bcad6512,1687,6115940,6150398,ACCEPTED,,6150410,ok,34.470
bot-029,01a0b92b-2036-7701-a9d7-ed87b8c6a661,1688,6115962,6150420,ACCEPTED,,6150432,ok,34.470
bot-029,01a0b92b-2036-7701-a9d7-ed88948949da,1689,6115984,6150441,ACCEPTED,,6150449,ok,34.465
bot-029,01a0b92b-2036-7701-a9d7-ed89c9dee4da,1690,6116005,6150456,ACCEPTED,,6150464,ok,34.459
bot-029,01a0b92b-2036-7701-a9d7-ed8a82746fc1,1691,6116049,6150478,ACCEPTED,,6150486,ok,34.437
bot-029,01a0b92b-2037-72bd-980b-edacaecef00b,1692,6116083,6150493,ACCEPTED,,6150502,ok,34.419
bot-029,01a0b92b-2037-72bd-980b-edad472ee357,1693,6116100,6150509,ACCEPTED,,6150517,ok,34.417
bot-029,01a0b92b-2037-72bd-980b-edae49f2d017,1694,6116119,6150524,ACCEPTED,,6150532,ok,34.413
bot-029,01a0b92b-2037-72bd-980b-edaf5e4fda98,1695,6116135,6150540,ACCEPTED,,6150552,ok,34.417
bot-029,01a0b92b-2045-737d-b828-5e266809a61e,1696,6130984,6150564,ACCEPTED,,6150577,ok,19.593
bot-029,01a0b92b-2046-768c-8fdc-007c72dba2ca,1697,6131067,6150591,ACCEPTED,,6150600,ok,19.533
bot-029,01a0b92b-2046-768c-8fdc-007dad9886c0,1698,6131104,6150607,ACCEPTED,,6150615,ok,19.511
bot-029,01a0b92b-2046-768c-8fdc-007ec7213f52,1699,6131122,6150627,ACCEPTED,,6150635,ok,19.513
bot-029,01a0b92b-2046-768c-8fdc-007f55ac50cd,1700,6131135,6150643,ACCEPTED,,6150650,ok,19.515
bot-029,01a0b92b-2046-768c-8fdc-0080e13e8d31,1701,6131148,6150658,ACCEPTED,,6150669,ok,19.521
bot-029,01a0b92b-2046-768c-8fdc-0081a1e1d327,1702,6131160,6150676,ACCEPTED,,6150684,ok,19.524
bot-029,01a0b92b-2046-768c-8fdc-008293bbb96b,1703,6131173,6150694,ACCEPTED,,6150702,ok,19.529
bot-029,01a0b92b-2046-768c-8fdc-00831b45a3a5,1704,6131185,6150711,ACCEPTED,,6150721,ok,19.536
bot-029,01a0b92b-2046-768c-8fdc-0084529465d6,1705,6131197,6150786,ACCEPTED,,6150806,ok,19.609
bot-029,01a0b92b-2046-768c-8fdc-0085cbe02135,1706,6131262,6150819,ACCEPTED,,6150839,ok,19.577
bot-029,01a0b92b-2046-768c-8fdc-008617779f56,1707,6131285,6150851,ACCEPTED,,6150863,ok,19.578
bot-029,01a0b92b-2046-768c-8fdc-0087d4b87143,1708,6131298,6150873,ACCEPTED,,6150888,ok,19.590
bot-029,01a0b92b-2046-768c-8fdc-0088be5fcef9,1709,6131315,6150903,ACCEPTED,,6150955,ok,19.640
bot-029,01a0b92b-2046-768c-8fdc-0089225cf07e,1710,6131347,6150972,ACCEPTED,,6150983,ok,19.636
bot-029,01a0b92b-2046-768c-8fdc-008a2440ccf7,1711,6131362,6150993,ACCEPTED,,6151004,ok,19.642
bot-029,01a0b92b-2055-704c-a51e-5a83ecde15a7,1712,6146451,6151014,ACCEPTED,,6151047,ok,4.596
bot-029,01a0b92b-2055-704c-a51e-5a84bf925370,1713,6146552,6151057,ACCEPTED,,6151068,ok,4.516
bot-029,01a0b92b-2055-704c-a51e-5a857d359af6,1714,6146583,6151077,ACCEPTED,,6151087,ok,4.504
bot-029,01a0b92b-2055-704c-a51e-5a86bf609963,1715,6146607,6151097,ACCEPTED,,6151127,ok,4.520
bot-029,01a0b92b-2055-704c-a51e-5a87c2c82d81,1716,6146631,6151139,ACCEPTED,,6151206,ok,4.575
bot-029,01a0b92b-2055-704c-a51e-5a883954b02a,1717,6146654,6151231,ACCEPTED,,6151288,ok,4.634
bot-029,01a0b92b-2055-704c-a51e-5a895f726a72,1718,6146674,6151312,ACCEPTED,,6151332,ok,4.658
bot-029,01a0b92b-2055-704c-a51e-5a8ab05b2657,1719,6146696,6151398,ACCEPTED,,6151424,ok,4.728
bot-029,01a0b92b-2055-704c-a51e-5a8ba8d32f93,1720,6146716,6151479,ACCEPTED,,6151505,ok,4.789
bot-029,01a0b92b-2055-704c-a51e-5a8c580ff0ca,1721,6146736,6151523,ACCEPTED,,6151579,ok,4.843
bot-029,01a0b92b-2055-704c-a51e-5a8d2d22355c,1722,6146756,6151598,ACCEPTED,,6151619,ok,4.863
bot-029,01a0b92b-2055-704c-a51e-5a8e0a4a6d44,1723,6146775,6151676,ACCEPTED,,6151697,ok,4.922
bot-029,01a0b92b-2055-704c-a51e-5a8ff19a0eef,1724,6146797,6151715,ACCEPTED,,6151735,ok,4.938
bot-029,01a0b92b-2055-704c-a51e-5a90364d3890,1725,6146839,6151789,ACCEPTED,,6151814,ok,4.975
bot-029,01a0b92b-2055-704c-a51e-5a91d72a133d,1726,6146859,6151833,ACCEPTED,,6151852,ok,4.993
bot-029,01a0b92b-2055-704c-a51e-5a92744c9ee3,1727,6146880,6151906,ACCEPTED,,6151932,ok,5.052
bot-029,01a0b92b-2058-70a5-a22f-cd3ac9a2b160,1728,6149442,6199134,ACCEPTED,,6199162,ok,49.720
bot-029,01a0b92b-2058-70a5-a22f-cd3b0ba8cbbe,1729,6149495,6199177,ACCEPTED,,6199191,ok,49.696
bot-029,01a0b92b-2058-70a5-a22f-cd3cd6829aef,1730,6149521,6199203,ACCEPTED,,6199216,ok,49.695
bot-029,01a0b92b-2058-70a5-a22f-cd3db078e81a,1731,6149544,6199224,ACCEPTED,,6199233,ok,49.689
bot-029,01a0b92b-2058-70a5-a22f-cd3e53eb3549,1732,6149567,6199240,ACCEPTED,,6199251,ok,49.684
bot-029,01a0b92b-2058-70a5-a22f-cd3fb2678400,1733,6149590,6199261,ACCEPTED,,6199277,ok,49.687
bot-029,01a0b92b-2058-70a5-a22f-cd4076046a87,1734,6149619,6199292,ACCEPTED,,6199762,ok,50.143
bot-029,01a0b92b-2058-70a5-a22f-cd415cb6b903,1735,6149644,6199783,ACCEPTED,,6199799,ok,50.155
bot-029,01a0b92b-2058-70a5-a22f-cd4272158a52,1736,6149660,6199812,ACCEPTED,,6199826,ok,50.166
bot-029,01a0b92b-2058-70a5-a22f-cd439ac0d967,1737,6149681,6199839,ACCEPTED,,6199853,ok,50.172
bot-029,01a0b92b-2058-70a5-a22f-cd440c4fd92e,1738,6149708,6199865,ACCEPTED,,6199879,ok,50.171
bot-029,01a0b92b-2058-70a5-a22f-cd45c8d6f94a,1739,6149733,6209789,ACCEPTED,,6209831,ok,60.098
bot-029,01a0b92b-2058-70a5-a22f-cd46eb2d2929,1740,6149745,6209847,ACCEPTED,,6209861,ok,60.116
bot-029,01a0b92b-2058-70a5-a22f-cd47973af608,1741,6149784,6209873,ACCEPTED,,6209884,ok,60.100
bot-029,01a0b92b-2058-70a5-a22f-cd48d16ea605,1742,6149808,6209892,ACCEPTED,,6209900,ok,60.092
bot-029,01a0b92b-2058-70a5-a22f-cd4988df7f1f,1743,6149834,6209908,ACCEPTED,,6209916,ok,60.082
bot-029,01a0b92b-2064-7503-b44a-73f8857a7bcd,1744,6161856,6209924,ACCEPTED,,6209933,ok,48.077
bot-029,01a0b92b-2064-7503-b44a-73f9ec2be004,1745,6161992,6209940,ACCEPTED,,6209949,ok,47.957
bot-029,01a0b92b-2064-7503-b44a-73faee76afba,1746,6162020,6209956,ACCEPTED,,6209965,ok,47.945
bot-029,01a0b92b-2064-7503-b44a-73fb5ef8f9bd,1747,6162047,6209972,ACCEPTED,,6209986,ok,47.939
bot-029,01a0b92b-2065-7268-b94c-c185299aa6d8,1748,6162074,6209993,ACCEPTED,,6210001,ok,47.927
bot-029,01a0b92b-2065-7268-b94c-c186f3e10a58,1749,6162097,6210009,ACCEPTED,,6210017,ok,47.920
bot-029,01a0b92b-2065-7268-b94c-c18725835883,1750,6162119,6210024,ACCEPTED,,6210032,ok,47.913
bot-029,01a0b92b-2065-7268-b94c-c188bb6b4080,1751,6162138,6210040,ACCEPTED,,6210048,ok,47.910
bot-029,01a0b92b-2065-7268-b94c-c189d45c79d4,1752,6162160,6210055,ACCEPTED,,6210063,ok,47.903
bot-029,01a0b92b-2065-7268-b94c-c18a2aec03ec,1753,6162183,6210070,ACCEPTED,,6210078,ok,47.895
bot-029,01a0b92b-2065-7268-b94c-c18b728e1d51,1754,6162205,6210085,ACCEPTED,,6210093,ok,47.888
bot-029,01a0b92b-2065-7268-b94c-c18c2d85c8e9,1755,6162231,6210101,ACCEPTED,,6210109,ok,47.878
bot-029,01a0b92b-2065-7268-b94c-c18db52200df,1756,6162252,6210116,ACCEPTED,,6210124,ok,47.872
bot-029,01a0b92b-2065-7268-b94c-c18efb04a625,1757,6162274,6210132,ACCEPTED,,6210140,ok,47.866
bot-029,01a0b92b-2065-7268-b94c-c18fcbd64c2c,1758,6162296,6210147,ACCEPTED,,6210155,ok,47.859
bot-029,01a0b92b-2065-7268-b94c-c1900e450fcc,1759,6162318,6210162,ACCEPTED,,6210170,ok,47.852
bot-029,01a0b92b-2074-711f-a1a3-f93552c836b7,1760,6177460,6210177,ACCEPTED,,6210186,ok,32.726
bot-029,01a0b92b-2074-711f-a1a3-f93709dd0ef1,1761,6177574,6210193,ACCEPTED,,6210201,ok,32.627
bot-029,01a0b92b-2074-711f-a1a3-f938440ab971,1762,6177609,6210208,ACCEPTED,,6210216,ok,32.607
bot-029,01a0b92b-2074-711f-a1a3-f939988039d4,1763,6177636,6210224,ACCEPTED,,6210232,ok,32.596
bot-029,01a0b92b-2074-711f-a1a3-f93a8fe5a5a9,1764,6177659,6210239,ACCEPTED,,6210248,ok,32.589
bot-029,01a0b92b-2074-711f-a1a3-f93b770d4e8b,1765,6177679,6210255,ACCEPTED,,6210263,ok,32.584
bot-029,01a0b92b-2074-711f-a1a3-f93c8768d4aa,1766,6177700,6210270,ACCEPTED,,6210278,ok,32.578
bot-029,01a0b92b-2074-711f-a1a3-f93d622d8991,1767,6177717,6210285,ACCEPTED,,6210293,ok,32.576
bot-029,01a0b92b-2074-711f-a1a3-f93e62f55b27,1768,6177737,6210300,ACCEPTED,,6210308,ok,32.571
bot-029,01a0b92b-2074-711f-a1a3-f93f1bd421e2,1769,6177752,6210315,ACCEPTED,,6210323,ok,32.571
bot-029,01a0b92b-2074-711f-a1a3-f9407e94a828,1770,6177764,6210331,ACCEPTED,,6210339,ok,32.575
bot-029,01a0b92b-2074-711f-a1a3-f941f075f815,1771,6177776,6210346,ACCEPTED,,6210354,ok,32.578
bot-029,01a0b92b-2074-711f-a1a3-f942e88774b5,1772,6177788,6210362,ACCEPTED,,6210370,ok,32.582
bot-029,01a0b92b-2074-711f-a1a3-f943245d8bd3,1773,6177817,6210377,ACCEPTED,,6210385,ok,32.568
bot-029,01a0b92b-2074-711f-a1a3-f9443be4083f,1774,6177830,6210393,ACCEPTED,,6210401,ok,32.571
bot-029,01a0b92b-2074-711f-a1a3-f945a2a83770,1775,6177842,6210409,ACCEPTED,,6210416,ok,32.574
bot-029,01a0b92b-2084-722c-864a-d281fb9ca168,1776,6193619,6210424,ACCEPTED,,6210432,ok,16.813
bot-029,01a0b92b-2084-722c-864a-d2834c50d151,1777,6193726,6210439,ACCEPTED,,6210447,ok,16.721
bot-029,01a0b92b-2084-722c-864a-d28434d6f382,1778,6193751,6210454,ACCEPTED,,6210462,ok,16.711
bot-029,01a0b92b-2084-722c-864a-d2857b89a37c,1779,6193782,6210470,ACCEPTED,,6210478,ok,16.696
bot-029,01a0b92b-2084-722c-864a-d286c375427f,1780,6193814,6210485,ACCEPTED,,6210493,ok,16.679
bot-029,01a0b92b-2084-722c-864a-d287c5448427,1781,6193837,6210500,ACCEPTED,,6210511,ok,16.674
bot-029,01a0b92b-2084-722c-864a-d2880abd3f08,1782,6193857,6210520,ACCEPTED,,6210528,ok,16.671
bot-029,01a0b92b-2084-722c-864a-d289dd6b58af,1783,6193880,6210535,ACCEPTED,,6210543,ok,16.663
bot-029,01a0b92b-2084-722c-864a-d28acc412716,1784,6193941,6210551,ACCEPTED,,6210559,ok,16.618
bot-029,01a0b92b-2084-722c-864a-d28b6b93841a,1785,6193974,6210566,ACCEPTED,,6210574,ok,16.600
bot-029,01a0b92b-2084-722c-864a-d28cf61aa91e,1786,6194003,6210584,ACCEPTED,,6210596,ok,16.593
bot-029,01a0b92b-2084-722c-864a-d28d33ff01a4,1787,6194023,6210608,ACCEPTED,,6210620,ok,16.597
bot-029,01a0b92b-2084-722c-864a-d28e1d9b7e5b,1788,6194042,6210631,ACCEPTED,,6210642,ok,16.600
bot-029,01a0b92b-2085-70d6-839c-030d71d5fc54,1789,6194095,6210653,ACCEPTED,,6210665,ok,16.570
bot-029,01a0b92b-2085-70d6-839c-030e42e55df4,1790,6194116,6210675,ACCEPTED,,6210687,ok,16.571
bot-029,01a0b92b-2085-70d6-839c-030f83b2fff2,1791,6194132,6210697,ACCEPTED,,6210705,ok,16.573
bot-029,01a0b92b-208a-76e4-92bc-3d879b7dcd54,1792,6199330,6249187,ACCEPTED,,6249237,ok,49.907
bot-029,01a0b92b-208a-76e4-92bc-3d88d44fcbd0,1793,6199391,6249259,ACCEPTED,,6249288,ok,49.897
bot-029,01a0b92b-208a-76e4-92bc-3d89de154398,1794,6199466,6249306,ACCEPTED,,6249325,ok,49.859
bot-029,01a0b92b-208a-76e4-92bc-3d8ac163b43c,1795,6199508,6249341,ACCEPTED,,6249371,ok,49.863
bot-029,01a0b92b-208a-76e4-92bc-3d8b09b59824,1796,6199534,6249388,ACCEPTED,,6249411,ok,49.877
bot-029,01a0b92b-208a-76e4-92bc-3d8c571ae6b6,1797,6199560,6249432,ACCEPTED,,6249881,ok,50.321
bot-029,01a0b92b-208a-76e4-92bc-3d8d8cb14397,1798,6199582,6249900,ACCEPTED,,6249913,ok,50.331
bot-029,01a0b92b-208a-76e4-92bc-3d8e81e99a62,1799,6199603,6249923,ACCEPTED,,6249934,ok,50.331
bot-029,01a0b92b-208a-76e4-92bc-3d8f12c02dc3,1800,6199624,6249944,ACCEPTED,,6249954,ok,50.330
bot-029,01a0b92b-208a-76e4-92bc-3d9061804fff,1801,6199640,6249964,ACCEPTED,,6249974,ok,50.334
bot-029,01a0b92b-208a-76e4-92bc-3d91560fb68b,1802,6199653,6249983,ACCEPTED,,6249997,ok,50.344
bot-029,01a0b92b-208a-76e4-92bc-3d92153e113e,1803,6199666,6250006,ACCEPTED,,6250016,ok,50.350
bot-029,01a0b92b-208a-76e4-92bc-3d93916c12f5,1804,6199683,6250030,ACCEPTED,,6250045,ok,50.362
bot-029,01a0b92b-208a-76e4-92bc-3d94006e511f,1805,6199697,6250055,ACCEPTED,,6250068,ok,50.371
bot-029,01a0b92b-208a-76e4-92bc-3d955d021d42,1806,6199710,6250078,ACCEPTED,,6250088,ok,50.378
bot-029,01a0b92b-208a-76e4-92bc-3d9688f9cfb2,1807,6199744,6250097,ACCEPTED,,6250110,ok,50.366
bot-029,01a0b92b-2094-73d8-95a8-ae7d36e0c391,1808,6209436,6250119,ACCEPTED,,6250129,ok,40.693
bot-029,01a0b92b-2094-73d8-95a8-ae7f9c5a34ed,1809,6209485,6250140,ACCEPTED,,6250153,ok,40.668
bot-029,01a0b92b-2094-73d8-95a8-ae808a1cab35,1810,6209501,6250164,ACCEPTED,,6250229,ok,40.728
bot-029,01a0b92b-2094-73d8-95a8-ae81ef9784d4,1811,6209517,6250249,ACCEPTED,,6250262,ok,40.745
bot-029,01a0b92b-2094-73d8-95a8-ae8297a8fb2a,1812,6209529,6250276,ACCEPTED,,6250287,ok,40.758
bot-029,01a0b92b-2094-73d8-95a8-ae830c115be7,1813,6209542,6250296,ACCEPTED,,6250310,ok,40.768
bot-029,01a0b92b-2094-73d8-95a8-ae849f9b28fb,1814,6209555,6250319,ACCEPTED,,6250332,ok,40.777
bot-029,01a0b92b-2094-73d8-95a8-ae85ea2d9f50,1815,6209568,6250344,ACCEPTED,,6250356,ok,40.788
bot-029,01a0b92b-2094-73d8-95a8-ae86f52241a1,1816,6209581,6250400,ACCEPTED,,6250413,ok,40.832
bot-029,01a0b92b-2094-73d8-95a8-ae87bdfadbf4,1817,6209594,6250425,ACCEPTED,,6250438,ok,40.844
bot-029,01a0b92b-2094-73d8-95a8-ae8828f776e3,1818,6209649,6250473,ACCEPTED,,6250486,ok,40.837
bot-029,01a0b92b-2094-73d8-95a8-ae89aaddaca0,1819,6209674,6250498,ACCEPTED,,6250511,ok,40.837
bot-029,01a0b92b-2094-73d8-95a8-ae8a3429f0ec,1820,6209693,6250522,ACCEPTED,,6250558,ok,40.865
bot-029,01a0b92b-2094-73d8-95a8-ae8be94a733f,1821,6209711,6250570,ACCEPTED,,6250582,ok,40.871
bot-029,01a0b92b-2094-73d8-95a8-ae8ca4a0b224,1822,6209732,6250594,ACCEPTED,,6250630,ok,40.898
bot-029,01a0b92b-2094-73d8-95a8-ae8d9f6f5599,1823,6209754,6250641,ACCEPTED,,6250654,ok,40.900
bot-029,01a0b92b-20a3-71d5-9444-e255a1b6af9a,1824,6224298,6250666,ACCEPTED,,6250702,ok,26.404
bot-029,01a0b92b-20a3-71d5-9444-e258562ecda2,1825,6224404,6250713,ACCEPTED,,6250726,ok,26.322
bot-029,01a0b92b-20a3-71d5-9444-e2593d83f843,1826,6224431,6250737,ACCEPTED,,6250750,ok,26.319
bot-029,01a0b92b-20a3-71d5-9444-e25a8b431f3f,1827,6224465,6250783,ACCEPTED,,6250797,ok,26.332
bot-029,01a0b92b-20a3-71d5-9444-e25b1d015c8d,1828,6224488,6250809,ACCEPTED,,6250822,ok,26.334
bot-029,01a0b92b-20a3-71d5-9444-e25c0d4183ab,1829,6224511,6250851,ACCEPTED,,6250863,ok,26.352
bot-029,01a0b92b-20a3-71d5-9444-e25dccd6e898,1830,6224534,6250906,ACCEPTED,,6250955,ok,26.421
bot-029,01a0b92b-20a3-71d5-9444-e25ecc8b2c42,1831,6224557,6250967,ACCEPTED,,6250978,ok,26.421
bot-029,01a0b92b-20a3-71d5-9444-e25f94861b67,1832,6224580,6251005,ACCEPTED,,6251017,ok,26.437
bot-029,01a0b92b-20a3-71d5-9444-e26089e38032,1833,6224604,6251044,ACCEPTED,,6251056,ok,26.452
bot-029,01a0b92b-20a3-71d5-9444-e2613d126539,1834,6224649,6251066,ACCEPTED,,6251094,ok,26.445
bot-029,01a0b92b-20a3-71d5-9444-e262c0db6a8e,1835,6224672,6251105,ACCEPTED,,6251133,ok,26.461
bot-029,01a0b92b-20a3-71d5-9444-e2630c62ea53,1836,6224694,6251144,ACCEPTED,,6251155,ok,26.461
bot-029,01a0b92b-20a3-71d5-9444-e264e7e14a08,1837,6224717,6251182,ACCEPTED,,6251193,ok,26.476
bot-029,01a0b92b-20a3-71d5-9444-e265ab6fb0b7,1838,6224739,6251221,ACCEPTED,,6251233,ok,26.494
bot-029,01a0b92b-20a3-71d5-9444-e266e3270e60,1839,6224762,6251245,ACCEPTED,,6251256,ok,26.494
bot-029,01a0b92b-20b2-7475-948a-8baa6effa75e,1840,6239821,6251299,ACCEPTED,,6251312,ok,11.491
bot-029,01a0b92b-20b2-7475-948a-8babd8bdeb6c,1841,6239930,6251341,ACCEPTED,,6251353,ok,11.423
bot-029,01a0b92b-20b2-7475-948a-8baca1566ff9,1842,6239969,6251380,ACCEPTED,,6251392,ok,11.423
bot-029,01a0b92b-20b2-7475-948a-8bad6ecc52ce,1843,6239997,6251401,ACCEPTED,,6251421,ok,11.424
bot-029,01a0b92b-20b2-7475-948a-8bae5a31494e,1844,6240018,6251439,ACCEPTED,,6251468,ok,11.450
bot-029,01a0b92b-20b2-7475-948a-8baf7975b41a,1845,6240037,6251484,ACCEPTED,,6251495,ok,11.458
bot-029,01a0b92b-20b3-77c5-b08a-81d2883ced6a,1846,6240061,6251505,ACCEPTED,,6251547,ok,11.486
bot-029,01a0b92b-20b3-77c5-b08a-81d37905794a,1847,6240088,6251556,ACCEPTED,,6251567,ok,11.479
bot-029,01a0b92b-20b3-77c5-b08a-81d47dc860e7,1848,6240115,6251577,ACCEPTED,,6251606,ok,11.491
bot-029,01a0b92b-20b3-77c5-b08a-81d568edd80d,1849,6240141,6251778,ACCEPTED,,6251788,ok,11.647
bot-029,01a0b92b-20b3-77c5-b08a-81d6bdac75b1,1850,6240188,6251796,ACCEPTED,,6251804,ok,11.616
bot-029,01a0b92b-20b3-77c5-b08a-81d7d3948aa5,1851,6240208,6251811,ACCEPTED,,6251820,ok,11.612
bot-029,01a0b92b-20b3-77c5-b08a-81d890ee28dd,1852,6240232,6251827,ACCEPTED,,6251835,ok,11.603
bot-029,01a0b92b-20b3-77c5-b08a-81d971ccdad2,1853,6240265,6251843,ACCEPTED,,6251851,ok,11.586
bot-029,01a0b92b-20b3-77c5-b08a-81da9d46e82d,1854,6240293,6251860,ACCEPTED,,6251869,ok,11.576
bot-029,01a0b92b-20b3-77c5-b08a-81dbf23f62ce,1855,6240323,6251876,ACCEPTED,,6251884,ok,11.561
bot-029,01a0b92b-20bc-7311-8504-e80fd61cfa0c,1856,6249495,6299131,ACCEPTED,,6299182,ok,49.687
bot-029,01a0b92b-20bc-7311-8504-e81141f9e77d,1857,6249552,6299196,ACCEPTED,,6299213,ok,49.661
bot-029,01a0b92b-20bc-7311-8504-e812dbf0a089,1858,6249581,6299235,ACCEPTED,,6299248,ok,49.667
bot-029,01a0b92b-20bc-7311-8504-e8134f3fa82a,1859,6249608,6299270,ACCEPTED,,6299295,ok,49.687
bot-029,01a0b92b-20bc-7311-8504-e814c5685b48,1860,6249632,6299318,ACCEPTED,,6299336,ok,49.704
bot-029,01a0b92b-20bc-7311-8504-e815ee5f724c,1861,6249648,6299346,ACCEPTED,,6299360,ok,49.712
bot-029,01a0b92b-20bc-7311-8504-e8160a9d765c,1862,6249664,6299372,ACCEPTED,,6300053,ok,50.389
bot-029,01a0b92b-20bc-7311-8504-e8171405d44c,1863,6249679,6300079,ACCEPTED,,6300100,ok,50.421
bot-029,01a0b92b-20bc-7311-8504-e8180d6d8f73,1864,6249694,6300116,ACCEPTED,,6300163,ok,50.469
bot-029,01a0b92b-20bc-7311-8504-e819c9a26d0f,1865,6249752,6300180,ACCEPTED,,6300200,ok,50.448
bot-029,01a0b92b-20bc-7311-8504-e81a354d76f8,1866,6249777,6300216,ACCEPTED,,6300233,ok,50.456
bot-029,01a0b92b-20bc-7311-8504-e81be2454df5,1867,6249795,6300249,ACCEPTED,,6300266,ok,50.471
bot-029,01a0b92b-20bc-7311-8504-e81c163bb543,1868,6249811,6300281,ACCEPTED,,6300298,ok,50.487
bot-029,01a0b92b-20bc-7311-8504-e81de37622ab,1869,6249826,6300313,ACCEPTED,,6300330,ok,50.504
bot-029,01a0b92b-20bc-7311-8504-e81efbce4719,1870,6249842,6300345,ACCEPTED,,6300362,ok,50.520
bot-029,01a0b92b-20bc-7311-8504-e81f42188e19,1871,6249857,6300378,ACCEPTED,,6300395,ok,50.538
bot-029,01a0b92b-20c1-74d9-9fe9-74992a39eeee,1872,6254848,6300410,ACCEPTED,,6300427,ok,45.579
bot-029,01a0b92b-20c1-74d9-9fe9-749a1cddf67b,1873,6254890,6300443,ACCEPTED,,6300459,ok,45.569
bot-029,01a0b92b-20c1-74d9-9fe9-749b34a31114,1874,6254909,6300474,ACCEPTED,,6300491,ok,45.582
bot-029,01a0b92b-20c1-74d9-9fe9-749cd4fb13f7,1875,6254928,6300781,ACCEPTED,,6300811,ok,45.883
bot-029,01a0b92b-20c1-74d9-9fe9-749dbebbd532,1876,6254941,6300824,ACCEPTED,,6300837,ok,45.896
bot-029,01a0b92b-20c1-74d9-9fe9-749ebd3f9e45,1877,6254954,6300847,ACCEPTED,,6300859,ok,45.905
bot-029,01a0b92b-20c1-74d9-9fe9-749f1e88cad1,1878,6254966,6300870,ACCEPTED,,6300882,ok,45.916
bot-029,01a0b92b-20c1-74d9-9fe9-74a07345fed3,1879,6254978,6300893,ACCEPTED,,6300906,ok,45.928
bot-029,01a0b92b-20c1-74d9-9fe9-74a1bd4a4997,1880,6254990,6300917,ACCEPTED,,6300929,ok,45.939
bot-029,01a0b92b-20c1-74d9-9fe9-74a28ed01a85,1881,6255002,6300940,ACCEPTED,,6300952,ok,45.950
bot-029,01a0b92b-20c1-74d9-9fe9-74a37119a321,1882,6255015,6300963,ACCEPTED,,6300976,ok,45.961
bot-029,01a0b92b-20c1-74d9-9fe9-74a41ae54320,1883,6255027,6300987,ACCEPTED,,6300999,ok,45.972
bot-029,01a0b92b-20c1-74d9-9fe9-74a504ef7af0,1884,6255039,6301009,ACCEPTED,,6301022,ok,45.983
bot-029,01a0b92b-20c2-77d2-b150-c7f3d62747d7,1885,6255051,6301032,ACCEPTED,,6301044,ok,45.993
bot-029,01a0b92b-20c2-77d2-b150-c7f46817bfeb,1886,6255078,6301055,ACCEPTED,,6301067,ok,45.989
bot-029,01a0b92b-20c2-77d2-b150-c7f5607fc78b,1887,6255090,6301078,ACCEPTED,,6301090,ok,46.000
bot-029,01a0b92b-20d1-74fc-aa71-4ea8feb89ad4,1888,6270196,6301102,ACCEPTED,,6301125,ok,30.929
bot-029,01a0b92b-20d1-74fc-aa71-4ea991f7cfc4,1889,6270289,6301136,ACCEPTED,,6301149,ok,30.860
bot-029,01a0b92b-20d1-74fc-aa71-4eaa7456c1e3,1890,6270316,6301159,ACCEPTED,,6301172,ok,30.856
bot-029,01a0b92b-20d1-74fc-aa71-4eabcf8cb58d,1891,6270340,6301183,ACCEPTED,,6301195,ok,30.855
bot-029,01a0b92b-20d1-74fc-aa71-4eacf81c7234,1892,6270362,6301205,ACCEPTED,,6301224,ok,30.862
bot-029,01a0b92b-20d1-74fc-aa71-4ead23c1ec75,1893,6270384,6301235,ACCEPTED,,6301247,ok,30.863
bot-029,01a0b92b-20d1-74fc-aa71-4eae65d7de2b,1894,6270405,6301261,ACCEPTED,,6301273,ok,30.868
bot-029,01a0b92b-20d1-74fc-aa71-4eaf29f950a2,1895,6270440,6301284,ACCEPTED,,6301298,ok,30.858
bot-029,01a0b92b-20d1-74fc-aa71-4eb09b709d6c,1896,6270470,6301311,ACCEPTED,,6301326,ok,30.856
bot-029,01a0b92b-20d1-74fc-aa71-4eb1e804300e,1897,6270499,6301414,ACCEPTED,,6301446,ok,30.947
bot-029,01a0b92b-20d1-74fc-aa71-4eb2d158cec4,1898,6270527,6301464,ACCEPTED,,6301481,ok,30.954
bot-029,01a0b92b-20d1-74fc-aa71-4eb30237e57e,1899,6270555,6301499,ACCEPTED,,6301567,ok,31.012
bot-029,01a0b92b-20d1-74fc-aa71-4eb4c1ba4e58,1900,6270584,6301623,ACCEPTED,,6301639,ok,31.055
bot-029,01a0b92b-20d1-74fc-aa71-4eb5dcf1552d,1901,6270614,6301696,ACCEPTED,,6301719,ok,31.105
bot-029,01a0b92b-20d1-74fc-aa71-4eb62e765763,1902,6270676,6301735,ACCEPTED,,6301750,ok,31.074
bot-029,01a0b92b-20d1-74fc-aa71-4eb71ebba757,1903,6270709,6301795,ACCEPTED,,6301814,ok,31.105
bot-029,01a0b92b-20e0-77ea-bd04-710758dd3f78,1904,6286046,6301855,ACCEPTED,,6301875,ok,15.829
bot-029,01a0b92b-20e1-749b-9882-343427bb3f1a,1905,6286124,6301890,ACCEPTED,,6301934,ok,15.810
bot-029,01a0b92b-20e1-749b-9882-3435a8d62921,1906,6286143,6301952,ACCEPTED,,6301968,ok,15.825
bot-029,01a0b92b-20e1-749b-9882-34365f37d24c,1907,6286159,6301982,ACCEPTED,,6301996,ok,15.837
bot-029,01a0b92b-20e1-749b-9882-34379b872862,1908,6286176,6302010,ACCEPTED,,6302024,ok,15.848
bot-029,01a0b92b-20e1-749b-9882-343887270692,1909,6286194,6302038,ACCEPTED,,6302052,ok,15.858
bot-029,01a0b92b-20e1-749b-9882-343956358d28,1910,6286209,6302066,ACCEPTED,,6302081,ok,15.872
bot-029,01a0b92b-20e1-749b-9882-343ac2755816,1911,6286224,6302125,ACCEPTED,,6302143,ok,15.919
bot-029,01a0b92b-20e1-749b-9882-343b619ed23c,1912,6286239,6302169,ACCEPTED,,6302183,ok,15.944
bot-029,01a0b92b-20e1-749b-9882-343c5a904f69,1913,6286255,6302197,ACCEPTED,,6302210,ok,15.955
bot-029,01a0b92b-20e1-749b-9882-343dab51568d,1914,6286269,6302224,ACCEPTED,,6302237,ok,15.968
bot-029,01a0b92b-20e1-749b-9882-343e5ae06da9,1915,6286284,6302251,ACCEPTED,,6302265,ok,15.981
bot-029,01a0b92b-20e1-749b-9882-343fbffbc58d,1916,6286300,6302279,ACCEPTED,,6302288,ok,15.988
bot-029,01a0b92b-20e1-749b-9882-344025eb79dd,1917,6286315,6302297,ACCEPTED,,6302308,ok,15.993
bot-029,01a0b92b-20e1-749b-9882-3441b3921d90,1918,6286351,6302345,ACCEPTED,,6302359,ok,16.008
bot-029,01a0b92b-20e1-749b-9882-34420c9d9f79,1919,6286366,6302370,ACCEPTED,,6302378,ok,16.012
bot-029,01a0b92b-20ee-7069-a51a-8a85ec45fe5e,1920,6299417,6349335,ACCEPTED,,6349364,ok,49.947
bot-029,01a0b92b-20ee-7069-a51a-8a86517c5493,1921,6299490,6349380,ACCEPTED,,6349397,ok,49.907
bot-029,01a0b92b-20ee-7069-a51a-8a879af35d9b,1922,6299539,6349410,ACCEPTED,,6349424,ok,49.885
bot-029,01a0b92b-20ee-7069-a51a-8a88c7979d31,1923,6299578,6349438,ACCEPTED,,6349452,ok,49.874
bot-029,01a0b92b-20ee-7069-a51a-8a89e61b6841,1924,6299613,6349465,ACCEPTED,,6349483,ok,49.870
bot-029,01a0b92b-20ee-7069-a51a-8a8a3d826b97,1925,6299646,6349497,ACCEPTED,,6349512,ok,49.866
bot-029,01a0b92b-20ee-7069-a51a-8a8bb60a1646,1926,6299680,6349525,ACCEPTED,,6349538,ok,49.858
bot-029,01a0b92b-20ee-7069-a51a-8a8c9ee30e95,1927,6299713,6349555,ACCEPTED,,6349570,ok,49.857
bot-029,01a0b92b-20ee-7069-a51a-8a8dc0532bc5,1928,6299745,6349583,ACCEPTED,,6349600,ok,49.855
bot-029,01a0b92b-20ee-7069-a51a-8a8e740973fe,1929,6299804,6349614,ACCEPTED,,6349632,ok,49.828
bot-029,01a0b92b-20ee-7069-a51a-8a8fd7161cbb,1930,6299839,6349702,ACCEPTED,,6349728,ok,49.889
bot-029,01a0b92b-20ee-7069-a51a-8a9064bd4a58,1931,6299871,6349743,ACCEPTED,,6349753,ok,49.882
bot-029,01a0b92b-20ee-7069-a51a-8a91348c87f0,1932,6299907,6349761,ACCEPTED,,6349771,ok,49.864
bot-029,01a0b92b-20ee-7069-a51a-8a92f754148e,1933,6299945,6349780,ACCEPTED,,6349790,ok,49.845
bot-029,01a0b92b-20ee-7069-a51a-8a93e03ffae0,1934,6299980,6349832,ACCEPTED,,6349847,ok,49.867
bot-029,01a0b92b-20ee-7069-a51a-8a946af9ae08,1935,6300015,6349857,ACCEPTED,,6349873,ok,49.858
bot-029,01a0b92b-20f1-7579-94fd-a454345f47e9,1936,6302416,6349883,ACCEPTED,,6349896,ok,47.480
bot-029,01a0b92b-20f1-7579-94fd-a455c33cdecd,1937,6302457,6349908,ACCEPTED,,6349950,ok,47.493
bot-029,01a0b92b-20f1-7579-94fd-a456c75b1809,1938,6302484,6349964,ACCEPTED,,6349978,ok,47.494
bot-029,01a0b92b-20f1-7579-94fd-a4576751ef06,1939,6302507,6349990,ACCEPTED,,6350028,ok,47.521
bot-029,01a0b92b-20f1-7579-94fd-a458fd7b6ab5,1940,6302531,6350042,ACCEPTED,,6350056,ok,47.525
bot-029,01a0b92b-20f1-7579-94fd-a459bc88bd71,1941,6302555,6350092,ACCEPTED,,6350107,ok,47.552
bot-029,01a0b92b-20f1-7579-94fd-a45a2e0baed2,1942,6302580,6350120,ACCEPTED,,6350156,ok,47.576
bot-029,01a0b92b-20f1-7579-94fd-a45b1f6bbfa4,1943,6302605,6350171,ACCEPTED,,6350185,ok,47.580
bot-029,01a0b92b-20f1-7579-94fd-a45ce504114b,1944,6302657,6350221,ACCEPTED,,6350237,ok,47.580
bot-029,01a0b92b-20f1-7579-94fd-a45df491f877,1945,6302690,6350251,ACCEPTED,,6350287,ok,47.597
bot-029,01a0b92b-20f1-7579-94fd-a45e915e0ef8,1946,6302703,6350302,ACCEPTED,,6350316,ok,47.613
bot-029,01a0b92b-20f1-7579-94fd-a45f8d20badd,1947,6302718,6350361,ACCEPTED,,6350376,ok,47.658
bot-029,01a0b92b-20f1-7579-94fd-a460e411742b,1948,6302730,6350389,ACCEPTED,,6350403,ok,47.673
bot-029,01a0b92b-20f1-7579-94fd-a461b89bcc1b,1949,6302743,6350416,ACCEPTED,,6350455,ok,47.712
bot-029,01a0b92b-20f1-7579-94fd-a462d053f5de,1950,6302760,6350469,ACCEPTED,,6350484,ok,47.724
bot-029,01a0b92b-20f1-7579-94fd-a463e3fb0ff5,1951,6302780,6350518,ACCEPTED,,6350533,ok,47.753
bot-029,01a0b92b-20ff-7128-b45b-972aa9cdf997,1952,6316093,6350546,ACCEPTED,,6350587,ok,34.494
bot-029,01a0b92b-20ff-7128-b45b-972bf7696c73,1953,6316190,6350604,ACCEPTED,,6350619,ok,34.429
bot-029,01a0b92b-20ff-7128-b45b-972c22b0b1de,1954,6316213,6350656,ACCEPTED,,6350674,ok,34.461
bot-029,01a0b92b-20ff-7128-b45b-972d7d38d231,1955,6316232,6350686,ACCEPTED,,6350696,ok,34.464
bot-029,01a0b92b-20ff-7128-b45b-972e6b7a0280,1956,6316250,6350727,ACCEPTED,,6350737,ok,34.487
bot-029,01a0b92b-20ff-7128-b45b-972fdd87d03f,1957,6316267,6350749,ACCEPTED,,6350762,ok,34.495
bot-029,01a0b92b-20ff-7128-b45b-9730600a5002,1958,6316288,6350792,ACCEPTED,,6350802,ok,34.514
bot-029,01a0b92b-20ff-7128-b45b-9731ac136cc0,1959,6316308,6350811,ACCEPTED,,6350821,ok,34.513
bot-029,01a0b92b-20ff-7128-b45b-97321451e665,1960,6316331,6350848,ACCEPTED,,6350896,ok,34.565
bot-029,01a0b92b-20ff-7128-b45b-973334f5d485,1961,6316375,6350950,ACCEPTED,,6350974,ok,34.599
bot-029,01a0b92b-20ff-7128-b45b-973400728847,1962,6316399,6351026,ACCEPTED,,6351047,ok,34.648
bot-029,01a0b92b-20ff-7128-b45b-973518835960,1963,6316422,6351063,ACCEPTED,,6351081,ok,34.659
bot-029,01a0b92b-20ff-7128-b45b-97368a665a8a,1964,6316445,6351131,ACCEPTED,,6351156,ok,34.711
bot-029,01a0b92b-20ff-7128-b45b-9737c56606e3,1965,6316466,6351209,ACCEPTED,,6351229,ok,34.763
bot-029,01a0b92b-20ff-7128-b45b-97387501f1a3,1966,6316489,6351246,ACCEPTED,,6351263,ok,34.774
bot-029,01a0b92b-20ff-7128-b45b-973902bb2e78,1967,6316511,6351314,ACCEPTED,,6351339,ok,34.828
bot-029,01a0b92b-210d-7302-9afb-73fc10be8180,1968,6330995,6351361,ACCEPTED,,6351419,ok,20.424
bot-029,01a0b92b-210e-70d6-8604-4ff99777afc9,1969,6331112,6351444,ACCEPTED,,6351502,ok,20.390
bot-029,01a0b92b-210e-70d6-8604-4ffa173d4451,1970,6331133,6351525,ACCEPTED,,6351546,ok,20.413
bot-029,01a0b92b-210e-70d6-8604-4ffba7875a50,1971,6331153,6351615,ACCEPTED,,6351642,ok,20.489
bot-029,01a0b92b-210e-70d6-8604-4ffc23f447d2,1972,6331176,6351662,ACCEPTED,,6351681,ok,20.505
bot-029,01a0b92b-210e-70d6-8604-4ffd28c7b436,1973,6331195,6351737,ACCEPTED,,6351766,ok,20.571
bot-029,01a0b92b-210e-70d6-8604-4ffe2fbc6b6b,1974,6331213,6351784,ACCEPTED,,6351803,ok,20.590
bot-029,01a0b92b-210e-70d6-8604-4fffeb3ed11e,1975,6331231,6351879,ACCEPTED,,6351910,ok,20.679
bot-029,01a0b92b-210e-70d6-8604-5000523f9589,1976,6331249,6351925,ACCEPTED,,6351944,ok,20.695
bot-029,01a0b92b-210e-70d6-8604-50016406922c,1977,6331287,6351962,ACCEPTED,,6352022,ok,20.735
bot-029,01a0b92b-210e-70d6-8604-50021c10ec3e,1978,6331305,6352041,ACCEPTED,,6352061,ok,20.756
bot-029,01a0b92b-210e-70d6-8604-50039c6fa613,1979,6331323,6352079,ACCEPTED,,6352135,ok,20.812
bot-029,01a0b92b-210e-70d6-8604-50045fbf4b54,1980,6331341,6352159,ACCEPTED,,6352179,ok,20.838
bot-029,01a0b92b-210e-70d6-8604-50054bb47e0c,1981,6331358,6352196,ACCEPTED,,6352252,ok,20.894
bot-029,01a0b92b-210e-70d6-8604-5006652cc3c6,1982,6331377,6352276,ACCEPTED,,6352297,ok,20.920
bot-029,01a0b92b-210e-70d6-8604-5007c73b616b,1983,6331395,6352352,ACCEPTED,,6352388,ok,20.993
bot-029,01a0b92b-211c-76d0-9c31-92c19c5e0502,1984,6345804,6346478,REJECTED,TOO_MANY_IN_FLIGHT,,ok,
bot-029,01a0b92b-211c-76d0-9c31-92c2b0501e7b,1985,6345935,6346524,REJECTED,TOO_MANY_IN_FLIGHT,,ok,
bot-029,01a0b92b-211c-76d0-9c31-92c319fb38de,1986,6345972,6346539,REJECTED,TOO_MANY_IN_FLIGHT,,ok,
bot-029,01a0b92b-211c-76d0-9c31-92c423b55762,1987,6346000,6346552,REJECTED,TOO_MANY_IN_FLIGHT,,ok,
bot-029,01a0b92b-211c-76d0-9c31-92c5fe6afd99,1988,6346025,6346564,REJECTED,TOO_MANY_IN_FLIGHT,,ok,
bot-029,01a0b92b-211c-76d0-9c31-92c6a41a2b4a,1989,6346047,6346576,REJECTED,TOO_MANY_IN_FLIGHT,,ok,
bot-029,01a0b92b-211d-71ac-b944-293eeda1780b,1990,6346068,6346589,REJECTED,TOO_MANY_IN_FLIGHT,,ok,
bot-029,01a0b92b-211d-71ac-b944-293f59f3f59b,1991,6346089,6346608,REJECTED,TOO_MANY_IN_FLIGHT,,ok,
bot-029,01a0b92b-211d-71ac-b944-29404b722da5,1992,6346131,6346756,REJECTED,TOO_MANY_IN_FLIGHT,,ok,
bot-029,01a0b92b-211d-71ac-b944-2941a1a437da,1993,6346207,6346794,REJECTED,TOO_MANY_IN_FLIGHT,,ok,
bot-029,01a0b92b-211d-71ac-b944-29420c1cff30,1994,6346230,6346819,REJECTED,TOO_MANY_IN_FLIGHT,,ok,
bot-029,01a0b92b-211d-71ac-b944-2943717bd180,1995,6346250,6346842,REJECTED,TOO_MANY_IN_FLIGHT,,ok,
bot-029,01a0b92b-211d-71ac-b944-2944718f4cd9,1996,6346290,6346913,REJECTED,TOO_MANY_IN_FLIGHT,,ok,
bot-029,01a0b92b-211d-71ac-b944-294558958c0b,1997,6346335,6346944,REJECTED,TOO_MANY_IN_FLIGHT,,ok,
bot-029,01a0b92b-211d-71ac-b944-29466358d93f,1998,6346360,6346968,REJECTED,TOO_MANY_IN_FLIGHT,,ok,
bot-029,01a0b92b-211d-71ac-b944-2947b14b054e,1999,6346378,6347033,REJECTED,TOO_MANY_IN_FLIGHT,,ok,
