tick,observer_actor_id,ship_id,presence,px_mm,py_mm,pz_mm,vx_mm_s,vy_mm_s,vz_mm_s,render_offset_mm,render_offset_deg
1574602,01a0b1c2-b010-7000-8000-000000000000,01a0d778-4a7f-7547-ac98-41471799f490,LINGERING,2500000,250000,0,0,0,0,0,0
1574602,01a0b1c2-b010-7000-8000-000000000000,01a0d778-4a7f-7547-ac98-414ca8ab514d,LINGERING,1250000,250000,-2165064,0,0,0,0,0
1574602,01a0b1c2-b010-7000-8000-000000000000,01a0d778-828d-7281-9b0b-c160699881ac,ACTIVE,0,-250000,2500000,0,0,0,0,0
1574604,01a0b1c2-b010-7000-8000-000000000000,01a0d778-4a7f-7547-ac98-41471799f490,LINGERING,2500000,250000,0,0,0,0,0,0
1574604,01a0b1c2-b010-7000-8000-000000000000,01a0d778-4a7f-7547-ac98-414ca8ab514d,LINGERING,1250000,250000,-2165064,0,0,0,0,0
1574604,01a0b1c2-b010-7000-8000-000000000000,01a0d778-828d-7281-9b0b-c160699881ac,ACTIVE,0,-250000,2500000,0,0,0,0,0
1574606,01a0b1c2-b010-7000-8000-000000000000,01a0d778-4a7f-7547-ac98-41471799f490,LINGERING,2500000,250000,0,0,0,0,0,0
1574606,01a0b1c2-b010-7000-8000-000000000000,01a0d778-4a7f-7547-ac98-414ca8ab514d,LINGERING,1250000,250000,-2165064,0,0,0,0,0
1574606,01a0b1c2-b010-7000-8000-000000000000,01a0d778-828d-7281-9b0b-c160699881ac,ACTIVE,0,-250000,2500000,0,0,0,0,0
1574608,01a0b1c2-b010-7000-8000-000000000000,01a0d778-4a7f-7547-ac98-41471799f490,LINGERING,2500000,250000,0,0,0,0,0,0
1574608,01a0b1c2-b010-7000-8000-000000000000,01a0d778-4a7f-7547-ac98-414ca8ab514d,LINGERING,1250000,250000,-2165064,0,0,0,0,0
1574608,01a0b1c2-b010-7000-8000-000000000000,01a0d778-828d-7281-9b0b-c160699881ac,ACTIVE,0,-249968,2499739,0,448,-3471,0,0
1574610,01a0b1c2-b010-7000-8000-000000000000,01a0d778-4a7f-7547-ac98-41471799f490,LINGERING,2500000,250000,0,0,0,0,0,0
1574610,01a0b1c2-b010-7000-8000-000000000000,01a0d778-4a7f-7547-ac98-414ca8ab514d,LINGERING,1250000,250000,-2165064,0,0,0,0,0
1574610,01a0b1c2-b010-7000-8000-000000000000,01a0d778-828d-7281-9b0b-c160699881ac,ACTIVE,0,-249859,2499137,0,1360,-6861,0,0
1574612,01a0b1c2-b010-7000-8000-000000000000,01a0d778-4a7f-7547-ac98-41471799f490,LINGERING,2500000,250000,0,0,0,0,0,0
1574612,01a0b1c2-b010-7000-8000-000000000000,01a0d778-4a7f-7547-ac98-414ca8ab514d,LINGERING,1250000,250000,-2165064,0,0,0,0,0
1574612,01a0b1c2-b010-7000-8000-000000000000,01a0d778-828d-7281-9b0b-c160699881ac,ACTIVE,0,-249598,2498213,0,3107,-10000,0,0
1574614,01a0b1c2-b010-7000-8000-000000000000,01a0d778-4a7f-7547-ac98-41471799f490,LINGERING,2500000,250000,0,0,0,0,0,0
1574614,01a0b1c2-b010-7000-8000-000000000000,01a0d778-4a7f-7547-ac98-414ca8ab514d,LINGERING,1250000,250000,-2165064,0,0,0,0,0
1574614,01a0b1c2-b010-7000-8000-000000000000,01a0d778-828d-7281-9b0b-c160699881ac,ACTIVE,0,-249088,2497012,0,5830,-12644,0,0
1574616,01a0b1c2-b010-7000-8000-000000000000,01a0d778-4a7f-7547-ac98-41471799f490,LINGERING,2500000,250000,0,0,0,0,0,0
1574616,01a0b1c2-b010-7000-8000-000000000000,01a0d778-4a7f-7547-ac98-414ca8ab514d,LINGERING,1250000,250000,-2165064,0,0,0,0,0
1574616,01a0b1c2-b010-7000-8000-000000000000,01a0d778-828d-7281-9b0b-c160699881ac,ACTIVE,0,-248252,2495590,0,9264,-14681,0,0
1574618,01a0b1c2-b010-7000-8000-000000000000,01a0d778-4a7f-7547-ac98-41471799f490,LINGERING,2500000,250000,0,0,0,0,0,0
1574618,01a0b1c2-b010-7000-8000-000000000000,01a0d778-4a7f-7547-ac98-414ca8ab514d,LINGERING,1250000,250000,-2165064,0,0,0,0,0
1574618,01a0b1c2-b010-7000-8000-000000000000,01a0d778-828d-7281-9b0b-c160699881ac,ACTIVE,0,-247035,2494013,0,13148,-16093,0,0
1574620,01a0b1c2-b010-7000-8000-000000000000,01a0d778-4a7f-7547-ac98-41471799f490,LINGERING,2500000,250000,0,0,0,0,0,0
1574620,01a0b1c2-b010-7000-8000-000000000000,01a0d778-4a7f-7547-ac98-414ca8ab514d,LINGERING,1250000,250000,-2165064,0,0,0,0,0
1574620,01a0b1c2-b010-7000-8000-000000000000,01a0d778-828d-7281-9b0b-c160699881ac,ACTIVE,0,-245418,2492334,0,17182,-16985,0,0
1574622,01a0b1c2-b010-7000-8000-000000000000,01a0d778-4a7f-7547-ac98-41471799f490,LINGERING,2500000,250000,0,0,0,0,0,0
1574622,01a0b1c2-b010-7000-8000-000000000000,01a0d778-4a7f-7547-ac98-414ca8ab514d,LINGERING,1250000,250000,-2165064,0,0,0,0,0
1574622,01a0b1c2-b010-7000-8000-000000000000,01a0d778-828d-7281-9b0b-c160699881ac,ACTIVE,0,-243392,2490605,0,21298,-17343,0,0
1574624,01a0b1c2-b010-7000-8000-000000000000,01a0d778-4a7f-7547-ac98-41471799f490,LINGERING,2500000,250000,0,0,0,0,0,0
1574624,01a0b1c2-b010-7000-8000-000000000000,01a0d778-4a7f-7547-ac98-414ca8ab514d,LINGERING,1250000,250000,-2165064,0,0,0,0,0
1574624,01a0b1c2-b010-7000-8000-000000000000,01a0d778-828d-7281-9b0b-c160699881ac,ACTIVE,0,-240952,2488881,0,25426,-17162,0,0
1574626,01a0b1c2-b010-7000-8000-000000000000,01a0d778-4a7f-7547-ac98-41471799f490,LINGERING,2500000,250000,0,0,0,0,0,0
1574626,01a0b1c2-b010-7000-8000-000000000000,01a0d778-4a7f-7547-ac98-414ca8ab514d,LINGERING,1250000,250000,-2165064,0,0,0,0,0
1574626,01a0b1c2-b010-7000-8000-000000000000,01a0d778-828d-7281-9b0b-c160699881ac,ACTIVE,0,-238104,2487215,0,29495,-16443,0,0
1574628,01a0b1c2-b010-7000-8000-000000000000,01a0d778-4a7f-7547-ac98-41471799f490,LINGERING,2500000,250000,0,0,0,0,0,0
1574628,01a0b1c2-b010-7000-8000-000000000000,01a0d778-4a7f-7547-ac98-414ca8ab514d,LINGERING,1250000,250000,-2165064,0,0,0,0,0
1574628,01a0b1c2-b010-7000-8000-000000000000,01a0d778-828d-7281-9b0b-c160699881ac,ACTIVE,0,-234858,2485661,0,33435,-15199,0,0
1574630,01a0b1c2-b010-7000-8000-000000000000,01a0d778-4a7f-7547-ac98-41471799f490,LINGERING,2500000,250000,0,0,0,0,0,0
1574630,01a0b1c2-b010-7000-8000-000000000000,01a0d778-4a7f-7547-ac98-414ca8ab514d,LINGERING,1250000,250000,-2165064,0,0,0,0,0
1574630,01a0b1c2-b010-7000-8000-000000000000,01a0d778-828d-7281-9b0b-c160699881ac,ACTIVE,0,-231232,2484269,0,37179,-13452,0,0
1574632,01a0b1c2-b010-7000-8000-000000000000,01a0d778-4a7f-7547-ac98-41471799f490,LINGERING,2500000,250000,0,0,0,0,0,0
1574632,01a0b1c2-b010-7000-8000-000000000000,01a0d778-4a7f-7547-ac98-414ca8ab514d,LINGERING,1250000,250000,-2165064,0,0,0,0,0
1574632,01a0b1c2-b010-7000-8000-000000000000,01a0d778-828d-7281-9b0b-c160699881ac,ACTIVE,0,-227251,2483087,0,40664,-11232,0,0
1574634,01a0b1c2-b010-7000-8000-000000000000,01a0d778-4a7f-7547-ac98-41471799f490,LINGERING,2500000,250000,0,0,0,0,0,0
1574634,01a0b1c2-b010-7000-8000-000000000000,01a0d778-4a7f-7547-ac98-414ca8ab514d,LINGERING,1250000,250000,-2165064,0,0,0,0,0
1574634,01a0b1c2-b010-7000-8000-000000000000,01a0d778-828d-7281-9b0b-c160699881ac,ACTIVE,0,-222945,2482161,0,43828,-8576,0,0
1574636,01a0b1c2-b010-7000-8000-000000000000,01a0d778-4a7f-7547-ac98-41471799f490,LINGERING,2500000,250000,0,0,0,0,0,0
1574636,01a0b1c2-b010-7000-8000-000000000000,01a0d778-4a7f-7547-ac98-414ca8ab514d,LINGERING,1250000,250000,-2165064,0,0,0,0,0
1574636,01a0b1c2-b010-7000-8000-000000000000,01a0d778-828d-7281-9b0b-c160699881ac,ACTIVE,0,-218350,2481529,0,46620,-5529,0,0
1574638,01a0b1c2-b010-7000-8000-000000000000,01a0d778-4a7f-7547-ac98-41471799f490,LINGERING,2500000,250000,0,0,0,0,0,0
1574638,01a0b1c2-b010-7000-8000-000000000000,01a0d778-4a7f-7547-ac98-414ca8ab514d,LINGERING,1250000,250000,-2165064,0,0,0,0,0
1574638,01a0b1c2-b010-7000-8000-000000000000,01a0d778-828d-7281-9b0b-c160699881ac,ACTIVE,0,-213508,2481229,0,48989,-2144,0,0
1574640,01a0b1c2-b010-7000-8000-000000000000,01a0d778-4a7f-7547-ac98-41471799f490,LINGERING,2500000,250000,0,0,0,0,0,0
1574640,01a0b1c2-b010-7000-8000-000000000000,01a0d778-4a7f-7547-ac98-414ca8ab514d,LINGERING,1250000,250000,-2165064,0,0,0,0,0
1574640,01a0b1c2-b010-7000-8000-000000000000,01a0d778-828d-7281-9b0b-c160699881ac,ACTIVE,0,-208463,2481287,0,50897,1520,0,0
1574642,01a0b1c2-b010-7000-8000-000000000000,01a0d778-4a7f-7547-ac98-41471799f490,LINGERING,2500000,250000,0,0,0,0,0,0
1574642,01a0b1c2-b010-7000-8000-000000000000,01a0d778-4a7f-7547-ac98-414ca8ab514d,LINGERING,1250000,250000,-2165064,0,0,0,0,0
1574642,01a0b1c2-b010-7000-8000-000000000000,01a0d778-828d-7281-9b0b-c160699881ac,ACTIVE,0,-203264,2481729,0,52311,5403,0,0
1574644,01a0b1c2-b010-7000-8000-000000000000,01a0d778-4a7f-7547-ac98-41471799f490,LINGERING,2500000,250000,0,0,0,0,0,0
1574644,01a0b1c2-b010-7000-8000-000000000000,01a0d778-4a7f-7547-ac98-414ca8ab514d,LINGERING,1250000,250000,-2165064,0,0,0,0,0
1574644,01a0b1c2-b010-7000-8000-000000000000,01a0d778-828d-7281-9b0b-c160699881ac,ACTIVE,0,-197963,2482572,0,53205,9437,0,0
1574646,01a0b1c2-b010-7000-8000-000000000000,01a0d778-4a7f-7547-ac98-41471799f490,LINGERING,2500000,250000,0,0,0,0,0,0
1574646,01a0b1c2-b010-7000-8000-000000000000,01a0d778-4a7f-7547-ac98-414ca8ab514d,LINGERING,1250000,250000,-2165064,0,0,0,0,0
1574646,01a0b1c2-b010-7000-8000-000000000000,01a0d778-828d-7281-9b0b-c160699881ac,ACTIVE,0,-192612,2483824,0,53566,13553,0,0
1574648,01a0b1c2-b010-7000-8000-000000000000,01a0d778-4a7f-7547-ac98-41471799f490,LINGERING,2500000,250000,0,0,0,0,0,0
1574648,01a0b1c2-b010-7000-8000-000000000000,01a0d778-4a7f-7547-ac98-414ca8ab514d,LINGERING,1250000,250000,-2165064,0,0,0,0,0
1574648,01a0b1c2-b010-7000-8000-000000000000,01a0d778-828d-7281-9b0b-c160699881ac,ACTIVE,0,-187265,2485489,0,53387,17681,0,0
1574650,01a0b1c2-b010-7000-8000-000000000000,01a0d778-4a7f-7547-ac98-41471799f490,LINGERING,2500000,250000,0,0,0,0,0,0
1574650,01a0b1c2-b010-7000-8000-000000000000,01a0d778-4a7f-7547-ac98-414ca8ab514d,LINGERING,1250000,250000,-2165064,0,0,0,0,0
1574650,01a0b1c2-b010-7000-8000-000000000000,01a0d778-828d-7281-9b0b-c160699881ac,ACTIVE,0,-181974,2487563,0,52714,21758,0,0
1574650,01a0b1c2-b010-7000-8000-000000000000,01a0d778-8c1f-740e-b699-6d90c918701e,ACTIVE,2165064,-250000,1250000,0,0,0,0,0
1574652,01a0b1c2-b010-7000-8000-000000000000,01a0d778-4a7f-7547-ac98-41471799f490,LINGERING,2500000,250000,0,0,0,0,0,0
1574652,01a0b1c2-b010-7000-8000-000000000000,01a0d778-4a7f-7547-ac98-414ca8ab514d,LINGERING,1250000,250000,-2165064,0,0,0,0,0
1574652,01a0b1c2-b010-7000-8000-000000000000,01a0d778-828d-7281-9b0b-c160699881ac,ACTIVE,0,-176780,2490039,0,51662,25755,0,0
1574652,01a0b1c2-b010-7000-8000-000000000000,01a0d778-8c1f-740e-b699-6d90c918701e,ACTIVE,2165064,-250000,1250000,0,0,0,0,0
1574654,01a0b1c2-b010-7000-8000-000000000000,01a0d778-4a7f-7547-ac98-41471799f490,LINGERING,2500000,250000,0,0,0,0,0,0
1574654,01a0b1c2-b010-7000-8000-000000000000,01a0d778-4a7f-7547-ac98-414ca8ab514d,LINGERING,1250000,250000,-2165064,0,0,0,0,0
1574654,01a0b1c2-b010-7000-8000-000000000000,01a0d778-828d-7281-9b0b-c160699881ac,ACTIVE,0,-171712,2492909,0,50327,29667,0,0
1574654,01a0b1c2-b010-7000-8000-000000000000,01a0d778-8c1f-740e-b699-6d90c918701e,ACTIVE,2165064,-250000,1250000,0,0,0,0,0
1574656,01a0b1c2-b010-7000-8000-000000000000,01a0d778-4a7f-7547-ac98-41471799f490,LINGERING,2500000,250000,0,0,0,0,0,0
1574656,01a0b1c2-b010-7000-8000-000000000000,01a0d778-4a7f-7547-ac98-414ca8ab514d,LINGERING,1250000,250000,-2165064,0,0,0,0,0
1574656,01a0b1c2-b010-7000-8000-000000000000,01a0d778-828d-7281-9b0b-c160699881ac,ACTIVE,0,-166794,2496163,0,48778,33500,0,0
1574656,01a0b1c2-b010-7000-8000-000000000000,01a0d778-8c1f-740e-b699-6d90c918701e,ACTIVE,2165064,-250000,1250000,0,0,0,0,0
1574658,01a0b1c2-b010-7000-8000-000000000000,01a0d778-4a7f-7547-ac98-41471799f490,LINGERING,2500000,250000,0,0,0,0,0,0
1574658,01a0b1c2-b010-7000-8000-000000000000,01a0d778-4a7f-7547-ac98-414ca8ab514d,LINGERING,1250000,250000,-2165064,0,0,0,0,0
1574658,01a0b1c2-b010-7000-8000-000000000000,01a0d778-828d-7281-9b0b-c160699881ac,ACTIVE,0,-162044,2499796,0,47070,37264,0,0
1574658,01a0b1c2-b010-7000-8000-000000000000,01a0d778-8c1f-740e-b699-6d90c918701e,ACTIVE,2165064,-250000,1250000,0,0,0,0,0
1574660,01a0b1c2-b010-7000-8000-000000000000,01a0d778-4a7f-7547-ac98-41471799f490,LINGERING,2500000,250000,0,0,0,0,0,0
1574660,01a0b1c2-b010-7000-8000-000000000000,01a0d778-4a7f-7547-ac98-414ca8ab514d,LINGERING,1250000,250000,-2165064,0,0,0,0,0
1574660,01a0b1c2-b010-7000-8000-000000000000,01a0d778-828d-7281-9b0b-c160699881ac,ACTIVE,0,-157473,2503801,0,45242,40972,0,0
1574660,01a0b1c2-b010-7000-8000-000000000000,01a0d778-8c1f-740e-b699-6d90c918701e,ACTIVE,2164834,-249974,1249875,-3065,351,-1653,0,0
1574662,01a0b1c2-b010-7000-8000-000000000000,01a0d778-4a7f-7547-ac98-41471799f490,LINGERING,2500000,250000,0,0,0,0,0,0
1574662,01a0b1c2-b010-7000-8000-000000000000,01a0d778-4a7f-7547-ac98-414ca8ab514d,LINGERING,1250000,250000,-2165064,0,0,0,0,0
1574662,01a0b1c2-b010-7000-8000-000000000000,01a0d778-828d-7281-9b0b-c160699881ac,ACTIVE,0,-153092,2508173,0,43324,44634,0,0
1574662,01a0b1c2-b010-7000-8000-000000000000,01a0d778-8c1f-740e-b699-6d90c918701e,ACTIVE,2164285,-249911,1249613,-6333,714,-2883,0,0
1574664,01a0b1c2-b010-7000-8000-000000000000,01a0d778-4a7f-7547-ac98-41471799f490,LINGERING,2500000,250000,0,0,0,0,0,0
1574664,01a0b1c2-b010-7000-8000-000000000000,01a0d778-4a7f-7547-ac98-414ca8ab514d,LINGERING,1250000,250000,-2165064,0,0,0,0,0
1574664,01a0b1c2-b010-7000-8000-000000000000,01a0d778-828d-7281-9b0b-c160699881ac,ACTIVE,0,-148908,2512908,0,41339,48260,0,0
1574664,01a0b1c2-b010-7000-8000-000000000000,01a0d778-8c1f-740e-b699-6d90c918701e,ACTIVE,2163387,-249812,1249288,-9884,1082,-3287,0,0
1574666,01a0b1c2-b010-7000-8000-000000000000,01a0d778-4a7f-7547-ac98-41471799f490,LINGERING,2500000,250000,0,0,0,0,0,0
1574666,01a0b1c2-b010-7000-8000-000000000000,01a0d778-4a7f-7547-ac98-414ca8ab514d,LINGERING,1250000,250000,-2165064,0,0,0,0,0
1574666,01a0b1c2-b010-7000-8000-000000000000,01a0d778-828d-7281-9b0b-c160699881ac,ACTIVE,0,-144927,2518004,0,39301,51857,0,0
1574666,01a0b1c2-b010-7000-8000-000000000000,01a0d778-8c1f-740e-b699-6d90c918701e,ACTIVE,2162120,-249678,1249004,-13601,1433,-2609,0,0
1574668,01a0b1c2-b010-7000-8000-000000000000,01a0d778-4a7f-7547-ac98-41471799f490,LINGERING,2500000,250000,0,0,0,0,0,0
1574668,01a0b1c2-b010-7000-8000-000000000000,01a0d778-4a7f-7547-ac98-414ca8ab514d,LINGERING,1250000,250000,-2165064,0,0,0,0,0
1574668,01a0b1c2-b010-7000-8000-000000000000,01a0d778-828d-7281-9b0b-c160699881ac,ACTIVE,0,-141152,2523458,0,37225,55432,0,0
1574668,01a0b1c2-b010-7000-8000-000000000000,01a0d778-8c1f-740e-b699-6d90c918701e,ACTIVE,2160485,-249511,1248858,-17243,1747,-1002,0,0
1574670,01a0b1c2-b010-7000-8000-000000000000,01a0d778-4a7f-7547-ac98-41471799f490,LINGERING,2500000,250000,0,0,0,0,0,0
1574670,01a0b1c2-b010-7000-8000-000000000000,01a0d778-4a7f-7547-ac98-414ca8ab514d,LINGERING,1250000,250000,-2165064,0,0,0,0,0
1574670,01a0b1c2-b010-7000-8000-000000000000,01a0d778-828d-7281-9b0b-c160699881ac,ACTIVE,0,-137588,2529268,0,35119,58989,0,0
1574670,01a0b1c2-b010-7000-8000-000000000000,01a0d778-8c1f-740e-b699-6d90c918701e,ACTIVE,2158504,-249316,1248931,-20640,2015,1335,0,0
1574672,01a0b1c2-b010-7000-8000-000000000000,01a0d778-4a7f-7547-ac98-41471799f490,LINGERING,2500000,250000,0,0,0,0,0,0
1574672,01a0b1c2-b010-7000-8000-000000000000,01a0d778-4a7f-7547-ac98-414ca8ab514d,LINGERING,1250000,250000,-2165064,0,0,0,0,0
1574672,01a0b1c2-b010-7000-8000-000000000000,01a0d778-828d-7281-9b0b-c160699881ac,ACTIVE,0,-134235,2535433,0,32991,62533,0,0
1574672,01a0b1c2-b010-7000-8000-000000000000,01a0d778-8c1f-740e-b699-6d90c918701e,ACTIVE,2156208,-249097,1249269,-23705,2240,4096,0,0
1574674,01a0b1c2-b010-7000-8000-000000000000,01a0d778-4a7f-7547-ac98-41471799f490,LINGERING,2500000,250000,0,0,0,0,0,0
1574674,01a0b1c2-b010-7000-8000-000000000000,01a0d778-4a7f-7547-ac98-414ca8ab514d,LINGERING,1250000,250000,-2165064,0,0,0,0,0
1574674,01a0b1c2-b010-7000-8000-000000000000,01a0d778-828d-7281-9b0b-c160699881ac,ACTIVE,0,-131097,2541951,0,30845,66067,0,0
1574674,01a0b1c2-b010-7000-8000-000000000000,01a0d778-8c1f-740e-b699-6d90c918701e,ACTIVE,2153634,-248859,1249911,-26387,2418,7234,0,0
1574676,01a0b1c2-b010-7000-8000-000000000000,01a0d778-4a7f-7547-ac98-41471799f490,LINGERING,2500000,250000,0,0,0,0,0,0
1574676,01a0b1c2-b010-7000-8000-000000000000,01a0d778-4a7f-7547-ac98-414ca8ab514d,LINGERING,1250000,250000,-2165064,0,0,0,0,0
1574676,01a0b1c2-b010-7000-8000-000000000000,01a0d778-828d-7281-9b0b-c160699881ac,ACTIVE,0,-128174,2548823,0,28687,69593,0,0
1574676,01a0b1c2-b010-7000-8000-000000000000,01a0d778-8c1f-740e-b699-6d90c918701e,ACTIVE,2150824,-248607,1250893,-28639,2550,10696,0,0
1574678,01a0b1c2-b010-7000-8000-000000000000,01a0d778-4a7f-7547-ac98-41471799f490,LINGERING,2500000,250000,0,0,0,0,0,0
1574678,01a0b1c2-b010-7000-8000-000000000000,01a0d778-4a7f-7547-ac98-414ca8ab514d,LINGERING,1250000,250000,-2165064,0,0,0,0,0
1574678,01a0b1c2-b010-7000-8000-000000000000,01a0d778-828d-7281-9b0b-c160699881ac,ACTIVE,0,-125468,2556046,0,26519,73113,0,0
1574678,01a0b1c2-b010-7000-8000-000000000000,01a0d778-8c1f-740e-b699-6d90c918701e,ACTIVE,2147823,-248346,1252240,-30422,2634,14422,0,0
1574680,01a0b1c2-b010-7000-8000-000000000000,01a0d778-4a7f-7547-ac98-41471799f490,LINGERING,2500000,250000,0,0,0,0,0,0
1574680,01a0b1c2-b010-7000-8000-000000000000,01a0d778-4a7f-7547-ac98-414ca8ab514d,LINGERING,1250000,250000,-2165064,0,0,0,0,0
1574680,01a0b1c2-b010-7000-8000-000000000000,01a0d778-828d-7281-9b0b-c160699881ac,ACTIVE,0,-122979,2563621,0,24343,76628,0,0
1574680,01a0b1c2-b010-7000-8000-000000000000,01a0d778-8c1f-740e-b699-6d90c918701e,ACTIVE,2144681,-248079,1253976,-31707,2672,18349,0,0
1574682,01a0b1c2-b010-7000-8000-000000000000,01a0d778-4a7f-7547-ac98-41471799f490,LINGERING,2500000,250000,0,0,0,0,0,0
1574682,01a0b1c2-b010-7000-8000-000000000000,01a0d778-4a7f-7547-ac98-414ca8ab514d,LINGERING,1250000,250000,-2165064,0,0,0,0,0
1574682,01a0b1c2-b010-7000-8000-000000000000,01a0d778-828d-7281-9b0b-c160699881ac,ACTIVE,0,-120709,2571547,0,22161,80139,0,0
1574682,01a0b1c2-b010-7000-8000-000000000000,01a0d778-8c1f-740e-b699-6d90c918701e,ACTIVE,2141450,-247812,1256115,-32471,2665,22409,0,0
1574684,01a0b1c2-b010-7000-8000-000000000000,01a0d778-4a7f-7547-ac98-41471799f490,LINGERING,2500000,250000,0,0,0,0,0,0
1574684,01a0b1c2-b010-7000-8000-000000000000,01a0d778-4a7f-7547-ac98-414ca8ab514d,LINGERING,1250000,250000,-2165064,0,0,0,0,0
1574684,01a0b1c2-b010-7000-8000-000000000000,01a0d778-828d-7281-9b0b-c160699881ac,ACTIVE,0,-118657,2579824,0,19975,83648,0,0
1574684,01a0b1c2-b010-7000-8000-000000000000,01a0d778-8c1f-740e-b699-6d90c918701e,ACTIVE,2138182,-247549,1258665,-32701,2616,26535,0,0
1574686,01a0b1c2-b010-7000-8000-000000000000,01a0d778-4a7f-7547-ac98-41471799f490,LINGERING,2500000,250000,0,0,0,0,0,0
1574686,01a0b1c2-b010-7000-8000-000000000000,01a0d778-4a7f-7547-ac98-414ca8ab514d,LINGERING,1250000,250000,-2165064,0,0,0,0,0
1574686,01a0b1c2-b010-7000-8000-000000000000,01a0d778-828d-7281-9b0b-c160699881ac,ACTIVE,0,-116823,2588452,0,17786,87155,0,0
1574686,01a0b1c2-b010-7000-8000-000000000000,01a0d778-8c1f-740e-b699-6d90c918701e,ACTIVE,2134932,-247294,1261628,-32395,2528,30654,0,0
1574688,01a0b1c2-b010-7000-8000-000000000000,01a0d778-4a7f-7547-ac98-41471799f490,LINGERING,2500000,250000,0,0,0,0,0,0
1574688,01a0b1c2-b010-7000-8000-000000000000,01a0d778-4a7f-7547-ac98-414ca8ab514d,LINGERING,1250000,250000,-2165064,0,0,0,0,0
1574688,01a0b1c2-b010-7000-8000-000000000000,01a0d778-828d-7281-9b0b-c160699881ac,ACTIVE,0,-115209,2597430,0,15594,90660,0,0
1574688,01a0b1c2-b010-7000-8000-000000000000,01a0d778-8c1f-740e-b699-6d90c918701e,ACTIVE,2131748,-247050,1264998,-31622,2411,34712,0,0
1574690,01a0b1c2-b010-7000-8000-000000000000,01a0d778-4a7f-7547-ac98-41471799f490,LINGERING,2500000,250000,0,0,0,0,0,0
1574690,01a0b1c2-b010-7000-8000-000000000000,01a0d778-4a7f-7547-ac98-414ca8ab514d,LINGERING,1250000,250000,-2165064,0,0,0,0,0
1574690,01a0b1c2-b010-7000-8000-000000000000,01a0d778-828d-7281-9b0b-c160699881ac,ACTIVE,0,-113814,2606759,0,13401,94164,0,0
1574690,01a0b1c2-b010-7000-8000-000000000000,01a0d778-8c1f-740e-b699-6d90c918701e,ACTIVE,2128668,-246819,1268768,-30497,2275,38687,0,0
1574692,01a0b1c2-b010-7000-8000-000000000000,01a0d778-4a7f-7547-ac98-41471799f490,LINGERING,2500000,250000,0,0,0,0,0,0
1574692,01a0b1c2-b010-7000-8000-000000000000,01a0d778-4a7f-7547-ac98-414ca8ab514d,LINGERING,1250000,250000,-2165064,0,0,0,0,0
1574692,01a0b1c2-b010-7000-8000-000000000000,01a0d778-828d-7281-9b0b-c160699881ac,ACTIVE,0,-112638,2616438,0,11206,97667,0,0
1574692,01a0b1c2-b010-7000-8000-000000000000,01a0d778-8c1f-740e-b699-6d90c918701e,ACTIVE,2125721,-246602,1272929,-29108,2128,42577,0,0
1574694,01a0b1c2-b010-7000-8000-000000000000,01a0d778-4a7f-7547-ac98-41471799f490,LINGERING,2500000,250000,0,0,0,0,0,0
1574694,01a0b1c2-b010-7000-8000-000000000000,01a0d778-4a7f-7547-ac98-414ca8ab514d,LINGERING,1250000,250000,-2165064,0,0,0,0,0
1574694,01a0b1c2-b010-7000-8000-000000000000,01a0d778-828d-7281-9b0b-c160699881ac,ACTIVE,0,-111682,2626468,0,9012,101171,0,0
1574694,01a0b1c2-b010-7000-8000-000000000000,01a0d778-8c1f-740e-b699-6d90c918701e,ACTIVE,2122928,-246401,1277473,-27521,1973,46391,0,0
1574696,01a0b1c2-b010-7000-8000-000000000000,01a0d778-4a7f-7547-ac98-41471799f490,LINGERING,2500000,250000,0,0,0,0,0,0
1574696,01a0b1c2-b010-7000-8000-000000000000,01a0d778-4a7f-7547-ac98-414ca8ab514d,LINGERING,1250000,250000,-2165064,0,0,0,0,0
1574696,01a0b1c2-b010-7000-8000-000000000000,01a0d778-828d-7281-9b0b-c160699881ac,ACTIVE,0,-110946,2636848,0,6818,104675,0,0
1574696,01a0b1c2-b010-7000-8000-000000000000,01a0d778-8c1f-740e-b699-6d90c918701e,ACTIVE,2120305,-246215,1282394,-25786,1815,50140,0,0
1574698,01a0b1c2-b010-7000-8000-000000000000,01a0d778-4a7f-7547-ac98-41471799f490,LINGERING,2500000,250000,0,0,0,0,0,0
1574698,01a0b1c2-b010-7000-8000-000000000000,01a0d778-4a7f-7547-ac98-414ca8ab514d,LINGERING,1250000,250000,-2165064,0,0,0,0,0
1574698,01a0b1c2-b010-7000-8000-000000000000,01a0d778-828d-7281-9b0b-c160699881ac,ACTIVE,0,-110428,2647578,0,4624,108178,0,0
1574698,01a0b1c2-b010-7000-8000-000000000000,01a0d778-8c1f-740e-b699-6d90c918701e,ACTIVE,2117865,-246046,1287685,-23939,1656,53835,0,0
1574700,01a0b1c2-b010-7000-8000-000000000000,01a0d778-4a7f-7547-ac98-41471799f490,LINGERING,2500000,250000,0,0,0,0,0,0
1574700,01a0b1c2-b010-7000-8000-000000000000,01a0d778-4a7f-7547-ac98-414ca8ab514d,LINGERING,1250000,250000,-2165064,0,0,0,0,0
1574700,01a0b1c2-b010-7000-8000-000000000000,01a0d778-828d-7281-9b0b-c160699881ac,ACTIVE,0,-110131,2658658,0,2430,111682,0,0
1574700,01a0b1c2-b010-7000-8000-000000000000,01a0d778-8c1f-740e-b699-6d90c918701e,ACTIVE,2115615,-245892,1293343,-22009,1497,57487,0,0
1574702,01a0b1c2-b010-7000-8000-000000000000,01a0d778-4a7f-7547-ac98-41471799f490,LINGERING,2500000,250000,0,0,0,0,0,0
1574702,01a0b1c2-b010-7000-8000-000000000000,01a0d778-4a7f-7547-ac98-414ca8ab514d,LINGERING,1250000,250000,-2165064,0,0,0,0,0
1574702,01a0b1c2-b010-7000-8000-000000000000,01a0d778-828d-7281-9b0b-c160699881ac,ACTIVE,0,-110052,2670089,0,236,115186,0,0
1574702,01a0b1c2-b010-7000-8000-000000000000,01a0d778-8c1f-740e-b699-6d90c918701e,ACTIVE,2113563,-245754,1299363,-20014,1340,61105,0,0
1574704,01a0b1c2-b010-7000-8000-000000000000,01a0d778-4a7f-7547-ac98-41471799f490,LINGERING,2500000,250000,0,0,0,0,0,0
1574704,01a0b1c2-b010-7000-8000-000000000000,01a0d778-4a7f-7547-ac98-414ca8ab514d,LINGERING,1250000,250000,-2165064,0,0,0,0,0
1574704,01a0b1c2-b010-7000-8000-000000000000,01a0d778-828d-7281-9b0b-c160699881ac,ACTIVE,0,-110033,2681870,0,197,118686,0,0
1574704,01a0b1c2-b010-7000-8000-000000000000,01a0d778-8c1f-740e-b699-6d90c918701e,ACTIVE,2111715,-245632,1305743,-17972,1184,64696,0,0
1574706,01a0b1c2-b010-7000-8000-000000000000,01a0d778-4a7f-7547-ac98-41471799f490,LINGERING,2500000,250000,0,0,0,0,0,0
1574706,01a0b1c2-b010-7000-8000-000000000000,01a0d778-4a7f-7547-ac98-414ca8ab514d,LINGERING,1250000,250000,-2165064,0,0,0,0,0
1574706,01a0b1c2-b010-7000-8000-000000000000,01a0d778-828d-7281-9b0b-c160699881ac,ACTIVE,0,-110013,2694002,0,203,122186,0,0
1574706,01a0b1c2-b010-7000-8000-000000000000,01a0d778-8c1f-740e-b699-6d90c918701e,ACTIVE,2110073,-245525,1312480,-15893,1030,68266,0,0
1574708,01a0b1c2-b010-7000-8000-000000000000,01a0d778-4a7f-7547-ac98-41471799f490,LINGERING,2500000,250000,0,0,0,0,0,0
1574708,01a0b1c2-b010-7000-8000-000000000000,01a0d778-4a7f-7547-ac98-414ca8ab514d,LINGERING,1250000,250000,-2165064,0,0,0,0,0
1574708,01a0b1c2-b010-7000-8000-000000000000,01a0d778-828d-7281-9b0b-c160699881ac,ACTIVE,0,-109992,2706483,0,209,125686,0,0
1574708,01a0b1c2-b010-7000-8000-000000000000,01a0d778-8c1f-740e-b699-6d90c918701e,ACTIVE,2108642,-245434,1319574,-13786,878,71819,0,0
1574710,01a0b1c2-b010-7000-8000-000000000000,01a0d778-4a7f-7547-ac98-41471799f490,LINGERING,2500000,250000,0,0,0,0,0,0
1574710,01a0b1c2-b010-7000-8000-000000000000,01a0d778-4a7f-7547-ac98-414ca8ab514d,LINGERING,1250000,250000,-2165064,0,0,0,0,0
1574710,01a0b1c2-b010-7000-8000-000000000000,01a0d778-828d-7281-9b0b-c160699881ac,ACTIVE,0,-109970,2719314,0,215,129186,0,0
1574710,01a0b1c2-b010-7000-8000-000000000000,01a0d778-8c1f-740e-b699-6d90c918701e,ACTIVE,2107423,-245357,1327021,-11658,729,75360,0,0
1574712,01a0b1c2-b010-7000-8000-000000000000,01a0d778-4a7f-7547-ac98-41471799f490,LINGERING,2500000,250000,0,0,0,0,0,0
1574712,01a0b1c2-b010-7000-8000-000000000000,01a0d778-4a7f-7547-ac98-414ca8ab514d,LINGERING,1250000,250000,-2165064,0,0,0,0,0
1574712,01a0b1c2-b010-7000-8000-000000000000,01a0d778-828d-7281-9b0b-c160699881ac,ACTIVE,0,-109949,2732495,0,221,132686,0,0
1574712,01a0b1c2-b010-7000-8000-000000000000,01a0d778-8c1f-740e-b699-6d90c918701e,ACTIVE,2106418,-245295,1334822,-9514,582,78892,0,0
1574714,01a0b1c2-b010-7000-8000-000000000000,01a0d778-4a7f-7547-ac98-41471799f490,LINGERING,2500000,250000,0,0,0,0,0,0
1574714,01a0b1c2-b010-7000-8000-000000000000,01a0d778-4a7f-7547-ac98-414ca8ab514d,LINGERING,1250000,250000,-2165064,0,0,0,0,0
1574714,01a0b1c2-b010-7000-8000-000000000000,01a0d778-828d-7281-9b0b-c160699881ac,ACTIVE,0,-109926,2746026,0,226,136186,0,0
1574714,01a0b1c2-b010-7000-8000-000000000000,01a0d778-8c1f-740e-b699-6d90c918701e,ACTIVE,2105628,-245248,1342976,-7358,438,82416,0,0
1574716,01a0b1c2-b010-7000-8000-000000000000,01a0d778-4a7f-7547-ac98-41471799f490,LINGERING,2500000,250000,0,0,0,0,0,0
1574716,01a0b1c2-b010-7000-8000-000000000000,01a0d778-4a7f-7547-ac98-414ca8ab514d,LINGERING,1250000,250000,-2165064,0,0,0,0,0
1574716,01a0b1c2-b010-7000-8000-000000000000,01a0d778-828d-7281-9b0b-c160699881ac,ACTIVE,0,-109903,2759907,0,232,139686,0,0
1574716,01a0b1c2-b010-7000-8000-000000000000,01a0d778-8c1f-740e-b699-6d90c918701e,ACTIVE,2105055,-245214,1351481,-5192,297,85934,0,0
1574718,01a0b1c2-b010-7000-8000-000000000000,01a0d778-4a7f-7547-ac98-41471799f490,LINGERING,2500000,250000,0,0,0,0,0,0
1574718,01a0b1c2-b010-7000-8000-000000000000,01a0d778-4a7f-7547-ac98-414ca8ab514d,LINGERING,1250000,250000,-2165064,0,0,0,0,0
1574718,01a0b1c2-b010-7000-8000-000000000000,01a0d778-828d-7281-9b0b-c160699881ac,ACTIVE,0,-109880,2773907,0,233,140000,0,0
1574718,01a0b1c2-b010-7000-8000-000000000000,01a0d778-8c1f-740e-b699-6d90c918701e,ACTIVE,2104698,-245195,1360338,-3019,160,89449,0,0
1574720,01a0b1c2-b010-7000-8000-000000000000,01a0d778-4a7f-7547-ac98-41471799f490,LINGERING,2500000,250000,0,0,0,0,0,0
1574720,01a0b1c2-b010-7000-8000-000000000000,01a0d778-4a7f-7547-ac98-414ca8ab514d,LINGERING,1250000,250000,-2165064,0,0,0,0,0
1574720,01a0b1c2-b010-7000-8000-000000000000,01a0d778-828d-7281-9b0b-c160699881ac,ACTIVE,0,-109856,2787907,0,233,140000,0,0
1574720,01a0b1c2-b010-7000-8000-000000000000,01a0d778-8c1f-740e-b699-6d90c918701e,ACTIVE,2104560,-245189,1369546,-840,28,92959,0,0
1574722,01a0b1c2-b010-7000-8000-000000000000,01a0d778-4a7f-7547-ac98-41471799f490,LINGERING,2500000,250000,0,0,0,0,0,0
1574722,01a0b1c2-b010-7000-8000-000000000000,01a0d778-4a7f-7547-ac98-414ca8ab514d,LINGERING,1250000,250000,-2165064,0,0,0,0,0
1574722,01a0b1c2-b010-7000-8000-000000000000,01a0d778-828d-7281-9b0b-c160699881ac,ACTIVE,0,-109833,2801907,0,233,140000,0,0
1574722,01a0b1c2-b010-7000-8000-000000000000,01a0d778-8c1f-740e-b699-6d90c918701e,ACTIVE,2104524,-245189,1379105,-337,2,96461,0,0
1574724,01a0b1c2-b010-7000-8000-000000000000,01a0d778-4a7f-7547-ac98-41471799f490,LINGERING,2500000,250000,0,0,0,0,0,0
1574724,01a0b1c2-b010-7000-8000-000000000000,01a0d778-4a7f-7547-ac98-414ca8ab514d,LINGERING,1250000,250000,-2165064,0,0,0,0,0
1574724,01a0b1c2-b010-7000-8000-000000000000,01a0d778-828d-7281-9b0b-c160699881ac,ACTIVE,0,-109810,2815907,0,233,140000,0,0
1574724,01a0b1c2-b010-7000-8000-000000000000,01a0d778-8c1f-740e-b699-6d90c918701e,ACTIVE,2104496,-245189,1389014,-267,1,99962,0,0
1574726,01a0b1c2-b010-7000-8000-000000000000,01a0d778-4a7f-7547-ac98-41471799f490,LINGERING,2500000,250000,0,0,0,0,0,0
1574726,01a0b1c2-b010-7000-8000-000000000000,01a0d778-4a7f-7547-ac98-414ca8ab514d,LINGERING,1250000,250000,-2165064,0,0,0,0,0
1574726,01a0b1c2-b010-7000-8000-000000000000,01a0d778-828d-7281-9b0b-c160699881ac,ACTIVE,0,-109787,2829907,0,233,140000,0,0
1574726,01a0b1c2-b010-7000-8000-000000000000,01a0d778-8c1f-740e-b699-6d90c918701e,ACTIVE,2104473,-245188,1399272,-210,1,103462,0,0
1574728,01a0b1c2-b010-7000-8000-000000000000,01a0d778-4a7f-7547-ac98-41471799f490,LINGERING,2500000,250000,0,0,0,0,0,0
1574728,01a0b1c2-b010-7000-8000-000000000000,01a0d778-4a7f-7547-ac98-414ca8ab514d,LINGERING,1250000,250000,-2165064,0,0,0,0,0
1574728,01a0b1c2-b010-7000-8000-000000000000,01a0d778-828d-7281-9b0b-c160699881ac,ACTIVE,0,-109763,2843907,0,233,140000,0,0
1574728,01a0b1c2-b010-7000-8000-000000000000,01a0d778-8c1f-740e-b699-6d90c918701e,ACTIVE,2104456,-245188,1409881,-166,0,106962,0,0
1574730,01a0b1c2-b010-7000-8000-000000000000,01a0d778-4a7f-7547-ac98-41471799f490,LINGERING,2500000,250000,0,0,0,0,0,0
1574730,01a0b1c2-b010-7000-8000-000000000000,01a0d778-4a7f-7547-ac98-414ca8ab514d,LINGERING,1250000,250000,-2165064,0,0,0,0,0
1574730,01a0b1c2-b010-7000-8000-000000000000,01a0d778-828d-7281-9b0b-c160699881ac,ACTIVE,0,-109740,2857907,0,233,140000,0,0
1574730,01a0b1c2-b010-7000-8000-000000000000,01a0d778-8c1f-740e-b699-6d90c918701e,ACTIVE,2104442,-245188,1420840,-131,0,110462,0,0
1574732,01a0b1c2-b010-7000-8000-000000000000,01a0d778-4a7f-7547-ac98-41471799f490,LINGERING,2500000,250000,0,0,0,0,0,0
1574732,01a0b1c2-b010-7000-8000-000000000000,01a0d778-4a7f-7547-ac98-414ca8ab514d,LINGERING,1250000,250000,-2165064,0,0,0,0,0
1574732,01a0b1c2-b010-7000-8000-000000000000,01a0d778-828d-7281-9b0b-c160699881ac,ACTIVE,0,-109717,2871907,0,233,140000,0,0
1574732,01a0b1c2-b010-7000-8000-000000000000,01a0d778-8c1f-740e-b699-6d90c918701e,ACTIVE,2104431,-245188,1432148,-103,0,113962,0,0
1574734,01a0b1c2-b010-7000-8000-000000000000,01a0d778-4a7f-7547-ac98-41471799f490,LINGERING,2500000,250000,0,0,0,0,0,0
1574734,01a0b1c2-b010-7000-8000-000000000000,01a0d778-4a7f-7547-ac98-414ca8ab514d,LINGERING,1250000,250000,-2165064,0,0,0,0,0
1574734,01a0b1c2-b010-7000-8000-000000000000,01a0d778-828d-7281-9b0b-c160699881ac,ACTIVE,0,-109693,2885907,0,233,140000,0,0
1574734,01a0b1c2-b010-7000-8000-000000000000,01a0d778-8c1f-740e-b699-6d90c918701e,ACTIVE,2104422,-245188,1443807,-81,0,117462,0,0
1574736,01a0b1c2-b010-7000-8000-000000000000,01a0d778-4a7f-7547-ac98-41471799f490,LINGERING,2500000,250000,0,0,0,0,0,0
1574736,01a0b1c2-b010-7000-8000-000000000000,01a0d778-4a7f-7547-ac98-414ca8ab514d,LINGERING,1250000,250000,-2165064,0,0,0,0,0
1574736,01a0b1c2-b010-7000-8000-000000000000,01a0d778-828d-7281-9b0b-c160699881ac,ACTIVE,0,-109670,2899907,0,233,140000,0,0
1574736,01a0b1c2-b010-7000-8000-000000000000,01a0d778-8c1f-740e-b699-6d90c918701e,ACTIVE,2104416,-245188,1455816,-64,0,120962,0,0
1574738,01a0b1c2-b010-7000-8000-000000000000,01a0d778-4a7f-7547-ac98-41471799f490,LINGERING,2500000,250000,0,0,0,0,0,0
1574738,01a0b1c2-b010-7000-8000-000000000000,01a0d778-4a7f-7547-ac98-414ca8ab514d,LINGERING,1250000,250000,-2165064,0,0,0,0,0
1574738,01a0b1c2-b010-7000-8000-000000000000,01a0d778-828d-7281-9b0b-c160699881ac,ACTIVE,0,-109647,2913907,0,233,140000,0,0
1574738,01a0b1c2-b010-7000-8000-000000000000,01a0d778-8c1f-740e-b699-6d90c918701e,ACTIVE,2104410,-245188,1468174,-50,0,124462,0,0
1574740,01a0b1c2-b010-7000-8000-000000000000,01a0d778-4a7f-7547-ac98-41471799f490,LINGERING,2500000,250000,0,0,0,0,0,0
1574740,01a0b1c2-b010-7000-8000-000000000000,01a0d778-4a7f-7547-ac98-414ca8ab514d,LINGERING,1250000,250000,-2165064,0,0,0,0,0
1574740,01a0b1c2-b010-7000-8000-000000000000,01a0d778-828d-7281-9b0b-c160699881ac,ACTIVE,0,-109624,2927907,0,233,140000,0,0
1574740,01a0b1c2-b010-7000-8000-000000000000,01a0d778-8c1f-740e-b699-6d90c918701e,ACTIVE,2104406,-245188,1480883,-39,0,127962,0,0
1574742,01a0b1c2-b010-7000-8000-000000000000,01a0d778-4a7f-7547-ac98-41471799f490,LINGERING,2500000,250000,0,0,0,0,0,0
1574742,01a0b1c2-b010-7000-8000-000000000000,01a0d778-4a7f-7547-ac98-414ca8ab514d,LINGERING,1250000,250000,-2165064,0,0,0,0,0
1574742,01a0b1c2-b010-7000-8000-000000000000,01a0d778-828d-7281-9b0b-c160699881ac,ACTIVE,0,-109600,2941907,0,233,140000,0,0
1574742,01a0b1c2-b010-7000-8000-000000000000,01a0d778-8c1f-740e-b699-6d90c918701e,ACTIVE,2104403,-245188,1493942,-31,0,131462,0,0
1574744,01a0b1c2-b010-7000-8000-000000000000,01a0d778-4a7f-7547-ac98-41471799f490,LINGERING,2500000,250000,0,0,0,0,0,0
1574744,01a0b1c2-b010-7000-8000-000000000000,01a0d778-4a7f-7547-ac98-414ca8ab514d,LINGERING,1250000,250000,-2165064,0,0,0,0,0
1574744,01a0b1c2-b010-7000-8000-000000000000,01a0d778-828d-7281-9b0b-c160699881ac,ACTIVE,0,-109577,2955907,0,233,140000,0,0
1574744,01a0b1c2-b010-7000-8000-000000000000,01a0d778-8c1f-740e-b699-6d90c918701e,ACTIVE,2104400,-245188,1507351,-24,0,134962,0,0
1574746,01a0b1c2-b010-7000-8000-000000000000,01a0d778-4a7f-7547-ac98-41471799f490,LINGERING,2500000,250000,0,0,0,0,0,0
1574746,01a0b1c2-b010-7000-8000-000000000000,01a0d778-4a7f-7547-ac98-414ca8ab514d,LINGERING,1250000,250000,-2165064,0,0,0,0,0
1574746,01a0b1c2-b010-7000-8000-000000000000,01a0d778-828d-7281-9b0b-c160699881ac,ACTIVE,0,-109554,2969907,0,233,140000,0,0
1574746,01a0b1c2-b010-7000-8000-000000000000,01a0d778-8c1f-740e-b699-6d90c918701e,ACTIVE,2104398,-245188,1521109,-19,0,138462,0,0
1574748,01a0b1c2-b010-7000-8000-000000000000,01a0d778-4a7f-7547-ac98-41471799f490,LINGERING,2500000,250000,0,0,0,0,0,0
1574748,01a0b1c2-b010-7000-8000-000000000000,01a0d778-4a7f-7547-ac98-414ca8ab514d,LINGERING,1250000,250000,-2165064,0,0,0,0,0
1574748,01a0b1c2-b010-7000-8000-000000000000,01a0d778-828d-7281-9b0b-c160699881ac,ACTIVE,0,-109531,2983907,0,233,140000,0,0
1574748,01a0b1c2-b010-7000-8000-000000000000,01a0d778-8c1f-740e-b699-6d90c918701e,ACTIVE,2104397,-245188,1535109,-15,0,140000,0,0
1574750,01a0b1c2-b010-7000-8000-000000000000,01a0d778-4a7f-7547-ac98-41471799f490,LINGERING,2500000,250000,0,0,0,0,0,0
1574750,01a0b1c2-b010-7000-8000-000000000000,01a0d778-4a7f-7547-ac98-414ca8ab514d,LINGERING,1250000,250000,-2165064,0,0,0,0,0
1574750,01a0b1c2-b010-7000-8000-000000000000,01a0d778-828d-7281-9b0b-c160699881ac,ACTIVE,0,-109507,2997907,0,233,140000,0,0
1574750,01a0b1c2-b010-7000-8000-000000000000,01a0d778-8c1f-740e-b699-6d90c918701e,ACTIVE,2104395,-245188,1549109,-11,0,140000,0,0
1574752,01a0b1c2-b010-7000-8000-000000000000,01a0d778-4a7f-7547-ac98-41471799f490,LINGERING,2500000,250000,0,0,0,0,0,0
1574752,01a0b1c2-b010-7000-8000-000000000000,01a0d778-4a7f-7547-ac98-414ca8ab514d,LINGERING,1250000,250000,-2165064,0,0,0,0,0
1574752,01a0b1c2-b010-7000-8000-000000000000,01a0d778-828d-7281-9b0b-c160699881ac,ACTIVE,0,-109484,3011907,0,233,140000,0,0
1574752,01a0b1c2-b010-7000-8000-000000000000,01a0d778-8c1f-740e-b699-6d90c918701e,ACTIVE,2104395,-245188,1563109,-8,0,140000,0,0
1574754,01a0b1c2-b010-7000-8000-000000000000,01a0d778-4a7f-7547-ac98-41471799f490,LINGERING,2500000,250000,0,0,0,0,0,0
1574754,01a0b1c2-b010-7000-8000-000000000000,01a0d778-4a7f-7547-ac98-414ca8ab514d,LINGERING,1250000,250000,-2165064,0,0,0,0,0
1574754,01a0b1c2-b010-7000-8000-000000000000,01a0d778-828d-7281-9b0b-c160699881ac,ACTIVE,0,-109461,3025907,0,233,140000,0,0
1574754,01a0b1c2-b010-7000-8000-000000000000,01a0d778-8c1f-740e-b699-6d90c918701e,ACTIVE,2104394,-245188,1577109,-6,0,140000,0,0
1574756,01a0b1c2-b010-7000-8000-000000000000,01a0d778-4a7f-7547-ac98-41471799f490,LINGERING,2500000,250000,0,0,0,0,0,0
1574756,01a0b1c2-b010-7000-8000-000000000000,01a0d778-4a7f-7547-ac98-414ca8ab514d,LINGERING,1250000,250000,-2165064,0,0,0,0,0
1574756,01a0b1c2-b010-7000-8000-000000000000,01a0d778-828d-7281-9b0b-c160699881ac,ACTIVE,0,-109437,3039906,0,233,140000,0,0
1574756,01a0b1c2-b010-7000-8000-000000000000,01a0d778-8c1f-740e-b699-6d90c918701e,ACTIVE,2104393,-245188,1591109,-5,0,140000,0,0
1574758,01a0b1c2-b010-7000-8000-000000000000,01a0d778-4a7f-7547-ac98-41471799f490,LINGERING,2500000,250000,0,0,0,0,0,0
1574758,01a0b1c2-b010-7000-8000-000000000000,01a0d778-4a7f-7547-ac98-414ca8ab514d,LINGERING,1250000,250000,-2165064,0,0,0,0,0
1574758,01a0b1c2-b010-7000-8000-000000000000,01a0d778-828d-7281-9b0b-c160699881ac,ACTIVE,0,-109414,3053906,0,233,140000,0,0
1574758,01a0b1c2-b010-7000-8000-000000000000,01a0d778-8c1f-740e-b699-6d90c918701e,ACTIVE,2104393,-245188,1605109,-4,0,140000,0,0
1574760,01a0b1c2-b010-7000-8000-000000000000,01a0d778-4a7f-7547-ac98-41471799f490,LINGERING,2500000,250000,0,0,0,0,0,0
1574760,01a0b1c2-b010-7000-8000-000000000000,01a0d778-4a7f-7547-ac98-414ca8ab514d,LINGERING,1250000,250000,-2165064,0,0,0,0,0
1574760,01a0b1c2-b010-7000-8000-000000000000,01a0d778-828d-7281-9b0b-c160699881ac,ACTIVE,0,-109391,3067906,0,233,140000,0,0
1574760,01a0b1c2-b010-7000-8000-000000000000,01a0d778-8c1f-740e-b699-6d90c918701e,ACTIVE,2104393,-245188,1619109,-3,0,140000,0,0
1574762,01a0b1c2-b010-7000-8000-000000000000,01a0d778-4a7f-7547-ac98-41471799f490,LINGERING,2500000,250000,0,0,0,0,0,0
1574762,01a0b1c2-b010-7000-8000-000000000000,01a0d778-4a7f-7547-ac98-414ca8ab514d,LINGERING,1250000,250000,-2165064,0,0,0,0,0
1574762,01a0b1c2-b010-7000-8000-000000000000,01a0d778-828d-7281-9b0b-c160699881ac,ACTIVE,0,-109368,3081906,0,233,140000,0,0
1574762,01a0b1c2-b010-7000-8000-000000000000,01a0d778-8c1f-740e-b699-6d90c918701e,ACTIVE,2104392,-245188,1633109,-2,0,140000,0,0
1574764,01a0b1c2-b010-7000-8000-000000000000,01a0d778-4a7f-7547-ac98-41471799f490,LINGERING,2500000,250000,0,0,0,0,0,0
1574764,01a0b1c2-b010-7000-8000-000000000000,01a0d778-4a7f-7547-ac98-414ca8ab514d,LINGERING,1250000,250000,-2165064,0,0,0,0,0
1574764,01a0b1c2-b010-7000-8000-000000000000,01a0d778-828d-7281-9b0b-c160699881ac,ACTIVE,0,-109344,3095906,0,233,140000,0,0
1574764,01a0b1c2-b010-7000-8000-000000000000,01a0d778-8c1f-740e-b699-6d90c918701e,ACTIVE,2104392,-245188,1647109,-2,0,140000,0,0
1574766,01a0b1c2-b010-7000-8000-000000000000,01a0d778-4a7f-7547-ac98-41471799f490,LINGERING,2500000,250000,0,0,0,0,0,0
1574766,01a0b1c2-b010-7000-8000-000000000000,01a0d778-4a7f-7547-ac98-414ca8ab514d,LINGERING,1250000,250000,-2165064,0,0,0,0,0
1574766,01a0b1c2-b010-7000-8000-000000000000,01a0d778-828d-7281-9b0b-c160699881ac,ACTIVE,0,-109321,3109906,0,233,140000,0,0
1574766,01a0b1c2-b010-7000-8000-000000000000,01a0d778-8c1f-740e-b699-6d90c918701e,ACTIVE,2104392,-245188,1661109,-1,0,140000,0,0
1574768,01a0b1c2-b010-7000-8000-000000000000,01a0d778-4a7f-7547-ac98-41471799f490,LINGERING,2500000,250000,0,0,0,0,0,0
1574768,01a0b1c2-b010-7000-8000-000000000000,01a0d778-4a7f-7547-ac98-414ca8ab514d,LINGERING,1250000,250000,-2165064,0,0,0,0,0
1574768,01a0b1c2-b010-7000-8000-000000000000,01a0d778-828d-7281-9b0b-c160699881ac,ACTIVE,0,-109298,3123906,0,233,140000,0,0
1574768,01a0b1c2-b010-7000-8000-000000000000,01a0d778-8c1f-740e-b699-6d90c918701e,ACTIVE,2104392,-245188,1675109,-1,0,140000,0,0
1574770,01a0b1c2-b010-7000-8000-000000000000,01a0d778-4a7f-7547-ac98-41471799f490,LINGERING,2500000,250000,0,0,0,0,0,0
1574770,01a0b1c2-b010-7000-8000-000000000000,01a0d778-4a7f-7547-ac98-414ca8ab514d,LINGERING,1250000,250000,-2165064,0,0,0,0,0
1574770,01a0b1c2-b010-7000-8000-000000000000,01a0d778-828d-7281-9b0b-c160699881ac,ACTIVE,0,-109275,3137906,0,233,140000,0,0
1574770,01a0b1c2-b010-7000-8000-000000000000,01a0d778-8c1f-740e-b699-6d90c918701e,ACTIVE,2104392,-245188,1689109,-1,0,140000,0,0
1574772,01a0b1c2-b010-7000-8000-000000000000,01a0d778-4a7f-7547-ac98-41471799f490,LINGERING,2500000,250000,0,0,0,0,0,0
1574772,01a0b1c2-b010-7000-8000-000000000000,01a0d778-4a7f-7547-ac98-414ca8ab514d,LINGERING,1250000,250000,-2165064,0,0,0,0,0
1574772,01a0b1c2-b010-7000-8000-000000000000,01a0d778-828d-7281-9b0b-c160699881ac,ACTIVE,0,-109251,3151906,0,233,140000,0,0
1574772,01a0b1c2-b010-7000-8000-000000000000,01a0d778-8c1f-740e-b699-6d90c918701e,ACTIVE,2104392,-245188,1703109,-1,0,140000,0,0
1574774,01a0b1c2-b010-7000-8000-000000000000,01a0d778-4a7f-7547-ac98-41471799f490,LINGERING,2500000,250000,0,0,0,0,0,0
1574774,01a0b1c2-b010-7000-8000-000000000000,01a0d778-4a7f-7547-ac98-414ca8ab514d,LINGERING,1250000,250000,-2165064,0,0,0,0,0
1574774,01a0b1c2-b010-7000-8000-000000000000,01a0d778-828d-7281-9b0b-c160699881ac,ACTIVE,0,-109228,3165906,0,233,140000,0,0
1574774,01a0b1c2-b010-7000-8000-000000000000,01a0d778-8c1f-740e-b699-6d90c918701e,ACTIVE,2104392,-245188,1717109,0,0,140000,0,0
1574776,01a0b1c2-b010-7000-8000-000000000000,01a0d778-4a7f-7547-ac98-41471799f490,LINGERING,2500000,250000,0,0,0,0,0,0
1574776,01a0b1c2-b010-7000-8000-000000000000,01a0d778-4a7f-7547-ac98-414ca8ab514d,LINGERING,1250000,250000,-2165064,0,0,0,0,0
1574776,01a0b1c2-b010-7000-8000-000000000000,01a0d778-828d-7281-9b0b-c160699881ac,ACTIVE,0,-109205,3179906,0,233,140000,0,0
1574776,01a0b1c2-b010-7000-8000-000000000000,01a0d778-8c1f-740e-b699-6d90c918701e,ACTIVE,2104392,-245188,1731109,0,0,140000,0,0
1574778,01a0b1c2-b010-7000-8000-000000000000,01a0d778-4a7f-7547-ac98-41471799f490,LINGERING,2500000,250000,0,0,0,0,0,0
1574778,01a0b1c2-b010-7000-8000-000000000000,01a0d778-4a7f-7547-ac98-414ca8ab514d,LINGERING,1250000,250000,-2165064,0,0,0,0,0
1574778,01a0b1c2-b010-7000-8000-000000000000,01a0d778-828d-7281-9b0b-c160699881ac,ACTIVE,0,-109181,3193906,0,233,140000,0,0
1574778,01a0b1c2-b010-7000-8000-000000000000,01a0d778-8c1f-740e-b699-6d90c918701e,ACTIVE,2104392,-245188,1745109,0,0,140000,0,0
1574780,01a0b1c2-b010-7000-8000-000000000000,01a0d778-4a7f-7547-ac98-41471799f490,LINGERING,2500000,250000,0,0,0,0,0,0
1574780,01a0b1c2-b010-7000-8000-000000000000,01a0d778-4a7f-7547-ac98-414ca8ab514d,LINGERING,1250000,250000,-2165064,0,0,0,0,0
1574780,01a0b1c2-b010-7000-8000-000000000000,01a0d778-828d-7281-9b0b-c160699881ac,ACTIVE,0,-109158,3207906,0,233,140000,0,0
1574780,01a0b1c2-b010-7000-8000-000000000000,01a0d778-8c1f-740e-b699-6d90c918701e,ACTIVE,2104392,-245188,1759109,0,0,140000,0,0
1574782,01a0b1c2-b010-7000-8000-000000000000,01a0d778-4a7f-7547-ac98-41471799f490,LINGERING,2500000,250000,0,0,0,0,0,0
1574782,01a0b1c2-b010-7000-8000-000000000000,01a0d778-4a7f-7547-ac98-414ca8ab514d,LINGERING,1250000,250000,-2165064,0,0,0,0,0
1574782,01a0b1c2-b010-7000-8000-000000000000,01a0d778-828d-7281-9b0b-c160699881ac,ACTIVE,0,-109135,3221906,0,233,140000,0,0
1574782,01a0b1c2-b010-7000-8000-000000000000,01a0d778-8c1f-740e-b699-6d90c918701e,ACTIVE,2104392,-245188,1773109,0,0,140000,0,0
1574784,01a0b1c2-b010-7000-8000-000000000000,01a0d778-4a7f-7547-ac98-41471799f490,LINGERING,2500000,250000,0,0,0,0,0,0
1574784,01a0b1c2-b010-7000-8000-000000000000,01a0d778-4a7f-7547-ac98-414ca8ab514d,LINGERING,1250000,250000,-2165064,0,0,0,0,0
1574784,01a0b1c2-b010-7000-8000-000000000000,01a0d778-828d-7281-9b0b-c160699881ac,ACTIVE,0,-109112,3235906,0,233,140000,0,0
1574784,01a0b1c2-b010-7000-8000-000000000000,01a0d778-8c1f-740e-b699-6d90c918701e,ACTIVE,2104392,-245188,1787109,0,0,140000,0,0
1574786,01a0b1c2-b010-7000-8000-000000000000,01a0d778-4a7f-7547-ac98-41471799f490,LINGERING,2500000,250000,0,0,0,0,0,0
1574786,01a0b1c2-b010-7000-8000-000000000000,01a0d778-4a7f-7547-ac98-414ca8ab514d,LINGERING,1250000,250000,-2165064,0,0,0,0,0
1574786,01a0b1c2-b010-7000-8000-000000000000,01a0d778-828d-7281-9b0b-c160699881ac,ACTIVE,0,-109088,3249906,0,233,140000,0,0
1574786,01a0b1c2-b010-7000-8000-000000000000,01a0d778-8c1f-740e-b699-6d90c918701e,ACTIVE,2104392,-245188,1801109,0,0,140000,0,0
1574788,01a0b1c2-b010-7000-8000-000000000000,01a0d778-4a7f-7547-ac98-41471799f490,LINGERING,2500000,250000,0,0,0,0,0,0
1574788,01a0b1c2-b010-7000-8000-000000000000,01a0d778-4a7f-7547-ac98-414ca8ab514d,LINGERING,1250000,250000,-2165064,0,0,0,0,0
1574788,01a0b1c2-b010-7000-8000-000000000000,01a0d778-828d-7281-9b0b-c160699881ac,ACTIVE,0,-109065,3263906,0,233,140000,0,0
1574788,01a0b1c2-b010-7000-8000-000000000000,01a0d778-8c1f-740e-b699-6d90c918701e,ACTIVE,2104392,-245188,1815109,0,0,140000,0,0
1574790,01a0b1c2-b010-7000-8000-000000000000,01a0d778-4a7f-7547-ac98-41471799f490,LINGERING,2500000,250000,0,0,0,0,0,0
1574790,01a0b1c2-b010-7000-8000-000000000000,01a0d778-4a7f-7547-ac98-414ca8ab514d,LINGERING,1250000,250000,-2165064,0,0,0,0,0
1574790,01a0b1c2-b010-7000-8000-000000000000,01a0d778-828d-7281-9b0b-c160699881ac,ACTIVE,0,-109042,3277906,0,233,140000,0,0
1574790,01a0b1c2-b010-7000-8000-000000000000,01a0d778-8c1f-740e-b699-6d90c918701e,ACTIVE,2104392,-245188,1829109,0,0,140000,0,0
1574792,01a0b1c2-b010-7000-8000-000000000000,01a0d778-4a7f-7547-ac98-41471799f490,LINGERING,2500000,250000,0,0,0,0,0,0
1574792,01a0b1c2-b010-7000-8000-000000000000,01a0d778-4a7f-7547-ac98-414ca8ab514d,LINGERING,1250000,250000,-2165064,0,0,0,0,0
1574792,01a0b1c2-b010-7000-8000-000000000000,01a0d778-828d-7281-9b0b-c160699881ac,ACTIVE,0,-109019,3291906,0,233,140000,0,0
1574792,01a0b1c2-b010-7000-8000-000000000000,01a0d778-8c1f-740e-b699-6d90c918701e,ACTIVE,2104392,-245188,1843109,0,0,140000,0,0
1574794,01a0b1c2-b010-7000-8000-000000000000,01a0d778-4a7f-7547-ac98-41471799f490,LINGERING,2500000,250000,0,0,0,0,0,0
1574794,01a0b1c2-b010-7000-8000-000000000000,01a0d778-4a7f-7547-ac98-414ca8ab514d,LINGERING,1250000,250000,-2165064,0,0,0,0,0
1574794,01a0b1c2-b010-7000-8000-000000000000,01a0d778-828d-7281-9b0b-c160699881ac,ACTIVE,0,-108995,3305906,0,233,140000,0,0
1574794,01a0b1c2-b010-7000-8000-000000000000,01a0d778-8c1f-740e-b699-6d90c918701e,ACTIVE,2104392,-245188,1857109,0,0,140000,0,0
1574796,01a0b1c2-b010-7000-8000-000000000000,01a0d778-4a7f-7547-ac98-41471799f490,LINGERING,2500000,250000,0,0,0,0,0,0
1574796,01a0b1c2-b010-7000-8000-000000000000,01a0d778-4a7f-7547-ac98-414ca8ab514d,LINGERING,1250000,250000,-2165064,0,0,0,0,0
1574796,01a0b1c2-b010-7000-8000-000000000000,01a0d778-828d-7281-9b0b-c160699881ac,ACTIVE,0,-108972,3319906,0,233,140000,0,0
1574796,01a0b1c2-b010-7000-8000-000000000000,01a0d778-8c1f-740e-b699-6d90c918701e,ACTIVE,2104392,-245188,1871109,0,0,140000,0,0
1574798,01a0b1c2-b010-7000-8000-000000000000,01a0d778-4a7f-7547-ac98-41471799f490,LINGERING,2500000,250000,0,0,0,0,0,0
1574798,01a0b1c2-b010-7000-8000-000000000000,01a0d778-4a7f-7547-ac98-414ca8ab514d,LINGERING,1250000,250000,-2165064,0,0,0,0,0
1574798,01a0b1c2-b010-7000-8000-000000000000,01a0d778-828d-7281-9b0b-c160699881ac,ACTIVE,0,-108949,3333906,0,233,140000,0,0
1574798,01a0b1c2-b010-7000-8000-000000000000,01a0d778-8c1f-740e-b699-6d90c918701e,ACTIVE,2104392,-245188,1885109,0,0,140000,0,0
1574800,01a0b1c2-b010-7000-8000-000000000000,01a0d778-4a7f-7547-ac98-41471799f490,LINGERING,2500000,250000,0,0,0,0,0,0
1574800,01a0b1c2-b010-7000-8000-000000000000,01a0d778-4a7f-7547-ac98-414ca8ab514d,LINGERING,1250000,250000,-2165064,0,0,0,0,0
1574800,01a0b1c2-b010-7000-8000-000000000000,01a0d778-828d-7281-9b0b-c160699881ac,ACTIVE,0,-108925,3347906,0,233,140000,0,0
1574800,01a0b1c2-b010-7000-8000-000000000000,01a0d778-8c1f-740e-b699-6d90c918701e,ACTIVE,2104392,-245188,1899109,0,0,140000,0,0
1574802,01a0b1c2-b010-7000-8000-000000000000,01a0d778-4a7f-7547-ac98-41471799f490,LINGERING,2500000,250000,0,0,0,0,0,0
1574802,01a0b1c2-b010-7000-8000-000000000000,01a0d778-4a7f-7547-ac98-414ca8ab514d,LINGERING,1250000,250000,-2165064,0,0,0,0,0
1574802,01a0b1c2-b010-7000-8000-000000000000,01a0d778-828d-7281-9b0b-c160699881ac,ACTIVE,0,-108902,3361906,0,233,140000,0,0
1574802,01a0b1c2-b010-7000-8000-000000000000,01a0d778-8c1f-740e-b699-6d90c918701e,ACTIVE,2104392,-245188,1913109,0,0,140000,0,0
1574804,01a0b1c2-b010-7000-8000-000000000000,01a0d778-4a7f-7547-ac98-41471799f490,LINGERING,2500000,250000,0,0,0,0,0,0
1574804,01a0b1c2-b010-7000-8000-000000000000,01a0d778-4a7f-7547-ac98-414ca8ab514d,LINGERING,1250000,250000,-2165064,0,0,0,0,0
1574804,01a0b1c2-b010-7000-8000-000000000000,01a0d778-828d-7281-9b0b-c160699881ac,ACTIVE,0,-108879,3375906,0,233,140000,0,0
1574804,01a0b1c2-b010-7000-8000-000000000000,01a0d778-8c1f-740e-b699-6d90c918701e,ACTIVE,2104392,-245188,1927109,0,0,140000,0,0
1574806,01a0b1c2-b010-7000-8000-000000000000,01a0d778-4a7f-7547-ac98-41471799f490,LINGERING,2500000,250000,0,0,0,0,0,0
1574806,01a0b1c2-b010-7000-8000-000000000000,01a0d778-4a7f-7547-ac98-414ca8ab514d,LINGERING,1250000,250000,-2165064,0,0,0,0,0
1574806,01a0b1c2-b010-7000-8000-000000000000,01a0d778-828d-7281-9b0b-c160699881ac,ACTIVE,0,-108856,3389906,0,233,140000,0,0
1574806,01a0b1c2-b010-7000-8000-000000000000,01a0d778-8c1f-740e-b699-6d90c918701e,ACTIVE,2104392,-245188,1941109,0,0,140000,0,0
1574808,01a0b1c2-b010-7000-8000-000000000000,01a0d778-4a7f-7547-ac98-41471799f490,LINGERING,2500000,250000,0,0,0,0,0,0
1574808,01a0b1c2-b010-7000-8000-000000000000,01a0d778-4a7f-7547-ac98-414ca8ab514d,LINGERING,1250000,250000,-2165064,0,0,0,0,0
1574808,01a0b1c2-b010-7000-8000-000000000000,01a0d778-828d-7281-9b0b-c160699881ac,ACTIVE,0,-108832,3403906,0,233,140000,0,0
1574808,01a0b1c2-b010-7000-8000-000000000000,01a0d778-8c1f-740e-b699-6d90c918701e,ACTIVE,2104392,-245188,1955109,0,0,140000,0,0
1574810,01a0b1c2-b010-7000-8000-000000000000,01a0d778-4a7f-7547-ac98-41471799f490,LINGERING,2500000,250000,0,0,0,0,0,0
1574810,01a0b1c2-b010-7000-8000-000000000000,01a0d778-4a7f-7547-ac98-414ca8ab514d,LINGERING,1250000,250000,-2165064,0,0,0,0,0
1574810,01a0b1c2-b010-7000-8000-000000000000,01a0d778-828d-7281-9b0b-c160699881ac,ACTIVE,0,-108809,3417906,0,233,140000,0,0
1574810,01a0b1c2-b010-7000-8000-000000000000,01a0d778-8c1f-740e-b699-6d90c918701e,ACTIVE,2104392,-245188,1969109,0,0,140000,0,0
1574812,01a0b1c2-b010-7000-8000-000000000000,01a0d778-4a7f-7547-ac98-41471799f490,LINGERING,2500000,250000,0,0,0,0,0,0
1574812,01a0b1c2-b010-7000-8000-000000000000,01a0d778-4a7f-7547-ac98-414ca8ab514d,LINGERING,1250000,250000,-2165064,0,0,0,0,0
1574812,01a0b1c2-b010-7000-8000-000000000000,01a0d778-828d-7281-9b0b-c160699881ac,ACTIVE,0,-108786,3431906,0,233,140000,0,0
1574812,01a0b1c2-b010-7000-8000-000000000000,01a0d778-8c1f-740e-b699-6d90c918701e,ACTIVE,2104392,-245188,1983109,0,0,140000,0,0
1574814,01a0b1c2-b010-7000-8000-000000000000,01a0d778-4a7f-7547-ac98-41471799f490,LINGERING,2500000,250000,0,0,0,0,0,0
1574814,01a0b1c2-b010-7000-8000-000000000000,01a0d778-4a7f-7547-ac98-414ca8ab514d,LINGERING,1250000,250000,-2165064,0,0,0,0,0
1574814,01a0b1c2-b010-7000-8000-000000000000,01a0d778-828d-7281-9b0b-c160699881ac,ACTIVE,0,-108763,3445906,0,233,140000,0,0
1574814,01a0b1c2-b010-7000-8000-000000000000,01a0d778-8c1f-740e-b699-6d90c918701e,ACTIVE,2104392,-245188,1997109,0,0,140000,0,0
1574816,01a0b1c2-b010-7000-8000-000000000000,01a0d778-4a7f-7547-ac98-41471799f490,LINGERING,2500000,250000,0,0,0,0,0,0
1574816,01a0b1c2-b010-7000-8000-000000000000,01a0d778-4a7f-7547-ac98-414ca8ab514d,LINGERING,1250000,250000,-2165064,0,0,0,0,0
1574816,01a0b1c2-b010-7000-8000-000000000000,01a0d778-828d-7281-9b0b-c160699881ac,ACTIVE,0,-108739,3459906,0,233,140000,0,0
1574816,01a0b1c2-b010-7000-8000-000000000000,01a0d778-8c1f-740e-b699-6d90c918701e,ACTIVE,2104392,-245188,2011109,0,0,140000,0,0
1574818,01a0b1c2-b010-7000-8000-000000000000,01a0d778-4a7f-7547-ac98-41471799f490,LINGERING,2500000,250000,0,0,0,0,0,0
1574818,01a0b1c2-b010-7000-8000-000000000000,01a0d778-4a7f-7547-ac98-414ca8ab514d,LINGERING,1250000,250000,-2165064,0,0,0,0,0
1574818,01a0b1c2-b010-7000-8000-000000000000,01a0d778-828d-7281-9b0b-c160699881ac,ACTIVE,0,-108716,3473906,0,233,140000,0,0
1574818,01a0b1c2-b010-7000-8000-000000000000,01a0d778-8c1f-740e-b699-6d90c918701e,ACTIVE,2104392,-245188,2025109,0,0,140000,0,0
1574820,01a0b1c2-b010-7000-8000-000000000000,01a0d778-4a7f-7547-ac98-41471799f490,LINGERING,2500000,250000,0,0,0,0,0,0
1574820,01a0b1c2-b010-7000-8000-000000000000,01a0d778-4a7f-7547-ac98-414ca8ab514d,LINGERING,1250000,250000,-2165064,0,0,0,0,0
1574820,01a0b1c2-b010-7000-8000-000000000000,01a0d778-828d-7281-9b0b-c160699881ac,ACTIVE,0,-108693,3487906,0,233,140000,0,0
1574820,01a0b1c2-b010-7000-8000-000000000000,01a0d778-8c1f-740e-b699-6d90c918701e,ACTIVE,2104392,-245188,2039109,0,0,140000,0,0
1574822,01a0b1c2-b010-7000-8000-000000000000,01a0d778-4a7f-7547-ac98-41471799f490,LINGERING,2500000,250000,0,0,0,0,0,0
1574822,01a0b1c2-b010-7000-8000-000000000000,01a0d778-4a7f-7547-ac98-414ca8ab514d,LINGERING,1250000,250000,-2165064,0,0,0,0,0
1574822,01a0b1c2-b010-7000-8000-000000000000,01a0d778-828d-7281-9b0b-c160699881ac,ACTIVE,0,-108669,3501906,0,233,140000,0,0
1574822,01a0b1c2-b010-7000-8000-000000000000,01a0d778-8c1f-740e-b699-6d90c918701e,ACTIVE,2104392,-245188,2053109,0,0,140000,0,0
1574824,01a0b1c2-b010-7000-8000-000000000000,01a0d778-4a7f-7547-ac98-41471799f490,LINGERING,2500000,250000,0,0,0,0,0,0
1574824,01a0b1c2-b010-7000-8000-000000000000,01a0d778-4a7f-7547-ac98-414ca8ab514d,LINGERING,1250000,250000,-2165064,0,0,0,0,0
1574824,01a0b1c2-b010-7000-8000-000000000000,01a0d778-828d-7281-9b0b-c160699881ac,ACTIVE,0,-108646,3515906,0,233,140000,0,0
1574824,01a0b1c2-b010-7000-8000-000000000000,01a0d778-8c1f-740e-b699-6d90c918701e,ACTIVE,2104392,-245188,2067109,0,0,140000,0,0
1574826,01a0b1c2-b010-7000-8000-000000000000,01a0d778-4a7f-7547-ac98-41471799f490,LINGERING,2500000,250000,0,0,0,0,0,0
1574826,01a0b1c2-b010-7000-8000-000000000000,01a0d778-4a7f-7547-ac98-414ca8ab514d,LINGERING,1250000,250000,-2165064,0,0,0,0,0
1574826,01a0b1c2-b010-7000-8000-000000000000,01a0d778-828d-7281-9b0b-c160699881ac,ACTIVE,0,-108623,3529906,0,233,140000,0,0
1574826,01a0b1c2-b010-7000-8000-000000000000,01a0d778-8c1f-740e-b699-6d90c918701e,ACTIVE,2104392,-245188,2081109,0,0,140000,0,0
1574828,01a0b1c2-b010-7000-8000-000000000000,01a0d778-4a7f-7547-ac98-41471799f490,LINGERING,2500000,250000,0,0,0,0,0,0
1574828,01a0b1c2-b010-7000-8000-000000000000,01a0d778-4a7f-7547-ac98-414ca8ab514d,LINGERING,1250000,250000,-2165064,0,0,0,0,0
1574828,01a0b1c2-b010-7000-8000-000000000000,01a0d778-828d-7281-9b0b-c160699881ac,ACTIVE,0,-108600,3543906,0,233,140000,0,0
1574828,01a0b1c2-b010-7000-8000-000000000000,01a0d778-8c1f-740e-b699-6d90c918701e,ACTIVE,2104392,-245188,2095109,0,0,140000,0,0
1574830,01a0b1c2-b010-7000-8000-000000000000,01a0d778-4a7f-7547-ac98-41471799f490,LINGERING,2500000,250000,0,0,0,0,0,0
1574830,01a0b1c2-b010-7000-8000-000000000000,01a0d778-4a7f-7547-ac98-414ca8ab514d,LINGERING,1250000,250000,-2165064,0,0,0,0,0
1574830,01a0b1c2-b010-7000-8000-000000000000,01a0d778-828d-7281-9b0b-c160699881ac,ACTIVE,0,-108576,3557906,0,233,140000,0,0
1574830,01a0b1c2-b010-7000-8000-000000000000,01a0d778-8c1f-740e-b699-6d90c918701e,ACTIVE,2104392,-245188,2109109,0,0,140000,0,0
1574832,01a0b1c2-b010-7000-8000-000000000000,01a0d778-4a7f-7547-ac98-41471799f490,LINGERING,2500000,250000,0,0,0,0,0,0
1574832,01a0b1c2-b010-7000-8000-000000000000,01a0d778-4a7f-7547-ac98-414ca8ab514d,LINGERING,1250000,250000,-2165064,0,0,0,0,0
1574832,01a0b1c2-b010-7000-8000-000000000000,01a0d778-828d-7281-9b0b-c160699881ac,ACTIVE,0,-108553,3571906,0,233,140000,0,0
1574832,01a0b1c2-b010-7000-8000-000000000000,01a0d778-8c1f-740e-b699-6d90c918701e,ACTIVE,2104392,-245188,2123109,0,0,140000,0,0
1574834,01a0b1c2-b010-7000-8000-000000000000,01a0d778-4a7f-7547-ac98-41471799f490,LINGERING,2500000,250000,0,0,0,0,0,0
1574834,01a0b1c2-b010-7000-8000-000000000000,01a0d778-4a7f-7547-ac98-414ca8ab514d,LINGERING,1250000,250000,-2165064,0,0,0,0,0
1574834,01a0b1c2-b010-7000-8000-000000000000,01a0d778-828d-7281-9b0b-c160699881ac,ACTIVE,0,-108530,3585906,0,233,140000,0,0
1574834,01a0b1c2-b010-7000-8000-000000000000,01a0d778-8c1f-740e-b699-6d90c918701e,ACTIVE,2104392,-245188,2137109,0,0,140000,0,0
1574836,01a0b1c2-b010-7000-8000-000000000000,01a0d778-4a7f-7547-ac98-41471799f490,LINGERING,2500000,250000,0,0,0,0,0,0
1574836,01a0b1c2-b010-7000-8000-000000000000,01a0d778-4a7f-7547-ac98-414ca8ab514d,LINGERING,1250000,250000,-2165064,0,0,0,0,0
1574836,01a0b1c2-b010-7000-8000-000000000000,01a0d778-828d-7281-9b0b-c160699881ac,ACTIVE,0,-108507,3599906,0,233,140000,0,0
1574836,01a0b1c2-b010-7000-8000-000000000000,01a0d778-8c1f-740e-b699-6d90c918701e,ACTIVE,2104392,-245188,2151109,0,0,140000,0,0
1574838,01a0b1c2-b010-7000-8000-000000000000,01a0d778-4a7f-7547-ac98-41471799f490,LINGERING,2500000,250000,0,0,0,0,0,0
1574838,01a0b1c2-b010-7000-8000-000000000000,01a0d778-4a7f-7547-ac98-414ca8ab514d,LINGERING,1250000,250000,-2165064,0,0,0,0,0
1574838,01a0b1c2-b010-7000-8000-000000000000,01a0d778-828d-7281-9b0b-c160699881ac,ACTIVE,0,-108483,3613906,0,233,140000,0,0
1574838,01a0b1c2-b010-7000-8000-000000000000,01a0d778-8c1f-740e-b699-6d90c918701e,ACTIVE,2104392,-245188,2165109,0,0,140000,0,0
1574840,01a0b1c2-b010-7000-8000-000000000000,01a0d778-4a7f-7547-ac98-41471799f490,LINGERING,2500000,250000,0,0,0,0,0,0
1574840,01a0b1c2-b010-7000-8000-000000000000,01a0d778-4a7f-7547-ac98-414ca8ab514d,LINGERING,1250000,250000,-2165064,0,0,0,0,0
1574840,01a0b1c2-b010-7000-8000-000000000000,01a0d778-828d-7281-9b0b-c160699881ac,ACTIVE,0,-108460,3627906,0,233,140000,0,0
1574840,01a0b1c2-b010-7000-8000-000000000000,01a0d778-8c1f-740e-b699-6d90c918701e,ACTIVE,2104392,-245188,2179109,0,0,140000,0,0
1574842,01a0b1c2-b010-7000-8000-000000000000,01a0d778-4a7f-7547-ac98-41471799f490,LINGERING,2500000,250000,0,0,0,0,0,0
1574842,01a0b1c2-b010-7000-8000-000000000000,01a0d778-4a7f-7547-ac98-414ca8ab514d,LINGERING,1250000,250000,-2165064,0,0,0,0,0
1574842,01a0b1c2-b010-7000-8000-000000000000,01a0d778-828d-7281-9b0b-c160699881ac,ACTIVE,0,-108437,3641906,0,233,140000,0,0
1574842,01a0b1c2-b010-7000-8000-000000000000,01a0d778-8c1f-740e-b699-6d90c918701e,ACTIVE,2104392,-245188,2193109,0,0,140000,0,0
1574844,01a0b1c2-b010-7000-8000-000000000000,01a0d778-4a7f-7547-ac98-41471799f490,LINGERING,2500000,250000,0,0,0,0,0,0
1574844,01a0b1c2-b010-7000-8000-000000000000,01a0d778-4a7f-7547-ac98-414ca8ab514d,LINGERING,1250000,250000,-2165064,0,0,0,0,0
1574844,01a0b1c2-b010-7000-8000-000000000000,01a0d778-828d-7281-9b0b-c160699881ac,ACTIVE,0,-108413,3655906,0,233,140000,0,0
1574844,01a0b1c2-b010-7000-8000-000000000000,01a0d778-8c1f-740e-b699-6d90c918701e,ACTIVE,2104392,-245188,2207109,0,0,140000,0,0
1574846,01a0b1c2-b010-7000-8000-000000000000,01a0d778-4a7f-7547-ac98-41471799f490,LINGERING,2500000,250000,0,0,0,0,0,0
1574846,01a0b1c2-b010-7000-8000-000000000000,01a0d778-4a7f-7547-ac98-414ca8ab514d,LINGERING,1250000,250000,-2165064,0,0,0,0,0
1574846,01a0b1c2-b010-7000-8000-000000000000,01a0d778-828d-7281-9b0b-c160699881ac,ACTIVE,0,-108390,3669906,0,233,140000,0,0
1574846,01a0b1c2-b010-7000-8000-000000000000,01a0d778-8c1f-740e-b699-6d90c918701e,ACTIVE,2104392,-245188,2221109,0,0,140000,0,0
1574848,01a0b1c2-b010-7000-8000-000000000000,01a0d778-4a7f-7547-ac98-41471799f490,LINGERING,2500000,250000,0,0,0,0,0,0
1574848,01a0b1c2-b010-7000-8000-000000000000,01a0d778-4a7f-7547-ac98-414ca8ab514d,LINGERING,1250000,250000,-2165064,0,0,0,0,0
1574848,01a0b1c2-b010-7000-8000-000000000000,01a0d778-828d-7281-9b0b-c160699881ac,ACTIVE,0,-108367,3683906,0,233,140000,0,0
1574848,01a0b1c2-b010-7000-8000-000000000000,01a0d778-8c1f-740e-b699-6d90c918701e,ACTIVE,2104392,-245188,2235109,0,0,140000,0,0
1574850,01a0b1c2-b010-7000-8000-000000000000,01a0d778-4a7f-7547-ac98-41471799f490,LINGERING,2500000,250000,0,0,0,0,0,0
1574850,01a0b1c2-b010-7000-8000-000000000000,01a0d778-4a7f-7547-ac98-414ca8ab514d,LINGERING,1250000,250000,-2165064,0,0,0,0,0
1574850,01a0b1c2-b010-7000-8000-000000000000,01a0d778-828d-7281-9b0b-c160699881ac,ACTIVE,0,-108344,3697906,0,233,140000,0,0
1574850,01a0b1c2-b010-7000-8000-000000000000,01a0d778-8c1f-740e-b699-6d90c918701e,ACTIVE,2104392,-245188,2249109,0,0,140000,0,0
1574852,01a0b1c2-b010-7000-8000-000000000000,01a0d778-4a7f-7547-ac98-41471799f490,LINGERING,2500000,250000,0,0,0,0,0,0
1574852,01a0b1c2-b010-7000-8000-000000000000,01a0d778-4a7f-7547-ac98-414ca8ab514d,LINGERING,1250000,250000,-2165064,0,0,0,0,0
1574852,01a0b1c2-b010-7000-8000-000000000000,01a0d778-828d-7281-9b0b-c160699881ac,ACTIVE,0,-108320,3711906,0,233,140000,0,0
1574852,01a0b1c2-b010-7000-8000-000000000000,01a0d778-8c1f-740e-b699-6d90c918701e,ACTIVE,2104392,-245188,2263109,0,0,140000,0,0
1574854,01a0b1c2-b010-7000-8000-000000000000,01a0d778-4a7f-7547-ac98-41471799f490,LINGERING,2500000,250000,0,0,0,0,0,0
1574854,01a0b1c2-b010-7000-8000-000000000000,01a0d778-4a7f-7547-ac98-414ca8ab514d,LINGERING,1250000,250000,-2165064,0,0,0,0,0
1574854,01a0b1c2-b010-7000-8000-000000000000,01a0d778-828d-7281-9b0b-c160699881ac,ACTIVE,0,-108297,3725906,0,233,140000,0,0
1574854,01a0b1c2-b010-7000-8000-000000000000,01a0d778-8c1f-740e-b699-6d90c918701e,ACTIVE,2104392,-245188,2277109,0,0,140000,0,0
1574856,01a0b1c2-b010-7000-8000-000000000000,01a0d778-4a7f-7547-ac98-41471799f490,LINGERING,2500000,250000,0,0,0,0,0,0
1574856,01a0b1c2-b010-7000-8000-000000000000,01a0d778-4a7f-7547-ac98-414ca8ab514d,LINGERING,1250000,250000,-2165064,0,0,0,0,0
1574856,01a0b1c2-b010-7000-8000-000000000000,01a0d778-828d-7281-9b0b-c160699881ac,ACTIVE,0,-108274,3739906,0,233,140000,0,0
1574856,01a0b1c2-b010-7000-8000-000000000000,01a0d778-8c1f-740e-b699-6d90c918701e,ACTIVE,2104392,-245188,2291109,0,0,140000,0,0
1574858,01a0b1c2-b010-7000-8000-000000000000,01a0d778-4a7f-7547-ac98-41471799f490,LINGERING,2500000,250000,0,0,0,0,0,0
1574858,01a0b1c2-b010-7000-8000-000000000000,01a0d778-4a7f-7547-ac98-414ca8ab514d,LINGERING,1250000,250000,-2165064,0,0,0,0,0
1574858,01a0b1c2-b010-7000-8000-000000000000,01a0d778-828d-7281-9b0b-c160699881ac,ACTIVE,0,-108251,3753906,0,233,140000,0,0
1574858,01a0b1c2-b010-7000-8000-000000000000,01a0d778-8c1f-740e-b699-6d90c918701e,ACTIVE,2104392,-245188,2305109,0,0,140000,0,0
1574860,01a0b1c2-b010-7000-8000-000000000000,01a0d778-4a7f-7547-ac98-41471799f490,LINGERING,2500000,250000,0,0,0,0,0,0
1574860,01a0b1c2-b010-7000-8000-000000000000,01a0d778-4a7f-7547-ac98-414ca8ab514d,LINGERING,1250000,250000,-2165064,0,0,0,0,0
1574860,01a0b1c2-b010-7000-8000-000000000000,01a0d778-828d-7281-9b0b-c160699881ac,ACTIVE,0,-108227,3767905,0,233,140000,0,0
1574860,01a0b1c2-b010-7000-8000-000000000000,01a0d778-8c1f-740e-b699-6d90c918701e,ACTIVE,2104392,-245188,2319109,0,0,140000,0,0
1574862,01a0b1c2-b010-7000-8000-000000000000,01a0d778-4a7f-7547-ac98-41471799f490,LINGERING,2500000,250000,0,0,0,0,0,0
1574862,01a0b1c2-b010-7000-8000-000000000000,01a0d778-4a7f-7547-ac98-414ca8ab514d,LINGERING,1250000,250000,-2165064,0,0,0,0,0
1574862,01a0b1c2-b010-7000-8000-000000000000,01a0d778-828d-7281-9b0b-c160699881ac,ACTIVE,0,-108204,3781905,0,233,140000,0,0
1574862,01a0b1c2-b010-7000-8000-000000000000,01a0d778-8c1f-740e-b699-6d90c918701e,ACTIVE,2104392,-245188,2333109,0,0,140000,0,0
1574864,01a0b1c2-b010-7000-8000-000000000000,01a0d778-4a7f-7547-ac98-41471799f490,LINGERING,2500000,250000,0,0,0,0,0,0
1574864,01a0b1c2-b010-7000-8000-000000000000,01a0d778-4a7f-7547-ac98-414ca8ab514d,LINGERING,1250000,250000,-2165064,0,0,0,0,0
1574864,01a0b1c2-b010-7000-8000-000000000000,01a0d778-828d-7281-9b0b-c160699881ac,ACTIVE,0,-108181,3795905,0,233,140000,0,0
1574864,01a0b1c2-b010-7000-8000-000000000000,01a0d778-8c1f-740e-b699-6d90c918701e,ACTIVE,2104392,-245188,2347109,0,0,140000,0,0
1574866,01a0b1c2-b010-7000-8000-000000000000,01a0d778-4a7f-7547-ac98-41471799f490,LINGERING,2500000,250000,0,0,0,0,0,0
1574866,01a0b1c2-b010-7000-8000-000000000000,01a0d778-4a7f-7547-ac98-414ca8ab514d,LINGERING,1250000,250000,-2165064,0,0,0,0,0
1574866,01a0b1c2-b010-7000-8000-000000000000,01a0d778-828d-7281-9b0b-c160699881ac,ACTIVE,0,-108157,3809905,0,233,140000,0,0
1574866,01a0b1c2-b010-7000-8000-000000000000,01a0d778-8c1f-740e-b699-6d90c918701e,ACTIVE,2104392,-245188,2361109,0,0,140000,0,0
1574868,01a0b1c2-b010-7000-8000-000000000000,01a0d778-4a7f-7547-ac98-41471799f490,LINGERING,2500000,250000,0,0,0,0,0,0
1574868,01a0b1c2-b010-7000-8000-000000000000,01a0d778-4a7f-7547-ac98-414ca8ab514d,LINGERING,1250000,250000,-2165064,0,0,0,0,0
1574868,01a0b1c2-b010-7000-8000-000000000000,01a0d778-828d-7281-9b0b-c160699881ac,ACTIVE,0,-108134,3823905,0,233,140000,0,0
1574868,01a0b1c2-b010-7000-8000-000000000000,01a0d778-8c1f-740e-b699-6d90c918701e,ACTIVE,2104392,-245188,2375109,0,0,140000,0,0
1574870,01a0b1c2-b010-7000-8000-000000000000,01a0d778-4a7f-7547-ac98-41471799f490,LINGERING,2500000,250000,0,0,0,0,0,0
1574870,01a0b1c2-b010-7000-8000-000000000000,01a0d778-4a7f-7547-ac98-414ca8ab514d,LINGERING,1250000,250000,-2165064,0,0,0,0,0
1574870,01a0b1c2-b010-7000-8000-000000000000,01a0d778-828d-7281-9b0b-c160699881ac,ACTIVE,0,-108111,3837905,0,233,140000,0,0
1574870,01a0b1c2-b010-7000-8000-000000000000,01a0d778-8c1f-740e-b699-6d90c918701e,ACTIVE,2104392,-245188,2389109,0,0,140000,0,0
1574872,01a0b1c2-b010-7000-8000-000000000000,01a0d778-4a7f-7547-ac98-41471799f490,LINGERING,2500000,250000,0,0,0,0,0,0
1574872,01a0b1c2-b010-7000-8000-000000000000,01a0d778-4a7f-7547-ac98-414ca8ab514d,LINGERING,1250000,250000,-2165064,0,0,0,0,0
1574872,01a0b1c2-b010-7000-8000-000000000000,01a0d778-828d-7281-9b0b-c160699881ac,ACTIVE,0,-108088,3851905,0,233,140000,0,0
1574872,01a0b1c2-b010-7000-8000-000000000000,01a0d778-8c1f-740e-b699-6d90c918701e,ACTIVE,2104392,-245188,2403109,0,0,140000,0,0
1574874,01a0b1c2-b010-7000-8000-000000000000,01a0d778-4a7f-7547-ac98-41471799f490,LINGERING,2500000,250000,0,0,0,0,0,0
1574874,01a0b1c2-b010-7000-8000-000000000000,01a0d778-4a7f-7547-ac98-414ca8ab514d,LINGERING,1250000,250000,-2165064,0,0,0,0,0
1574874,01a0b1c2-b010-7000-8000-000000000000,01a0d778-828d-7281-9b0b-c160699881ac,ACTIVE,0,-108064,3865905,0,233,140000,0,0
1574874,01a0b1c2-b010-7000-8000-000000000000,01a0d778-8c1f-740e-b699-6d90c918701e,ACTIVE,2104392,-245188,2417109,0,0,140000,0,0
1574876,01a0b1c2-b010-7000-8000-000000000000,01a0d778-4a7f-7547-ac98-41471799f490,LINGERING,2500000,250000,0,0,0,0,0,0
1574876,01a0b1c2-b010-7000-8000-000000000000,01a0d778-4a7f-7547-ac98-414ca8ab514d,LINGERING,1250000,250000,-2165064,0,0,0,0,0
1574876,01a0b1c2-b010-7000-8000-000000000000,01a0d778-828d-7281-9b0b-c160699881ac,ACTIVE,0,-108041,3879905,0,233,140000,0,0
1574876,01a0b1c2-b010-7000-8000-000000000000,01a0d778-8c1f-740e-b699-6d90c918701e,ACTIVE,2104392,-245188,2431109,0,0,140000,0,0
1574878,01a0b1c2-b010-7000-8000-000000000000,01a0d778-4a7f-7547-ac98-41471799f490,LINGERING,2500000,250000,0,0,0,0,0,0
1574878,01a0b1c2-b010-7000-8000-000000000000,01a0d778-4a7f-7547-ac98-414ca8ab514d,LINGERING,1250000,250000,-2165064,0,0,0,0,0
1574878,01a0b1c2-b010-7000-8000-000000000000,01a0d778-828d-7281-9b0b-c160699881ac,ACTIVE,0,-108018,3893905,0,233,140000,0,0
1574878,01a0b1c2-b010-7000-8000-000000000000,01a0d778-8c1f-740e-b699-6d90c918701e,ACTIVE,2104392,-245188,2445109,0,0,140000,0,0
1574880,01a0b1c2-b010-7000-8000-000000000000,01a0d778-4a7f-7547-ac98-41471799f490,LINGERING,2500000,250000,0,0,0,0,0,0
1574880,01a0b1c2-b010-7000-8000-000000000000,01a0d778-4a7f-7547-ac98-414ca8ab514d,LINGERING,1250000,250000,-2165064,0,0,0,0,0
1574880,01a0b1c2-b010-7000-8000-000000000000,01a0d778-828d-7281-9b0b-c160699881ac,ACTIVE,0,-107995,3907905,0,233,140000,0,0
1574880,01a0b1c2-b010-7000-8000-000000000000,01a0d778-8c1f-740e-b699-6d90c918701e,ACTIVE,2104392,-245188,2459109,0,0,140000,0,0
1574882,01a0b1c2-b010-7000-8000-000000000000,01a0d778-4a7f-7547-ac98-41471799f490,LINGERING,2500000,250000,0,0,0,0,0,0
1574882,01a0b1c2-b010-7000-8000-000000000000,01a0d778-4a7f-7547-ac98-414ca8ab514d,LINGERING,1250000,250000,-2165064,0,0,0,0,0
1574882,01a0b1c2-b010-7000-8000-000000000000,01a0d778-828d-7281-9b0b-c160699881ac,ACTIVE,0,-107971,3921905,0,233,140000,0,0
1574882,01a0b1c2-b010-7000-8000-000000000000,01a0d778-8c1f-740e-b699-6d90c918701e,ACTIVE,2104392,-245188,2473109,0,0,140000,0,0
1574884,01a0b1c2-b010-7000-8000-000000000000,01a0d778-4a7f-7547-ac98-41471799f490,LINGERING,2500000,250000,0,0,0,0,0,0
1574884,01a0b1c2-b010-7000-8000-000000000000,01a0d778-4a7f-7547-ac98-414ca8ab514d,LINGERING,1250000,250000,-2165064,0,0,0,0,0
1574884,01a0b1c2-b010-7000-8000-000000000000,01a0d778-828d-7281-9b0b-c160699881ac,ACTIVE,0,-107948,3935905,0,233,140000,0,0
1574884,01a0b1c2-b010-7000-8000-000000000000,01a0d778-8c1f-740e-b699-6d90c918701e,ACTIVE,2104392,-245188,2487109,0,0,140000,0,0
1574886,01a0b1c2-b010-7000-8000-000000000000,01a0d778-4a7f-7547-ac98-41471799f490,LINGERING,2500000,250000,0,0,0,0,0,0
1574886,01a0b1c2-b010-7000-8000-000000000000,01a0d778-4a7f-7547-ac98-414ca8ab514d,LINGERING,1250000,250000,-2165064,0,0,0,0,0
1574886,01a0b1c2-b010-7000-8000-000000000000,01a0d778-828d-7281-9b0b-c160699881ac,ACTIVE,0,-107925,3949905,0,233,140000,0,0
1574886,01a0b1c2-b010-7000-8000-000000000000,01a0d778-8c1f-740e-b699-6d90c918701e,ACTIVE,2104392,-245188,2501109,0,0,140000,0,0
1574888,01a0b1c2-b010-7000-8000-000000000000,01a0d778-4a7f-7547-ac98-41471799f490,LINGERING,2500000,250000,0,0,0,0,0,0
1574888,01a0b1c2-b010-7000-8000-000000000000,01a0d778-4a7f-7547-ac98-414ca8ab514d,LINGERING,1250000,250000,-2165064,0,0,0,0,0
1574888,01a0b1c2-b010-7000-8000-000000000000,01a0d778-828d-7281-9b0b-c160699881ac,ACTIVE,0,-107901,3963905,0,233,140000,0,0
1574888,01a0b1c2-b010-7000-8000-000000000000,01a0d778-8c1f-740e-b699-6d90c918701e,ACTIVE,2104392,-245188,2515109,0,0,140000,0,0
1574890,01a0b1c2-b010-7000-8000-000000000000,01a0d778-4a7f-7547-ac98-41471799f490,LINGERING,2500000,250000,0,0,0,0,0,0
1574890,01a0b1c2-b010-7000-8000-000000000000,01a0d778-4a7f-7547-ac98-414ca8ab514d,LINGERING,1250000,250000,-2165064,0,0,0,0,0
1574890,01a0b1c2-b010-7000-8000-000000000000,01a0d778-828d-7281-9b0b-c160699881ac,ACTIVE,0,-107878,3977905,0,233,140000,0,0
1574890,01a0b1c2-b010-7000-8000-000000000000,01a0d778-8c1f-740e-b699-6d90c918701e,ACTIVE,2104392,-245188,2529109,0,0,140000,0,0
1574892,01a0b1c2-b010-7000-8000-000000000000,01a0d778-4a7f-7547-ac98-41471799f490,LINGERING,2500000,250000,0,0,0,0,0,0
1574892,01a0b1c2-b010-7000-8000-000000000000,01a0d778-4a7f-7547-ac98-414ca8ab514d,LINGERING,1250000,250000,-2165064,0,0,0,0,0
1574892,01a0b1c2-b010-7000-8000-000000000000,01a0d778-828d-7281-9b0b-c160699881ac,ACTIVE,0,-107855,3991905,0,233,140000,0,0
1574892,01a0b1c2-b010-7000-8000-000000000000,01a0d778-8c1f-740e-b699-6d90c918701e,ACTIVE,2104392,-245188,2543109,0,0,140000,0,0
1574894,01a0b1c2-b010-7000-8000-000000000000,01a0d778-4a7f-7547-ac98-41471799f490,LINGERING,2500000,250000,0,0,0,0,0,0
1574894,01a0b1c2-b010-7000-8000-000000000000,01a0d778-4a7f-7547-ac98-414ca8ab514d,LINGERING,1250000,250000,-2165064,0,0,0,0,0
1574894,01a0b1c2-b010-7000-8000-000000000000,01a0d778-828d-7281-9b0b-c160699881ac,ACTIVE,0,-107832,4005905,0,233,140000,0,0
1574894,01a0b1c2-b010-7000-8000-000000000000,01a0d778-8c1f-740e-b699-6d90c918701e,ACTIVE,2104392,-245188,2557109,0,0,140000,0,0
1574896,01a0b1c2-b010-7000-8000-000000000000,01a0d778-4a7f-7547-ac98-41471799f490,LINGERING,2500000,250000,0,0,0,0,0,0
1574896,01a0b1c2-b010-7000-8000-000000000000,01a0d778-4a7f-7547-ac98-414ca8ab514d,LINGERING,1250000,250000,-2165064,0,0,0,0,0
1574896,01a0b1c2-b010-7000-8000-000000000000,01a0d778-828d-7281-9b0b-c160699881ac,ACTIVE,0,-107808,4019905,0,233,140000,0,0
1574896,01a0b1c2-b010-7000-8000-000000000000,01a0d778-8c1f-740e-b699-6d90c918701e,ACTIVE,2104392,-245188,2571109,0,0,140000,0,0
1574898,01a0b1c2-b010-7000-8000-000000000000,01a0d778-4a7f-7547-ac98-41471799f490,LINGERING,2500000,250000,0,0,0,0,0,0
1574898,01a0b1c2-b010-7000-8000-000000000000,01a0d778-4a7f-7547-ac98-414ca8ab514d,LINGERING,1250000,250000,-2165064,0,0,0,0,0
1574898,01a0b1c2-b010-7000-8000-000000000000,01a0d778-828d-7281-9b0b-c160699881ac,ACTIVE,0,-107785,4033905,0,233,140000,0,0
1574898,01a0b1c2-b010-7000-8000-000000000000,01a0d778-8c1f-740e-b699-6d90c918701e,ACTIVE,2104392,-245188,2585109,0,0,140000,0,0
1574900,01a0b1c2-b010-7000-8000-000000000000,01a0d778-4a7f-7547-ac98-41471799f490,LINGERING,2500000,250000,0,0,0,0,0,0
1574900,01a0b1c2-b010-7000-8000-000000000000,01a0d778-4a7f-7547-ac98-414ca8ab514d,LINGERING,1250000,250000,-2165064,0,0,0,0,0
1574900,01a0b1c2-b010-7000-8000-000000000000,01a0d778-828d-7281-9b0b-c160699881ac,ACTIVE,0,-107762,4047905,0,233,140000,0,0
1574900,01a0b1c2-b010-7000-8000-000000000000,01a0d778-8c1f-740e-b699-6d90c918701e,ACTIVE,2104392,-245188,2599109,0,0,140000,0,0
1574902,01a0b1c2-b010-7000-8000-000000000000,01a0d778-4a7f-7547-ac98-41471799f490,LINGERING,2500000,250000,0,0,0,0,0,0
1574902,01a0b1c2-b010-7000-8000-000000000000,01a0d778-4a7f-7547-ac98-414ca8ab514d,LINGERING,1250000,250000,-2165064,0,0,0,0,0
1574902,01a0b1c2-b010-7000-8000-000000000000,01a0d778-828d-7281-9b0b-c160699881ac,ACTIVE,0,-107739,4061905,0,233,140000,0,0
1574902,01a0b1c2-b010-7000-8000-000000000000,01a0d778-8c1f-740e-b699-6d90c918701e,ACTIVE,2104392,-245188,2613109,0,0,140000,0,0
1574904,01a0b1c2-b010-7000-8000-000000000000,01a0d778-4a7f-7547-ac98-41471799f490,LINGERING,2500000,250000,0,0,0,0,0,0
1574904,01a0b1c2-b010-7000-8000-000000000000,01a0d778-4a7f-7547-ac98-414ca8ab514d,LINGERING,1250000,250000,-2165064,0,0,0,0,0
1574904,01a0b1c2-b010-7000-8000-000000000000,01a0d778-828d-7281-9b0b-c160699881ac,ACTIVE,0,-107715,4075905,0,233,140000,0,0
1574904,01a0b1c2-b010-7000-8000-000000000000,01a0d778-8c1f-740e-b699-6d90c918701e,ACTIVE,2104392,-245188,2627109,0,0,140000,0,0
1574906,01a0b1c2-b010-7000-8000-000000000000,01a0d778-4a7f-7547-ac98-41471799f490,LINGERING,2500000,250000,0,0,0,0,0,0
1574906,01a0b1c2-b010-7000-8000-000000000000,01a0d778-4a7f-7547-ac98-414ca8ab514d,LINGERING,1250000,250000,-2165064,0,0,0,0,0
1574906,01a0b1c2-b010-7000-8000-000000000000,01a0d778-828d-7281-9b0b-c160699881ac,ACTIVE,0,-107692,4089905,0,233,140000,0,0
1574906,01a0b1c2-b010-7000-8000-000000000000,01a0d778-8c1f-740e-b699-6d90c918701e,ACTIVE,2104392,-245188,2641109,0,0,140000,0,0
1574908,01a0b1c2-b010-7000-8000-000000000000,01a0d778-4a7f-7547-ac98-41471799f490,LINGERING,2500000,250000,0,0,0,0,0,0
1574908,01a0b1c2-b010-7000-8000-000000000000,01a0d778-4a7f-7547-ac98-414ca8ab514d,LINGERING,1250000,250000,-2165064,0,0,0,0,0
1574908,01a0b1c2-b010-7000-8000-000000000000,01a0d778-828d-7281-9b0b-c160699881ac,ACTIVE,0,-107669,4103905,0,233,140000,0,0
1574908,01a0b1c2-b010-7000-8000-000000000000,01a0d778-8c1f-740e-b699-6d90c918701e,ACTIVE,2104392,-245188,2655109,0,0,140000,0,0
1574910,01a0b1c2-b010-7000-8000-000000000000,01a0d778-4a7f-7547-ac98-41471799f490,LINGERING,2500000,250000,0,0,0,0,0,0
1574910,01a0b1c2-b010-7000-8000-000000000000,01a0d778-4a7f-7547-ac98-414ca8ab514d,LINGERING,1250000,250000,-2165064,0,0,0,0,0
1574910,01a0b1c2-b010-7000-8000-000000000000,01a0d778-828d-7281-9b0b-c160699881ac,ACTIVE,0,-107645,4117905,0,233,140000,0,0
1574910,01a0b1c2-b010-7000-8000-000000000000,01a0d778-8c1f-740e-b699-6d90c918701e,ACTIVE,2104392,-245188,2669109,0,0,140000,0,0
1574912,01a0b1c2-b010-7000-8000-000000000000,01a0d778-4a7f-7547-ac98-41471799f490,LINGERING,2500000,250000,0,0,0,0,0,0
1574912,01a0b1c2-b010-7000-8000-000000000000,01a0d778-4a7f-7547-ac98-414ca8ab514d,LINGERING,1250000,250000,-2165064,0,0,0,0,0
1574912,01a0b1c2-b010-7000-8000-000000000000,01a0d778-828d-7281-9b0b-c160699881ac,ACTIVE,0,-107622,4131905,0,233,140000,0,0
1574912,01a0b1c2-b010-7000-8000-000000000000,01a0d778-8c1f-740e-b699-6d90c918701e,ACTIVE,2104392,-245188,2683109,0,0,140000,0,0
1574914,01a0b1c2-b010-7000-8000-000000000000,01a0d778-4a7f-7547-ac98-41471799f490,LINGERING,2500000,250000,0,0,0,0,0,0
1574914,01a0b1c2-b010-7000-8000-000000000000,01a0d778-4a7f-7547-ac98-414ca8ab514d,LINGERING,1250000,250000,-2165064,0,0,0,0,0
1574914,01a0b1c2-b010-7000-8000-000000000000,01a0d778-828d-7281-9b0b-c160699881ac,ACTIVE,0,-107599,4145905,0,233,140000,0,0
1574914,01a0b1c2-b010-7000-8000-000000000000,01a0d778-8c1f-740e-b699-6d90c918701e,ACTIVE,2104392,-245188,2697109,0,0,140000,0,0
1574916,01a0b1c2-b010-7000-8000-000000000000,01a0d778-4a7f-7547-ac98-41471799f490,LINGERING,2500000,250000,0,0,0,0,0,0
1574916,01a0b1c2-b010-7000-8000-000000000000,01a0d778-4a7f-7547-ac98-414ca8ab514d,LINGERING,1250000,250000,-2165064,0,0,0,0,0
1574916,01a0b1c2-b010-7000-8000-000000000000,01a0d778-828d-7281-9b0b-c160699881ac,ACTIVE,0,-107576,4159905,0,233,140000,0,0
1574916,01a0b1c2-b010-7000-8000-000000000000,01a0d778-8c1f-740e-b699-6d90c918701e,ACTIVE,2104392,-245188,2711109,0,0,140000,0,0
1574918,01a0b1c2-b010-7000-8000-000000000000,01a0d778-4a7f-7547-ac98-41471799f490,LINGERING,2500000,250000,0,0,0,0,0,0
1574918,01a0b1c2-b010-7000-8000-000000000000,01a0d778-4a7f-7547-ac98-414ca8ab514d,LINGERING,1250000,250000,-2165064,0,0,0,0,0
1574918,01a0b1c2-b010-7000-8000-000000000000,01a0d778-828d-7281-9b0b-c160699881ac,ACTIVE,0,-107552,4173905,0,233,140000,0,0
1574918,01a0b1c2-b010-7000-8000-000000000000,01a0d778-8c1f-740e-b699-6d90c918701e,ACTIVE,2104392,-245188,2725109,0,0,140000,0,0
1574920,01a0b1c2-b010-7000-8000-000000000000,01a0d778-4a7f-7547-ac98-41471799f490,LINGERING,2500000,250000,0,0,0,0,0,0
1574920,01a0b1c2-b010-7000-8000-000000000000,01a0d778-4a7f-7547-ac98-414ca8ab514d,LINGERING,1250000,250000,-2165064,0,0,0,0,0
1574920,01a0b1c2-b010-7000-8000-000000000000,01a0d778-828d-7281-9b0b-c160699881ac,ACTIVE,0,-107529,4187905,0,233,140000,0,0
1574920,01a0b1c2-b010-7000-8000-000000000000,01a0d778-8c1f-740e-b699-6d90c918701e,ACTIVE,2104392,-245188,2739109,0,0,140000,0,0
1574922,01a0b1c2-b010-7000-8000-000000000000,01a0d778-4a7f-7547-ac98-41471799f490,LINGERING,2500000,250000,0,0,0,0,0,0
1574922,01a0b1c2-b010-7000-8000-000000000000,01a0d778-4a7f-7547-ac98-414ca8ab514d,LINGERING,1250000,250000,-2165064,0,0,0,0,0
1574922,01a0b1c2-b010-7000-8000-000000000000,01a0d778-828d-7281-9b0b-c160699881ac,ACTIVE,0,-107506,4201905,0,233,140000,0,0
1574922,01a0b1c2-b010-7000-8000-000000000000,01a0d778-8c1f-740e-b699-6d90c918701e,ACTIVE,2104392,-245188,2753109,0,0,140000,0,0
1574924,01a0b1c2-b010-7000-8000-000000000000,01a0d778-4a7f-7547-ac98-41471799f490,LINGERING,2500000,250000,0,0,0,0,0,0
1574924,01a0b1c2-b010-7000-8000-000000000000,01a0d778-4a7f-7547-ac98-414ca8ab514d,LINGERING,1250000,250000,-2165064,0,0,0,0,0
1574924,01a0b1c2-b010-7000-8000-000000000000,01a0d778-828d-7281-9b0b-c160699881ac,ACTIVE,0,-107483,4215905,0,233,140000,0,0
1574924,01a0b1c2-b010-7000-8000-000000000000,01a0d778-8c1f-740e-b699-6d90c918701e,ACTIVE,2104392,-245188,2767109,0,0,140000,0,0
1574926,01a0b1c2-b010-7000-8000-000000000000,01a0d778-4a7f-7547-ac98-41471799f490,LINGERING,2500000,250000,0,0,0,0,0,0
1574926,01a0b1c2-b010-7000-8000-000000000000,01a0d778-4a7f-7547-ac98-414ca8ab514d,LINGERING,1250000,250000,-2165064,0,0,0,0,0
1574926,01a0b1c2-b010-7000-8000-000000000000,01a0d778-828d-7281-9b0b-c160699881ac,ACTIVE,0,-107459,4229905,0,233,140000,0,0
1574926,01a0b1c2-b010-7000-8000-000000000000,01a0d778-8c1f-740e-b699-6d90c918701e,ACTIVE,2104392,-245188,2781109,0,0,140000,0,0
1574928,01a0b1c2-b010-7000-8000-000000000000,01a0d778-4a7f-7547-ac98-41471799f490,LINGERING,2500000,250000,0,0,0,0,0,0
1574928,01a0b1c2-b010-7000-8000-000000000000,01a0d778-4a7f-7547-ac98-414ca8ab514d,LINGERING,1250000,250000,-2165064,0,0,0,0,0
1574928,01a0b1c2-b010-7000-8000-000000000000,01a0d778-828d-7281-9b0b-c160699881ac,ACTIVE,0,-107436,4243905,0,233,140000,0,0
1574928,01a0b1c2-b010-7000-8000-000000000000,01a0d778-8c1f-740e-b699-6d90c918701e,ACTIVE,2104392,-245188,2795109,0,0,140000,0,0
1574930,01a0b1c2-b010-7000-8000-000000000000,01a0d778-4a7f-7547-ac98-41471799f490,LINGERING,2500000,250000,0,0,0,0,0,0
1574930,01a0b1c2-b010-7000-8000-000000000000,01a0d778-4a7f-7547-ac98-414ca8ab514d,LINGERING,1250000,250000,-2165064,0,0,0,0,0
1574930,01a0b1c2-b010-7000-8000-000000000000,01a0d778-828d-7281-9b0b-c160699881ac,ACTIVE,0,-107413,4257905,0,233,140000,0,0
1574930,01a0b1c2-b010-7000-8000-000000000000,01a0d778-8c1f-740e-b699-6d90c918701e,ACTIVE,2104392,-245188,2809109,0,0,140000,0,0
1574932,01a0b1c2-b010-7000-8000-000000000000,01a0d778-4a7f-7547-ac98-41471799f490,LINGERING,2500000,250000,0,0,0,0,0,0
1574932,01a0b1c2-b010-7000-8000-000000000000,01a0d778-4a7f-7547-ac98-414ca8ab514d,LINGERING,1250000,250000,-2165064,0,0,0,0,0
1574932,01a0b1c2-b010-7000-8000-000000000000,01a0d778-828d-7281-9b0b-c160699881ac,ACTIVE,0,-107389,4271905,0,233,140000,0,0
1574932,01a0b1c2-b010-7000-8000-000000000000,01a0d778-8c1f-740e-b699-6d90c918701e,ACTIVE,2104392,-245188,2823109,0,0,140000,0,0
1574934,01a0b1c2-b010-7000-8000-000000000000,01a0d778-4a7f-7547-ac98-41471799f490,LINGERING,2500000,250000,0,0,0,0,0,0
1574934,01a0b1c2-b010-7000-8000-000000000000,01a0d778-4a7f-7547-ac98-414ca8ab514d,LINGERING,1250000,250000,-2165064,0,0,0,0,0
1574934,01a0b1c2-b010-7000-8000-000000000000,01a0d778-828d-7281-9b0b-c160699881ac,ACTIVE,0,-107366,4285905,0,233,140000,0,0
1574934,01a0b1c2-b010-7000-8000-000000000000,01a0d778-8c1f-740e-b699-6d90c918701e,ACTIVE,2104392,-245188,2837109,0,0,140000,0,0
1574936,01a0b1c2-b010-7000-8000-000000000000,01a0d778-4a7f-7547-ac98-41471799f490,LINGERING,2500000,250000,0,0,0,0,0,0
1574936,01a0b1c2-b010-7000-8000-000000000000,01a0d778-4a7f-7547-ac98-414ca8ab514d,LINGERING,1250000,250000,-2165064,0,0,0,0,0
1574936,01a0b1c2-b010-7000-8000-000000000000,01a0d778-828d-7281-9b0b-c160699881ac,ACTIVE,0,-107343,4299905,0,233,140000,0,0
1574936,01a0b1c2-b010-7000-8000-000000000000,01a0d778-8c1f-740e-b699-6d90c918701e,ACTIVE,2104392,-245188,2851109,0,0,140000,0,0
1574938,01a0b1c2-b010-7000-8000-000000000000,01a0d778-4a7f-7547-ac98-41471799f490,LINGERING,2500000,250000,0,0,0,0,0,0
1574938,01a0b1c2-b010-7000-8000-000000000000,01a0d778-4a7f-7547-ac98-414ca8ab514d,LINGERING,1250000,250000,-2165064,0,0,0,0,0
1574938,01a0b1c2-b010-7000-8000-000000000000,01a0d778-828d-7281-9b0b-c160699881ac,ACTIVE,0,-107320,4313905,0,233,140000,0,0
1574938,01a0b1c2-b010-7000-8000-000000000000,01a0d778-8c1f-740e-b699-6d90c918701e,ACTIVE,2104392,-245188,2865109,0,0,140000,0,0
1574940,01a0b1c2-b010-7000-8000-000000000000,01a0d778-4a7f-7547-ac98-41471799f490,LINGERING,2500000,250000,0,0,0,0,0,0
1574940,01a0b1c2-b010-7000-8000-000000000000,01a0d778-4a7f-7547-ac98-414ca8ab514d,LINGERING,1250000,250000,-2165064,0,0,0,0,0
1574940,01a0b1c2-b010-7000-8000-000000000000,01a0d778-828d-7281-9b0b-c160699881ac,ACTIVE,0,-107296,4327905,0,233,140000,0,0
1574940,01a0b1c2-b010-7000-8000-000000000000,01a0d778-8c1f-740e-b699-6d90c918701e,ACTIVE,2104392,-245188,2879109,0,0,140000,0,0
1574942,01a0b1c2-b010-7000-8000-000000000000,01a0d778-4a7f-7547-ac98-41471799f490,LINGERING,2500000,250000,0,0,0,0,0,0
1574942,01a0b1c2-b010-7000-8000-000000000000,01a0d778-4a7f-7547-ac98-414ca8ab514d,LINGERING,1250000,250000,-2165064,0,0,0,0,0
1574942,01a0b1c2-b010-7000-8000-000000000000,01a0d778-828d-7281-9b0b-c160699881ac,ACTIVE,0,-107273,4341905,0,233,140000,0,0
1574942,01a0b1c2-b010-7000-8000-000000000000,01a0d778-8c1f-740e-b699-6d90c918701e,ACTIVE,2104392,-245188,2893109,0,0,140000,0,0
1574944,01a0b1c2-b010-7000-8000-000000000000,01a0d778-4a7f-7547-ac98-41471799f490,LINGERING,2500000,250000,0,0,0,0,0,0
1574944,01a0b1c2-b010-7000-8000-000000000000,01a0d778-4a7f-7547-ac98-414ca8ab514d,LINGERING,1250000,250000,-2165064,0,0,0,0,0
1574944,01a0b1c2-b010-7000-8000-000000000000,01a0d778-828d-7281-9b0b-c160699881ac,ACTIVE,0,-107250,4355905,0,233,140000,0,0
1574944,01a0b1c2-b010-7000-8000-000000000000,01a0d778-8c1f-740e-b699-6d90c918701e,ACTIVE,2104392,-245188,2907109,0,0,140000,0,0
1574946,01a0b1c2-b010-7000-8000-000000000000,01a0d778-4a7f-7547-ac98-41471799f490,LINGERING,2500000,250000,0,0,0,0,0,0
1574946,01a0b1c2-b010-7000-8000-000000000000,01a0d778-4a7f-7547-ac98-414ca8ab514d,LINGERING,1250000,250000,-2165064,0,0,0,0,0
1574946,01a0b1c2-b010-7000-8000-000000000000,01a0d778-828d-7281-9b0b-c160699881ac,ACTIVE,0,-107227,4369905,0,233,140000,0,0
1574946,01a0b1c2-b010-7000-8000-000000000000,01a0d778-8c1f-740e-b699-6d90c918701e,ACTIVE,2104392,-245188,2921109,0,0,140000,0,0
1574948,01a0b1c2-b010-7000-8000-000000000000,01a0d778-4a7f-7547-ac98-41471799f490,LINGERING,2500000,250000,0,0,0,0,0,0
1574948,01a0b1c2-b010-7000-8000-000000000000,01a0d778-4a7f-7547-ac98-414ca8ab514d,LINGERING,1250000,250000,-2165064,0,0,0,0,0
1574948,01a0b1c2-b010-7000-8000-000000000000,01a0d778-828d-7281-9b0b-c160699881ac,ACTIVE,0,-107203,4383905,0,233,140000,0,0
1574948,01a0b1c2-b010-7000-8000-000000000000,01a0d778-8c1f-740e-b699-6d90c918701e,ACTIVE,2104392,-245188,2935109,0,0,140000,0,0
1574950,01a0b1c2-b010-7000-8000-000000000000,01a0d778-4a7f-7547-ac98-41471799f490,LINGERING,2500000,250000,0,0,0,0,0,0
1574950,01a0b1c2-b010-7000-8000-000000000000,01a0d778-4a7f-7547-ac98-414ca8ab514d,LINGERING,1250000,250000,-2165064,0,0,0,0,0
1574950,01a0b1c2-b010-7000-8000-000000000000,01a0d778-828d-7281-9b0b-c160699881ac,ACTIVE,0,-107180,4397905,0,233,140000,0,0
1574950,01a0b1c2-b010-7000-8000-000000000000,01a0d778-8c1f-740e-b699-6d90c918701e,ACTIVE,2104392,-245188,2949109,0,0,140000,0,0
1574952,01a0b1c2-b010-7000-8000-000000000000,01a0d778-4a7f-7547-ac98-41471799f490,LINGERING,2500000,250000,0,0,0,0,0,0
1574952,01a0b1c2-b010-7000-8000-000000000000,01a0d778-4a7f-7547-ac98-414ca8ab514d,LINGERING,1250000,250000,-2165064,0,0,0,0,0
1574952,01a0b1c2-b010-7000-8000-000000000000,01a0d778-828d-7281-9b0b-c160699881ac,ACTIVE,0,-107157,4411905,0,233,140000,0,0
1574952,01a0b1c2-b010-7000-8000-000000000000,01a0d778-8c1f-740e-b699-6d90c918701e,ACTIVE,2104392,-245188,2963109,0,0,140000,0,0
1574954,01a0b1c2-b010-7000-8000-000000000000,01a0d778-4a7f-7547-ac98-41471799f490,LINGERING,2500000,250000,0,0,0,0,0,0
1574954,01a0b1c2-b010-7000-8000-000000000000,01a0d778-4a7f-7547-ac98-414ca8ab514d,LINGERING,1250000,250000,-2165064,0,0,0,0,0
1574954,01a0b1c2-b010-7000-8000-000000000000,01a0d778-828d-7281-9b0b-c160699881ac,ACTIVE,0,-107133,4425905,0,233,140000,0,0
1574954,01a0b1c2-b010-7000-8000-000000000000,01a0d778-8c1f-740e-b699-6d90c918701e,ACTIVE,2104392,-245188,2977109,0,0,140000,0,0
1574956,01a0b1c2-b010-7000-8000-000000000000,01a0d778-4a7f-7547-ac98-41471799f490,LINGERING,2500000,250000,0,0,0,0,0,0
1574956,01a0b1c2-b010-7000-8000-000000000000,01a0d778-4a7f-7547-ac98-414ca8ab514d,LINGERING,1250000,250000,-2165064,0,0,0,0,0
1574956,01a0b1c2-b010-7000-8000-000000000000,01a0d778-828d-7281-9b0b-c160699881ac,ACTIVE,0,-107110,4439905,0,233,140000,0,0
1574956,01a0b1c2-b010-7000-8000-000000000000,01a0d778-8c1f-740e-b699-6d90c918701e,ACTIVE,2104392,-245188,2991109,0,0,140000,0,0
1574958,01a0b1c2-b010-7000-8000-000000000000,01a0d778-4a7f-7547-ac98-41471799f490,LINGERING,2500000,250000,0,0,0,0,0,0
1574958,01a0b1c2-b010-7000-8000-000000000000,01a0d778-4a7f-7547-ac98-414ca8ab514d,LINGERING,1250000,250000,-2165064,0,0,0,0,0
1574958,01a0b1c2-b010-7000-8000-000000000000,01a0d778-828d-7281-9b0b-c160699881ac,ACTIVE,0,-107087,4453905,0,233,140000,0,0
1574958,01a0b1c2-b010-7000-8000-000000000000,01a0d778-8c1f-740e-b699-6d90c918701e,ACTIVE,2104392,-245188,3005109,0,0,140000,0,0
1574960,01a0b1c2-b010-7000-8000-000000000000,01a0d778-4a7f-7547-ac98-41471799f490,LINGERING,2500000,250000,0,0,0,0,0,0
1574960,01a0b1c2-b010-7000-8000-000000000000,01a0d778-4a7f-7547-ac98-414ca8ab514d,LINGERING,1250000,250000,-2165064,0,0,0,0,0
1574960,01a0b1c2-b010-7000-8000-000000000000,01a0d778-828d-7281-9b0b-c160699881ac,ACTIVE,0,-107064,4467905,0,233,140000,0,0
1574960,01a0b1c2-b010-7000-8000-000000000000,01a0d778-8c1f-740e-b699-6d90c918701e,ACTIVE,2104392,-245188,3019109,0,0,140000,0,0
1574962,01a0b1c2-b010-7000-8000-000000000000,01a0d778-4a7f-7547-ac98-41471799f490,LINGERING,2500000,250000,0,0,0,0,0,0
1574962,01a0b1c2-b010-7000-8000-000000000000,01a0d778-4a7f-7547-ac98-414ca8ab514d,LINGERING,1250000,250000,-2165064,0,0,0,0,0
1574962,01a0b1c2-b010-7000-8000-000000000000,01a0d778-828d-7281-9b0b-c160699881ac,ACTIVE,0,-107040,4481905,0,233,140000,0,0
1574962,01a0b1c2-b010-7000-8000-000000000000,01a0d778-8c1f-740e-b699-6d90c918701e,ACTIVE,2104392,-245188,3033109,0,0,140000,0,0
1574964,01a0b1c2-b010-7000-8000-000000000000,01a0d778-4a7f-7547-ac98-41471799f490,LINGERING,2500000,250000,0,0,0,0,0,0
1574964,01a0b1c2-b010-7000-8000-000000000000,01a0d778-4a7f-7547-ac98-414ca8ab514d,LINGERING,1250000,250000,-2165064,0,0,0,0,0
1574964,01a0b1c2-b010-7000-8000-000000000000,01a0d778-828d-7281-9b0b-c160699881ac,ACTIVE,0,-107017,4495904,0,233,140000,0,0
1574964,01a0b1c2-b010-7000-8000-000000000000,01a0d778-8c1f-740e-b699-6d90c918701e,ACTIVE,2104392,-245188,3047109,0,0,140000,0,0
1574966,01a0b1c2-b010-7000-8000-000000000000,01a0d778-4a7f-7547-ac98-41471799f490,LINGERING,2500000,250000,0,0,0,0,0,0
1574966,01a0b1c2-b010-7000-8000-000000000000,01a0d778-4a7f-7547-ac98-414ca8ab514d,LINGERING,1250000,250000,-2165064,0,0,0,0,0
1574966,01a0b1c2-b010-7000-8000-000000000000,01a0d778-828d-7281-9b0b-c160699881ac,ACTIVE,0,-106994,4509904,0,233,140000,0,0
1574966,01a0b1c2-b010-7000-8000-000000000000,01a0d778-8c1f-740e-b699-6d90c918701e,ACTIVE,2104392,-245188,3061109,0,0,140000,0,0
1574968,01a0b1c2-b010-7000-8000-000000000000,01a0d778-4a7f-7547-ac98-41471799f490,LINGERING,2500000,250000,0,0,0,0,0,0
1574968,01a0b1c2-b010-7000-8000-000000000000,01a0d778-4a7f-7547-ac98-414ca8ab514d,LINGERING,1250000,250000,-2165064,0,0,0,0,0
1574968,01a0b1c2-b010-7000-8000-000000000000,01a0d778-828d-7281-9b0b-c160699881ac,ACTIVE,0,-106970,4523904,0,233,140000,0,0
1574968,01a0b1c2-b010-7000-8000-000000000000,01a0d778-8c1f-740e-b699-6d90c918701e,ACTIVE,2104392,-245188,3075109,0,0,140000,0,0
1574970,01a0b1c2-b010-7000-8000-000000000000,01a0d778-4a7f-7547-ac98-41471799f490,LINGERING,2500000,250000,0,0,0,0,0,0
1574970,01a0b1c2-b010-7000-8000-000000000000,01a0d778-4a7f-7547-ac98-414ca8ab514d,LINGERING,1250000,250000,-2165064,0,0,0,0,0
1574970,01a0b1c2-b010-7000-8000-000000000000,01a0d778-828d-7281-9b0b-c160699881ac,ACTIVE,0,-106947,4537904,0,233,140000,0,0
1574970,01a0b1c2-b010-7000-8000-000000000000,01a0d778-8c1f-740e-b699-6d90c918701e,ACTIVE,2104392,-245188,3089109,0,0,140000,0,0
1574972,01a0b1c2-b010-7000-8000-000000000000,01a0d778-4a7f-7547-ac98-41471799f490,LINGERING,2500000,250000,0,0,0,0,0,0
1574972,01a0b1c2-b010-7000-8000-000000000000,01a0d778-4a7f-7547-ac98-414ca8ab514d,LINGERING,1250000,250000,-2165064,0,0,0,0,0
1574972,01a0b1c2-b010-7000-8000-000000000000,01a0d778-828d-7281-9b0b-c160699881ac,ACTIVE,0,-106924,4551904,0,233,140000,0,0
1574972,01a0b1c2-b010-7000-8000-000000000000,01a0d778-8c1f-740e-b699-6d90c918701e,ACTIVE,2104392,-245188,3103109,0,0,140000,0,0
1574974,01a0b1c2-b010-7000-8000-000000000000,01a0d778-4a7f-7547-ac98-41471799f490,LINGERING,2500000,250000,0,0,0,0,0,0
1574974,01a0b1c2-b010-7000-8000-000000000000,01a0d778-4a7f-7547-ac98-414ca8ab514d,LINGERING,1250000,250000,-2165064,0,0,0,0,0
1574974,01a0b1c2-b010-7000-8000-000000000000,01a0d778-828d-7281-9b0b-c160699881ac,ACTIVE,0,-106901,4565904,0,233,140000,0,0
1574974,01a0b1c2-b010-7000-8000-000000000000,01a0d778-8c1f-740e-b699-6d90c918701e,ACTIVE,2104392,-245188,3117109,0,0,140000,0,0
1574976,01a0b1c2-b010-7000-8000-000000000000,01a0d778-4a7f-7547-ac98-41471799f490,LINGERING,2500000,250000,0,0,0,0,0,0
1574976,01a0b1c2-b010-7000-8000-000000000000,01a0d778-4a7f-7547-ac98-414ca8ab514d,LINGERING,1250000,250000,-2165064,0,0,0,0,0
1574976,01a0b1c2-b010-7000-8000-000000000000,01a0d778-828d-7281-9b0b-c160699881ac,ACTIVE,0,-106877,4579904,0,233,140000,0,0
1574976,01a0b1c2-b010-7000-8000-000000000000,01a0d778-8c1f-740e-b699-6d90c918701e,ACTIVE,2104392,-245188,3131109,0,0,140000,0,0
1574978,01a0b1c2-b010-7000-8000-000000000000,01a0d778-4a7f-7547-ac98-41471799f490,LINGERING,2500000,250000,0,0,0,0,0,0
1574978,01a0b1c2-b010-7000-8000-000000000000,01a0d778-4a7f-7547-ac98-414ca8ab514d,LINGERING,1250000,250000,-2165064,0,0,0,0,0
1574978,01a0b1c2-b010-7000-8000-000000000000,01a0d778-828d-7281-9b0b-c160699881ac,ACTIVE,0,-106854,4593904,0,233,140000,0,0
1574978,01a0b1c2-b010-7000-8000-000000000000,01a0d778-8c1f-740e-b699-6d90c918701e,ACTIVE,2104392,-245188,3145109,0,0,140000,0,0
1574980,01a0b1c2-b010-7000-8000-000000000000,01a0d778-4a7f-7547-ac98-41471799f490,LINGERING,2500000,250000,0,0,0,0,0,0
1574980,01a0b1c2-b010-7000-8000-000000000000,01a0d778-4a7f-7547-ac98-414ca8ab514d,LINGERING,1250000,250000,-2165064,0,0,0,0,0
1574980,01a0b1c2-b010-7000-8000-000000000000,01a0d778-828d-7281-9b0b-c160699881ac,ACTIVE,0,-106831,4607904,0,233,140000,0,0
1574980,01a0b1c2-b010-7000-8000-000000000000,01a0d778-8c1f-740e-b699-6d90c918701e,ACTIVE,2104392,-245188,3159109,0,0,140000,0,0
1574982,01a0b1c2-b010-7000-8000-000000000000,01a0d778-828d-7281-9b0b-c160699881ac,ACTIVE,0,-106808,4621904,0,233,140000,0,0
1574982,01a0b1c2-b010-7000-8000-000000000000,01a0d778-8c1f-740e-b699-6d90c918701e,ACTIVE,2104392,-245188,3173109,0,0,140000,0,0
1574984,01a0b1c2-b010-7000-8000-000000000000,01a0d778-828d-7281-9b0b-c160699881ac,ACTIVE,0,-106784,4635904,0,233,140000,0,0
1574984,01a0b1c2-b010-7000-8000-000000000000,01a0d778-8c1f-740e-b699-6d90c918701e,ACTIVE,2104392,-245188,3187109,0,0,140000,0,0
1574986,01a0b1c2-b010-7000-8000-000000000000,01a0d778-828d-7281-9b0b-c160699881ac,ACTIVE,0,-106761,4649904,0,233,140000,0,0
1574986,01a0b1c2-b010-7000-8000-000000000000,01a0d778-8c1f-740e-b699-6d90c918701e,ACTIVE,2104392,-245188,3201109,0,0,140000,0,0
1574988,01a0b1c2-b010-7000-8000-000000000000,01a0d778-828d-7281-9b0b-c160699881ac,ACTIVE,0,-106738,4663904,0,233,140000,0,0
1574988,01a0b1c2-b010-7000-8000-000000000000,01a0d778-8c1f-740e-b699-6d90c918701e,ACTIVE,2104392,-245188,3215109,0,0,140000,0,0
1574990,01a0b1c2-b010-7000-8000-000000000000,01a0d778-828d-7281-9b0b-c160699881ac,ACTIVE,0,-106714,4677904,0,233,140000,0,0
1574990,01a0b1c2-b010-7000-8000-000000000000,01a0d778-8c1f-740e-b699-6d90c918701e,ACTIVE,2104392,-245188,3229109,0,0,140000,0,0
1574992,01a0b1c2-b010-7000-8000-000000000000,01a0d778-828d-7281-9b0b-c160699881ac,ACTIVE,0,-106691,4691904,0,233,140000,0,0
1574992,01a0b1c2-b010-7000-8000-000000000000,01a0d778-8c1f-740e-b699-6d90c918701e,ACTIVE,2104392,-245188,3243109,0,0,140000,0,0
1574994,01a0b1c2-b010-7000-8000-000000000000,01a0d778-828d-7281-9b0b-c160699881ac,ACTIVE,0,-106668,4705904,0,233,140000,0,0
1574994,01a0b1c2-b010-7000-8000-000000000000,01a0d778-8c1f-740e-b699-6d90c918701e,ACTIVE,2104392,-245188,3257109,0,0,140000,0,0
1574996,01a0b1c2-b010-7000-8000-000000000000,01a0d778-828d-7281-9b0b-c160699881ac,ACTIVE,0,-106645,4719904,0,233,140000,0,0
1574996,01a0b1c2-b010-7000-8000-000000000000,01a0d778-8c1f-740e-b699-6d90c918701e,ACTIVE,2104392,-245188,3271109,0,0,140000,0,0
1574998,01a0b1c2-b010-7000-8000-000000000000,01a0d778-828d-7281-9b0b-c160699881ac,ACTIVE,0,-106621,4733904,0,233,140000,0,0
1574998,01a0b1c2-b010-7000-8000-000000000000,01a0d778-8c1f-740e-b699-6d90c918701e,ACTIVE,2104392,-245188,3285109,0,0,140000,0,0
1575000,01a0b1c2-b010-7000-8000-000000000000,01a0d778-828d-7281-9b0b-c160699881ac,ACTIVE,0,-106598,4747904,0,233,140000,0,0
1575000,01a0b1c2-b010-7000-8000-000000000000,01a0d778-8c1f-740e-b699-6d90c918701e,ACTIVE,2104392,-245188,3299109,0,0,140000,0,0
1575002,01a0b1c2-b010-7000-8000-000000000000,01a0d778-828d-7281-9b0b-c160699881ac,ACTIVE,0,-106575,4761904,0,233,140000,0,0
1575002,01a0b1c2-b010-7000-8000-000000000000,01a0d778-8c1f-740e-b699-6d90c918701e,ACTIVE,2104392,-245188,3313109,0,0,140000,0,0
1575004,01a0b1c2-b010-7000-8000-000000000000,01a0d778-828d-7281-9b0b-c160699881ac,ACTIVE,0,-106552,4775904,0,233,140000,0,0
1575004,01a0b1c2-b010-7000-8000-000000000000,01a0d778-8c1f-740e-b699-6d90c918701e,ACTIVE,2104392,-245188,3327109,0,0,140000,0,0
1575006,01a0b1c2-b010-7000-8000-000000000000,01a0d778-828d-7281-9b0b-c160699881ac,ACTIVE,0,-106528,4789904,0,233,140000,0,0
1575006,01a0b1c2-b010-7000-8000-000000000000,01a0d778-8c1f-740e-b699-6d90c918701e,ACTIVE,2104392,-245188,3341109,0,0,140000,0,0
1575008,01a0b1c2-b010-7000-8000-000000000000,01a0d778-828d-7281-9b0b-c160699881ac,ACTIVE,0,-106505,4803904,0,233,140000,0,0
1575008,01a0b1c2-b010-7000-8000-000000000000,01a0d778-8c1f-740e-b699-6d90c918701e,ACTIVE,2104392,-245188,3355109,0,0,140000,0,0
1575010,01a0b1c2-b010-7000-8000-000000000000,01a0d778-828d-7281-9b0b-c160699881ac,ACTIVE,0,-106482,4817904,0,233,140000,0,0
1575010,01a0b1c2-b010-7000-8000-000000000000,01a0d778-8c1f-740e-b699-6d90c918701e,ACTIVE,2104392,-245188,3369109,0,0,140000,0,0
1575012,01a0b1c2-b010-7000-8000-000000000000,01a0d778-828d-7281-9b0b-c160699881ac,ACTIVE,0,-106458,4831904,0,233,140000,0,0
1575012,01a0b1c2-b010-7000-8000-000000000000,01a0d778-8c1f-740e-b699-6d90c918701e,ACTIVE,2104392,-245188,3383109,0,0,140000,0,0
1575014,01a0b1c2-b010-7000-8000-000000000000,01a0d778-828d-7281-9b0b-c160699881ac,ACTIVE,0,-106435,4845904,0,233,140000,0,0
1575014,01a0b1c2-b010-7000-8000-000000000000,01a0d778-8c1f-740e-b699-6d90c918701e,ACTIVE,2104392,-245188,3397109,0,0,140000,0,0
1575016,01a0b1c2-b010-7000-8000-000000000000,01a0d778-828d-7281-9b0b-c160699881ac,ACTIVE,0,-106412,4859904,0,233,140000,0,0
1575016,01a0b1c2-b010-7000-8000-000000000000,01a0d778-8c1f-740e-b699-6d90c918701e,ACTIVE,2104392,-245188,3411109,0,0,140000,0,0
1575018,01a0b1c2-b010-7000-8000-000000000000,01a0d778-828d-7281-9b0b-c160699881ac,ACTIVE,0,-106389,4873904,0,233,140000,0,0
1575018,01a0b1c2-b010-7000-8000-000000000000,01a0d778-8c1f-740e-b699-6d90c918701e,ACTIVE,2104392,-245188,3425109,0,0,140000,0,0
1575020,01a0b1c2-b010-7000-8000-000000000000,01a0d778-828d-7281-9b0b-c160699881ac,ACTIVE,0,-106365,4887904,0,233,140000,0,0
1575020,01a0b1c2-b010-7000-8000-000000000000,01a0d778-8c1f-740e-b699-6d90c918701e,ACTIVE,2104392,-245188,3439109,0,0,140000,0,0
1575022,01a0b1c2-b010-7000-8000-000000000000,01a0d778-828d-7281-9b0b-c160699881ac,ACTIVE,0,-106342,4901904,0,233,140000,0,0
1575022,01a0b1c2-b010-7000-8000-000000000000,01a0d778-8c1f-740e-b699-6d90c918701e,ACTIVE,2104392,-245188,3453109,0,0,140000,0,0
1575024,01a0b1c2-b010-7000-8000-000000000000,01a0d778-828d-7281-9b0b-c160699881ac,ACTIVE,0,-106319,4915904,0,233,140000,0,0
1575024,01a0b1c2-b010-7000-8000-000000000000,01a0d778-8c1f-740e-b699-6d90c918701e,ACTIVE,2104392,-245188,3467109,0,0,140000,0,0
1575026,01a0b1c2-b010-7000-8000-000000000000,01a0d778-828d-7281-9b0b-c160699881ac,ACTIVE,0,-106296,4929904,0,233,140000,0,0
1575026,01a0b1c2-b010-7000-8000-000000000000,01a0d778-8c1f-740e-b699-6d90c918701e,ACTIVE,2104392,-245188,3481109,0,0,140000,0,0
1575028,01a0b1c2-b010-7000-8000-000000000000,01a0d778-828d-7281-9b0b-c160699881ac,ACTIVE,0,-106272,4943904,0,233,140000,0,0
1575028,01a0b1c2-b010-7000-8000-000000000000,01a0d778-8c1f-740e-b699-6d90c918701e,ACTIVE,2104392,-245188,3495109,0,0,140000,0,0
1575030,01a0b1c2-b010-7000-8000-000000000000,01a0d778-828d-7281-9b0b-c160699881ac,ACTIVE,0,-106249,4957904,0,233,140000,0,0
1575030,01a0b1c2-b010-7000-8000-000000000000,01a0d778-8c1f-740e-b699-6d90c918701e,ACTIVE,2104392,-245188,3509109,0,0,140000,0,0
1575032,01a0b1c2-b010-7000-8000-000000000000,01a0d778-828d-7281-9b0b-c160699881ac,ACTIVE,0,-106226,4971904,0,233,140000,0,0
1575032,01a0b1c2-b010-7000-8000-000000000000,01a0d778-8c1f-740e-b699-6d90c918701e,ACTIVE,2104392,-245188,3523109,0,0,140000,0,0
1575034,01a0b1c2-b010-7000-8000-000000000000,01a0d778-828d-7281-9b0b-c160699881ac,ACTIVE,0,-106202,4985904,0,233,140000,0,0
1575034,01a0b1c2-b010-7000-8000-000000000000,01a0d778-8c1f-740e-b699-6d90c918701e,ACTIVE,2104392,-245188,3537109,0,0,140000,0,0
1575036,01a0b1c2-b010-7000-8000-000000000000,01a0d778-828d-7281-9b0b-c160699881ac,ACTIVE,0,-106179,4999904,0,233,140000,0,0
1575036,01a0b1c2-b010-7000-8000-000000000000,01a0d778-8c1f-740e-b699-6d90c918701e,ACTIVE,2104392,-245188,3551109,0,0,140000,0,0
1575038,01a0b1c2-b010-7000-8000-000000000000,01a0d778-828d-7281-9b0b-c160699881ac,ACTIVE,0,-106156,5013904,0,233,140000,0,0
1575038,01a0b1c2-b010-7000-8000-000000000000,01a0d778-8c1f-740e-b699-6d90c918701e,ACTIVE,2104392,-245188,3565109,0,0,140000,0,0
1575040,01a0b1c2-b010-7000-8000-000000000000,01a0d778-828d-7281-9b0b-c160699881ac,ACTIVE,0,-106133,5027904,0,233,140000,0,0
1575040,01a0b1c2-b010-7000-8000-000000000000,01a0d778-8c1f-740e-b699-6d90c918701e,ACTIVE,2104392,-245188,3579109,0,0,140000,0,0
1575042,01a0b1c2-b010-7000-8000-000000000000,01a0d778-828d-7281-9b0b-c160699881ac,ACTIVE,0,-106109,5041904,0,233,140000,0,0
1575042,01a0b1c2-b010-7000-8000-000000000000,01a0d778-8c1f-740e-b699-6d90c918701e,ACTIVE,2104392,-245188,3593109,0,0,140000,0,0
1575044,01a0b1c2-b010-7000-8000-000000000000,01a0d778-828d-7281-9b0b-c160699881ac,ACTIVE,0,-106086,5055904,0,233,140000,0,0
1575044,01a0b1c2-b010-7000-8000-000000000000,01a0d778-8c1f-740e-b699-6d90c918701e,ACTIVE,2104392,-245188,3607109,0,0,140000,0,0
1575046,01a0b1c2-b010-7000-8000-000000000000,01a0d778-828d-7281-9b0b-c160699881ac,ACTIVE,0,-106063,5069904,0,233,140000,0,0
1575046,01a0b1c2-b010-7000-8000-000000000000,01a0d778-8c1f-740e-b699-6d90c918701e,ACTIVE,2104392,-245188,3621109,0,0,140000,0,0
1575048,01a0b1c2-b010-7000-8000-000000000000,01a0d778-828d-7281-9b0b-c160699881ac,ACTIVE,0,-106040,5083904,0,233,140000,0,0
1575048,01a0b1c2-b010-7000-8000-000000000000,01a0d778-8c1f-740e-b699-6d90c918701e,ACTIVE,2104392,-245188,3635109,0,0,140000,0,0
1575050,01a0b1c2-b010-7000-8000-000000000000,01a0d778-828d-7281-9b0b-c160699881ac,ACTIVE,0,-106016,5097904,0,233,140000,0,0
1575050,01a0b1c2-b010-7000-8000-000000000000,01a0d778-8c1f-740e-b699-6d90c918701e,ACTIVE,2104392,-245188,3649109,0,0,140000,0,0
1575052,01a0b1c2-b010-7000-8000-000000000000,01a0d778-828d-7281-9b0b-c160699881ac,ACTIVE,0,-105993,5111904,0,233,140000,0,0
1575052,01a0b1c2-b010-7000-8000-000000000000,01a0d778-8c1f-740e-b699-6d90c918701e,ACTIVE,2104392,-245188,3663109,0,0,140000,0,0
1575054,01a0b1c2-b010-7000-8000-000000000000,01a0d778-828d-7281-9b0b-c160699881ac,ACTIVE,0,-105970,5125904,0,233,140000,0,0
1575054,01a0b1c2-b010-7000-8000-000000000000,01a0d778-8c1f-740e-b699-6d90c918701e,ACTIVE,2104392,-245188,3677109,0,0,140000,0,0
1575056,01a0b1c2-b010-7000-8000-000000000000,01a0d778-828d-7281-9b0b-c160699881ac,ACTIVE,0,-105946,5139904,0,233,140000,0,0
1575056,01a0b1c2-b010-7000-8000-000000000000,01a0d778-8c1f-740e-b699-6d90c918701e,ACTIVE,2104392,-245188,3691109,0,0,140000,0,0
1575058,01a0b1c2-b010-7000-8000-000000000000,01a0d778-828d-7281-9b0b-c160699881ac,ACTIVE,0,-105923,5153904,0,233,140000,0,0
1575058,01a0b1c2-b010-7000-8000-000000000000,01a0d778-8c1f-740e-b699-6d90c918701e,ACTIVE,2104392,-245188,3705109,0,0,140000,0,0
1575060,01a0b1c2-b010-7000-8000-000000000000,01a0d778-828d-7281-9b0b-c160699881ac,ACTIVE,0,-105900,5167904,0,233,140000,0,0
1575060,01a0b1c2-b010-7000-8000-000000000000,01a0d778-8c1f-740e-b699-6d90c918701e,ACTIVE,2104392,-245188,3719109,0,0,140000,0,0
1575062,01a0b1c2-b010-7000-8000-000000000000,01a0d778-828d-7281-9b0b-c160699881ac,ACTIVE,0,-105877,5181904,0,233,140000,0,0
1575062,01a0b1c2-b010-7000-8000-000000000000,01a0d778-8c1f-740e-b699-6d90c918701e,ACTIVE,2104392,-245188,3733109,0,0,140000,0,0
1575064,01a0b1c2-b010-7000-8000-000000000000,01a0d778-828d-7281-9b0b-c160699881ac,ACTIVE,0,-105853,5195904,0,233,140000,0,0
1575064,01a0b1c2-b010-7000-8000-000000000000,01a0d778-8c1f-740e-b699-6d90c918701e,ACTIVE,2104392,-245188,3747109,0,0,140000,0,0
1575066,01a0b1c2-b010-7000-8000-000000000000,01a0d778-828d-7281-9b0b-c160699881ac,ACTIVE,0,-105830,5209904,0,233,140000,0,0
1575066,01a0b1c2-b010-7000-8000-000000000000,01a0d778-8c1f-740e-b699-6d90c918701e,ACTIVE,2104392,-245188,3761109,0,0,140000,0,0
1575068,01a0b1c2-b010-7000-8000-000000000000,01a0d778-828d-7281-9b0b-c160699881ac,ACTIVE,0,-105807,5223903,0,233,140000,0,0
1575068,01a0b1c2-b010-7000-8000-000000000000,01a0d778-8c1f-740e-b699-6d90c918701e,ACTIVE,2104392,-245188,3775109,0,0,140000,0,0
1575070,01a0b1c2-b010-7000-8000-000000000000,01a0d778-828d-7281-9b0b-c160699881ac,ACTIVE,0,-105784,5237903,0,233,140000,0,0
1575070,01a0b1c2-b010-7000-8000-000000000000,01a0d778-8c1f-740e-b699-6d90c918701e,ACTIVE,2104392,-245188,3789109,0,0,140000,0,0
1575072,01a0b1c2-b010-7000-8000-000000000000,01a0d778-828d-7281-9b0b-c160699881ac,ACTIVE,0,-105760,5251903,0,233,140000,0,0
1575072,01a0b1c2-b010-7000-8000-000000000000,01a0d778-8c1f-740e-b699-6d90c918701e,ACTIVE,2104392,-245188,3803109,0,0,140000,0,0
1575074,01a0b1c2-b010-7000-8000-000000000000,01a0d778-828d-7281-9b0b-c160699881ac,ACTIVE,0,-105737,5265903,0,233,140000,0,0
1575074,01a0b1c2-b010-7000-8000-000000000000,01a0d778-8c1f-740e-b699-6d90c918701e,ACTIVE,2104392,-245188,3817109,0,0,140000,0,0
1575076,01a0b1c2-b010-7000-8000-000000000000,01a0d778-828d-7281-9b0b-c160699881ac,ACTIVE,0,-105714,5279903,0,233,140000,0,0
1575076,01a0b1c2-b010-7000-8000-000000000000,01a0d778-8c1f-740e-b699-6d90c918701e,ACTIVE,2104392,-245188,3831109,0,0,140000,0,0
1575078,01a0b1c2-b010-7000-8000-000000000000,01a0d778-828d-7281-9b0b-c160699881ac,ACTIVE,0,-105690,5293903,0,233,140000,0,0
1575078,01a0b1c2-b010-7000-8000-000000000000,01a0d778-8c1f-740e-b699-6d90c918701e,ACTIVE,2104392,-245188,3845109,0,0,140000,0,0
1575080,01a0b1c2-b010-7000-8000-000000000000,01a0d778-828d-7281-9b0b-c160699881ac,ACTIVE,0,-105667,5307903,0,233,140000,0,0
1575080,01a0b1c2-b010-7000-8000-000000000000,01a0d778-8c1f-740e-b699-6d90c918701e,ACTIVE,2104392,-245188,3859109,0,0,140000,0,0
1575082,01a0b1c2-b010-7000-8000-000000000000,01a0d778-828d-7281-9b0b-c160699881ac,ACTIVE,0,-105644,5321903,0,233,140000,0,0
1575082,01a0b1c2-b010-7000-8000-000000000000,01a0d778-8c1f-740e-b699-6d90c918701e,ACTIVE,2104392,-245188,3873109,0,0,140000,0,0
1575084,01a0b1c2-b010-7000-8000-000000000000,01a0d778-828d-7281-9b0b-c160699881ac,ACTIVE,0,-105621,5335903,0,233,140000,0,0
1575084,01a0b1c2-b010-7000-8000-000000000000,01a0d778-8c1f-740e-b699-6d90c918701e,ACTIVE,2104392,-245188,3887109,0,0,140000,0,0
1575086,01a0b1c2-b010-7000-8000-000000000000,01a0d778-828d-7281-9b0b-c160699881ac,ACTIVE,0,-105597,5349903,0,233,140000,0,0
1575086,01a0b1c2-b010-7000-8000-000000000000,01a0d778-8c1f-740e-b699-6d90c918701e,ACTIVE,2104392,-245188,3901109,0,0,140000,0,0
1575088,01a0b1c2-b010-7000-8000-000000000000,01a0d778-828d-7281-9b0b-c160699881ac,ACTIVE,0,-105574,5363903,0,233,140000,0,0
1575088,01a0b1c2-b010-7000-8000-000000000000,01a0d778-8c1f-740e-b699-6d90c918701e,ACTIVE,2104392,-245188,3915109,0,0,140000,0,0
1575090,01a0b1c2-b010-7000-8000-000000000000,01a0d778-828d-7281-9b0b-c160699881ac,ACTIVE,0,-105551,5377903,0,233,140000,0,0
1575090,01a0b1c2-b010-7000-8000-000000000000,01a0d778-8c1f-740e-b699-6d90c918701e,ACTIVE,2104392,-245188,3929109,0,0,140000,0,0
1575092,01a0b1c2-b010-7000-8000-000000000000,01a0d778-828d-7281-9b0b-c160699881ac,ACTIVE,0,-105528,5391903,0,233,140000,0,0
1575092,01a0b1c2-b010-7000-8000-000000000000,01a0d778-8c1f-740e-b699-6d90c918701e,ACTIVE,2104392,-245188,3943109,0,0,140000,0,0
1575094,01a0b1c2-b010-7000-8000-000000000000,01a0d778-828d-7281-9b0b-c160699881ac,ACTIVE,0,-105504,5405903,0,233,140000,0,0
1575094,01a0b1c2-b010-7000-8000-000000000000,01a0d778-8c1f-740e-b699-6d90c918701e,ACTIVE,2104392,-245188,3957109,0,0,140000,0,0
1575096,01a0b1c2-b010-7000-8000-000000000000,01a0d778-828d-7281-9b0b-c160699881ac,ACTIVE,0,-105481,5419903,0,233,140000,0,0
1575096,01a0b1c2-b010-7000-8000-000000000000,01a0d778-8c1f-740e-b699-6d90c918701e,ACTIVE,2104392,-245188,3971109,0,0,140000,0,0
1575098,01a0b1c2-b010-7000-8000-000000000000,01a0d778-828d-7281-9b0b-c160699881ac,ACTIVE,0,-105458,5433903,0,233,140000,0,0
1575098,01a0b1c2-b010-7000-8000-000000000000,01a0d778-8c1f-740e-b699-6d90c918701e,ACTIVE,2104392,-245188,3985109,0,0,140000,0,0
1575100,01a0b1c2-b010-7000-8000-000000000000,01a0d778-828d-7281-9b0b-c160699881ac,ACTIVE,0,-105434,5447903,0,233,140000,0,0
1575100,01a0b1c2-b010-7000-8000-000000000000,01a0d778-8c1f-740e-b699-6d90c918701e,ACTIVE,2104392,-245188,3999109,0,0,140000,0,0
1575102,01a0b1c2-b010-7000-8000-000000000000,01a0d778-828d-7281-9b0b-c160699881ac,ACTIVE,0,-105411,5461903,0,233,140000,0,0
1575102,01a0b1c2-b010-7000-8000-000000000000,01a0d778-8c1f-740e-b699-6d90c918701e,ACTIVE,2104392,-245188,4013109,0,0,140000,0,0
1575104,01a0b1c2-b010-7000-8000-000000000000,01a0d778-828d-7281-9b0b-c160699881ac,ACTIVE,0,-105388,5475903,0,233,140000,0,0
1575104,01a0b1c2-b010-7000-8000-000000000000,01a0d778-8c1f-740e-b699-6d90c918701e,ACTIVE,2104392,-245188,4027109,0,0,140000,0,0
1575106,01a0b1c2-b010-7000-8000-000000000000,01a0d778-828d-7281-9b0b-c160699881ac,ACTIVE,0,-105365,5489903,0,233,140000,0,0
1575106,01a0b1c2-b010-7000-8000-000000000000,01a0d778-8c1f-740e-b699-6d90c918701e,ACTIVE,2104392,-245188,4041109,0,0,140000,0,0
1575108,01a0b1c2-b010-7000-8000-000000000000,01a0d778-828d-7281-9b0b-c160699881ac,ACTIVE,0,-105341,5503903,0,233,140000,0,0
1575108,01a0b1c2-b010-7000-8000-000000000000,01a0d778-8c1f-740e-b699-6d90c918701e,ACTIVE,2104392,-245188,4055109,0,0,140000,0,0
1575110,01a0b1c2-b010-7000-8000-000000000000,01a0d778-828d-7281-9b0b-c160699881ac,ACTIVE,0,-105318,5517903,0,233,140000,0,0
1575110,01a0b1c2-b010-7000-8000-000000000000,01a0d778-8c1f-740e-b699-6d90c918701e,ACTIVE,2104392,-245188,4069109,0,0,140000,0,0
1575112,01a0b1c2-b010-7000-8000-000000000000,01a0d778-828d-7281-9b0b-c160699881ac,ACTIVE,0,-105295,5531903,0,233,140000,0,0
1575112,01a0b1c2-b010-7000-8000-000000000000,01a0d778-8c1f-740e-b699-6d90c918701e,ACTIVE,2104392,-245188,4083109,0,0,140000,0,0
1575114,01a0b1c2-b010-7000-8000-000000000000,01a0d778-828d-7281-9b0b-c160699881ac,ACTIVE,0,-105272,5545903,0,233,140000,0,0
1575114,01a0b1c2-b010-7000-8000-000000000000,01a0d778-8c1f-740e-b699-6d90c918701e,ACTIVE,2104392,-245188,4097109,0,0,140000,0,0
1575116,01a0b1c2-b010-7000-8000-000000000000,01a0d778-828d-7281-9b0b-c160699881ac,ACTIVE,0,-105248,5559903,0,233,140000,0,0
1575116,01a0b1c2-b010-7000-8000-000000000000,01a0d778-8c1f-740e-b699-6d90c918701e,ACTIVE,2104392,-245188,4111109,0,0,140000,0,0
1575118,01a0b1c2-b010-7000-8000-000000000000,01a0d778-828d-7281-9b0b-c160699881ac,ACTIVE,0,-105225,5573903,0,233,140000,0,0
1575118,01a0b1c2-b010-7000-8000-000000000000,01a0d778-8c1f-740e-b699-6d90c918701e,ACTIVE,2104392,-245188,4125109,0,0,140000,0,0
1575120,01a0b1c2-b010-7000-8000-000000000000,01a0d778-828d-7281-9b0b-c160699881ac,ACTIVE,0,-105202,5587903,0,233,140000,0,0
1575120,01a0b1c2-b010-7000-8000-000000000000,01a0d778-8c1f-740e-b699-6d90c918701e,ACTIVE,2104392,-245188,4139109,0,0,140000,0,0
1575122,01a0b1c2-b010-7000-8000-000000000000,01a0d778-828d-7281-9b0b-c160699881ac,ACTIVE,0,-105178,5601903,0,233,140000,0,0
1575122,01a0b1c2-b010-7000-8000-000000000000,01a0d778-8c1f-740e-b699-6d90c918701e,ACTIVE,2104392,-245188,4153109,0,0,140000,0,0
1575124,01a0b1c2-b010-7000-8000-000000000000,01a0d778-828d-7281-9b0b-c160699881ac,ACTIVE,0,-105155,5615903,0,233,140000,0,0
1575124,01a0b1c2-b010-7000-8000-000000000000,01a0d778-8c1f-740e-b699-6d90c918701e,ACTIVE,2104392,-245188,4167109,0,0,140000,0,0
1575126,01a0b1c2-b010-7000-8000-000000000000,01a0d778-828d-7281-9b0b-c160699881ac,ACTIVE,0,-105132,5629903,0,233,140000,0,0
1575126,01a0b1c2-b010-7000-8000-000000000000,01a0d778-8c1f-740e-b699-6d90c918701e,ACTIVE,2104392,-245188,4181109,0,0,140000,0,0
1575128,01a0b1c2-b010-7000-8000-000000000000,01a0d778-828d-7281-9b0b-c160699881ac,ACTIVE,0,-105109,5643903,0,233,140000,0,0
1575128,01a0b1c2-b010-7000-8000-000000000000,01a0d778-8c1f-740e-b699-6d90c918701e,ACTIVE,2104392,-245188,4195109,0,0,140000,0,0
1575130,01a0b1c2-b010-7000-8000-000000000000,01a0d778-828d-7281-9b0b-c160699881ac,ACTIVE,0,-105085,5657903,0,233,140000,0,0
1575130,01a0b1c2-b010-7000-8000-000000000000,01a0d778-8c1f-740e-b699-6d90c918701e,ACTIVE,2104392,-245188,4209109,0,0,140000,0,0
1575132,01a0b1c2-b010-7000-8000-000000000000,01a0d778-828d-7281-9b0b-c160699881ac,ACTIVE,0,-105062,5671903,0,233,140000,0,0
1575132,01a0b1c2-b010-7000-8000-000000000000,01a0d778-8c1f-740e-b699-6d90c918701e,ACTIVE,2104392,-245188,4223109,0,0,140000,0,0
1575134,01a0b1c2-b010-7000-8000-000000000000,01a0d778-828d-7281-9b0b-c160699881ac,ACTIVE,0,-105039,5685903,0,233,140000,0,0
1575134,01a0b1c2-b010-7000-8000-000000000000,01a0d778-8c1f-740e-b699-6d90c918701e,ACTIVE,2104392,-245188,4237109,0,0,140000,0,0
1575136,01a0b1c2-b010-7000-8000-000000000000,01a0d778-828d-7281-9b0b-c160699881ac,ACTIVE,0,-105016,5699903,0,233,140000,0,0
1575136,01a0b1c2-b010-7000-8000-000000000000,01a0d778-8c1f-740e-b699-6d90c918701e,ACTIVE,2104392,-245188,4251109,0,0,140000,0,0
1575138,01a0b1c2-b010-7000-8000-000000000000,01a0d778-828d-7281-9b0b-c160699881ac,ACTIVE,0,-104992,5713903,0,233,140000,0,0
1575138,01a0b1c2-b010-7000-8000-000000000000,01a0d778-8c1f-740e-b699-6d90c918701e,ACTIVE,2104392,-245188,4265109,0,0,140000,0,0
1575140,01a0b1c2-b010-7000-8000-000000000000,01a0d778-828d-7281-9b0b-c160699881ac,ACTIVE,0,-104969,5727903,0,233,140000,0,0
1575140,01a0b1c2-b010-7000-8000-000000000000,01a0d778-8c1f-740e-b699-6d90c918701e,ACTIVE,2104392,-245188,4279109,0,0,140000,0,0
1575142,01a0b1c2-b010-7000-8000-000000000000,01a0d778-828d-7281-9b0b-c160699881ac,ACTIVE,0,-104946,5741903,0,233,140000,0,0
1575142,01a0b1c2-b010-7000-8000-000000000000,01a0d778-8c1f-740e-b699-6d90c918701e,ACTIVE,2104392,-245188,4293109,0,0,140000,0,0
1575144,01a0b1c2-b010-7000-8000-000000000000,01a0d778-828d-7281-9b0b-c160699881ac,ACTIVE,0,-104922,5755903,0,233,140000,0,0
1575144,01a0b1c2-b010-7000-8000-000000000000,01a0d778-8c1f-740e-b699-6d90c918701e,ACTIVE,2104392,-245188,4307109,0,0,140000,0,0
1575146,01a0b1c2-b010-7000-8000-000000000000,01a0d778-828d-7281-9b0b-c160699881ac,ACTIVE,0,-104899,5769903,0,233,140000,0,0
1575146,01a0b1c2-b010-7000-8000-000000000000,01a0d778-8c1f-740e-b699-6d90c918701e,ACTIVE,2104392,-245188,4321109,0,0,140000,0,0
1575148,01a0b1c2-b010-7000-8000-000000000000,01a0d778-828d-7281-9b0b-c160699881ac,ACTIVE,0,-104876,5783903,0,233,140000,0,0
1575148,01a0b1c2-b010-7000-8000-000000000000,01a0d778-8c1f-740e-b699-6d90c918701e,ACTIVE,2104392,-245188,4335109,0,0,140000,0,0
1575150,01a0b1c2-b010-7000-8000-000000000000,01a0d778-828d-7281-9b0b-c160699881ac,ACTIVE,0,-104853,5797903,0,233,140000,0,0
1575150,01a0b1c2-b010-7000-8000-000000000000,01a0d778-8c1f-740e-b699-6d90c918701e,ACTIVE,2104392,-245188,4349109,0,0,140000,0,0
1575152,01a0b1c2-b010-7000-8000-000000000000,01a0d778-828d-7281-9b0b-c160699881ac,ACTIVE,0,-104829,5811903,0,233,140000,0,0
1575152,01a0b1c2-b010-7000-8000-000000000000,01a0d778-8c1f-740e-b699-6d90c918701e,ACTIVE,2104392,-245188,4363109,0,0,140000,0,0
1575154,01a0b1c2-b010-7000-8000-000000000000,01a0d778-828d-7281-9b0b-c160699881ac,ACTIVE,0,-104806,5825903,0,233,140000,0,0
1575154,01a0b1c2-b010-7000-8000-000000000000,01a0d778-8c1f-740e-b699-6d90c918701e,ACTIVE,2104392,-245188,4377109,0,0,140000,0,0
1575156,01a0b1c2-b010-7000-8000-000000000000,01a0d778-828d-7281-9b0b-c160699881ac,ACTIVE,0,-104783,5839903,0,233,140000,0,0
1575156,01a0b1c2-b010-7000-8000-000000000000,01a0d778-8c1f-740e-b699-6d90c918701e,ACTIVE,2104392,-245188,4391109,0,0,140000,0,0
1575158,01a0b1c2-b010-7000-8000-000000000000,01a0d778-828d-7281-9b0b-c160699881ac,ACTIVE,0,-104760,5853903,0,233,140000,0,0
1575158,01a0b1c2-b010-7000-8000-000000000000,01a0d778-8c1f-740e-b699-6d90c918701e,ACTIVE,2104392,-245188,4405109,0,0,140000,0,0
1575160,01a0b1c2-b010-7000-8000-000000000000,01a0d778-828d-7281-9b0b-c160699881ac,ACTIVE,0,-104736,5867903,0,233,140000,0,0
1575160,01a0b1c2-b010-7000-8000-000000000000,01a0d778-8c1f-740e-b699-6d90c918701e,ACTIVE,2104392,-245188,4419109,0,0,140000,0,0
1575162,01a0b1c2-b010-7000-8000-000000000000,01a0d778-828d-7281-9b0b-c160699881ac,ACTIVE,0,-104713,5881903,0,233,140000,0,0
1575162,01a0b1c2-b010-7000-8000-000000000000,01a0d778-8c1f-740e-b699-6d90c918701e,ACTIVE,2104392,-245188,4433109,0,0,140000,0,0
1575164,01a0b1c2-b010-7000-8000-000000000000,01a0d778-828d-7281-9b0b-c160699881ac,ACTIVE,0,-104690,5895903,0,233,140000,0,0
1575164,01a0b1c2-b010-7000-8000-000000000000,01a0d778-8c1f-740e-b699-6d90c918701e,ACTIVE,2104392,-245188,4447109,0,0,140000,0,0
1575166,01a0b1c2-b010-7000-8000-000000000000,01a0d778-828d-7281-9b0b-c160699881ac,ACTIVE,0,-104666,5909903,0,233,140000,0,0
1575166,01a0b1c2-b010-7000-8000-000000000000,01a0d778-8c1f-740e-b699-6d90c918701e,ACTIVE,2104392,-245188,4461109,0,0,140000,0,0
1575168,01a0b1c2-b010-7000-8000-000000000000,01a0d778-828d-7281-9b0b-c160699881ac,ACTIVE,0,-104643,5923903,0,233,140000,0,0
1575168,01a0b1c2-b010-7000-8000-000000000000,01a0d778-8c1f-740e-b699-6d90c918701e,ACTIVE,2104392,-245188,4475109,0,0,140000,0,0
1575170,01a0b1c2-b010-7000-8000-000000000000,01a0d778-828d-7281-9b0b-c160699881ac,ACTIVE,0,-104620,5937902,0,233,140000,0,0
1575170,01a0b1c2-b010-7000-8000-000000000000,01a0d778-8c1f-740e-b699-6d90c918701e,ACTIVE,2104392,-245188,4489109,0,0,140000,0,0
1575172,01a0b1c2-b010-7000-8000-000000000000,01a0d778-828d-7281-9b0b-c160699881ac,ACTIVE,0,-104597,5951902,0,233,140000,0,0
1575172,01a0b1c2-b010-7000-8000-000000000000,01a0d778-8c1f-740e-b699-6d90c918701e,ACTIVE,2104392,-245188,4503109,0,0,140000,0,0
1575174,01a0b1c2-b010-7000-8000-000000000000,01a0d778-828d-7281-9b0b-c160699881ac,ACTIVE,0,-104573,5965902,0,233,140000,0,0
1575174,01a0b1c2-b010-7000-8000-000000000000,01a0d778-8c1f-740e-b699-6d90c918701e,ACTIVE,2104392,-245188,4517109,0,0,140000,0,0
1575176,01a0b1c2-b010-7000-8000-000000000000,01a0d778-828d-7281-9b0b-c160699881ac,ACTIVE,0,-104550,5979902,0,233,140000,0,0
1575176,01a0b1c2-b010-7000-8000-000000000000,01a0d778-8c1f-740e-b699-6d90c918701e,ACTIVE,2104392,-245188,4531109,0,0,140000,0,0
1575178,01a0b1c2-b010-7000-8000-000000000000,01a0d778-828d-7281-9b0b-c160699881ac,ACTIVE,0,-104527,5993902,0,233,140000,0,0
1575178,01a0b1c2-b010-7000-8000-000000000000,01a0d778-8c1f-740e-b699-6d90c918701e,ACTIVE,2104392,-245188,4545109,0,0,140000,0,0
1575180,01a0b1c2-b010-7000-8000-000000000000,01a0d778-828d-7281-9b0b-c160699881ac,ACTIVE,0,-104504,6007902,0,233,140000,0,0
1575180,01a0b1c2-b010-7000-8000-000000000000,01a0d778-8c1f-740e-b699-6d90c918701e,ACTIVE,2104392,-245188,4559109,0,0,140000,0,0
1575182,01a0b1c2-b010-7000-8000-000000000000,01a0d778-828d-7281-9b0b-c160699881ac,ACTIVE,0,-104480,6021902,0,233,140000,0,0
1575182,01a0b1c2-b010-7000-8000-000000000000,01a0d778-8c1f-740e-b699-6d90c918701e,ACTIVE,2104392,-245188,4573109,0,0,140000,0,0
1575184,01a0b1c2-b010-7000-8000-000000000000,01a0d778-828d-7281-9b0b-c160699881ac,ACTIVE,0,-104457,6035902,0,233,140000,0,0
1575184,01a0b1c2-b010-7000-8000-000000000000,01a0d778-8c1f-740e-b699-6d90c918701e,ACTIVE,2104392,-245188,4587109,0,0,140000,0,0
1575186,01a0b1c2-b010-7000-8000-000000000000,01a0d778-828d-7281-9b0b-c160699881ac,ACTIVE,0,-104434,6049902,0,233,140000,0,0
1575186,01a0b1c2-b010-7000-8000-000000000000,01a0d778-8c1f-740e-b699-6d90c918701e,ACTIVE,2104392,-245188,4601109,0,0,140000,0,0
1575188,01a0b1c2-b010-7000-8000-000000000000,01a0d778-828d-7281-9b0b-c160699881ac,ACTIVE,0,-104410,6063902,0,233,140000,0,0
1575188,01a0b1c2-b010-7000-8000-000000000000,01a0d778-8c1f-740e-b699-6d90c918701e,ACTIVE,2104392,-245188,4615109,0,0,140000,0,0
1575190,01a0b1c2-b010-7000-8000-000000000000,01a0d778-828d-7281-9b0b-c160699881ac,ACTIVE,0,-104387,6077902,0,233,140000,0,0
1575190,01a0b1c2-b010-7000-8000-000000000000,01a0d778-8c1f-740e-b699-6d90c918701e,ACTIVE,2104392,-245188,4629109,0,0,140000,0,0
1575192,01a0b1c2-b010-7000-8000-000000000000,01a0d778-828d-7281-9b0b-c160699881ac,ACTIVE,0,-104364,6091902,0,233,140000,0,0
1575192,01a0b1c2-b010-7000-8000-000000000000,01a0d778-8c1f-740e-b699-6d90c918701e,ACTIVE,2104392,-245188,4643109,0,0,140000,0,0
1575194,01a0b1c2-b010-7000-8000-000000000000,01a0d778-828d-7281-9b0b-c160699881ac,ACTIVE,0,-104341,6105902,0,233,140000,0,0
1575194,01a0b1c2-b010-7000-8000-000000000000,01a0d778-8c1f-740e-b699-6d90c918701e,ACTIVE,2104392,-245188,4657109,0,0,140000,0,0
1575196,01a0b1c2-b010-7000-8000-000000000000,01a0d778-828d-7281-9b0b-c160699881ac,ACTIVE,0,-104317,6119902,0,233,140000,0,0
1575196,01a0b1c2-b010-7000-8000-000000000000,01a0d778-8c1f-740e-b699-6d90c918701e,ACTIVE,2104392,-245188,4671109,0,0,140000,0,0
1575198,01a0b1c2-b010-7000-8000-000000000000,01a0d778-828d-7281-9b0b-c160699881ac,ACTIVE,0,-104294,6133902,0,233,140000,0,0
1575198,01a0b1c2-b010-7000-8000-000000000000,01a0d778-8c1f-740e-b699-6d90c918701e,ACTIVE,2104392,-245188,4685109,0,0,140000,0,0
1575200,01a0b1c2-b010-7000-8000-000000000000,01a0d778-828d-7281-9b0b-c160699881ac,ACTIVE,0,-104271,6147902,0,233,140000,0,0
1575200,01a0b1c2-b010-7000-8000-000000000000,01a0d778-8c1f-740e-b699-6d90c918701e,ACTIVE,2104392,-245188,4699109,0,0,140000,0,0
1575202,01a0b1c2-b010-7000-8000-000000000000,01a0d778-828d-7281-9b0b-c160699881ac,ACTIVE,0,-104248,6161902,0,233,140000,0,0
1575202,01a0b1c2-b010-7000-8000-000000000000,01a0d778-8c1f-740e-b699-6d90c918701e,ACTIVE,2104392,-245188,4713109,0,0,140000,0,0
1575204,01a0b1c2-b010-7000-8000-000000000000,01a0d778-828d-7281-9b0b-c160699881ac,ACTIVE,0,-104224,6175902,0,233,140000,0,0
1575204,01a0b1c2-b010-7000-8000-000000000000,01a0d778-8c1f-740e-b699-6d90c918701e,ACTIVE,2104392,-245188,4727109,0,0,140000,0,0
1575206,01a0b1c2-b010-7000-8000-000000000000,01a0d778-828d-7281-9b0b-c160699881ac,ACTIVE,0,-104201,6189902,0,233,140000,0,0
1575206,01a0b1c2-b010-7000-8000-000000000000,01a0d778-8c1f-740e-b699-6d90c918701e,ACTIVE,2104392,-245188,4741109,0,0,140000,0,0
1575208,01a0b1c2-b010-7000-8000-000000000000,01a0d778-828d-7281-9b0b-c160699881ac,ACTIVE,0,-104178,6203902,0,233,140000,0,0
1575208,01a0b1c2-b010-7000-8000-000000000000,01a0d778-8c1f-740e-b699-6d90c918701e,ACTIVE,2104392,-245188,4755109,0,0,140000,0,0
1575210,01a0b1c2-b010-7000-8000-000000000000,01a0d778-828d-7281-9b0b-c160699881ac,ACTIVE,0,-104154,6217902,0,233,140000,0,0
1575210,01a0b1c2-b010-7000-8000-000000000000,01a0d778-8c1f-740e-b699-6d90c918701e,ACTIVE,2104392,-245188,4769109,0,0,140000,0,0
1575212,01a0b1c2-b010-7000-8000-000000000000,01a0d778-828d-7281-9b0b-c160699881ac,ACTIVE,0,-104131,6231902,0,233,140000,0,0
1575212,01a0b1c2-b010-7000-8000-000000000000,01a0d778-8c1f-740e-b699-6d90c918701e,ACTIVE,2104392,-245188,4783109,0,0,140000,0,0
1575214,01a0b1c2-b010-7000-8000-000000000000,01a0d778-828d-7281-9b0b-c160699881ac,ACTIVE,0,-104108,6245902,0,233,140000,0,0
1575214,01a0b1c2-b010-7000-8000-000000000000,01a0d778-8c1f-740e-b699-6d90c918701e,ACTIVE,2104392,-245188,4797109,0,0,140000,0,0
1575216,01a0b1c2-b010-7000-8000-000000000000,01a0d778-828d-7281-9b0b-c160699881ac,ACTIVE,0,-104085,6259902,0,233,140000,0,0
1575216,01a0b1c2-b010-7000-8000-000000000000,01a0d778-8c1f-740e-b699-6d90c918701e,ACTIVE,2104392,-245188,4811109,0,0,140000,0,0
1575218,01a0b1c2-b010-7000-8000-000000000000,01a0d778-828d-7281-9b0b-c160699881ac,ACTIVE,0,-104061,6273885,0,232,139650,0,0
1575218,01a0b1c2-b010-7000-8000-000000000000,01a0d778-8c1f-740e-b699-6d90c918701e,ACTIVE,2104392,-245188,4825109,0,0,140000,0,0
1575220,01a0b1c2-b010-7000-8000-000000000000,01a0d778-828d-7281-9b0b-c160699881ac,ACTIVE,0,-104038,6287797,0,231,138950,0,0
1575220,01a0b1c2-b010-7000-8000-000000000000,01a0d778-8c1f-740e-b699-6d90c918701e,ACTIVE,2104392,-245188,4839109,0,0,140000,0,0
1575222,01a0b1c2-b010-7000-8000-000000000000,01a0d778-828d-7281-9b0b-c160699881ac,ACTIVE,0,-104015,6301639,0,230,138250,0,0
1575222,01a0b1c2-b010-7000-8000-000000000000,01a0d778-8c1f-740e-b699-6d90c918701e,ACTIVE,2104392,-245188,4853109,0,0,140000,0,0
1575224,01a0b1c2-b010-7000-8000-000000000000,01a0d778-828d-7281-9b0b-c160699881ac,ACTIVE,0,-103992,6315412,0,229,137550,0,0
1575224,01a0b1c2-b010-7000-8000-000000000000,01a0d778-8c1f-740e-b699-6d90c918701e,ACTIVE,2104392,-245188,4867109,0,0,140000,0,0
1575226,01a0b1c2-b010-7000-8000-000000000000,01a0d778-828d-7281-9b0b-c160699881ac,ACTIVE,0,-103970,6329114,0,227,136850,0,0
1575226,01a0b1c2-b010-7000-8000-000000000000,01a0d778-8c1f-740e-b699-6d90c918701e,ACTIVE,2104392,-245188,4881109,0,0,140000,0,0
1575228,01a0b1c2-b010-7000-8000-000000000000,01a0d778-828d-7281-9b0b-c160699881ac,ACTIVE,0,-103947,6342747,0,226,136150,0,0
1575228,01a0b1c2-b010-7000-8000-000000000000,01a0d778-8c1f-740e-b699-6d90c918701e,ACTIVE,2104392,-245188,4895109,0,0,140000,0,0
1575230,01a0b1c2-b010-7000-8000-000000000000,01a0d778-828d-7281-9b0b-c160699881ac,ACTIVE,0,-103924,6356309,0,225,135450,0,0
1575230,01a0b1c2-b010-7000-8000-000000000000,01a0d778-8c1f-740e-b699-6d90c918701e,ACTIVE,2104392,-245188,4909109,0,0,140000,0,0
1575232,01a0b1c2-b010-7000-8000-000000000000,01a0d778-828d-7281-9b0b-c160699881ac,ACTIVE,0,-103902,6369802,0,224,134750,0,0
1575232,01a0b1c2-b010-7000-8000-000000000000,01a0d778-8c1f-740e-b699-6d90c918701e,ACTIVE,2104392,-245188,4923109,0,0,140000,0,0
1575234,01a0b1c2-b010-7000-8000-000000000000,01a0d778-828d-7281-9b0b-c160699881ac,ACTIVE,0,-103880,6383224,0,223,134050,0,0
1575234,01a0b1c2-b010-7000-8000-000000000000,01a0d778-8c1f-740e-b699-6d90c918701e,ACTIVE,2104392,-245188,4937109,0,0,140000,0,0
1575236,01a0b1c2-b010-7000-8000-000000000000,01a0d778-828d-7281-9b0b-c160699881ac,ACTIVE,0,-103857,6396577,0,222,133350,0,0
1575236,01a0b1c2-b010-7000-8000-000000000000,01a0d778-8c1f-740e-b699-6d90c918701e,ACTIVE,2104392,-245188,4951109,0,0,140000,0,0
1574650,01a0b1c2-b010-7000-8000-000000000001,01a0d778-4a7f-7547-ac98-41471799f490,LINGERING,2500000,250000,0,0,0,0,0,0
1574650,01a0b1c2-b010-7000-8000-000000000001,01a0d778-4a7f-7547-ac98-414ca8ab514d,LINGERING,1250000,250000,-2165064,0,0,0,0,0
1574650,01a0b1c2-b010-7000-8000-000000000001,01a0d778-828d-7281-9b0b-c160699881ac,ACTIVE,0,-181974,2487563,0,52714,21758,0,0
1574650,01a0b1c2-b010-7000-8000-000000000001,01a0d778-8c1f-740e-b699-6d90c918701e,ACTIVE,2165064,-250000,1250000,0,0,0,0,0
1574652,01a0b1c2-b010-7000-8000-000000000001,01a0d778-4a7f-7547-ac98-41471799f490,LINGERING,2500000,250000,0,0,0,0,0,0
1574652,01a0b1c2-b010-7000-8000-000000000001,01a0d778-4a7f-7547-ac98-414ca8ab514d,LINGERING,1250000,250000,-2165064,0,0,0,0,0
1574652,01a0b1c2-b010-7000-8000-000000000001,01a0d778-828d-7281-9b0b-c160699881ac,ACTIVE,0,-176780,2490039,0,51662,25755,0,0
1574652,01a0b1c2-b010-7000-8000-000000000001,01a0d778-8c1f-740e-b699-6d90c918701e,ACTIVE,2165064,-250000,1250000,0,0,0,0,0
1574654,01a0b1c2-b010-7000-8000-000000000001,01a0d778-4a7f-7547-ac98-41471799f490,LINGERING,2500000,250000,0,0,0,0,0,0
1574654,01a0b1c2-b010-7000-8000-000000000001,01a0d778-4a7f-7547-ac98-414ca8ab514d,LINGERING,1250000,250000,-2165064,0,0,0,0,0
1574654,01a0b1c2-b010-7000-8000-000000000001,01a0d778-828d-7281-9b0b-c160699881ac,ACTIVE,0,-171712,2492909,0,50327,29667,0,0
1574654,01a0b1c2-b010-7000-8000-000000000001,01a0d778-8c1f-740e-b699-6d90c918701e,ACTIVE,2165064,-250000,1250000,0,0,0,0,0
1574656,01a0b1c2-b010-7000-8000-000000000001,01a0d778-4a7f-7547-ac98-41471799f490,LINGERING,2500000,250000,0,0,0,0,0,0
1574656,01a0b1c2-b010-7000-8000-000000000001,01a0d778-4a7f-7547-ac98-414ca8ab514d,LINGERING,1250000,250000,-2165064,0,0,0,0,0
1574656,01a0b1c2-b010-7000-8000-000000000001,01a0d778-828d-7281-9b0b-c160699881ac,ACTIVE,0,-166794,2496163,0,48778,33500,0,0
1574656,01a0b1c2-b010-7000-8000-000000000001,01a0d778-8c1f-740e-b699-6d90c918701e,ACTIVE,2165064,-250000,1250000,0,0,0,0,0
1574658,01a0b1c2-b010-7000-8000-000000000001,01a0d778-4a7f-7547-ac98-41471799f490,LINGERING,2500000,250000,0,0,0,0,0,0
1574658,01a0b1c2-b010-7000-8000-000000000001,01a0d778-4a7f-7547-ac98-414ca8ab514d,LINGERING,1250000,250000,-2165064,0,0,0,0,0
1574658,01a0b1c2-b010-7000-8000-000000000001,01a0d778-828d-7281-9b0b-c160699881ac,ACTIVE,0,-162044,2499796,0,47070,37264,0,0
1574658,01a0b1c2-b010-7000-8000-000000000001,01a0d778-8c1f-740e-b699-6d90c918701e,ACTIVE,2165064,-250000,1250000,0,0,0,0,0
1574660,01a0b1c2-b010-7000-8000-000000000001,01a0d778-4a7f-7547-ac98-41471799f490,LINGERING,2500000,250000,0,0,0,0,0,0
1574660,01a0b1c2-b010-7000-8000-000000000001,01a0d778-4a7f-7547-ac98-414ca8ab514d,LINGERING,1250000,250000,-2165064,0,0,0,0,0
1574660,01a0b1c2-b010-7000-8000-000000000001,01a0d778-828d-7281-9b0b-c160699881ac,ACTIVE,0,-157473,2503801,0,45242,40972,0,0
1574660,01a0b1c2-b010-7000-8000-000000000001,01a0d778-8c1f-740e-b699-6d90c918701e,ACTIVE,2164834,-249974,1249875,-3065,351,-1653,0,0
1574662,01a0b1c2-b010-7000-8000-000000000001,01a0d778-4a7f-7547-ac98-41471799f490,LINGERING,2500000,250000,0,0,0,0,0,0
1574662,01a0b1c2-b010-7000-8000-000000000001,01a0d778-4a7f-7547-ac98-414ca8ab514d,LINGERING,1250000,250000,-2165064,0,0,0,0,0
1574662,01a0b1c2-b010-7000-8000-000000000001,01a0d778-828d-7281-9b0b-c160699881ac,ACTIVE,0,-153092,2508173,0,43324,44634,0,0
1574662,01a0b1c2-b010-7000-8000-000000000001,01a0d778-8c1f-740e-b699-6d90c918701e,ACTIVE,2164285,-249911,1249613,-6333,714,-2883,0,0
1574664,01a0b1c2-b010-7000-8000-000000000001,01a0d778-4a7f-7547-ac98-41471799f490,LINGERING,2500000,250000,0,0,0,0,0,0
1574664,01a0b1c2-b010-7000-8000-000000000001,01a0d778-4a7f-7547-ac98-414ca8ab514d,LINGERING,1250000,250000,-2165064,0,0,0,0,0
1574664,01a0b1c2-b010-7000-8000-000000000001,01a0d778-828d-7281-9b0b-c160699881ac,ACTIVE,0,-148908,2512908,0,41339,48260,0,0
1574664,01a0b1c2-b010-7000-8000-000000000001,01a0d778-8c1f-740e-b699-6d90c918701e,ACTIVE,2163387,-249812,1249288,-9884,1082,-3287,0,0
1574666,01a0b1c2-b010-7000-8000-000000000001,01a0d778-4a7f-7547-ac98-41471799f490,LINGERING,2500000,250000,0,0,0,0,0,0
1574666,01a0b1c2-b010-7000-8000-000000000001,01a0d778-4a7f-7547-ac98-414ca8ab514d,LINGERING,1250000,250000,-2165064,0,0,0,0,0
1574666,01a0b1c2-b010-7000-8000-000000000001,01a0d778-828d-7281-9b0b-c160699881ac,ACTIVE,0,-144927,2518004,0,39301,51857,0,0
1574666,01a0b1c2-b010-7000-8000-000000000001,01a0d778-8c1f-740e-b699-6d90c918701e,ACTIVE,2162120,-249678,1249004,-13601,1433,-2609,0,0
1574668,01a0b1c2-b010-7000-8000-000000000001,01a0d778-4a7f-7547-ac98-41471799f490,LINGERING,2500000,250000,0,0,0,0,0,0
1574668,01a0b1c2-b010-7000-8000-000000000001,01a0d778-4a7f-7547-ac98-414ca8ab514d,LINGERING,1250000,250000,-2165064,0,0,0,0,0
1574668,01a0b1c2-b010-7000-8000-000000000001,01a0d778-828d-7281-9b0b-c160699881ac,ACTIVE,0,-141152,2523458,0,37225,55432,0,0
1574668,01a0b1c2-b010-7000-8000-000000000001,01a0d778-8c1f-740e-b699-6d90c918701e,ACTIVE,2160485,-249511,1248858,-17243,1747,-1002,0,0
1574670,01a0b1c2-b010-7000-8000-000000000001,01a0d778-4a7f-7547-ac98-41471799f490,LINGERING,2500000,250000,0,0,0,0,0,0
1574670,01a0b1c2-b010-7000-8000-000000000001,01a0d778-4a7f-7547-ac98-414ca8ab514d,LINGERING,1250000,250000,-2165064,0,0,0,0,0
1574670,01a0b1c2-b010-7000-8000-000000000001,01a0d778-828d-7281-9b0b-c160699881ac,ACTIVE,0,-137588,2529268,0,35119,58989,0,0
1574670,01a0b1c2-b010-7000-8000-000000000001,01a0d778-8c1f-740e-b699-6d90c918701e,ACTIVE,2158504,-249316,1248931,-20640,2015,1335,0,0
1574672,01a0b1c2-b010-7000-8000-000000000001,01a0d778-4a7f-7547-ac98-41471799f490,LINGERING,2500000,250000,0,0,0,0,0,0
1574672,01a0b1c2-b010-7000-8000-000000000001,01a0d778-4a7f-7547-ac98-414ca8ab514d,LINGERING,1250000,250000,-2165064,0,0,0,0,0
1574672,01a0b1c2-b010-7000-8000-000000000001,01a0d778-828d-7281-9b0b-c160699881ac,ACTIVE,0,-134235,2535433,0,32991,62533,0,0
1574672,01a0b1c2-b010-7000-8000-000000000001,01a0d778-8c1f-740e-b699-6d90c918701e,ACTIVE,2156208,-249097,1249269,-23705,2240,4096,0,0
1574674,01a0b1c2-b010-7000-8000-000000000001,01a0d778-4a7f-7547-ac98-41471799f490,LINGERING,2500000,250000,0,0,0,0,0,0
1574674,01a0b1c2-b010-7000-8000-000000000001,01a0d778-4a7f-7547-ac98-414ca8ab514d,LINGERING,1250000,250000,-2165064,0,0,0,0,0
1574674,01a0b1c2-b010-7000-8000-000000000001,01a0d778-828d-7281-9b0b-c160699881ac,ACTIVE,0,-131097,2541951,0,30845,66067,0,0
1574674,01a0b1c2-b010-7000-8000-000000000001,01a0d778-8c1f-740e-b699-6d90c918701e,ACTIVE,2153634,-248859,1249911,-26387,2418,7234,0,0
1574676,01a0b1c2-b010-7000-8000-000000000001,01a0d778-4a7f-7547-ac98-41471799f490,LINGERING,2500000,250000,0,0,0,0,0,0
1574676,01a0b1c2-b010-7000-8000-000000000001,01a0d778-4a7f-7547-ac98-414ca8ab514d,LINGERING,1250000,250000,-2165064,0,0,0,0,0
1574676,01a0b1c2-b010-7000-8000-000000000001,01a0d778-828d-7281-9b0b-c160699881ac,ACTIVE,0,-128174,2548823,0,28687,69593,0,0
1574676,01a0b1c2-b010-7000-8000-000000000001,01a0d778-8c1f-740e-b699-6d90c918701e,ACTIVE,2150824,-248607,1250893,-28639,2550,10696,0,0
1574678,01a0b1c2-b010-7000-8000-000000000001,01a0d778-4a7f-7547-ac98-41471799f490,LINGERING,2500000,250000,0,0,0,0,0,0
1574678,01a0b1c2-b010-7000-8000-000000000001,01a0d778-4a7f-7547-ac98-414ca8ab514d,LINGERING,1250000,250000,-2165064,0,0,0,0,0
1574678,01a0b1c2-b010-7000-8000-000000000001,01a0d778-828d-7281-9b0b-c160699881ac,ACTIVE,0,-125468,2556046,0,26519,73113,0,0
1574678,01a0b1c2-b010-7000-8000-000000000001,01a0d778-8c1f-740e-b699-6d90c918701e,ACTIVE,2147823,-248346,1252240,-30422,2634,14422,0,0
1574680,01a0b1c2-b010-7000-8000-000000000001,01a0d778-4a7f-7547-ac98-41471799f490,LINGERING,2500000,250000,0,0,0,0,0,0
1574680,01a0b1c2-b010-7000-8000-000000000001,01a0d778-4a7f-7547-ac98-414ca8ab514d,LINGERING,1250000,250000,-2165064,0,0,0,0,0
1574680,01a0b1c2-b010-7000-8000-000000000001,01a0d778-828d-7281-9b0b-c160699881ac,ACTIVE,0,-122979,2563621,0,24343,76628,0,0
1574680,01a0b1c2-b010-7000-8000-000000000001,01a0d778-8c1f-740e-b699-6d90c918701e,ACTIVE,2144681,-248079,1253976,-31707,2672,18349,0,0
1574682,01a0b1c2-b010-7000-8000-000000000001,01a0d778-4a7f-7547-ac98-41471799f490,LINGERING,2500000,250000,0,0,0,0,0,0
1574682,01a0b1c2-b010-7000-8000-000000000001,01a0d778-4a7f-7547-ac98-414ca8ab514d,LINGERING,1250000,250000,-2165064,0,0,0,0,0
1574682,01a0b1c2-b010-7000-8000-000000000001,01a0d778-828d-7281-9b0b-c160699881ac,ACTIVE,0,-120709,2571547,0,22161,80139,0,0
1574682,01a0b1c2-b010-7000-8000-000000000001,01a0d778-8c1f-740e-b699-6d90c918701e,ACTIVE,2141450,-247812,1256115,-32471,2665,22409,0,0
1574684,01a0b1c2-b010-7000-8000-000000000001,01a0d778-4a7f-7547-ac98-41471799f490,LINGERING,2500000,250000,0,0,0,0,0,0
1574684,01a0b1c2-b010-7000-8000-000000000001,01a0d778-4a7f-7547-ac98-414ca8ab514d,LINGERING,1250000,250000,-2165064,0,0,0,0,0
1574684,01a0b1c2-b010-7000-8000-000000000001,01a0d778-828d-7281-9b0b-c160699881ac,ACTIVE,0,-118657,2579824,0,19975,83648,0,0
1574684,01a0b1c2-b010-7000-8000-000000000001,01a0d778-8c1f-740e-b699-6d90c918701e,ACTIVE,2138182,-247549,1258665,-32701,2616,26535,0,0
1574686,01a0b1c2-b010-7000-8000-000000000001,01a0d778-4a7f-7547-ac98-41471799f490,LINGERING,2500000,250000,0,0,0,0,0,0
1574686,01a0b1c2-b010-7000-8000-000000000001,01a0d778-4a7f-7547-ac98-414ca8ab514d,LINGERING,1250000,250000,-2165064,0,0,0,0,0
1574686,01a0b1c2-b010-7000-8000-000000000001,01a0d778-828d-7281-9b0b-c160699881ac,ACTIVE,0,-116823,2588452,0,17786,87155,0,0
1574686,01a0b1c2-b010-7000-8000-000000000001,01a0d778-8c1f-740e-b699-6d90c918701e,ACTIVE,2134932,-247294,1261628,-32395,2528,30654,0,0
1574688,01a0b1c2-b010-7000-8000-000000000001,01a0d778-4a7f-7547-ac98-41471799f490,LINGERING,2500000,250000,0,0,0,0,0,0
1574688,01a0b1c2-b010-7000-8000-000000000001,01a0d778-4a7f-7547-ac98-414ca8ab514d,LINGERING,1250000,250000,-2165064,0,0,0,0,0
1574688,01a0b1c2-b010-7000-8000-000000000001,01a0d778-828d-7281-9b0b-c160699881ac,ACTIVE,0,-115209,2597430,0,15594,90660,0,0
1574688,01a0b1c2-b010-7000-8000-000000000001,01a0d778-8c1f-740e-b699-6d90c918701e,ACTIVE,2131748,-247050,1264998,-31622,2411,34712,0,0
1574690,01a0b1c2-b010-7000-8000-000000000001,01a0d778-4a7f-7547-ac98-41471799f490,LINGERING,2500000,250000,0,0,0,0,0,0
1574690,01a0b1c2-b010-7000-8000-000000000001,01a0d778-4a7f-7547-ac98-414ca8ab514d,LINGERING,1250000,250000,-2165064,0,0,0,0,0
1574690,01a0b1c2-b010-7000-8000-000000000001,01a0d778-828d-7281-9b0b-c160699881ac,ACTIVE,0,-113814,2606759,0,13401,94164,0,0
1574690,01a0b1c2-b010-7000-8000-000000000001,01a0d778-8c1f-740e-b699-6d90c918701e,ACTIVE,2128668,-246819,1268768,-30497,2275,38687,0,0
1574692,01a0b1c2-b010-7000-8000-000000000001,01a0d778-4a7f-7547-ac98-41471799f490,LINGERING,2500000,250000,0,0,0,0,0,0
1574692,01a0b1c2-b010-7000-8000-000000000001,01a0d778-4a7f-7547-ac98-414ca8ab514d,LINGERING,1250000,250000,-2165064,0,0,0,0,0
1574692,01a0b1c2-b010-7000-8000-000000000001,01a0d778-828d-7281-9b0b-c160699881ac,ACTIVE,0,-112638,2616438,0,11206,97667,0,0
1574692,01a0b1c2-b010-7000-8000-000000000001,01a0d778-8c1f-740e-b699-6d90c918701e,ACTIVE,2125721,-246602,1272929,-29108,2128,42577,0,0
1574694,01a0b1c2-b010-7000-8000-000000000001,01a0d778-4a7f-7547-ac98-41471799f490,LINGERING,2500000,250000,0,0,0,0,0,0
1574694,01a0b1c2-b010-7000-8000-000000000001,01a0d778-4a7f-7547-ac98-414ca8ab514d,LINGERING,1250000,250000,-2165064,0,0,0,0,0
1574694,01a0b1c2-b010-7000-8000-000000000001,01a0d778-828d-7281-9b0b-c160699881ac,ACTIVE,0,-111682,2626468,0,9012,101171,0,0
1574694,01a0b1c2-b010-7000-8000-000000000001,01a0d778-8c1f-740e-b699-6d90c918701e,ACTIVE,2122928,-246401,1277473,-27521,1973,46391,0,0
1574696,01a0b1c2-b010-7000-8000-000000000001,01a0d778-4a7f-7547-ac98-41471799f490,LINGERING,2500000,250000,0,0,0,0,0,0
1574696,01a0b1c2-b010-7000-8000-000000000001,01a0d778-4a7f-7547-ac98-414ca8ab514d,LINGERING,1250000,250000,-2165064,0,0,0,0,0
1574696,01a0b1c2-b010-7000-8000-000000000001,01a0d778-828d-7281-9b0b-c160699881ac,ACTIVE,0,-110946,2636848,0,6818,104675,0,0
1574696,01a0b1c2-b010-7000-8000-000000000001,01a0d778-8c1f-740e-b699-6d90c918701e,ACTIVE,2120305,-246215,1282394,-25786,1815,50140,0,0
1574698,01a0b1c2-b010-7000-8000-000000000001,01a0d778-4a7f-7547-ac98-41471799f490,LINGERING,2500000,250000,0,0,0,0,0,0
1574698,01a0b1c2-b010-7000-8000-000000000001,01a0d778-4a7f-7547-ac98-414ca8ab514d,LINGERING,1250000,250000,-2165064,0,0,0,0,0
1574698,01a0b1c2-b010-7000-8000-000000000001,01a0d778-828d-7281-9b0b-c160699881ac,ACTIVE,0,-110428,2647578,0,4624,108178,0,0
1574698,01a0b1c2-b010-7000-8000-000000000001,01a0d778-8c1f-740e-b699-6d90c918701e,ACTIVE,2117865,-246046,1287685,-23939,1656,53835,0,0
1574700,01a0b1c2-b010-7000-8000-000000000001,01a0d778-4a7f-7547-ac98-41471799f490,LINGERING,2500000,250000,0,0,0,0,0,0
1574700,01a0b1c2-b010-7000-8000-000000000001,01a0d778-4a7f-7547-ac98-414ca8ab514d,LINGERING,1250000,250000,-2165064,0,0,0,0,0
1574700,01a0b1c2-b010-7000-8000-000000000001,01a0d778-828d-7281-9b0b-c160699881ac,ACTIVE,0,-110131,2658658,0,2430,111682,0,0
1574700,01a0b1c2-b010-7000-8000-000000000001,01a0d778-8c1f-740e-b699-6d90c918701e,ACTIVE,2115615,-245892,1293343,-22009,1497,57487,0,0
1574702,01a0b1c2-b010-7000-8000-000000000001,01a0d778-4a7f-7547-ac98-41471799f490,LINGERING,2500000,250000,0,0,0,0,0,0
1574702,01a0b1c2-b010-7000-8000-000000000001,01a0d778-4a7f-7547-ac98-414ca8ab514d,LINGERING,1250000,250000,-2165064,0,0,0,0,0
1574702,01a0b1c2-b010-7000-8000-000000000001,01a0d778-828d-7281-9b0b-c160699881ac,ACTIVE,0,-110052,2670089,0,236,115186,0,0
1574702,01a0b1c2-b010-7000-8000-000000000001,01a0d778-8c1f-740e-b699-6d90c918701e,ACTIVE,2113563,-245754,1299363,-20014,1340,61105,0,0
1574704,01a0b1c2-b010-7000-8000-000000000001,01a0d778-4a7f-7547-ac98-41471799f490,LINGERING,2500000,250000,0,0,0,0,0,0
1574704,01a0b1c2-b010-7000-8000-000000000001,01a0d778-4a7f-7547-ac98-414ca8ab514d,LINGERING,1250000,250000,-2165064,0,0,0,0,0
1574704,01a0b1c2-b010-7000-8000-000000000001,01a0d778-828d-7281-9b0b-c160699881ac,ACTIVE,0,-110033,2681870,0,197,118686,0,0
1574704,01a0b1c2-b010-7000-8000-000000000001,01a0d778-8c1f-740e-b699-6d90c918701e,ACTIVE,2111715,-245632,1305743,-17972,1184,64696,0,0
1574706,01a0b1c2-b010-7000-8000-000000000001,01a0d778-4a7f-7547-ac98-41471799f490,LINGERING,2500000,250000,0,0,0,0,0,0
1574706,01a0b1c2-b010-7000-8000-000000000001,01a0d778-4a7f-7547-ac98-414ca8ab514d,LINGERING,1250000,250000,-2165064,0,0,0,0,0
1574706,01a0b1c2-b010-7000-8000-000000000001,01a0d778-828d-7281-9b0b-c160699881ac,ACTIVE,0,-110013,2694002,0,203,122186,0,0
1574706,01a0b1c2-b010-7000-8000-000000000001,01a0d778-8c1f-740e-b699-6d90c918701e,ACTIVE,2110073,-245525,1312480,-15893,1030,68266,0,0
1574708,01a0b1c2-b010-7000-8000-000000000001,01a0d778-4a7f-7547-ac98-41471799f490,LINGERING,2500000,250000,0,0,0,0,0,0
1574708,01a0b1c2-b010-7000-8000-000000000001,01a0d778-4a7f-7547-ac98-414ca8ab514d,LINGERING,1250000,250000,-2165064,0,0,0,0,0
1574708,01a0b1c2-b010-7000-8000-000000000001,01a0d778-828d-7281-9b0b-c160699881ac,ACTIVE,0,-109992,2706483,0,209,125686,0,0
1574708,01a0b1c2-b010-7000-8000-000000000001,01a0d778-8c1f-740e-b699-6d90c918701e,ACTIVE,2108642,-245434,1319574,-13786,878,71819,0,0
1574710,01a0b1c2-b010-7000-8000-000000000001,01a0d778-4a7f-7547-ac98-41471799f490,LINGERING,2500000,250000,0,0,0,0,0,0
1574710,01a0b1c2-b010-7000-8000-000000000001,01a0d778-4a7f-7547-ac98-414ca8ab514d,LINGERING,1250000,250000,-2165064,0,0,0,0,0
1574710,01a0b1c2-b010-7000-8000-000000000001,01a0d778-828d-7281-9b0b-c160699881ac,ACTIVE,0,-109970,2719314,0,215,129186,0,0
1574710,01a0b1c2-b010-7000-8000-000000000001,01a0d778-8c1f-740e-b699-6d90c918701e,ACTIVE,2107423,-245357,1327021,-11658,729,75360,0,0
1574712,01a0b1c2-b010-7000-8000-000000000001,01a0d778-4a7f-7547-ac98-41471799f490,LINGERING,2500000,250000,0,0,0,0,0,0
1574712,01a0b1c2-b010-7000-8000-000000000001,01a0d778-4a7f-7547-ac98-414ca8ab514d,LINGERING,1250000,250000,-2165064,0,0,0,0,0
1574712,01a0b1c2-b010-7000-8000-000000000001,01a0d778-828d-7281-9b0b-c160699881ac,ACTIVE,0,-109949,2732495,0,221,132686,0,0
1574712,01a0b1c2-b010-7000-8000-000000000001,01a0d778-8c1f-740e-b699-6d90c918701e,ACTIVE,2106418,-245295,1334822,-9514,582,78892,0,0
1574714,01a0b1c2-b010-7000-8000-000000000001,01a0d778-4a7f-7547-ac98-41471799f490,LINGERING,2500000,250000,0,0,0,0,0,0
1574714,01a0b1c2-b010-7000-8000-000000000001,01a0d778-4a7f-7547-ac98-414ca8ab514d,LINGERING,1250000,250000,-2165064,0,0,0,0,0
1574714,01a0b1c2-b010-7000-8000-000000000001,01a0d778-828d-7281-9b0b-c160699881ac,ACTIVE,0,-109926,2746026,0,226,136186,0,0
1574714,01a0b1c2-b010-7000-8000-000000000001,01a0d778-8c1f-740e-b699-6d90c918701e,ACTIVE,2105628,-245248,1342976,-7358,438,82416,0,0
1574716,01a0b1c2-b010-7000-8000-000000000001,01a0d778-4a7f-7547-ac98-41471799f490,LINGERING,2500000,250000,0,0,0,0,0,0
1574716,01a0b1c2-b010-7000-8000-000000000001,01a0d778-4a7f-7547-ac98-414ca8ab514d,LINGERING,1250000,250000,-2165064,0,0,0,0,0
1574716,01a0b1c2-b010-7000-8000-000000000001,01a0d778-828d-7281-9b0b-c160699881ac,ACTIVE,0,-109903,2759907,0,232,139686,0,0
1574716,01a0b1c2-b010-7000-8000-000000000001,01a0d778-8c1f-740e-b699-6d90c918701e,ACTIVE,2105055,-245214,1351481,-5192,297,85934,0,0
1574718,01a0b1c2-b010-7000-8000-000000000001,01a0d778-4a7f-7547-ac98-41471799f490,LINGERING,2500000,250000,0,0,0,0,0,0
1574718,01a0b1c2-b010-7000-8000-000000000001,01a0d778-4a7f-7547-ac98-414ca8ab514d,LINGERING,1250000,250000,-2165064,0,0,0,0,0
1574718,01a0b1c2-b010-7000-8000-000000000001,01a0d778-828d-7281-9b0b-c160699881ac,ACTIVE,0,-109880,2773907,0,233,140000,0,0
1574718,01a0b1c2-b010-7000-8000-000000000001,01a0d778-8c1f-740e-b699-6d90c918701e,ACTIVE,2104698,-245195,1360338,-3019,160,89449,0,0
1574720,01a0b1c2-b010-7000-8000-000000000001,01a0d778-4a7f-7547-ac98-41471799f490,LINGERING,2500000,250000,0,0,0,0,0,0
1574720,01a0b1c2-b010-7000-8000-000000000001,01a0d778-4a7f-7547-ac98-414ca8ab514d,LINGERING,1250000,250000,-2165064,0,0,0,0,0
1574720,01a0b1c2-b010-7000-8000-000000000001,01a0d778-828d-7281-9b0b-c160699881ac,ACTIVE,0,-109856,2787907,0,233,140000,0,0
1574720,01a0b1c2-b010-7000-8000-000000000001,01a0d778-8c1f-740e-b699-6d90c918701e,ACTIVE,2104560,-245189,1369546,-840,28,92959,0,0
1574722,01a0b1c2-b010-7000-8000-000000000001,01a0d778-4a7f-7547-ac98-41471799f490,LINGERING,2500000,250000,0,0,0,0,0,0
1574722,01a0b1c2-b010-7000-8000-000000000001,01a0d778-4a7f-7547-ac98-414ca8ab514d,LINGERING,1250000,250000,-2165064,0,0,0,0,0
1574722,01a0b1c2-b010-7000-8000-000000000001,01a0d778-828d-7281-9b0b-c160699881ac,ACTIVE,0,-109833,2801907,0,233,140000,0,0
1574722,01a0b1c2-b010-7000-8000-000000000001,01a0d778-8c1f-740e-b699-6d90c918701e,ACTIVE,2104524,-245189,1379105,-337,2,96461,0,0
1574724,01a0b1c2-b010-7000-8000-000000000001,01a0d778-4a7f-7547-ac98-41471799f490,LINGERING,2500000,250000,0,0,0,0,0,0
1574724,01a0b1c2-b010-7000-8000-000000000001,01a0d778-4a7f-7547-ac98-414ca8ab514d,LINGERING,1250000,250000,-2165064,0,0,0,0,0
1574724,01a0b1c2-b010-7000-8000-000000000001,01a0d778-828d-7281-9b0b-c160699881ac,ACTIVE,0,-109810,2815907,0,233,140000,0,0
1574724,01a0b1c2-b010-7000-8000-000000000001,01a0d778-8c1f-740e-b699-6d90c918701e,ACTIVE,2104496,-245189,1389014,-267,1,99962,0,0
1574726,01a0b1c2-b010-7000-8000-000000000001,01a0d778-4a7f-7547-ac98-41471799f490,LINGERING,2500000,250000,0,0,0,0,0,0
1574726,01a0b1c2-b010-7000-8000-000000000001,01a0d778-4a7f-7547-ac98-414ca8ab514d,LINGERING,1250000,250000,-2165064,0,0,0,0,0
1574726,01a0b1c2-b010-7000-8000-000000000001,01a0d778-828d-7281-9b0b-c160699881ac,ACTIVE,0,-109787,2829907,0,233,140000,0,0
1574726,01a0b1c2-b010-7000-8000-000000000001,01a0d778-8c1f-740e-b699-6d90c918701e,ACTIVE,2104473,-245188,1399272,-210,1,103462,0,0
1574728,01a0b1c2-b010-7000-8000-000000000001,01a0d778-4a7f-7547-ac98-41471799f490,LINGERING,2500000,250000,0,0,0,0,0,0
1574728,01a0b1c2-b010-7000-8000-000000000001,01a0d778-4a7f-7547-ac98-414ca8ab514d,LINGERING,1250000,250000,-2165064,0,0,0,0,0
1574728,01a0b1c2-b010-7000-8000-000000000001,01a0d778-828d-7281-9b0b-c160699881ac,ACTIVE,0,-109763,2843907,0,233,140000,0,0
1574728,01a0b1c2-b010-7000-8000-000000000001,01a0d778-8c1f-740e-b699-6d90c918701e,ACTIVE,2104456,-245188,1409881,-166,0,106962,0,0
1574730,01a0b1c2-b010-7000-8000-000000000001,01a0d778-4a7f-7547-ac98-41471799f490,LINGERING,2500000,250000,0,0,0,0,0,0
1574730,01a0b1c2-b010-7000-8000-000000000001,01a0d778-4a7f-7547-ac98-414ca8ab514d,LINGERING,1250000,250000,-2165064,0,0,0,0,0
1574730,01a0b1c2-b010-7000-8000-000000000001,01a0d778-828d-7281-9b0b-c160699881ac,ACTIVE,0,-109740,2857907,0,233,140000,0,0
1574730,01a0b1c2-b010-7000-8000-000000000001,01a0d778-8c1f-740e-b699-6d90c918701e,ACTIVE,2104442,-245188,1420840,-131,0,110462,0,0
1574732,01a0b1c2-b010-7000-8000-000000000001,01a0d778-4a7f-7547-ac98-41471799f490,LINGERING,2500000,250000,0,0,0,0,0,0
1574732,01a0b1c2-b010-7000-8000-000000000001,01a0d778-4a7f-7547-ac98-414ca8ab514d,LINGERING,1250000,250000,-2165064,0,0,0,0,0
1574732,01a0b1c2-b010-7000-8000-000000000001,01a0d778-828d-7281-9b0b-c160699881ac,ACTIVE,0,-109717,2871907,0,233,140000,0,0
1574732,01a0b1c2-b010-7000-8000-000000000001,01a0d778-8c1f-740e-b699-6d90c918701e,ACTIVE,2104431,-245188,1432148,-103,0,113962,0,0
1574734,01a0b1c2-b010-7000-8000-000000000001,01a0d778-4a7f-7547-ac98-41471799f490,LINGERING,2500000,250000,0,0,0,0,0,0
1574734,01a0b1c2-b010-7000-8000-000000000001,01a0d778-4a7f-7547-ac98-414ca8ab514d,LINGERING,1250000,250000,-2165064,0,0,0,0,0
1574734,01a0b1c2-b010-7000-8000-000000000001,01a0d778-828d-7281-9b0b-c160699881ac,ACTIVE,0,-109693,2885907,0,233,140000,0,0
1574734,01a0b1c2-b010-7000-8000-000000000001,01a0d778-8c1f-740e-b699-6d90c918701e,ACTIVE,2104422,-245188,1443807,-81,0,117462,0,0
1574736,01a0b1c2-b010-7000-8000-000000000001,01a0d778-4a7f-7547-ac98-41471799f490,LINGERING,2500000,250000,0,0,0,0,0,0
1574736,01a0b1c2-b010-7000-8000-000000000001,01a0d778-4a7f-7547-ac98-414ca8ab514d,LINGERING,1250000,250000,-2165064,0,0,0,0,0
1574736,01a0b1c2-b010-7000-8000-000000000001,01a0d778-828d-7281-9b0b-c160699881ac,ACTIVE,0,-109670,2899907,0,233,140000,0,0
1574736,01a0b1c2-b010-7000-8000-000000000001,01a0d778-8c1f-740e-b699-6d90c918701e,ACTIVE,2104416,-245188,1455816,-64,0,120962,0,0
1574738,01a0b1c2-b010-7000-8000-000000000001,01a0d778-4a7f-7547-ac98-41471799f490,LINGERING,2500000,250000,0,0,0,0,0,0
1574738,01a0b1c2-b010-7000-8000-000000000001,01a0d778-4a7f-7547-ac98-414ca8ab514d,LINGERING,1250000,250000,-2165064,0,0,0,0,0
1574738,01a0b1c2-b010-7000-8000-000000000001,01a0d778-828d-7281-9b0b-c160699881ac,ACTIVE,0,-109647,2913907,0,233,140000,0,0
1574738,01a0b1c2-b010-7000-8000-000000000001,01a0d778-8c1f-740e-b699-6d90c918701e,ACTIVE,2104410,-245188,1468174,-50,0,124462,0,0
1574740,01a0b1c2-b010-7000-8000-000000000001,01a0d778-4a7f-7547-ac98-41471799f490,LINGERING,2500000,250000,0,0,0,0,0,0
1574740,01a0b1c2-b010-7000-8000-000000000001,01a0d778-4a7f-7547-ac98-414ca8ab514d,LINGERING,1250000,250000,-2165064,0,0,0,0,0
1574740,01a0b1c2-b010-7000-8000-000000000001,01a0d778-828d-7281-9b0b-c160699881ac,ACTIVE,0,-109624,2927907,0,233,140000,0,0
1574740,01a0b1c2-b010-7000-8000-000000000001,01a0d778-8c1f-740e-b699-6d90c918701e,ACTIVE,2104406,-245188,1480883,-39,0,127962,0,0
1574742,01a0b1c2-b010-7000-8000-000000000001,01a0d778-4a7f-7547-ac98-41471799f490,LINGERING,2500000,250000,0,0,0,0,0,0
1574742,01a0b1c2-b010-7000-8000-000000000001,01a0d778-4a7f-7547-ac98-414ca8ab514d,LINGERING,1250000,250000,-2165064,0,0,0,0,0
1574742,01a0b1c2-b010-7000-8000-000000000001,01a0d778-828d-7281-9b0b-c160699881ac,ACTIVE,0,-109600,2941907,0,233,140000,0,0
1574742,01a0b1c2-b010-7000-8000-000000000001,01a0d778-8c1f-740e-b699-6d90c918701e,ACTIVE,2104403,-245188,1493942,-31,0,131462,0,0
1574744,01a0b1c2-b010-7000-8000-000000000001,01a0d778-4a7f-7547-ac98-41471799f490,LINGERING,2500000,250000,0,0,0,0,0,0
1574744,01a0b1c2-b010-7000-8000-000000000001,01a0d778-4a7f-7547-ac98-414ca8ab514d,LINGERING,1250000,250000,-2165064,0,0,0,0,0
1574744,01a0b1c2-b010-7000-8000-000000000001,01a0d778-828d-7281-9b0b-c160699881ac,ACTIVE,0,-109577,2955907,0,233,140000,0,0
1574744,01a0b1c2-b010-7000-8000-000000000001,01a0d778-8c1f-740e-b699-6d90c918701e,ACTIVE,2104400,-245188,1507351,-24,0,134962,0,0
1574746,01a0b1c2-b010-7000-8000-000000000001,01a0d778-4a7f-7547-ac98-41471799f490,LINGERING,2500000,250000,0,0,0,0,0,0
1574746,01a0b1c2-b010-7000-8000-000000000001,01a0d778-4a7f-7547-ac98-414ca8ab514d,LINGERING,1250000,250000,-2165064,0,0,0,0,0
1574746,01a0b1c2-b010-7000-8000-000000000001,01a0d778-828d-7281-9b0b-c160699881ac,ACTIVE,0,-109554,2969907,0,233,140000,0,0
1574746,01a0b1c2-b010-7000-8000-000000000001,01a0d778-8c1f-740e-b699-6d90c918701e,ACTIVE,2104398,-245188,1521109,-19,0,138462,0,0
1574748,01a0b1c2-b010-7000-8000-000000000001,01a0d778-4a7f-7547-ac98-41471799f490,LINGERING,2500000,250000,0,0,0,0,0,0
1574748,01a0b1c2-b010-7000-8000-000000000001,01a0d778-4a7f-7547-ac98-414ca8ab514d,LINGERING,1250000,250000,-2165064,0,0,0,0,0
1574748,01a0b1c2-b010-7000-8000-000000000001,01a0d778-828d-7281-9b0b-c160699881ac,ACTIVE,0,-109531,2983907,0,233,140000,0,0
1574748,01a0b1c2-b010-7000-8000-000000000001,01a0d778-8c1f-740e-b699-6d90c918701e,ACTIVE,2104397,-245188,1535109,-15,0,140000,0,0
1574750,01a0b1c2-b010-7000-8000-000000000001,01a0d778-4a7f-7547-ac98-41471799f490,LINGERING,2500000,250000,0,0,0,0,0,0
1574750,01a0b1c2-b010-7000-8000-000000000001,01a0d778-4a7f-7547-ac98-414ca8ab514d,LINGERING,1250000,250000,-2165064,0,0,0,0,0
1574750,01a0b1c2-b010-7000-8000-000000000001,01a0d778-828d-7281-9b0b-c160699881ac,ACTIVE,0,-109507,2997907,0,233,140000,0,0
1574750,01a0b1c2-b010-7000-8000-000000000001,01a0d778-8c1f-740e-b699-6d90c918701e,ACTIVE,2104395,-245188,1549109,-11,0,140000,0,0
1574752,01a0b1c2-b010-7000-8000-000000000001,01a0d778-4a7f-7547-ac98-41471799f490,LINGERING,2500000,250000,0,0,0,0,0,0
1574752,01a0b1c2-b010-7000-8000-000000000001,01a0d778-4a7f-7547-ac98-414ca8ab514d,LINGERING,1250000,250000,-2165064,0,0,0,0,0
1574752,01a0b1c2-b010-7000-8000-000000000001,01a0d778-828d-7281-9b0b-c160699881ac,ACTIVE,0,-109484,3011907,0,233,140000,0,0
1574752,01a0b1c2-b010-7000-8000-000000000001,01a0d778-8c1f-740e-b699-6d90c918701e,ACTIVE,2104395,-245188,1563109,-8,0,140000,0,0
1574754,01a0b1c2-b010-7000-8000-000000000001,01a0d778-4a7f-7547-ac98-41471799f490,LINGERING,2500000,250000,0,0,0,0,0,0
1574754,01a0b1c2-b010-7000-8000-000000000001,01a0d778-4a7f-7547-ac98-414ca8ab514d,LINGERING,1250000,250000,-2165064,0,0,0,0,0
1574754,01a0b1c2-b010-7000-8000-000000000001,01a0d778-828d-7281-9b0b-c160699881ac,ACTIVE,0,-109461,3025907,0,233,140000,0,0
1574754,01a0b1c2-b010-7000-8000-000000000001,01a0d778-8c1f-740e-b699-6d90c918701e,ACTIVE,2104394,-245188,1577109,-6,0,140000,0,0
1574756,01a0b1c2-b010-7000-8000-000000000001,01a0d778-4a7f-7547-ac98-41471799f490,LINGERING,2500000,250000,0,0,0,0,0,0
1574756,01a0b1c2-b010-7000-8000-000000000001,01a0d778-4a7f-7547-ac98-414ca8ab514d,LINGERING,1250000,250000,-2165064,0,0,0,0,0
1574756,01a0b1c2-b010-7000-8000-000000000001,01a0d778-828d-7281-9b0b-c160699881ac,ACTIVE,0,-109437,3039906,0,233,140000,0,0
1574756,01a0b1c2-b010-7000-8000-000000000001,01a0d778-8c1f-740e-b699-6d90c918701e,ACTIVE,2104393,-245188,1591109,-5,0,140000,0,0
1574758,01a0b1c2-b010-7000-8000-000000000001,01a0d778-4a7f-7547-ac98-41471799f490,LINGERING,2500000,250000,0,0,0,0,0,0
1574758,01a0b1c2-b010-7000-8000-000000000001,01a0d778-4a7f-7547-ac98-414ca8ab514d,LINGERING,1250000,250000,-2165064,0,0,0,0,0
1574758,01a0b1c2-b010-7000-8000-000000000001,01a0d778-828d-7281-9b0b-c160699881ac,ACTIVE,0,-109414,3053906,0,233,140000,0,0
1574758,01a0b1c2-b010-7000-8000-000000000001,01a0d778-8c1f-740e-b699-6d90c918701e,ACTIVE,2104393,-245188,1605109,-4,0,140000,0,0
1574760,01a0b1c2-b010-7000-8000-000000000001,01a0d778-4a7f-7547-ac98-41471799f490,LINGERING,2500000,250000,0,0,0,0,0,0
1574760,01a0b1c2-b010-7000-8000-000000000001,01a0d778-4a7f-7547-ac98-414ca8ab514d,LINGERING,1250000,250000,-2165064,0,0,0,0,0
1574760,01a0b1c2-b010-7000-8000-000000000001,01a0d778-828d-7281-9b0b-c160699881ac,ACTIVE,0,-109391,3067906,0,233,140000,0,0
1574760,01a0b1c2-b010-7000-8000-000000000001,01a0d778-8c1f-740e-b699-6d90c918701e,ACTIVE,2104393,-245188,1619109,-3,0,140000,0,0
1574762,01a0b1c2-b010-7000-8000-000000000001,01a0d778-4a7f-7547-ac98-41471799f490,LINGERING,2500000,250000,0,0,0,0,0,0
1574762,01a0b1c2-b010-7000-8000-000000000001,01a0d778-4a7f-7547-ac98-414ca8ab514d,LINGERING,1250000,250000,-2165064,0,0,0,0,0
1574762,01a0b1c2-b010-7000-8000-000000000001,01a0d778-828d-7281-9b0b-c160699881ac,ACTIVE,0,-109368,3081906,0,233,140000,0,0
1574762,01a0b1c2-b010-7000-8000-000000000001,01a0d778-8c1f-740e-b699-6d90c918701e,ACTIVE,2104392,-245188,1633109,-2,0,140000,0,0
1574764,01a0b1c2-b010-7000-8000-000000000001,01a0d778-4a7f-7547-ac98-41471799f490,LINGERING,2500000,250000,0,0,0,0,0,0
1574764,01a0b1c2-b010-7000-8000-000000000001,01a0d778-4a7f-7547-ac98-414ca8ab514d,LINGERING,1250000,250000,-2165064,0,0,0,0,0
1574764,01a0b1c2-b010-7000-8000-000000000001,01a0d778-828d-7281-9b0b-c160699881ac,ACTIVE,0,-109344,3095906,0,233,140000,0,0
1574764,01a0b1c2-b010-7000-8000-000000000001,01a0d778-8c1f-740e-b699-6d90c918701e,ACTIVE,2104392,-245188,1647109,-2,0,140000,0,0
1574766,01a0b1c2-b010-7000-8000-000000000001,01a0d778-4a7f-7547-ac98-41471799f490,LINGERING,2500000,250000,0,0,0,0,0,0
1574766,01a0b1c2-b010-7000-8000-000000000001,01a0d778-4a7f-7547-ac98-414ca8ab514d,LINGERING,1250000,250000,-2165064,0,0,0,0,0
1574766,01a0b1c2-b010-7000-8000-000000000001,01a0d778-828d-7281-9b0b-c160699881ac,ACTIVE,0,-109321,3109906,0,233,140000,0,0
1574766,01a0b1c2-b010-7000-8000-000000000001,01a0d778-8c1f-740e-b699-6d90c918701e,ACTIVE,2104392,-245188,1661109,-1,0,140000,0,0
1574768,01a0b1c2-b010-7000-8000-000000000001,01a0d778-4a7f-7547-ac98-41471799f490,LINGERING,2500000,250000,0,0,0,0,0,0
1574768,01a0b1c2-b010-7000-8000-000000000001,01a0d778-4a7f-7547-ac98-414ca8ab514d,LINGERING,1250000,250000,-2165064,0,0,0,0,0
1574768,01a0b1c2-b010-7000-8000-000000000001,01a0d778-828d-7281-9b0b-c160699881ac,ACTIVE,0,-109298,3123906,0,233,140000,0,0
1574768,01a0b1c2-b010-7000-8000-000000000001,01a0d778-8c1f-740e-b699-6d90c918701e,ACTIVE,2104392,-245188,1675109,-1,0,140000,0,0
1574770,01a0b1c2-b010-7000-8000-000000000001,01a0d778-4a7f-7547-ac98-41471799f490,LINGERING,2500000,250000,0,0,0,0,0,0
1574770,01a0b1c2-b010-7000-8000-000000000001,01a0d778-4a7f-7547-ac98-414ca8ab514d,LINGERING,1250000,250000,-2165064,0,0,0,0,0
1574770,01a0b1c2-b010-7000-8000-000000000001,01a0d778-828d-7281-9b0b-c160699881ac,ACTIVE,0,-109275,3137906,0,233,140000,0,0
1574770,01a0b1c2-b010-7000-8000-000000000001,01a0d778-8c1f-740e-b699-6d90c918701e,ACTIVE,2104392,-245188,1689109,-1,0,140000,0,0
1574772,01a0b1c2-b010-7000-8000-000000000001,01a0d778-4a7f-7547-ac98-41471799f490,LINGERING,2500000,250000,0,0,0,0,0,0
1574772,01a0b1c2-b010-7000-8000-000000000001,01a0d778-4a7f-7547-ac98-414ca8ab514d,LINGERING,1250000,250000,-2165064,0,0,0,0,0
1574772,01a0b1c2-b010-7000-8000-000000000001,01a0d778-828d-7281-9b0b-c160699881ac,ACTIVE,0,-109251,3151906,0,233,140000,0,0
1574772,01a0b1c2-b010-7000-8000-000000000001,01a0d778-8c1f-740e-b699-6d90c918701e,ACTIVE,2104392,-245188,1703109,-1,0,140000,0,0
1574774,01a0b1c2-b010-7000-8000-000000000001,01a0d778-4a7f-7547-ac98-41471799f490,LINGERING,2500000,250000,0,0,0,0,0,0
1574774,01a0b1c2-b010-7000-8000-000000000001,01a0d778-4a7f-7547-ac98-414ca8ab514d,LINGERING,1250000,250000,-2165064,0,0,0,0,0
1574774,01a0b1c2-b010-7000-8000-000000000001,01a0d778-828d-7281-9b0b-c160699881ac,ACTIVE,0,-109228,3165906,0,233,140000,0,0
1574774,01a0b1c2-b010-7000-8000-000000000001,01a0d778-8c1f-740e-b699-6d90c918701e,ACTIVE,2104392,-245188,1717109,0,0,140000,0,0
1574776,01a0b1c2-b010-7000-8000-000000000001,01a0d778-4a7f-7547-ac98-41471799f490,LINGERING,2500000,250000,0,0,0,0,0,0
1574776,01a0b1c2-b010-7000-8000-000000000001,01a0d778-4a7f-7547-ac98-414ca8ab514d,LINGERING,1250000,250000,-2165064,0,0,0,0,0
1574776,01a0b1c2-b010-7000-8000-000000000001,01a0d778-828d-7281-9b0b-c160699881ac,ACTIVE,0,-109205,3179906,0,233,140000,0,0
1574776,01a0b1c2-b010-7000-8000-000000000001,01a0d778-8c1f-740e-b699-6d90c918701e,ACTIVE,2104392,-245188,1731109,0,0,140000,0,0
1574778,01a0b1c2-b010-7000-8000-000000000001,01a0d778-4a7f-7547-ac98-41471799f490,LINGERING,2500000,250000,0,0,0,0,0,0
1574778,01a0b1c2-b010-7000-8000-000000000001,01a0d778-4a7f-7547-ac98-414ca8ab514d,LINGERING,1250000,250000,-2165064,0,0,0,0,0
1574778,01a0b1c2-b010-7000-8000-000000000001,01a0d778-828d-7281-9b0b-c160699881ac,ACTIVE,0,-109181,3193906,0,233,140000,0,0
1574778,01a0b1c2-b010-7000-8000-000000000001,01a0d778-8c1f-740e-b699-6d90c918701e,ACTIVE,2104392,-245188,1745109,0,0,140000,0,0
1574780,01a0b1c2-b010-7000-8000-000000000001,01a0d778-4a7f-7547-ac98-41471799f490,LINGERING,2500000,250000,0,0,0,0,0,0
1574780,01a0b1c2-b010-7000-8000-000000000001,01a0d778-4a7f-7547-ac98-414ca8ab514d,LINGERING,1250000,250000,-2165064,0,0,0,0,0
1574780,01a0b1c2-b010-7000-8000-000000000001,01a0d778-828d-7281-9b0b-c160699881ac,ACTIVE,0,-109158,3207906,0,233,140000,0,0
1574780,01a0b1c2-b010-7000-8000-000000000001,01a0d778-8c1f-740e-b699-6d90c918701e,ACTIVE,2104392,-245188,1759109,0,0,140000,0,0
1574782,01a0b1c2-b010-7000-8000-000000000001,01a0d778-4a7f-7547-ac98-41471799f490,LINGERING,2500000,250000,0,0,0,0,0,0
1574782,01a0b1c2-b010-7000-8000-000000000001,01a0d778-4a7f-7547-ac98-414ca8ab514d,LINGERING,1250000,250000,-2165064,0,0,0,0,0
1574782,01a0b1c2-b010-7000-8000-000000000001,01a0d778-828d-7281-9b0b-c160699881ac,ACTIVE,0,-109135,3221906,0,233,140000,0,0
1574782,01a0b1c2-b010-7000-8000-000000000001,01a0d778-8c1f-740e-b699-6d90c918701e,ACTIVE,2104392,-245188,1773109,0,0,140000,0,0
1574784,01a0b1c2-b010-7000-8000-000000000001,01a0d778-4a7f-7547-ac98-41471799f490,LINGERING,2500000,250000,0,0,0,0,0,0
1574784,01a0b1c2-b010-7000-8000-000000000001,01a0d778-4a7f-7547-ac98-414ca8ab514d,LINGERING,1250000,250000,-2165064,0,0,0,0,0
1574784,01a0b1c2-b010-7000-8000-000000000001,01a0d778-828d-7281-9b0b-c160699881ac,ACTIVE,0,-109112,3235906,0,233,140000,0,0
1574784,01a0b1c2-b010-7000-8000-000000000001,01a0d778-8c1f-740e-b699-6d90c918701e,ACTIVE,2104392,-245188,1787109,0,0,140000,0,0
1574786,01a0b1c2-b010-7000-8000-000000000001,01a0d778-4a7f-7547-ac98-41471799f490,LINGERING,2500000,250000,0,0,0,0,0,0
1574786,01a0b1c2-b010-7000-8000-000000000001,01a0d778-4a7f-7547-ac98-414ca8ab514d,LINGERING,1250000,250000,-2165064,0,0,0,0,0
1574786,01a0b1c2-b010-7000-8000-000000000001,01a0d778-828d-7281-9b0b-c160699881ac,ACTIVE,0,-109088,3249906,0,233,140000,0,0
1574786,01a0b1c2-b010-7000-8000-000000000001,01a0d778-8c1f-740e-b699-6d90c918701e,ACTIVE,2104392,-245188,1801109,0,0,140000,0,0
1574788,01a0b1c2-b010-7000-8000-000000000001,01a0d778-4a7f-7547-ac98-41471799f490,LINGERING,2500000,250000,0,0,0,0,0,0
1574788,01a0b1c2-b010-7000-8000-000000000001,01a0d778-4a7f-7547-ac98-414ca8ab514d,LINGERING,1250000,250000,-2165064,0,0,0,0,0
1574788,01a0b1c2-b010-7000-8000-000000000001,01a0d778-828d-7281-9b0b-c160699881ac,ACTIVE,0,-109065,3263906,0,233,140000,0,0
1574788,01a0b1c2-b010-7000-8000-000000000001,01a0d778-8c1f-740e-b699-6d90c918701e,ACTIVE,2104392,-245188,1815109,0,0,140000,0,0
1574790,01a0b1c2-b010-7000-8000-000000000001,01a0d778-4a7f-7547-ac98-41471799f490,LINGERING,2500000,250000,0,0,0,0,0,0
1574790,01a0b1c2-b010-7000-8000-000000000001,01a0d778-4a7f-7547-ac98-414ca8ab514d,LINGERING,1250000,250000,-2165064,0,0,0,0,0
1574790,01a0b1c2-b010-7000-8000-000000000001,01a0d778-828d-7281-9b0b-c160699881ac,ACTIVE,0,-109042,3277906,0,233,140000,0,0
1574790,01a0b1c2-b010-7000-8000-000000000001,01a0d778-8c1f-740e-b699-6d90c918701e,ACTIVE,2104392,-245188,1829109,0,0,140000,0,0
1574792,01a0b1c2-b010-7000-8000-000000000001,01a0d778-4a7f-7547-ac98-41471799f490,LINGERING,2500000,250000,0,0,0,0,0,0
1574792,01a0b1c2-b010-7000-8000-000000000001,01a0d778-4a7f-7547-ac98-414ca8ab514d,LINGERING,1250000,250000,-2165064,0,0,0,0,0
1574792,01a0b1c2-b010-7000-8000-000000000001,01a0d778-828d-7281-9b0b-c160699881ac,ACTIVE,0,-109019,3291906,0,233,140000,0,0
1574792,01a0b1c2-b010-7000-8000-000000000001,01a0d778-8c1f-740e-b699-6d90c918701e,ACTIVE,2104392,-245188,1843109,0,0,140000,0,0
1574794,01a0b1c2-b010-7000-8000-000000000001,01a0d778-4a7f-7547-ac98-41471799f490,LINGERING,2500000,250000,0,0,0,0,0,0
1574794,01a0b1c2-b010-7000-8000-000000000001,01a0d778-4a7f-7547-ac98-414ca8ab514d,LINGERING,1250000,250000,-2165064,0,0,0,0,0
1574794,01a0b1c2-b010-7000-8000-000000000001,01a0d778-828d-7281-9b0b-c160699881ac,ACTIVE,0,-108995,3305906,0,233,140000,0,0
1574794,01a0b1c2-b010-7000-8000-000000000001,01a0d778-8c1f-740e-b699-6d90c918701e,ACTIVE,2104392,-245188,1857109,0,0,140000,0,0
1574796,01a0b1c2-b010-7000-8000-000000000001,01a0d778-4a7f-7547-ac98-41471799f490,LINGERING,2500000,250000,0,0,0,0,0,0
1574796,01a0b1c2-b010-7000-8000-000000000001,01a0d778-4a7f-7547-ac98-414ca8ab514d,LINGERING,1250000,250000,-2165064,0,0,0,0,0
1574796,01a0b1c2-b010-7000-8000-000000000001,01a0d778-828d-7281-9b0b-c160699881ac,ACTIVE,0,-108972,3319906,0,233,140000,0,0
1574796,01a0b1c2-b010-7000-8000-000000000001,01a0d778-8c1f-740e-b699-6d90c918701e,ACTIVE,2104392,-245188,1871109,0,0,140000,0,0
1574798,01a0b1c2-b010-7000-8000-000000000001,01a0d778-4a7f-7547-ac98-41471799f490,LINGERING,2500000,250000,0,0,0,0,0,0
1574798,01a0b1c2-b010-7000-8000-000000000001,01a0d778-4a7f-7547-ac98-414ca8ab514d,LINGERING,1250000,250000,-2165064,0,0,0,0,0
1574798,01a0b1c2-b010-7000-8000-000000000001,01a0d778-828d-7281-9b0b-c160699881ac,ACTIVE,0,-108949,3333906,0,233,140000,0,0
1574798,01a0b1c2-b010-7000-8000-000000000001,01a0d778-8c1f-740e-b699-6d90c918701e,ACTIVE,2104392,-245188,1885109,0,0,140000,0,0
1574800,01a0b1c2-b010-7000-8000-000000000001,01a0d778-4a7f-7547-ac98-41471799f490,LINGERING,2500000,250000,0,0,0,0,0,0
1574800,01a0b1c2-b010-7000-8000-000000000001,01a0d778-4a7f-7547-ac98-414ca8ab514d,LINGERING,1250000,250000,-2165064,0,0,0,0,0
1574800,01a0b1c2-b010-7000-8000-000000000001,01a0d778-828d-7281-9b0b-c160699881ac,ACTIVE,0,-108925,3347906,0,233,140000,0,0
1574800,01a0b1c2-b010-7000-8000-000000000001,01a0d778-8c1f-740e-b699-6d90c918701e,ACTIVE,2104392,-245188,1899109,0,0,140000,0,0
1574802,01a0b1c2-b010-7000-8000-000000000001,01a0d778-4a7f-7547-ac98-41471799f490,LINGERING,2500000,250000,0,0,0,0,0,0
1574802,01a0b1c2-b010-7000-8000-000000000001,01a0d778-4a7f-7547-ac98-414ca8ab514d,LINGERING,1250000,250000,-2165064,0,0,0,0,0
1574802,01a0b1c2-b010-7000-8000-000000000001,01a0d778-828d-7281-9b0b-c160699881ac,ACTIVE,0,-108902,3361906,0,233,140000,0,0
1574802,01a0b1c2-b010-7000-8000-000000000001,01a0d778-8c1f-740e-b699-6d90c918701e,ACTIVE,2104392,-245188,1913109,0,0,140000,0,0
1574804,01a0b1c2-b010-7000-8000-000000000001,01a0d778-4a7f-7547-ac98-41471799f490,LINGERING,2500000,250000,0,0,0,0,0,0
1574804,01a0b1c2-b010-7000-8000-000000000001,01a0d778-4a7f-7547-ac98-414ca8ab514d,LINGERING,1250000,250000,-2165064,0,0,0,0,0
1574804,01a0b1c2-b010-7000-8000-000000000001,01a0d778-828d-7281-9b0b-c160699881ac,ACTIVE,0,-108879,3375906,0,233,140000,0,0
1574804,01a0b1c2-b010-7000-8000-000000000001,01a0d778-8c1f-740e-b699-6d90c918701e,ACTIVE,2104392,-245188,1927109,0,0,140000,0,0
1574806,01a0b1c2-b010-7000-8000-000000000001,01a0d778-4a7f-7547-ac98-41471799f490,LINGERING,2500000,250000,0,0,0,0,0,0
1574806,01a0b1c2-b010-7000-8000-000000000001,01a0d778-4a7f-7547-ac98-414ca8ab514d,LINGERING,1250000,250000,-2165064,0,0,0,0,0
1574806,01a0b1c2-b010-7000-8000-000000000001,01a0d778-828d-7281-9b0b-c160699881ac,ACTIVE,0,-108856,3389906,0,233,140000,0,0
1574806,01a0b1c2-b010-7000-8000-000000000001,01a0d778-8c1f-740e-b699-6d90c918701e,ACTIVE,2104392,-245188,1941109,0,0,140000,0,0
1574808,01a0b1c2-b010-7000-8000-000000000001,01a0d778-4a7f-7547-ac98-41471799f490,LINGERING,2500000,250000,0,0,0,0,0,0
1574808,01a0b1c2-b010-7000-8000-000000000001,01a0d778-4a7f-7547-ac98-414ca8ab514d,LINGERING,1250000,250000,-2165064,0,0,0,0,0
1574808,01a0b1c2-b010-7000-8000-000000000001,01a0d778-828d-7281-9b0b-c160699881ac,ACTIVE,0,-108832,3403906,0,233,140000,0,0
1574808,01a0b1c2-b010-7000-8000-000000000001,01a0d778-8c1f-740e-b699-6d90c918701e,ACTIVE,2104392,-245188,1955109,0,0,140000,0,0
1574810,01a0b1c2-b010-7000-8000-000000000001,01a0d778-4a7f-7547-ac98-41471799f490,LINGERING,2500000,250000,0,0,0,0,0,0
1574810,01a0b1c2-b010-7000-8000-000000000001,01a0d778-4a7f-7547-ac98-414ca8ab514d,LINGERING,1250000,250000,-2165064,0,0,0,0,0
1574810,01a0b1c2-b010-7000-8000-000000000001,01a0d778-828d-7281-9b0b-c160699881ac,ACTIVE,0,-108809,3417906,0,233,140000,0,0
1574810,01a0b1c2-b010-7000-8000-000000000001,01a0d778-8c1f-740e-b699-6d90c918701e,ACTIVE,2104392,-245188,1969109,0,0,140000,0,0
1574812,01a0b1c2-b010-7000-8000-000000000001,01a0d778-4a7f-7547-ac98-41471799f490,LINGERING,2500000,250000,0,0,0,0,0,0
1574812,01a0b1c2-b010-7000-8000-000000000001,01a0d778-4a7f-7547-ac98-414ca8ab514d,LINGERING,1250000,250000,-2165064,0,0,0,0,0
1574812,01a0b1c2-b010-7000-8000-000000000001,01a0d778-828d-7281-9b0b-c160699881ac,ACTIVE,0,-108786,3431906,0,233,140000,0,0
1574812,01a0b1c2-b010-7000-8000-000000000001,01a0d778-8c1f-740e-b699-6d90c918701e,ACTIVE,2104392,-245188,1983109,0,0,140000,0,0
1574814,01a0b1c2-b010-7000-8000-000000000001,01a0d778-4a7f-7547-ac98-41471799f490,LINGERING,2500000,250000,0,0,0,0,0,0
1574814,01a0b1c2-b010-7000-8000-000000000001,01a0d778-4a7f-7547-ac98-414ca8ab514d,LINGERING,1250000,250000,-2165064,0,0,0,0,0
1574814,01a0b1c2-b010-7000-8000-000000000001,01a0d778-828d-7281-9b0b-c160699881ac,ACTIVE,0,-108763,3445906,0,233,140000,0,0
1574814,01a0b1c2-b010-7000-8000-000000000001,01a0d778-8c1f-740e-b699-6d90c918701e,ACTIVE,2104392,-245188,1997109,0,0,140000,0,0
1574816,01a0b1c2-b010-7000-8000-000000000001,01a0d778-4a7f-7547-ac98-41471799f490,LINGERING,2500000,250000,0,0,0,0,0,0
1574816,01a0b1c2-b010-7000-8000-000000000001,01a0d778-4a7f-7547-ac98-414ca8ab514d,LINGERING,1250000,250000,-2165064,0,0,0,0,0
1574816,01a0b1c2-b010-7000-8000-000000000001,01a0d778-828d-7281-9b0b-c160699881ac,ACTIVE,0,-108739,3459906,0,233,140000,0,0
1574816,01a0b1c2-b010-7000-8000-000000000001,01a0d778-8c1f-740e-b699-6d90c918701e,ACTIVE,2104392,-245188,2011109,0,0,140000,0,0
1574818,01a0b1c2-b010-7000-8000-000000000001,01a0d778-4a7f-7547-ac98-41471799f490,LINGERING,2500000,250000,0,0,0,0,0,0
1574818,01a0b1c2-b010-7000-8000-000000000001,01a0d778-4a7f-7547-ac98-414ca8ab514d,LINGERING,1250000,250000,-2165064,0,0,0,0,0
1574818,01a0b1c2-b010-7000-8000-000000000001,01a0d778-828d-7281-9b0b-c160699881ac,ACTIVE,0,-108716,3473906,0,233,140000,0,0
1574818,01a0b1c2-b010-7000-8000-000000000001,01a0d778-8c1f-740e-b699-6d90c918701e,ACTIVE,2104392,-245188,2025109,0,0,140000,0,0
1574820,01a0b1c2-b010-7000-8000-000000000001,01a0d778-4a7f-7547-ac98-41471799f490,LINGERING,2500000,250000,0,0,0,0,0,0
1574820,01a0b1c2-b010-7000-8000-000000000001,01a0d778-4a7f-7547-ac98-414ca8ab514d,LINGERING,1250000,250000,-2165064,0,0,0,0,0
1574820,01a0b1c2-b010-7000-8000-000000000001,01a0d778-828d-7281-9b0b-c160699881ac,ACTIVE,0,-108693,3487906,0,233,140000,0,0
1574820,01a0b1c2-b010-7000-8000-000000000001,01a0d778-8c1f-740e-b699-6d90c918701e,ACTIVE,2104392,-245188,2039109,0,0,140000,0,0
1574822,01a0b1c2-b010-7000-8000-000000000001,01a0d778-4a7f-7547-ac98-41471799f490,LINGERING,2500000,250000,0,0,0,0,0,0
1574822,01a0b1c2-b010-7000-8000-000000000001,01a0d778-4a7f-7547-ac98-414ca8ab514d,LINGERING,1250000,250000,-2165064,0,0,0,0,0
1574822,01a0b1c2-b010-7000-8000-000000000001,01a0d778-828d-7281-9b0b-c160699881ac,ACTIVE,0,-108669,3501906,0,233,140000,0,0
1574822,01a0b1c2-b010-7000-8000-000000000001,01a0d778-8c1f-740e-b699-6d90c918701e,ACTIVE,2104392,-245188,2053109,0,0,140000,0,0
1574824,01a0b1c2-b010-7000-8000-000000000001,01a0d778-4a7f-7547-ac98-41471799f490,LINGERING,2500000,250000,0,0,0,0,0,0
1574824,01a0b1c2-b010-7000-8000-000000000001,01a0d778-4a7f-7547-ac98-414ca8ab514d,LINGERING,1250000,250000,-2165064,0,0,0,0,0
1574824,01a0b1c2-b010-7000-8000-000000000001,01a0d778-828d-7281-9b0b-c160699881ac,ACTIVE,0,-108646,3515906,0,233,140000,0,0
1574824,01a0b1c2-b010-7000-8000-000000000001,01a0d778-8c1f-740e-b699-6d90c918701e,ACTIVE,2104392,-245188,2067109,0,0,140000,0,0
1574826,01a0b1c2-b010-7000-8000-000000000001,01a0d778-4a7f-7547-ac98-41471799f490,LINGERING,2500000,250000,0,0,0,0,0,0
1574826,01a0b1c2-b010-7000-8000-000000000001,01a0d778-4a7f-7547-ac98-414ca8ab514d,LINGERING,1250000,250000,-2165064,0,0,0,0,0
1574826,01a0b1c2-b010-7000-8000-000000000001,01a0d778-828d-7281-9b0b-c160699881ac,ACTIVE,0,-108623,3529906,0,233,140000,0,0
1574826,01a0b1c2-b010-7000-8000-000000000001,01a0d778-8c1f-740e-b699-6d90c918701e,ACTIVE,2104392,-245188,2081109,0,0,140000,0,0
1574828,01a0b1c2-b010-7000-8000-000000000001,01a0d778-4a7f-7547-ac98-41471799f490,LINGERING,2500000,250000,0,0,0,0,0,0
1574828,01a0b1c2-b010-7000-8000-000000000001,01a0d778-4a7f-7547-ac98-414ca8ab514d,LINGERING,1250000,250000,-2165064,0,0,0,0,0
1574828,01a0b1c2-b010-7000-8000-000000000001,01a0d778-828d-7281-9b0b-c160699881ac,ACTIVE,0,-108600,3543906,0,233,140000,0,0
1574828,01a0b1c2-b010-7000-8000-000000000001,01a0d778-8c1f-740e-b699-6d90c918701e,ACTIVE,2104392,-245188,2095109,0,0,140000,0,0
1574830,01a0b1c2-b010-7000-8000-000000000001,01a0d778-4a7f-7547-ac98-41471799f490,LINGERING,2500000,250000,0,0,0,0,0,0
1574830,01a0b1c2-b010-7000-8000-000000000001,01a0d778-4a7f-7547-ac98-414ca8ab514d,LINGERING,1250000,250000,-2165064,0,0,0,0,0
1574830,01a0b1c2-b010-7000-8000-000000000001,01a0d778-828d-7281-9b0b-c160699881ac,ACTIVE,0,-108576,3557906,0,233,140000,0,0
1574830,01a0b1c2-b010-7000-8000-000000000001,01a0d778-8c1f-740e-b699-6d90c918701e,ACTIVE,2104392,-245188,2109109,0,0,140000,0,0
1574832,01a0b1c2-b010-7000-8000-000000000001,01a0d778-4a7f-7547-ac98-41471799f490,LINGERING,2500000,250000,0,0,0,0,0,0
1574832,01a0b1c2-b010-7000-8000-000000000001,01a0d778-4a7f-7547-ac98-414ca8ab514d,LINGERING,1250000,250000,-2165064,0,0,0,0,0
1574832,01a0b1c2-b010-7000-8000-000000000001,01a0d778-828d-7281-9b0b-c160699881ac,ACTIVE,0,-108553,3571906,0,233,140000,0,0
1574832,01a0b1c2-b010-7000-8000-000000000001,01a0d778-8c1f-740e-b699-6d90c918701e,ACTIVE,2104392,-245188,2123109,0,0,140000,0,0
1574834,01a0b1c2-b010-7000-8000-000000000001,01a0d778-4a7f-7547-ac98-41471799f490,LINGERING,2500000,250000,0,0,0,0,0,0
1574834,01a0b1c2-b010-7000-8000-000000000001,01a0d778-4a7f-7547-ac98-414ca8ab514d,LINGERING,1250000,250000,-2165064,0,0,0,0,0
1574834,01a0b1c2-b010-7000-8000-000000000001,01a0d778-828d-7281-9b0b-c160699881ac,ACTIVE,0,-108530,3585906,0,233,140000,0,0
1574834,01a0b1c2-b010-7000-8000-000000000001,01a0d778-8c1f-740e-b699-6d90c918701e,ACTIVE,2104392,-245188,2137109,0,0,140000,0,0
1574836,01a0b1c2-b010-7000-8000-000000000001,01a0d778-4a7f-7547-ac98-41471799f490,LINGERING,2500000,250000,0,0,0,0,0,0
1574836,01a0b1c2-b010-7000-8000-000000000001,01a0d778-4a7f-7547-ac98-414ca8ab514d,LINGERING,1250000,250000,-2165064,0,0,0,0,0
1574836,01a0b1c2-b010-7000-8000-000000000001,01a0d778-828d-7281-9b0b-c160699881ac,ACTIVE,0,-108507,3599906,0,233,140000,0,0
1574836,01a0b1c2-b010-7000-8000-000000000001,01a0d778-8c1f-740e-b699-6d90c918701e,ACTIVE,2104392,-245188,2151109,0,0,140000,0,0
1574838,01a0b1c2-b010-7000-8000-000000000001,01a0d778-4a7f-7547-ac98-41471799f490,LINGERING,2500000,250000,0,0,0,0,0,0
1574838,01a0b1c2-b010-7000-8000-000000000001,01a0d778-4a7f-7547-ac98-414ca8ab514d,LINGERING,1250000,250000,-2165064,0,0,0,0,0
1574838,01a0b1c2-b010-7000-8000-000000000001,01a0d778-828d-7281-9b0b-c160699881ac,ACTIVE,0,-108483,3613906,0,233,140000,0,0
1574838,01a0b1c2-b010-7000-8000-000000000001,01a0d778-8c1f-740e-b699-6d90c918701e,ACTIVE,2104392,-245188,2165109,0,0,140000,0,0
1574840,01a0b1c2-b010-7000-8000-000000000001,01a0d778-4a7f-7547-ac98-41471799f490,LINGERING,2500000,250000,0,0,0,0,0,0
1574840,01a0b1c2-b010-7000-8000-000000000001,01a0d778-4a7f-7547-ac98-414ca8ab514d,LINGERING,1250000,250000,-2165064,0,0,0,0,0
1574840,01a0b1c2-b010-7000-8000-000000000001,01a0d778-828d-7281-9b0b-c160699881ac,ACTIVE,0,-108460,3627906,0,233,140000,0,0
1574840,01a0b1c2-b010-7000-8000-000000000001,01a0d778-8c1f-740e-b699-6d90c918701e,ACTIVE,2104392,-245188,2179109,0,0,140000,0,0
1574842,01a0b1c2-b010-7000-8000-000000000001,01a0d778-4a7f-7547-ac98-41471799f490,LINGERING,2500000,250000,0,0,0,0,0,0
1574842,01a0b1c2-b010-7000-8000-000000000001,01a0d778-4a7f-7547-ac98-414ca8ab514d,LINGERING,1250000,250000,-2165064,0,0,0,0,0
1574842,01a0b1c2-b010-7000-8000-000000000001,01a0d778-828d-7281-9b0b-c160699881ac,ACTIVE,0,-108437,3641906,0,233,140000,0,0
1574842,01a0b1c2-b010-7000-8000-000000000001,01a0d778-8c1f-740e-b699-6d90c918701e,ACTIVE,2104392,-245188,2193109,0,0,140000,0,0
1574844,01a0b1c2-b010-7000-8000-000000000001,01a0d778-4a7f-7547-ac98-41471799f490,LINGERING,2500000,250000,0,0,0,0,0,0
1574844,01a0b1c2-b010-7000-8000-000000000001,01a0d778-4a7f-7547-ac98-414ca8ab514d,LINGERING,1250000,250000,-2165064,0,0,0,0,0
1574844,01a0b1c2-b010-7000-8000-000000000001,01a0d778-828d-7281-9b0b-c160699881ac,ACTIVE,0,-108413,3655906,0,233,140000,0,0
1574844,01a0b1c2-b010-7000-8000-000000000001,01a0d778-8c1f-740e-b699-6d90c918701e,ACTIVE,2104392,-245188,2207109,0,0,140000,0,0
1574846,01a0b1c2-b010-7000-8000-000000000001,01a0d778-4a7f-7547-ac98-41471799f490,LINGERING,2500000,250000,0,0,0,0,0,0
1574846,01a0b1c2-b010-7000-8000-000000000001,01a0d778-4a7f-7547-ac98-414ca8ab514d,LINGERING,1250000,250000,-2165064,0,0,0,0,0
1574846,01a0b1c2-b010-7000-8000-000000000001,01a0d778-828d-7281-9b0b-c160699881ac,ACTIVE,0,-108390,3669906,0,233,140000,0,0
1574846,01a0b1c2-b010-7000-8000-000000000001,01a0d778-8c1f-740e-b699-6d90c918701e,ACTIVE,2104392,-245188,2221109,0,0,140000,0,0
1574848,01a0b1c2-b010-7000-8000-000000000001,01a0d778-4a7f-7547-ac98-41471799f490,LINGERING,2500000,250000,0,0,0,0,0,0
1574848,01a0b1c2-b010-7000-8000-000000000001,01a0d778-4a7f-7547-ac98-414ca8ab514d,LINGERING,1250000,250000,-2165064,0,0,0,0,0
1574848,01a0b1c2-b010-7000-8000-000000000001,01a0d778-828d-7281-9b0b-c160699881ac,ACTIVE,0,-108367,3683906,0,233,140000,0,0
1574848,01a0b1c2-b010-7000-8000-000000000001,01a0d778-8c1f-740e-b699-6d90c918701e,ACTIVE,2104392,-245188,2235109,0,0,140000,0,0
1574850,01a0b1c2-b010-7000-8000-000000000001,01a0d778-4a7f-7547-ac98-41471799f490,LINGERING,2500000,250000,0,0,0,0,0,0
1574850,01a0b1c2-b010-7000-8000-000000000001,01a0d778-4a7f-7547-ac98-414ca8ab514d,LINGERING,1250000,250000,-2165064,0,0,0,0,0
1574850,01a0b1c2-b010-7000-8000-000000000001,01a0d778-828d-7281-9b0b-c160699881ac,ACTIVE,0,-108344,3697906,0,233,140000,0,0
1574850,01a0b1c2-b010-7000-8000-000000000001,01a0d778-8c1f-740e-b699-6d90c918701e,ACTIVE,2104392,-245188,2249109,0,0,140000,0,0
1574852,01a0b1c2-b010-7000-8000-000000000001,01a0d778-4a7f-7547-ac98-41471799f490,LINGERING,2500000,250000,0,0,0,0,0,0
1574852,01a0b1c2-b010-7000-8000-000000000001,01a0d778-4a7f-7547-ac98-414ca8ab514d,LINGERING,1250000,250000,-2165064,0,0,0,0,0
1574852,01a0b1c2-b010-7000-8000-000000000001,01a0d778-828d-7281-9b0b-c160699881ac,ACTIVE,0,-108320,3711906,0,233,140000,0,0
1574852,01a0b1c2-b010-7000-8000-000000000001,01a0d778-8c1f-740e-b699-6d90c918701e,ACTIVE,2104392,-245188,2263109,0,0,140000,0,0
1574854,01a0b1c2-b010-7000-8000-000000000001,01a0d778-4a7f-7547-ac98-41471799f490,LINGERING,2500000,250000,0,0,0,0,0,0
1574854,01a0b1c2-b010-7000-8000-000000000001,01a0d778-4a7f-7547-ac98-414ca8ab514d,LINGERING,1250000,250000,-2165064,0,0,0,0,0
1574854,01a0b1c2-b010-7000-8000-000000000001,01a0d778-828d-7281-9b0b-c160699881ac,ACTIVE,0,-108297,3725906,0,233,140000,0,0
1574854,01a0b1c2-b010-7000-8000-000000000001,01a0d778-8c1f-740e-b699-6d90c918701e,ACTIVE,2104392,-245188,2277109,0,0,140000,0,0
1574856,01a0b1c2-b010-7000-8000-000000000001,01a0d778-4a7f-7547-ac98-41471799f490,LINGERING,2500000,250000,0,0,0,0,0,0
1574856,01a0b1c2-b010-7000-8000-000000000001,01a0d778-4a7f-7547-ac98-414ca8ab514d,LINGERING,1250000,250000,-2165064,0,0,0,0,0
1574856,01a0b1c2-b010-7000-8000-000000000001,01a0d778-828d-7281-9b0b-c160699881ac,ACTIVE,0,-108274,3739906,0,233,140000,0,0
1574856,01a0b1c2-b010-7000-8000-000000000001,01a0d778-8c1f-740e-b699-6d90c918701e,ACTIVE,2104392,-245188,2291109,0,0,140000,0,0
1574858,01a0b1c2-b010-7000-8000-000000000001,01a0d778-4a7f-7547-ac98-41471799f490,LINGERING,2500000,250000,0,0,0,0,0,0
1574858,01a0b1c2-b010-7000-8000-000000000001,01a0d778-4a7f-7547-ac98-414ca8ab514d,LINGERING,1250000,250000,-2165064,0,0,0,0,0
1574858,01a0b1c2-b010-7000-8000-000000000001,01a0d778-828d-7281-9b0b-c160699881ac,ACTIVE,0,-108251,3753906,0,233,140000,0,0
1574858,01a0b1c2-b010-7000-8000-000000000001,01a0d778-8c1f-740e-b699-6d90c918701e,ACTIVE,2104392,-245188,2305109,0,0,140000,0,0
1574860,01a0b1c2-b010-7000-8000-000000000001,01a0d778-4a7f-7547-ac98-41471799f490,LINGERING,2500000,250000,0,0,0,0,0,0
1574860,01a0b1c2-b010-7000-8000-000000000001,01a0d778-4a7f-7547-ac98-414ca8ab514d,LINGERING,1250000,250000,-2165064,0,0,0,0,0
1574860,01a0b1c2-b010-7000-8000-000000000001,01a0d778-828d-7281-9b0b-c160699881ac,ACTIVE,0,-108227,3767905,0,233,140000,0,0
1574860,01a0b1c2-b010-7000-8000-000000000001,01a0d778-8c1f-740e-b699-6d90c918701e,ACTIVE,2104392,-245188,2319109,0,0,140000,0,0
1574862,01a0b1c2-b010-7000-8000-000000000001,01a0d778-4a7f-7547-ac98-41471799f490,LINGERING,2500000,250000,0,0,0,0,0,0
1574862,01a0b1c2-b010-7000-8000-000000000001,01a0d778-4a7f-7547-ac98-414ca8ab514d,LINGERING,1250000,250000,-2165064,0,0,0,0,0
1574862,01a0b1c2-b010-7000-8000-000000000001,01a0d778-828d-7281-9b0b-c160699881ac,ACTIVE,0,-108204,3781905,0,233,140000,0,0
1574862,01a0b1c2-b010-7000-8000-000000000001,01a0d778-8c1f-740e-b699-6d90c918701e,ACTIVE,2104392,-245188,2333109,0,0,140000,0,0
1574864,01a0b1c2-b010-7000-8000-000000000001,01a0d778-4a7f-7547-ac98-41471799f490,LINGERING,2500000,250000,0,0,0,0,0,0
1574864,01a0b1c2-b010-7000-8000-000000000001,01a0d778-4a7f-7547-ac98-414ca8ab514d,LINGERING,1250000,250000,-2165064,0,0,0,0,0
1574864,01a0b1c2-b010-7000-8000-000000000001,01a0d778-828d-7281-9b0b-c160699881ac,ACTIVE,0,-108181,3795905,0,233,140000,0,0
1574864,01a0b1c2-b010-7000-8000-000000000001,01a0d778-8c1f-740e-b699-6d90c918701e,ACTIVE,2104392,-245188,2347109,0,0,140000,0,0
1574866,01a0b1c2-b010-7000-8000-000000000001,01a0d778-4a7f-7547-ac98-41471799f490,LINGERING,2500000,250000,0,0,0,0,0,0
1574866,01a0b1c2-b010-7000-8000-000000000001,01a0d778-4a7f-7547-ac98-414ca8ab514d,LINGERING,1250000,250000,-2165064,0,0,0,0,0
1574866,01a0b1c2-b010-7000-8000-000000000001,01a0d778-828d-7281-9b0b-c160699881ac,ACTIVE,0,-108157,3809905,0,233,140000,0,0
1574866,01a0b1c2-b010-7000-8000-000000000001,01a0d778-8c1f-740e-b699-6d90c918701e,ACTIVE,2104392,-245188,2361109,0,0,140000,0,0
1574868,01a0b1c2-b010-7000-8000-000000000001,01a0d778-4a7f-7547-ac98-41471799f490,LINGERING,2500000,250000,0,0,0,0,0,0
1574868,01a0b1c2-b010-7000-8000-000000000001,01a0d778-4a7f-7547-ac98-414ca8ab514d,LINGERING,1250000,250000,-2165064,0,0,0,0,0
1574868,01a0b1c2-b010-7000-8000-000000000001,01a0d778-828d-7281-9b0b-c160699881ac,ACTIVE,0,-108134,3823905,0,233,140000,0,0
1574868,01a0b1c2-b010-7000-8000-000000000001,01a0d778-8c1f-740e-b699-6d90c918701e,ACTIVE,2104392,-245188,2375109,0,0,140000,0,0
1574870,01a0b1c2-b010-7000-8000-000000000001,01a0d778-4a7f-7547-ac98-41471799f490,LINGERING,2500000,250000,0,0,0,0,0,0
1574870,01a0b1c2-b010-7000-8000-000000000001,01a0d778-4a7f-7547-ac98-414ca8ab514d,LINGERING,1250000,250000,-2165064,0,0,0,0,0
1574870,01a0b1c2-b010-7000-8000-000000000001,01a0d778-828d-7281-9b0b-c160699881ac,ACTIVE,0,-108111,3837905,0,233,140000,0,0
1574870,01a0b1c2-b010-7000-8000-000000000001,01a0d778-8c1f-740e-b699-6d90c918701e,ACTIVE,2104392,-245188,2389109,0,0,140000,0,0
1574872,01a0b1c2-b010-7000-8000-000000000001,01a0d778-4a7f-7547-ac98-41471799f490,LINGERING,2500000,250000,0,0,0,0,0,0
1574872,01a0b1c2-b010-7000-8000-000000000001,01a0d778-4a7f-7547-ac98-414ca8ab514d,LINGERING,1250000,250000,-2165064,0,0,0,0,0
1574872,01a0b1c2-b010-7000-8000-000000000001,01a0d778-828d-7281-9b0b-c160699881ac,ACTIVE,0,-108088,3851905,0,233,140000,0,0
1574872,01a0b1c2-b010-7000-8000-000000000001,01a0d778-8c1f-740e-b699-6d90c918701e,ACTIVE,2104392,-245188,2403109,0,0,140000,0,0
1574874,01a0b1c2-b010-7000-8000-000000000001,01a0d778-4a7f-7547-ac98-41471799f490,LINGERING,2500000,250000,0,0,0,0,0,0
1574874,01a0b1c2-b010-7000-8000-000000000001,01a0d778-4a7f-7547-ac98-414ca8ab514d,LINGERING,1250000,250000,-2165064,0,0,0,0,0
1574874,01a0b1c2-b010-7000-8000-000000000001,01a0d778-828d-7281-9b0b-c160699881ac,ACTIVE,0,-108064,3865905,0,233,140000,0,0
1574874,01a0b1c2-b010-7000-8000-000000000001,01a0d778-8c1f-740e-b699-6d90c918701e,ACTIVE,2104392,-245188,2417109,0,0,140000,0,0
1574876,01a0b1c2-b010-7000-8000-000000000001,01a0d778-4a7f-7547-ac98-41471799f490,LINGERING,2500000,250000,0,0,0,0,0,0
1574876,01a0b1c2-b010-7000-8000-000000000001,01a0d778-4a7f-7547-ac98-414ca8ab514d,LINGERING,1250000,250000,-2165064,0,0,0,0,0
1574876,01a0b1c2-b010-7000-8000-000000000001,01a0d778-828d-7281-9b0b-c160699881ac,ACTIVE,0,-108041,3879905,0,233,140000,0,0
1574876,01a0b1c2-b010-7000-8000-000000000001,01a0d778-8c1f-740e-b699-6d90c918701e,ACTIVE,2104392,-245188,2431109,0,0,140000,0,0
1574878,01a0b1c2-b010-7000-8000-000000000001,01a0d778-4a7f-7547-ac98-41471799f490,LINGERING,2500000,250000,0,0,0,0,0,0
1574878,01a0b1c2-b010-7000-8000-000000000001,01a0d778-4a7f-7547-ac98-414ca8ab514d,LINGERING,1250000,250000,-2165064,0,0,0,0,0
1574878,01a0b1c2-b010-7000-8000-000000000001,01a0d778-828d-7281-9b0b-c160699881ac,ACTIVE,0,-108018,3893905,0,233,140000,0,0
1574878,01a0b1c2-b010-7000-8000-000000000001,01a0d778-8c1f-740e-b699-6d90c918701e,ACTIVE,2104392,-245188,2445109,0,0,140000,0,0
1574880,01a0b1c2-b010-7000-8000-000000000001,01a0d778-4a7f-7547-ac98-41471799f490,LINGERING,2500000,250000,0,0,0,0,0,0
1574880,01a0b1c2-b010-7000-8000-000000000001,01a0d778-4a7f-7547-ac98-414ca8ab514d,LINGERING,1250000,250000,-2165064,0,0,0,0,0
1574880,01a0b1c2-b010-7000-8000-000000000001,01a0d778-828d-7281-9b0b-c160699881ac,ACTIVE,0,-107995,3907905,0,233,140000,0,0
1574880,01a0b1c2-b010-7000-8000-000000000001,01a0d778-8c1f-740e-b699-6d90c918701e,ACTIVE,2104392,-245188,2459109,0,0,140000,0,0
1574882,01a0b1c2-b010-7000-8000-000000000001,01a0d778-4a7f-7547-ac98-41471799f490,LINGERING,2500000,250000,0,0,0,0,0,0
1574882,01a0b1c2-b010-7000-8000-000000000001,01a0d778-4a7f-7547-ac98-414ca8ab514d,LINGERING,1250000,250000,-2165064,0,0,0,0,0
1574882,01a0b1c2-b010-7000-8000-000000000001,01a0d778-828d-7281-9b0b-c160699881ac,ACTIVE,0,-107971,3921905,0,233,140000,0,0
1574882,01a0b1c2-b010-7000-8000-000000000001,01a0d778-8c1f-740e-b699-6d90c918701e,ACTIVE,2104392,-245188,2473109,0,0,140000,0,0
1574884,01a0b1c2-b010-7000-8000-000000000001,01a0d778-4a7f-7547-ac98-41471799f490,LINGERING,2500000,250000,0,0,0,0,0,0
1574884,01a0b1c2-b010-7000-8000-000000000001,01a0d778-4a7f-7547-ac98-414ca8ab514d,LINGERING,1250000,250000,-2165064,0,0,0,0,0
1574884,01a0b1c2-b010-7000-8000-000000000001,01a0d778-828d-7281-9b0b-c160699881ac,ACTIVE,0,-107948,3935905,0,233,140000,0,0
1574884,01a0b1c2-b010-7000-8000-000000000001,01a0d778-8c1f-740e-b699-6d90c918701e,ACTIVE,2104392,-245188,2487109,0,0,140000,0,0
1574886,01a0b1c2-b010-7000-8000-000000000001,01a0d778-4a7f-7547-ac98-41471799f490,LINGERING,2500000,250000,0,0,0,0,0,0
1574886,01a0b1c2-b010-7000-8000-000000000001,01a0d778-4a7f-7547-ac98-414ca8ab514d,LINGERING,1250000,250000,-2165064,0,0,0,0,0
1574886,01a0b1c2-b010-7000-8000-000000000001,01a0d778-828d-7281-9b0b-c160699881ac,ACTIVE,0,-107925,3949905,0,233,140000,0,0
1574886,01a0b1c2-b010-7000-8000-000000000001,01a0d778-8c1f-740e-b699-6d90c918701e,ACTIVE,2104392,-245188,2501109,0,0,140000,0,0
1574888,01a0b1c2-b010-7000-8000-000000000001,01a0d778-4a7f-7547-ac98-41471799f490,LINGERING,2500000,250000,0,0,0,0,0,0
1574888,01a0b1c2-b010-7000-8000-000000000001,01a0d778-4a7f-7547-ac98-414ca8ab514d,LINGERING,1250000,250000,-2165064,0,0,0,0,0
1574888,01a0b1c2-b010-7000-8000-000000000001,01a0d778-828d-7281-9b0b-c160699881ac,ACTIVE,0,-107901,3963905,0,233,140000,0,0
1574888,01a0b1c2-b010-7000-8000-000000000001,01a0d778-8c1f-740e-b699-6d90c918701e,ACTIVE,2104392,-245188,2515109,0,0,140000,0,0
1574890,01a0b1c2-b010-7000-8000-000000000001,01a0d778-4a7f-7547-ac98-41471799f490,LINGERING,2500000,250000,0,0,0,0,0,0
1574890,01a0b1c2-b010-7000-8000-000000000001,01a0d778-4a7f-7547-ac98-414ca8ab514d,LINGERING,1250000,250000,-2165064,0,0,0,0,0
1574890,01a0b1c2-b010-7000-8000-000000000001,01a0d778-828d-7281-9b0b-c160699881ac,ACTIVE,0,-107878,3977905,0,233,140000,0,0
1574890,01a0b1c2-b010-7000-8000-000000000001,01a0d778-8c1f-740e-b699-6d90c918701e,ACTIVE,2104392,-245188,2529109,0,0,140000,0,0
1574892,01a0b1c2-b010-7000-8000-000000000001,01a0d778-4a7f-7547-ac98-41471799f490,LINGERING,2500000,250000,0,0,0,0,0,0
1574892,01a0b1c2-b010-7000-8000-000000000001,01a0d778-4a7f-7547-ac98-414ca8ab514d,LINGERING,1250000,250000,-2165064,0,0,0,0,0
1574892,01a0b1c2-b010-7000-8000-000000000001,01a0d778-828d-7281-9b0b-c160699881ac,ACTIVE,0,-107855,3991905,0,233,140000,0,0
1574892,01a0b1c2-b010-7000-8000-000000000001,01a0d778-8c1f-740e-b699-6d90c918701e,ACTIVE,2104392,-245188,2543109,0,0,140000,0,0
1574894,01a0b1c2-b010-7000-8000-000000000001,01a0d778-4a7f-7547-ac98-41471799f490,LINGERING,2500000,250000,0,0,0,0,0,0
1574894,01a0b1c2-b010-7000-8000-000000000001,01a0d778-4a7f-7547-ac98-414ca8ab514d,LINGERING,1250000,250000,-2165064,0,0,0,0,0
1574894,01a0b1c2-b010-7000-8000-000000000001,01a0d778-828d-7281-9b0b-c160699881ac,ACTIVE,0,-107832,4005905,0,233,140000,0,0
1574894,01a0b1c2-b010-7000-8000-000000000001,01a0d778-8c1f-740e-b699-6d90c918701e,ACTIVE,2104392,-245188,2557109,0,0,140000,0,0
1574896,01a0b1c2-b010-7000-8000-000000000001,01a0d778-4a7f-7547-ac98-41471799f490,LINGERING,2500000,250000,0,0,0,0,0,0
1574896,01a0b1c2-b010-7000-8000-000000000001,01a0d778-4a7f-7547-ac98-414ca8ab514d,LINGERING,1250000,250000,-2165064,0,0,0,0,0
1574896,01a0b1c2-b010-7000-8000-000000000001,01a0d778-828d-7281-9b0b-c160699881ac,ACTIVE,0,-107808,4019905,0,233,140000,0,0
1574896,01a0b1c2-b010-7000-8000-000000000001,01a0d778-8c1f-740e-b699-6d90c918701e,ACTIVE,2104392,-245188,2571109,0,0,140000,0,0
1574898,01a0b1c2-b010-7000-8000-000000000001,01a0d778-4a7f-7547-ac98-41471799f490,LINGERING,2500000,250000,0,0,0,0,0,0
1574898,01a0b1c2-b010-7000-8000-000000000001,01a0d778-4a7f-7547-ac98-414ca8ab514d,LINGERING,1250000,250000,-2165064,0,0,0,0,0
1574898,01a0b1c2-b010-7000-8000-000000000001,01a0d778-828d-7281-9b0b-c160699881ac,ACTIVE,0,-107785,4033905,0,233,140000,0,0
1574898,01a0b1c2-b010-7000-8000-000000000001,01a0d778-8c1f-740e-b699-6d90c918701e,ACTIVE,2104392,-245188,2585109,0,0,140000,0,0
1574900,01a0b1c2-b010-7000-8000-000000000001,01a0d778-4a7f-7547-ac98-41471799f490,LINGERING,2500000,250000,0,0,0,0,0,0
1574900,01a0b1c2-b010-7000-8000-000000000001,01a0d778-4a7f-7547-ac98-414ca8ab514d,LINGERING,1250000,250000,-2165064,0,0,0,0,0
1574900,01a0b1c2-b010-7000-8000-000000000001,01a0d778-828d-7281-9b0b-c160699881ac,ACTIVE,0,-107762,4047905,0,233,140000,0,0
1574900,01a0b1c2-b010-7000-8000-000000000001,01a0d778-8c1f-740e-b699-6d90c918701e,ACTIVE,2104392,-245188,2599109,0,0,140000,0,0
1574902,01a0b1c2-b010-7000-8000-000000000001,01a0d778-4a7f-7547-ac98-41471799f490,LINGERING,2500000,250000,0,0,0,0,0,0
1574902,01a0b1c2-b010-7000-8000-000000000001,01a0d778-4a7f-7547-ac98-414ca8ab514d,LINGERING,1250000,250000,-2165064,0,0,0,0,0
1574902,01a0b1c2-b010-7000-8000-000000000001,01a0d778-828d-7281-9b0b-c160699881ac,ACTIVE,0,-107739,4061905,0,233,140000,0,0
1574902,01a0b1c2-b010-7000-8000-000000000001,01a0d778-8c1f-740e-b699-6d90c918701e,ACTIVE,2104392,-245188,2613109,0,0,140000,0,0
1574904,01a0b1c2-b010-7000-8000-000000000001,01a0d778-4a7f-7547-ac98-41471799f490,LINGERING,2500000,250000,0,0,0,0,0,0
1574904,01a0b1c2-b010-7000-8000-000000000001,01a0d778-4a7f-7547-ac98-414ca8ab514d,LINGERING,1250000,250000,-2165064,0,0,0,0,0
1574904,01a0b1c2-b010-7000-8000-000000000001,01a0d778-828d-7281-9b0b-c160699881ac,ACTIVE,0,-107715,4075905,0,233,140000,0,0
1574904,01a0b1c2-b010-7000-8000-000000000001,01a0d778-8c1f-740e-b699-6d90c918701e,ACTIVE,2104392,-245188,2627109,0,0,140000,0,0
1574906,01a0b1c2-b010-7000-8000-000000000001,01a0d778-4a7f-7547-ac98-41471799f490,LINGERING,2500000,250000,0,0,0,0,0,0
1574906,01a0b1c2-b010-7000-8000-000000000001,01a0d778-4a7f-7547-ac98-414ca8ab514d,LINGERING,1250000,250000,-2165064,0,0,0,0,0
1574906,01a0b1c2-b010-7000-8000-000000000001,01a0d778-828d-7281-9b0b-c160699881ac,ACTIVE,0,-107692,4089905,0,233,140000,0,0
1574906,01a0b1c2-b010-7000-8000-000000000001,01a0d778-8c1f-740e-b699-6d90c918701e,ACTIVE,2104392,-245188,2641109,0,0,140000,0,0
1574908,01a0b1c2-b010-7000-8000-000000000001,01a0d778-4a7f-7547-ac98-41471799f490,LINGERING,2500000,250000,0,0,0,0,0,0
1574908,01a0b1c2-b010-7000-8000-000000000001,01a0d778-4a7f-7547-ac98-414ca8ab514d,LINGERING,1250000,250000,-2165064,0,0,0,0,0
1574908,01a0b1c2-b010-7000-8000-000000000001,01a0d778-828d-7281-9b0b-c160699881ac,ACTIVE,0,-107669,4103905,0,233,140000,0,0
1574908,01a0b1c2-b010-7000-8000-000000000001,01a0d778-8c1f-740e-b699-6d90c918701e,ACTIVE,2104392,-245188,2655109,0,0,140000,0,0
1574910,01a0b1c2-b010-7000-8000-000000000001,01a0d778-4a7f-7547-ac98-41471799f490,LINGERING,2500000,250000,0,0,0,0,0,0
1574910,01a0b1c2-b010-7000-8000-000000000001,01a0d778-4a7f-7547-ac98-414ca8ab514d,LINGERING,1250000,250000,-2165064,0,0,0,0,0
1574910,01a0b1c2-b010-7000-8000-000000000001,01a0d778-828d-7281-9b0b-c160699881ac,ACTIVE,0,-107645,4117905,0,233,140000,0,0
1574910,01a0b1c2-b010-7000-8000-000000000001,01a0d778-8c1f-740e-b699-6d90c918701e,ACTIVE,2104392,-245188,2669109,0,0,140000,0,0
1574912,01a0b1c2-b010-7000-8000-000000000001,01a0d778-4a7f-7547-ac98-41471799f490,LINGERING,2500000,250000,0,0,0,0,0,0
1574912,01a0b1c2-b010-7000-8000-000000000001,01a0d778-4a7f-7547-ac98-414ca8ab514d,LINGERING,1250000,250000,-2165064,0,0,0,0,0
1574912,01a0b1c2-b010-7000-8000-000000000001,01a0d778-828d-7281-9b0b-c160699881ac,ACTIVE,0,-107622,4131905,0,233,140000,0,0
1574912,01a0b1c2-b010-7000-8000-000000000001,01a0d778-8c1f-740e-b699-6d90c918701e,ACTIVE,2104392,-245188,2683109,0,0,140000,0,0
1574914,01a0b1c2-b010-7000-8000-000000000001,01a0d778-4a7f-7547-ac98-41471799f490,LINGERING,2500000,250000,0,0,0,0,0,0
1574914,01a0b1c2-b010-7000-8000-000000000001,01a0d778-4a7f-7547-ac98-414ca8ab514d,LINGERING,1250000,250000,-2165064,0,0,0,0,0
1574914,01a0b1c2-b010-7000-8000-000000000001,01a0d778-828d-7281-9b0b-c160699881ac,ACTIVE,0,-107599,4145905,0,233,140000,0,0
1574914,01a0b1c2-b010-7000-8000-000000000001,01a0d778-8c1f-740e-b699-6d90c918701e,ACTIVE,2104392,-245188,2697109,0,0,140000,0,0
1574916,01a0b1c2-b010-7000-8000-000000000001,01a0d778-4a7f-7547-ac98-41471799f490,LINGERING,2500000,250000,0,0,0,0,0,0
1574916,01a0b1c2-b010-7000-8000-000000000001,01a0d778-4a7f-7547-ac98-414ca8ab514d,LINGERING,1250000,250000,-2165064,0,0,0,0,0
1574916,01a0b1c2-b010-7000-8000-000000000001,01a0d778-828d-7281-9b0b-c160699881ac,ACTIVE,0,-107576,4159905,0,233,140000,0,0
1574916,01a0b1c2-b010-7000-8000-000000000001,01a0d778-8c1f-740e-b699-6d90c918701e,ACTIVE,2104392,-245188,2711109,0,0,140000,0,0
1574918,01a0b1c2-b010-7000-8000-000000000001,01a0d778-4a7f-7547-ac98-41471799f490,LINGERING,2500000,250000,0,0,0,0,0,0
1574918,01a0b1c2-b010-7000-8000-000000000001,01a0d778-4a7f-7547-ac98-414ca8ab514d,LINGERING,1250000,250000,-2165064,0,0,0,0,0
1574918,01a0b1c2-b010-7000-8000-000000000001,01a0d778-828d-7281-9b0b-c160699881ac,ACTIVE,0,-107552,4173905,0,233,140000,0,0
1574918,01a0b1c2-b010-7000-8000-000000000001,01a0d778-8c1f-740e-b699-6d90c918701e,ACTIVE,2104392,-245188,2725109,0,0,140000,0,0
1574920,01a0b1c2-b010-7000-8000-000000000001,01a0d778-4a7f-7547-ac98-41471799f490,LINGERING,2500000,250000,0,0,0,0,0,0
1574920,01a0b1c2-b010-7000-8000-000000000001,01a0d778-4a7f-7547-ac98-414ca8ab514d,LINGERING,1250000,250000,-2165064,0,0,0,0,0
1574920,01a0b1c2-b010-7000-8000-000000000001,01a0d778-828d-7281-9b0b-c160699881ac,ACTIVE,0,-107529,4187905,0,233,140000,0,0
1574920,01a0b1c2-b010-7000-8000-000000000001,01a0d778-8c1f-740e-b699-6d90c918701e,ACTIVE,2104392,-245188,2739109,0,0,140000,0,0
1574922,01a0b1c2-b010-7000-8000-000000000001,01a0d778-4a7f-7547-ac98-41471799f490,LINGERING,2500000,250000,0,0,0,0,0,0
1574922,01a0b1c2-b010-7000-8000-000000000001,01a0d778-4a7f-7547-ac98-414ca8ab514d,LINGERING,1250000,250000,-2165064,0,0,0,0,0
1574922,01a0b1c2-b010-7000-8000-000000000001,01a0d778-828d-7281-9b0b-c160699881ac,ACTIVE,0,-107506,4201905,0,233,140000,0,0
1574922,01a0b1c2-b010-7000-8000-000000000001,01a0d778-8c1f-740e-b699-6d90c918701e,ACTIVE,2104392,-245188,2753109,0,0,140000,0,0
1574924,01a0b1c2-b010-7000-8000-000000000001,01a0d778-4a7f-7547-ac98-41471799f490,LINGERING,2500000,250000,0,0,0,0,0,0
1574924,01a0b1c2-b010-7000-8000-000000000001,01a0d778-4a7f-7547-ac98-414ca8ab514d,LINGERING,1250000,250000,-2165064,0,0,0,0,0
1574924,01a0b1c2-b010-7000-8000-000000000001,01a0d778-828d-7281-9b0b-c160699881ac,ACTIVE,0,-107483,4215905,0,233,140000,0,0
1574924,01a0b1c2-b010-7000-8000-000000000001,01a0d778-8c1f-740e-b699-6d90c918701e,ACTIVE,2104392,-245188,2767109,0,0,140000,0,0
1574926,01a0b1c2-b010-7000-8000-000000000001,01a0d778-4a7f-7547-ac98-41471799f490,LINGERING,2500000,250000,0,0,0,0,0,0
1574926,01a0b1c2-b010-7000-8000-000000000001,01a0d778-4a7f-7547-ac98-414ca8ab514d,LINGERING,1250000,250000,-2165064,0,0,0,0,0
1574926,01a0b1c2-b010-7000-8000-000000000001,01a0d778-828d-7281-9b0b-c160699881ac,ACTIVE,0,-107459,4229905,0,233,140000,0,0
1574926,01a0b1c2-b010-7000-8000-000000000001,01a0d778-8c1f-740e-b699-6d90c918701e,ACTIVE,2104392,-245188,2781109,0,0,140000,0,0
1574928,01a0b1c2-b010-7000-8000-000000000001,01a0d778-4a7f-7547-ac98-41471799f490,LINGERING,2500000,250000,0,0,0,0,0,0
1574928,01a0b1c2-b010-7000-8000-000000000001,01a0d778-4a7f-7547-ac98-414ca8ab514d,LINGERING,1250000,250000,-2165064,0,0,0,0,0
1574928,01a0b1c2-b010-7000-8000-000000000001,01a0d778-828d-7281-9b0b-c160699881ac,ACTIVE,0,-107436,4243905,0,233,140000,0,0
1574928,01a0b1c2-b010-7000-8000-000000000001,01a0d778-8c1f-740e-b699-6d90c918701e,ACTIVE,2104392,-245188,2795109,0,0,140000,0,0
1574930,01a0b1c2-b010-7000-8000-000000000001,01a0d778-4a7f-7547-ac98-41471799f490,LINGERING,2500000,250000,0,0,0,0,0,0
1574930,01a0b1c2-b010-7000-8000-000000000001,01a0d778-4a7f-7547-ac98-414ca8ab514d,LINGERING,1250000,250000,-2165064,0,0,0,0,0
1574930,01a0b1c2-b010-7000-8000-000000000001,01a0d778-828d-7281-9b0b-c160699881ac,ACTIVE,0,-107413,4257905,0,233,140000,0,0
1574930,01a0b1c2-b010-7000-8000-000000000001,01a0d778-8c1f-740e-b699-6d90c918701e,ACTIVE,2104392,-245188,2809109,0,0,140000,0,0
1574932,01a0b1c2-b010-7000-8000-000000000001,01a0d778-4a7f-7547-ac98-41471799f490,LINGERING,2500000,250000,0,0,0,0,0,0
1574932,01a0b1c2-b010-7000-8000-000000000001,01a0d778-4a7f-7547-ac98-414ca8ab514d,LINGERING,1250000,250000,-2165064,0,0,0,0,0
1574932,01a0b1c2-b010-7000-8000-000000000001,01a0d778-828d-7281-9b0b-c160699881ac,ACTIVE,0,-107389,4271905,0,233,140000,0,0
1574932,01a0b1c2-b010-7000-8000-000000000001,01a0d778-8c1f-740e-b699-6d90c918701e,ACTIVE,2104392,-245188,2823109,0,0,140000,0,0
1574934,01a0b1c2-b010-7000-8000-000000000001,01a0d778-4a7f-7547-ac98-41471799f490,LINGERING,2500000,250000,0,0,0,0,0,0
1574934,01a0b1c2-b010-7000-8000-000000000001,01a0d778-4a7f-7547-ac98-414ca8ab514d,LINGERING,1250000,250000,-2165064,0,0,0,0,0
1574934,01a0b1c2-b010-7000-8000-000000000001,01a0d778-828d-7281-9b0b-c160699881ac,ACTIVE,0,-107366,4285905,0,233,140000,0,0
1574934,01a0b1c2-b010-7000-8000-000000000001,01a0d778-8c1f-740e-b699-6d90c918701e,ACTIVE,2104392,-245188,2837109,0,0,140000,0,0
1574936,01a0b1c2-b010-7000-8000-000000000001,01a0d778-4a7f-7547-ac98-41471799f490,LINGERING,2500000,250000,0,0,0,0,0,0
1574936,01a0b1c2-b010-7000-8000-000000000001,01a0d778-4a7f-7547-ac98-414ca8ab514d,LINGERING,1250000,250000,-2165064,0,0,0,0,0
1574936,01a0b1c2-b010-7000-8000-000000000001,01a0d778-828d-7281-9b0b-c160699881ac,ACTIVE,0,-107343,4299905,0,233,140000,0,0
1574936,01a0b1c2-b010-7000-8000-000000000001,01a0d778-8c1f-740e-b699-6d90c918701e,ACTIVE,2104392,-245188,2851109,0,0,140000,0,0
1574938,01a0b1c2-b010-7000-8000-000000000001,01a0d778-4a7f-7547-ac98-41471799f490,LINGERING,2500000,250000,0,0,0,0,0,0
1574938,01a0b1c2-b010-7000-8000-000000000001,01a0d778-4a7f-7547-ac98-414ca8ab514d,LINGERING,1250000,250000,-2165064,0,0,0,0,0
1574938,01a0b1c2-b010-7000-8000-000000000001,01a0d778-828d-7281-9b0b-c160699881ac,ACTIVE,0,-107320,4313905,0,233,140000,0,0
1574938,01a0b1c2-b010-7000-8000-000000000001,01a0d778-8c1f-740e-b699-6d90c918701e,ACTIVE,2104392,-245188,2865109,0,0,140000,0,0
1574940,01a0b1c2-b010-7000-8000-000000000001,01a0d778-4a7f-7547-ac98-41471799f490,LINGERING,2500000,250000,0,0,0,0,0,0
1574940,01a0b1c2-b010-7000-8000-000000000001,01a0d778-4a7f-7547-ac98-414ca8ab514d,LINGERING,1250000,250000,-2165064,0,0,0,0,0
1574940,01a0b1c2-b010-7000-8000-000000000001,01a0d778-828d-7281-9b0b-c160699881ac,ACTIVE,0,-107296,4327905,0,233,140000,0,0
1574940,01a0b1c2-b010-7000-8000-000000000001,01a0d778-8c1f-740e-b699-6d90c918701e,ACTIVE,2104392,-245188,2879109,0,0,140000,0,0
1574942,01a0b1c2-b010-7000-8000-000000000001,01a0d778-4a7f-7547-ac98-41471799f490,LINGERING,2500000,250000,0,0,0,0,0,0
1574942,01a0b1c2-b010-7000-8000-000000000001,01a0d778-4a7f-7547-ac98-414ca8ab514d,LINGERING,1250000,250000,-2165064,0,0,0,0,0
1574942,01a0b1c2-b010-7000-8000-000000000001,01a0d778-828d-7281-9b0b-c160699881ac,ACTIVE,0,-107273,4341905,0,233,140000,0,0
1574942,01a0b1c2-b010-7000-8000-000000000001,01a0d778-8c1f-740e-b699-6d90c918701e,ACTIVE,2104392,-245188,2893109,0,0,140000,0,0
1574944,01a0b1c2-b010-7000-8000-000000000001,01a0d778-4a7f-7547-ac98-41471799f490,LINGERING,2500000,250000,0,0,0,0,0,0
1574944,01a0b1c2-b010-7000-8000-000000000001,01a0d778-4a7f-7547-ac98-414ca8ab514d,LINGERING,1250000,250000,-2165064,0,0,0,0,0
1574944,01a0b1c2-b010-7000-8000-000000000001,01a0d778-828d-7281-9b0b-c160699881ac,ACTIVE,0,-107250,4355905,0,233,140000,0,0
1574944,01a0b1c2-b010-7000-8000-000000000001,01a0d778-8c1f-740e-b699-6d90c918701e,ACTIVE,2104392,-245188,2907109,0,0,140000,0,0
1574946,01a0b1c2-b010-7000-8000-000000000001,01a0d778-4a7f-7547-ac98-41471799f490,LINGERING,2500000,250000,0,0,0,0,0,0
1574946,01a0b1c2-b010-7000-8000-000000000001,01a0d778-4a7f-7547-ac98-414ca8ab514d,LINGERING,1250000,250000,-2165064,0,0,0,0,0
1574946,01a0b1c2-b010-7000-8000-000000000001,01a0d778-828d-7281-9b0b-c160699881ac,ACTIVE,0,-107227,4369905,0,233,140000,0,0
1574946,01a0b1c2-b010-7000-8000-000000000001,01a0d778-8c1f-740e-b699-6d90c918701e,ACTIVE,2104392,-245188,2921109,0,0,140000,0,0
1574948,01a0b1c2-b010-7000-8000-000000000001,01a0d778-4a7f-7547-ac98-41471799f490,LINGERING,2500000,250000,0,0,0,0,0,0
1574948,01a0b1c2-b010-7000-8000-000000000001,01a0d778-4a7f-7547-ac98-414ca8ab514d,LINGERING,1250000,250000,-2165064,0,0,0,0,0
1574948,01a0b1c2-b010-7000-8000-000000000001,01a0d778-828d-7281-9b0b-c160699881ac,ACTIVE,0,-107203,4383905,0,233,140000,0,0
1574948,01a0b1c2-b010-7000-8000-000000000001,01a0d778-8c1f-740e-b699-6d90c918701e,ACTIVE,2104392,-245188,2935109,0,0,140000,0,0
1574950,01a0b1c2-b010-7000-8000-000000000001,01a0d778-4a7f-7547-ac98-41471799f490,LINGERING,2500000,250000,0,0,0,0,0,0
1574950,01a0b1c2-b010-7000-8000-000000000001,01a0d778-4a7f-7547-ac98-414ca8ab514d,LINGERING,1250000,250000,-2165064,0,0,0,0,0
1574950,01a0b1c2-b010-7000-8000-000000000001,01a0d778-828d-7281-9b0b-c160699881ac,ACTIVE,0,-107180,4397905,0,233,140000,0,0
1574950,01a0b1c2-b010-7000-8000-000000000001,01a0d778-8c1f-740e-b699-6d90c918701e,ACTIVE,2104392,-245188,2949109,0,0,140000,0,0
1574952,01a0b1c2-b010-7000-8000-000000000001,01a0d778-4a7f-7547-ac98-41471799f490,LINGERING,2500000,250000,0,0,0,0,0,0
1574952,01a0b1c2-b010-7000-8000-000000000001,01a0d778-4a7f-7547-ac98-414ca8ab514d,LINGERING,1250000,250000,-2165064,0,0,0,0,0
1574952,01a0b1c2-b010-7000-8000-000000000001,01a0d778-828d-7281-9b0b-c160699881ac,ACTIVE,0,-107157,4411905,0,233,140000,0,0
1574952,01a0b1c2-b010-7000-8000-000000000001,01a0d778-8c1f-740e-b699-6d90c918701e,ACTIVE,2104392,-245188,2963109,0,0,140000,0,0
1574954,01a0b1c2-b010-7000-8000-000000000001,01a0d778-4a7f-7547-ac98-41471799f490,LINGERING,2500000,250000,0,0,0,0,0,0
1574954,01a0b1c2-b010-7000-8000-000000000001,01a0d778-4a7f-7547-ac98-414ca8ab514d,LINGERING,1250000,250000,-2165064,0,0,0,0,0
1574954,01a0b1c2-b010-7000-8000-000000000001,01a0d778-828d-7281-9b0b-c160699881ac,ACTIVE,0,-107133,4425905,0,233,140000,0,0
1574954,01a0b1c2-b010-7000-8000-000000000001,01a0d778-8c1f-740e-b699-6d90c918701e,ACTIVE,2104392,-245188,2977109,0,0,140000,0,0
1574956,01a0b1c2-b010-7000-8000-000000000001,01a0d778-4a7f-7547-ac98-41471799f490,LINGERING,2500000,250000,0,0,0,0,0,0
1574956,01a0b1c2-b010-7000-8000-000000000001,01a0d778-4a7f-7547-ac98-414ca8ab514d,LINGERING,1250000,250000,-2165064,0,0,0,0,0
1574956,01a0b1c2-b010-7000-8000-000000000001,01a0d778-828d-7281-9b0b-c160699881ac,ACTIVE,0,-107110,4439905,0,233,140000,0,0
1574956,01a0b1c2-b010-7000-8000-000000000001,01a0d778-8c1f-740e-b699-6d90c918701e,ACTIVE,2104392,-245188,2991109,0,0,140000,0,0
1574958,01a0b1c2-b010-7000-8000-000000000001,01a0d778-4a7f-7547-ac98-41471799f490,LINGERING,2500000,250000,0,0,0,0,0,0
1574958,01a0b1c2-b010-7000-8000-000000000001,01a0d778-4a7f-7547-ac98-414ca8ab514d,LINGERING,1250000,250000,-2165064,0,0,0,0,0
1574958,01a0b1c2-b010-7000-8000-000000000001,01a0d778-828d-7281-9b0b-c160699881ac,ACTIVE,0,-107087,4453905,0,233,140000,0,0
1574958,01a0b1c2-b010-7000-8000-000000000001,01a0d778-8c1f-740e-b699-6d90c918701e,ACTIVE,2104392,-245188,3005109,0,0,140000,0,0
1574960,01a0b1c2-b010-7000-8000-000000000001,01a0d778-4a7f-7547-ac98-41471799f490,LINGERING,2500000,250000,0,0,0,0,0,0
1574960,01a0b1c2-b010-7000-8000-000000000001,01a0d778-4a7f-7547-ac98-414ca8ab514d,LINGERING,1250000,250000,-2165064,0,0,0,0,0
1574960,01a0b1c2-b010-7000-8000-000000000001,01a0d778-828d-7281-9b0b-c160699881ac,ACTIVE,0,-107064,4467905,0,233,140000,0,0
1574960,01a0b1c2-b010-7000-8000-000000000001,01a0d778-8c1f-740e-b699-6d90c918701e,ACTIVE,2104392,-245188,3019109,0,0,140000,0,0
1574962,01a0b1c2-b010-7000-8000-000000000001,01a0d778-4a7f-7547-ac98-41471799f490,LINGERING,2500000,250000,0,0,0,0,0,0
1574962,01a0b1c2-b010-7000-8000-000000000001,01a0d778-4a7f-7547-ac98-414ca8ab514d,LINGERING,1250000,250000,-2165064,0,0,0,0,0
1574962,01a0b1c2-b010-7000-8000-000000000001,01a0d778-828d-7281-9b0b-c160699881ac,ACTIVE,0,-107040,4481905,0,233,140000,0,0
1574962,01a0b1c2-b010-7000-8000-000000000001,01a0d778-8c1f-740e-b699-6d90c918701e,ACTIVE,2104392,-245188,3033109,0,0,140000,0,0
1574964,01a0b1c2-b010-7000-8000-000000000001,01a0d778-4a7f-7547-ac98-41471799f490,LINGERING,2500000,250000,0,0,0,0,0,0
1574964,01a0b1c2-b010-7000-8000-000000000001,01a0d778-4a7f-7547-ac98-414ca8ab514d,LINGERING,1250000,250000,-2165064,0,0,0,0,0
1574964,01a0b1c2-b010-7000-8000-000000000001,01a0d778-828d-7281-9b0b-c160699881ac,ACTIVE,0,-107017,4495904,0,233,140000,0,0
1574964,01a0b1c2-b010-7000-8000-000000000001,01a0d778-8c1f-740e-b699-6d90c918701e,ACTIVE,2104392,-245188,3047109,0,0,140000,0,0
1574966,01a0b1c2-b010-7000-8000-000000000001,01a0d778-4a7f-7547-ac98-41471799f490,LINGERING,2500000,250000,0,0,0,0,0,0
1574966,01a0b1c2-b010-7000-8000-000000000001,01a0d778-4a7f-7547-ac98-414ca8ab514d,LINGERING,1250000,250000,-2165064,0,0,0,0,0
1574966,01a0b1c2-b010-7000-8000-000000000001,01a0d778-828d-7281-9b0b-c160699881ac,ACTIVE,0,-106994,4509904,0,233,140000,0,0
1574966,01a0b1c2-b010-7000-8000-000000000001,01a0d778-8c1f-740e-b699-6d90c918701e,ACTIVE,2104392,-245188,3061109,0,0,140000,0,0
1574968,01a0b1c2-b010-7000-8000-000000000001,01a0d778-4a7f-7547-ac98-41471799f490,LINGERING,2500000,250000,0,0,0,0,0,0
1574968,01a0b1c2-b010-7000-8000-000000000001,01a0d778-4a7f-7547-ac98-414ca8ab514d,LINGERING,1250000,250000,-2165064,0,0,0,0,0
1574968,01a0b1c2-b010-7000-8000-000000000001,01a0d778-828d-7281-9b0b-c160699881ac,ACTIVE,0,-106970,4523904,0,233,140000,0,0
1574968,01a0b1c2-b010-7000-8000-000000000001,01a0d778-8c1f-740e-b699-6d90c918701e,ACTIVE,2104392,-245188,3075109,0,0,140000,0,0
1574970,01a0b1c2-b010-7000-8000-000000000001,01a0d778-4a7f-7547-ac98-41471799f490,LINGERING,2500000,250000,0,0,0,0,0,0
1574970,01a0b1c2-b010-7000-8000-000000000001,01a0d778-4a7f-7547-ac98-414ca8ab514d,LINGERING,1250000,250000,-2165064,0,0,0,0,0
1574970,01a0b1c2-b010-7000-8000-000000000001,01a0d778-828d-7281-9b0b-c160699881ac,ACTIVE,0,-106947,4537904,0,233,140000,0,0
1574970,01a0b1c2-b010-7000-8000-000000000001,01a0d778-8c1f-740e-b699-6d90c918701e,ACTIVE,2104392,-245188,3089109,0,0,140000,0,0
1574972,01a0b1c2-b010-7000-8000-000000000001,01a0d778-4a7f-7547-ac98-41471799f490,LINGERING,2500000,250000,0,0,0,0,0,0
1574972,01a0b1c2-b010-7000-8000-000000000001,01a0d778-4a7f-7547-ac98-414ca8ab514d,LINGERING,1250000,250000,-2165064,0,0,0,0,0
1574972,01a0b1c2-b010-7000-8000-000000000001,01a0d778-828d-7281-9b0b-c160699881ac,ACTIVE,0,-106924,4551904,0,233,140000,0,0
1574972,01a0b1c2-b010-7000-8000-000000000001,01a0d778-8c1f-740e-b699-6d90c918701e,ACTIVE,2104392,-245188,3103109,0,0,140000,0,0
1574974,01a0b1c2-b010-7000-8000-000000000001,01a0d778-4a7f-7547-ac98-41471799f490,LINGERING,2500000,250000,0,0,0,0,0,0
1574974,01a0b1c2-b010-7000-8000-000000000001,01a0d778-4a7f-7547-ac98-414ca8ab514d,LINGERING,1250000,250000,-2165064,0,0,0,0,0
1574974,01a0b1c2-b010-7000-8000-000000000001,01a0d778-828d-7281-9b0b-c160699881ac,ACTIVE,0,-106901,4565904,0,233,140000,0,0
1574974,01a0b1c2-b010-7000-8000-000000000001,01a0d778-8c1f-740e-b699-6d90c918701e,ACTIVE,2104392,-245188,3117109,0,0,140000,0,0
1574976,01a0b1c2-b010-7000-8000-000000000001,01a0d778-4a7f-7547-ac98-41471799f490,LINGERING,2500000,250000,0,0,0,0,0,0
1574976,01a0b1c2-b010-7000-8000-000000000001,01a0d778-4a7f-7547-ac98-414ca8ab514d,LINGERING,1250000,250000,-2165064,0,0,0,0,0
1574976,01a0b1c2-b010-7000-8000-000000000001,01a0d778-828d-7281-9b0b-c160699881ac,ACTIVE,0,-106877,4579904,0,233,140000,0,0
1574976,01a0b1c2-b010-7000-8000-000000000001,01a0d778-8c1f-740e-b699-6d90c918701e,ACTIVE,2104392,-245188,3131109,0,0,140000,0,0
1574978,01a0b1c2-b010-7000-8000-000000000001,01a0d778-4a7f-7547-ac98-41471799f490,LINGERING,2500000,250000,0,0,0,0,0,0
1574978,01a0b1c2-b010-7000-8000-000000000001,01a0d778-4a7f-7547-ac98-414ca8ab514d,LINGERING,1250000,250000,-2165064,0,0,0,0,0
1574978,01a0b1c2-b010-7000-8000-000000000001,01a0d778-828d-7281-9b0b-c160699881ac,ACTIVE,0,-106854,4593904,0,233,140000,0,0
1574978,01a0b1c2-b010-7000-8000-000000000001,01a0d778-8c1f-740e-b699-6d90c918701e,ACTIVE,2104392,-245188,3145109,0,0,140000,0,0
1574980,01a0b1c2-b010-7000-8000-000000000001,01a0d778-4a7f-7547-ac98-41471799f490,LINGERING,2500000,250000,0,0,0,0,0,0
1574980,01a0b1c2-b010-7000-8000-000000000001,01a0d778-4a7f-7547-ac98-414ca8ab514d,LINGERING,1250000,250000,-2165064,0,0,0,0,0
1574980,01a0b1c2-b010-7000-8000-000000000001,01a0d778-828d-7281-9b0b-c160699881ac,ACTIVE,0,-106831,4607904,0,233,140000,0,0
1574980,01a0b1c2-b010-7000-8000-000000000001,01a0d778-8c1f-740e-b699-6d90c918701e,ACTIVE,2104392,-245188,3159109,0,0,140000,0,0
1574982,01a0b1c2-b010-7000-8000-000000000001,01a0d778-828d-7281-9b0b-c160699881ac,ACTIVE,0,-106808,4621904,0,233,140000,0,0
1574982,01a0b1c2-b010-7000-8000-000000000001,01a0d778-8c1f-740e-b699-6d90c918701e,ACTIVE,2104392,-245188,3173109,0,0,140000,0,0
1574984,01a0b1c2-b010-7000-8000-000000000001,01a0d778-828d-7281-9b0b-c160699881ac,ACTIVE,0,-106784,4635904,0,233,140000,0,0
1574984,01a0b1c2-b010-7000-8000-000000000001,01a0d778-8c1f-740e-b699-6d90c918701e,ACTIVE,2104392,-245188,3187109,0,0,140000,0,0
1574986,01a0b1c2-b010-7000-8000-000000000001,01a0d778-828d-7281-9b0b-c160699881ac,ACTIVE,0,-106761,4649904,0,233,140000,0,0
1574986,01a0b1c2-b010-7000-8000-000000000001,01a0d778-8c1f-740e-b699-6d90c918701e,ACTIVE,2104392,-245188,3201109,0,0,140000,0,0
1574988,01a0b1c2-b010-7000-8000-000000000001,01a0d778-828d-7281-9b0b-c160699881ac,ACTIVE,0,-106738,4663904,0,233,140000,0,0
1574988,01a0b1c2-b010-7000-8000-000000000001,01a0d778-8c1f-740e-b699-6d90c918701e,ACTIVE,2104392,-245188,3215109,0,0,140000,0,0
1574990,01a0b1c2-b010-7000-8000-000000000001,01a0d778-828d-7281-9b0b-c160699881ac,ACTIVE,0,-106714,4677904,0,233,140000,0,0
1574990,01a0b1c2-b010-7000-8000-000000000001,01a0d778-8c1f-740e-b699-6d90c918701e,ACTIVE,2104392,-245188,3229109,0,0,140000,0,0
1574992,01a0b1c2-b010-7000-8000-000000000001,01a0d778-828d-7281-9b0b-c160699881ac,ACTIVE,0,-106691,4691904,0,233,140000,0,0
1574992,01a0b1c2-b010-7000-8000-000000000001,01a0d778-8c1f-740e-b699-6d90c918701e,ACTIVE,2104392,-245188,3243109,0,0,140000,0,0
1574994,01a0b1c2-b010-7000-8000-000000000001,01a0d778-828d-7281-9b0b-c160699881ac,ACTIVE,0,-106668,4705904,0,233,140000,0,0
1574994,01a0b1c2-b010-7000-8000-000000000001,01a0d778-8c1f-740e-b699-6d90c918701e,ACTIVE,2104392,-245188,3257109,0,0,140000,0,0
1574996,01a0b1c2-b010-7000-8000-000000000001,01a0d778-828d-7281-9b0b-c160699881ac,ACTIVE,0,-106645,4719904,0,233,140000,0,0
1574996,01a0b1c2-b010-7000-8000-000000000001,01a0d778-8c1f-740e-b699-6d90c918701e,ACTIVE,2104392,-245188,3271109,0,0,140000,0,0
1574998,01a0b1c2-b010-7000-8000-000000000001,01a0d778-828d-7281-9b0b-c160699881ac,ACTIVE,0,-106621,4733904,0,233,140000,0,0
1574998,01a0b1c2-b010-7000-8000-000000000001,01a0d778-8c1f-740e-b699-6d90c918701e,ACTIVE,2104392,-245188,3285109,0,0,140000,0,0
1575000,01a0b1c2-b010-7000-8000-000000000001,01a0d778-828d-7281-9b0b-c160699881ac,ACTIVE,0,-106598,4747904,0,233,140000,0,0
1575000,01a0b1c2-b010-7000-8000-000000000001,01a0d778-8c1f-740e-b699-6d90c918701e,ACTIVE,2104392,-245188,3299109,0,0,140000,0,0
1575002,01a0b1c2-b010-7000-8000-000000000001,01a0d778-828d-7281-9b0b-c160699881ac,ACTIVE,0,-106575,4761904,0,233,140000,0,0
1575002,01a0b1c2-b010-7000-8000-000000000001,01a0d778-8c1f-740e-b699-6d90c918701e,ACTIVE,2104392,-245188,3313109,0,0,140000,0,0
1575004,01a0b1c2-b010-7000-8000-000000000001,01a0d778-828d-7281-9b0b-c160699881ac,ACTIVE,0,-106552,4775904,0,233,140000,0,0
1575004,01a0b1c2-b010-7000-8000-000000000001,01a0d778-8c1f-740e-b699-6d90c918701e,ACTIVE,2104392,-245188,3327109,0,0,140000,0,0
1575006,01a0b1c2-b010-7000-8000-000000000001,01a0d778-828d-7281-9b0b-c160699881ac,ACTIVE,0,-106528,4789904,0,233,140000,0,0
1575006,01a0b1c2-b010-7000-8000-000000000001,01a0d778-8c1f-740e-b699-6d90c918701e,ACTIVE,2104392,-245188,3341109,0,0,140000,0,0
1575008,01a0b1c2-b010-7000-8000-000000000001,01a0d778-828d-7281-9b0b-c160699881ac,ACTIVE,0,-106505,4803904,0,233,140000,0,0
1575008,01a0b1c2-b010-7000-8000-000000000001,01a0d778-8c1f-740e-b699-6d90c918701e,ACTIVE,2104392,-245188,3355109,0,0,140000,0,0
1575010,01a0b1c2-b010-7000-8000-000000000001,01a0d778-828d-7281-9b0b-c160699881ac,ACTIVE,0,-106482,4817904,0,233,140000,0,0
1575010,01a0b1c2-b010-7000-8000-000000000001,01a0d778-8c1f-740e-b699-6d90c918701e,ACTIVE,2104392,-245188,3369109,0,0,140000,0,0
1575012,01a0b1c2-b010-7000-8000-000000000001,01a0d778-828d-7281-9b0b-c160699881ac,ACTIVE,0,-106458,4831904,0,233,140000,0,0
1575012,01a0b1c2-b010-7000-8000-000000000001,01a0d778-8c1f-740e-b699-6d90c918701e,ACTIVE,2104392,-245188,3383109,0,0,140000,0,0
1575014,01a0b1c2-b010-7000-8000-000000000001,01a0d778-828d-7281-9b0b-c160699881ac,ACTIVE,0,-106435,4845904,0,233,140000,0,0
1575014,01a0b1c2-b010-7000-8000-000000000001,01a0d778-8c1f-740e-b699-6d90c918701e,ACTIVE,2104392,-245188,3397109,0,0,140000,0,0
1575016,01a0b1c2-b010-7000-8000-000000000001,01a0d778-828d-7281-9b0b-c160699881ac,ACTIVE,0,-106412,4859904,0,233,140000,0,0
1575016,01a0b1c2-b010-7000-8000-000000000001,01a0d778-8c1f-740e-b699-6d90c918701e,ACTIVE,2104392,-245188,3411109,0,0,140000,0,0
1575018,01a0b1c2-b010-7000-8000-000000000001,01a0d778-828d-7281-9b0b-c160699881ac,ACTIVE,0,-106389,4873904,0,233,140000,0,0
1575018,01a0b1c2-b010-7000-8000-000000000001,01a0d778-8c1f-740e-b699-6d90c918701e,ACTIVE,2104392,-245188,3425109,0,0,140000,0,0
1575020,01a0b1c2-b010-7000-8000-000000000001,01a0d778-828d-7281-9b0b-c160699881ac,ACTIVE,0,-106365,4887904,0,233,140000,0,0
1575020,01a0b1c2-b010-7000-8000-000000000001,01a0d778-8c1f-740e-b699-6d90c918701e,ACTIVE,2104392,-245188,3439109,0,0,140000,0,0
1575022,01a0b1c2-b010-7000-8000-000000000001,01a0d778-828d-7281-9b0b-c160699881ac,ACTIVE,0,-106342,4901904,0,233,140000,0,0
1575022,01a0b1c2-b010-7000-8000-000000000001,01a0d778-8c1f-740e-b699-6d90c918701e,ACTIVE,2104392,-245188,3453109,0,0,140000,0,0
1575024,01a0b1c2-b010-7000-8000-000000000001,01a0d778-828d-7281-9b0b-c160699881ac,ACTIVE,0,-106319,4915904,0,233,140000,0,0
1575024,01a0b1c2-b010-7000-8000-000000000001,01a0d778-8c1f-740e-b699-6d90c918701e,ACTIVE,2104392,-245188,3467109,0,0,140000,0,0
1575026,01a0b1c2-b010-7000-8000-000000000001,01a0d778-828d-7281-9b0b-c160699881ac,ACTIVE,0,-106296,4929904,0,233,140000,0,0
1575026,01a0b1c2-b010-7000-8000-000000000001,01a0d778-8c1f-740e-b699-6d90c918701e,ACTIVE,2104392,-245188,3481109,0,0,140000,0,0
1575028,01a0b1c2-b010-7000-8000-000000000001,01a0d778-828d-7281-9b0b-c160699881ac,ACTIVE,0,-106272,4943904,0,233,140000,0,0
1575028,01a0b1c2-b010-7000-8000-000000000001,01a0d778-8c1f-740e-b699-6d90c918701e,ACTIVE,2104392,-245188,3495109,0,0,140000,0,0
1575030,01a0b1c2-b010-7000-8000-000000000001,01a0d778-828d-7281-9b0b-c160699881ac,ACTIVE,0,-106249,4957904,0,233,140000,0,0
1575030,01a0b1c2-b010-7000-8000-000000000001,01a0d778-8c1f-740e-b699-6d90c918701e,ACTIVE,2104392,-245188,3509109,0,0,140000,0,0
1575032,01a0b1c2-b010-7000-8000-000000000001,01a0d778-828d-7281-9b0b-c160699881ac,ACTIVE,0,-106226,4971904,0,233,140000,0,0
1575032,01a0b1c2-b010-7000-8000-000000000001,01a0d778-8c1f-740e-b699-6d90c918701e,ACTIVE,2104392,-245188,3523109,0,0,140000,0,0
1575034,01a0b1c2-b010-7000-8000-000000000001,01a0d778-828d-7281-9b0b-c160699881ac,ACTIVE,0,-106202,4985904,0,233,140000,0,0
1575034,01a0b1c2-b010-7000-8000-000000000001,01a0d778-8c1f-740e-b699-6d90c918701e,ACTIVE,2104392,-245188,3537109,0,0,140000,0,0
1575036,01a0b1c2-b010-7000-8000-000000000001,01a0d778-828d-7281-9b0b-c160699881ac,ACTIVE,0,-106179,4999904,0,233,140000,0,0
1575036,01a0b1c2-b010-7000-8000-000000000001,01a0d778-8c1f-740e-b699-6d90c918701e,ACTIVE,2104392,-245188,3551109,0,0,140000,0,0
1575038,01a0b1c2-b010-7000-8000-000000000001,01a0d778-828d-7281-9b0b-c160699881ac,ACTIVE,0,-106156,5013904,0,233,140000,0,0
1575038,01a0b1c2-b010-7000-8000-000000000001,01a0d778-8c1f-740e-b699-6d90c918701e,ACTIVE,2104392,-245188,3565109,0,0,140000,0,0
1575040,01a0b1c2-b010-7000-8000-000000000001,01a0d778-828d-7281-9b0b-c160699881ac,ACTIVE,0,-106133,5027904,0,233,140000,0,0
1575040,01a0b1c2-b010-7000-8000-000000000001,01a0d778-8c1f-740e-b699-6d90c918701e,ACTIVE,2104392,-245188,3579109,0,0,140000,0,0
1575042,01a0b1c2-b010-7000-8000-000000000001,01a0d778-828d-7281-9b0b-c160699881ac,ACTIVE,0,-106109,5041904,0,233,140000,0,0
1575042,01a0b1c2-b010-7000-8000-000000000001,01a0d778-8c1f-740e-b699-6d90c918701e,ACTIVE,2104392,-245188,3593109,0,0,140000,0,0
1575044,01a0b1c2-b010-7000-8000-000000000001,01a0d778-828d-7281-9b0b-c160699881ac,ACTIVE,0,-106086,5055904,0,233,140000,0,0
1575044,01a0b1c2-b010-7000-8000-000000000001,01a0d778-8c1f-740e-b699-6d90c918701e,ACTIVE,2104392,-245188,3607109,0,0,140000,0,0
1575046,01a0b1c2-b010-7000-8000-000000000001,01a0d778-828d-7281-9b0b-c160699881ac,ACTIVE,0,-106063,5069904,0,233,140000,0,0
1575046,01a0b1c2-b010-7000-8000-000000000001,01a0d778-8c1f-740e-b699-6d90c918701e,ACTIVE,2104392,-245188,3621109,0,0,140000,0,0
1575048,01a0b1c2-b010-7000-8000-000000000001,01a0d778-828d-7281-9b0b-c160699881ac,ACTIVE,0,-106040,5083904,0,233,140000,0,0
1575048,01a0b1c2-b010-7000-8000-000000000001,01a0d778-8c1f-740e-b699-6d90c918701e,ACTIVE,2104392,-245188,3635109,0,0,140000,0,0
1575050,01a0b1c2-b010-7000-8000-000000000001,01a0d778-828d-7281-9b0b-c160699881ac,ACTIVE,0,-106016,5097904,0,233,140000,0,0
1575050,01a0b1c2-b010-7000-8000-000000000001,01a0d778-8c1f-740e-b699-6d90c918701e,ACTIVE,2104392,-245188,3649109,0,0,140000,0,0
1575052,01a0b1c2-b010-7000-8000-000000000001,01a0d778-828d-7281-9b0b-c160699881ac,ACTIVE,0,-105993,5111904,0,233,140000,0,0
1575052,01a0b1c2-b010-7000-8000-000000000001,01a0d778-8c1f-740e-b699-6d90c918701e,ACTIVE,2104392,-245188,3663109,0,0,140000,0,0
1575054,01a0b1c2-b010-7000-8000-000000000001,01a0d778-828d-7281-9b0b-c160699881ac,ACTIVE,0,-105970,5125904,0,233,140000,0,0
1575054,01a0b1c2-b010-7000-8000-000000000001,01a0d778-8c1f-740e-b699-6d90c918701e,ACTIVE,2104392,-245188,3677109,0,0,140000,0,0
1575056,01a0b1c2-b010-7000-8000-000000000001,01a0d778-828d-7281-9b0b-c160699881ac,ACTIVE,0,-105946,5139904,0,233,140000,0,0
1575056,01a0b1c2-b010-7000-8000-000000000001,01a0d778-8c1f-740e-b699-6d90c918701e,ACTIVE,2104392,-245188,3691109,0,0,140000,0,0
1575058,01a0b1c2-b010-7000-8000-000000000001,01a0d778-828d-7281-9b0b-c160699881ac,ACTIVE,0,-105923,5153904,0,233,140000,0,0
1575058,01a0b1c2-b010-7000-8000-000000000001,01a0d778-8c1f-740e-b699-6d90c918701e,ACTIVE,2104392,-245188,3705109,0,0,140000,0,0
1575060,01a0b1c2-b010-7000-8000-000000000001,01a0d778-828d-7281-9b0b-c160699881ac,ACTIVE,0,-105900,5167904,0,233,140000,0,0
1575060,01a0b1c2-b010-7000-8000-000000000001,01a0d778-8c1f-740e-b699-6d90c918701e,ACTIVE,2104392,-245188,3719109,0,0,140000,0,0
1575062,01a0b1c2-b010-7000-8000-000000000001,01a0d778-828d-7281-9b0b-c160699881ac,ACTIVE,0,-105877,5181904,0,233,140000,0,0
1575062,01a0b1c2-b010-7000-8000-000000000001,01a0d778-8c1f-740e-b699-6d90c918701e,ACTIVE,2104392,-245188,3733109,0,0,140000,0,0
1575064,01a0b1c2-b010-7000-8000-000000000001,01a0d778-828d-7281-9b0b-c160699881ac,ACTIVE,0,-105853,5195904,0,233,140000,0,0
1575064,01a0b1c2-b010-7000-8000-000000000001,01a0d778-8c1f-740e-b699-6d90c918701e,ACTIVE,2104392,-245188,3747109,0,0,140000,0,0
1575066,01a0b1c2-b010-7000-8000-000000000001,01a0d778-828d-7281-9b0b-c160699881ac,ACTIVE,0,-105830,5209904,0,233,140000,0,0
1575066,01a0b1c2-b010-7000-8000-000000000001,01a0d778-8c1f-740e-b699-6d90c918701e,ACTIVE,2104392,-245188,3761109,0,0,140000,0,0
1575068,01a0b1c2-b010-7000-8000-000000000001,01a0d778-828d-7281-9b0b-c160699881ac,ACTIVE,0,-105807,5223903,0,233,140000,0,0
1575068,01a0b1c2-b010-7000-8000-000000000001,01a0d778-8c1f-740e-b699-6d90c918701e,ACTIVE,2104392,-245188,3775109,0,0,140000,0,0
1575070,01a0b1c2-b010-7000-8000-000000000001,01a0d778-828d-7281-9b0b-c160699881ac,ACTIVE,0,-105784,5237903,0,233,140000,0,0
1575070,01a0b1c2-b010-7000-8000-000000000001,01a0d778-8c1f-740e-b699-6d90c918701e,ACTIVE,2104392,-245188,3789109,0,0,140000,0,0
1575072,01a0b1c2-b010-7000-8000-000000000001,01a0d778-828d-7281-9b0b-c160699881ac,ACTIVE,0,-105760,5251903,0,233,140000,0,0
1575072,01a0b1c2-b010-7000-8000-000000000001,01a0d778-8c1f-740e-b699-6d90c918701e,ACTIVE,2104392,-245188,3803109,0,0,140000,0,0
1575074,01a0b1c2-b010-7000-8000-000000000001,01a0d778-828d-7281-9b0b-c160699881ac,ACTIVE,0,-105737,5265903,0,233,140000,0,0
1575074,01a0b1c2-b010-7000-8000-000000000001,01a0d778-8c1f-740e-b699-6d90c918701e,ACTIVE,2104392,-245188,3817109,0,0,140000,0,0
1575076,01a0b1c2-b010-7000-8000-000000000001,01a0d778-828d-7281-9b0b-c160699881ac,ACTIVE,0,-105714,5279903,0,233,140000,0,0
1575076,01a0b1c2-b010-7000-8000-000000000001,01a0d778-8c1f-740e-b699-6d90c918701e,ACTIVE,2104392,-245188,3831109,0,0,140000,0,0
1575078,01a0b1c2-b010-7000-8000-000000000001,01a0d778-828d-7281-9b0b-c160699881ac,ACTIVE,0,-105690,5293903,0,233,140000,0,0
1575078,01a0b1c2-b010-7000-8000-000000000001,01a0d778-8c1f-740e-b699-6d90c918701e,ACTIVE,2104392,-245188,3845109,0,0,140000,0,0
1575080,01a0b1c2-b010-7000-8000-000000000001,01a0d778-828d-7281-9b0b-c160699881ac,ACTIVE,0,-105667,5307903,0,233,140000,0,0
1575080,01a0b1c2-b010-7000-8000-000000000001,01a0d778-8c1f-740e-b699-6d90c918701e,ACTIVE,2104392,-245188,3859109,0,0,140000,0,0
1575082,01a0b1c2-b010-7000-8000-000000000001,01a0d778-828d-7281-9b0b-c160699881ac,ACTIVE,0,-105644,5321903,0,233,140000,0,0
1575082,01a0b1c2-b010-7000-8000-000000000001,01a0d778-8c1f-740e-b699-6d90c918701e,ACTIVE,2104392,-245188,3873109,0,0,140000,0,0
1575084,01a0b1c2-b010-7000-8000-000000000001,01a0d778-828d-7281-9b0b-c160699881ac,ACTIVE,0,-105621,5335903,0,233,140000,0,0
1575084,01a0b1c2-b010-7000-8000-000000000001,01a0d778-8c1f-740e-b699-6d90c918701e,ACTIVE,2104392,-245188,3887109,0,0,140000,0,0
1575086,01a0b1c2-b010-7000-8000-000000000001,01a0d778-828d-7281-9b0b-c160699881ac,ACTIVE,0,-105597,5349903,0,233,140000,0,0
1575086,01a0b1c2-b010-7000-8000-000000000001,01a0d778-8c1f-740e-b699-6d90c918701e,ACTIVE,2104392,-245188,3901109,0,0,140000,0,0
1575088,01a0b1c2-b010-7000-8000-000000000001,01a0d778-828d-7281-9b0b-c160699881ac,ACTIVE,0,-105574,5363903,0,233,140000,0,0
1575088,01a0b1c2-b010-7000-8000-000000000001,01a0d778-8c1f-740e-b699-6d90c918701e,ACTIVE,2104392,-245188,3915109,0,0,140000,0,0
1575090,01a0b1c2-b010-7000-8000-000000000001,01a0d778-828d-7281-9b0b-c160699881ac,ACTIVE,0,-105551,5377903,0,233,140000,0,0
1575090,01a0b1c2-b010-7000-8000-000000000001,01a0d778-8c1f-740e-b699-6d90c918701e,ACTIVE,2104392,-245188,3929109,0,0,140000,0,0
1575092,01a0b1c2-b010-7000-8000-000000000001,01a0d778-828d-7281-9b0b-c160699881ac,ACTIVE,0,-105528,5391903,0,233,140000,0,0
1575092,01a0b1c2-b010-7000-8000-000000000001,01a0d778-8c1f-740e-b699-6d90c918701e,ACTIVE,2104392,-245188,3943109,0,0,140000,0,0
1575094,01a0b1c2-b010-7000-8000-000000000001,01a0d778-828d-7281-9b0b-c160699881ac,ACTIVE,0,-105504,5405903,0,233,140000,0,0
1575094,01a0b1c2-b010-7000-8000-000000000001,01a0d778-8c1f-740e-b699-6d90c918701e,ACTIVE,2104392,-245188,3957109,0,0,140000,0,0
1575096,01a0b1c2-b010-7000-8000-000000000001,01a0d778-828d-7281-9b0b-c160699881ac,ACTIVE,0,-105481,5419903,0,233,140000,0,0
1575096,01a0b1c2-b010-7000-8000-000000000001,01a0d778-8c1f-740e-b699-6d90c918701e,ACTIVE,2104392,-245188,3971109,0,0,140000,0,0
1575098,01a0b1c2-b010-7000-8000-000000000001,01a0d778-828d-7281-9b0b-c160699881ac,ACTIVE,0,-105458,5433903,0,233,140000,0,0
1575098,01a0b1c2-b010-7000-8000-000000000001,01a0d778-8c1f-740e-b699-6d90c918701e,ACTIVE,2104392,-245188,3985109,0,0,140000,0,0
1575100,01a0b1c2-b010-7000-8000-000000000001,01a0d778-828d-7281-9b0b-c160699881ac,ACTIVE,0,-105434,5447903,0,233,140000,0,0
1575100,01a0b1c2-b010-7000-8000-000000000001,01a0d778-8c1f-740e-b699-6d90c918701e,ACTIVE,2104392,-245188,3999109,0,0,140000,0,0
1575102,01a0b1c2-b010-7000-8000-000000000001,01a0d778-828d-7281-9b0b-c160699881ac,ACTIVE,0,-105411,5461903,0,233,140000,0,0
1575102,01a0b1c2-b010-7000-8000-000000000001,01a0d778-8c1f-740e-b699-6d90c918701e,ACTIVE,2104392,-245188,4013109,0,0,140000,0,0
1575104,01a0b1c2-b010-7000-8000-000000000001,01a0d778-828d-7281-9b0b-c160699881ac,ACTIVE,0,-105388,5475903,0,233,140000,0,0
1575104,01a0b1c2-b010-7000-8000-000000000001,01a0d778-8c1f-740e-b699-6d90c918701e,ACTIVE,2104392,-245188,4027109,0,0,140000,0,0
1575106,01a0b1c2-b010-7000-8000-000000000001,01a0d778-828d-7281-9b0b-c160699881ac,ACTIVE,0,-105365,5489903,0,233,140000,0,0
1575106,01a0b1c2-b010-7000-8000-000000000001,01a0d778-8c1f-740e-b699-6d90c918701e,ACTIVE,2104392,-245188,4041109,0,0,140000,0,0
1575108,01a0b1c2-b010-7000-8000-000000000001,01a0d778-828d-7281-9b0b-c160699881ac,ACTIVE,0,-105341,5503903,0,233,140000,0,0
1575108,01a0b1c2-b010-7000-8000-000000000001,01a0d778-8c1f-740e-b699-6d90c918701e,ACTIVE,2104392,-245188,4055109,0,0,140000,0,0
1575110,01a0b1c2-b010-7000-8000-000000000001,01a0d778-828d-7281-9b0b-c160699881ac,ACTIVE,0,-105318,5517903,0,233,140000,0,0
1575110,01a0b1c2-b010-7000-8000-000000000001,01a0d778-8c1f-740e-b699-6d90c918701e,ACTIVE,2104392,-245188,4069109,0,0,140000,0,0
1575112,01a0b1c2-b010-7000-8000-000000000001,01a0d778-828d-7281-9b0b-c160699881ac,ACTIVE,0,-105295,5531903,0,233,140000,0,0
1575112,01a0b1c2-b010-7000-8000-000000000001,01a0d778-8c1f-740e-b699-6d90c918701e,ACTIVE,2104392,-245188,4083109,0,0,140000,0,0
1575114,01a0b1c2-b010-7000-8000-000000000001,01a0d778-828d-7281-9b0b-c160699881ac,ACTIVE,0,-105272,5545903,0,233,140000,0,0
1575114,01a0b1c2-b010-7000-8000-000000000001,01a0d778-8c1f-740e-b699-6d90c918701e,ACTIVE,2104392,-245188,4097109,0,0,140000,0,0
1575116,01a0b1c2-b010-7000-8000-000000000001,01a0d778-828d-7281-9b0b-c160699881ac,ACTIVE,0,-105248,5559903,0,233,140000,0,0
1575116,01a0b1c2-b010-7000-8000-000000000001,01a0d778-8c1f-740e-b699-6d90c918701e,ACTIVE,2104392,-245188,4111109,0,0,140000,0,0
1575118,01a0b1c2-b010-7000-8000-000000000001,01a0d778-828d-7281-9b0b-c160699881ac,ACTIVE,0,-105225,5573903,0,233,140000,0,0
1575118,01a0b1c2-b010-7000-8000-000000000001,01a0d778-8c1f-740e-b699-6d90c918701e,ACTIVE,2104392,-245188,4125109,0,0,140000,0,0
1575120,01a0b1c2-b010-7000-8000-000000000001,01a0d778-828d-7281-9b0b-c160699881ac,ACTIVE,0,-105202,5587903,0,233,140000,0,0
1575120,01a0b1c2-b010-7000-8000-000000000001,01a0d778-8c1f-740e-b699-6d90c918701e,ACTIVE,2104392,-245188,4139109,0,0,140000,0,0
1575122,01a0b1c2-b010-7000-8000-000000000001,01a0d778-828d-7281-9b0b-c160699881ac,ACTIVE,0,-105178,5601903,0,233,140000,0,0
1575122,01a0b1c2-b010-7000-8000-000000000001,01a0d778-8c1f-740e-b699-6d90c918701e,ACTIVE,2104392,-245188,4153109,0,0,140000,0,0
1575124,01a0b1c2-b010-7000-8000-000000000001,01a0d778-828d-7281-9b0b-c160699881ac,ACTIVE,0,-105155,5615903,0,233,140000,0,0
1575124,01a0b1c2-b010-7000-8000-000000000001,01a0d778-8c1f-740e-b699-6d90c918701e,ACTIVE,2104392,-245188,4167109,0,0,140000,0,0
1575126,01a0b1c2-b010-7000-8000-000000000001,01a0d778-828d-7281-9b0b-c160699881ac,ACTIVE,0,-105132,5629903,0,233,140000,0,0
1575126,01a0b1c2-b010-7000-8000-000000000001,01a0d778-8c1f-740e-b699-6d90c918701e,ACTIVE,2104392,-245188,4181109,0,0,140000,0,0
1575128,01a0b1c2-b010-7000-8000-000000000001,01a0d778-828d-7281-9b0b-c160699881ac,ACTIVE,0,-105109,5643903,0,233,140000,0,0
1575128,01a0b1c2-b010-7000-8000-000000000001,01a0d778-8c1f-740e-b699-6d90c918701e,ACTIVE,2104392,-245188,4195109,0,0,140000,0,0
1575130,01a0b1c2-b010-7000-8000-000000000001,01a0d778-828d-7281-9b0b-c160699881ac,ACTIVE,0,-105085,5657903,0,233,140000,0,0
1575130,01a0b1c2-b010-7000-8000-000000000001,01a0d778-8c1f-740e-b699-6d90c918701e,ACTIVE,2104392,-245188,4209109,0,0,140000,0,0
1575132,01a0b1c2-b010-7000-8000-000000000001,01a0d778-828d-7281-9b0b-c160699881ac,ACTIVE,0,-105062,5671903,0,233,140000,0,0
1575132,01a0b1c2-b010-7000-8000-000000000001,01a0d778-8c1f-740e-b699-6d90c918701e,ACTIVE,2104392,-245188,4223109,0,0,140000,0,0
1575134,01a0b1c2-b010-7000-8000-000000000001,01a0d778-828d-7281-9b0b-c160699881ac,ACTIVE,0,-105039,5685903,0,233,140000,0,0
1575134,01a0b1c2-b010-7000-8000-000000000001,01a0d778-8c1f-740e-b699-6d90c918701e,ACTIVE,2104392,-245188,4237109,0,0,140000,0,0
1575136,01a0b1c2-b010-7000-8000-000000000001,01a0d778-828d-7281-9b0b-c160699881ac,ACTIVE,0,-105016,5699903,0,233,140000,0,0
1575136,01a0b1c2-b010-7000-8000-000000000001,01a0d778-8c1f-740e-b699-6d90c918701e,ACTIVE,2104392,-245188,4251109,0,0,140000,0,0
1575138,01a0b1c2-b010-7000-8000-000000000001,01a0d778-828d-7281-9b0b-c160699881ac,ACTIVE,0,-104992,5713903,0,233,140000,0,0
1575138,01a0b1c2-b010-7000-8000-000000000001,01a0d778-8c1f-740e-b699-6d90c918701e,ACTIVE,2104392,-245188,4265109,0,0,140000,0,0
1575140,01a0b1c2-b010-7000-8000-000000000001,01a0d778-828d-7281-9b0b-c160699881ac,ACTIVE,0,-104969,5727903,0,233,140000,0,0
1575140,01a0b1c2-b010-7000-8000-000000000001,01a0d778-8c1f-740e-b699-6d90c918701e,ACTIVE,2104392,-245188,4279109,0,0,140000,0,0
1575142,01a0b1c2-b010-7000-8000-000000000001,01a0d778-828d-7281-9b0b-c160699881ac,ACTIVE,0,-104946,5741903,0,233,140000,0,0
1575142,01a0b1c2-b010-7000-8000-000000000001,01a0d778-8c1f-740e-b699-6d90c918701e,ACTIVE,2104392,-245188,4293109,0,0,140000,0,0
1575144,01a0b1c2-b010-7000-8000-000000000001,01a0d778-828d-7281-9b0b-c160699881ac,ACTIVE,0,-104922,5755903,0,233,140000,0,0
1575144,01a0b1c2-b010-7000-8000-000000000001,01a0d778-8c1f-740e-b699-6d90c918701e,ACTIVE,2104392,-245188,4307109,0,0,140000,0,0
1575146,01a0b1c2-b010-7000-8000-000000000001,01a0d778-828d-7281-9b0b-c160699881ac,ACTIVE,0,-104899,5769903,0,233,140000,0,0
1575146,01a0b1c2-b010-7000-8000-000000000001,01a0d778-8c1f-740e-b699-6d90c918701e,ACTIVE,2104392,-245188,4321109,0,0,140000,0,0
1575148,01a0b1c2-b010-7000-8000-000000000001,01a0d778-828d-7281-9b0b-c160699881ac,ACTIVE,0,-104876,5783903,0,233,140000,0,0
1575148,01a0b1c2-b010-7000-8000-000000000001,01a0d778-8c1f-740e-b699-6d90c918701e,ACTIVE,2104392,-245188,4335109,0,0,140000,0,0
1575150,01a0b1c2-b010-7000-8000-000000000001,01a0d778-828d-7281-9b0b-c160699881ac,ACTIVE,0,-104853,5797903,0,233,140000,0,0
1575150,01a0b1c2-b010-7000-8000-000000000001,01a0d778-8c1f-740e-b699-6d90c918701e,ACTIVE,2104392,-245188,4349109,0,0,140000,0,0
1575152,01a0b1c2-b010-7000-8000-000000000001,01a0d778-828d-7281-9b0b-c160699881ac,ACTIVE,0,-104829,5811903,0,233,140000,0,0
1575152,01a0b1c2-b010-7000-8000-000000000001,01a0d778-8c1f-740e-b699-6d90c918701e,ACTIVE,2104392,-245188,4363109,0,0,140000,0,0
1575154,01a0b1c2-b010-7000-8000-000000000001,01a0d778-828d-7281-9b0b-c160699881ac,ACTIVE,0,-104806,5825903,0,233,140000,0,0
1575154,01a0b1c2-b010-7000-8000-000000000001,01a0d778-8c1f-740e-b699-6d90c918701e,ACTIVE,2104392,-245188,4377109,0,0,140000,0,0
1575156,01a0b1c2-b010-7000-8000-000000000001,01a0d778-828d-7281-9b0b-c160699881ac,ACTIVE,0,-104783,5839903,0,233,140000,0,0
1575156,01a0b1c2-b010-7000-8000-000000000001,01a0d778-8c1f-740e-b699-6d90c918701e,ACTIVE,2104392,-245188,4391109,0,0,140000,0,0
1575158,01a0b1c2-b010-7000-8000-000000000001,01a0d778-828d-7281-9b0b-c160699881ac,ACTIVE,0,-104760,5853903,0,233,140000,0,0
1575158,01a0b1c2-b010-7000-8000-000000000001,01a0d778-8c1f-740e-b699-6d90c918701e,ACTIVE,2104392,-245188,4405109,0,0,140000,0,0
1575160,01a0b1c2-b010-7000-8000-000000000001,01a0d778-828d-7281-9b0b-c160699881ac,ACTIVE,0,-104736,5867903,0,233,140000,0,0
1575160,01a0b1c2-b010-7000-8000-000000000001,01a0d778-8c1f-740e-b699-6d90c918701e,ACTIVE,2104392,-245188,4419109,0,0,140000,0,0
1575162,01a0b1c2-b010-7000-8000-000000000001,01a0d778-828d-7281-9b0b-c160699881ac,ACTIVE,0,-104713,5881903,0,233,140000,0,0
1575162,01a0b1c2-b010-7000-8000-000000000001,01a0d778-8c1f-740e-b699-6d90c918701e,ACTIVE,2104392,-245188,4433109,0,0,140000,0,0
1575164,01a0b1c2-b010-7000-8000-000000000001,01a0d778-828d-7281-9b0b-c160699881ac,ACTIVE,0,-104690,5895903,0,233,140000,0,0
1575164,01a0b1c2-b010-7000-8000-000000000001,01a0d778-8c1f-740e-b699-6d90c918701e,ACTIVE,2104392,-245188,4447109,0,0,140000,0,0
1575166,01a0b1c2-b010-7000-8000-000000000001,01a0d778-828d-7281-9b0b-c160699881ac,ACTIVE,0,-104666,5909903,0,233,140000,0,0
1575166,01a0b1c2-b010-7000-8000-000000000001,01a0d778-8c1f-740e-b699-6d90c918701e,ACTIVE,2104392,-245188,4461109,0,0,140000,0,0
1575168,01a0b1c2-b010-7000-8000-000000000001,01a0d778-828d-7281-9b0b-c160699881ac,ACTIVE,0,-104643,5923903,0,233,140000,0,0
1575168,01a0b1c2-b010-7000-8000-000000000001,01a0d778-8c1f-740e-b699-6d90c918701e,ACTIVE,2104392,-245188,4475109,0,0,140000,0,0
1575170,01a0b1c2-b010-7000-8000-000000000001,01a0d778-828d-7281-9b0b-c160699881ac,ACTIVE,0,-104620,5937902,0,233,140000,0,0
1575170,01a0b1c2-b010-7000-8000-000000000001,01a0d778-8c1f-740e-b699-6d90c918701e,ACTIVE,2104392,-245188,4489109,0,0,140000,0,0
1575172,01a0b1c2-b010-7000-8000-000000000001,01a0d778-828d-7281-9b0b-c160699881ac,ACTIVE,0,-104597,5951902,0,233,140000,0,0
1575172,01a0b1c2-b010-7000-8000-000000000001,01a0d778-8c1f-740e-b699-6d90c918701e,ACTIVE,2104392,-245188,4503109,0,0,140000,0,0
1575174,01a0b1c2-b010-7000-8000-000000000001,01a0d778-828d-7281-9b0b-c160699881ac,ACTIVE,0,-104573,5965902,0,233,140000,0,0
1575174,01a0b1c2-b010-7000-8000-000000000001,01a0d778-8c1f-740e-b699-6d90c918701e,ACTIVE,2104392,-245188,4517109,0,0,140000,0,0
1575176,01a0b1c2-b010-7000-8000-000000000001,01a0d778-828d-7281-9b0b-c160699881ac,ACTIVE,0,-104550,5979902,0,233,140000,0,0
1575176,01a0b1c2-b010-7000-8000-000000000001,01a0d778-8c1f-740e-b699-6d90c918701e,ACTIVE,2104392,-245188,4531109,0,0,140000,0,0
1575178,01a0b1c2-b010-7000-8000-000000000001,01a0d778-828d-7281-9b0b-c160699881ac,ACTIVE,0,-104527,5993902,0,233,140000,0,0
1575178,01a0b1c2-b010-7000-8000-000000000001,01a0d778-8c1f-740e-b699-6d90c918701e,ACTIVE,2104392,-245188,4545109,0,0,140000,0,0
1575180,01a0b1c2-b010-7000-8000-000000000001,01a0d778-828d-7281-9b0b-c160699881ac,ACTIVE,0,-104504,6007902,0,233,140000,0,0
1575180,01a0b1c2-b010-7000-8000-000000000001,01a0d778-8c1f-740e-b699-6d90c918701e,ACTIVE,2104392,-245188,4559109,0,0,140000,0,0
1575182,01a0b1c2-b010-7000-8000-000000000001,01a0d778-828d-7281-9b0b-c160699881ac,ACTIVE,0,-104480,6021902,0,233,140000,0,0
1575182,01a0b1c2-b010-7000-8000-000000000001,01a0d778-8c1f-740e-b699-6d90c918701e,ACTIVE,2104392,-245188,4573109,0,0,140000,0,0
1575184,01a0b1c2-b010-7000-8000-000000000001,01a0d778-828d-7281-9b0b-c160699881ac,ACTIVE,0,-104457,6035902,0,233,140000,0,0
1575184,01a0b1c2-b010-7000-8000-000000000001,01a0d778-8c1f-740e-b699-6d90c918701e,ACTIVE,2104392,-245188,4587109,0,0,140000,0,0
1575186,01a0b1c2-b010-7000-8000-000000000001,01a0d778-828d-7281-9b0b-c160699881ac,ACTIVE,0,-104434,6049902,0,233,140000,0,0
1575186,01a0b1c2-b010-7000-8000-000000000001,01a0d778-8c1f-740e-b699-6d90c918701e,ACTIVE,2104392,-245188,4601109,0,0,140000,0,0
1575188,01a0b1c2-b010-7000-8000-000000000001,01a0d778-828d-7281-9b0b-c160699881ac,ACTIVE,0,-104410,6063902,0,233,140000,0,0
1575188,01a0b1c2-b010-7000-8000-000000000001,01a0d778-8c1f-740e-b699-6d90c918701e,ACTIVE,2104392,-245188,4615109,0,0,140000,0,0
1575190,01a0b1c2-b010-7000-8000-000000000001,01a0d778-828d-7281-9b0b-c160699881ac,ACTIVE,0,-104387,6077902,0,233,140000,0,0
1575190,01a0b1c2-b010-7000-8000-000000000001,01a0d778-8c1f-740e-b699-6d90c918701e,ACTIVE,2104392,-245188,4629109,0,0,140000,0,0
1575192,01a0b1c2-b010-7000-8000-000000000001,01a0d778-828d-7281-9b0b-c160699881ac,ACTIVE,0,-104364,6091902,0,233,140000,0,0
1575192,01a0b1c2-b010-7000-8000-000000000001,01a0d778-8c1f-740e-b699-6d90c918701e,ACTIVE,2104392,-245188,4643109,0,0,140000,0,0
1575194,01a0b1c2-b010-7000-8000-000000000001,01a0d778-828d-7281-9b0b-c160699881ac,ACTIVE,0,-104341,6105902,0,233,140000,0,0
1575194,01a0b1c2-b010-7000-8000-000000000001,01a0d778-8c1f-740e-b699-6d90c918701e,ACTIVE,2104392,-245188,4657109,0,0,140000,0,0
1575196,01a0b1c2-b010-7000-8000-000000000001,01a0d778-828d-7281-9b0b-c160699881ac,ACTIVE,0,-104317,6119902,0,233,140000,0,0
1575196,01a0b1c2-b010-7000-8000-000000000001,01a0d778-8c1f-740e-b699-6d90c918701e,ACTIVE,2104392,-245188,4671109,0,0,140000,0,0
1575198,01a0b1c2-b010-7000-8000-000000000001,01a0d778-828d-7281-9b0b-c160699881ac,ACTIVE,0,-104294,6133902,0,233,140000,0,0
1575198,01a0b1c2-b010-7000-8000-000000000001,01a0d778-8c1f-740e-b699-6d90c918701e,ACTIVE,2104392,-245188,4685109,0,0,140000,0,0
1575200,01a0b1c2-b010-7000-8000-000000000001,01a0d778-828d-7281-9b0b-c160699881ac,ACTIVE,0,-104271,6147902,0,233,140000,0,0
1575200,01a0b1c2-b010-7000-8000-000000000001,01a0d778-8c1f-740e-b699-6d90c918701e,ACTIVE,2104392,-245188,4699109,0,0,140000,0,0
1575202,01a0b1c2-b010-7000-8000-000000000001,01a0d778-828d-7281-9b0b-c160699881ac,ACTIVE,0,-104248,6161902,0,233,140000,0,0
1575202,01a0b1c2-b010-7000-8000-000000000001,01a0d778-8c1f-740e-b699-6d90c918701e,ACTIVE,2104392,-245188,4713109,0,0,140000,0,0
1575204,01a0b1c2-b010-7000-8000-000000000001,01a0d778-828d-7281-9b0b-c160699881ac,ACTIVE,0,-104224,6175902,0,233,140000,0,0
1575204,01a0b1c2-b010-7000-8000-000000000001,01a0d778-8c1f-740e-b699-6d90c918701e,ACTIVE,2104392,-245188,4727109,0,0,140000,0,0
1575206,01a0b1c2-b010-7000-8000-000000000001,01a0d778-828d-7281-9b0b-c160699881ac,ACTIVE,0,-104201,6189902,0,233,140000,0,0
1575206,01a0b1c2-b010-7000-8000-000000000001,01a0d778-8c1f-740e-b699-6d90c918701e,ACTIVE,2104392,-245188,4741109,0,0,140000,0,0
1575208,01a0b1c2-b010-7000-8000-000000000001,01a0d778-828d-7281-9b0b-c160699881ac,ACTIVE,0,-104178,6203902,0,233,140000,0,0
1575208,01a0b1c2-b010-7000-8000-000000000001,01a0d778-8c1f-740e-b699-6d90c918701e,ACTIVE,2104392,-245188,4755109,0,0,140000,0,0
1575210,01a0b1c2-b010-7000-8000-000000000001,01a0d778-828d-7281-9b0b-c160699881ac,ACTIVE,0,-104154,6217902,0,233,140000,0,0
1575210,01a0b1c2-b010-7000-8000-000000000001,01a0d778-8c1f-740e-b699-6d90c918701e,ACTIVE,2104392,-245188,4769109,0,0,140000,0,0
1575212,01a0b1c2-b010-7000-8000-000000000001,01a0d778-828d-7281-9b0b-c160699881ac,ACTIVE,0,-104131,6231902,0,233,140000,0,0
1575212,01a0b1c2-b010-7000-8000-000000000001,01a0d778-8c1f-740e-b699-6d90c918701e,ACTIVE,2104392,-245188,4783109,0,0,140000,0,0
1575214,01a0b1c2-b010-7000-8000-000000000001,01a0d778-828d-7281-9b0b-c160699881ac,ACTIVE,0,-104108,6245902,0,233,140000,0,0
1575214,01a0b1c2-b010-7000-8000-000000000001,01a0d778-8c1f-740e-b699-6d90c918701e,ACTIVE,2104392,-245188,4797109,0,0,140000,0,0
1575216,01a0b1c2-b010-7000-8000-000000000001,01a0d778-828d-7281-9b0b-c160699881ac,ACTIVE,0,-104085,6259902,0,233,140000,0,0
1575216,01a0b1c2-b010-7000-8000-000000000001,01a0d778-8c1f-740e-b699-6d90c918701e,ACTIVE,2104392,-245188,4811109,0,0,140000,0,0
1575218,01a0b1c2-b010-7000-8000-000000000001,01a0d778-828d-7281-9b0b-c160699881ac,ACTIVE,0,-104061,6273885,0,232,139650,0,0
1575218,01a0b1c2-b010-7000-8000-000000000001,01a0d778-8c1f-740e-b699-6d90c918701e,ACTIVE,2104392,-245188,4825109,0,0,140000,0,0
1575220,01a0b1c2-b010-7000-8000-000000000001,01a0d778-828d-7281-9b0b-c160699881ac,ACTIVE,0,-104038,6287797,0,231,138950,0,0
1575220,01a0b1c2-b010-7000-8000-000000000001,01a0d778-8c1f-740e-b699-6d90c918701e,ACTIVE,2104392,-245188,4839109,0,0,140000,0,0
1575222,01a0b1c2-b010-7000-8000-000000000001,01a0d778-828d-7281-9b0b-c160699881ac,ACTIVE,0,-104015,6301639,0,230,138250,0,0
1575222,01a0b1c2-b010-7000-8000-000000000001,01a0d778-8c1f-740e-b699-6d90c918701e,ACTIVE,2104392,-245188,4853109,0,0,140000,0,0
1575224,01a0b1c2-b010-7000-8000-000000000001,01a0d778-828d-7281-9b0b-c160699881ac,ACTIVE,0,-103992,6315412,0,229,137550,0,0
1575224,01a0b1c2-b010-7000-8000-000000000001,01a0d778-8c1f-740e-b699-6d90c918701e,ACTIVE,2104392,-245188,4867109,0,0,140000,0,0
1575226,01a0b1c2-b010-7000-8000-000000000001,01a0d778-828d-7281-9b0b-c160699881ac,ACTIVE,0,-103970,6329114,0,227,136850,0,0
1575226,01a0b1c2-b010-7000-8000-000000000001,01a0d778-8c1f-740e-b699-6d90c918701e,ACTIVE,2104392,-245188,4881109,0,0,140000,0,0
1575228,01a0b1c2-b010-7000-8000-000000000001,01a0d778-828d-7281-9b0b-c160699881ac,ACTIVE,0,-103947,6342747,0,226,136150,0,0
1575228,01a0b1c2-b010-7000-8000-000000000001,01a0d778-8c1f-740e-b699-6d90c918701e,ACTIVE,2104392,-245188,4895109,0,0,140000,0,0
1575230,01a0b1c2-b010-7000-8000-000000000001,01a0d778-828d-7281-9b0b-c160699881ac,ACTIVE,0,-103924,6356309,0,225,135450,0,0
1575230,01a0b1c2-b010-7000-8000-000000000001,01a0d778-8c1f-740e-b699-6d90c918701e,ACTIVE,2104392,-245188,4909109,0,0,140000,0,0
1575232,01a0b1c2-b010-7000-8000-000000000001,01a0d778-828d-7281-9b0b-c160699881ac,ACTIVE,0,-103902,6369802,0,224,134750,0,0
1575232,01a0b1c2-b010-7000-8000-000000000001,01a0d778-8c1f-740e-b699-6d90c918701e,ACTIVE,2104392,-245188,4923109,0,0,140000,0,0
1575234,01a0b1c2-b010-7000-8000-000000000001,01a0d778-828d-7281-9b0b-c160699881ac,ACTIVE,0,-103880,6383224,0,223,134050,0,0
1575234,01a0b1c2-b010-7000-8000-000000000001,01a0d778-8c1f-740e-b699-6d90c918701e,ACTIVE,2104392,-245188,4937109,0,0,140000,0,0
1575236,01a0b1c2-b010-7000-8000-000000000001,01a0d778-828d-7281-9b0b-c160699881ac,ACTIVE,0,-103857,6396577,0,222,133350,0,0
1575236,01a0b1c2-b010-7000-8000-000000000001,01a0d778-8c1f-740e-b699-6d90c918701e,ACTIVE,2104392,-245188,4951109,0,0,140000,0,0
1575238,01a0b1c2-b010-7000-8000-000000000001,01a0d778-828d-7281-9b0b-c160699881ac,LINGERING,0,-103835,6409859,0,221,132650,0,0
1575238,01a0b1c2-b010-7000-8000-000000000001,01a0d778-8c1f-740e-b699-6d90c918701e,ACTIVE,2104392,-245188,4965109,0,0,140000,0,0
1575240,01a0b1c2-b010-7000-8000-000000000001,01a0d778-828d-7281-9b0b-c160699881ac,LINGERING,0,-103813,6423072,0,219,131950,0,0
1575240,01a0b1c2-b010-7000-8000-000000000001,01a0d778-8c1f-740e-b699-6d90c918701e,ACTIVE,2104392,-245188,4979109,0,0,140000,0,0
1575242,01a0b1c2-b010-7000-8000-000000000001,01a0d778-828d-7281-9b0b-c160699881ac,LINGERING,0,-103791,6436214,0,218,131250,0,0
1575242,01a0b1c2-b010-7000-8000-000000000001,01a0d778-8c1f-740e-b699-6d90c918701e,ACTIVE,2104392,-245188,4993109,0,0,140000,0,0
1575244,01a0b1c2-b010-7000-8000-000000000001,01a0d778-828d-7281-9b0b-c160699881ac,LINGERING,0,-103770,6449287,0,217,130550,0,0
1575244,01a0b1c2-b010-7000-8000-000000000001,01a0d778-8c1f-740e-b699-6d90c918701e,ACTIVE,2104392,-245188,5007109,0,0,140000,0,0
1575246,01a0b1c2-b010-7000-8000-000000000001,01a0d778-828d-7281-9b0b-c160699881ac,LINGERING,0,-103748,6462289,0,216,129850,0,0
1575246,01a0b1c2-b010-7000-8000-000000000001,01a0d778-8c1f-740e-b699-6d90c918701e,ACTIVE,2104392,-245188,5021109,0,0,140000,0,0
1575248,01a0b1c2-b010-7000-8000-000000000001,01a0d778-828d-7281-9b0b-c160699881ac,LINGERING,0,-103727,6475222,0,215,129150,0,0
1575248,01a0b1c2-b010-7000-8000-000000000001,01a0d778-8c1f-740e-b699-6d90c918701e,ACTIVE,2104392,-245188,5035109,0,0,140000,0,0
1575250,01a0b1c2-b010-7000-8000-000000000001,01a0d778-828d-7281-9b0b-c160699881ac,LINGERING,0,-103705,6488084,0,214,128450,0,0
1575250,01a0b1c2-b010-7000-8000-000000000001,01a0d778-8c1f-740e-b699-6d90c918701e,ACTIVE,2104392,-245188,5049109,0,0,140000,0,0
1575252,01a0b1c2-b010-7000-8000-000000000001,01a0d778-828d-7281-9b0b-c160699881ac,LINGERING,0,-103684,6500877,0,212,127750,0,0
1575252,01a0b1c2-b010-7000-8000-000000000001,01a0d778-8c1f-740e-b699-6d90c918701e,ACTIVE,2104392,-245188,5063109,0,0,140000,0,0
1575254,01a0b1c2-b010-7000-8000-000000000001,01a0d778-828d-7281-9b0b-c160699881ac,LINGERING,0,-103663,6513599,0,211,127050,0,0
1575254,01a0b1c2-b010-7000-8000-000000000001,01a0d778-8c1f-740e-b699-6d90c918701e,ACTIVE,2104392,-245188,5077109,0,0,140000,0,0
1575256,01a0b1c2-b010-7000-8000-000000000001,01a0d778-828d-7281-9b0b-c160699881ac,LINGERING,0,-103642,6526252,0,210,126350,0,0
1575256,01a0b1c2-b010-7000-8000-000000000001,01a0d778-8c1f-740e-b699-6d90c918701e,ACTIVE,2104392,-245188,5091109,0,0,140000,0,0
1575258,01a0b1c2-b010-7000-8000-000000000001,01a0d778-828d-7281-9b0b-c160699881ac,LINGERING,0,-103621,6538834,0,209,125650,0,0
1575258,01a0b1c2-b010-7000-8000-000000000001,01a0d778-8c1f-740e-b699-6d90c918701e,ACTIVE,2104392,-245188,5105109,0,0,140000,0,0
1575260,01a0b1c2-b010-7000-8000-000000000001,01a0d778-828d-7281-9b0b-c160699881ac,LINGERING,0,-103600,6551347,0,208,124950,0,0
1575260,01a0b1c2-b010-7000-8000-000000000001,01a0d778-8c1f-740e-b699-6d90c918701e,ACTIVE,2104392,-245188,5119109,0,0,140000,0,0
1575262,01a0b1c2-b010-7000-8000-000000000001,01a0d778-828d-7281-9b0b-c160699881ac,LINGERING,0,-103579,6563789,0,207,124250,0,0
1575262,01a0b1c2-b010-7000-8000-000000000001,01a0d778-8c1f-740e-b699-6d90c918701e,ACTIVE,2104392,-245188,5133109,0,0,140000,0,0
1575264,01a0b1c2-b010-7000-8000-000000000001,01a0d778-828d-7281-9b0b-c160699881ac,LINGERING,0,-103559,6576162,0,205,123550,0,0
1575264,01a0b1c2-b010-7000-8000-000000000001,01a0d778-8c1f-740e-b699-6d90c918701e,ACTIVE,2104392,-245188,5147109,0,0,140000,0,0
1575266,01a0b1c2-b010-7000-8000-000000000001,01a0d778-828d-7281-9b0b-c160699881ac,LINGERING,0,-103538,6588464,0,204,122850,0,0
1575266,01a0b1c2-b010-7000-8000-000000000001,01a0d778-8c1f-740e-b699-6d90c918701e,ACTIVE,2104392,-245188,5161109,0,0,140000,0,0
1575268,01a0b1c2-b010-7000-8000-000000000001,01a0d778-828d-7281-9b0b-c160699881ac,LINGERING,0,-103518,6600697,0,203,122150,0,0
1575268,01a0b1c2-b010-7000-8000-000000000001,01a0d778-8c1f-740e-b699-6d90c918701e,ACTIVE,2104392,-245188,5175109,0,0,140000,0,0
1575270,01a0b1c2-b010-7000-8000-000000000001,01a0d778-828d-7281-9b0b-c160699881ac,LINGERING,0,-103498,6612859,0,202,121450,0,0
1575270,01a0b1c2-b010-7000-8000-000000000001,01a0d778-8c1f-740e-b699-6d90c918701e,ACTIVE,2104392,-245188,5189057,0,0,139300,0,0
1575272,01a0b1c2-b010-7000-8000-000000000001,01a0d778-828d-7281-9b0b-c160699881ac,LINGERING,0,-103478,6624952,0,201,120750,0,0
1575272,01a0b1c2-b010-7000-8000-000000000001,01a0d778-8c1f-740e-b699-6d90c918701e,ACTIVE,2104392,-245188,5202934,0,0,138600,0,0
1575274,01a0b1c2-b010-7000-8000-000000000001,01a0d778-828d-7281-9b0b-c160699881ac,LINGERING,0,-103458,6636974,0,200,120050,0,0
1575274,01a0b1c2-b010-7000-8000-000000000001,01a0d778-8c1f-740e-b699-6d90c918701e,ACTIVE,2104392,-245188,5216742,0,0,137900,0,0
1575276,01a0b1c2-b010-7000-8000-000000000001,01a0d778-828d-7281-9b0b-c160699881ac,LINGERING,0,-103438,6648927,0,198,119350,0,0
1575276,01a0b1c2-b010-7000-8000-000000000001,01a0d778-8c1f-740e-b699-6d90c918701e,ACTIVE,2104392,-245188,5230479,0,0,137200,0,0
1575278,01a0b1c2-b010-7000-8000-000000000001,01a0d778-828d-7281-9b0b-c160699881ac,LINGERING,0,-103418,6660809,0,197,118650,0,0
1575278,01a0b1c2-b010-7000-8000-000000000001,01a0d778-8c1f-740e-b699-6d90c918701e,ACTIVE,2104392,-245188,5244147,0,0,136500,0,0
1575280,01a0b1c2-b010-7000-8000-000000000001,01a0d778-828d-7281-9b0b-c160699881ac,LINGERING,0,-103398,6672621,0,196,117950,0,0
1575280,01a0b1c2-b010-7000-8000-000000000001,01a0d778-8c1f-740e-b699-6d90c918701e,ACTIVE,2104392,-245188,5257744,0,0,135800,0,0
1575282,01a0b1c2-b010-7000-8000-000000000001,01a0d778-828d-7281-9b0b-c160699881ac,LINGERING,0,-103379,6684364,0,195,117250,0,0
1575282,01a0b1c2-b010-7000-8000-000000000001,01a0d778-8c1f-740e-b699-6d90c918701e,ACTIVE,2104392,-245188,5271272,0,0,135100,0,0
1575284,01a0b1c2-b010-7000-8000-000000000001,01a0d778-828d-7281-9b0b-c160699881ac,LINGERING,0,-103360,6696036,0,194,116550,0,0
1575284,01a0b1c2-b010-7000-8000-000000000001,01a0d778-8c1f-740e-b699-6d90c918701e,ACTIVE,2104392,-245188,5284729,0,0,134400,0,0
1575286,01a0b1c2-b010-7000-8000-000000000001,01a0d778-828d-7281-9b0b-c160699881ac,LINGERING,0,-103340,6707639,0,193,115850,0,0
1575286,01a0b1c2-b010-7000-8000-000000000001,01a0d778-8c1f-740e-b699-6d90c918701e,ACTIVE,2104392,-245188,5298117,0,0,133700,0,0
1575288,01a0b1c2-b010-7000-8000-000000000001,01a0d778-828d-7281-9b0b-c160699881ac,LINGERING,0,-103321,6719171,0,191,115150,0,0
1575288,01a0b1c2-b010-7000-8000-000000000001,01a0d778-8c1f-740e-b699-6d90c918701e,ACTIVE,2104392,-245188,5311434,0,0,133000,0,0
