bot,command_id,probe_seq,sent_us,result_us,status,reason_code,reply_us,order,rtt_ms
bot-000,01a0b929-8200-77ee-ba89-0a2d712f2765,0,323223,344566,ACCEPTED,,344627,ok,21.404
bot-000,01a0b929-83f9-7294-8302-bf1580a4dd7a,1,828399,844851,ACCEPTED,,844908,ok,16.509
bot-000,01a0b929-85f0-74e8-a17f-6195c1f297b1,2,1331272,1344589,ACCEPTED,,1344617,ok,13.345
bot-000,01a0b929-87e6-7358-84be-9832916ff4d9,3,1833103,1844387,ACCEPTED,,1844411,ok,11.308
bot-000,01a0b929-89db-7599-b6ea-f2f0c4b93f71,4,2334239,2344474,ACCEPTED,,2344497,ok,10.258
bot-000,01a0b929-8bde-73b1-943b-ba8a8b2e02cf,5,2849184,2894787,ACCEPTED,,2894836,ok,45.652
bot-000,01a0b929-8dd2-74d5-b7f4-9c59481638db,6,3349470,3394394,ACCEPTED,,3394438,ok,44.968
bot-000,01a0b929-8fd6-70a7-9a36-a6dd73fa2adf,7,3865306,3894694,ACCEPTED,,3894740,ok,29.434
bot-000,01a0b929-91cc-72a3-ae2a-3ee9ddac4acd,8,4366735,4394253,ACCEPTED,,4394264,ok,27.529
bot-000,01a0b929-93c3-7135-8fc6-947aa89d1f6c,9,4870298,4894904,ACCEPTED,,4894954,ok,24.656
bot-000,01a0b929-95b7-733e-b52b-d8c0cf26b441,10,5370530,5394350,ACCEPTED,,5394393,ok,23.863
bot-000,01a0b929-97b2-7249-abca-5ff0dc2bc3c4,11,5876688,5894184,ACCEPTED,,5894229,ok,17.541
bot-000,01a0b929-99b4-75fd-96dd-86b1e09a7d3d,12,6391467,6394217,ACCEPTED,,6394241,ok,2.774
bot-000,01a0b929-9bac-73d2-90e3-02cc82c773e8,13,6894747,6944478,ACCEPTED,,6944521,ok,49.774
bot-000,01a0b929-9da5-720a-8714-0dc09b0d81c1,14,7399751,7444454,ACCEPTED,,7444496,ok,44.745
bot-000,01a0b929-9f9c-7391-bb21-c379a4da56e8,15,7903179,7944317,ACCEPTED,,7944362,ok,41.183
bot-000,01a0b929-a194-7226-9cb9-7e7dee45f117,16,8406961,8444671,ACCEPTED,,8444695,ok,37.734
bot-000,01a0b929-a397-711e-95ab-6540f2cc45ab,17,8922478,8944595,ACCEPTED,,8944633,ok,22.155
bot-000,01a0b929-a58f-71b6-bc2e-ad818fe6d62d,18,9426219,9444757,ACCEPTED,,9444800,ok,18.581
bot-000,01a0b929-a785-76be-9d07-18b8fcfe3001,19,9927672,9944715,ACCEPTED,,9944751,ok,17.079
bot-000,01a0b929-a97c-70d0-8874-941f6abedaff,20,10431366,10444670,ACCEPTED,,10444705,ok,13.339
bot-000,01a0b929-ab73-7579-b2d2-fb8e89c935e5,21,10934250,10944510,ACCEPTED,,10944553,ok,10.303
bot-000,01a0b929-ad6f-73c8-9bee-e86f22cd5241,22,11441762,11444501,ACCEPTED,,11444521,ok,2.759
bot-000,01a0b929-af65-7382-a3ed-c6d78db4c9d3,23,11944392,11994687,ACCEPTED,,11994736,ok,50.344
bot-000,01a0b929-b15f-733e-a257-ce7921ff4b24,24,12450508,12494409,ACCEPTED,,12494462,ok,43.954
bot-000,01a0b929-b355-734a-b097-7274513b119b,25,12952128,12997438,ACCEPTED,,12997654,ok,45.526
bot-000,01a0b929-b556-70da-b438-02406064a765,26,13464628,13494437,ACCEPTED,,13494485,ok,29.857
bot-000,01a0b929-b758-71e6-ad7a-a3308e7e8821,27,13979423,13995219,ACCEPTED,,13995252,ok,15.829
bot-000,01a0b929-b95b-70b7-b222-d14fdc97171f,28,14494385,14544683,ACCEPTED,,14544713,ok,50.328
bot-000,01a0b929-bb52-712b-835a-028b6d540bdb,29,14997495,15044300,ACCEPTED,,15044350,ok,46.855
bot-000,01a0b929-bd56-7203-bd83-0f6e1c4cb365,30,15512981,15544420,ACCEPTED,,15544471,ok,31.490
bot-000,01a0b929-bf53-75c4-b9fb-6d1c08e2b33b,31,16021841,16044225,ACCEPTED,,16044285,ok,22.444
bot-000,01a0b929-c155-77e8-b041-b94195dff990,32,16536506,16544614,ACCEPTED,,16544656,ok,8.150
bot-000,01a0b929-c34c-7224-bb0f-45483ca0188b,33,17039544,17044357,ACCEPTED,,17044395,ok,4.851
bot-000,01a0b929-c54f-76ff-94a1-62b06bb8dc4d,34,17554279,17594686,ACCEPTED,,17594715,ok,40.436
bot-000,01a0b929-c748-73a7-b312-ba1ed4f5b456,35,18058607,18094567,ACCEPTED,,18094615,ok,36.008
bot-000,01a0b929-c93d-73a3-aac8-6aa259642794,36,18560441,18594636,ACCEPTED,,18594688,ok,34.247
bot-000,01a0b929-cb33-70b1-8e04-51d0f826589c,37,19062362,19094500,ACCEPTED,,19094542,ok,32.180
bot-000,01a0b929-cd37-7633-96e1-8b643ab64fba,38,19577601,19594676,ACCEPTED,,19594722,ok,17.121
bot-000,01a0b929-cf3a-7079-9843-a2cf255c5c1c,39,20092735,20094306,ACCEPTED,,20094348,ok,1.613
bot-000,01a0b929-d131-7492-a736-efa40a494063,40,20596242,20644414,ACCEPTED,,20644472,ok,48.230
bot-000,01a0b929-d326-73a0-a805-79dad0940d3a,41,21097451,21144512,ACCEPTED,,21144547,ok,47.096
bot-000,01a0b929-d521-763d-8c54-f7e997ec5dec,42,21603896,21644600,ACCEPTED,,21644632,ok,40.736
bot-000,01a0b929-d722-7784-abcc-d05d6c823a53,43,22117274,22144650,ACCEPTED,,22144704,ok,27.430
bot-000,01a0b929-d91a-77bf-b317-d72fa994dfbf,44,22621460,22644487,ACCEPTED,,22644524,ok,23.064
bot-000,01a0b929-db1e-733b-a074-0b25af624ad7,45,23137475,23144472,ACCEPTED,,23144524,ok,7.049
bot-000,01a0b929-dd17-7095-9113-7b40fa6a15c7,46,23641574,23644167,ACCEPTED,,23644205,ok,2.631
bot-000,01a0b929-df1b-7208-af87-56c0cd946da8,47,24157671,24194619,ACCEPTED,,24194664,ok,36.993
bot-000,01a0b929-e111-713c-aecc-5a4121609cdb,48,24660016,24694806,ACCEPTED,,24694838,ok,34.822
bot-000,01a0b929-e308-72c3-879a-381f30cd524f,49,25163307,25194768,ACCEPTED,,25194833,ok,31.526
bot-000,01a0b929-e50b-76ac-936a-228961b2562c,50,25678150,25694425,ACCEPTED,,25694479,ok,16.329
bot-000,01a0b929-e701-7195-8e81-a2f7503e86fe,51,26179794,26194366,ACCEPTED,,26194424,ok,14.630
bot-000,01a0b929-e8fc-70d1-804e-35c404f19dd4,52,26687191,26694212,ACCEPTED,,26694243,ok,7.052
bot-000,01a0b929-eaf6-73fb-84d8-cc38d9b83897,53,27193081,27194759,ACCEPTED,,27194787,ok,1.706
bot-000,01a0b929-ecee-7582-95b9-fd7f6071f1ce,54,27696927,27744440,ACCEPTED,,27744474,ok,47.547
bot-000,01a0b929-eee4-73ce-9430-0c535809f02e,55,28198996,28244578,ACCEPTED,,28244613,ok,45.617
bot-000,01a0b929-f0db-762a-93b2-5949909a3a6e,56,28702048,28744474,ACCEPTED,,28744523,ok,42.475
bot-000,01a0b929-f2d3-75d9-9576-5072c1bd48a7,57,29205737,29244614,ACCEPTED,,29244679,ok,38.942
bot-000,01a0b929-f4cb-77ea-b8d5-b8d8de0b761f,58,29710487,29744442,ACCEPTED,,29744492,ok,34.005
bot-000,01a0b929-f6c6-72d9-81ff-02c4d18b9c1d,59,30217174,30244561,ACCEPTED,,30244635,ok,27.461
bot-000,01a0b929-f8c8-7160-baac-473ac5063fda,60,30731460,30744761,ACCEPTED,,30744793,ok,13.333
bot-000,01a0b929-faca-703d-b88c-ff94e73f3664,61,31244805,31294609,ACCEPTED,,31294638,ok,49.833
bot-000,01a0b929-fcc0-762e-8483-cefa760da265,62,31747164,31794857,ACCEPTED,,31794887,ok,47.723
bot-000,01a0b929-feb7-70f7-8094-54e39df2f6cc,63,32249927,32294616,ACCEPTED,,32294657,ok,44.730
bot-000,01a0b92a-00b3-77a5-9a4f-33478f9c87bf,64,32758134,32794606,ACCEPTED,,32794659,ok,36.525
bot-000,01a0b92a-02b5-747a-918b-86b754483b42,65,33271939,33294679,ACCEPTED,,33294733,ok,22.794
bot-000,01a0b92a-04ab-71d9-bd90-bbb61c19968c,66,33773869,33794670,ACCEPTED,,33794720,ok,20.851
bot-000,01a0b92a-06a1-7244-975e-3f43715269a7,67,34276510,34294435,ACCEPTED,,34294464,ok,17.954
bot-000,01a0b92a-0898-77ff-95c2-d490c63f0d68,68,34779268,34794626,ACCEPTED,,34794685,ok,15.417
bot-000,01a0b92a-0a9b-75d4-8585-d5aa9e0eb91d,69,35294106,35294611,ACCEPTED,,35294658,ok,0.552
bot-000,01a0b92a-0c91-703f-83ed-9f7608f24925,70,35795817,35844758,ACCEPTED,,35844787,ok,48.970
bot-000,01a0b92a-0e87-7203-908b-3ced321b0a3b,71,36298118,36344378,ACCEPTED,,36344432,ok,46.314
bot-000,01a0b92a-1081-72b4-b03e-80b5e9e1f18d,72,36803716,36844187,ACCEPTED,,36844257,ok,40.541
bot-000,01a0b92a-1282-77e4-8b61-27676e3509ed,73,37317192,37344607,ACCEPTED,,37344641,ok,27.449
bot-000,01a0b92a-1478-70a2-9d5c-9ce3965a7894,74,37819449,37844623,ACCEPTED,,37844665,ok,25.216
bot-000,01a0b92a-167c-707d-af8d-93877a63a96a,75,38334757,38344222,ACCEPTED,,38344264,ok,9.507
bot-000,01a0b92a-1873-7149-9ed1-c20daf44027f,76,38838300,38844241,ACCEPTED,,38844282,ok,5.982
bot-000,01a0b92a-1a6a-73c5-85ee-aa26a99f07a6,77,39340563,39344345,ACCEPTED,,39344383,ok,3.820
bot-000,01a0b92a-1c64-73d4-b4fc-0164f2214c26,78,39847300,39894632,ACCEPTED,,39894649,ok,47.349
bot-000,01a0b92a-1e5a-709e-ade0-57e233e283fd,79,40348682,40394632,ACCEPTED,,40394667,ok,45.985
bot-000,01a0b92a-2055-76ca-9419-90284fe8984a,80,40856108,40894596,ACCEPTED,,40894631,ok,38.523
bot-000,01a0b92a-224d-71e9-a955-b63c4df63101,81,41360399,41394843,ACCEPTED,,41394876,ok,34.477
bot-000,01a0b92a-2445-76fb-a034-b241b923e575,82,41864423,41894636,ACCEPTED,,41894690,ok,30.267
bot-000,01a0b92a-264a-731c-b230-a76c55dc90dc,83,42381210,42394537,ACCEPTED,,42394588,ok,13.378
bot-000,01a0b92a-283f-7052-9805-3589133c4bcd,84,42881965,42894358,ACCEPTED,,42894384,ok,12.419
bot-000,01a0b92a-2a40-7308-907a-55e1ab099bb5,85,43394981,43444841,ACCEPTED,,43444865,ok,49.884
bot-000,01a0b92a-2c39-7461-b60d-b8eabd52912f,86,43899775,43944832,ACCEPTED,,43944873,ok,45.098
bot-000,01a0b92a-2e35-7199-b306-ca2bb7afed99,87,44408209,44444556,ACCEPTED,,44444581,ok,36.372
bot-000,01a0b92a-3033-7287-b280-82c3d1b03aae,88,44917873,44944274,ACCEPTED,,44944321,ok,26.448
bot-000,01a0b92a-3235-747e-8462-6c0197f1ef2e,89,45432306,45444468,ACCEPTED,,45444518,ok,12.212
bot-000,01a0b92a-343a-73d0-9c62-c666dd25e52e,90,45948714,45994895,ACCEPTED,,45994910,ok,46.196
bot-000,01a0b92a-363d-725f-baa1-b7e62d372e99,91,46463635,46495071,ACCEPTED,,46495100,ok,31.465
bot-000,01a0b92a-3837-713e-a55b-025ed0ede36b,92,46969974,46994252,ACCEPTED,,46994285,ok,24.311
bot-000,01a0b92a-3a39-724d-977f-81cfd1ba0358,93,47483830,47494600,ACCEPTED,,47494621,ok,10.791
bot-000,01a0b92a-3c32-7615-b14e-d031a55199b7,94,47988702,47994799,ACCEPTED,,47994821,ok,6.119
bot-000,01a0b92a-3e29-727a-b60a-cc791ddca3a7,95,48492273,48494336,ACCEPTED,,48494366,ok,2.093
bot-000,01a0b92a-402a-737b-8cd1-3692af068362,96,49004628,49044406,ACCEPTED,,49044469,ok,39.841
bot-000,01a0b92a-422e-760f-a00d-f060a9d33ba3,97,49520865,49545047,ACCEPTED,,49545063,ok,24.198
bot-000,01a0b92a-442a-71bf-a150-2255cd8ba674,98,50029216,50044676,ACCEPTED,,50044690,ok,15.474
bot-000,01a0b92a-4627-7220-bbfa-41384ffee7c7,99,50537629,50544510,ACCEPTED,,50544529,ok,6.900
bot-000,01a0b92a-481f-747c-8bf3-8b5a53227bfc,100,51042327,51044616,ACCEPTED,,51044642,ok,2.315
bot-000,01a0b92a-4a16-77eb-ab37-821f27568f1c,101,51545524,51594509,ACCEPTED,,51594525,ok,49.001
bot-000,01a0b92a-4c0e-7063-bb2a-57ef790389d1,102,52049457,52094908,ACCEPTED,,52094942,ok,45.485
bot-000,01a0b92a-4e08-725b-a8b2-9760b491136b,103,52554686,52594432,ACCEPTED,,52594489,ok,39.803
bot-000,01a0b92a-4fff-716c-8d0f-fd378b4ad22f,104,53058367,53094719,ACCEPTED,,53094744,ok,36.377
bot-000,01a0b92a-51f6-75ed-ab62-b83a5097165f,105,53561077,53594577,ACCEPTED,,53594598,ok,33.521
bot-000,01a0b92a-53ed-743a-9a83-f8c956c3d858,106,54064451,54094674,ACCEPTED,,54094700,ok,30.249
bot-000,01a0b92a-55f0-7663-a76f-e00008c07a17,107,54579447,54594719,ACCEPTED,,54594734,ok,15.287
bot-000,01a0b92a-57e7-712d-9a11-c6675d11ed20,108,55082141,55094758,ACCEPTED,,55094792,ok,12.651
bot-000,01a0b92a-59dd-724b-8d66-3df324b3d5ee,109,55584178,55594574,ACCEPTED,,55594590,ok,10.412
bot-000,01a0b92a-5bd5-75c5-b8ee-08d7623d9d07,110,56087805,56094726,ACCEPTED,,56094740,ok,6.935
bot-000,01a0b92a-5dcb-7304-976b-4de990a6b75c,111,56590372,56594814,ACCEPTED,,56594837,ok,4.465
bot-000,01a0b92a-5fc1-739c-b708-3aa3f4cfc07c,112,57091790,57094694,ACCEPTED,,57094708,ok,2.918
bot-000,01a0b92a-61b7-705e-bbe2-2e39eb55c462,113,57594386,57644684,ACCEPTED,,57644696,ok,50.310
bot-000,01a0b92a-63af-73ce-bd97-9a93829d7899,114,58097721,58144857,ACCEPTED,,58144872,ok,47.151
bot-000,01a0b92a-65a7-7237-94e1-837b6e5f9873,115,58601889,58644666,ACCEPTED,,58644677,ok,42.788
bot-000,01a0b92a-679d-7111-83b1-65efb8152058,116,59104251,59144628,ACCEPTED,,59144656,ok,40.405
bot-000,01a0b92a-6995-74fa-85b0-adaa7cd7c978,117,59607608,59644641,ACCEPTED,,59644660,ok,37.052
bot-000,01a0b92a-6b8a-721a-bca7-a7c4cfe5a86c,118,60108817,60144538,ACCEPTED,,60144571,ok,35.754
bot-001,01a0b929-8313-70b5-871d-58581d8e044b,0,598448,644517,ACCEPTED,,644566,ok,46.118
bot-001,01a0b929-850b-7341-9c6f-f5bf54e317dc,1,1101826,1144705,ACCEPTED,,1144842,ok,43.016
bot-001,01a0b929-8703-7722-9224-85fe55eb6e3c,2,1606490,1644490,ACCEPTED,,1644527,ok,38.037
bot-001,01a0b929-8907-77e0-bec1-fcc5a5bbf8e4,3,2122131,2144489,ACCEPTED,,2144520,ok,22.389
bot-001,01a0b929-8afc-7714-abab-854fdca1fc78,4,2623511,2644704,ACCEPTED,,2644745,ok,21.234
bot-001,01a0b929-8cff-73f6-8944-a831e730b4f6,5,3137953,3144286,ACCEPTED,,3144327,ok,6.374
bot-001,01a0b929-8f03-7129-9956-db27600993ff,6,3653712,3694641,ACCEPTED,,3694706,ok,40.994
bot-001,01a0b929-90f8-71be-941f-62ccfc0f668d,7,4154822,4194469,ACCEPTED,,4194519,ok,39.697
bot-001,01a0b929-92ee-731a-a9e2-797d3f8846eb,8,4656671,4694357,ACCEPTED,,4694411,ok,37.740
bot-001,01a0b929-94f1-73dd-91ec-d3ad6aac1a88,9,5171890,5194363,ACCEPTED,,5194412,ok,22.522
bot-001,01a0b929-96e8-726c-8671-8797af4a9da0,10,5675234,5694582,ACCEPTED,,5694625,ok,19.391
bot-001,01a0b929-98e0-768d-ab16-ca37fa5f0bc6,11,6179274,6194343,ACCEPTED,,6194380,ok,15.106
bot-001,01a0b929-9ad9-72b0-9c8c-0d1181a377fb,12,6684226,6694335,ACCEPTED,,6694380,ok,10.154
bot-001,01a0b929-9cce-70bf-a98c-78bffcf0a72a,13,7185460,7194638,ACCEPTED,,7194685,ok,9.225
bot-001,01a0b929-9ec4-7597-8e45-de90bf048709,14,7687187,7694572,ACCEPTED,,7694616,ok,7.429
bot-001,01a0b929-a0be-74bc-b154-3dfb3f8f596c,15,8193235,8194526,ACCEPTED,,8194569,ok,1.334
bot-001,01a0b929-a2b3-766e-96d7-5ace227b137f,16,8694098,8744191,ACCEPTED,,8744236,ok,50.138
bot-001,01a0b929-a4a7-706a-9f81-5a4a3dc3c63c,17,9194459,9244366,ACCEPTED,,9244395,ok,49.936
bot-001,01a0b929-a6a0-713f-8842-3a5c43e4fbec,18,9699311,9744386,ACCEPTED,,9744430,ok,45.119
bot-001,01a0b929-a898-70e6-899b-770f613a215f,19,10203420,10244588,ACCEPTED,,10244648,ok,41.228
bot-001,01a0b929-aa90-7131-9dea-1de88b4f2d06,20,10707083,10744342,ACCEPTED,,10744395,ok,37.312
bot-001,01a0b929-ac8a-7753-bec3-090ec1d68b28,21,11213214,11244345,ACCEPTED,,11244388,ok,31.174
bot-001,01a0b929-ae83-7713-9896-5a2630f0faee,22,11718095,11744282,ACCEPTED,,11744337,ok,26.242
bot-001,01a0b929-b07c-74f9-9803-5b17ccb48966,23,12223423,12245119,ACCEPTED,,12245152,ok,21.729
bot-001,01a0b929-b27f-77b9-8998-530301c1dcb5,24,12737827,12744420,ACCEPTED,,12744448,ok,6.621
bot-001,01a0b929-b480-7061-8e11-f57a0784c5f9,25,13250981,13294838,ACCEPTED,,13294892,ok,43.911
bot-001,01a0b929-b676-743e-accb-d070e4047074,26,13752645,13794658,ACCEPTED,,13794698,ok,42.053
bot-001,01a0b929-b877-76fc-ba76-246ad53d015b,27,14266511,14294711,ACCEPTED,,14294768,ok,28.257
bot-001,01a0b929-ba7a-734a-8fd1-873a9b02a226,28,14781548,14794421,ACCEPTED,,14794461,ok,12.913
bot-001,01a0b929-bc70-76e4-a023-2fe96da4e0d8,29,15283073,15294538,ACCEPTED,,15294564,ok,11.491
bot-001,01a0b929-be6c-76d0-905c-53cf55ff0b05,30,15790644,15794198,ACCEPTED,,15794250,ok,3.606
bot-001,01a0b929-c064-7644-ae6b-d2923fae1e33,31,16294597,16344307,ACCEPTED,,16344341,ok,49.744
bot-001,01a0b929-c267-72dc-aec4-49b779e5890d,32,16810228,16844354,ACCEPTED,,16844372,ok,34.144
bot-001,01a0b929-c45e-719a-b61e-64a3d8089c3b,33,17313005,17344496,ACCEPTED,,17344530,ok,31.525
bot-001,01a0b929-c661-773a-9e33-3ea0ed13db66,34,17827621,17844808,ACCEPTED,,17844841,ok,17.220
bot-001,01a0b929-c85a-71ca-975a-993c58decfdf,35,18333078,18344217,ACCEPTED,,18344266,ok,11.188
bot-001,01a0b929-ca50-749c-ba77-fd16ad44be4e,36,18834708,18844261,ACCEPTED,,18844308,ok,9.600
bot-001,01a0b929-cc54-705a-909d-56f4b8ed60fe,37,19350758,19394526,ACCEPTED,,19394547,ok,43.789
bot-001,01a0b929-ce54-71f5-9c14-d8af29555103,38,19863276,19894650,ACCEPTED,,19894705,ok,31.429
bot-001,01a0b929-d04c-7065-8d6f-a7863c175ef3,39,20366679,20394447,ACCEPTED,,20394468,ok,27.789
bot-001,01a0b929-d246-753b-91bd-e7d047371844,40,20873023,20894569,ACCEPTED,,20894588,ok,21.565
bot-001,01a0b929-d446-70d8-8d53-07bdf856315e,41,21385311,21394604,ACCEPTED,,21394651,ok,9.340
bot-001,01a0b929-d642-706f-9a6d-bdcad730ec0b,42,21893283,21894678,ACCEPTED,,21894696,ok,1.413
bot-001,01a0b929-d847-7643-b4e2-807f74756123,43,22410228,22444474,ACCEPTED,,22444513,ok,34.285
bot-001,01a0b929-da3e-7591-bb5f-196049ca75e3,44,22912662,22944563,ACCEPTED,,22944582,ok,31.920
bot-001,01a0b929-dc3f-75b3-a683-1435a7753a40,45,23425809,23444483,ACCEPTED,,23444508,ok,18.699
bot-001,01a0b929-de37-713b-a0bf-02b921d2c47d,46,23930368,23944705,ACCEPTED,,23944731,ok,14.363
bot-001,01a0b929-e02d-742a-9f16-4792377d7a1c,47,24431779,24444742,ACCEPTED,,24444770,ok,12.991
bot-001,01a0b929-e225-7148-b99a-54757dd06a15,48,24936080,24944424,ACCEPTED,,24944458,ok,8.378
bot-001,01a0b929-e421-7644-9f2c-f154bf57c1c0,49,25444557,25494746,ACCEPTED,,25494791,ok,50.234
bot-001,01a0b929-e61e-713f-9976-c3dedb46bdab,50,25953156,25994454,ACCEPTED,,25994501,ok,41.345
bot-001,01a0b929-e817-770b-9b1e-7f676788e6f3,51,26457649,26494678,ACCEPTED,,26494726,ok,37.077
bot-001,01a0b929-ea11-72a8-979f-71c84628b989,52,26964230,26994822,ACCEPTED,,26994848,ok,30.618
bot-001,01a0b929-ec09-7445-8bc4-b6ec3bb5d904,53,27467950,27494444,ACCEPTED,,27494464,ok,26.514
bot-001,01a0b929-edff-7268-936a-388d0655fb19,54,27970464,27994486,ACCEPTED,,27994505,ok,24.041
bot-001,01a0b929-eff7-7103-938e-4000d1bee4ef,55,28473665,28494562,ACCEPTED,,28494589,ok,20.924
bot-001,01a0b929-f1ef-7548-ac6c-ef57c4195142,56,28978252,28994727,ACCEPTED,,28994749,ok,16.497
bot-001,01a0b929-f3e6-71bd-808b-3ea8d1a9c387,57,29481392,29494740,ACCEPTED,,29494770,ok,13.378
bot-001,01a0b929-f5e1-74ba-84f4-1597db20cf42,58,29987885,29994708,ACCEPTED,,29994741,ok,6.856
bot-001,01a0b929-f7db-771c-b000-43f2a983c638,59,30494399,30544696,ACCEPTED,,30544745,ok,50.346
bot-001,01a0b929-f9d8-7490-8a8d-379a13ee9f1d,60,31003286,31044741,ACCEPTED,,31044796,ok,41.510
bot-001,01a0b929-fbce-7268-9113-39df4fbb55f4,61,31505138,31544308,ACCEPTED,,31544352,ok,39.214
bot-001,01a0b929-fdc3-7358-a47d-997c8ed899d5,62,32006435,32044564,ACCEPTED,,32044592,ok,38.157
bot-001,01a0b929-ffbf-7658-b2fc-8079daca4b53,63,32514213,32544607,ACCEPTED,,32544634,ok,30.421
bot-001,01a0b92a-01c2-7618-87ed-81c84566196d,64,33028998,33044806,ACCEPTED,,33044828,ok,15.830
bot-001,01a0b92a-03c6-7359-a897-7a66c3245e94,65,33544563,33594386,ACCEPTED,,33594445,ok,49.882
bot-001,01a0b92a-05bc-76cf-8218-71d5889d4e51,66,34047098,34094579,ACCEPTED,,34094610,ok,47.512
bot-001,01a0b92a-07b5-7491-9f7a-a3381c3eaa14,67,34551943,34594393,ACCEPTED,,34594411,ok,42.468
bot-001,01a0b92a-09aa-7059-bfc5-157d7e7104f5,68,35053357,35094544,ACCEPTED,,35094580,ok,41.223
bot-001,01a0b92a-0bac-7600-a011-fcee564806b3,69,35567166,35594766,ACCEPTED,,35594796,ok,27.630
bot-001,01a0b92a-0da4-7608-81f8-fc865f75acd6,70,36070578,36094692,ACCEPTED,,36094715,ok,24.137
bot-001,01a0b92a-0f9a-7200-8a90-82d202d18306,71,36572939,36594815,ACCEPTED,,36594831,ok,21.892
bot-001,01a0b92a-1191-74b4-8f2b-0e140b618ec7,72,37076359,37094806,ACCEPTED,,37094845,ok,18.486
bot-001,01a0b92a-1395-72b1-8bff-df6e825509ad,73,37591726,37594406,ACCEPTED,,37594430,ok,2.704
bot-001,01a0b92a-1599-7019-ac16-80e8d54f936b,74,38107566,38144866,ACCEPTED,,38144879,ok,37.313
bot-001,01a0b92a-179d-7650-ba06-737a92ccb45b,75,38623654,38644555,ACCEPTED,,38644603,ok,20.949
bot-001,01a0b92a-1993-77a5-be9c-27644ad65f27,76,39126319,39144350,ACCEPTED,,39144382,ok,18.063
bot-001,01a0b92a-1b8e-7224-91fa-ab7dfb7ad11f,77,39632759,39644744,ACCEPTED,,39644771,ok,12.012
bot-001,01a0b92a-1d85-72cb-b9bc-41eb8f78b0d9,78,40135694,40144617,ACCEPTED,,40144661,ok,8.967
bot-001,01a0b92a-1f7c-7516-b586-c7d587c938e5,79,40638676,40644791,ACCEPTED,,40644811,ok,6.135
bot-001,01a0b92a-2176-7027-ae55-763018a0eda5,80,41144663,41194515,ACCEPTED,,41194567,ok,49.904
bot-001,01a0b92a-236f-7260-819d-29f6ba2c8bcc,81,41650116,41694333,ACCEPTED,,41694363,ok,44.247
bot-001,01a0b92a-2565-7617-86d1-fa2b937660c8,82,42151990,42194650,ACCEPTED,,42194707,ok,42.717
bot-001,01a0b92a-275b-7617-a3a2-ef05b6dba81b,83,42654290,42694478,ACCEPTED,,42694508,ok,40.218
bot-001,01a0b92a-295c-7069-8bb5-41cc3d87184c,84,43166676,43194909,ACCEPTED,,43194933,ok,28.257
bot-001,01a0b92a-2b52-70aa-bd58-dd6104cc8a5c,85,43668658,43694366,ACCEPTED,,43694388,ok,25.730
bot-001,01a0b92a-2d4d-70e4-a3d8-48348926b84f,86,44175697,44194458,ACCEPTED,,44194515,ok,18.818
bot-001,01a0b92a-2f4f-75b0-9bef-a42025ba7296,87,44689992,44694604,ACCEPTED,,44694660,ok,4.668
bot-001,01a0b92a-3153-7687-aaf4-4f4af8079897,88,45205634,45244796,ACCEPTED,,45244830,ok,39.196
bot-001,01a0b92a-3356-7741-9b1c-7c68f1986868,89,45720966,45744726,ACCEPTED,,45744757,ok,23.791
bot-001,01a0b92a-354c-76e2-9fb9-a7443d91a68b,90,46223504,46244454,ACCEPTED,,46244498,ok,20.994
bot-001,01a0b92a-3750-7149-b78f-53ba4ba91955,91,46739148,46744679,ACCEPTED,,46744701,ok,5.553
bot-001,01a0b92a-3946-717c-b2a2-3b8e34b796a2,92,47240631,47244376,ACCEPTED,,47244396,ok,3.765
bot-001,01a0b92a-3b3c-7079-8e9f-a3f29a9c4937,93,47743137,47744263,ACCEPTED,,47744299,ok,1.162
bot-001,01a0b92a-3d36-700f-90fa-e6ad8e2e9bd6,94,48248724,48294644,ACCEPTED,,48294704,ok,45.980
bot-001,01a0b92a-3f37-728e-89db-64343579527c,95,48762418,48794572,ACCEPTED,,48794591,ok,32.173
bot-001,01a0b92a-413a-73ed-9846-6356936d47fb,96,49277453,49294337,ACCEPTED,,49294389,ok,16.936
bot-001,01a0b92a-4337-7442-8570-1a04215a1549,97,49785941,49794357,ACCEPTED,,49794377,ok,8.436
bot-001,01a0b92a-452d-76c7-8ccc-a8697d61f5eb,98,50288021,50294430,ACCEPTED,,50294455,ok,6.434
bot-001,01a0b92a-472d-70e1-9248-d265d2bf9ab6,99,50799944,50844964,ACCEPTED,,50845021,ok,45.077
bot-001,01a0b92a-4924-70ff-9a42-08f038d5db3b,100,51302682,51344465,ACCEPTED,,51344517,ok,41.835
bot-001,01a0b92a-4b26-76b3-a787-9b1b674dbe82,101,51817502,51844595,ACCEPTED,,51844618,ok,27.116
bot-001,01a0b92a-4d23-7074-9c83-6d388083d352,102,52325629,52344570,ACCEPTED,,52344615,ok,18.986
bot-001,01a0b92a-4f1d-7306-984b-d0d05c7eef3e,103,52832144,52844664,ACCEPTED,,52844676,ok,12.532
bot-001,01a0b92a-5120-7673-bca7-ab72e2bb523c,104,53347145,53395222,ACCEPTED,,53395272,ok,48.127
bot-001,01a0b92a-5319-7239-8e87-93cf8f9be8fe,105,53852322,53894731,ACCEPTED,,53894757,ok,42.435
bot-001,01a0b92a-551c-760a-87f8-7d609173fc1c,106,54367059,54394327,ACCEPTED,,54394350,ok,27.291
bot-001,01a0b92a-5711-76c6-acaf-6d02976bfe34,107,54867912,54894489,ACCEPTED,,54894505,ok,26.593
bot-001,01a0b92a-590b-725c-9151-627529d19100,108,55373618,55394547,ACCEPTED,,55394600,ok,20.982
bot-001,01a0b92a-5b0d-7190-ad59-a6af48948bfc,109,55888296,55894397,ACCEPTED,,55894410,ok,6.114
bot-001,01a0b92a-5d03-756d-ae3f-7dd05976610d,110,56389582,56394412,ACCEPTED,,56394439,ok,4.857
bot-001,01a0b92a-5efb-7671-b0ab-1e1fbf9e553f,111,56894414,56944614,ACCEPTED,,56944676,ok,50.262
bot-001,01a0b92a-6100-724c-add2-efde02b81009,112,57410615,57444409,ACCEPTED,,57444426,ok,33.811
bot-001,01a0b92a-62fa-7277-bbdb-0c64fe8f5081,113,57916612,57944655,ACCEPTED,,57944708,ok,28.096
bot-001,01a0b92a-64ff-756c-8f3e-708adb9ca7b1,114,58433929,58444637,ACCEPTED,,58444661,ok,10.732
bot-001,01a0b92a-66f6-749b-960c-b0f8914dc63e,115,58937255,58944557,ACCEPTED,,58944602,ok,7.347
bot-001,01a0b92a-68ec-7417-8302-c5fa45c418a7,116,59439535,59444177,ACCEPTED,,59444224,ok,4.689
bot-001,01a0b92a-6af1-7518-bfb1-2ab01e3838ed,117,59955588,59994708,ACCEPTED,,59994736,ok,39.148
bot-001,01a0b92a-6cea-7774-869b-7ebcd3e58b8d,118,60460596,60494431,ACCEPTED,,60494443,ok,33.847
bot-002,01a0b929-8323-74c7-b22b-ab773cfe294a,0,613648,644556,ACCEPTED,,644585,ok,30.937
bot-002,01a0b929-851a-76db-9543-1e64848f58dc,1,1116797,1144707,ACCEPTED,,1144754,ok,27.957
bot-002,01a0b929-8713-71e8-b5bb-033b38bfe8b4,2,1621619,1644479,ACCEPTED,,1644526,ok,22.907
bot-002,01a0b929-8917-72ab-8437-6947cc79f34e,3,2137636,2144465,ACCEPTED,,2144504,ok,6.868
bot-002,01a0b929-8b12-72b2-b3c5-a4b4b3c95379,4,2644706,2694285,ACCEPTED,,2694325,ok,49.619
bot-002,01a0b929-8d0e-743d-b941-595477def7a1,5,3153097,3194565,ACCEPTED,,3194619,ok,41.522
bot-002,01a0b929-8f03-7129-9956-db280c03abbc,6,3653712,3694658,ACCEPTED,,3694706,ok,40.994
bot-002,01a0b929-90f8-71be-941f-62cd4b1fb530,7,4154828,4194479,ACCEPTED,,4194518,ok,39.690
bot-002,01a0b929-92ee-731a-a9e2-797e0bd29136,8,4656679,4694369,ACCEPTED,,4694410,ok,37.731
bot-002,01a0b929-94f1-73dd-91ec-d3ae5b1bdb7e,9,5171910,5194390,ACCEPTED,,5194431,ok,22.521
bot-002,01a0b929-96e8-726c-8671-8796fb0d2fe3,10,5675221,5694734,ACCEPTED,,5694768,ok,19.547
bot-002,01a0b929-98e0-768d-ab16-ca362e57066c,11,6179274,6194315,ACCEPTED,,6194362,ok,15.088
bot-002,01a0b929-9ad9-72b0-9c8c-0d1010cd3f61,12,6684225,6694336,ACCEPTED,,6694378,ok,10.153
bot-002,01a0b929-9cce-70bf-a98c-78c04447e6ae,13,7185460,7194637,ACCEPTED,,7194684,ok,9.224
bot-002,01a0b929-9ec4-7597-8e45-de9160a145bf,14,7687186,7694579,ACCEPTED,,7694615,ok,7.429
bot-002,01a0b929-a0be-74bc-b154-3dfc8f214f1d,15,8193235,8194562,ACCEPTED,,8194585,ok,1.350
bot-002,01a0b929-a2b3-766e-96d7-5acd9b564fb9,16,8694098,8744207,ACCEPTED,,8744236,ok,50.138
bot-002,01a0b929-a4a7-706a-9f81-5a4b6393e628,17,9194463,9244354,ACCEPTED,,9244395,ok,49.932
bot-002,01a0b929-a6a0-713f-8842-3a5db0fe99cc,18,9699316,9744421,ACCEPTED,,9744450,ok,45.134
bot-002,01a0b929-a898-70e6-899b-770e47240f94,19,10203420,10244588,ACCEPTED,,10244648,ok,41.228
bot-002,01a0b929-aa90-7131-9dea-1de7dc91a965,20,10707083,10744342,ACCEPTED,,10744395,ok,37.312
bot-002,01a0b929-ac8a-7753-bec3-090f3ee1c7ad,21,11213214,11244335,ACCEPTED,,11244389,ok,31.175
bot-002,01a0b929-ae83-7713-9896-5a27d9a6506f,22,11718095,11744289,ACCEPTED,,11744337,ok,26.242
bot-002,01a0b929-b07c-74f9-9803-5b16640d160c,23,12223423,12245079,ACCEPTED,,12245139,ok,21.716
bot-002,01a0b929-b27f-77b9-8998-5304e3ead5f2,24,12737827,12744394,ACCEPTED,,12744438,ok,6.611
bot-002,01a0b929-b480-7061-8e11-f579684d2930,25,13250981,13294881,ACCEPTED,,13294912,ok,43.931
bot-002,01a0b929-b676-743e-accb-d06eddb373b0,26,13752989,13794666,ACCEPTED,,13794699,ok,41.710
bot-002,01a0b929-b877-76fc-ba76-246b84deb21e,27,14266511,14294749,ACCEPTED,,14294771,ok,28.260
bot-002,01a0b929-ba7a-734a-8fd1-8739bf7b5a4e,28,14781517,14794451,ACCEPTED,,14794476,ok,12.959
bot-002,01a0b929-bc70-76e4-a023-2feb5ac5515e,29,15283090,15294375,ACCEPTED,,15294434,ok,11.344
bot-002,01a0b929-be6c-76d0-905c-53cd0b2fc0f7,30,15790629,15794235,ACCEPTED,,15794258,ok,3.629
bot-002,01a0b929-c064-7644-ae6b-d2918c211b7e,31,16294596,16344311,ACCEPTED,,16344341,ok,49.745
bot-002,01a0b929-c267-72dc-aec4-49b58ee9f771,32,16810224,16844317,ACCEPTED,,16844348,ok,34.124
bot-002,01a0b929-c45e-719a-b61e-64a26e7da065,33,17312996,17344473,ACCEPTED,,17344527,ok,31.531
bot-002,01a0b929-c661-773a-9e33-3e9e51fe5d8c,34,17827601,17844838,ACCEPTED,,17844870,ok,17.269
bot-002,01a0b929-c85a-71ca-975a-993eae5e7a9a,35,18333083,18344218,ACCEPTED,,18344266,ok,11.183
bot-002,01a0b929-ca50-749c-ba77-fd1514f463e4,36,18834708,18844265,ACCEPTED,,18844308,ok,9.600
bot-002,01a0b929-cc54-705a-909d-56f7ed778ca8,37,19350806,19394517,ACCEPTED,,19394539,ok,43.733
bot-002,01a0b929-ce54-71f5-9c14-d8ac27010700,38,19863229,19894672,ACCEPTED,,19894706,ok,31.477
bot-002,01a0b929-d04c-7065-8d6f-a7842a80eda9,39,20366672,20394311,ACCEPTED,,20394350,ok,27.678
bot-002,01a0b929-d246-753b-91bd-e7d290a831cf,40,20873053,20894573,ACCEPTED,,20894598,ok,21.545
bot-002,01a0b929-d446-70d8-8d53-07bed2ba1a9a,41,21385311,21394604,ACCEPTED,,21394654,ok,9.343
bot-002,01a0b929-d642-706f-9a6d-bdc64419f91c,42,21893012,21894594,ACCEPTED,,21894633,ok,1.621
bot-002,01a0b929-d837-7345-a5f8-98a0470a6652,43,22394258,22444406,ACCEPTED,,22444451,ok,50.193
bot-002,01a0b929-da2e-7256-970a-47a92a9f9da5,44,22897372,22944446,ACCEPTED,,22944486,ok,47.114
bot-002,01a0b929-dc30-7313-9f50-870978a8b883,45,23411054,23444397,ACCEPTED,,23444436,ok,33.382
bot-002,01a0b929-de28-763a-9ca4-eb2d6760d47c,46,23915051,23944700,ACCEPTED,,23944723,ok,29.672
bot-002,01a0b929-e01e-703f-a611-d989bf21db45,47,24416786,24444671,ACCEPTED,,24444708,ok,27.922
bot-002,01a0b929-e216-76b4-8319-fb5cfad4c5a5,48,24921388,24944420,ACCEPTED,,24944437,ok,23.049
bot-002,01a0b929-e417-708e-bb52-f3db5ed75786,49,25434031,25444562,ACCEPTED,,25444605,ok,10.574
bot-002,01a0b929-e60f-71ff-b09b-96fb2e48416c,50,25937966,25944703,ACCEPTED,,25944719,ok,6.753
bot-002,01a0b929-e807-77ca-a159-225c4111e7c4,51,26442446,26444483,ACCEPTED,,26444525,ok,2.079
bot-002,01a0b929-ea02-71e4-9abc-d375bf7a8bf6,52,26948698,26994826,ACCEPTED,,26994848,ok,46.150
bot-002,01a0b929-ebfa-7117-8310-aa94a81d57e6,53,27453032,27494442,ACCEPTED,,27494462,ok,41.430
bot-002,01a0b929-edf0-728d-9b62-1f1d56757937,54,27955495,27994521,ACCEPTED,,27994541,ok,39.046
bot-002,01a0b929-efe7-7651-a73f-587b8046a873,55,28458540,28494463,ACCEPTED,,28494499,ok,35.959
bot-002,01a0b929-f1e0-7107-9485-cffc137013c3,56,28963215,28994751,ACCEPTED,,28994768,ok,31.553
bot-002,01a0b929-f3d7-70c1-bf47-51341335f7a7,57,29466188,29494760,ACCEPTED,,29494782,ok,28.594
bot-002,01a0b929-f5d1-7799-b3b9-14d80a651340,58,29971710,29994613,ACCEPTED,,29994646,ok,22.936
bot-002,01a0b929-f7d4-770a-8d6f-928c64450acb,59,30486644,30494451,ACCEPTED,,30494487,ok,7.843
bot-002,01a0b929-f9c9-737d-af3d-47801bb5c0c7,60,30988320,30994547,ACCEPTED,,30994585,ok,6.265
bot-002,01a0b929-fbce-7268-9113-39e5c202cc59,61,31505224,31544359,ACCEPTED,,31544382,ok,39.158
bot-002,01a0b929-fdc3-7358-a47d-997fad647ace,62,32006475,32044426,ACCEPTED,,32044472,ok,37.997
bot-002,01a0b929-ffbf-7658-b2fc-8076c4ec8d1a,63,32514079,32544567,ACCEPTED,,32544587,ok,30.508
bot-002,01a0b92a-01c2-7618-87ed-81cef9f63d7f,64,33029209,33045105,ACCEPTED,,33045140,ok,15.931
bot-002,01a0b92a-03c5-7025-afe6-ca1b847fa78a,65,33544550,33594483,ACCEPTED,,33594512,ok,49.962
bot-002,01a0b92a-05bc-76cf-8218-71d2d55f6614,66,34047062,34094503,ACCEPTED,,34094556,ok,47.494
bot-002,01a0b92a-07b5-7491-9f7a-a336f60a172d,67,34551904,34594386,ACCEPTED,,34594416,ok,42.512
bot-002,01a0b92a-09aa-7059-bfc5-157ed5af1aac,68,35053378,35094680,ACCEPTED,,35094708,ok,41.330
bot-002,01a0b92a-0bac-7600-a011-fcef5793d854,69,35567166,35594743,ACCEPTED,,35594787,ok,27.621
bot-002,01a0b92a-0da3-70ef-87c7-3feb616acb24,70,36070456,36094638,ACCEPTED,,36094667,ok,24.211
bot-002,01a0b92a-0f9a-7200-8a90-82d08798723a,71,36572919,36594718,ACCEPTED,,36594771,ok,21.852
bot-002,01a0b92a-1191-74b4-8f2b-0e13d593a2ff,72,37076336,37094818,ACCEPTED,,37094847,ok,18.511
bot-002,01a0b92a-1395-72b1-8bff-df6c7cd5b3c9,73,37591696,37594309,ACCEPTED,,37594359,ok,2.663
bot-002,01a0b92a-1598-7128-afaa-f8199f25f6b5,74,38107446,38144756,ACCEPTED,,38144796,ok,37.350
bot-002,01a0b92a-179d-7650-ba06-7378e3c5f296,75,38623641,38644645,ACCEPTED,,38644663,ok,21.022
bot-002,01a0b92a-1993-77a5-be9c-2763179e37be,76,39126297,39144327,ACCEPTED,,39144381,ok,18.084
bot-002,01a0b92a-1b8e-7224-91fa-ab7b165757a8,77,39632719,39644726,ACCEPTED,,39644744,ok,12.025
bot-002,01a0b92a-1d85-72cb-b9bc-41f0ba29232b,78,40135755,40144702,ACCEPTED,,40144717,ok,8.962
bot-002,01a0b92a-1f7c-7516-b586-c7d31e2d23bf,79,40638604,40644795,ACCEPTED,,40644817,ok,6.213
bot-002,01a0b92a-2176-7027-ae55-76321578ca46,80,41144666,41194516,ACCEPTED,,41194567,ok,49.901
bot-002,01a0b92a-236f-7260-819d-29f70b093828,81,41650224,41694404,ACCEPTED,,41694421,ok,44.197
bot-002,01a0b92a-2565-7617-86d1-fa320af02064,82,42152136,42194748,ACCEPTED,,42194764,ok,42.628
bot-002,01a0b92a-275b-7617-a3a2-ef02a41d9ad2,83,42654254,42694349,ACCEPTED,,42694385,ok,40.131
bot-002,01a0b92a-295c-7069-8bb5-41c7a090466c,84,43166614,43194805,ACCEPTED,,43194855,ok,28.241
bot-002,01a0b92a-2b52-70aa-bd58-dd63942da1d8,85,43668691,43694298,ACCEPTED,,43694328,ok,25.637
bot-002,01a0b92a-2d4d-70e4-a3d8-48338ef199df,86,44175660,44194568,ACCEPTED,,44194588,ok,18.928
bot-002,01a0b92a-2f4f-75b0-9bef-a41fef194666,87,44689987,44694624,ACCEPTED,,44694657,ok,4.670
bot-002,01a0b92a-3153-7687-aaf4-4f4c929224bb,88,45205663,45244790,ACCEPTED,,45244831,ok,39.168
bot-002,01a0b92a-3356-7741-9b1c-7c6e00b66247,89,45721081,45744701,ACCEPTED,,45744762,ok,23.681
bot-002,01a0b92a-354c-76e2-9fb9-a74335f0f028,90,46223503,46244525,ACCEPTED,,46244543,ok,21.040
bot-002,01a0b92a-3750-7149-b78f-53b2c7b169b7,91,46739047,46744703,ACCEPTED,,46744738,ok,5.691
bot-002,01a0b92a-3946-717c-b2a2-3b8d96641246,92,47240600,47244398,ACCEPTED,,47244417,ok,3.817
bot-002,01a0b92a-3b3c-7079-8e9f-a3f69f1856a0,93,47743215,47744361,ACCEPTED,,47744383,ok,1.168
bot-002,01a0b92a-3d36-700f-90fa-e6b022fa84c5,94,48248767,48294673,ACCEPTED,,48294710,ok,45.943
bot-002,01a0b92a-3f37-728e-89db-6435d7f8b846,95,48762452,48794483,ACCEPTED,,48794533,ok,32.081
bot-002,01a0b92a-413a-73ed-9846-6359f89476ff,96,49277510,49294339,ACCEPTED,,49294388,ok,16.878
bot-002,01a0b92a-4337-7442-8570-1a05bfb6b041,97,49785941,49794299,ACCEPTED,,49794317,ok,8.376
bot-002,01a0b92a-452d-76c7-8ccc-a86b6cb018cc,98,50288055,50294533,ACCEPTED,,50294561,ok,6.506
bot-002,01a0b92a-472d-70e1-9248-d264d8a48699,99,50799939,50844965,ACCEPTED,,50845021,ok,45.082
bot-002,01a0b92a-4924-70ff-9a42-08f314602bfe,100,51302743,51344606,ACCEPTED,,51344643,ok,41.900
bot-002,01a0b92a-4b27-714b-84e0-e1a1b836371b,101,51817648,51844487,ACCEPTED,,51844520,ok,26.872
bot-002,01a0b92a-4d23-7074-9c83-6d3ebf557b1e,102,52325705,52344705,ACCEPTED,,52344741,ok,19.036
bot-002,01a0b92a-4f1d-7306-984b-d0ca445b43b7,103,52832050,52844580,ACCEPTED,,52844626,ok,12.576
bot-002,01a0b92a-5120-7673-bca7-ab75ef08f410,104,53347190,53395319,ACCEPTED,,53395341,ok,48.151
bot-002,01a0b92a-5319-7239-8e87-93d1fa27c3ff,105,53852351,53894751,ACCEPTED,,53894767,ok,42.416
bot-002,01a0b92a-551c-760a-87f8-7d61ec758a5c,106,54367083,54394221,ACCEPTED,,54394260,ok,27.177
bot-002,01a0b92a-5711-76c6-acaf-6d00671b5964,107,54867847,54894530,ACCEPTED,,54894545,ok,26.698
bot-002,01a0b92a-590b-725c-9151-627c9d4d5957,108,55373731,55394644,ACCEPTED,,55394663,ok,20.932
bot-002,01a0b92a-5b0d-7190-ad59-a6ac9f893b49,109,55888260,55894408,ACCEPTED,,55894423,ok,6.163
bot-002,01a0b92a-5d03-756d-ae3f-7dd2817bb3f1,110,56389623,56394440,ACCEPTED,,56394467,ok,4.844
bot-002,01a0b92a-5efb-7671-b0ab-1e2035eb5928,111,56894437,56944810,ACCEPTED,,56944843,ok,50.406
bot-002,01a0b92a-6100-724c-add2-efe0662149f1,112,57410626,57444311,ACCEPTED,,57444353,ok,33.727
bot-002,01a0b92a-62fa-7277-bbdb-0c65cad292e7,113,57916621,57944764,ACCEPTED,,57944784,ok,28.163
bot-002,01a0b92a-64ff-756c-8f3e-708c7b8be9ef,114,58433949,58444536,ACCEPTED,,58444587,ok,10.638
bot-002,01a0b92a-66f6-749b-960c-b0fcf6ed1300,115,58937332,58944579,ACCEPTED,,58944608,ok,7.276
bot-002,01a0b92a-68ec-7417-8302-c5f7a1d4edbc,116,59439493,59444187,ACCEPTED,,59444227,ok,4.734
bot-002,01a0b92a-6af1-7518-bfb1-2aaea24f5f0f,117,59955555,59994819,ACCEPTED,,59994845,ok,39.290
bot-002,01a0b92a-6ce9-70a7-a063-1f3fc89c2a98,118,60460501,60494330,ACCEPTED,,60494381,ok,33.880
bot-003,01a0b929-83ea-7407-83ae-ecccf5e4a00a,0,812691,844851,ACCEPTED,,844908,ok,32.217
bot-003,01a0b929-85e1-72ba-b37a-d15d4b834bc5,1,1316346,1344569,ACCEPTED,,1344615,ok,28.269
bot-003,01a0b929-87d7-7133-a59e-bacf94b2b558,2,1818399,1844376,ACCEPTED,,1844411,ok,26.012
bot-003,01a0b929-89db-7599-b6ea-f2f12765100a,3,2334239,2344453,ACCEPTED,,2344495,ok,10.256
bot-003,01a0b929-8bde-73b1-943b-ba8b015e7c28,4,2849176,2894875,ACCEPTED,,2894895,ok,45.719
bot-003,01a0b929-8dd2-74d5-b7f4-9c58836ca9b7,5,3349458,3394412,ACCEPTED,,3394446,ok,44.988
bot-003,01a0b929-8fd6-70a7-9a36-a6de3c5c3775,6,3865306,3894701,ACCEPTED,,3894740,ok,29.434
bot-003,01a0b929-91cc-72a3-ae2a-3ee8d38f4c4d,7,4366734,4394183,ACCEPTED,,4394222,ok,27.488
bot-003,01a0b929-93c3-7135-8fc6-94796043d670,8,4870298,4894881,ACCEPTED,,4894963,ok,24.665
bot-003,01a0b929-95b8-745d-ab82-d413fa2624a3,9,5370632,5394446,ACCEPTED,,5394466,ok,23.834
bot-003,01a0b929-97b2-7249-abca-5fef06621f79,10,5876688,5894184,ACCEPTED,,5894229,ok,17.541
bot-003,01a0b929-99b4-75fd-96dd-86b2f0ef0b78,11,6391474,6394251,ACCEPTED,,6394270,ok,2.796
bot-003,01a0b929-9bac-73d2-90e3-02ca5b0b1942,12,6894705,6944473,ACCEPTED,,6944522,ok,49.817
bot-003,01a0b929-9da5-720a-8714-0dc1264a09ca,13,7399754,7444455,ACCEPTED,,7444496,ok,44.742
bot-003,01a0b929-9f9c-7391-bb21-c37b21a86248,14,7903199,7944328,ACCEPTED,,7944361,ok,41.162
bot-003,01a0b929-a194-7226-9cb9-7e7e0884dc30,15,8406983,8444634,ACCEPTED,,8444688,ok,37.705
bot-003,01a0b929-a397-711e-95ab-65419bd2f965,16,8922484,8944582,ACCEPTED,,8944633,ok,22.149
bot-003,01a0b929-a58f-71b6-bc2e-ad8297b90195,17,9426221,9444748,ACCEPTED,,9444800,ok,18.579
bot-003,01a0b929-a785-76be-9d07-18b958e4216b,18,9927679,9944691,ACCEPTED,,9944744,ok,17.065
bot-003,01a0b929-a97c-70d0-8874-941d858570e9,19,10431366,10444658,ACCEPTED,,10444705,ok,13.339
bot-003,01a0b929-ab73-7579-b2d2-fb8f150a7731,20,10934250,10944503,ACCEPTED,,10944553,ok,10.303
bot-003,01a0b929-ad6f-73c8-9bee-e871f509d4c4,21,11441769,11444462,ACCEPTED,,11444491,ok,2.722
bot-003,01a0b929-af65-7382-a3ed-c6d94cf298a9,22,11944412,11994716,ACCEPTED,,11994743,ok,50.331
bot-003,01a0b929-b15f-733e-a257-ce77dfb800b0,23,12450493,12494408,ACCEPTED,,12494464,ok,43.971
bot-003,01a0b929-b355-734a-b097-72738c4dce81,24,12952110,12995083,ACCEPTED,,12996054,ok,43.944
bot-003,01a0b929-b556-70da-b438-02410c5ae537,25,13464628,13494437,ACCEPTED,,13494485,ok,29.857
bot-003,01a0b929-b758-71e6-ad7a-a331eade9086,26,13979423,13995172,ACCEPTED,,13995240,ok,15.817
bot-003,01a0b929-b95b-70b7-b222-d14d5183bdb7,27,14494385,14544664,ACCEPTED,,14544707,ok,50.322
bot-003,01a0b929-bb52-712b-835a-028c2f57f1e0,28,14997464,15044327,ACCEPTED,,15044355,ok,46.891
bot-003,01a0b929-bd56-7203-bd83-0f6f4c777ef5,29,15512981,15544478,ACCEPTED,,15544513,ok,31.532
bot-003,01a0b929-bf53-75c4-b9fb-6d1ec080aff2,30,16021841,16044248,ACCEPTED,,16044292,ok,22.451
bot-003,01a0b929-c155-77e8-b041-b94025c7f68b,31,16536506,16544495,ACCEPTED,,16544545,ok,8.039
bot-003,01a0b929-c34c-7224-bb0f-45463d14ca8e,32,17039544,17044357,ACCEPTED,,17044395,ok,4.851
bot-003,01a0b929-c54f-76ff-94a1-62b12cd12613,33,17554295,17594585,ACCEPTED,,17594633,ok,40.338
bot-003,01a0b929-c748-73a7-b312-ba1f7696d3d0,34,18058624,18094567,ACCEPTED,,18094615,ok,35.991
bot-003,01a0b929-c93d-73a3-aac8-6aa40d1c6f36,35,18560459,18594636,ACCEPTED,,18594688,ok,34.229
bot-003,01a0b929-cb33-70b1-8e04-51d143690455,36,19062362,19094468,ACCEPTED,,19094512,ok,32.150
bot-003,01a0b929-cd37-7633-96e1-8b66aebc5180,37,19577612,19594676,ACCEPTED,,19594722,ok,17.110
bot-003,01a0b929-cf3a-7079-9843-a2d070e1bd43,38,20092735,20094295,ACCEPTED,,20094355,ok,1.620
bot-003,01a0b929-d131-7492-a736-efa38911a2d5,39,20596242,20644465,ACCEPTED,,20644497,ok,48.255
bot-003,01a0b929-d326-73a0-a805-79d9843fb5a1,40,21097453,21144501,ACCEPTED,,21144547,ok,47.094
bot-003,01a0b929-d521-763d-8c54-f7e83261607e,41,21603896,21644567,ACCEPTED,,21644616,ok,40.720
bot-003,01a0b929-d722-7784-abcc-d05ea0a1eb1f,42,22117273,22144650,ACCEPTED,,22144704,ok,27.431
bot-003,01a0b929-d91a-77bf-b317-d72da188ecc4,43,22621457,22644474,ACCEPTED,,22644525,ok,23.068
bot-003,01a0b929-db1e-733b-a074-0b241f606dca,44,23137475,23144468,ACCEPTED,,23144524,ok,7.049
bot-003,01a0b929-dd17-7095-9113-7b412a42be81,45,23641575,23644168,ACCEPTED,,23644205,ok,2.630
bot-003,01a0b929-df1b-7208-af87-56c2861e4a8a,46,24157722,24194623,ACCEPTED,,24194664,ok,36.942
bot-003,01a0b929-e111-713c-aecc-5a3f212f1ca2,47,24660014,24694817,ACCEPTED,,24694838,ok,34.824
bot-003,01a0b929-e308-72c3-879a-381d5ad654f8,48,25163305,25194977,ACCEPTED,,25195006,ok,31.701
bot-003,01a0b929-e50b-76ac-936a-228835577bb4,49,25678150,25694463,ACCEPTED,,25694494,ok,16.344
bot-003,01a0b929-e701-7195-8e81-a2f6ecdaeaa3,50,26179795,26194393,ACCEPTED,,26194427,ok,14.632
bot-003,01a0b929-e8fc-70d1-804e-35c2eea95d44,51,26687189,26694203,ACCEPTED,,26694243,ok,7.054
bot-003,01a0b929-eaf6-73fb-84d8-cc3a74a790bc,52,27193082,27194742,ACCEPTED,,27194787,ok,1.705
bot-003,01a0b929-ecee-7582-95b9-fd813b067ec0,53,27696927,27744418,ACCEPTED,,27744467,ok,47.540
bot-003,01a0b929-eee4-73ce-9430-0c525e0f1523,54,28198996,28244564,ACCEPTED,,28244613,ok,45.617
bot-003,01a0b929-f0db-762a-93b2-594849e9fa28,55,28702047,28744433,ACCEPTED,,28744485,ok,42.438
bot-003,01a0b929-f2d3-75d9-9576-5073c6161481,56,29205737,29244620,ACCEPTED,,29244672,ok,38.935
bot-003,01a0b929-f4cb-77ea-b8d5-b8d684dd529e,57,29710487,29744472,ACCEPTED,,29744514,ok,34.027
bot-003,01a0b929-f6c6-72d9-81ff-02c57ddd2223,58,30217185,30244544,ACCEPTED,,30244634,ok,27.449
bot-003,01a0b929-f8c8-7160-baac-4738037c510e,59,30731442,30744745,ACCEPTED,,30744776,ok,13.334
bot-003,01a0b929-faca-703d-b88c-ff96cc0995fd,60,31244847,31294588,ACCEPTED,,31294630,ok,49.783
bot-003,01a0b929-fcc0-762e-8483-cefcc63bf955,61,31747170,31794821,ACCEPTED,,31794874,ok,47.704
bot-003,01a0b929-feb7-70f7-8094-54e55d53d7d6,62,32249995,32294601,ACCEPTED,,32294658,ok,44.663
bot-003,01a0b92a-00b3-77a5-9a4f-33469b624754,63,32758134,32794646,ACCEPTED,,32794669,ok,36.535
bot-003,01a0b92a-02b5-747a-918b-86b688bf3adb,64,33271939,33294707,ACCEPTED,,33294744,ok,22.805
bot-003,01a0b92a-04ab-71d9-bd90-bbb73fe9fbd8,65,33773869,33794702,ACCEPTED,,33794741,ok,20.872
bot-003,01a0b92a-06a1-7244-975e-3f4464ee3196,66,34276510,34294419,ACCEPTED,,34294459,ok,17.949
bot-003,01a0b92a-0898-77ff-95c2-d48f7b880eec,67,34779271,34794629,ACCEPTED,,34794685,ok,15.414
bot-003,01a0b92a-0a9b-75d4-8585-d5ab7b5a092d,68,35294106,35294622,ACCEPTED,,35294657,ok,0.551
bot-003,01a0b92a-0c91-703f-83ed-9f77a37596b6,69,35795817,35844729,ACCEPTED,,35844773,ok,48.956
bot-003,01a0b92a-0e87-7203-908b-3cec56195d1b,70,36298116,36344422,ACCEPTED,,36344448,ok,46.332
bot-003,01a0b92a-1081-72b4-b03e-80b716bd7665,71,36803716,36844460,ACCEPTED,,36844483,ok,40.767
bot-003,01a0b92a-1282-77e4-8b61-2768a9ad616e,72,37317192,37344591,ACCEPTED,,37344628,ok,27.436
bot-003,01a0b92a-1478-70a2-9d5c-9ce2bffcea7e,73,37819448,37844660,ACCEPTED,,37844702,ok,25.254
bot-003,01a0b92a-167c-707d-af8d-9386c8bfd61d,74,38334749,38344363,ACCEPTED,,38344391,ok,9.642
bot-003,01a0b92a-1873-7149-9ed1-c20b8d083e9d,75,38838299,38844227,ACCEPTED,,38844283,ok,5.984
bot-003,01a0b92a-1a6a-73c5-85ee-aa27dc724965,76,39340575,39344326,ACCEPTED,,39344361,ok,3.786
bot-003,01a0b92a-1c64-73d4-b4fc-0161df7ad292,77,39847245,39894564,ACCEPTED,,39894594,ok,47.349
bot-003,01a0b92a-1e5a-709e-ade0-57e534c26a49,78,40348716,40394602,ACCEPTED,,40394670,ok,45.954
bot-003,01a0b92a-2055-76ca-9419-9024b9fad758,79,40856065,40894537,ACCEPTED,,40894557,ok,38.492
bot-003,01a0b92a-224d-71e9-a955-b63df6c24bc7,80,41360399,41394783,ACCEPTED,,41394821,ok,34.422
bot-003,01a0b92a-2445-76fb-a034-b245d6585dfd,81,41864492,41894745,ACCEPTED,,41894780,ok,30.288
bot-003,01a0b92a-264a-731c-b230-a7687f3bb981,82,42381171,42394538,ACCEPTED,,42394588,ok,13.417
bot-003,01a0b92a-283f-7052-9805-358b33c2bff9,83,42881973,42894432,ACCEPTED,,42894455,ok,12.482
bot-003,01a0b92a-2a40-7308-907a-55e0047914c6,84,43394973,43444700,ACCEPTED,,43444731,ok,49.758
bot-003,01a0b92a-2c39-7461-b60d-b8e65c2dec0c,85,43899742,43944812,ACCEPTED,,43944868,ok,45.126
bot-003,01a0b92a-2e35-7199-b306-ca2ed16737c5,86,44408253,44444494,ACCEPTED,,44444529,ok,36.276
bot-003,01a0b92a-3033-7287-b280-82c5db1c710d,87,44917923,44944358,ACCEPTED,,44944375,ok,26.452
bot-003,01a0b92a-3235-747e-8462-6c028c78be4d,88,45432306,45444527,ACCEPTED,,45444563,ok,12.257
bot-003,01a0b92a-343a-73d0-9c62-c6670737cabd,89,45948751,45994823,ACCEPTED,,45994852,ok,46.101
bot-003,01a0b92a-363c-77b8-b226-2a0174b24776,90,46463547,46494925,ACCEPTED,,46494959,ok,31.412
bot-003,01a0b92a-3837-713e-a55b-025d0e34eff3,91,46969974,46994395,ACCEPTED,,46994434,ok,24.460
bot-003,01a0b92a-3a39-724d-977f-81d1ac0cb37a,92,47483854,47494625,ACCEPTED,,47494650,ok,10.796
bot-003,01a0b92a-3c32-7615-b14e-d036054cc4e8,93,47988796,47994827,ACCEPTED,,47994858,ok,6.062
bot-003,01a0b92a-3e29-727a-b60a-cc7a6fda4067,94,48492295,48494349,ACCEPTED,,48494378,ok,2.083
bot-003,01a0b92a-402a-737b-8cd1-3696f1c21f29,95,49004709,49044581,ACCEPTED,,49044595,ok,39.886
bot-003,01a0b92a-422e-760f-a00d-f0588318eede,96,49520787,49544965,ACCEPTED,,49544990,ok,24.203
bot-003,01a0b92a-442a-71bf-a150-225eeae70c1e,97,50029353,50044682,ACCEPTED,,50044706,ok,15.353
bot-003,01a0b92a-4626-7648-9a21-85ffee15df15,98,50537559,50544420,ACCEPTED,,50544468,ok,6.909
bot-003,01a0b92a-481f-747c-8bf3-8b5f5bd0aa0f,99,51042423,51044591,ACCEPTED,,51044606,ok,2.183
bot-003,01a0b92a-4a16-77eb-ab37-8222a507f041,100,51545542,51594555,ACCEPTED,,51594579,ok,49.037
bot-003,01a0b92a-4c0e-7063-bb2a-57eb9976e07b,101,52049416,52094912,ACCEPTED,,52094935,ok,45.519
bot-003,01a0b92a-4e08-725b-a8b2-976e2947523f,102,52554866,52594622,ACCEPTED,,52594638,ok,39.772
bot-003,01a0b92a-4fff-716c-8d0f-fd3057666661,103,53058179,53094676,ACCEPTED,,53094719,ok,36.540
bot-003,01a0b92a-51f6-75ed-ab62-b83fd0073c21,104,53561120,53594583,ACCEPTED,,53594606,ok,33.486
bot-003,01a0b92a-53ee-77aa-ab3c-07ff16869985,105,54064557,54094789,ACCEPTED,,54094808,ok,30.251
bot-003,01a0b92a-55f0-7663-a76f-dffbb378bdf3,106,54579317,54594569,ACCEPTED,,54594615,ok,15.298
bot-003,01a0b92a-57e7-712d-9a11-c661d62542c8,107,55082050,55094781,ACCEPTED,,55094810,ok,12.760
bot-003,01a0b92a-59dd-724b-8d66-3def087a80eb,108,55584116,55594471,ACCEPTED,,55594496,ok,10.380
bot-003,01a0b92a-5bd5-75c5-b8ee-08d3af9d12f2,109,56087776,56094641,ACCEPTED,,56094655,ok,6.879
bot-003,01a0b92a-5dcb-7304-976b-4de5cbf2f821,110,56590278,56594530,ACCEPTED,,56594552,ok,4.274
bot-003,01a0b92a-5fc1-739c-b708-3a989ae4073b,111,57091605,57094382,ACCEPTED,,57094815,ok,3.210
bot-003,01a0b92a-61b7-705e-bbe2-2e2e01d22d05,112,57594247,57644628,ACCEPTED,,57644655,ok,50.408
bot-003,01a0b92a-63ae-703a-99e9-2ed0106b3f16,113,58097561,58144827,ACCEPTED,,58144848,ok,47.287
bot-003,01a0b92a-65a7-7237-94e1-837af58c8bc9,114,58601883,58644653,ACCEPTED,,58644669,ok,42.786
bot-003,01a0b92a-679d-7111-83b1-65eed5db4c5e,115,59104240,59144579,ACCEPTED,,59144619,ok,40.379
bot-003,01a0b92a-6994-7298-baff-a5c90b8269cc,116,59607554,59644682,ACCEPTED,,59644703,ok,37.149
bot-003,01a0b92a-6b8a-721a-bca7-a7cd4f30fb5e,117,60108909,60144611,ACCEPTED,,60144628,ok,35.719
bot-003,01a0b92a-6d83-7699-81b5-4950ba74de1c,118,60613766,60644822,ACCEPTED,,60644886,ok,31.120
bot-004,01a0b929-8548-7575-a9c7-5e77a00e4012,0,1162639,1194497,ACCEPTED,,1194559,ok,31.920
bot-004,01a0b929-8741-7180-a853-f3d0edd2a974,1,1667813,1694566,ACCEPTED,,1694610,ok,26.797
bot-004,01a0b929-8945-71ff-8813-96e81470e545,2,2183645,2194393,ACCEPTED,,2194425,ok,10.780
bot-004,01a0b929-8b43-7469-9bf8-5aece4cc58fd,3,2694313,2744337,ACCEPTED,,2744383,ok,50.070
bot-004,01a0b929-8d38-7376-ac76-7f6adfabe338,4,3194638,3244511,ACCEPTED,,3244549,ok,49.911
bot-004,01a0b929-8f31-74b2-87ea-5678e211eb32,5,3699624,3744233,ACCEPTED,,3744277,ok,44.653
bot-004,01a0b929-9134-7222-ab9a-44bfeaaa310c,6,4214671,4244393,ACCEPTED,,4244430,ok,29.759
bot-004,01a0b929-932a-726b-bf1c-d902232209a9,7,4717005,4744696,ACCEPTED,,4744742,ok,27.737
bot-004,01a0b929-952c-7138-8797-8a4998fd8a36,8,5231420,5244421,ACCEPTED,,5244448,ok,13.028
bot-004,01a0b929-9726-750c-b41b-b2b0cee04f15,9,5736709,5744562,ACCEPTED,,5744592,ok,7.883
bot-004,01a0b929-991d-763b-a07a-9cc114c09d91,10,6239688,6244486,ACCEPTED,,6244540,ok,4.852
bot-004,01a0b929-9b15-715b-96d1-34184f37b242,11,6743782,6744452,ACCEPTED,,6744476,ok,0.694
bot-004,01a0b929-9d0a-72f2-8770-fc42e8d2affc,12,7244730,7294679,ACCEPTED,,7294721,ok,49.991
bot-004,01a0b929-9f02-72e8-ab9f-bf20dd06ad22,13,7749405,7795061,ACCEPTED,,7795108,ok,45.703
bot-004,01a0b929-a0fb-7112-8bd5-62e2169e0c7e,14,8254010,8294348,ACCEPTED,,8294398,ok,40.388
bot-004,01a0b929-a2f0-7437-94ca-b49e79ebfffb,15,8755162,8794289,ACCEPTED,,8794335,ok,39.173
bot-004,01a0b929-a4e6-72d0-9088-6f83a035c3ce,16,9257130,9294569,ACCEPTED,,9294615,ok,37.485
bot-004,01a0b929-a6dd-7137-a944-675b73d56717,17,9760223,9794893,ACCEPTED,,9794911,ok,34.688
bot-004,01a0b929-a8d5-7277-8618-c3b41e27b0e3,18,10264294,10294793,ACCEPTED,,10294851,ok,30.557
bot-004,01a0b929-aacd-7515-bc45-386645309bb9,19,10768275,10794474,ACCEPTED,,10794508,ok,26.233
bot-004,01a0b929-acc6-7467-a457-8d0cf23ef806,20,11273495,11294478,ACCEPTED,,11294517,ok,21.022
bot-004,01a0b929-aec0-7449-aa84-34549ea667ec,21,11778998,11794483,ACCEPTED,,11794511,ok,15.513
bot-004,01a0b929-b0b9-7066-be5b-3f260ddfd3f0,22,12283820,12294703,ACCEPTED,,12294736,ok,10.916
bot-004,01a0b929-b2ad-7782-b611-21dd70d644d6,23,12784499,12794791,ACCEPTED,,12794852,ok,10.353
bot-004,01a0b929-b4ac-7226-86a5-8c9d6bda63d9,24,13294776,13344413,ACCEPTED,,13344468,ok,49.692
bot-004,01a0b929-b6a3-71a7-b2d8-f4d9b4a41c95,25,13797575,13844478,ACCEPTED,,13844501,ok,46.926
bot-004,01a0b929-b8a4-76ac-b0a0-12de88f08e0e,26,14311143,14344417,ACCEPTED,,14344450,ok,33.307
bot-004,01a0b929-ba99-773a-8dc9-14461da0fcaa,27,14812069,14844560,ACCEPTED,,14844590,ok,32.521
bot-004,01a0b929-bc8f-7690-850a-f395a3acb7b8,28,15314416,15344467,ACCEPTED,,15344525,ok,30.109
bot-004,01a0b929-be8a-7260-be9d-59f8e8cbcdb4,29,15820830,15844617,ACCEPTED,,15844675,ok,23.845
bot-004,01a0b929-c082-76d5-97fd-00e02f1ded2e,30,16324848,16344379,ACCEPTED,,16344402,ok,19.554
bot-004,01a0b929-c285-77ce-b466-51f826e10e7a,31,16840313,16844337,ACCEPTED,,16844370,ok,4.057
bot-004,01a0b929-c47d-77a0-906f-7b72c5e945a5,32,17343972,17344532,ACCEPTED,,17344560,ok,0.588
bot-004,01a0b929-c672-7693-b2a6-5134e5f3add9,33,17844761,17894786,ACCEPTED,,17894806,ok,50.045
bot-004,01a0b929-c86a-7062-af1d-7ee45511c3f4,34,18348780,18394666,ACCEPTED,,18394702,ok,45.922
bot-004,01a0b929-ca5f-73e8-b6d3-35077b031562,35,18850226,18894553,ACCEPTED,,18894580,ok,44.354
bot-004,01a0b929-cc54-705a-909d-56f1557d9f55,36,19350730,19394537,ACCEPTED,,19394559,ok,43.829
bot-004,01a0b929-ce54-71f5-9c14-d8b1b0964491,37,19863314,19894706,ACCEPTED,,19894740,ok,31.426
bot-004,01a0b929-d04c-7065-8d6f-a7886722ecd4,38,20366734,20394325,ACCEPTED,,20394344,ok,27.610
bot-004,01a0b929-d246-753b-91bd-e7cd3ff1666f,39,20872980,20894451,ACCEPTED,,20894508,ok,21.528
bot-004,01a0b929-d446-70d8-8d53-07bb7b38f950,40,21385291,21394694,ACCEPTED,,21394711,ok,9.420
bot-004,01a0b929-d642-706f-9a6d-bdc836769841,41,21893064,21894645,ACCEPTED,,21894677,ok,1.613
bot-004,01a0b929-d837-7345-a5f8-98a1aef52ee6,42,22394267,22444404,ACCEPTED,,22444449,ok,50.182
bot-004,01a0b929-da2e-7256-970a-47aa06c23a3a,43,22897372,22944483,ACCEPTED,,22944541,ok,47.169
bot-004,01a0b929-dc30-7313-9f50-870a9a61669a,44,23411088,23444500,ACCEPTED,,23444529,ok,33.441
bot-004,01a0b929-de28-763a-9ca4-eb2afb8942b8,45,23914979,23944606,ACCEPTED,,23944655,ok,29.676
bot-004,01a0b929-e01e-703f-a611-d985cfa46bca,46,24416686,24444637,ACCEPTED,,24444693,ok,28.007
bot-004,01a0b929-e216-76b4-8319-fb5ba61223c2,47,24921388,24944445,ACCEPTED,,24944464,ok,23.076
bot-004,01a0b929-e417-708e-bb52-f3dcba15fe43,48,25434059,25444632,ACCEPTED,,25444653,ok,10.594
bot-004,01a0b929-e60f-71ff-b09b-96f7b69837b9,49,25937877,25944627,ACCEPTED,,25944669,ok,6.792
bot-004,01a0b929-e807-77ca-a159-225ee7588683,50,26442446,26444567,ACCEPTED,,26444586,ok,2.140
bot-004,01a0b929-ea01-75b6-974b-1cd45f40b0d3,51,26948516,26994855,ACCEPTED,,26994889,ok,46.373
bot-004,01a0b929-ebfa-7117-8310-aa9223b44b5e,52,27452984,27494338,ACCEPTED,,27494372,ok,41.388
bot-004,01a0b929-edf0-728d-9b62-1f1c9b746465,53,27955453,27994417,ACCEPTED,,27994468,ok,39.015
bot-004,01a0b929-efe8-772f-83ae-f4c2853f85cf,54,28458604,28494534,ACCEPTED,,28494557,ok,35.953
bot-004,01a0b929-f1e0-7107-9485-cff9491afe47,55,28963215,28994748,ACCEPTED,,28994771,ok,31.556
bot-004,01a0b929-f3d7-70c1-bf47-5136c309e2f1,56,29466190,29494854,ACCEPTED,,29494884,ok,28.694
bot-004,01a0b929-f5d1-7799-b3b9-14d753c9a167,57,29971710,29994604,ACCEPTED,,29994649,ok,22.939
bot-004,01a0b929-f7d4-770a-8d6f-9290291ae57c,58,30486673,30494528,ACCEPTED,,30494558,ok,7.885
bot-004,01a0b929-f9c9-737d-af3d-477fd43ccecf,59,30988320,30994629,ACCEPTED,,30994652,ok,6.332
bot-004,01a0b929-fbce-7268-9113-39e09f28ab92,60,31505138,31544317,ACCEPTED,,31544348,ok,39.210
bot-004,01a0b929-fdc3-7358-a47d-998273590802,61,32006491,32044552,ACCEPTED,,32044574,ok,38.083
bot-004,01a0b929-ffbf-7658-b2fc-807ac61db9a9,62,32514216,32544454,ACCEPTED,,32544514,ok,30.298
bot-004,01a0b92a-01c2-7618-87ed-81c9a9efc431,63,33029135,33045067,ACCEPTED,,33045127,ok,15.992
bot-004,01a0b92a-03c5-7025-afe6-ca1af6e4a466,64,33544529,33594385,ACCEPTED,,33594446,ok,49.917
bot-004,01a0b92a-05bc-76cf-8218-71dac15d30e9,65,34047187,34094599,ACCEPTED,,34094612,ok,47.425
bot-004,01a0b92a-07b5-7491-9f7a-a33c8f1bcf08,66,34552000,34594392,ACCEPTED,,34594406,ok,42.406
bot-004,01a0b92a-09aa-7059-bfc5-157c6692a028,67,35053353,35094567,ACCEPTED,,35094600,ok,41.247
bot-004,01a0b92a-0bac-7600-a011-fced22e5d78b,68,35567166,35594740,ACCEPTED,,35594787,ok,27.621
bot-004,01a0b92a-0da3-70ef-87c7-3fe9efcbc1ae,69,36070455,36094713,ACCEPTED,,36094735,ok,24.280
bot-004,01a0b92a-0f9a-7200-8a90-82cedb856f3c,70,36572920,36594734,ACCEPTED,,36594773,ok,21.853
bot-004,01a0b92a-1191-74b4-8f2b-0e116fcb016c,71,37076324,37094737,ACCEPTED,,37094790,ok,18.466
bot-004,01a0b92a-1395-72b1-8bff-df70e03f3052,72,37591743,37594399,ACCEPTED,,37594426,ok,2.683
bot-004,01a0b92a-1598-7128-afaa-f81b694ed182,73,38107474,38144740,ACCEPTED,,38144793,ok,37.319
bot-004,01a0b92a-179d-7650-ba06-737553cb6ea3,74,38623609,38644553,ACCEPTED,,38644603,ok,20.994
bot-004,01a0b92a-1993-77a5-be9c-2765c376df10,75,39126335,39144413,ACCEPTED,,39144451,ok,18.116
bot-004,01a0b92a-1b8e-7224-91fa-ab7ceb9db2c0,76,39632725,39644745,ACCEPTED,,39644769,ok,12.044
bot-004,01a0b92a-1d85-72cb-b9bc-41f2d9e7d6e8,77,40135813,40144674,ACCEPTED,,40144698,ok,8.885
bot-004,01a0b92a-1f7c-7516-b586-c7d2a01d4388,78,40638569,40644737,ACCEPTED,,40644777,ok,6.208
bot-004,01a0b92a-2176-7027-ae55-76336ea66c9b,79,41144687,41194576,ACCEPTED,,41194606,ok,49.919
bot-004,01a0b92a-236f-7260-819d-29f8d4faf75e,80,41650245,41694336,ACCEPTED,,41694363,ok,44.118
bot-004,01a0b92a-2565-7617-86d1-fa2c2b119517,81,42151991,42194764,ACCEPTED,,42194788,ok,42.797
bot-004,01a0b92a-275b-7617-a3a2-ef0034ba9d01,82,42654251,42694332,ACCEPTED,,42694385,ok,40.134
bot-004,01a0b92a-295c-7069-8bb5-41cbc70a1953,83,43166656,43194826,ACCEPTED,,43194858,ok,28.202
bot-004,01a0b92a-2b52-70aa-bd58-dd66c701eaa2,84,43668753,43694359,ACCEPTED,,43694388,ok,25.635
bot-004,01a0b92a-2d4d-70e4-a3d8-4830d22e73f5,85,44175595,44194458,ACCEPTED,,44194515,ok,18.920
bot-004,01a0b92a-2f4f-75b0-9bef-a4238aea8028,86,44690018,44694616,ACCEPTED,,44694658,ok,4.640
bot-004,01a0b92a-3153-7687-aaf4-4f4ba0e8c2fd,87,45205637,45244779,ACCEPTED,,45244832,ok,39.195
bot-004,01a0b92a-3356-7741-9b1c-7c66baff3a66,88,45720965,45744720,ACCEPTED,,45744762,ok,23.797
bot-004,01a0b92a-354d-7373-aef6-ee428f208fea,89,46223581,46244428,ACCEPTED,,46244482,ok,20.901
bot-004,01a0b92a-3750-7149-b78f-53b6e642ff46,90,46739082,46744663,ACCEPTED,,46744689,ok,5.607
bot-004,01a0b92a-3946-717c-b2a2-3b8b46470207,91,47240576,47244372,ACCEPTED,,47244413,ok,3.837
bot-004,01a0b92a-3b3c-7079-8e9f-a3f4080f1278,92,47743172,47744253,ACCEPTED,,47744300,ok,1.128
bot-004,01a0b92a-3d36-700f-90fa-e6afd85c7b73,93,48248752,48294644,ACCEPTED,,48294704,ok,45.952
bot-004,01a0b92a-3f37-728e-89db-643690f12fe7,94,48762452,48794502,ACCEPTED,,48794534,ok,32.082
bot-004,01a0b92a-413a-73ed-9846-635a58461d75,95,49277519,49294401,ACCEPTED,,49294421,ok,16.902
bot-004,01a0b92a-4337-7442-8570-1a0944fdefa8,96,49786035,49794355,ACCEPTED,,49794372,ok,8.337
bot-004,01a0b92a-452d-76c7-8ccc-a86d96d56f37,97,50288087,50294438,ACCEPTED,,50294463,ok,6.376
bot-004,01a0b92a-472d-70e1-9248-d26ca7086294,98,50800065,50845149,ACCEPTED,,50845171,ok,45.106
bot-004,01a0b92a-4924-70ff-9a42-08ee053da3c8,99,51302697,51344609,ACCEPTED,,51344643,ok,41.946
bot-004,01a0b92a-4b26-76b3-a787-9b1a546f7ec7,100,51817502,51844324,ACCEPTED,,51844377,ok,26.875
bot-004,01a0b92a-4d23-7074-9c83-6d401bf7d00d,101,52325771,52344668,ACCEPTED,,52344703,ok,18.932
bot-004,01a0b92a-4f1d-7306-984b-d0cc8431065b,102,52832080,52844579,ACCEPTED,,52844627,ok,12.547
bot-004,01a0b92a-5120-7673-bca7-ab76b1895d51,103,53347212,53395314,ACCEPTED,,53395331,ok,48.119
bot-004,01a0b92a-5319-7239-8e87-93caaa3f843f,104,53852242,53894747,ACCEPTED,,53894758,ok,42.516
bot-004,01a0b92a-551c-760a-87f8-7d5dba2e6fa1,105,54367048,54394300,ACCEPTED,,54394317,ok,27.269
bot-004,01a0b92a-5711-76c6-acaf-6d01dfc3fcb3,106,54867879,54894505,ACCEPTED,,54894530,ok,26.651
bot-004,01a0b92a-590b-725c-9151-6278f42f5532,107,55373653,55394646,ACCEPTED,,55394659,ok,21.006
bot-004,01a0b92a-5b0d-7190-ad59-a6a8ff895a1b,108,55888194,55894281,ACCEPTED,,55894324,ok,6.130
bot-004,01a0b92a-5d02-7605-96c4-a1363cc96cff,109,56389518,56394423,ACCEPTED,,56394450,ok,4.932
bot-004,01a0b92a-5efb-7671-b0ab-1e1b9d86c53f,110,56894398,56944689,ACCEPTED,,56944750,ok,50.352
bot-004,01a0b92a-6100-724c-add2-efdf70f3c7e8,111,57410634,57444400,ACCEPTED,,57444412,ok,33.778
bot-004,01a0b92a-62f9-7600-b318-f40aeb5739c3,112,57916521,57944661,ACCEPTED,,57944709,ok,28.188
bot-004,01a0b92a-64ff-756c-8f3e-7090f099fd99,113,58434023,58444626,ACCEPTED,,58444641,ok,10.618
bot-004,01a0b92a-66f6-749b-960c-b0f9ae526196,114,58937276,58944648,ACCEPTED,,58944678,ok,7.402
bot-004,01a0b92a-68ec-7417-8302-c5f9421f173a,115,59439503,59444290,ACCEPTED,,59444317,ok,4.814
bot-004,01a0b92a-6af0-77c6-a7b5-1099b4f417ec,116,59955515,59994802,ACCEPTED,,59994833,ok,39.318
bot-004,01a0b92a-6ce9-70a7-a063-1f417d01e8b7,117,60460507,60494368,ACCEPTED,,60494393,ok,33.886
bot-004,01a0b92a-6ee3-7706-a38d-3f360ec0b11e,118,60965626,60994655,ACCEPTED,,60994691,ok,29.065
bot-005,01a0b929-862d-7669-bd4c-08a665434807,0,1392174,1394254,ACCEPTED,,1394304,ok,2.130
bot-005,01a0b929-8823-76a7-ab1b-cf12c99bef73,1,1894427,1944334,ACCEPTED,,1944375,ok,49.948
bot-005,01a0b929-8a26-7707-b132-bbe9030ef3a2,2,2409259,2444627,ACCEPTED,,2444657,ok,35.398
bot-005,01a0b929-8c29-73d9-9f05-c8ae0f2c41bb,3,2924168,2944535,ACCEPTED,,2944601,ok,20.433
bot-005,01a0b929-8e1e-77a5-acd7-f2e7c568dc9d,4,3425178,3444335,ACCEPTED,,3444379,ok,19.201
bot-005,01a0b929-9012-7438-a2b1-92472b105d5f,5,3925456,3944302,ACCEPTED,,3944353,ok,18.897
bot-005,01a0b929-9208-75ce-9d35-356059b504da,6,4426711,4444646,ACCEPTED,,4444686,ok,17.975
bot-005,01a0b929-9400-7625-bda5-ac74a9c964fb,7,4931387,4944566,ACCEPTED,,4944612,ok,13.225
bot-005,01a0b929-9603-7479-a785-b4f23eec9ba9,8,5446093,5494509,ACCEPTED,,5494552,ok,48.459
bot-005,01a0b929-97fd-7171-8648-417b3c1502f2,9,5951653,5994742,ACCEPTED,,5994783,ok,43.130
bot-005,01a0b929-99f3-77da-b7d0-11d4ab9c2b74,10,6453822,6494434,ACCEPTED,,6494470,ok,40.648
bot-005,01a0b929-9bea-756b-94b4-425898a7f7a0,11,6957002,6994526,ACCEPTED,,6994557,ok,37.555
bot-005,01a0b929-9de1-77ff-9d95-26fe5700d6fb,12,7460189,7494648,ACCEPTED,,7494675,ok,34.486
bot-005,01a0b929-9fd9-73a0-9fa5-5e9a41782bad,13,7964146,7994705,ACCEPTED,,7994759,ok,30.613
bot-005,01a0b929-a1d0-776f-a9e3-dfb86d1d745f,14,8466873,8494409,ACCEPTED,,8494458,ok,27.585
bot-005,01a0b929-a3c5-77c3-bf61-b375dc853872,15,8968332,8994453,ACCEPTED,,8994493,ok,26.161
bot-005,01a0b929-a5bc-76e9-8c6b-29e459f18308,16,9470608,9494374,ACCEPTED,,9494416,ok,23.808
bot-005,01a0b929-a7b3-7558-91a4-aa78ee2323a2,17,9974052,9994753,ACCEPTED,,9994795,ok,20.743
bot-005,01a0b929-a9ab-7703-b2fe-05785c2896f0,18,10477836,10494218,ACCEPTED,,10494264,ok,16.428
bot-005,01a0b929-aba1-776b-bc02-b004c7a245e1,19,10979780,10994735,ACCEPTED,,10994782,ok,15.002
bot-005,01a0b929-ad9c-7337-bd4b-e4438620aa7f,20,11487261,11494459,ACCEPTED,,11494498,ok,7.237
bot-005,01a0b929-af97-765e-98fb-4cd6a0fd6c00,21,11994519,12044889,ACCEPTED,,12044918,ok,50.399
bot-005,01a0b929-b18d-747f-9af1-80a907bf0a44,22,12495648,12544626,ACCEPTED,,12544669,ok,49.021
bot-005,01a0b929-b382-7145-adc0-f5662f58ddd5,23,12997421,13044727,ACCEPTED,,13044811,ok,47.390
bot-005,01a0b929-b583-768f-ba21-eb6cdf01bd43,24,13509924,13544455,ACCEPTED,,13544498,ok,34.574
bot-005,01a0b929-b786-77f7-aaa4-0b0b19ec7b1d,25,14025425,14044381,ACCEPTED,,14044414,ok,18.989
bot-005,01a0b929-b989-75bc-b614-7a89cc0da755,26,14540033,14544648,ACCEPTED,,14544707,ok,4.674
bot-005,01a0b929-bb7f-743e-ae2b-a89061220448,27,15041975,15044321,ACCEPTED,,15044355,ok,2.380
bot-005,01a0b929-bd75-71c2-b0d8-089f5ad902ac,28,15544213,15594386,ACCEPTED,,15594445,ok,50.232
bot-005,01a0b929-bf71-71f2-9c96-ba21953115f2,29,16052134,16094746,ACCEPTED,,16094784,ok,42.650
bot-005,01a0b929-c165-7285-8dd1-760c55aca7ea,30,16552511,16594664,ACCEPTED,,16594682,ok,42.171
bot-005,01a0b929-c35b-733b-936e-be17210fc842,31,17054315,17094404,ACCEPTED,,17094440,ok,40.125
bot-005,01a0b929-c55f-75a3-807e-a11ef1d49cf5,32,17569681,17594655,ACCEPTED,,17594686,ok,25.005
bot-005,01a0b929-c758-77ef-bfed-53e731caa013,33,18074621,18094636,ACCEPTED,,18094666,ok,20.045
bot-005,01a0b929-c95c-7365-93d0-d00da1ac0ff9,34,18590883,18594696,ACCEPTED,,18594719,ok,3.836
bot-005,01a0b929-cb53-75f0-90ed-d1d40e076a53,35,19094524,19144560,ACCEPTED,,19144590,ok,50.066
bot-005,01a0b929-cd54-743a-9cdb-c80b7188d68d,36,19607469,19644373,ACCEPTED,,19644404,ok,36.935
bot-005,01a0b929-cf58-73a4-b0d0-5c09e4d1aba2,37,20123109,20144442,ACCEPTED,,20144471,ok,21.362
bot-005,01a0b929-d150-7398-96d0-5d8d7bff4ce5,38,20626807,20644488,ACCEPTED,,20644523,ok,17.716
bot-005,01a0b929-d353-756e-b204-c5e1e0d3c710,39,21142375,21144583,ACCEPTED,,21144599,ok,2.224
bot-005,01a0b929-d54a-7391-b54a-3129b74b25e7,40,21644630,21694726,ACCEPTED,,21694783,ok,50.153
bot-005,01a0b929-d741-7550-9d53-5746c4a5abdf,41,22147889,22194380,ACCEPTED,,22194409,ok,46.520
bot-005,01a0b929-d938-71d1-831f-98502e580e0d,42,22651349,22694677,ACCEPTED,,22694731,ok,43.382
bot-005,01a0b929-db3c-7700-8acb-87f29a56d30c,43,23167523,23194521,ACCEPTED,,23194563,ok,27.040
bot-005,01a0b929-dd34-75fe-9bfb-6dcc37a46771,44,23671398,23694684,ACCEPTED,,23694720,ok,23.322
bot-005,01a0b929-df2a-74ce-b26e-a49b05f13f23,45,24172954,24194718,ACCEPTED,,24194733,ok,21.779
bot-005,01a0b929-e120-7390-ae4e-220e80ca71a3,46,24674701,24694884,ACCEPTED,,24694905,ok,20.204
bot-005,01a0b929-e317-7152-b55b-4e84528ddd2e,47,25178290,25194907,ACCEPTED,,25194937,ok,16.647
bot-005,01a0b929-e51a-71c0-961d-1fed0944f910,48,25693241,25694535,ACCEPTED,,25694558,ok,1.317
bot-005,01a0b929-e70f-77bb-a8ba-5a4d53b96dfb,49,26194325,26244467,ACCEPTED,,26244493,ok,50.168
bot-005,01a0b929-e90b-74a7-9835-6738991d1713,50,26701946,26744695,ACCEPTED,,26744731,ok,42.785
bot-005,01a0b929-eb05-75a7-b0dd-e2b7a97c4610,51,27207826,27244708,ACCEPTED,,27244763,ok,36.937
bot-005,01a0b929-ecfd-72b5-964d-9afc99df447d,52,27711785,27744525,ACCEPTED,,27744553,ok,32.768
bot-005,01a0b929-eef4-7495-a7f3-79df5a370fc6,53,28214584,28244653,ACCEPTED,,28244673,ok,30.089
bot-005,01a0b929-f0eb-73c1-81d1-a7155d904a78,54,28718216,28744540,ACCEPTED,,28744572,ok,26.356
bot-005,01a0b929-f2e3-77ad-afb5-9556a4f31276,55,29221581,29244716,ACCEPTED,,29244736,ok,23.155
bot-005,01a0b929-f4da-73f9-a89a-cf62fbf7191e,56,29725277,29744537,ACCEPTED,,29744555,ok,19.278
bot-005,01a0b929-f6d5-7299-a68b-73ee28eaffcb,57,30231912,30244771,ACCEPTED,,30244803,ok,12.891
bot-005,01a0b929-f8d6-74c6-9b43-ade8005a1f20,58,30744680,30794725,ACCEPTED,,30794754,ok,50.074
bot-005,01a0b929-fad9-72c3-921d-6a98795a288a,59,31260358,31294743,ACCEPTED,,31294774,ok,34.416
bot-005,01a0b929-fcd0-75e6-8428-7c4b8201c652,60,31762868,31794934,ACCEPTED,,31794957,ok,32.089
bot-005,01a0b929-fec6-7257-8013-edfb09f46bb4,61,32264971,32294707,ACCEPTED,,32294726,ok,29.755
bot-005,01a0b92a-00c2-713d-94ff-f3245867b174,62,32773304,32794706,ACCEPTED,,32794724,ok,21.420
bot-005,01a0b92a-02c4-7740-8759-aaec4210eb83,63,33286753,33294797,ACCEPTED,,33294825,ok,8.072
bot-005,01a0b92a-04ba-7226-adcc-a050be39faa0,64,33788962,33794768,ACCEPTED,,33794788,ok,5.826
bot-005,01a0b92a-06b1-7314-a14c-dd10f6465493,65,34291552,34294505,ACCEPTED,,34294526,ok,2.974
bot-005,01a0b92a-08a7-77d2-8d77-74fa4938e407,66,34794478,34844837,ACCEPTED,,34844876,ok,50.398
bot-005,01a0b92a-0aab-7719-82ba-318dc50e8593,67,35309733,35345141,ACCEPTED,,35345186,ok,35.453
bot-005,01a0b92a-0ca1-7588-acec-07bbca9b5a0c,68,35811929,35844825,ACCEPTED,,35844845,ok,32.916
bot-005,01a0b92a-0e97-77a9-8583-ae16b5e276bf,69,36313628,36344494,ACCEPTED,,36344511,ok,30.883
bot-005,01a0b92a-108f-766c-a5db-d58e85403e82,70,36818542,36844432,ACCEPTED,,36844457,ok,25.915
bot-005,01a0b92a-1291-7091-9c31-041fbf28ae9b,71,37332373,37344695,ACCEPTED,,37344716,ok,12.343
bot-005,01a0b92a-1487-745a-a775-373a7062fa78,72,37834377,37844749,ACCEPTED,,37844772,ok,10.395
bot-005,01a0b92a-1685-74f4-8c83-f1df9529cc27,73,38344271,38394405,ACCEPTED,,38394444,ok,50.173
bot-005,01a0b92a-1879-7523-89e6-509d6aa054ed,74,38844418,38894699,ACCEPTED,,38894752,ok,50.334
bot-005,01a0b92a-1a78-77eb-9fda-b0637a4eac80,75,39355247,39394580,ACCEPTED,,39394632,ok,39.385
bot-005,01a0b92a-1c73-76a0-9b16-97fda6413669,76,39862356,39894626,ACCEPTED,,39894638,ok,32.282
bot-005,01a0b92a-1e78-71c2-9188-aab558b3f3d9,77,40378799,40394710,ACCEPTED,,40394748,ok,15.949
bot-005,01a0b92a-2073-71c4-9d10-9ff6376a8309,78,40885822,40894539,ACCEPTED,,40894580,ok,8.758
bot-005,01a0b92a-226c-71f9-b408-da8d1fb42e7e,79,41391478,41394803,ACCEPTED,,41394827,ok,3.349
bot-005,01a0b92a-2463-7636-8765-4c2ac58627c8,80,41894405,41944755,ACCEPTED,,41944785,ok,50.380
bot-005,01a0b92a-2659-76d2-a951-db1731ac5ea0,81,42395946,42444650,ACCEPTED,,42444698,ok,48.752
bot-005,01a0b92a-284e-7422-b9a0-b1b3024c4a96,82,42897237,42944746,ACCEPTED,,42944766,ok,47.529
bot-005,01a0b92a-2a4f-7601-9113-2ce6646beb57,83,43409888,43444836,ACCEPTED,,43444864,ok,34.976
bot-005,01a0b92a-2c48-7250-b800-f0ce976a87ac,84,43914710,43944919,ACCEPTED,,43944953,ok,30.243
bot-005,01a0b92a-2e3f-71d9-b7bd-6dee10f361d9,85,44417620,44444693,ACCEPTED,,44444717,ok,27.097
bot-005,01a0b92a-3042-7204-b15b-9cae2f3957d6,86,44933447,44944402,ACCEPTED,,44944431,ok,10.984
bot-005,01a0b92a-3241-724f-9d8f-216408928d79,87,45444485,45494727,ACCEPTED,,45494784,ok,50.299
bot-005,01a0b92a-343a-73d0-9c62-c65e48f806ef,88,45948616,45994846,ACCEPTED,,45994866,ok,46.250
bot-005,01a0b92a-363d-725f-baa1-b7e82685842e,89,46463674,46495092,ACCEPTED,,46495114,ok,31.440
bot-005,01a0b92a-3837-713e-a55b-0261293cabb4,90,46970017,46994412,ACCEPTED,,46994442,ok,24.425
bot-005,01a0b92a-3a39-724d-977f-81d39c1bafd7,91,47483902,47494628,ACCEPTED,,47494657,ok,10.755
bot-005,01a0b92a-3c32-7615-b14e-d0377bd1f488,92,47988828,47994762,ACCEPTED,,47994789,ok,5.961
bot-005,01a0b92a-3e29-727a-b60a-cc7f6099ac6c,93,48492365,48494443,ACCEPTED,,48494461,ok,2.096
bot-005,01a0b92a-402a-737b-8cd1-3697a6f49cb8,94,49004751,49044602,ACCEPTED,,49044621,ok,39.870
bot-005,01a0b92a-422e-760f-a00d-f065f9a0f4cf,95,49520927,49545100,ACCEPTED,,49545119,ok,24.192
bot-005,01a0b92a-442a-71bf-a150-225da332d679,96,50029351,50044656,ACCEPTED,,50044684,ok,15.333
bot-005,01a0b92a-4627-7220-bbfa-413b6a37a8a6,97,50537661,50544602,ACCEPTED,,50544629,ok,6.968
bot-005,01a0b92a-481f-747c-8bf3-8b57fa3a23c7,98,51042327,51044434,ACCEPTED,,51044464,ok,2.137
bot-005,01a0b92a-4a16-77eb-ab37-82189c70bf1c,99,51545393,51594556,ACCEPTED,,51594579,ok,49.186
bot-005,01a0b92a-4c0e-7063-bb2a-57e78467f270,100,52049349,52094909,ACCEPTED,,52094930,ok,45.581
bot-005,01a0b92a-4e08-725b-a8b2-97663f501eac,101,52554819,52594589,ACCEPTED,,52594604,ok,39.785
bot-005,01a0b92a-4fff-716c-8d0f-fd364f444b2f,102,53058370,53094656,ACCEPTED,,53094684,ok,36.314
bot-005,01a0b92a-51f6-75ed-ab62-b848f7fb4cee,103,53561230,53594537,ACCEPTED,,53594564,ok,33.334
bot-005,01a0b92a-53ed-743a-9a83-f8cac50f7ced,104,54064451,54094641,ACCEPTED,,54094660,ok,30.209
bot-005,01a0b92a-55f0-7663-a76f-e003d4736ea3,105,54579456,54594693,ACCEPTED,,54594710,ok,15.254
bot-005,01a0b92a-57e7-712d-9a11-c65e9a92ac21,106,55081990,55094508,ACCEPTED,,55094566,ok,12.576
bot-005,01a0b92a-59dd-724b-8d66-3df87da4c26b,107,55584261,55594526,ACCEPTED,,55594539,ok,10.278
bot-005,01a0b92a-5bd5-75c5-b8ee-08d1c26b7f8b,108,56087670,56094642,ACCEPTED,,56094673,ok,7.003
bot-005,01a0b92a-5dcb-7304-976b-4ddf214dea46,109,56589866,56594393,ACCEPTED,,56594443,ok,4.577
bot-005,01a0b92a-5fc1-739c-b708-3a9ae991dbb2,110,57091624,57094607,ACCEPTED,,57094634,ok,3.010
bot-005,01a0b92a-61b7-705e-bbe2-2e3778aa3cdd,111,57594385,57644734,ACCEPTED,,57644758,ok,50.373
bot-005,01a0b92a-63ae-703a-99e9-2ecf2918ee82,112,58097560,58144711,ACCEPTED,,58144767,ok,47.207
bot-005,01a0b92a-65a7-7237-94e1-837873494d76,113,58601838,58644526,ACCEPTED,,58644561,ok,42.723
bot-005,01a0b92a-679d-7111-83b1-65f4b3f13703,114,59104360,59144760,ACCEPTED,,59144775,ok,40.415
bot-005,01a0b92a-6994-7298-baff-a5c8b42e5314,115,59607554,59644494,ACCEPTED,,59644554,ok,37.000
bot-005,01a0b92a-6b8a-721a-bca7-a7cae1a024fd,116,60108910,60144497,ACCEPTED,,60144555,ok,35.645
bot-005,01a0b92a-6d83-7699-81b5-495de3d07772,117,60613909,60644994,ACCEPTED,,60645025,ok,31.116
bot-005,01a0b92a-6f7b-73a5-b4be-617b723901e9,118,61117614,61144563,ACCEPTED,,61144614,ok,27.000
bot-006,01a0b929-8557-7371-a3a2-034ce3adf7ff,0,1178129,1194497,ACCEPTED,,1194552,ok,16.423
bot-006,01a0b929-8751-736c-9b0f-419ba25ed3fe,1,1683557,1694592,ACCEPTED,,1694624,ok,11.067
bot-006,01a0b929-8945-71ff-8813-96e9921158fb,2,2184439,2194415,ACCEPTED,,2194447,ok,10.008
bot-006,01a0b929-8b43-7469-9bf8-5aeb4e2caf3c,3,2694245,2744360,ACCEPTED,,2744402,ok,50.157
bot-006,01a0b929-8d38-7376-ac76-7f6827d7bb10,4,3194581,3244502,ACCEPTED,,3244549,ok,49.968
bot-006,01a0b929-8f31-74b2-87ea-56773760865c,5,3699612,3744231,ACCEPTED,,3744262,ok,44.650
bot-006,01a0b929-9134-7222-ab9a-44c0357c2b01,6,4214684,4244369,ACCEPTED,,4244430,ok,29.746
bot-006,01a0b929-932a-726b-bf1c-d904740caa38,7,4717039,4744761,ACCEPTED,,4744793,ok,27.754
bot-006,01a0b929-952c-7138-8797-8a481886145c,8,5231422,5244456,ACCEPTED,,5244490,ok,13.068
bot-006,01a0b929-9726-750c-b41b-b2afd9d12bef,9,5736686,5744490,ACCEPTED,,5744533,ok,7.847
bot-006,01a0b929-991d-763b-a07a-9cc24f50f3b1,10,6239688,6244579,ACCEPTED,,6244603,ok,4.915
bot-006,01a0b929-9b15-715b-96d1-34151e4748c2,11,6743775,6744445,ACCEPTED,,6744465,ok,0.690
bot-006,01a0b929-9d0a-72f2-8770-fc44a515a71c,12,7244745,7294651,ACCEPTED,,7294712,ok,49.967
bot-006,01a0b929-9f02-72e8-ab9f-bf22245ecb7b,13,7749448,7795102,ACCEPTED,,7795131,ok,45.683
bot-006,01a0b929-a0fb-7112-8bd5-62e0ed5a3e7d,14,8253964,8294346,ACCEPTED,,8294398,ok,40.434
bot-006,01a0b929-a2f0-7437-94ca-b49c7901a648,15,8755147,8794267,ACCEPTED,,8794326,ok,39.179
bot-006,01a0b929-a4e6-72d0-9088-6f84ed95f45c,16,9257135,9294591,ACCEPTED,,9294618,ok,37.483
bot-006,01a0b929-a6dd-7137-a944-675c21c0ff19,17,9760223,9794834,ACCEPTED,,9794877,ok,34.654
bot-006,01a0b929-a8d5-7277-8618-c3b6b4e50e9c,18,10264302,10294826,ACCEPTED,,10294851,ok,30.549
bot-006,01a0b929-aacd-7515-bc45-3865fbca818e,19,10768275,10794458,ACCEPTED,,10794500,ok,26.225
bot-006,01a0b929-acc6-7467-a457-8d0b8d62dc92,20,11273486,11294542,ACCEPTED,,11294575,ok,21.089
bot-006,01a0b929-aec0-7449-aa84-3453cb8ea4c6,21,11778995,11794465,ACCEPTED,,11794491,ok,15.496
bot-006,01a0b929-b0b9-7066-be5b-3f24ed283d82,22,12283743,12294639,ACCEPTED,,12294676,ok,10.933
bot-006,01a0b929-b2ae-75a4-8811-6412fd3f001b,23,12784566,12794789,ACCEPTED,,12794842,ok,10.276
bot-006,01a0b929-b4ac-7226-86a5-8c9a0acacd80,24,13294776,13344415,ACCEPTED,,13344468,ok,49.692
bot-006,01a0b929-b6a2-7464-982c-7f813724c9e5,25,13797507,13844387,ACCEPTED,,13844443,ok,46.936
bot-006,01a0b929-b8a4-76ac-b0a0-12dbe6d3d296,26,14311063,14344338,ACCEPTED,,14344377,ok,33.314
bot-006,01a0b929-ba99-773a-8dc9-1447973740e5,27,14812070,14844529,ACCEPTED,,14844582,ok,32.512
bot-006,01a0b929-bc8f-7690-850a-f394e89741fa,28,15314418,15344548,ACCEPTED,,15344571,ok,30.153
bot-006,01a0b929-be8a-7260-be9d-59fa6d13bdf3,29,15820845,15844635,ACCEPTED,,15844674,ok,23.829
bot-006,01a0b929-c082-76d5-97fd-00db82347b2f,30,16324791,16344385,ACCEPTED,,16344406,ok,19.615
bot-006,01a0b929-c285-77ce-b466-51f509987eb7,31,16840328,16844426,ACCEPTED,,16844447,ok,4.119
bot-006,01a0b929-c47d-77a0-906f-7b719423fb30,32,17343953,17344637,ACCEPTED,,17344664,ok,0.711
bot-006,01a0b929-c672-7693-b2a6-513506e5bb3d,33,17844761,17894713,ACCEPTED,,17894754,ok,49.993
bot-006,01a0b929-c86a-7062-af1d-7ee1b3e7c12d,34,18348727,18394683,ACCEPTED,,18394721,ok,45.994
bot-006,01a0b929-ca5f-73e8-b6d3-35047f62f4cf,35,18850174,18894456,ACCEPTED,,18894510,ok,44.336
bot-006,01a0b929-cc54-705a-909d-56f6ad1c5c73,36,19350804,19394499,ACCEPTED,,19394526,ok,43.722
bot-006,01a0b929-ce54-71f5-9c14-d8aafb50a70d,37,19863213,19894675,ACCEPTED,,19894706,ok,31.493
bot-006,01a0b929-d04c-7065-8d6f-a785a7eb25c2,38,20366672,20394310,ACCEPTED,,20394350,ok,27.678
bot-006,01a0b929-d246-753b-91bd-e7cb203f9668,39,20872962,20894466,ACCEPTED,,20894507,ok,21.545
bot-006,01a0b929-d446-70d8-8d53-07bcf5eb59be,40,21385291,21394692,ACCEPTED,,21394719,ok,9.428
bot-006,01a0b929-d642-706f-9a6d-bdc9b96d0ef7,41,21893089,21894675,ACCEPTED,,21894693,ok,1.604
bot-006,01a0b929-d837-7345-a5f8-98a28115259c,42,22394279,22444483,ACCEPTED,,22444505,ok,50.226
bot-006,01a0b929-da2e-7256-970a-47abb0cb09d2,43,22897404,22944501,ACCEPTED,,22944535,ok,47.131
bot-006,01a0b929-dc30-7313-9f50-870762f1bf8e,44,23411036,23444540,ACCEPTED,,23444577,ok,33.541
bot-006,01a0b929-de28-763a-9ca4-eb2c532207d9,45,23915006,23944675,ACCEPTED,,23944698,ok,29.692
bot-006,01a0b929-e01e-703f-a611-d9873e927afa,46,24416754,24444739,ACCEPTED,,24444759,ok,28.005
bot-006,01a0b929-e216-76b4-8319-fb59f1f74403,47,24921330,24944294,ACCEPTED,,24944347,ok,23.017
bot-006,01a0b929-e417-708e-bb52-f3dab039a78a,48,25434015,25444547,ACCEPTED,,25444606,ok,10.591
bot-006,01a0b929-e60f-71ff-b09b-96fa8968eac8,49,25937923,25944691,ACCEPTED,,25944724,ok,6.801
bot-006,01a0b929-e807-77ca-a159-22636fdcd0da,50,26442509,26444568,ACCEPTED,,26444584,ok,2.075
bot-006,01a0b929-ea01-75b6-974b-1cd68dbb7d72,51,26948529,26994653,ACCEPTED,,26994735,ok,46.206
bot-006,01a0b929-ebfa-7117-8310-aa951ca06804,52,27453053,27494441,ACCEPTED,,27494473,ok,41.420
bot-006,01a0b929-edf0-728d-9b62-1f182afc33e7,53,27955432,27994412,ACCEPTED,,27994471,ok,39.039
bot-006,01a0b929-efe7-7651-a73f-587dbc1c9809,54,28458541,28494480,ACCEPTED,,28494510,ok,35.969
bot-006,01a0b929-f1e0-7107-9485-cffa373ccfbf,55,28963215,28994652,ACCEPTED,,28994705,ok,31.490
bot-006,01a0b929-f3d7-70c1-bf47-5139f46c0089,56,29466251,29494851,ACCEPTED,,29494867,ok,28.616
bot-006,01a0b929-f5d1-7799-b3b9-14dc27e6682c,57,29971806,29994731,ACCEPTED,,29994746,ok,22.940
bot-006,01a0b929-f7d4-770a-8d6f-92930f7c4e68,58,30486770,30494512,ACCEPTED,,30494543,ok,7.773
bot-006,01a0b929-f9c9-737d-af3d-4785f731c557,59,30988386,30994640,ACCEPTED,,30994669,ok,6.283
bot-006,01a0b929-fbce-7268-9113-39e7e650d344,60,31505290,31544387,ACCEPTED,,31544402,ok,39.112
bot-006,01a0b929-fdc3-7358-a47d-9980040a87e4,61,32006483,32044416,ACCEPTED,,32044473,ok,37.990
bot-006,01a0b929-ffbf-7658-b2fc-8075e5c38601,62,32514084,32544491,ACCEPTED,,32544525,ok,30.441
bot-006,01a0b92a-01c2-7618-87ed-81cdbc96a5ad,63,33029225,33045085,ACCEPTED,,33045149,ok,15.924
bot-006,01a0b92a-03c6-7359-a897-7a69439a8266,64,33544603,33594507,ACCEPTED,,33594542,ok,49.939
bot-006,01a0b92a-05bc-76cf-8218-71d64371da02,65,34047097,34094505,ACCEPTED,,34094556,ok,47.459
bot-006,01a0b92a-07b5-7491-9f7a-a335c4ed1cc1,66,34551902,34594300,ACCEPTED,,34594351,ok,42.449
bot-006,01a0b92a-09aa-7059-bfc5-1581203977d3,67,35053415,35094681,ACCEPTED,,35094702,ok,41.287
bot-006,01a0b92a-0bac-7600-a011-fcf53fed829f,68,35567271,35594855,ACCEPTED,,35594881,ok,27.610
bot-006,01a0b92a-0da3-70ef-87c7-3fe8fb0c0e9a,69,36070474,36094707,ACCEPTED,,36094722,ok,24.248
bot-006,01a0b92a-0f9a-7200-8a90-82d3db43142e,70,36572975,36594820,ACCEPTED,,36594843,ok,21.868
bot-006,01a0b92a-1191-74b4-8f2b-0e16ef516e80,71,37076414,37094875,ACCEPTED,,37094897,ok,18.483
bot-006,01a0b92a-1395-72b1-8bff-df6f2ce9c9b5,72,37591743,37594400,ACCEPTED,,37594414,ok,2.671
bot-006,01a0b92a-1598-7128-afaa-f81e177c54e5,73,38107508,38144870,ACCEPTED,,38144889,ok,37.381
bot-006,01a0b92a-179d-7650-ba06-737dab1c5016,74,38623720,38644679,ACCEPTED,,38644690,ok,20.970
bot-006,01a0b92a-1993-77a5-be9c-276886b9f22c,75,39126370,39144424,ACCEPTED,,39144440,ok,18.070
bot-006,01a0b92a-1b8e-7224-91fa-ab7ee321f490,76,39632761,39644757,ACCEPTED,,39644788,ok,12.027
bot-006,01a0b92a-1d85-72cb-b9bc-41f3a32d5e2c,77,40135819,40144689,ACCEPTED,,40144713,ok,8.894
bot-006,01a0b92a-1f7c-7516-b586-c7d1f6dc42b4,78,40638569,40644712,ACCEPTED,,40644734,ok,6.165
bot-006,01a0b92a-2176-7027-ae55-7635aa096f28,79,41144754,41194643,ACCEPTED,,41194673,ok,49.919
bot-006,01a0b92a-236f-7260-819d-29fd0104b8ed,80,41650301,41694449,ACCEPTED,,41694469,ok,44.168
bot-006,01a0b92a-2565-7617-86d1-fa31c8e14807,81,42152136,42194730,ACCEPTED,,42194768,ok,42.632
bot-006,01a0b92a-275b-7617-a3a2-ef07f2271601,82,42654305,42694496,ACCEPTED,,42694513,ok,40.208
bot-006,01a0b92a-295c-7069-8bb5-41c819f020d2,83,43166614,43194797,ACCEPTED,,43194855,ok,28.241
bot-006,01a0b92a-2b52-70aa-bd58-dd64c1730c5e,84,43668722,43694395,ACCEPTED,,43694435,ok,25.713
bot-006,01a0b92a-2d4c-7359-83a3-17eaff3c9439,85,44175555,44194521,ACCEPTED,,44194552,ok,18.997
bot-006,01a0b92a-2f4f-75b0-9bef-a425bea79d4f,86,44690050,44694680,ACCEPTED,,44694703,ok,4.653
bot-006,01a0b92a-3153-7687-aaf4-4f512fa2a144,87,45205747,45244862,ACCEPTED,,45244888,ok,39.141
bot-006,01a0b92a-3356-7741-9b1c-7c6a658bf605,88,45721022,45744810,ACCEPTED,,45744830,ok,23.808
bot-006,01a0b92a-354c-76e2-9fb9-a7458e7dc44e,89,46223504,46244535,ACCEPTED,,46244554,ok,21.050
bot-006,01a0b92a-3750-7149-b78f-53b521d028ed,90,46739048,46744563,ACCEPTED,,46744605,ok,5.557
bot-006,01a0b92a-3946-717c-b2a2-3b90a7b91a27,91,47240652,47244478,ACCEPTED,,47244513,ok,3.861
bot-006,01a0b92a-3b3c-7079-8e9f-a3f78ccf56df,92,47743229,47744338,ACCEPTED,,47744356,ok,1.127
bot-006,01a0b92a-3d36-700f-90fa-e6ae65fb114f,93,48248738,48294774,ACCEPTED,,48294792,ok,46.054
bot-006,01a0b92a-3f37-728e-89db-643ad603b633,94,48762511,48794577,ACCEPTED,,48794593,ok,32.082
bot-006,01a0b92a-413a-73ed-9846-6357a22beca8,95,49277483,49294420,ACCEPTED,,49294447,ok,16.964
bot-006,01a0b92a-4337-7442-8570-1a087a719528,96,49785994,49794256,ACCEPTED,,49794313,ok,8.319
bot-006,01a0b92a-452d-76c7-8ccc-a86ce5b70d0b,97,50288058,50294389,ACCEPTED,,50294419,ok,6.361
bot-006,01a0b92a-472d-70e1-9248-d267641119ea,98,50799970,50845061,ACCEPTED,,50845087,ok,45.117
bot-006,01a0b92a-4924-70ff-9a42-08f16240f7ab,99,51302696,51344482,ACCEPTED,,51344530,ok,41.834
bot-006,01a0b92a-4b26-76b3-a787-9b1cf0eee5aa,100,51817518,51844581,ACCEPTED,,51844593,ok,27.075
bot-006,01a0b92a-4d23-7074-9c83-6d3b8fb2c231,101,52325657,52344553,ACCEPTED,,52344605,ok,18.948
bot-006,01a0b92a-4f1d-7306-984b-d0cf087c2cf6,102,52832120,52844657,ACCEPTED,,52844668,ok,12.548
bot-006,01a0b92a-5120-7673-bca7-ab70b4f99612,103,53347135,53395234,ACCEPTED,,53395271,ok,48.136
bot-006,01a0b92a-5319-7239-8e87-93ce75442e95,104,53852321,53894745,ACCEPTED,,53894756,ok,42.435
bot-006,01a0b92a-551c-760a-87f8-7d5e444ce01c,105,54367048,54394216,ACCEPTED,,54394261,ok,27.213
bot-006,01a0b92a-5711-76c6-acaf-6cffa69cd767,106,54867810,54894491,ACCEPTED,,54894503,ok,26.693
bot-006,01a0b92a-590b-725c-9151-6277b27b69e3,107,55373653,55394669,ACCEPTED,,55394701,ok,21.048
bot-006,01a0b92a-5b0d-7190-ad59-a6aaebd1cd9b,108,55888224,55894389,ACCEPTED,,55894409,ok,6.185
bot-006,01a0b92a-5d02-7605-96c4-a134d1e772c7,109,56389517,56394469,ACCEPTED,,56394492,ok,4.975
bot-006,01a0b92a-5efb-7671-b0ab-1e23f0befd86,110,56894532,56944771,ACCEPTED,,56944789,ok,50.257
bot-006,01a0b92a-6100-724c-add2-efdb7a3e12b0,111,57410571,57444342,ACCEPTED,,57444379,ok,33.808
bot-006,01a0b92a-62fa-7277-bbdb-0c608eb6137c,112,57916564,57944676,ACCEPTED,,57944712,ok,28.148
bot-006,01a0b92a-64ff-756c-8f3e-708b034f89fb,113,58433935,58444551,ACCEPTED,,58444586,ok,10.651
bot-006,01a0b92a-66f6-749b-960c-b0feacde71e8,114,58937377,58944537,ACCEPTED,,58944559,ok,7.182
bot-006,01a0b92a-68ed-7451-bf29-2853c0e19c77,115,59439587,59444261,ACCEPTED,,59444292,ok,4.705
bot-006,01a0b92a-6af1-7518-bfb1-2aad4be1d1ff,116,59955555,59994694,ACCEPTED,,59994738,ok,39.183
bot-006,01a0b92a-6ce9-70a7-a063-1f42b5f94b64,117,60460521,60494390,ACCEPTED,,60494427,ok,33.906
bot-006,01a0b92a-6ee3-7706-a38d-3f39fc03c427,118,60965642,60994724,ACCEPTED,,60994757,ok,29.115
bot-007,01a0b929-868a-7490-b0af-5ad0f65e3ab7,0,1485122,1494430,ACCEPTED,,1494463,ok,9.341
bot-007,01a0b929-887f-72cc-9e55-12547c514e45,1,1985900,1994542,ACCEPTED,,1994582,ok,8.682
bot-007,01a0b929-8a81-775e-9102-bb2e40ab32a1,2,2500536,2544361,ACCEPTED,,2544404,ok,43.868
bot-007,01a0b929-8c84-76ac-94e9-6e5910a1b542,3,3015096,3044616,ACCEPTED,,3044655,ok,29.559
bot-007,01a0b929-8e79-748e-bd08-b59e5cefd933,4,3516148,3544406,ACCEPTED,,3544454,ok,28.306
bot-007,01a0b929-906f-7439-96cb-330d93401407,5,4017949,4044632,ACCEPTED,,4044662,ok,26.713
bot-007,01a0b929-9265-701c-8bcf-c35b9b8fa43f,6,4519630,4544526,ACCEPTED,,4544582,ok,24.952
bot-007,01a0b929-945b-7002-9277-b97fd92b569e,7,5022086,5044590,ACCEPTED,,5044630,ok,22.544
bot-007,01a0b929-965f-73d6-b2f9-d737bc9fe25b,8,5537677,5544490,ACCEPTED,,5544528,ok,6.851
bot-007,01a0b929-9857-774a-8f7b-bb345990bd00,9,6042387,6044501,ACCEPTED,,6044528,ok,2.141
bot-007,01a0b929-9a4d-7217-9cbf-d664381eb7c1,10,6544328,6594548,ACCEPTED,,6594568,ok,50.240
bot-007,01a0b929-9c45-74aa-9107-833c807bbfbe,11,7048142,7094908,ACCEPTED,,7094961,ok,46.819
bot-007,01a0b929-9e3c-7138-bca0-703b2e7b09db,12,7550967,7594591,ACCEPTED,,7594639,ok,43.672
bot-007,01a0b929-a035-75dc-86bc-5da0a367bcf3,13,8055693,8094249,ACCEPTED,,8094277,ok,38.584
bot-007,01a0b929-a22b-71ca-b6b3-1c8b098819fb,14,8558211,8595209,ACCEPTED,,8595236,ok,37.025
bot-007,01a0b929-a421-7631-985d-3f48c00e152c,15,9059991,9094306,ACCEPTED,,9094352,ok,34.361
bot-007,01a0b929-a617-74c9-82e0-6e71460935e2,16,9562039,9594443,ACCEPTED,,9594473,ok,32.434
bot-007,01a0b929-a80e-776b-afbe-9ef031ed25b5,17,10065021,10094439,ACCEPTED,,10094478,ok,29.457
bot-007,01a0b929-aa07-771a-8788-384af2d6c7ff,18,10570137,10594588,ACCEPTED,,10594620,ok,24.483
bot-007,01a0b929-ac00-7685-b22b-be040e910e40,19,11075334,11094537,ACCEPTED,,11094570,ok,19.236
bot-007,01a0b929-adf9-759e-bf02-735eca8478ce,20,11579685,11594165,ACCEPTED,,11594208,ok,14.523
bot-007,01a0b929-aff3-7186-a3a9-25fdde0f9c03,21,12086366,12094403,ACCEPTED,,12094446,ok,8.080
bot-007,01a0b929-b1f0-767f-9016-e31163dc8d52,22,12594713,12644482,ACCEPTED,,12644501,ok,49.788
bot-007,01a0b929-b3e7-7120-93ec-a52c3f0eebb9,23,13098422,13144733,ACCEPTED,,13144763,ok,46.341
bot-007,01a0b929-b5de-755d-846b-1ccab3ae0ad1,24,13601037,13644364,ACCEPTED,,13644398,ok,43.361
bot-007,01a0b929-b7e0-764f-aee8-b97db17c64c4,25,14115412,14144481,ACCEPTED,,14144542,ok,29.130
bot-007,01a0b929-b9e3-74ec-acd5-ff7c72f51d36,26,14630005,14644582,ACCEPTED,,14644616,ok,14.611
bot-007,01a0b929-bbd9-7242-ae4f-39b321c6535f,27,15132117,15144210,ACCEPTED,,15144263,ok,12.146
bot-007,01a0b929-bdd1-76a7-8b3f-f86ed6710f66,28,15636019,15644735,ACCEPTED,,15644770,ok,8.751
bot-007,01a0b929-bfcb-75e4-a6d0-4640e72d7c92,29,16142024,16144667,ACCEPTED,,16144699,ok,2.675
bot-007,01a0b929-c1c0-7798-a042-3ff3e41529b7,30,16642946,16644542,ACCEPTED,,16644565,ok,1.619
bot-007,01a0b929-c3b5-7682-b22c-a4354d41f88b,31,17144520,17194548,ACCEPTED,,17194581,ok,50.061
bot-007,01a0b929-c5ba-702d-9aaa-7d51981c5ecd,32,17661311,17694320,ACCEPTED,,17694353,ok,33.042
bot-007,01a0b929-c7b3-7614-83be-205c39cac85d,33,18166278,18194528,ACCEPTED,,18194574,ok,28.296
bot-007,01a0b929-c9aa-718d-84b7-53fb71c389cc,34,18668837,18694445,ACCEPTED,,18694467,ok,25.630
bot-007,01a0b929-cbac-76fc-9f1f-a275ddbf0d72,35,19182930,19194588,ACCEPTED,,19194620,ok,11.690
bot-007,01a0b929-cdab-77f2-a8db-7d59575eba72,36,19694250,19744351,ACCEPTED,,19744398,ok,50.148
bot-007,01a0b929-cfa0-72cd-b43f-f50ed09d55ef,37,20194695,20244792,ACCEPTED,,20244821,ok,50.126
bot-007,01a0b929-d19b-72e1-8331-09fbe6153077,38,20701723,20744752,ACCEPTED,,20744797,ok,43.074
bot-007,01a0b929-d390-73a8-9d1e-7e141731e6e9,39,21202764,21244650,ACCEPTED,,21244695,ok,41.931
bot-007,01a0b929-d58b-77ca-ac5d-a2515f7135b3,40,21710239,21744514,ACCEPTED,,21744543,ok,34.304
bot-007,01a0b929-d78e-75ec-a914-ffddcbc8c174,41,22224669,22244481,ACCEPTED,,22244509,ok,19.840
bot-007,01a0b929-d986-777f-8939-01423144a993,42,22728858,22744668,ACCEPTED,,22744725,ok,15.867
bot-007,01a0b929-db89-7463-8502-fd6d4e2c27ec,43,23244063,23244518,ACCEPTED,,23244568,ok,0.505
bot-007,01a0b929-dd81-7277-9886-389c62803f66,44,23747936,23794819,ACCEPTED,,23794880,ok,46.944
bot-007,01a0b929-df76-75f7-b235-ce855e29c421,45,24249128,24294457,ACCEPTED,,24294519,ok,45.391
bot-007,01a0b929-e16d-7023-9ad8-922f84bc7e73,46,24751646,24794793,ACCEPTED,,24794851,ok,43.205
bot-007,01a0b929-e362-7687-9c97-622c90f9f9c1,47,25252959,25294337,ACCEPTED,,25294389,ok,41.430
bot-007,01a0b929-e557-7189-a8f7-62fd05242ec9,48,25754489,25794312,ACCEPTED,,25794358,ok,39.869
bot-007,01a0b929-e74d-725b-b635-2203c49484e1,49,26255879,26294827,ACCEPTED,,26294857,ok,38.978
bot-007,01a0b929-e948-761d-b271-ab8fa7df0a55,50,26763446,26794650,ACCEPTED,,26794704,ok,31.258
bot-007,01a0b929-eb42-7522-916b-9cb13fab7f4b,51,27269006,27294471,ACCEPTED,,27294496,ok,25.490
bot-007,01a0b929-ed39-7354-b030-c75aad3abc01,52,27772428,27794987,ACCEPTED,,27795055,ok,22.627
bot-007,01a0b929-ef30-70b1-a2ff-3d04865e8e70,53,28274754,28294255,ACCEPTED,,28294285,ok,19.531
bot-007,01a0b929-f129-7629-b937-8ef192a896f3,54,28779621,28794230,ACCEPTED,,28794261,ok,14.640
bot-007,01a0b929-f31f-7620-aa1b-8a03b9643be7,55,29281851,29294569,ACCEPTED,,29294601,ok,12.750
bot-007,01a0b929-f517-725c-907e-efbababea8d9,56,29786005,29794290,ACCEPTED,,29794311,ok,8.306
bot-007,01a0b929-f70d-7137-a377-d9799900951f,57,30288268,30294465,ACCEPTED,,30294520,ok,6.252
bot-007,01a0b929-f905-7160-ac03-51635112f5cd,58,30791831,30794821,ACCEPTED,,30794847,ok,3.016
bot-007,01a0b929-fafc-73ce-b38b-7ce30373018a,59,31294593,31344220,ACCEPTED,,31344263,ok,49.670
bot-007,01a0b929-fcfd-72c8-bedf-49da75634de7,60,31807952,31844702,ACCEPTED,,31844752,ok,36.800
bot-007,01a0b929-fef4-7051-8aa6-cccf6419e599,61,32310897,32344775,ACCEPTED,,32344832,ok,33.935
bot-007,01a0b92a-00ef-73a5-8d88-47f915751995,62,32818392,32844621,ACCEPTED,,32844670,ok,26.278
bot-007,01a0b92a-02f1-75d7-9060-ede87cef83a7,63,33332082,33344613,ACCEPTED,,33344674,ok,12.592
bot-007,01a0b92a-04e8-7700-81c2-166e996c1de7,64,33835235,33844640,ACCEPTED,,33844697,ok,9.462
bot-007,01a0b92a-06df-73c4-b792-cf305b03e68b,65,34338436,34344586,ACCEPTED,,34344605,ok,6.169
bot-007,01a0b92a-08da-74fd-95f0-5f59e759721f,66,34844840,34894592,ACCEPTED,,34894620,ok,49.780
bot-007,01a0b92a-0ad8-773a-882e-c652689412b4,67,35355206,35394715,ACCEPTED,,35394777,ok,39.571
bot-007,01a0b92a-0cce-75b2-84ea-dba4a1eda571,68,35856678,35894668,ACCEPTED,,35894689,ok,38.011
bot-007,01a0b92a-0ec3-71fd-8b9c-6bbb10e913bb,69,36358546,36394612,ACCEPTED,,36394647,ok,36.101
bot-007,01a0b92a-10bc-7412-b0f9-37c71d161d66,70,36863384,36894521,ACCEPTED,,36894549,ok,31.165
bot-007,01a0b92a-12c0-705b-9849-a6a92ff3b16e,71,37378668,37394670,ACCEPTED,,37394699,ok,16.031
bot-007,01a0b92a-14c3-7648-b52a-b6e35a8f2713,72,37894200,37944478,ACCEPTED,,37944530,ok,50.330
bot-007,01a0b92a-16b7-76d7-8c2e-f21e8d62f9c9,73,38394489,38444442,ACCEPTED,,38444500,ok,50.011
bot-007,01a0b92a-18b0-7714-b693-7a77121cfbf2,74,38899333,38944504,ACCEPTED,,38944547,ok,45.214
bot-007,01a0b92a-1aa6-7687-812f-16d21fd53b70,75,39400929,39444707,ACCEPTED,,39444766,ok,43.837
bot-007,01a0b92a-1ca1-767d-96e4-07267823d223,76,39907868,39944745,ACCEPTED,,39944791,ok,36.923
bot-007,01a0b92a-1e96-7368-940f-becaf0890c98,77,40409451,40444718,ACCEPTED,,40444755,ok,35.304
bot-007,01a0b92a-2091-77da-8c54-e016c121185d,78,40916416,40944553,ACCEPTED,,40944604,ok,28.188
bot-007,01a0b92a-228a-756d-bd2b-da6cceaa58f4,79,41421341,41444539,ACCEPTED,,41444584,ok,23.243
bot-007,01a0b92a-2483-7202-9e3d-42e72ef01c25,80,41926181,41944823,ACCEPTED,,41944839,ok,18.658
bot-007,01a0b92a-2678-7024-9afc-fc84da2f73bc,81,42427167,42444786,ACCEPTED,,42444804,ok,17.637
bot-007,01a0b92a-287b-74b5-8806-5e68554815e9,82,42941861,42944771,ACCEPTED,,42944784,ok,2.923
bot-007,01a0b92a-2a72-76c1-9fd4-8397991afc5a,83,43444737,43494542,ACCEPTED,,43494589,ok,49.852
bot-007,01a0b92a-2c67-7448-8e5e-5a9744db0ee9,84,43945563,43994783,ACCEPTED,,43994838,ok,49.275
bot-007,01a0b92a-2e5d-759c-a1b5-de56fcf7938c,85,44447833,44494689,ACCEPTED,,44494725,ok,46.892
bot-007,01a0b92a-3052-71ee-8cb9-d5ba3c6da3b5,86,44948787,44994669,ACCEPTED,,44994748,ok,45.961
bot-007,01a0b92a-3254-77be-b631-e755fc6c5c41,87,45463223,45494813,ACCEPTED,,45494838,ok,31.615
bot-007,01a0b92a-3449-7252-b7b5-0a4ce77381eb,88,45963784,45994816,ACCEPTED,,45994831,ok,31.047
bot-007,01a0b92a-364c-7024-88bd-f3f473e9f22f,89,46478735,46495127,ACCEPTED,,46495147,ok,16.412
bot-007,01a0b92a-3846-744a-96bb-2d88a0c26170,90,46985447,46994536,ACCEPTED,,46994555,ok,9.108
bot-007,01a0b92a-3a43-76f0-8b00-62d1133ac8c7,91,47494544,47544572,ACCEPTED,,47544611,ok,50.067
bot-007,01a0b92a-3c41-77d4-bb90-f8fefb1828c4,92,48003951,48044737,ACCEPTED,,48044758,ok,40.807
bot-007,01a0b92a-3e42-7495-bc4a-5c32fd13e552,93,48516776,48544279,ACCEPTED,,48544303,ok,27.527
bot-007,01a0b92a-4039-76d0-b3e0-10740ab91e96,94,49020177,49044553,ACCEPTED,,49044580,ok,24.403
bot-007,01a0b92a-422e-760f-a00d-f05dc374b06c,95,49520814,49545133,ACCEPTED,,49545157,ok,24.343
bot-007,01a0b92a-442a-71bf-a150-225b72a85913,96,50029291,50044668,ACCEPTED,,50044685,ok,15.394
bot-007,01a0b92a-4627-7220-bbfa-413f8d95d4a0,97,50537707,50544556,ACCEPTED,,50544571,ok,6.864
bot-007,01a0b92a-481f-747c-8bf3-8b6434cd3b8b,98,51042471,51044595,ACCEPTED,,51044621,ok,2.150
bot-007,01a0b92a-4a16-77eb-ab37-82151e5aec0f,99,51545383,51594404,ACCEPTED,,51594440,ok,49.057
bot-007,01a0b92a-4c0e-7063-bb2a-57ea83b1c1eb,100,52049387,52094729,ACCEPTED,,52094758,ok,45.371
bot-007,01a0b92a-4e08-725b-a8b2-9764df258e25,101,52554734,52594443,ACCEPTED,,52594492,ok,39.758
bot-007,01a0b92a-4fff-716c-8d0f-fd2f168a83d6,102,53058163,53094328,ACCEPTED,,53094391,ok,36.228
bot-007,01a0b92a-51f6-75ed-ab62-b8457f5961ab,103,53561215,53594507,ACCEPTED,,53594537,ok,33.322
bot-007,01a0b92a-53ee-77aa-ab3c-08026bd41b4d,104,54064576,54094637,ACCEPTED,,54094680,ok,30.104
bot-007,01a0b92a-55f0-7663-a76f-e002150ee074,105,54579453,54594759,ACCEPTED,,54594787,ok,15.334
bot-007,01a0b92a-57e7-712d-9a11-c6663acbd45e,106,55082134,55094759,ACCEPTED,,55094783,ok,12.649
bot-007,01a0b92a-59dd-724b-8d66-3df13148817c,107,55584149,55594485,ACCEPTED,,55594511,ok,10.362
bot-007,01a0b92a-5bd5-75c5-b8ee-08d2f9649229,108,56087666,56094375,ACCEPTED,,56094432,ok,6.766
bot-007,01a0b92a-5dcb-7304-976b-4de1ada3d55c,109,56590014,56594621,ACCEPTED,,56594636,ok,4.622
bot-007,01a0b92a-5fc1-739c-b708-3a9f4d7bc675,110,57091736,57094626,ACCEPTED,,57094654,ok,2.918
bot-007,01a0b92a-61b7-705e-bbe2-2e3a3168a673,111,57594387,57644731,ACCEPTED,,57644746,ok,50.359
bot-007,01a0b92a-63af-73ce-bd97-9a9055a65e80,112,58097670,58144745,ACCEPTED,,58144782,ok,47.112
bot-007,01a0b92a-65a7-7237-94e1-8380b4cdfa2f,113,58601923,58644658,ACCEPTED,,58644676,ok,42.753
bot-007,01a0b92a-679d-7111-83b1-65f6efa85e4d,114,59104375,59144679,ACCEPTED,,59144698,ok,40.323
bot-007,01a0b92a-6995-74fa-85b0-adb00d0bc581,115,59607739,59644710,ACCEPTED,,59644742,ok,37.003
bot-007,01a0b92a-6b8a-721a-bca7-a7c936fdef4b,116,60108875,60144635,ACCEPTED,,60144654,ok,35.779
bot-007,01a0b92a-6d83-7699-81b5-4955dd757f4f,117,60613824,60644993,ACCEPTED,,60645025,ok,31.201
bot-007,01a0b92a-6f7b-73a5-b4be-618604108d4b,118,61117755,61144675,ACCEPTED,,61144702,ok,26.947
bot-008,01a0b929-8814-75ad-a5b6-41251e8491d9,0,1878830,1894647,ACCEPTED,,1894700,ok,15.870
bot-008,01a0b929-8a09-7519-b758-ba9996fa311f,1,2379617,2394626,ACCEPTED,,2394656,ok,15.039
bot-008,01a0b929-8c0b-746e-beb9-d8b57a45fe6a,2,2894442,2944549,ACCEPTED,,2944575,ok,50.133
bot-008,01a0b929-8e0f-714c-80ed-9209959edfc6,3,3410175,3444334,ACCEPTED,,3444382,ok,34.207
bot-008,01a0b929-9012-7438-a2b1-92463b49d617,4,3925302,3944307,ACCEPTED,,3944353,ok,19.051
bot-008,01a0b929-9208-75ce-9d35-3561ba438588,5,4426711,4444645,ACCEPTED,,4444686,ok,17.975
bot-008,01a0b929-9400-7625-bda5-ac75e9831a96,6,4931387,4944567,ACCEPTED,,4944611,ok,13.224
bot-008,01a0b929-9603-7479-a785-b4f38af4170b,7,5446093,5494507,ACCEPTED,,5494547,ok,48.454
bot-008,01a0b929-97fd-7171-8648-417a03a32693,8,5951658,5994732,ACCEPTED,,5994776,ok,43.118
bot-008,01a0b929-99f3-77da-b7d0-11d517620661,9,6453822,6494421,ACCEPTED,,6494479,ok,40.657
bot-008,01a0b929-9bea-756b-94b4-42591727e819,10,6957002,6994524,ACCEPTED,,6994557,ok,37.555
bot-008,01a0b929-9de1-77ff-9d95-26fd5e39cf13,11,7460191,7494648,ACCEPTED,,7494675,ok,34.484
bot-008,01a0b929-9fd9-73a0-9fa5-5e992e8786ee,12,7964146,7994816,ACCEPTED,,7994846,ok,30.700
bot-008,01a0b929-a1d0-776f-a9e3-dfb77b57790b,13,8466870,8494593,ACCEPTED,,8494619,ok,27.749
bot-008,01a0b929-a3c5-77c3-bf61-b3761cde947c,14,8968332,8994453,ACCEPTED,,8994493,ok,26.161
bot-008,01a0b929-a5bc-76e9-8c6b-29e3624f8e93,15,9470608,9494373,ACCEPTED,,9494416,ok,23.808
bot-008,01a0b929-a7b3-7558-91a4-aa778dee78f3,16,9974021,9994754,ACCEPTED,,9994795,ok,20.774
bot-008,01a0b929-a9ab-7703-b2fe-057772c7150d,17,10477832,10494242,ACCEPTED,,10494267,ok,16.435
bot-008,01a0b929-aba1-776b-bc02-b003d35fd1af,18,10979742,10994734,ACCEPTED,,10994781,ok,15.039
bot-008,01a0b929-ad9c-7337-bd4b-e4442e6a336b,19,11487260,11494469,ACCEPTED,,11494498,ok,7.238
bot-008,01a0b929-af97-765e-98fb-4cd55ab7fd59,20,11994519,12044865,ACCEPTED,,12044910,ok,50.391
bot-008,01a0b929-b18d-747f-9af1-80aa38a050f7,21,12495649,12544586,ACCEPTED,,12544634,ok,48.985
bot-008,01a0b929-b382-7145-adc0-f567d886686e,22,12997493,13044994,ACCEPTED,,13045022,ok,47.529
bot-008,01a0b929-b583-768f-ba21-eb6b599fdda8,23,13509924,13544473,ACCEPTED,,13544502,ok,34.578
bot-008,01a0b929-b786-77f7-aaa4-0b0c0ac1bb4d,24,14025425,14044357,ACCEPTED,,14044406,ok,18.981
bot-008,01a0b929-b989-75bc-b614-7a8a55a1fd66,25,14540033,14544716,ACCEPTED,,14544734,ok,4.701
bot-008,01a0b929-bb7f-743e-ae2b-a891006b6fdc,26,15041975,15044376,ACCEPTED,,15044405,ok,2.430
bot-008,01a0b929-bd75-71c2-b0d8-089e08ecaa75,27,15544213,15594421,ACCEPTED,,15594444,ok,50.231
bot-008,01a0b929-bf71-71f2-9c96-ba221761c03c,28,16052140,16094734,ACCEPTED,,16094786,ok,42.646
bot-008,01a0b929-c165-7285-8dd1-760df677884e,29,16552511,16594576,ACCEPTED,,16594618,ok,42.107
bot-008,01a0b929-c35b-733b-936e-be18f1afe212,30,17054320,17094424,ACCEPTED,,17094452,ok,40.132
bot-008,01a0b929-c55f-75a3-807e-a11df73988c4,31,17569680,17594614,ACCEPTED,,17594634,ok,24.954
bot-008,01a0b929-c758-77ef-bfed-53e8c9e275bf,32,18074636,18094648,ACCEPTED,,18094666,ok,20.030
bot-008,01a0b929-c95c-7365-93d0-d00cc3b00cf0,33,18590883,18594719,ACCEPTED,,18594746,ok,3.863
bot-008,01a0b929-cb53-75f0-90ed-d1d3074c5260,34,19094468,19144538,ACCEPTED,,19144590,ok,50.122
bot-008,01a0b929-cd54-743a-9cdb-c80aed7f1f60,35,19607469,19644276,ACCEPTED,,19644314,ok,36.845
bot-008,01a0b929-cf58-73a4-b0d0-5c0a7214fcf2,36,20123109,20144414,ACCEPTED,,20144463,ok,21.354
bot-008,01a0b929-d150-7398-96d0-5d8ccd939459,37,20626807,20644557,ACCEPTED,,20644579,ok,17.772
bot-008,01a0b929-d353-756e-b204-c5e27aa722cd,38,21142375,21144590,ACCEPTED,,21144621,ok,2.246
bot-008,01a0b929-d54a-7391-b54a-312834416977,39,21644588,21694739,ACCEPTED,,21694782,ok,50.194
bot-008,01a0b929-d741-7550-9d53-574780d24223,40,22147900,22194376,ACCEPTED,,22194409,ok,46.509
bot-008,01a0b929-d938-71d1-831f-9851c568d326,41,22651356,22694703,ACCEPTED,,22694741,ok,43.385
bot-008,01a0b929-db3c-7700-8acb-87f3b89700e3,42,23167547,23194525,ACCEPTED,,23194563,ok,27.016
bot-008,01a0b929-dd34-75fe-9bfb-6dd0ff916f5c,43,23671483,23694763,ACCEPTED,,23694786,ok,23.303
bot-008,01a0b929-df2a-74ce-b26e-a49aa80832ff,44,24172929,24194710,ACCEPTED,,24194729,ok,21.800
bot-008,01a0b929-e120-7390-ae4e-2212ee784754,45,24674775,24694872,ACCEPTED,,24694905,ok,20.130
bot-008,01a0b929-e317-7152-b55b-4e7f3b31af8c,46,25178262,25194946,ACCEPTED,,25194973,ok,16.711
bot-008,01a0b929-e51a-71c0-961d-1fec275be6b1,47,25693225,25694565,ACCEPTED,,25694586,ok,1.361
bot-008,01a0b929-e70f-77bb-a8ba-5a4905acb0de,48,26194301,26244385,ACCEPTED,,26244420,ok,50.119
bot-008,01a0b929-e90b-74a7-9835-673640630026,49,26701937,26744827,ACCEPTED,,26744854,ok,42.917
bot-008,01a0b929-eb05-75a7-b0dd-e2b8146d301a,50,27207827,27244699,ACCEPTED,,27244757,ok,36.930
bot-008,01a0b929-ecfd-72b5-964d-9afa61643b66,51,27711759,27744555,ACCEPTED,,27744583,ok,32.824
bot-008,01a0b929-eef4-7495-a7f3-79dd852357ff,52,28214569,28244563,ACCEPTED,,28244613,ok,30.044
bot-008,01a0b929-f0eb-73c1-81d1-a7182b4bcf52,53,28718232,28744595,ACCEPTED,,28744610,ok,26.378
bot-008,01a0b929-f2e3-77ad-afb5-955ab7b9d95c,54,29221605,29244640,ACCEPTED,,29244682,ok,23.077
bot-008,01a0b929-f4da-73f9-a89a-cf61a316f3be,55,29725240,29744553,ACCEPTED,,29744570,ok,19.330
bot-008,01a0b929-f6d5-7299-a68b-73f0ab95dcdb,56,30231960,30244699,ACCEPTED,,30244725,ok,12.765
bot-008,01a0b929-f8d6-74c6-9b43-adeac27519c5,57,30744685,30794738,ACCEPTED,,30794771,ok,50.086
bot-008,01a0b929-fad9-72c3-921d-6a924f1860b5,58,31260273,31294668,ACCEPTED,,31294682,ok,34.409
bot-008,01a0b929-fcd0-75e6-8428-7c46438b0c56,59,31762793,31794835,ACCEPTED,,31794874,ok,32.081
bot-008,01a0b929-fec6-7257-8013-edf7aefcd71c,60,32264858,32294709,ACCEPTED,,32294729,ok,29.871
bot-008,01a0b92a-00c2-713d-94ff-f31ff0f0903d,61,32773228,32794621,ACCEPTED,,32794658,ok,21.430
bot-008,01a0b92a-02c4-7740-8759-aae9de9abd4e,62,33286670,33294674,ACCEPTED,,33294735,ok,8.065
bot-008,01a0b92a-04ba-7226-adcc-a04ddaef307e,63,33788913,33794769,ACCEPTED,,33794789,ok,5.876
bot-008,01a0b92a-06b0-70eb-9546-cca9306bb858,64,34291481,34294503,ACCEPTED,,34294525,ok,3.044
bot-008,01a0b92a-08a7-77d2-8d77-74fce01b7863,65,34794510,34844755,ACCEPTED,,34844804,ok,50.294
bot-008,01a0b92a-0aab-7719-82ba-318a406785cd,66,35309690,35345122,ACCEPTED,,35345232,ok,35.542
bot-008,01a0b92a-0ca1-7588-acec-07b6ae513560,67,35811853,35844827,ACCEPTED,,35844847,ok,32.994
bot-008,01a0b92a-0e97-77a9-8583-ae18f0bcec85,68,36313677,36344502,ACCEPTED,,36344520,ok,30.843
bot-008,01a0b92a-1090-77e4-9dce-ee2f51bc6de0,69,36818607,36844393,ACCEPTED,,36844421,ok,25.814
bot-008,01a0b92a-1291-7091-9c31-041d9f64ed52,70,37332355,37344645,ACCEPTED,,37344677,ok,12.322
bot-008,01a0b92a-1487-745a-a775-3739cbc2a047,71,37834346,37844771,ACCEPTED,,37844811,ok,10.465
bot-008,01a0b92a-1685-74f4-8c83-f1dc47e23f00,72,38344191,38394378,ACCEPTED,,38394438,ok,50.247
bot-008,01a0b92a-1879-7523-89e6-509ca003db17,73,38844417,38894708,ACCEPTED,,38894752,ok,50.335
bot-008,01a0b92a-1a78-77eb-9fda-b066ab82c522,74,39355292,39394582,ACCEPTED,,39394633,ok,39.341
bot-008,01a0b92a-1c73-76a0-9b16-97fc73c0a21d,75,39862341,39894659,ACCEPTED,,39894690,ok,32.349
bot-008,01a0b92a-1e78-71c2-9188-aab4863c0005,76,40378775,40394713,ACCEPTED,,40394733,ok,15.958
bot-008,01a0b92a-2073-71c4-9d10-9ff5396dad88,77,40885818,40894540,ACCEPTED,,40894557,ok,8.739
bot-008,01a0b92a-226c-71f9-b408-da8e4c67380f,78,41391492,41394721,ACCEPTED,,41394755,ok,3.263
bot-008,01a0b92a-2463-7636-8765-4c2b6f6b2f6d,79,41894430,41944737,ACCEPTED,,41944771,ok,50.341
bot-008,01a0b92a-2659-76d2-a951-db181933346d,80,42395949,42444634,ACCEPTED,,42444696,ok,48.747
bot-008,01a0b92a-284e-7422-b9a0-b1b1fc0b1105,81,42897189,42944664,ACCEPTED,,42944694,ok,47.505
bot-008,01a0b92a-2a4f-7601-9113-2ce74fc88b39,82,43409888,43444844,ACCEPTED,,43444884,ok,34.996
bot-008,01a0b92a-2c48-7250-b800-f0cfe58070b2,83,43914731,43944925,ACCEPTED,,43944945,ok,30.214
bot-008,01a0b92a-2e3f-71d9-b7bd-6dece3ddd6f5,84,44417600,44444631,ACCEPTED,,44444653,ok,27.053
bot-008,01a0b92a-3042-7204-b15b-9cad499f5f0d,85,44933428,44944355,ACCEPTED,,44944385,ok,10.957
bot-008,01a0b92a-3241-724f-9d8f-21662f918f46,86,45444492,45494738,ACCEPTED,,45494784,ok,50.292
bot-008,01a0b92a-343a-73d0-9c62-c661ef4502c2,87,45948632,45994748,ACCEPTED,,45994776,ok,46.144
bot-008,01a0b92a-363c-77b8-b226-2a02918d16eb,88,46463549,46494898,ACCEPTED,,46494921,ok,31.372
bot-008,01a0b92a-3837-713e-a55b-0260c1805e52,89,46970017,46994455,ACCEPTED,,46994481,ok,24.464
bot-008,01a0b92a-3a39-724d-977f-81ccbc0846a6,90,47483791,47494487,ACCEPTED,,47494534,ok,10.743
bot-008,01a0b92a-3c32-7615-b14e-d033794d783c,91,47988740,47994771,ACCEPTED,,47994789,ok,6.049
bot-008,01a0b92a-3e29-727a-b60a-cc7d097dc80f,92,48492344,48494445,ACCEPTED,,48494462,ok,2.118
bot-008,01a0b92a-402a-737b-8cd1-36989292987c,93,49004753,49044535,ACCEPTED,,49044566,ok,39.813
bot-008,01a0b92a-422e-760f-a00d-f05cb3f5a5e5,94,49520818,49545057,ACCEPTED,,49545089,ok,24.271
bot-008,01a0b92a-442a-71bf-a150-22603756fbb2,95,50029369,50044622,ACCEPTED,,50044641,ok,15.272
bot-008,01a0b92a-4627-7220-bbfa-4140a4f73de3,96,50537708,50544597,ACCEPTED,,50544610,ok,6.902
bot-008,01a0b92a-481f-747c-8bf3-8b5ec488629b,97,51042380,51044560,ACCEPTED,,51044578,ok,2.198
bot-008,01a0b92a-4a16-77eb-ab37-82239503c24d,98,51545551,51594558,ACCEPTED,,51594584,ok,49.033
bot-008,01a0b92a-4c0e-7063-bb2a-57f1cf667f99,99,52049468,52094885,ACCEPTED,,52094912,ok,45.444
bot-008,01a0b92a-4e08-725b-a8b2-9762a077b0b8,100,52554728,52594543,ACCEPTED,,52594561,ok,39.833
bot-008,01a0b92a-4fff-716c-8d0f-fd3bf9bcacfd,101,53058481,53094531,ACCEPTED,,53094545,ok,36.064
bot-008,01a0b92a-51f6-75ed-ab62-b842dd4a13dc,102,53561207,53594569,ACCEPTED,,53594593,ok,33.386
bot-008,01a0b92a-53ed-743a-9a83-f8ced6260aee,103,54064509,54094621,ACCEPTED,,54094659,ok,30.150
bot-008,01a0b92a-55f0-7663-a76f-e004e96b51f5,104,54579470,54594684,ACCEPTED,,54594712,ok,15.242
bot-008,01a0b92a-57e7-712d-9a11-c65b45d76e8c,105,55081957,55094696,ACCEPTED,,55094725,ok,12.768
bot-008,01a0b92a-59dd-724b-8d66-3df005b11877,106,55584127,55594440,ACCEPTED,,55594490,ok,10.363
bot-008,01a0b92a-5bd5-75c5-b8ee-08da8013395c,107,56087830,56094588,ACCEPTED,,56094610,ok,6.780
bot-008,01a0b92a-5dcb-7304-976b-4de4b816244f,108,56590227,56594573,ACCEPTED,,56594600,ok,4.373
bot-008,01a0b92a-5fc1-739c-b708-3a9c66d4bb53,109,57091719,57094701,ACCEPTED,,57094716,ok,2.997
bot-008,01a0b92a-61b7-705e-bbe2-2e32fd277091,110,57594291,57644690,ACCEPTED,,57644710,ok,50.419
bot-008,01a0b92a-63af-73ce-bd97-9a91f482ed85,111,58097674,58144843,ACCEPTED,,58144869,ok,47.195
bot-008,01a0b92a-65a7-7237-94e1-83750049e646,112,58601818,58644467,ACCEPTED,,58644519,ok,42.701
bot-008,01a0b92a-679d-7111-83b1-65f326cc183a,113,59104309,59144710,ACCEPTED,,59144731,ok,40.422
bot-008,01a0b92a-6995-74fa-85b0-adaff5c486c2,114,59607796,59644646,ACCEPTED,,59644663,ok,36.867
bot-008,01a0b92a-6b8a-721a-bca7-a7c35d470512,115,60108816,60144556,ACCEPTED,,60144581,ok,35.765
bot-008,01a0b92a-6d83-7699-81b5-495b52b25d1e,116,60613902,60644970,ACCEPTED,,60644993,ok,31.091
bot-008,01a0b92a-6f7b-73a5-b4be-6185bc4798e3,117,61117746,61144655,ACCEPTED,,61144678,ok,26.932
bot-008,01a0b92a-717f-73bb-b51a-51316401536a,118,61633631,61644360,ACCEPTED,,61644391,ok,10.760
bot-009,01a0b929-877d-704a-a392-0a1c583ffeda,0,1728286,1744328,ACCEPTED,,1744365,ok,16.079
bot-009,01a0b929-8972-724d-a31f-1507f12216af,1,2228698,2244322,ACCEPTED,,2244363,ok,15.665
bot-009,01a0b929-8b75-74b3-a4db-c117b700e424,2,2744120,2794606,ACCEPTED,,2794642,ok,50.522
bot-009,01a0b929-8d69-76e8-a565-046d89bd9ac3,3,3244530,3294267,ACCEPTED,,3294316,ok,49.786
bot-009,01a0b929-8f6d-725a-91c0-c0f5105d4973,4,3759767,3794411,ACCEPTED,,3794456,ok,34.689
bot-009,01a0b929-9162-7417-abf0-53511c40a3c8,5,4260735,4294254,ACCEPTED,,4294305,ok,33.570
bot-009,01a0b929-9358-7060-ba3b-5140c2a373f1,6,4762651,4794253,ACCEPTED,,4794299,ok,31.648
bot-009,01a0b929-955b-73fc-91ad-03591264bbcc,7,5277668,5294316,ACCEPTED,,5294356,ok,16.688
bot-009,01a0b929-9754-770e-90c0-572b7933793b,8,5782788,5794585,ACCEPTED,,5794639,ok,11.851
bot-009,01a0b929-9949-73c1-8950-6b6e3c92bfb8,9,6284188,6294414,ACCEPTED,,6294459,ok,10.271
bot-009,01a0b929-9b43-71c4-925a-ec02be33662a,10,6790270,6794500,ACCEPTED,,6794545,ok,4.275
bot-009,01a0b929-9d39-738c-87be-87d96aa51917,11,7292134,7294723,ACCEPTED,,7294753,ok,2.619
bot-009,01a0b929-9f30-7268-8931-1e61521e4d12,12,7795080,7844588,ACCEPTED,,7844638,ok,49.558
bot-009,01a0b929-a129-70cb-80e5-7e5ecccff1f4,13,8299974,8344273,ACCEPTED,,8344331,ok,44.357
bot-009,01a0b929-a32c-76f2-84a6-1c96ce01aec9,14,8815441,8844575,ACCEPTED,,8844615,ok,29.174
bot-009,01a0b929-a523-7052-9d48-ee5019e9463e,15,9318441,9344663,ACCEPTED,,9344703,ok,26.262
bot-009,01a0b929-a71a-75a0-92b1-be928c02bade,16,9821152,9844663,ACCEPTED,,9844701,ok,23.549
bot-009,01a0b929-a912-74d7-99e1-72089f1c1fb8,17,10325266,10344578,ACCEPTED,,10344634,ok,19.368
bot-009,01a0b929-ab09-7429-b0c8-59b70db24c8f,18,10828312,10844637,ACCEPTED,,10844675,ok,16.363
bot-009,01a0b929-ad04-7297-9bd3-a80e772c2604,19,11335395,11344312,ACCEPTED,,11344362,ok,8.967
bot-009,01a0b929-aefd-7686-9023-e20fa7ac19bc,20,11839635,11844371,ACCEPTED,,11844384,ok,4.749
bot-009,01a0b929-b0f5-75e5-8db9-5e235dcd3370,21,12344364,12394462,ACCEPTED,,12394507,ok,50.143
bot-009,01a0b929-b2f9-7478-acde-5bdb4d5696bc,22,12860381,12894400,ACCEPTED,,12894446,ok,34.065
bot-009,01a0b929-b4fb-7085-9ba7-1163dbd12cc4,23,13374007,13394380,ACCEPTED,,13394428,ok,20.421
bot-009,01a0b929-b6fe-7121-9ab9-27d8258990e4,24,13888938,13894420,ACCEPTED,,13894460,ok,5.522
bot-009,01a0b929-b8ff-777b-ab45-752a438610a7,25,14401834,14444595,ACCEPTED,,14444654,ok,42.820
bot-009,01a0b929-baf6-7694-b68c-1c4888ab5bb1,26,14904684,14944420,ACCEPTED,,14944479,ok,39.795
bot-009,01a0b929-bcec-750b-a443-e933a01052cf,27,15407157,15444729,ACCEPTED,,15444775,ok,37.618
bot-009,01a0b929-bee6-770b-915a-df66c4161dc4,28,15912780,15944669,ACCEPTED,,15944714,ok,31.934
bot-009,01a0b929-c0dd-77e0-b843-29d77c1bf203,29,16416089,16444375,ACCEPTED,,16444418,ok,28.329
bot-009,01a0b929-c2e1-737e-a623-46d363202ebb,30,16931621,16944677,ACCEPTED,,16944729,ok,13.108
bot-009,01a0b929-c4d6-72bf-be84-c2c064f90f78,31,17433506,17444211,ACCEPTED,,17444244,ok,10.738
bot-009,01a0b929-c6ce-7311-bd26-4877933a2d87,32,17936929,17944583,ACCEPTED,,17944629,ok,7.700
bot-009,01a0b929-c8c3-7340-981b-43bed41e2960,33,18438317,18444415,ACCEPTED,,18444460,ok,6.143
bot-009,01a0b929-cab9-7428-a74b-5888ff707120,34,18940237,18944506,ACCEPTED,,18944540,ok,4.303
bot-009,01a0b929-ccaf-70ab-ac0a-f74bff91f930,35,19441570,19444265,ACCEPTED,,19444312,ok,2.742
bot-009,01a0b929-ceb0-73af-afbb-1debc3b0bb3b,36,19955358,19994687,ACCEPTED,,19994729,ok,39.371
bot-009,01a0b929-d0a8-7656-b4aa-c313d2e7f837,37,20459284,20494470,ACCEPTED,,20494511,ok,35.227
bot-009,01a0b929-d2a2-72fc-b744-260a4be2496a,38,20965053,20994420,ACCEPTED,,20994467,ok,29.414
bot-009,01a0b929-d4a2-77e0-a06e-a5782c2b8267,39,21477155,21494747,ACCEPTED,,21494800,ok,17.645
bot-009,01a0b929-d69c-77e3-8b3e-43c41da1ef86,40,21982827,21994538,ACCEPTED,,21994566,ok,11.739
bot-009,01a0b929-d893-73a8-b03a-853b6bfeca34,41,22486341,22494572,ACCEPTED,,22494607,ok,8.266
bot-009,01a0b929-da89-706a-8ca7-62aa89dc41f5,42,22987886,22994824,ACCEPTED,,22994885,ok,6.999
bot-009,01a0b929-dc8b-739d-8d75-bfa8ad5306fd,43,23502276,23544602,ACCEPTED,,23544660,ok,42.384
bot-009,01a0b929-de83-7084-aa6c-2d1fd716eed1,44,24006133,24044495,ACCEPTED,,24044535,ok,38.402
bot-009,01a0b929-e086-7754-8a7e-f18ace03f2c6,45,24521404,24544445,ACCEPTED,,24544488,ok,23.084
bot-009,01a0b929-e281-778c-8981-25732cd8015f,46,25027628,25044512,ACCEPTED,,25044565,ok,16.937
bot-009,01a0b929-e481-761b-956d-42853fb15a61,47,25540483,25544579,ACCEPTED,,25544619,ok,4.136
bot-009,01a0b929-e678-7232-b991-2bd2bb977f2b,48,26042917,26044530,ACCEPTED,,26044564,ok,1.647
bot-009,01a0b929-e871-7485-960e-8b444f6d29b0,49,26547898,26594725,ACCEPTED,,26594745,ok,46.847
bot-009,01a0b929-ea6d-77dd-9f22-2ea78b2b370e,50,27055756,27094159,ACCEPTED,,27094193,ok,38.437
bot-009,01a0b929-ec65-7008-9056-f0eff9d4003a,51,27559799,27594204,ACCEPTED,,27594255,ok,34.456
bot-009,01a0b929-ee5d-7294-a304-16dfee2bbf9f,52,28063951,28094328,ACCEPTED,,28094366,ok,30.415
bot-009,01a0b929-f061-74d9-bd85-c80a4fc48d4b,53,28579760,28594433,ACCEPTED,,28594459,ok,14.699
bot-009,01a0b929-f259-753b-aed3-d73655e4aa9f,54,29084438,29094278,ACCEPTED,,29094329,ok,9.891
bot-009,01a0b929-f450-777f-b2fa-a5dc74284908,55,29586746,29594606,ACCEPTED,,29594638,ok,7.892
bot-009,01a0b929-f64b-70fa-8eb4-b3e32fa4eb3c,56,30094533,30144253,ACCEPTED,,30144308,ok,49.775
bot-009,01a0b929-f84e-755e-a7bb-2adfcb161afe,57,30609146,30644559,ACCEPTED,,30644616,ok,35.470
bot-009,01a0b929-fa50-7461-a168-266282fcab9d,58,31123018,31144246,ACCEPTED,,31144300,ok,21.282
bot-009,01a0b929-fc47-7406-851d-db4929fd11f6,59,31626004,31644644,ACCEPTED,,31644677,ok,18.673
bot-009,01a0b929-fe3e-7380-b593-576aa4096b4b,60,32128797,32144452,ACCEPTED,,32144488,ok,15.691
bot-009,01a0b92a-0039-764b-93c5-bd36b7321278,61,32636298,32644388,ACCEPTED,,32644426,ok,8.128
bot-009,01a0b92a-023c-7041-a6ea-4ef036444442,62,33150801,33194360,ACCEPTED,,33194396,ok,43.595
bot-009,01a0b92a-043f-74c1-a9d1-d2810ec61166,63,33665926,33694569,ACCEPTED,,33694605,ok,28.679
bot-009,01a0b92a-0636-7122-966b-fb9e34cf3915,64,34169324,34194516,ACCEPTED,,34194565,ok,25.241
bot-009,01a0b92a-082e-741a-99fd-92d530a68582,65,34673556,34694361,ACCEPTED,,34694397,ok,20.841
bot-009,01a0b92a-0a32-74b6-b5d6-b49e1e8ead3d,66,35189313,35194290,ACCEPTED,,35194316,ok,5.003
bot-009,01a0b92a-0c35-7264-990e-36d45b0dbb02,67,35704037,35744434,ACCEPTED,,35744491,ok,40.454
bot-009,01a0b92a-0e2c-73b4-ab7c-f2e708226179,68,36207557,36244329,ACCEPTED,,36244391,ok,36.834
bot-009,01a0b92a-1026-7385-9418-cb0e9f6f8b84,69,36712563,36744598,ACCEPTED,,36744650,ok,32.087
bot-009,01a0b92a-1228-702a-a644-3b6c4c8f2e7c,70,37226949,37244304,ACCEPTED,,37244355,ok,17.406
bot-009,01a0b92a-141d-7772-84fd-9fae78db550e,71,37728380,37744563,ACCEPTED,,37744592,ok,16.212
bot-009,01a0b92a-1621-7203-bc28-ec01fe83d1fe,72,38244007,38294711,ACCEPTED,,38294753,ok,50.746
bot-009,01a0b92a-1817-7574-badf-5fea887e81f0,73,38746180,38794360,ACCEPTED,,38794398,ok,48.218
bot-009,01a0b92a-1a10-733c-a2e2-8f2f4b83f63a,74,39250714,39294587,ACCEPTED,,39294643,ok,43.929
bot-009,01a0b92a-1c0a-7505-a518-3d1e7ad8d838,75,39756952,39794689,ACCEPTED,,39794721,ok,37.769
bot-009,01a0b92a-1dff-7269-9bf3-d0c638f3f151,76,40258394,40294262,ACCEPTED,,40294303,ok,35.909
bot-009,01a0b92a-1ff9-765f-b426-3f0dec3d470a,77,40764074,40794790,ACCEPTED,,40794849,ok,30.775
bot-009,01a0b92a-21f2-7287-b53f-b80bdb816345,78,41268807,41294497,ACCEPTED,,41294550,ok,25.743
bot-009,01a0b92a-23eb-744c-9468-41dd45ed66b8,79,41773704,41794414,ACCEPTED,,41794442,ok,20.738
bot-009,01a0b92a-25ee-70bd-878a-e426a903d7d8,80,42289165,42294446,ACCEPTED,,42294501,ok,5.336
bot-009,01a0b92a-27e4-7146-b5f6-7a1abedf486d,81,42790679,42794434,ACCEPTED,,42794465,ok,3.786
bot-009,01a0b92a-29e4-762e-a115-72df6d994440,82,43303537,43344424,ACCEPTED,,43344466,ok,40.929
bot-009,01a0b92a-2bde-7307-a2f0-9a5f3b350f80,83,43809263,43844403,ACCEPTED,,43844461,ok,35.198
bot-009,01a0b92a-2dd3-75f5-899f-8617a5d9fa7f,84,44310024,44344683,ACCEPTED,,44344737,ok,34.713
bot-009,01a0b92a-2fc9-773f-994a-08b8ed54d104,85,44812170,44844357,ACCEPTED,,44844399,ok,32.229
bot-009,01a0b92a-31cb-747c-b861-8f01fccda2b6,86,45326084,45344483,ACCEPTED,,45344513,ok,18.429
bot-009,01a0b92a-33c2-74f9-9674-816c5b2f39d8,87,45829139,45844659,ACCEPTED,,45844688,ok,15.549
bot-009,01a0b92a-35c5-70e5-94b3-96bed3eb03f4,88,46344105,46394368,ACCEPTED,,46394396,ok,50.291
bot-009,01a0b92a-37ba-7205-8777-6e79a290a0bf,89,46845398,46894735,ACCEPTED,,46894774,ok,49.376
bot-009,01a0b92a-39b0-77cf-a485-bcacb89cec90,90,47346683,47394676,ACCEPTED,,47394697,ok,48.014
bot-009,01a0b92a-3ba7-7422-bfa5-66ae407d5fd6,91,47850104,47894376,ACCEPTED,,47894440,ok,44.336
bot-009,01a0b92a-3d9f-7364-b598-43efdab9b6d0,92,48354352,48394440,ACCEPTED,,48394467,ok,40.115
bot-009,01a0b92a-3fa3-74aa-94d9-a0d757ec1d81,93,48869566,48894313,ACCEPTED,,48894368,ok,24.802
bot-009,01a0b92a-41a4-77c6-a1b5-2ef2586b27c9,94,49382765,49394320,ACCEPTED,,49394347,ok,11.582
bot-009,01a0b92a-43a1-7743-ac5c-8f7008bf6ef6,95,49892079,49894701,ACCEPTED,,49894730,ok,2.651
bot-009,01a0b92a-4597-74d1-aa6e-e04222c58594,96,50393583,50394605,ACCEPTED,,50394661,ok,1.078
bot-009,01a0b92a-4797-772b-8241-c2aeb544ab0c,97,50905890,50944445,ACCEPTED,,50944475,ok,38.585
bot-009,01a0b92a-498e-7091-8c44-97a3da615252,98,51408927,51444442,ACCEPTED,,51444484,ok,35.557
bot-009,01a0b92a-4b84-70c8-8066-3ef6c3de571a,99,51910611,51944628,ACCEPTED,,51944665,ok,34.054
bot-009,01a0b92a-4d7e-76f6-bca3-955e93ae863b,100,52417176,52444587,ACCEPTED,,52444619,ok,27.443
bot-009,01a0b92a-4f78-7438-a00e-ecc4cda9103f,101,52923236,52944493,ACCEPTED,,52944518,ok,21.282
bot-009,01a0b92a-517a-7560-90e0-71d557c8d0da,102,53437374,53444774,ACCEPTED,,53444803,ok,7.429
bot-009,01a0b92a-5374-724d-8df1-23d9f7ece096,103,53942777,53944407,ACCEPTED,,53944459,ok,1.682
bot-009,01a0b92a-5577-72e1-b551-6deb511529c5,104,54457729,54494735,ACCEPTED,,54494769,ok,37.040
bot-009,01a0b92a-576c-74a8-9346-482a652a7bad,105,54959313,54994636,ACCEPTED,,54994683,ok,35.370
bot-009,01a0b92a-5963-76f5-aede-1505ae906314,106,55462475,55494874,ACCEPTED,,55494903,ok,32.428
bot-009,01a0b92a-5b59-71b5-9d5d-16d77c1a8ea2,107,55964470,55994260,ACCEPTED,,55994292,ok,29.822
bot-009,01a0b92a-5d4f-71a2-88e2-0ae49559f2e8,108,56466358,56494387,ACCEPTED,,56494416,ok,28.058
bot-009,01a0b92a-5f48-7089-8fc8-821335ff9c08,109,56970796,56994454,ACCEPTED,,56994483,ok,23.687
bot-009,01a0b92a-613d-754e-97f0-fc4e542f90ee,110,57471608,57494422,ACCEPTED,,57494465,ok,22.857
bot-009,01a0b92a-6336-735f-8959-a923857972e0,111,57977286,57994505,ACCEPTED,,57994530,ok,17.244
bot-009,01a0b92a-652d-7677-a69e-1b79eb645150,112,58480538,58494650,ACCEPTED,,58494684,ok,14.146
bot-009,01a0b92a-6724-72b1-bc08-736e5e152b0a,113,58982845,58994717,ACCEPTED,,58994745,ok,11.900
bot-009,01a0b92a-691b-7363-9b1e-c47257cf8a7a,114,59485672,59494366,ACCEPTED,,59494411,ok,8.739
bot-009,01a0b92a-6b18-7425-8778-13343cc53e4a,115,59994667,60044674,ACCEPTED,,60044698,ok,50.031
bot-009,01a0b92a-6d17-71da-883c-f7afa588bc91,116,60505831,60544592,ACCEPTED,,60544616,ok,38.785
bot-009,01a0b92a-6f11-7706-8a3b-0c02ae96a353,117,61011817,61044510,ACCEPTED,,61044542,ok,32.725
bot-009,01a0b92a-7114-70ec-a172-c17662718c1a,118,61526690,61544769,ACCEPTED,,61544799,ok,18.109
bot-010,01a0b929-8887-714a-811c-18d4b9f26e55,0,1994525,2044319,ACCEPTED,,2044376,ok,49.851
bot-010,01a0b929-8a81-775e-9102-bb2d30e1dc7f,1,2500535,2544360,ACCEPTED,,2544403,ok,43.868
bot-010,01a0b929-8c84-76ac-94e9-6e58ff2e9c6f,2,3015088,3044601,ACCEPTED,,3044654,ok,29.566
bot-010,01a0b929-8e79-748e-bd08-b59fe42a7abb,3,3516170,3544406,ACCEPTED,,3544457,ok,28.287
bot-010,01a0b929-906f-7439-96cb-330c71f6b2cb,4,4017919,4044600,ACCEPTED,,4044662,ok,26.743
bot-010,01a0b929-9265-701c-8bcf-c35ab428ca09,5,4519622,4544545,ACCEPTED,,4544580,ok,24.958
bot-010,01a0b929-945b-7002-9277-b97ef959bbab,6,5022086,5044579,ACCEPTED,,5044630,ok,22.544
bot-010,01a0b929-965f-73d6-b2f9-d73836e60391,7,5537681,5544549,ACCEPTED,,5544567,ok,6.886
bot-010,01a0b929-9857-774a-8f7b-bb3236ff35b7,8,6042365,6044451,ACCEPTED,,6044500,ok,2.135
bot-010,01a0b929-9a4d-7217-9cbf-d663ec8df4b6,9,6544281,6594537,ACCEPTED,,6594566,ok,50.285
bot-010,01a0b929-9c41-72cc-9397-f034f30d6668,10,7044453,7094874,ACCEPTED,,7094929,ok,50.476
bot-010,01a0b929-9e3c-7138-bca0-703c37a50dad,11,7550974,7594613,ACCEPTED,,7594642,ok,43.668
bot-010,01a0b929-a035-75dc-86bc-5d9ff083b5a7,12,8055682,8094127,ACCEPTED,,8094167,ok,38.485
bot-010,01a0b929-a22b-71ca-b6b3-1c8a06534a70,13,8558211,8595191,ACCEPTED,,8595225,ok,37.014
bot-010,01a0b929-a421-7631-985d-3f4ad3904917,14,9059999,9094288,ACCEPTED,,9094331,ok,34.332
bot-010,01a0b929-a617-74c9-82e0-6e73fa305c57,15,9562059,9594482,ACCEPTED,,9594499,ok,32.440
bot-010,01a0b929-a80e-776b-afbe-9eee907fc0cb,16,10064976,10094475,ACCEPTED,,10094517,ok,29.541
bot-010,01a0b929-aa07-771a-8788-384889623fcc,17,10570134,10594663,ACCEPTED,,10594689,ok,24.555
bot-010,01a0b929-ac00-7685-b22b-be03978f5275,18,11075303,11094516,ACCEPTED,,11094559,ok,19.256
bot-010,01a0b929-adf9-759e-bf02-736092e75445,19,11579755,11594235,ACCEPTED,,11594275,ok,14.520
bot-010,01a0b929-aff3-7186-a3a9-25fb03a8b620,20,12086329,12094423,ACCEPTED,,12094451,ok,8.122
bot-010,01a0b929-b1f0-767f-9016-e310ee5e5669,21,12594626,12644399,ACCEPTED,,12644444,ok,49.818
bot-010,01a0b929-b3e7-7120-93ec-a52e5d1c27b6,22,13098431,13144705,ACCEPTED,,13144763,ok,46.332
bot-010,01a0b929-b5de-755d-846b-1ccbe5ebf2de,23,13601048,13644344,ACCEPTED,,13644387,ok,43.339
bot-010,01a0b929-b7e0-764f-aee8-b97f6926036c,24,14115412,14144481,ACCEPTED,,14144542,ok,29.130
bot-010,01a0b929-b9e3-74ec-acd5-ff7e925927e9,25,14630057,14644616,ACCEPTED,,14644638,ok,14.581
bot-010,01a0b929-bbd9-7242-ae4f-39b1ef3933e2,26,15132117,15144210,ACCEPTED,,15144263,ok,12.146
bot-010,01a0b929-bdd1-76a7-8b3f-f86f71cd1923,27,15636019,15644715,ACCEPTED,,15644757,ok,8.738
bot-010,01a0b929-bfcb-75e4-a6d0-4642af5778d9,28,16142026,16144677,ACCEPTED,,16144702,ok,2.676
bot-010,01a0b929-c1c0-7798-a042-3ff66f798402,29,16642951,16644537,ACCEPTED,,16644565,ok,1.614
bot-010,01a0b929-c3b5-7682-b22c-a43271ac080f,30,17144491,17194482,ACCEPTED,,17194539,ok,50.048
bot-010,01a0b929-c5ba-702d-9aaa-7d4f5e4c273e,31,17661295,17694298,ACCEPTED,,17694349,ok,33.054
bot-010,01a0b929-c7b3-7614-83be-205edc610404,32,18166296,18194553,ACCEPTED,,18194576,ok,28.280
bot-010,01a0b929-c9aa-718d-84b7-53f8e548bae0,33,18668819,18694465,ACCEPTED,,18694501,ok,25.682
bot-010,01a0b929-cbac-76fc-9f1f-a276ef2e3b66,34,19182930,19194491,ACCEPTED,,19194550,ok,11.620
bot-010,01a0b929-cdab-77f2-a8db-7d5a59e29692,35,19694250,19744354,ACCEPTED,,19744398,ok,50.148
bot-010,01a0b929-cfa0-72cd-b43f-f50ddf481dab,36,20194692,20244778,ACCEPTED,,20244822,ok,50.130
bot-010,01a0b929-d19b-72e1-8331-09fc8a08f6ed,37,20701742,20744776,ACCEPTED,,20744806,ok,43.064
bot-010,01a0b929-d390-73a8-9d1e-7e16be1d9305,38,21202796,21244678,ACCEPTED,,21244714,ok,41.918
bot-010,01a0b929-d58b-77ca-ac5d-a25293d1ad4a,39,21710239,21744478,ACCEPTED,,21744540,ok,34.301
bot-010,01a0b929-d78e-75ec-a914-ffdb903907fa,40,22224608,22244422,ACCEPTED,,22244451,ok,19.843
bot-010,01a0b929-d986-777f-8939-0144f106194b,41,22728888,22744693,ACCEPTED,,22744737,ok,15.849
bot-010,01a0b929-db89-7463-8502-fd6b713f9d87,42,23243923,23244586,ACCEPTED,,23244609,ok,0.686
bot-010,01a0b929-dd81-7277-9886-389b303fb5f8,43,23747936,23794835,ACCEPTED,,23794880,ok,46.944
bot-010,01a0b929-df76-75f7-b235-ce88c1f07925,44,24249192,24294528,ACCEPTED,,24294555,ok,45.363
bot-010,01a0b929-e16d-7023-9ad8-92317bd52fc4,45,24751678,24794795,ACCEPTED,,24794851,ok,43.173
bot-010,01a0b929-e362-7687-9c97-622b93620705,46,25252942,25294337,ACCEPTED,,25294389,ok,41.447
bot-010,01a0b929-e557-7189-a8f7-62ff46fea7f4,47,25754509,25794304,ACCEPTED,,25794358,ok,39.849
bot-010,01a0b929-e74d-725b-b635-2201cf395dba,48,26255830,26294768,ACCEPTED,,26294797,ok,38.967
bot-010,01a0b929-e948-761d-b271-ab91b9f9cf28,49,26763480,26794741,ACCEPTED,,26794770,ok,31.290
bot-010,01a0b929-eb42-7522-916b-9cb2aeac3629,50,27269008,27294411,ACCEPTED,,27294461,ok,25.453
bot-010,01a0b929-ed39-7354-b030-c75d47a4ef6c,51,27772448,27794816,ACCEPTED,,27794852,ok,22.404
bot-010,01a0b929-ef30-70b1-a2ff-3d085e129b08,52,28274812,28294286,ACCEPTED,,28294305,ok,19.493
bot-010,01a0b929-f129-7629-b937-8eef395ae3fb,53,28779613,28794262,ACCEPTED,,28794280,ok,14.667
bot-010,01a0b929-f31f-7620-aa1b-8a0628a1010a,54,29281884,29294543,ACCEPTED,,29294581,ok,12.697
bot-010,01a0b929-f517-725c-907e-efb8dc3bf390,55,29785965,29794327,ACCEPTED,,29794351,ok,8.386
bot-010,01a0b929-f70d-7137-a377-d97cd5515178,56,30288303,30294560,ACCEPTED,,30294594,ok,6.291
bot-010,01a0b929-f905-7160-ac03-5162faeed996,57,30791831,30794826,ACCEPTED,,30794847,ok,3.016
bot-010,01a0b929-fafc-73ce-b38b-7ce508f4e7af,58,31294642,31344213,ACCEPTED,,31344265,ok,49.623
bot-010,01a0b929-fcfd-72c8-bedf-49d7b81a6cf2,59,31807938,31844725,ACCEPTED,,31844753,ok,36.815
bot-010,01a0b929-fef4-7051-8aa6-ccd2c6c8a820,60,32310910,32344813,ACCEPTED,,32344846,ok,33.936
bot-010,01a0b92a-00ef-73a5-8d88-47f7eb80fdd6,61,32818372,32844614,ACCEPTED,,32844672,ok,26.300
bot-010,01a0b92a-02f1-75d7-9060-ede6a9c752cd,62,33332070,33344726,ACCEPTED,,33344743,ok,12.673
bot-010,01a0b92a-04e8-7700-81c2-166ff774acc4,63,33835239,33844641,ACCEPTED,,33844693,ok,9.454
bot-010,01a0b92a-06df-73c4-b792-cf33be400881,64,34338432,34344621,ACCEPTED,,34344650,ok,6.218
bot-010,01a0b92a-08da-74fd-95f0-5f5747f56bea,65,34844779,34894527,ACCEPTED,,34894579,ok,49.800
bot-010,01a0b92a-0ad8-773a-882e-c655b0421db7,66,35355222,35394730,ACCEPTED,,35394777,ok,39.555
bot-010,01a0b92a-0cce-75b2-84ea-dba3aac8044f,67,35856678,35894696,ACCEPTED,,35894736,ok,38.058
bot-010,01a0b92a-0ec3-71fd-8b9c-6bb7397fb5be,68,36358492,36394608,ACCEPTED,,36394647,ok,36.155
bot-010,01a0b92a-10bc-7412-b0f9-37c4d8e60260,69,36863370,36894515,ACCEPTED,,36894544,ok,31.174
bot-010,01a0b92a-12c0-705b-9849-a6a8cf525679,70,37378626,37394608,ACCEPTED,,37394654,ok,16.028
bot-010,01a0b92a-14c3-7648-b52a-b6e07c8d77ed,71,37894169,37944481,ACCEPTED,,37944530,ok,50.361
bot-010,01a0b92a-16b7-76d7-8c2e-f220b32e8642,72,38394507,38444454,ACCEPTED,,38444500,ok,49.993
bot-010,01a0b92a-18b0-7714-b693-7a78da361cf1,73,38899339,38944532,ACCEPTED,,38944551,ok,45.212
bot-010,01a0b92a-1aa6-7687-812f-16d5e1f6f7c3,74,39400958,39444779,ACCEPTED,,39444814,ok,43.856
bot-010,01a0b92a-1ca1-767d-96e4-0725e486b445,75,39907860,39944758,ACCEPTED,,39944791,ok,36.931
bot-010,01a0b92a-1e96-7368-940f-bec9cbf6e438,76,40409451,40444706,ACCEPTED,,40444755,ok,35.304
bot-010,01a0b92a-2091-77da-8c54-e017130d4c92,77,40916432,40944622,ACCEPTED,,40944646,ok,28.214
bot-010,01a0b92a-228a-756d-bd2b-da6ba1f9c180,78,41421326,41444521,ACCEPTED,,41444577,ok,23.251
bot-010,01a0b92a-2483-7202-9e3d-42e5ece80b57,79,41926138,41944823,ACCEPTED,,41944846,ok,18.708
bot-010,01a0b92a-2678-7024-9afc-fc8326a97799,80,42427167,42444745,ACCEPTED,,42444779,ok,17.612
bot-010,01a0b92a-287b-74b5-8806-5e692da54a09,81,42941882,42944779,ACCEPTED,,42944798,ok,2.916
bot-010,01a0b92a-2a72-76c1-9fd4-8396a0d577ee,82,43444737,43494559,ACCEPTED,,43494589,ok,49.852
bot-010,01a0b92a-2c66-7157-a719-6b4127559e66,83,43945547,43994781,ACCEPTED,,43994838,ok,49.291
bot-010,01a0b92a-2e5d-759c-a1b5-de57b1b3582d,84,44447835,44494671,ACCEPTED,,44494719,ok,46.884
bot-010,01a0b92a-3052-71ee-8cb9-d5b8ab3866f8,85,44948758,44994625,ACCEPTED,,44994674,ok,45.916
bot-010,01a0b92a-3254-77be-b631-e756cb22ec4b,86,45463223,45494834,ACCEPTED,,45494855,ok,31.632
bot-010,01a0b92a-3449-7252-b7b5-0a4f4f66363a,87,45963783,45994857,ACCEPTED,,45994870,ok,31.087
bot-010,01a0b92a-364c-7024-88bd-f3f6a402fe83,88,46478735,46495158,ACCEPTED,,46495199,ok,16.464
bot-010,01a0b92a-3846-744a-96bb-2d8537dcd9cd,89,46985404,46994432,ACCEPTED,,46994444,ok,9.040
bot-010,01a0b92a-3a43-76f0-8b00-62ce2ee501a1,90,47494490,47544538,ACCEPTED,,47544557,ok,50.067
bot-010,01a0b92a-3c41-77d4-bb90-f8fd1e3d7fc3,91,48003943,48044640,ACCEPTED,,48044693,ok,40.750
bot-010,01a0b92a-3e42-7495-bc4a-5c319e259102,92,48516770,48544194,ACCEPTED,,48544217,ok,27.447
bot-010,01a0b92a-4039-76d0-b3e0-107262671600,93,49020153,49044538,ACCEPTED,,49044552,ok,24.399
bot-010,01a0b92a-422e-760f-a00d-f059bf6463d3,94,49520787,49544852,ACCEPTED,,49544911,ok,24.124
bot-010,01a0b92a-442a-71bf-a150-2261ccc8485f,95,50029373,50044674,ACCEPTED,,50044691,ok,15.318
bot-010,01a0b92a-4627-7220-bbfa-413a4049b7a0,96,50537659,50544442,ACCEPTED,,50544477,ok,6.818
bot-010,01a0b92a-481f-747c-8bf3-8b60bbcd9e07,97,51042423,51044555,ACCEPTED,,51044578,ok,2.155
bot-010,01a0b92a-4a16-77eb-ab37-8221a25547f4,98,51545523,51594592,ACCEPTED,,51594615,ok,49.092
bot-010,01a0b92a-4c0e-7063-bb2a-57ee0c740794,99,52049455,52094893,ACCEPTED,,52094919,ok,45.464
bot-010,01a0b92a-4e08-725b-a8b2-976c7a24bedc,100,52554889,52594555,ACCEPTED,,52594579,ok,39.690
bot-010,01a0b92a-4fff-716c-8d0f-fd2e34e213dd,101,53058152,53094407,ACCEPTED,,53094446,ok,36.294
bot-010,01a0b92a-51f6-75ed-ab62-b83cf30d3963,102,53561086,53594562,ACCEPTED,,53594584,ok,33.498
bot-010,01a0b92a-53ed-743a-9a83-f8cbcf81954c,103,54064458,54094785,ACCEPTED,,54094817,ok,30.359
bot-010,01a0b92a-55f0-7663-a76f-e001c400f6f1,104,54579447,54594744,ACCEPTED,,54594769,ok,15.322
bot-010,01a0b92a-57e7-712d-9a11-c664a8f1a160,105,55082104,55094723,ACCEPTED,,55094745,ok,12.641
bot-010,01a0b92a-59dd-724b-8d66-3df23442daf5,106,55584147,55594452,ACCEPTED,,55594489,ok,10.342
bot-010,01a0b92a-5bd5-75c5-b8ee-08d0bf41d93c,107,56087649,56094726,ACCEPTED,,56094740,ok,7.091
bot-010,01a0b92a-5dcb-7304-976b-4de844b46f0d,108,56590360,56594796,ACCEPTED,,56594823,ok,4.463
bot-010,01a0b92a-5fc1-739c-b708-3aa1cf53900a,109,57091778,57094705,ACCEPTED,,57094749,ok,2.971
bot-010,01a0b92a-61b7-705e-bbe2-2e30edc73048,110,57594248,57644678,ACCEPTED,,57644690,ok,50.442
bot-010,01a0b92a-63af-73ce-bd97-9a8edb2f8713,111,58097662,58144809,ACCEPTED,,58144844,ok,47.182
bot-010,01a0b92a-65a7-7237-94e1-83825bc632be,112,58601939,58644628,ACCEPTED,,58644644,ok,42.705
bot-010,01a0b92a-679d-7111-83b1-65ecffae8752,113,59104240,59144560,ACCEPTED,,59144585,ok,40.345
bot-010,01a0b92a-6995-74fa-85b0-adabaf579a13,114,59607685,59644655,ACCEPTED,,59644676,ok,36.991
bot-010,01a0b92a-6b8a-721a-bca7-a7c7461f29a1,115,60108854,60144654,ACCEPTED,,60144673,ok,35.819
bot-010,01a0b92a-6d83-7699-81b5-4953787a2317,116,60613787,60644858,ACCEPTED,,60644886,ok,31.099
bot-010,01a0b92a-6f7b-73a5-b4be-617f68683163,117,61117652,61144584,ACCEPTED,,61144615,ok,26.963
bot-010,01a0b92a-717f-73bb-b51a-5133d0e5869f,118,61633656,61644292,ACCEPTED,,61644317,ok,10.661
bot-011,01a0b929-88b9-705d-a882-93e19fa3cd21,0,2044320,2094525,ACCEPTED,,2094572,ok,50.252
bot-011,01a0b929-8ab0-71e5-9ed2-b64a99687a3e,1,2546661,2594511,ACCEPTED,,2594552,ok,47.891
bot-011,01a0b929-8cb3-754f-8be1-efd334a73242,2,3062015,3094585,ACCEPTED,,3094630,ok,32.615
bot-011,01a0b929-8eb6-712e-b978-a239b0446c00,3,3576892,3594447,ACCEPTED,,3594495,ok,17.603
bot-011,01a0b929-90ac-7419-942f-620cc7f39178,4,4078609,4094476,ACCEPTED,,4094536,ok,15.927
bot-011,01a0b929-92a1-74fa-bf23-5df43228c8f6,5,4580015,4594586,ACCEPTED,,4594629,ok,14.614
bot-011,01a0b929-9497-700a-a582-5115236cfd22,6,5082100,5094345,ACCEPTED,,5094389,ok,12.289
bot-011,01a0b929-968c-7725-a6f7-e4978f8ddb1f,7,5583236,5594546,ACCEPTED,,5594590,ok,11.354
bot-011,01a0b929-9885-7575-90f7-36d71dc79dd7,8,6088222,6094615,ACCEPTED,,6094655,ok,6.433
bot-011,01a0b929-9a7e-7324-8b98-5538971954fe,9,6592952,6594598,ACCEPTED,,6594616,ok,1.664
bot-011,01a0b929-9c74-7631-8aee-c37929580245,10,7094891,7144569,ACCEPTED,,7144621,ok,49.730
bot-011,01a0b929-9e69-7317-ad62-7ea817d0a831,11,7596294,7644668,ACCEPTED,,7644720,ok,48.426
bot-011,01a0b929-a062-71b6-84da-d8d54aa6ea12,12,8100629,8144431,ACCEPTED,,8144480,ok,43.851
bot-011,01a0b929-a259-77fe-9b2b-79457629b816,13,8603984,8644410,ACCEPTED,,8644457,ok,40.473
bot-011,01a0b929-a44f-77ad-a63d-77fd311c34be,14,9105616,9144395,ACCEPTED,,9144439,ok,38.823
bot-011,01a0b929-a645-7702-af74-6e53b99d264a,15,9607911,9644321,ACCEPTED,,9644366,ok,36.455
bot-011,01a0b929-a83c-7292-825c-25f7d3bcb704,16,10110726,10144352,ACCEPTED,,10144394,ok,33.668
bot-011,01a0b929-aa35-7249-bfd6-ca19e362b629,17,10615904,10644549,ACCEPTED,,10644596,ok,28.692
bot-011,01a0b929-ac2d-708a-8bf7-7c54830384dd,18,11120300,11144504,ACCEPTED,,11144547,ok,24.247
bot-011,01a0b929-ae27-75aa-a224-b336c5fc1975,19,11625693,11644332,ACCEPTED,,11644372,ok,18.679
bot-011,01a0b929-b021-75da-b7b4-c9ea6f62cf06,20,12131601,12144249,ACCEPTED,,12144292,ok,12.691
bot-011,01a0b929-b221-73ff-888a-da08f77ad494,21,12644401,12694944,ACCEPTED,,12695000,ok,50.599
bot-011,01a0b929-b424-76e7-a314-5dae82c79141,22,13159395,13194245,ACCEPTED,,13194284,ok,34.889
bot-011,01a0b929-b61b-74e0-9d59-e96110b7a74c,23,13661961,13695420,ACCEPTED,,13695478,ok,33.517
bot-011,01a0b929-b81d-7161-b946-9c7bf59f5254,24,14176413,14194364,ACCEPTED,,14194411,ok,17.998
bot-011,01a0b929-ba1f-773b-b9bc-507db65e73ce,25,14690340,14694240,ACCEPTED,,14694286,ok,3.946
bot-011,01a0b929-bc15-712c-82eb-1f281a3dedfa,26,15192395,15194623,ACCEPTED,,15194671,ok,2.276
bot-011,01a0b929-be0c-764e-baa6-24345d089c44,27,15694823,15744969,ACCEPTED,,15745129,ok,50.306
bot-011,01a0b929-c007-7261-b2fa-03cf25d489f3,28,16202385,16244255,ACCEPTED,,16244308,ok,41.923
bot-011,01a0b929-c20b-7629-bf0f-e451907506e9,29,16718304,16744450,ACCEPTED,,16744501,ok,26.197
bot-011,01a0b929-c402-743f-9b4d-a6d08961753a,30,17221213,17244514,ACCEPTED,,17244558,ok,23.345
bot-011,01a0b929-c605-72de-b535-3b317d99948f,31,17735778,17744468,ACCEPTED,,17744515,ok,8.737
bot-011,01a0b929-c7ff-7593-add7-49f92ed50028,32,18241660,18244621,ACCEPTED,,18244652,ok,2.992
bot-011,01a0b929-c9f5-70db-af39-ce4bdd4669cf,33,18743742,18744327,ACCEPTED,,18744383,ok,0.641
bot-011,01a0b929-cbea-7027-aadd-1456eb2f2d6d,34,19244577,19294691,ACCEPTED,,19294735,ok,50.158
bot-011,01a0b929-cdea-76ed-8ba7-700c802cfec0,35,19757511,19794510,ACCEPTED,,19794563,ok,37.052
bot-011,01a0b929-cfe1-7496-9934-bef6b4a11019,36,20259840,20294337,ACCEPTED,,20294383,ok,34.543
bot-011,01a0b929-d1da-7315-9ad9-24a8635b52da,37,20765119,20794346,ACCEPTED,,20794403,ok,29.284
bot-011,01a0b929-d3dc-72de-930d-b8c38b92ad33,38,21279474,21294449,ACCEPTED,,21294505,ok,15.031
bot-011,01a0b929-d5d8-7734-a7dd-456783ff74db,39,21787091,21794290,ACCEPTED,,21794331,ok,7.240
bot-011,01a0b929-d7db-707d-8caf-4d88e69e78a8,40,22301655,22344573,ACCEPTED,,22344620,ok,42.965
bot-011,01a0b929-d9d3-7123-a01b-5aae862c492c,41,22805641,22844709,ACCEPTED,,22844762,ok,39.121
bot-011,01a0b929-dbd5-765e-bb9d-381f79760f20,42,23320081,23344375,ACCEPTED,,23344418,ok,24.337
bot-011,01a0b929-ddcc-7343-9092-b80979f192b9,43,23823173,23844730,ACCEPTED,,23844782,ok,21.609
bot-011,01a0b929-dfc2-7049-ad74-f47e2ffb82f4,44,24324899,24344315,ACCEPTED,,24344363,ok,19.464
bot-011,01a0b929-e1ba-732d-b10d-1e338fa726cd,45,24828838,24844447,ACCEPTED,,24844494,ok,15.656
bot-011,01a0b929-e3bc-7418-873d-3551166d97e7,46,25343398,25344609,ACCEPTED,,25344626,ok,1.228
bot-011,01a0b929-e5b4-75c8-b20b-db5265367df6,47,25847147,25894615,ACCEPTED,,25894660,ok,47.513
bot-011,01a0b929-e7aa-76e0-aeba-2ba22446f20d,48,26349288,26394433,ACCEPTED,,26394480,ok,45.192
bot-011,01a0b929-e9a5-741a-bff5-8fed40ce345c,49,26856193,26894699,ACCEPTED,,26894755,ok,38.562
bot-011,01a0b929-eb9f-7130-ba51-5b9064fc4ef0,50,27361564,27394234,ACCEPTED,,27394273,ok,32.709
bot-011,01a0b929-ed95-7198-aecb-6ff84a5b4a3f,51,27864505,27894401,ACCEPTED,,27894441,ok,29.936
bot-011,01a0b929-ef8c-7438-a834-a5ff89e863c8,52,28367175,28394203,ACCEPTED,,28394244,ok,27.069
bot-011,01a0b929-f184-71b6-a887-026fa0763df9,53,28871074,28894493,ACCEPTED,,28894543,ok,23.469
bot-011,01a0b929-f37b-76fe-bc12-3752d5674dc6,54,29373886,29394404,ACCEPTED,,29394451,ok,20.565
bot-011,01a0b929-f574-7748-9d9b-2469d8f3cf80,55,29879320,29894737,ACCEPTED,,29894793,ok,15.473
bot-011,01a0b929-f777-7509-b7b3-7542c4272baf,56,30394399,30444506,ACCEPTED,,30444555,ok,50.156
bot-011,01a0b929-f96f-71f7-8783-05e234bbd39b,57,30897974,30944677,ACCEPTED,,30944720,ok,46.746
bot-011,01a0b929-fb72-711d-ad4d-da7e724affc3,58,31413449,31444449,ACCEPTED,,31444495,ok,31.046
bot-011,01a0b929-fd68-7602-a1ed-383d6044ddfa,59,31915230,31944711,ACCEPTED,,31944756,ok,29.526
bot-011,01a0b929-ff62-7518-bc28-69897db1bbd0,60,32420673,32444287,ACCEPTED,,32444342,ok,23.669
bot-011,01a0b92a-0159-7066-baf9-d72c38d69c16,61,32924420,32944748,ACCEPTED,,32944800,ok,20.380
bot-011,01a0b92a-035b-777b-9907-e11e4d937780,62,33437979,33444203,ACCEPTED,,33444232,ok,6.253
bot-011,01a0b92a-0553-72be-bb67-e57a55a21ca8,63,33942334,33944377,ACCEPTED,,33944424,ok,2.090
bot-011,01a0b92a-0749-729a-a8c5-920562a96659,64,34444350,34494639,ACCEPTED,,34494697,ok,50.347
bot-011,01a0b92a-093f-76f7-84cf-779f9e1fb4b0,65,34946103,34994485,ACCEPTED,,34994537,ok,48.434
bot-011,01a0b92a-0b42-706d-bc96-76a81a9dac46,66,35460937,35494534,ACCEPTED,,35494575,ok,33.638
bot-011,01a0b92a-0d39-7692-8333-492171335d0a,67,35963649,35994708,ACCEPTED,,35994768,ok,31.119
bot-011,01a0b92a-0f2e-76d9-af65-2d3b38b7dacd,68,36465465,36494336,ACCEPTED,,36494380,ok,28.915
bot-011,01a0b92a-1128-707e-ad54-41fd07d79a73,69,36971074,36994251,ACCEPTED,,36994299,ok,23.225
bot-011,01a0b92a-132b-76ae-a76c-137e8e605921,70,37486179,37494172,ACCEPTED,,37494211,ok,8.032
bot-011,01a0b92a-152f-739c-b6eb-265689dcdc9e,71,38002011,38044605,ACCEPTED,,38044654,ok,42.643
bot-011,01a0b92a-1731-73cd-af95-1ddf2f049231,72,38516054,38544371,ACCEPTED,,38544412,ok,28.358
bot-011,01a0b92a-1929-771c-9979-49499f52d0cd,73,39019868,39044283,ACCEPTED,,39044322,ok,24.454
bot-011,01a0b92a-1b21-729a-838e-f934024d583a,74,39524242,39544206,ACCEPTED,,39544258,ok,20.016
bot-011,01a0b92a-1d1a-73d4-91ce-a555e171d7b3,75,40028762,40044454,ACCEPTED,,40044506,ok,15.744
bot-011,01a0b92a-1f11-77e3-856a-44c8fc68d273,76,40531959,40544789,ACCEPTED,,40544834,ok,12.875
bot-011,01a0b92a-210d-7335-bdb2-498f91d34100,77,41039714,41044140,ACCEPTED,,41044184,ok,4.470
bot-011,01a0b92a-2304-7655-9fce-aa7e47bf9717,78,41543266,41544291,ACCEPTED,,41544333,ok,1.067
bot-011,01a0b92a-24fb-7085-b695-4ec2de0a20bc,79,42046377,42094438,ACCEPTED,,42094486,ok,48.109
bot-011,01a0b92a-26f1-70e7-9f17-e7477874b208,80,42547583,42594696,ACCEPTED,,42594750,ok,47.167
bot-011,01a0b92a-28f2-74dc-bdc2-426efa97fbce,81,43061130,43094466,ACCEPTED,,43094512,ok,33.382
bot-011,01a0b92a-2af6-7356-8555-1c4816877352,82,43576596,43594201,ACCEPTED,,43594244,ok,17.648
bot-011,01a0b92a-2cf1-76ab-9127-fe1463dea6bd,83,44083987,44094292,ACCEPTED,,44094341,ok,10.354
bot-011,01a0b92a-2ef4-757d-81b8-97956820aa23,84,44598728,44644511,ACCEPTED,,44644557,ok,45.829
bot-011,01a0b92a-30f7-74b2-a242-de559559fd0f,85,45113825,45144378,ACCEPTED,,45144437,ok,30.612
bot-011,01a0b92a-32fb-76db-a42a-db7eb625f1cc,86,45629780,45644712,ACCEPTED,,45644725,ok,14.945
bot-011,01a0b92a-34f1-7762-9e5b-8e47ee456695,87,46131751,46144721,ACCEPTED,,46144762,ok,13.011
bot-011,01a0b92a-36f4-758f-8ac7-2dcbae312c1d,88,46646771,46694921,ACCEPTED,,46695409,ok,48.638
bot-011,01a0b92a-38ec-7504-a818-4685c3982965,89,47150841,47194381,ACCEPTED,,47194426,ok,43.585
bot-011,01a0b92a-3aef-76f2-ac53-021e7cf44d18,90,47666293,47694343,ACCEPTED,,47694391,ok,28.098
bot-011,01a0b92a-3ce9-7167-b8ee-538525fff5b6,91,48172065,48194294,ACCEPTED,,48194343,ok,22.278
bot-011,01a0b92a-3eeb-75f8-9eac-916c5620c0de,92,48685916,48694632,ACCEPTED,,48694690,ok,8.774
bot-011,01a0b92a-40ee-76f2-a241-d4663fb7ce15,93,49201143,49244381,ACCEPTED,,49244441,ok,43.298
bot-011,01a0b92a-42ea-7365-8cdb-296796ab189c,94,49709057,49744468,ACCEPTED,,49744526,ok,35.469
bot-011,01a0b92a-44df-72c6-b42b-b63449cfaf41,95,50210418,50244595,ACCEPTED,,50244643,ok,34.225
bot-011,01a0b92a-46e0-70af-aae7-276fdae6b740,96,50723257,50744172,ACCEPTED,,50744230,ok,20.973
bot-011,01a0b92a-48d8-76fe-9988-8bd9370f7003,97,51226809,51244657,ACCEPTED,,51244698,ok,17.889
bot-011,01a0b92a-4adb-747c-b497-abdaeef14aae,98,51741654,51744201,ACCEPTED,,51744231,ok,2.577
bot-011,01a0b92a-4cd5-7008-abfb-a1b638538320,99,52247605,52294625,ACCEPTED,,52294667,ok,47.062
bot-011,01a0b92a-4ecf-7593-bd08-2e35139f57b7,100,52754162,52794244,ACCEPTED,,52794284,ok,40.122
bot-011,01a0b92a-50c4-759b-8241-d3a72d41ac1f,101,53254827,53294224,ACCEPTED,,53294264,ok,39.437
bot-011,01a0b92a-52be-7428-b4a4-d24f41aa5e25,102,53761223,53794339,ACCEPTED,,53794382,ok,33.159
bot-011,01a0b92a-54b3-773a-980a-a990fc59e4da,103,54261881,54294557,ACCEPTED,,54294599,ok,32.718
bot-011,01a0b92a-56b6-71f9-aff1-62f1ff66fe18,104,54776585,54794563,ACCEPTED,,54794597,ok,18.012
bot-011,01a0b92a-58af-723c-b661-9a234a36fb45,105,55282026,55294331,ACCEPTED,,55294349,ok,12.323
bot-011,01a0b92a-5ab0-7530-a5d9-21f8a975cc95,106,55795552,55844520,ACCEPTED,,55844560,ok,49.008
bot-011,01a0b92a-5ca8-7678-a937-7ccf8ce88a56,107,56299238,56344475,ACCEPTED,,56344514,ok,45.276
bot-011,01a0b92a-5ea1-7762-9439-bf3c024b3eb5,108,56803615,56844405,ACCEPTED,,56844449,ok,40.834
bot-011,01a0b92a-60a3-73e1-b2e2-5bb3aad87b57,109,57318521,57344695,ACCEPTED,,57344739,ok,26.218
bot-011,01a0b92a-629d-75b5-b158-eb7a1e01114c,110,57823993,57844529,ACCEPTED,,57844565,ok,20.572
bot-011,01a0b92a-6494-7340-93ca-1af662ad4af1,111,58327098,58344309,ACCEPTED,,58344353,ok,17.255
bot-011,01a0b92a-668b-7798-9e0d-185f3de6e4e0,112,58830171,58844981,ACCEPTED,,58845040,ok,14.869
bot-011,01a0b92a-6882-7244-9f0d-73988b925f50,113,59333510,59344395,ACCEPTED,,59344451,ok,10.941
bot-011,01a0b92a-6a86-7595-906b-f8f92fbba68a,114,59848964,59894696,ACCEPTED,,59894742,ok,45.778
bot-011,01a0b92a-6c7f-76b3-99e5-4154d3b3ada7,115,60354349,60394448,ACCEPTED,,60394517,ok,40.168
bot-011,01a0b92a-6e78-715a-b63b-52f5d7985ab6,116,60859273,60894369,ACCEPTED,,60894411,ok,35.138
bot-011,01a0b92a-707c-767a-b4ad-b5c23e7e0c54,117,61374854,61394641,ACCEPTED,,61394685,ok,19.831
bot-011,01a0b92a-7277-75bc-ac4d-6da7d0a1300e,118,61882237,61894287,ACCEPTED,,61894329,ok,12.092
bot-012,01a0b929-8935-70a7-b576-857d7a8fdb0d,0,2167667,2194387,ACCEPTED,,2194426,ok,26.759
bot-012,01a0b929-8b2a-74c1-a880-1ce1930fb47b,1,2668772,2694359,ACCEPTED,,2694385,ok,25.613
bot-012,01a0b929-8d2c-7271-bfa5-cc6e17dd6f53,2,3182726,3194606,ACCEPTED,,3194640,ok,11.914
bot-012,01a0b929-8f22-76c1-8ef5-0854ba1dac92,3,3684579,3694711,ACCEPTED,,3694729,ok,10.150
bot-012,01a0b929-911f-76f0-a645-bd06f24f7141,4,4194473,4244388,ACCEPTED,,4244431,ok,49.958
bot-012,01a0b929-931b-7575-832f-cf1c61bf721b,5,4702070,4744697,ACCEPTED,,4744742,ok,42.672
bot-012,01a0b929-951d-7049-be49-22003e28b46b,6,5216198,5244405,ACCEPTED,,5244429,ok,28.231
bot-012,01a0b929-9716-7549-a004-c97ec5e009e7,7,5721052,5744454,ACCEPTED,,5744509,ok,23.457
bot-012,01a0b929-990d-7506-a494-269f2c712d1d,8,6224438,6244508,ACCEPTED,,6244541,ok,20.103
bot-012,01a0b929-9b06-7438-8213-a8a44086f662,9,6728815,6744376,ACCEPTED,,6744406,ok,15.591
bot-012,01a0b929-9cfc-76e0-9ee4-ec7c6a729f56,10,7230712,7244707,ACCEPTED,,7244762,ok,14.050
bot-012,01a0b929-9ef2-716e-ba75-8cd86b402572,11,7733398,7744439,ACCEPTED,,7744468,ok,11.070
bot-012,01a0b929-a0ec-7265-87a3-f2a52f445192,12,8238915,8244294,ACCEPTED,,8244317,ok,5.402
bot-012,01a0b929-a2e1-7751-be72-9f98fdbd7db0,13,8739964,8744250,ACCEPTED,,8744277,ok,4.313
bot-012,01a0b929-a4d6-708b-bc67-87273325d6a9,14,9241015,9244414,ACCEPTED,,9244444,ok,3.429
bot-012,01a0b929-a6cd-77ad-9107-2411c8973347,15,9744377,9794803,ACCEPTED,,9794849,ok,50.472
bot-012,01a0b929-a8c6-7684-a1ac-8ba3be91bfed,16,10248938,10294794,ACCEPTED,,10294851,ok,45.913
bot-012,01a0b929-aabe-7414-ad30-b6a39c6c99dc,17,10753243,10794443,ACCEPTED,,10794500,ok,41.257
bot-012,01a0b929-acb7-74d1-b2cc-633e5a31da87,18,11258409,11294460,ACCEPTED,,11294517,ok,36.108
bot-012,01a0b929-aeb1-7179-9f11-85845be544ff,19,11764302,11794305,ACCEPTED,,11794353,ok,30.051
bot-012,01a0b929-b0aa-759f-acee-e74082f719fa,20,12268830,12294622,ACCEPTED,,12294676,ok,25.846
bot-012,01a0b929-b2ad-7782-b611-21dae955a01f,21,12784354,12794791,ACCEPTED,,12795039,ok,10.685
bot-012,01a0b929-b4ac-7226-86a5-8c9b286a7377,22,13294776,13344446,ACCEPTED,,13344474,ok,49.698
bot-012,01a0b929-b6a2-7464-982c-7f802ede9bae,23,13797467,13844386,ACCEPTED,,13844442,ok,46.975
bot-012,01a0b929-b8a4-76ac-b0a0-12da6fc1d88c,24,14311046,14344316,ACCEPTED,,14344378,ok,33.332
bot-012,01a0b929-ba99-773a-8dc9-14451fdd9962,25,14812045,14844529,ACCEPTED,,14844582,ok,32.537
bot-012,01a0b929-bc8f-7690-850a-f397ac34beff,26,15314472,15344533,ACCEPTED,,15344551,ok,30.079
bot-012,01a0b929-be8a-7260-be9d-59f9f5920f89,27,15820841,15844617,ACCEPTED,,15844675,ok,23.834
bot-012,01a0b929-c082-76d5-97fd-00dc4d8770b0,28,16324791,16344290,ACCEPTED,,16344336,ok,19.545
bot-012,01a0b929-c285-77ce-b466-51f7e43d370c,29,16840298,16844423,ACCEPTED,,16844440,ok,4.142
bot-012,01a0b929-c47d-77a0-906f-7b6def63f2f8,30,17343902,17344577,ACCEPTED,,17344608,ok,0.706
bot-012,01a0b929-c672-7693-b2a6-513843bbe813,31,17844788,17894694,ACCEPTED,,17894755,ok,49.967
bot-012,01a0b929-c86a-7062-af1d-7ee2c080ffdc,32,18348750,18394702,ACCEPTED,,18394738,ok,45.988
bot-012,01a0b929-ca5f-73e8-b6d3-3505f19dcaf4,33,18850191,18894481,ACCEPTED,,18894517,ok,44.326
bot-012,01a0b929-cc54-705a-909d-56f039b11768,34,19350728,19394437,ACCEPTED,,19394483,ok,43.755
bot-012,01a0b929-ce54-71f5-9c14-d8ae031dbf7e,35,19863263,19894809,ACCEPTED,,19894832,ok,31.569
bot-012,01a0b929-d04c-7065-8d6f-a783b8398015,36,20366672,20394356,ACCEPTED,,20394396,ok,27.724
bot-012,01a0b929-d246-753b-91bd-e7ccb65ebed4,37,20872962,20894480,ACCEPTED,,20894515,ok,21.553
bot-012,01a0b929-d446-70d8-8d53-07c1c5ee4951,38,21385366,21394694,ACCEPTED,,21394711,ok,9.345
bot-012,01a0b929-d642-706f-9a6d-bdccc42cac52,39,21893175,21894750,ACCEPTED,,21894778,ok,1.603
bot-012,01a0b929-d837-7345-a5f8-989eba6eac24,40,22394245,22444493,ACCEPTED,,22444508,ok,50.263
bot-012,01a0b929-da2e-7256-970a-47a771a07f5c,41,22897370,22944496,ACCEPTED,,22944523,ok,47.153
bot-012,01a0b929-dc30-7313-9f50-870c3170fc61,42,23411115,23444479,ACCEPTED,,23444508,ok,33.393
bot-012,01a0b929-de28-763a-9ca4-eb2efd4b01b0,43,23915072,23944676,ACCEPTED,,23944691,ok,29.619
bot-012,01a0b929-e01e-703f-a611-d98872fd4895,44,24416759,24444684,ACCEPTED,,24444713,ok,27.954
bot-012,01a0b929-e216-76b4-8319-fb5773d272e6,45,24921328,24944347,ACCEPTED,,24944382,ok,23.054
bot-012,01a0b929-e417-708e-bb52-f3d8380cd88f,46,25433984,25444641,ACCEPTED,,25444656,ok,10.672
bot-012,01a0b929-e60f-71ff-b09b-96f6cb0cf879,47,25937878,25944714,ACCEPTED,,25944736,ok,6.858
bot-012,01a0b929-e807-77ca-a159-2260d9d279ee,48,26442477,26444511,ACCEPTED,,26444532,ok,2.055
bot-012,01a0b929-ea01-75b6-974b-1cd51dd79bdc,49,26948519,26994776,ACCEPTED,,26994809,ok,46.290
bot-012,01a0b929-ebfa-7117-8310-aa90a59fb323,50,27452961,27494385,ACCEPTED,,27494416,ok,41.455
bot-012,01a0b929-edf0-728d-9b62-1f1adc1736b6,51,27955433,27994520,ACCEPTED,,27994541,ok,39.108
bot-012,01a0b929-efe8-772f-83ae-f4c45959dde4,52,28458617,28494528,ACCEPTED,,28494561,ok,35.944
bot-012,01a0b929-f1e0-7107-9485-cffb4006b558,53,28963215,28994654,ACCEPTED,,28994704,ok,31.489
bot-012,01a0b929-f3d7-70c1-bf47-513ab40614d4,54,29466263,29494846,ACCEPTED,,29494871,ok,28.608
bot-012,01a0b929-f5d1-7799-b3b9-14daf6591d3a,55,29971717,29994585,ACCEPTED,,29994644,ok,22.927
bot-012,01a0b929-f7d4-770a-8d6f-928f145b74d8,56,30486673,30494403,ACCEPTED,,30494456,ok,7.783
bot-012,01a0b929-f9c9-737d-af3d-47813999b8d9,57,30988335,30994531,ACCEPTED,,30994587,ok,6.252
bot-012,01a0b929-fbce-7268-9113-39e42a2c9d8b,58,31505224,31544409,ACCEPTED,,31544442,ok,39.218
bot-012,01a0b929-fdc3-7358-a47d-997db06d2b7e,59,32006435,32044576,ACCEPTED,,32044606,ok,38.171
bot-012,01a0b929-ffbf-7658-b2fc-8072df23ae73,60,32514066,32544567,ACCEPTED,,32544587,ok,30.521
bot-012,01a0b92a-01c2-7618-87ed-81cbf6401296,61,33029174,33044931,ACCEPTED,,33044957,ok,15.783
bot-012,01a0b92a-03c6-7359-a897-7a684c535d1f,62,33544603,33594504,ACCEPTED,,33594539,ok,49.936
bot-012,01a0b92a-05bc-76cf-8218-71d88cf1c203,63,34047121,34094610,ACCEPTED,,34094634,ok,47.513
bot-012,01a0b92a-07b5-7491-9f7a-a3347cedf81e,64,34551882,34594300,ACCEPTED,,34594351,ok,42.469
bot-012,01a0b92a-09aa-7059-bfc5-157fa4421330,65,35053391,35094592,ACCEPTED,,35094628,ok,41.237
bot-012,01a0b92a-0bac-7600-a011-fcf329869827,66,35567254,35594851,ACCEPTED,,35594870,ok,27.616
bot-012,01a0b92a-0da3-70ef-87c7-3fed28f1b6be,67,36070505,36094711,ACCEPTED,,36094727,ok,24.222
bot-012,01a0b92a-0f9a-7200-8a90-82d5cb16326b,68,36572997,36594823,ACCEPTED,,36594846,ok,21.849
bot-012,01a0b92a-1191-74b4-8f2b-0e0e7d2bf073,69,37076296,37094738,ACCEPTED,,37094790,ok,18.494
bot-012,01a0b92a-1395-72b1-8bff-df6b95407acc,70,37591687,37594417,ACCEPTED,,37594437,ok,2.750
bot-012,01a0b92a-1598-7128-afaa-f8174f254427,71,38107446,38144772,ACCEPTED,,38144809,ok,37.363
bot-012,01a0b92a-179d-7650-ba06-737bda3f0b13,72,38623696,38644645,ACCEPTED,,38644657,ok,20.961
bot-012,01a0b92a-1993-77a5-be9c-2766756bddcb,73,39126337,39144327,ACCEPTED,,39144381,ok,18.044
bot-012,01a0b92a-1b8e-7224-91fa-ab7fc636c846,74,39632775,39644753,ACCEPTED,,39644772,ok,11.997
bot-012,01a0b92a-1d85-72cb-b9bc-41efa114d70b,75,40135755,40144708,ACCEPTED,,40144736,ok,8.981
bot-012,01a0b92a-1f7b-7634-9d99-4041511fe24f,76,40638540,40644704,ACCEPTED,,40644733,ok,6.193
bot-012,01a0b92a-2176-7027-ae55-762ed1f5e1e8,77,41144664,41194572,ACCEPTED,,41194606,ok,49.942
bot-012,01a0b92a-236f-7260-819d-29f570a79836,78,41650116,41694313,ACCEPTED,,41694363,ok,44.247
bot-012,01a0b92a-2565-7617-86d1-fa2f986ef92b,79,42152018,42194747,ACCEPTED,,42194764,ok,42.746
bot-012,01a0b92a-275b-7617-a3a2-ef01874fa099,80,42654251,42694350,ACCEPTED,,42694384,ok,40.133
bot-012,01a0b92a-295c-7069-8bb5-41ca7f44c78f,81,43166614,43194909,ACCEPTED,,43194933,ok,28.319
bot-012,01a0b92a-2b52-70aa-bd58-dd6216a4fb5f,82,43668675,43694283,ACCEPTED,,43694331,ok,25.656
bot-012,01a0b92a-2d4c-7359-83a3-17ebb485d5da,83,44175555,44194487,ACCEPTED,,44194533,ok,18.978
bot-012,01a0b92a-2f4f-75b0-9bef-a424185da4e1,84,44690050,44694699,ACCEPTED,,44694725,ok,4.675
bot-012,01a0b92a-3153-7687-aaf4-4f49aebb7cf5,85,45205634,45244883,ACCEPTED,,45244908,ok,39.274
bot-012,01a0b92a-3356-7741-9b1c-7c6c5c456eef,86,45721034,45744821,ACCEPTED,,45744847,ok,23.813
bot-012,01a0b92a-354d-7373-aef6-ee436d720889,87,46223603,46244487,ACCEPTED,,46244507,ok,20.904
bot-012,01a0b92a-3750-7149-b78f-53b3af4ed729,88,46739047,46744506,ACCEPTED,,46744557,ok,5.510
bot-012,01a0b92a-3945-750a-b14a-b312ae515f47,89,47240539,47244303,ACCEPTED,,47244350,ok,3.811
bot-012,01a0b92a-3b3c-7079-8e9f-a3f37074ae9e,90,47743180,47744338,ACCEPTED,,47744356,ok,1.176
bot-012,01a0b92a-3d36-700f-90fa-e6ab435a5997,91,48248715,48294761,ACCEPTED,,48294786,ok,46.071
bot-012,01a0b92a-3f37-728e-89db-643983af270a,92,48762511,48794550,ACCEPTED,,48794569,ok,32.058
bot-012,01a0b92a-413a-73ed-9846-635b7371074f,93,49277522,49294429,ACCEPTED,,49294447,ok,16.925
bot-012,01a0b92a-4337-7442-8570-1a0ae16e0764,94,49786035,49794389,ACCEPTED,,49794425,ok,8.390
bot-012,01a0b92a-452d-76c7-8ccc-a8678401c7f2,95,50288003,50294335,ACCEPTED,,50294391,ok,6.388
bot-012,01a0b92a-472d-70e1-9248-d266497786cb,96,50799944,50844995,ACCEPTED,,50845034,ok,45.090
bot-012,01a0b92a-4924-70ff-9a42-08ed96ed6c24,97,51302670,51344466,ACCEPTED,,51344516,ok,41.846
bot-012,01a0b92a-4b27-714b-84e0-e19dc02f7fec,98,51817560,51844533,ACCEPTED,,51844556,ok,26.996
bot-012,01a0b92a-4d23-7074-9c83-6d39067f0240,99,52325623,52344689,ACCEPTED,,52344722,ok,19.099
bot-012,01a0b92a-4f1d-7306-984b-d0d159dd44b2,100,52832148,52844669,ACCEPTED,,52844702,ok,12.554
bot-012,01a0b92a-5120-7673-bca7-ab73335763f6,101,53347169,53395321,ACCEPTED,,53395341,ok,48.172
bot-012,01a0b92a-5319-7239-8e87-93cb71b23417,102,53852259,53894670,ACCEPTED,,53894711,ok,42.452
bot-012,01a0b92a-551c-760a-87f8-7d65ce538671,103,54367142,54394310,ACCEPTED,,54394347,ok,27.205
bot-012,01a0b92a-5711-76c6-acaf-6d04fe1c4d8d,104,54867934,54894532,ACCEPTED,,54894565,ok,26.631
bot-012,01a0b92a-590b-725c-9151-627bb2aa5a1c,105,55373731,55394648,ACCEPTED,,55394664,ok,20.933
bot-012,01a0b92a-5b0d-7190-ad59-a6a98799c886,106,55888202,55894293,ACCEPTED,,55894324,ok,6.122
bot-012,01a0b92a-5d03-756d-ae3f-7dd1038e53e8,107,56389601,56394444,ACCEPTED,,56394474,ok,4.873
bot-012,01a0b92a-5efb-7671-b0ab-1e217cb7ef0b,108,56894467,56944772,ACCEPTED,,56944789,ok,50.322
bot-012,01a0b92a-6100-724c-add2-efe35860fedc,109,57410709,57444433,ACCEPTED,,57444443,ok,33.734
bot-012,01a0b92a-62fa-7277-bbdb-0c62a63e4840,110,57916590,57944770,ACCEPTED,,57944792,ok,28.202
bot-012,01a0b92a-64ff-756c-8f3e-708e1e80e6f8,111,58433982,58444606,ACCEPTED,,58444633,ok,10.651
bot-012,01a0b92a-66f6-749b-960c-b0f63000094c,112,58937255,58944597,ACCEPTED,,58944627,ok,7.372
bot-012,01a0b92a-68ec-7417-8302-c5f8e2a05205,113,59439493,59444297,ACCEPTED,,59444318,ok,4.825
bot-012,01a0b92a-6af0-77c6-a7b5-109b1e9568b9,114,59955539,59994630,ACCEPTED,,59994680,ok,39.141
bot-012,01a0b92a-6ce9-70a7-a063-1f4316295794,115,60460543,60494358,ACCEPTED,,60494390,ok,33.847
bot-012,01a0b92a-6ee3-7706-a38d-3f3848d2990f,116,60965625,60994665,ACCEPTED,,60994690,ok,29.065
bot-012,01a0b92a-70d8-72d0-a466-4d39b3803393,117,61466811,61494767,ACCEPTED,,61494812,ok,28.001
bot-012,01a0b92a-72d3-72bf-b3f0-c4f838c06d04,118,61974187,61994335,ACCEPTED,,61994379,ok,20.192
bot-013,01a0b929-8a36-7663-82ff-3be2dc33490c,0,2424772,2444610,ACCEPTED,,2444657,ok,19.885
bot-013,01a0b929-8c38-7655-9de1-5bb402d5d751,1,2939244,2944494,ACCEPTED,,2944549,ok,5.305
bot-013,01a0b929-8e31-7650-8993-450cb6a60d82,2,3444314,3494301,ACCEPTED,,3494352,ok,50.038
bot-013,01a0b929-9025-708a-80e9-5fb402b0b206,3,3944420,3994538,ACCEPTED,,3994552,ok,50.132
bot-013,01a0b929-9226-72f0-91e4-9240bbc2d27d,4,4456817,4494539,ACCEPTED,,4494588,ok,37.771
bot-013,01a0b929-941f-713b-a4d0-c4e0fd12801a,5,4962177,4994344,ACCEPTED,,4994393,ok,32.216
bot-013,01a0b929-9621-757c-a279-848161502a23,6,5476149,5494529,ACCEPTED,,5494554,ok,18.405
bot-013,01a0b929-981b-7183-a70b-abe9c86ce21f,7,5981606,5994821,ACCEPTED,,5994844,ok,13.238
bot-013,01a0b929-9a11-7559-9e4c-55c5ceea6b27,8,6484151,6494509,ACCEPTED,,6494524,ok,10.373
bot-013,01a0b929-9c09-77d9-9a8b-bcbde813daaa,9,6988205,6994551,ACCEPTED,,6994583,ok,6.378
bot-013,01a0b929-9dff-7554-a905-77d1038cc012,10,7490482,7494625,ACCEPTED,,7494668,ok,4.186
bot-013,01a0b929-9ff7-72a9-9820-47e33703deb7,11,7994118,7994735,ACCEPTED,,7994763,ok,0.645
bot-013,01a0b929-a1ec-72d5-b46e-794574722e97,12,8494565,8544222,ACCEPTED,,8544258,ok,49.693
bot-013,01a0b929-a3e4-7491-bfe3-60f88540b08d,13,8999234,9044566,ACCEPTED,,9044598,ok,45.364
bot-013,01a0b929-a5da-73ee-be14-42207b80ccc6,14,9501325,9544631,ACCEPTED,,9544657,ok,43.332
bot-013,01a0b929-a7d2-77eb-bfc8-e69ccc69cd4f,15,10004582,10044472,ACCEPTED,,10044527,ok,39.945
bot-013,01a0b929-a9ca-706b-bc46-fa6f9c94957e,16,10508838,10544264,ACCEPTED,,10544312,ok,35.474
bot-013,01a0b929-abbf-75ce-ab91-1c3c61de6fb4,17,11009728,11044518,ACCEPTED,,11044579,ok,34.851
bot-013,01a0b929-adbb-70d4-9fed-376c8f99d2da,18,11518357,11544356,ACCEPTED,,11544380,ok,26.023
bot-013,01a0b929-afb6-76d3-86d8-a03d72e27f7b,19,12025199,12044955,ACCEPTED,,12044975,ok,19.776
bot-013,01a0b929-b1ab-70af-b032-a2faba393721,20,12525855,12544782,ACCEPTED,,12544816,ok,18.961
bot-013,01a0b929-b3ab-77f1-941a-25140b7b3eca,21,13037673,13045055,ACCEPTED,,13045089,ok,7.416
bot-013,01a0b929-b5a1-711f-a37f-e369f0c72fe1,22,13540277,13544523,ACCEPTED,,13544544,ok,4.267
bot-013,01a0b929-b799-7654-8c40-4078f8d8daaf,23,14044349,14094817,ACCEPTED,,14094872,ok,50.523
bot-013,01a0b929-b998-7340-b4df-6d6f6732eed5,24,14555118,14594679,ACCEPTED,,14594730,ok,39.612
bot-013,01a0b929-bb8e-701a-b73b-46a9428b1509,25,15057394,15094494,ACCEPTED,,15094533,ok,37.139
bot-013,01a0b929-bd85-71a8-b7c4-46e842a4eb78,26,15559780,15594486,ACCEPTED,,15594503,ok,34.723
bot-013,01a0b929-bf80-73c6-acd0-f821d996cb3a,27,16067208,16094814,ACCEPTED,,16094844,ok,27.636
bot-013,01a0b929-c184-765f-bb16-c135534312a2,28,16583280,16594562,ACCEPTED,,16594617,ok,11.337
bot-013,01a0b929-c37a-77fc-9e5f-60f93d986d13,29,17085031,17094376,ACCEPTED,,17094428,ok,9.397
bot-013,01a0b929-c578-7718-8a5c-e64dad24cbed,30,17594684,17644553,ACCEPTED,,17644609,ok,49.925
bot-013,01a0b929-c776-76b1-be4a-a33affaea924,31,18104828,18144519,ACCEPTED,,18144567,ok,39.739
bot-013,01a0b929-c96c-7754-8dbe-57b7d3bc4b26,32,18606564,18644428,ACCEPTED,,18644467,ok,37.903
bot-013,01a0b929-cb6f-7524-a4e1-870f734ae0e7,33,19122132,19144538,ACCEPTED,,19144590,ok,22.458
bot-013,01a0b929-cd64-7710-b7b3-6a25dce98cf9,34,19622593,19644350,ACCEPTED,,19644389,ok,21.796
bot-013,01a0b929-cf67-73c0-bb67-defedbcb655a,35,20138557,20144508,ACCEPTED,,20144531,ok,5.974
bot-013,01a0b929-d15f-70b2-a351-6ed99fbe2d44,36,20641721,20644571,ACCEPTED,,20644593,ok,2.872
bot-013,01a0b929-d355-7610-977b-b4a2de2ebbdc,37,21144536,21194666,ACCEPTED,,21194726,ok,50.190
bot-013,01a0b929-d54f-7614-822b-b2d6a9f06ca4,38,21649567,21694726,ACCEPTED,,21694783,ok,45.216
bot-013,01a0b929-d750-70e3-972f-cc0038e1f9fd,39,22163234,22194343,ACCEPTED,,22194400,ok,31.166
bot-013,01a0b929-d947-753e-8274-d16f7dadd513,40,22666069,22694782,ACCEPTED,,22694807,ok,28.738
bot-013,01a0b929-db3d-72b2-a6cd-aad45a80a84e,41,23167574,23194604,ACCEPTED,,23194632,ok,27.058
bot-013,01a0b929-dd34-75fe-9bfb-6dcbc3938986,42,23671392,23694667,ACCEPTED,,23694721,ok,23.329
bot-013,01a0b929-df2a-74ce-b26e-a49ca5c6dad3,43,24172985,24194711,ACCEPTED,,24194740,ok,21.755
bot-013,01a0b929-e120-7390-ae4e-2210350807c2,44,24674736,24694885,ACCEPTED,,24694900,ok,20.164
bot-013,01a0b929-e317-7152-b55b-4e809a783628,45,25178262,25195036,ACCEPTED,,25195068,ok,16.806
bot-013,01a0b929-e51a-71c0-961d-1fe800a0aff7,46,25693175,25694526,ACCEPTED,,25694540,ok,1.365
bot-013,01a0b929-e70f-77bb-a8ba-5a4a86c7a256,47,26194301,26244365,ACCEPTED,,26244420,ok,50.119
bot-013,01a0b929-e90b-74a7-9835-673a2208e9ed,48,26701978,26744806,ACCEPTED,,26744826,ok,42.848
bot-013,01a0b929-eb05-75a7-b0dd-e2ba46f497a6,49,27207845,27244766,ACCEPTED,,27244809,ok,36.964
bot-013,01a0b929-ecfd-72b5-964d-9afbf98d7ee4,50,27711769,27744518,ACCEPTED,,27744539,ok,32.770
bot-013,01a0b929-eef4-7495-a7f3-79def8826734,51,28214584,28244659,ACCEPTED,,28244685,ok,30.101
bot-013,01a0b929-f0eb-73c1-81d1-a7172f72a492,52,28718216,28744604,ACCEPTED,,28744632,ok,26.416
bot-013,01a0b929-f2e3-77ad-afb5-9557703af1e0,53,29221581,29244718,ACCEPTED,,29244736,ok,23.155
bot-013,01a0b929-f4da-73f9-a89a-cf5f87c8a3af,54,29725227,29744577,ACCEPTED,,29744592,ok,19.365
bot-013,01a0b929-f6d5-7299-a68b-73ed85efa188,55,30231912,30244761,ACCEPTED,,30244789,ok,12.877
bot-013,01a0b929-f8d6-74c6-9b43-aded38497232,56,30744755,30794787,ACCEPTED,,30794807,ok,50.052
bot-013,01a0b929-fad9-72c3-921d-6a96453fbdeb,57,31260292,31294761,ACCEPTED,,31294791,ok,34.499
bot-013,01a0b929-fcd0-75e6-8428-7c4a47b95a90,58,31762862,31794925,ACCEPTED,,31794946,ok,32.084
bot-013,01a0b929-fec6-7257-8013-edf62ebe54b9,59,32264717,32294716,ACCEPTED,,32294739,ok,30.022
bot-013,01a0b92a-00c2-713d-94ff-f32547589d12,60,32773363,32794709,ACCEPTED,,32794727,ok,21.364
bot-013,01a0b92a-02c4-7740-8759-aae78270799e,61,33286662,33294710,ACCEPTED,,33294733,ok,8.071
bot-013,01a0b92a-04ba-7226-adcc-a04c62a1aa6c,62,33788886,33794769,ACCEPTED,,33794789,ok,5.903
bot-013,01a0b92a-06b0-70eb-9546-ccae340b534a,63,34291533,34294489,ACCEPTED,,34294515,ok,2.982
bot-013,01a0b92a-08a7-77d2-8d77-74fec952da64,64,34794544,34844944,ACCEPTED,,34844974,ok,50.430
bot-013,01a0b92a-0aab-7719-82ba-318b6ad9aa22,65,35309712,35344926,ACCEPTED,,35344986,ok,35.274
bot-013,01a0b92a-0ca1-7588-acec-07b95aafb8fb,66,35811859,35844739,ACCEPTED,,35844773,ok,32.914
bot-013,01a0b92a-0e97-77a9-8583-ae14f90b4444,67,36313592,36344474,ACCEPTED,,36344489,ok,30.897
bot-013,01a0b92a-1090-77e4-9dce-ee2d2efcc401,68,36818561,36844451,ACCEPTED,,36844467,ok,25.906
bot-013,01a0b92a-1291-7091-9c31-04209e1750c8,69,37332410,37344677,ACCEPTED,,37344696,ok,12.286
bot-013,01a0b92a-1487-745a-a775-373565a9c025,70,37834306,37844727,ACCEPTED,,37844745,ok,10.439
bot-013,01a0b92a-167c-707d-af8d-938af38f6913,71,38334800,38344361,ACCEPTED,,38344394,ok,9.594
bot-013,01a0b92a-1873-7149-9ed1-c20cd0002158,72,38838305,38844227,ACCEPTED,,38844283,ok,5.978
bot-013,01a0b92a-1a6a-73c5-85ee-aa2a3596ef5a,73,39340611,39344246,ACCEPTED,,39344301,ok,3.690
bot-013,01a0b92a-1c64-73d4-b4fc-01636d96c716,74,39847263,39894549,ACCEPTED,,39894597,ok,47.334
bot-013,01a0b92a-1e5a-709e-ade0-57e498d209d4,75,40348719,40394637,ACCEPTED,,40394667,ok,45.948
bot-013,01a0b92a-2055-76ca-9419-90266c535ef0,76,40856065,40894463,ACCEPTED,,40894509,ok,38.444
bot-013,01a0b92a-224d-71e9-a955-b64088ddeb65,77,41360526,41394783,ACCEPTED,,41394821,ok,34.295
bot-013,01a0b92a-2445-76fb-a034-b246fb893137,78,41864492,41894652,ACCEPTED,,41894690,ok,30.198
bot-013,01a0b92a-264a-731c-b230-a76a4eb1e237,79,42381172,42394538,ACCEPTED,,42394588,ok,13.416
bot-013,01a0b92a-283f-7052-9805-358c9875c161,80,42882027,42894430,ACCEPTED,,42894454,ok,12.427
bot-013,01a0b92a-2a40-7308-907a-55dd6e869bf8,81,43394963,43444677,ACCEPTED,,43444731,ok,49.768
bot-013,01a0b92a-2c39-7461-b60d-b8e92111cf46,82,43899762,43944810,ACCEPTED,,43944866,ok,45.104
bot-013,01a0b92a-2e35-7199-b306-ca2d62e3aa6e,83,44408255,44444476,ACCEPTED,,44444532,ok,36.277
bot-013,01a0b92a-3033-7287-b280-82c0c09d82e9,84,44917857,44944260,ACCEPTED,,44944322,ok,26.465
bot-013,01a0b92a-3235-747e-8462-6c05e239ecc2,85,45432336,45444623,ACCEPTED,,45444645,ok,12.309
bot-013,01a0b92a-343a-73d0-9c62-c665d7a2e500,86,45948711,45994876,ACCEPTED,,45994893,ok,46.182
bot-013,01a0b92a-363d-725f-baa1-b7e235c56383,87,46463563,46494929,ACCEPTED,,46494959,ok,31.396
bot-013,01a0b92a-3837-713e-a55b-0265d4f3c0cf,88,46970093,46994370,ACCEPTED,,46994406,ok,24.313
bot-013,01a0b92a-3a39-724d-977f-81d2b3894559,89,47483898,47494605,ACCEPTED,,47494646,ok,10.748
bot-013,01a0b92a-3c32-7615-b14e-d02f5e7ba177,90,47988698,47994789,ACCEPTED,,47994815,ok,6.117
bot-013,01a0b92a-3e29-727a-b60a-cc77213fcfa0,91,48492252,48494299,ACCEPTED,,48494353,ok,2.101
bot-013,01a0b92a-402a-737b-8cd1-369330517eb1,92,49004640,49044416,ACCEPTED,,49044468,ok,39.828
bot-013,01a0b92a-422e-760f-a00d-f0630524d459,93,49520920,49544981,ACCEPTED,,49545011,ok,24.091
bot-013,01a0b92a-442a-71bf-a150-226316df2e6a,94,50029405,50044620,ACCEPTED,,50044642,ok,15.237
bot-013,01a0b92a-4627-7220-bbfa-413e6e82e707,95,50537701,50544561,ACCEPTED,,50544577,ok,6.876
bot-013,01a0b92a-481f-747c-8bf3-8b63151faf20,96,51042470,51044618,ACCEPTED,,51044633,ok,2.163
bot-013,01a0b92a-4a16-77eb-ab37-8217cd8d3828,97,51545393,51594383,ACCEPTED,,51594444,ok,49.051
bot-013,01a0b92a-4c0e-7063-bb2a-57e98ad17a5f,98,52049371,52094711,ACCEPTED,,52094741,ok,45.370
bot-013,01a0b92a-4e08-725b-a8b2-97659f4e353f,99,52554746,52594537,ACCEPTED,,52594551,ok,39.805
bot-013,01a0b92a-4fff-716c-8d0f-fd33b0a20a7d,100,53058326,53094544,ACCEPTED,,53094573,ok,36.247
bot-013,01a0b92a-51f6-75ed-ab62-b843dc3048cc,101,53561207,53594549,ACCEPTED,,53594573,ok,33.366
bot-013,01a0b92a-53ee-77aa-ab3c-08000636654b,102,54064569,54094749,ACCEPTED,,54094769,ok,30.200
bot-013,01a0b92a-55f0-7663-a76f-dff6415a30bd,103,54579272,54594620,ACCEPTED,,54594654,ok,15.382
bot-013,01a0b92a-57e7-712d-9a11-c65cf4f7aac1,104,55081960,55094612,ACCEPTED,,55094636,ok,12.676
bot-013,01a0b92a-59dd-724b-8d66-3dfda0fda1b5,105,55584278,55594539,ACCEPTED,,55594551,ok,10.273
bot-013,01a0b92a-5bd5-75c5-b8ee-08dc8e5978f7,106,56087860,56094690,ACCEPTED,,56094719,ok,6.859
bot-013,01a0b92a-5dcb-7304-976b-4dec20133b20,107,56590424,56594802,ACCEPTED,,56594824,ok,4.400
bot-013,01a0b92a-5fc1-739c-b708-3aa564d4e926,108,57091795,57094640,ACCEPTED,,57094665,ok,2.870
bot-013,01a0b92a-61b7-705e-bbe2-2e33645d1c0d,109,57594290,57644613,ACCEPTED,,57644640,ok,50.350
bot-013,01a0b92a-63af-73ce-bd97-9a891f77d88b,110,58097583,58144774,ACCEPTED,,58144798,ok,47.215
bot-013,01a0b92a-65a7-7237-94e1-837df43e158e,111,58601913,58644620,ACCEPTED,,58644636,ok,42.723
bot-013,01a0b92a-679d-7111-83b1-65fa7b45502c,112,59104398,59144668,ACCEPTED,,59144717,ok,40.319
bot-013,01a0b92a-6995-74fa-85b0-adae8a7f0f53,113,59607695,59644683,ACCEPTED,,59644702,ok,37.007
bot-013,01a0b92a-6b8a-721a-bca7-a7cf69488fa5,114,60108923,60144638,ACCEPTED,,60144660,ok,35.737
bot-013,01a0b92a-6d83-7699-81b5-4956c8967a92,115,60613841,60644964,ACCEPTED,,60644982,ok,31.141
bot-013,01a0b92a-6f7b-73a5-b4be-618280e22252,116,61117708,61144655,ACCEPTED,,61144667,ok,26.959
bot-013,01a0b92a-717f-73bb-b51a-5134d3332481,117,61633663,61644150,ACCEPTED,,61644195,ok,10.532
bot-013,01a0b92a-737c-732e-8c6d-20649b35f723,118,62142908,62144671,ACCEPTED,,62144688,ok,1.780
bot-014,01a0b929-8a36-7663-82ff-3be187640f89,0,2424771,2444617,ACCEPTED,,2444657,ok,19.886
bot-014,01a0b929-8c38-7655-9de1-5bb30f22efbb,1,2939244,2944514,ACCEPTED,,2944549,ok,5.305
bot-014,01a0b929-8e31-7650-8993-450d3a832672,2,3444355,3494301,ACCEPTED,,3494352,ok,49.997
bot-014,01a0b929-9031-7634-aec6-d4ce86b839b1,3,3956281,3994412,ACCEPTED,,3994465,ok,38.184
bot-014,01a0b929-9226-72f0-91e4-923f27534847,4,4456813,4494572,ACCEPTED,,4494598,ok,37.785
bot-014,01a0b929-941f-713b-a4d0-c4e154940b80,5,4962187,4994372,ACCEPTED,,4994403,ok,32.216
bot-014,01a0b929-9621-757c-a279-8483b0a70c68,6,5476149,5494590,ACCEPTED,,5494617,ok,18.468
bot-014,01a0b929-981b-7183-a70b-abea2a8fbaab,7,5981607,5994759,ACCEPTED,,5994787,ok,13.180
bot-014,01a0b929-9a11-7559-9e4c-55c4e58010f8,8,6484156,6494437,ACCEPTED,,6494470,ok,10.314
bot-014,01a0b929-9c09-77d9-9a8b-bcbc0d16cac8,9,6988196,6994503,ACCEPTED,,6994534,ok,6.338
bot-014,01a0b929-9dff-7554-a905-77d3ea1fa33e,10,7490482,7494625,ACCEPTED,,7494668,ok,4.186
bot-014,01a0b929-9ff7-72a9-9820-47e6a5751e31,11,7994134,7994789,ACCEPTED,,7994815,ok,0.681
bot-014,01a0b929-a1ec-72d5-b46e-7944dbaf0974,12,8494559,8544303,ACCEPTED,,8544324,ok,49.765
bot-014,01a0b929-a3e4-7491-bfe3-60f7f3cb7b81,13,8999234,9044538,ACCEPTED,,9044592,ok,45.358
bot-014,01a0b929-a5da-73ee-be14-4222b1df7f13,14,9501344,9544530,ACCEPTED,,9544587,ok,43.243
bot-014,01a0b929-a7d2-77eb-bfc8-e69b64470ac4,15,10004567,10044492,ACCEPTED,,10044527,ok,39.960
bot-014,01a0b929-a9ca-706b-bc46-fa71f5e1d7c0,16,10508860,10544263,ACCEPTED,,10544311,ok,35.451
bot-014,01a0b929-abbf-75ce-ab91-1c3bb8b748ca,17,11009728,11044519,ACCEPTED,,11044579,ok,34.851
bot-014,01a0b929-adbb-70d4-9fed-3769d29a2dd8,18,11518285,11544351,ACCEPTED,,11544380,ok,26.095
bot-014,01a0b929-afb6-76d3-86d8-a03ebed47e74,19,12025199,12044953,ACCEPTED,,12044973,ok,19.774
bot-014,01a0b929-b1ab-70af-b032-a2f980c177f6,20,12525848,12544770,ACCEPTED,,12544805,ok,18.957
bot-014,01a0b929-b3ab-77f1-941a-2513b76e3275,21,13037643,13044995,ACCEPTED,,13045022,ok,7.379
bot-014,01a0b929-b5a1-711f-a37f-e36a0af5e802,22,13540276,13544550,ACCEPTED,,13544578,ok,4.302
bot-014,01a0b929-b799-7654-8c40-4077944778a1,23,14044348,14094854,ACCEPTED,,14094891,ok,50.543
bot-014,01a0b929-b998-7340-b4df-6d6ddda5b66d,24,14555098,14594693,ACCEPTED,,14594732,ok,39.634
bot-014,01a0b929-bb8e-701a-b73b-46a72db39454,25,15057355,15094476,ACCEPTED,,15094517,ok,37.162
bot-014,01a0b929-bd85-71a8-b7c4-46e9e1270a44,26,15559780,15594490,ACCEPTED,,15594506,ok,34.726
bot-014,01a0b929-bf80-73c6-acd0-f823a2810086,27,16067238,16094837,ACCEPTED,,16094857,ok,27.619
bot-014,01a0b929-c184-765f-bb16-c134ebf82b7c,28,16583280,16594641,ACCEPTED,,16594670,ok,11.390
bot-014,01a0b929-c37a-77fc-9e5f-60f63cac4917,29,17085031,17094481,ACCEPTED,,17094510,ok,9.479
bot-014,01a0b929-c578-7718-8a5c-e64ad41a1397,30,17594591,17644552,ACCEPTED,,17644611,ok,50.020
bot-014,01a0b929-c776-76b1-be4a-a338403269a2,31,18104808,18144548,ACCEPTED,,18144579,ok,39.771
bot-014,01a0b929-c96c-7754-8dbe-57b99dfdefe0,32,18606585,18644462,ACCEPTED,,18644503,ok,37.918
bot-014,01a0b929-cb6f-7524-a4e1-870d34cfc6eb,33,19122132,19144566,ACCEPTED,,19144590,ok,22.458
bot-014,01a0b929-cd64-7710-b7b3-6a239d3877c1,34,19622562,19644363,ACCEPTED,,19644390,ok,21.828
bot-014,01a0b929-cf68-731f-ba2b-1f060eb33645,35,20138557,20144442,ACCEPTED,,20144471,ok,5.914
bot-014,01a0b929-d15f-70b2-a351-6edbf1d552fd,36,20641721,20644567,ACCEPTED,,20644597,ok,2.876
bot-014,01a0b929-d355-7610-977b-b4a1c8c80e23,37,21144480,21194665,ACCEPTED,,21194718,ok,50.238
bot-014,01a0b929-d54f-7614-822b-b2d7aae5becd,38,21649592,21694833,ACCEPTED,,21694870,ok,45.278
bot-014,01a0b929-d750-70e3-972f-cbfe86014ca4,39,22163206,22194358,ACCEPTED,,22194400,ok,31.194
bot-014,01a0b929-d947-753e-8274-d170abd10d6d,40,22666095,22694753,ACCEPTED,,22694778,ok,28.683
bot-014,01a0b929-db3d-72b2-a6cd-aad37c0dd1b2,41,23167549,23194509,ACCEPTED,,23194564,ok,27.015
bot-014,01a0b929-dd34-75fe-9bfb-6dcf572477c7,42,23671460,23694766,ACCEPTED,,23694787,ok,23.327
bot-014,01a0b929-df2a-74ce-b26e-a49985219eee,43,24172931,24194726,ACCEPTED,,24194756,ok,21.825
bot-014,01a0b929-e120-7390-ae4e-220d83188b39,44,24674694,24694880,ACCEPTED,,24694895,ok,20.201
bot-014,01a0b929-e317-7152-b55b-4e82b83b29d3,45,25178262,25194929,ACCEPTED,,25194952,ok,16.690
bot-014,01a0b929-e51a-71c0-961d-1fe92ea92e5c,46,25693174,25694527,ACCEPTED,,25694545,ok,1.371
bot-014,01a0b929-e70f-77bb-a8ba-5a4ce1343d6d,47,26194325,26244363,ACCEPTED,,26244422,ok,50.097
bot-014,01a0b929-e90b-74a7-9835-673701623c60,48,26701947,26744700,ACCEPTED,,26744731,ok,42.784
bot-014,01a0b929-eb05-75a7-b0dd-e2bb4016ceda,49,27207863,27244832,ACCEPTED,,27244859,ok,36.996
bot-014,01a0b929-ecfd-72b5-964d-9af82d89bc54,50,27711759,27744532,ACCEPTED,,27744557,ok,32.798
bot-014,01a0b929-eef4-7495-a7f3-79e26e8a617d,51,28214642,28244676,ACCEPTED,,28244698,ok,30.056
bot-014,01a0b929-f0eb-73c1-81d1-a71aa00f15b7,52,28718262,28744549,ACCEPTED,,28744568,ok,26.306
bot-014,01a0b929-f2e3-77ad-afb5-955899332d5d,53,29221581,29244719,ACCEPTED,,29244736,ok,23.155
bot-014,01a0b929-f4da-73f9-a89a-cf5e0702b6b7,54,29725218,29744572,ACCEPTED,,29744593,ok,19.375
bot-014,01a0b929-f6d5-7299-a68b-73efd0ab1bcc,55,30231957,30244673,ACCEPTED,,30244712,ok,12.755
bot-014,01a0b929-f8d6-74c6-9b43-ade9ddcd7995,56,30744681,30794708,ACCEPTED,,30794744,ok,50.063
bot-014,01a0b929-fad9-72c3-921d-6a9709b824b7,57,31260329,31294733,ACCEPTED,,31294758,ok,34.429
bot-014,01a0b929-fcd0-75e6-8428-7c455de12700,58,31762793,31794922,ACCEPTED,,31794939,ok,32.146
bot-014,01a0b929-fec6-7257-8013-edf808b04652,59,32264885,32294706,ACCEPTED,,32294727,ok,29.842
bot-014,01a0b92a-00c2-713d-94ff-f3204927564e,60,32773230,32794706,ACCEPTED,,32794723,ok,21.493
bot-014,01a0b92a-02c4-7740-8759-aaed67b5c054,61,33286792,33294844,ACCEPTED,,33294876,ok,8.084
bot-014,01a0b92a-04ba-7226-adcc-a04a1b660693,62,33788884,33794775,ACCEPTED,,33794804,ok,5.920
bot-014,01a0b92a-06b0-70eb-9546-ccacce01fd0d,63,34291511,34294504,ACCEPTED,,34294522,ok,3.011
bot-014,01a0b92a-08a8-7001-91d4-0c0bf33cecdf,64,34794552,34844917,ACCEPTED,,34844941,ok,50.389
bot-014,01a0b92a-0aab-7719-82ba-3188e6cb55ef,65,35309677,35344982,ACCEPTED,,35345015,ok,35.338
bot-014,01a0b92a-0ca1-7588-acec-07b7f899c3f3,66,35811853,35844825,ACCEPTED,,35844845,ok,32.992
bot-014,01a0b92a-0e97-77a9-8583-ae173e70673a,67,36313646,36344481,ACCEPTED,,36344508,ok,30.862
bot-014,01a0b92a-1090-77e4-9dce-ee2e5469c856,68,36818580,36844430,ACCEPTED,,36844457,ok,25.877
bot-014,01a0b92a-1291-7091-9c31-041b064106e5,69,37332320,37344691,ACCEPTED,,37344714,ok,12.394
bot-014,01a0b92a-1487-745a-a775-3737a7866e00,70,37834306,37844619,ACCEPTED,,37844668,ok,10.362
bot-014,01a0b92a-167c-707d-af8d-93880b17b1a7,71,38334757,38344308,ACCEPTED,,38344347,ok,9.590
bot-014,01a0b92a-1873-7149-9ed1-c2105fb97cf5,72,38838446,38844329,ACCEPTED,,38844353,ok,5.907
bot-014,01a0b92a-1a69-72c5-a80a-217cf39287c4,73,39340563,39344241,ACCEPTED,,39344301,ok,3.738
bot-014,01a0b92a-1c64-73d4-b4fc-016249475cd6,74,39847265,39894565,ACCEPTED,,39894594,ok,47.329
bot-014,01a0b92a-1e5a-709e-ade0-57e14b1d4c25,75,40348682,40394741,ACCEPTED,,40394781,ok,46.099
bot-014,01a0b92a-2055-76ca-9419-90257ee32c31,76,40856074,40894584,ACCEPTED,,40894599,ok,38.525
bot-014,01a0b92a-224d-71e9-a955-b63fe83914a0,77,41360503,41394738,ACCEPTED,,41394796,ok,34.293
bot-014,01a0b92a-2445-76fb-a034-b2449dd62a26,78,41864451,41894689,ACCEPTED,,41894734,ok,30.283
bot-014,01a0b92a-264a-731c-b230-a76dc4ae56cc,79,42381214,42394550,ACCEPTED,,42394588,ok,13.374
bot-014,01a0b92a-283f-7052-9805-3588b25f47ee,80,42881965,42894417,ACCEPTED,,42894444,ok,12.479
bot-014,01a0b92a-2a40-7308-907a-55df95896b92,81,43394973,43444677,ACCEPTED,,43444731,ok,49.758
bot-014,01a0b92a-2c39-7461-b60d-b8e7a590b09b,82,43899741,43944836,ACCEPTED,,43944873,ok,45.132
bot-014,01a0b92a-2e35-7199-b306-ca29724375d1,83,44408205,44444495,ACCEPTED,,44444529,ok,36.324
bot-014,01a0b92a-3033-7287-b280-82c4c3bad12e,84,44917900,44944362,ACCEPTED,,44944381,ok,26.481
bot-014,01a0b92a-3235-747e-8462-6c04e85ea1ad,85,45432336,45444619,ACCEPTED,,45444642,ok,12.306
bot-014,01a0b92a-343a-73d0-9c62-c65fdfde6b7b,86,45948616,45994839,ACCEPTED,,45994860,ok,46.244
bot-014,01a0b92a-363d-725f-baa1-b7e5db6859e5,87,46463614,46495088,ACCEPTED,,46495114,ok,31.500
bot-014,01a0b92a-3837-713e-a55b-026497103ccd,88,46970093,46994457,ACCEPTED,,46994490,ok,24.397
bot-014,01a0b92a-3a39-724d-977f-81cb7b9ecbd2,89,47483791,47494641,ACCEPTED,,47494668,ok,10.877
bot-014,01a0b92a-3c32-7615-b14e-d02e568fda47,90,47988698,47994659,ACCEPTED,,47994693,ok,5.995
bot-014,01a0b92a-3e29-727a-b60a-cc7c29f3272f,91,48492340,48494458,ACCEPTED,,48494479,ok,2.139
bot-014,01a0b92a-402a-737b-8cd1-3694de9d3587,92,49004655,49044545,ACCEPTED,,49044579,ok,39.924
bot-014,01a0b92a-422e-760f-a00d-f0623b744909,93,49520895,49545126,ACCEPTED,,49545157,ok,24.262
bot-014,01a0b92a-442a-71bf-a150-225735c0ec2d,94,50029216,50044555,ACCEPTED,,50044587,ok,15.371
bot-014,01a0b92a-4627-7220-bbfa-413ceeb4b3f3,95,50537690,50544581,ACCEPTED,,50544597,ok,6.907
bot-014,01a0b92a-481f-747c-8bf3-8b5d9f03aa28,96,51042380,51044572,ACCEPTED,,51044589,ok,2.209
bot-014,01a0b92a-4a16-77eb-ab37-821616220601,97,51545383,51594533,ACCEPTED,,51594564,ok,49.181
bot-014,01a0b92a-4c0e-7063-bb2a-57ed3e198913,98,52049454,52094815,ACCEPTED,,52094849,ok,45.395
bot-014,01a0b92a-4e08-725b-a8b2-9761856110b2,99,52554685,52594579,ACCEPTED,,52594594,ok,39.909
bot-014,01a0b92a-4fff-716c-8d0f-fd3498ae4b9f,100,53058330,53094731,ACCEPTED,,53094759,ok,36.429
bot-014,01a0b92a-51f6-75ed-ab62-b83b95af55df,101,53561077,53594454,ACCEPTED,,53594500,ok,33.423
bot-014,01a0b92a-53ee-77aa-ab3c-080178f440e5,102,54064571,54094596,ACCEPTED,,54094662,ok,30.091
bot-014,01a0b92a-55f0-7663-a76f-dfff6fbb0056,103,54579429,54594728,ACCEPTED,,54594763,ok,15.334
bot-014,01a0b92a-57e7-712d-9a11-c6689ddb7993,104,55082147,55094763,ACCEPTED,,55094781,ok,12.634
bot-014,01a0b92a-59dd-724b-8d66-3df94ca15361,105,55584266,55594563,ACCEPTED,,55594581,ok,10.315
bot-014,01a0b92a-5bd5-75c5-b8ee-08d673ec74d4,106,56087783,56094752,ACCEPTED,,56094766,ok,6.983
bot-014,01a0b92a-5dcb-7304-976b-4dde41cd17b3,107,56589871,56594392,ACCEPTED,,56594443,ok,4.572
bot-014,01a0b92a-5fc1-739c-b708-3a9d1a58361b,108,57091721,57094655,ACCEPTED,,57094670,ok,2.949
bot-014,01a0b92a-61b7-705e-bbe2-2e2d7023ca1b,109,57594246,57644579,ACCEPTED,,57644636,ok,50.390
bot-014,01a0b92a-63af-73ce-bd97-9a8b0a43fde9,110,58097622,58144806,ACCEPTED,,58144822,ok,47.200
bot-014,01a0b92a-65a7-7237-94e1-837977f0b401,111,58601863,58644670,ACCEPTED,,58644687,ok,42.824
bot-014,01a0b92a-679d-7111-83b1-65ed418a5ed6,112,59104240,59144425,ACCEPTED,,59144503,ok,40.263
bot-014,01a0b92a-6995-74fa-85b0-ada994e924f6,113,59607591,59644546,ACCEPTED,,59644573,ok,36.982
bot-014,01a0b92a-6b8a-721a-bca7-a7cba5770eb5,114,60108909,60144611,ACCEPTED,,60144641,ok,35.732
bot-014,01a0b92a-6d83-7699-81b5-4952b981f034,115,60613772,60644883,ACCEPTED,,60644918,ok,31.146
bot-014,01a0b92a-6f7b-73a5-b4be-617e0a5fd713,116,61117652,61144710,ACCEPTED,,61144732,ok,27.080
bot-014,01a0b92a-717f-73bb-b51a-513b78f7da00,117,61633766,61644357,ACCEPTED,,61644373,ok,10.607
bot-014,01a0b92a-737c-732e-8c6d-2060217adb37,118,62142863,62144634,ACCEPTED,,62144657,ok,1.794
bot-015,01a0b929-8ca2-757d-8321-37243d115a42,0,3044617,3094590,ACCEPTED,,3094631,ok,50.014
bot-015,01a0b929-8e97-75e6-af59-f82e1a24d41f,1,3546084,3594447,ACCEPTED,,3594495,ok,48.411
bot-015,01a0b929-908d-705b-922d-8768aafbe565,2,4047775,4094477,ACCEPTED,,4094536,ok,46.761
bot-015,01a0b929-9283-7468-883c-9523f64934fa,3,4549648,4594577,ACCEPTED,,4594629,ok,44.981
bot-015,01a0b929-9479-750f-9af4-ed900e67b761,4,5051575,5094331,ACCEPTED,,5094382,ok,42.807
bot-015,01a0b929-966e-7523-a949-65f9f78e7539,5,5552997,5594528,ACCEPTED,,5594593,ok,41.596
bot-015,01a0b929-9867-7511-977c-c38a4d803f83,6,6057848,6094597,ACCEPTED,,6094644,ok,36.796
bot-015,01a0b929-9a5e-7063-8d68-8247fc138281,7,6560859,6594509,ACCEPTED,,6594559,ok,33.700
bot-015,01a0b929-9c55-728d-a4c2-fb6b388426c1,8,7064000,7094921,ACCEPTED,,7094956,ok,30.956
bot-015,01a0b929-9e4b-7755-8478-3555dedd6bc3,9,7565651,7594650,ACCEPTED,,7594672,ok,29.021
bot-015,01a0b929-a044-7194-87a5-8c6a6c0a2606,10,8070738,8094266,ACCEPTED,,8094291,ok,23.553
bot-015,01a0b929-a23a-7398-90b3-b7944a18e1b3,11,8573189,8595239,ACCEPTED,,8595278,ok,22.089
bot-015,01a0b929-a430-70aa-9625-8a51751a38e6,12,9075306,9094253,ACCEPTED,,9094291,ok,18.985
bot-015,01a0b929-a626-7265-8afc-d32e4ea2ebd9,13,9577224,9594478,ACCEPTED,,9594499,ok,17.275
bot-015,01a0b929-a81d-72f8-acb3-67f264d1de06,14,10080445,10094399,ACCEPTED,,10094421,ok,13.976
bot-015,01a0b929-aa17-72d3-98f5-ebe7ed200a4f,15,10585673,10594633,ACCEPTED,,10594665,ok,8.992
bot-015,01a0b929-ac0f-74c3-9ef0-406b2c724868,16,11090260,11094601,ACCEPTED,,11094636,ok,4.376
bot-015,01a0b929-ae07-7529-9dd7-56929c8f974d,17,11594179,11644334,ACCEPTED,,11644372,ok,50.193
bot-015,01a0b929-affb-77b4-bea8-5ff8b7291f64,18,12094485,12144240,ACCEPTED,,12144293,ok,49.808
bot-015,01a0b929-b1f7-71a2-9216-4e3ecde2cf77,19,12601909,12644522,ACCEPTED,,12644541,ok,42.632
bot-015,01a0b929-b3f7-76d1-b603-10f531ff9134,20,13113629,13144707,ACCEPTED,,13144763,ok,31.134
bot-015,01a0b929-b5ed-7750-98ff-0392af1219a9,21,13615795,13644328,ACCEPTED,,13644387,ok,28.592
bot-015,01a0b929-b7f0-7060-ad52-22f95698fdaf,22,14130864,14144583,ACCEPTED,,14144618,ok,13.754
bot-015,01a0b929-b9f2-721d-a7a3-94a6d2665c7d,23,14644563,14694248,ACCEPTED,,14694286,ok,49.723
bot-015,01a0b929-bbe8-7033-94df-fa25e713fa33,24,15147239,15194645,ACCEPTED,,15194681,ok,47.442
bot-015,01a0b929-bde0-7322-bbd6-5cdd40cb0372,25,15651532,15694806,ACCEPTED,,15694858,ok,43.326
bot-015,01a0b929-bfda-73bf-a6bf-ab7ff5faf358,26,16156997,16194340,ACCEPTED,,16194385,ok,37.388
bot-015,01a0b929-c1cf-76a4-b88a-f705e9536eb3,27,16657999,16694708,ACCEPTED,,16694767,ok,36.768
bot-015,01a0b929-c3c6-73dc-b6cc-2168e1980e2f,28,17161383,17194557,ACCEPTED,,17194581,ok,33.198
bot-015,01a0b929-c5c9-730e-8fcd-4a7b64190546,29,17675886,17694372,ACCEPTED,,17694397,ok,18.511
bot-015,01a0b929-c7c2-7081-917d-3fe8490d7de5,30,18181327,18194609,ACCEPTED,,18194637,ok,13.310
bot-015,01a0b929-c9b8-736b-9cd8-22d29e6be5f8,31,18683469,18694399,ACCEPTED,,18694452,ok,10.983
bot-015,01a0b929-cbb7-7360-b9fc-e1d83c67f808,32,19194495,19244398,ACCEPTED,,19244454,ok,49.959
bot-015,01a0b929-cdae-7215-8ee4-dce05a896ccc,33,19697373,19744399,ACCEPTED,,19744420,ok,47.047
bot-015,01a0b929-cfa4-74bd-b017-492fcd7a6a0c,34,20199280,20244795,ACCEPTED,,20244821,ok,45.541
bot-015,01a0b929-d19b-72e1-8331-09f96c8b4ed6,35,20701708,20744771,ACCEPTED,,20744806,ok,43.098
bot-015,01a0b929-d390-73a8-9d1e-7e12aa3d214b,36,21202747,21244681,ACCEPTED,,21244714,ok,41.967
bot-015,01a0b929-d58b-77ca-ac5d-a253f7989b0e,37,21710239,21744478,ACCEPTED,,21744540,ok,34.301
bot-015,01a0b929-d78e-75ec-a914-ffd913f1e6c2,38,22224578,22244423,ACCEPTED,,22244451,ok,19.873
bot-015,01a0b929-d986-777f-8939-01435d56d438,39,22728858,22744668,ACCEPTED,,22744725,ok,15.867
bot-015,01a0b929-db89-7463-8502-fd69e8fb56d7,40,23243885,23244521,ACCEPTED,,23244568,ok,0.683
bot-015,01a0b929-dd81-7277-9886-389affde0efb,41,23747936,23794854,ACCEPTED,,23794892,ok,46.956
bot-015,01a0b929-df76-75f7-b235-ce86042e8b55,42,24249139,24294464,ACCEPTED,,24294520,ok,45.381
bot-015,01a0b929-e16d-7023-9ad8-9230c4f4c530,43,24751649,24794821,ACCEPTED,,24794851,ok,43.202
bot-015,01a0b929-e362-7687-9c97-622e3cdae0c5,44,25253040,25294395,ACCEPTED,,25294422,ok,41.382
bot-015,01a0b929-e557-7189-a8f7-62fc30995264,45,25754480,25794337,ACCEPTED,,25794366,ok,39.886
bot-015,01a0b929-e74d-725b-b635-21ff1ee9294f,46,26255826,26294744,ACCEPTED,,26294797,ok,38.971
bot-015,01a0b929-e948-761d-b271-ab9098cdfabe,47,26763472,26794660,ACCEPTED,,26794704,ok,31.232
bot-015,01a0b929-eb42-7522-916b-9cb32f3dc990,48,27269008,27294413,ACCEPTED,,27294461,ok,25.453
bot-015,01a0b929-ed39-7354-b030-c75c1d45bd7e,49,27772428,27794799,ACCEPTED,,27794852,ok,22.424
bot-015,01a0b929-ef30-70b1-a2ff-3d0799253790,50,28274788,28294235,ACCEPTED,,28294279,ok,19.491
bot-015,01a0b929-f129-7629-b937-8ef2a17dc459,51,28779642,28794208,ACCEPTED,,28794249,ok,14.607
bot-015,01a0b929-f31f-7620-aa1b-8a044af5607c,52,29281851,29294538,ACCEPTED,,29294581,ok,12.730
bot-015,01a0b929-f517-725c-907e-efb7e74307aa,53,29785966,29794325,ACCEPTED,,29794351,ok,8.385
bot-015,01a0b929-f70d-7137-a377-d978e3cd342d,54,30288268,30294568,ACCEPTED,,30294594,ok,6.326
bot-015,01a0b929-f905-7160-ac03-51659afc1f0a,55,30791860,30794790,ACCEPTED,,30794810,ok,2.950
bot-015,01a0b929-fafc-73ce-b38b-7ce405f95180,56,31294642,31344220,ACCEPTED,,31344263,ok,49.621
bot-015,01a0b929-fcfd-72c8-bedf-49d8930f8994,57,31807937,31844702,ACCEPTED,,31844752,ok,36.815
bot-015,01a0b929-fef4-7051-8aa6-ccd10f5df63e,58,32310908,32344776,ACCEPTED,,32344833,ok,33.925
bot-015,01a0b92a-00ef-73a5-8d88-47f5ac7c2629,59,32818330,32844628,ACCEPTED,,32844670,ok,26.340
bot-015,01a0b92a-02f1-75d7-9060-ede5193f2390,60,33332070,33344658,ACCEPTED,,33344689,ok,12.619
bot-015,01a0b92a-04e8-7700-81c2-166c5e65850b,61,33835204,33844655,ACCEPTED,,33844691,ok,9.487
bot-015,01a0b92a-06df-73c4-b792-cf349a119716,62,34338432,34344536,ACCEPTED,,34344587,ok,6.155
bot-015,01a0b92a-08da-74fd-95f0-5f5bb02dd6f0,63,34844871,34894527,ACCEPTED,,34894579,ok,49.708
bot-015,01a0b92a-0ad8-773a-882e-c654836113dd,64,35355211,35394753,ACCEPTED,,35394779,ok,39.568
bot-015,01a0b92a-0cce-75b2-84ea-dba530a9e23e,65,35856712,35894617,ACCEPTED,,35894668,ok,37.956
bot-015,01a0b92a-0ec3-71fd-8b9c-6bb9e4c61bbf,66,36358520,36394679,ACCEPTED,,36394717,ok,36.197
bot-015,01a0b92a-10bc-7412-b0f9-37c5e011078a,67,36863370,36894446,ACCEPTED,,36894490,ok,31.120
bot-015,01a0b92a-12c0-705b-9849-a6a79de7de8a,68,37378616,37394615,ACCEPTED,,37394653,ok,16.037
bot-015,01a0b92a-14c3-7648-b52a-b6e2c7972c85,69,37894198,37944511,ACCEPTED,,37944542,ok,50.344
bot-015,01a0b92a-16b7-76d7-8c2e-f21f82ac391a,70,38394489,38444474,ACCEPTED,,38444508,ok,50.019
bot-015,01a0b92a-18b0-7714-b693-7a7626409663,71,38899326,38944526,ACCEPTED,,38944553,ok,45.227
bot-015,01a0b92a-1aa6-7687-812f-16d33b143990,72,39400929,39444783,ACCEPTED,,39444814,ok,43.885
bot-015,01a0b92a-1ca1-767d-96e4-0729d536c6bd,73,39907907,39944739,ACCEPTED,,39944791,ok,36.884
bot-015,01a0b92a-1e96-7368-940f-bec833426ad6,74,40409438,40444704,ACCEPTED,,40444755,ok,35.317
bot-015,01a0b92a-2091-77da-8c54-e0152cd2fd34,75,40916405,40944552,ACCEPTED,,40944604,ok,28.199
bot-015,01a0b92a-228a-756d-bd2b-da6d04bd768a,76,41421341,41444545,ACCEPTED,,41444577,ok,23.236
bot-015,01a0b92a-2483-7202-9e3d-42e642d721ab,77,41926154,41944817,ACCEPTED,,41944836,ok,18.682
bot-015,01a0b92a-2678-7024-9afc-fc80aa105678,78,42427138,42444743,ACCEPTED,,42444764,ok,17.626
bot-015,01a0b92a-287b-74b5-8806-5e65e43718b3,79,42941847,42944766,ACCEPTED,,42944803,ok,2.956
bot-015,01a0b92a-2a72-76c1-9fd4-8395620e93e4,80,43444706,43494556,ACCEPTED,,43494589,ok,49.883
bot-015,01a0b92a-2c67-7448-8e5e-5a9946d0e855,81,43945573,43994804,ACCEPTED,,43994838,ok,49.265
bot-015,01a0b92a-2e5d-759c-a1b5-de58242a0b56,82,44447963,44494729,ACCEPTED,,44494751,ok,46.788
bot-015,01a0b92a-3052-71ee-8cb9-d5b646b18495,83,44948749,44994630,ACCEPTED,,44994674,ok,45.925
bot-015,01a0b92a-3254-77be-b631-e758ac385a04,84,45463249,45494834,ACCEPTED,,45494871,ok,31.622
bot-015,01a0b92a-3449-7252-b7b5-0a50bad2f118,85,45963799,45994891,ACCEPTED,,45994903,ok,31.104
bot-015,01a0b92a-364c-7024-88bd-f3f72eac5101,86,46478751,46495070,ACCEPTED,,46495100,ok,16.349
bot-015,01a0b92a-3846-744a-96bb-2d877c015c55,87,46985419,46994358,ACCEPTED,,46994375,ok,8.956
bot-015,01a0b92a-3a43-76f0-8b00-62cf5f2ed0a7,88,47494499,47544376,ACCEPTED,,47544428,ok,49.929
bot-015,01a0b92a-3c41-77d4-bb90-f8fc6f9b8c97,89,48003924,48044669,ACCEPTED,,48044695,ok,40.771
bot-015,01a0b92a-3e42-7495-bc4a-5c2f576aa9c3,90,48516760,48544181,ACCEPTED,,48544216,ok,27.456
bot-015,01a0b92a-4039-76d0-b3e0-10750c7df40e,91,49020177,49044533,ACCEPTED,,49044563,ok,24.386
bot-015,01a0b92a-422e-760f-a00d-f05fff0b3198,92,49520864,49545069,ACCEPTED,,49545096,ok,24.232
bot-015,01a0b92a-442a-71bf-a150-2258de957b35,93,50029226,50044674,ACCEPTED,,50044691,ok,15.465
bot-015,01a0b92a-4627-7220-bbfa-4136a171b291,94,50537580,50544568,ACCEPTED,,50544583,ok,7.003
bot-015,01a0b92a-481f-747c-8bf3-8b621171245b,95,51042444,51044595,ACCEPTED,,51044621,ok,2.177
bot-015,01a0b92a-4a16-77eb-ab37-821b39723161,96,51545467,51594519,ACCEPTED,,51594544,ok,49.077
bot-015,01a0b92a-4c0e-7063-bb2a-57e433f6f706,97,52049322,52094894,ACCEPTED,,52094910,ok,45.588
bot-015,01a0b92a-4e08-725b-a8b2-97685348cbef,98,52554828,52594604,ACCEPTED,,52594620,ok,39.792
bot-015,01a0b92a-4fff-716c-8d0f-fd3972be336a,99,53058417,53094494,ACCEPTED,,53094510,ok,36.093
bot-015,01a0b92a-51f6-75ed-ab62-b83eb5174dcd,100,53561102,53594401,ACCEPTED,,53594456,ok,33.354
bot-015,01a0b92a-53ee-77aa-ab3c-0805db534bef,101,54064587,54094760,ACCEPTED,,54094791,ok,30.204
bot-015,01a0b92a-55f0-7663-a76f-dffe389151cb,102,54579384,54594743,ACCEPTED,,54594769,ok,15.385
bot-015,01a0b92a-57e7-712d-9a11-c665952a45f2,103,55082135,55094704,ACCEPTED,,55094725,ok,12.590
bot-015,01a0b92a-59dd-724b-8d66-3dfc0e2f239f,104,55584270,55594544,ACCEPTED,,55594568,ok,10.298
bot-015,01a0b92a-5bd5-75c5-b8ee-08d9539e435d,105,56087830,56094622,ACCEPTED,,56094650,ok,6.820
bot-015,01a0b92a-5dcb-7304-976b-4deac4da6d11,106,56590377,56594699,ACCEPTED,,56594724,ok,4.347
bot-015,01a0b92a-5fc1-739c-b708-3aa4a809927f,107,57091795,57094732,ACCEPTED,,57094746,ok,2.951
bot-015,01a0b92a-61b7-705e-bbe2-2e35d4d3efa8,108,57594379,57644707,ACCEPTED,,57644717,ok,50.338
bot-015,01a0b92a-63af-73ce-bd97-9a94ecbbedbe,109,58097721,58144832,ACCEPTED,,58144849,ok,47.128
bot-015,01a0b92a-65a7-7237-94e1-8377d5cfd59b,110,58601823,58644494,ACCEPTED,,58644519,ok,42.696
bot-015,01a0b92a-679d-7111-83b1-65f8bb61c86c,111,59104385,59144674,ACCEPTED,,59144698,ok,40.313
bot-015,01a0b92a-6995-74fa-85b0-adad88fc39d3,112,59607691,59644681,ACCEPTED,,59644696,ok,37.005
bot-015,01a0b92a-6b8a-721a-bca7-a7c8b3451db4,113,60108875,60144621,ACCEPTED,,60144640,ok,35.765
bot-015,01a0b92a-6d83-7699-81b5-495794377bad,114,60613847,60644988,ACCEPTED,,60645022,ok,31.175
bot-015,01a0b92a-6f7b-73a5-b4be-61834402e830,115,61117726,61144656,ACCEPTED,,61144672,ok,26.946
bot-015,01a0b92a-717f-73bb-b51a-5132276fa1c8,116,61633631,61644361,ACCEPTED,,61644380,ok,10.749
bot-015,01a0b92a-737c-732e-8c6d-206173abfbc6,117,62142876,62144683,ACCEPTED,,62144704,ok,1.828
bot-015,01a0b92a-7572-7238-a4bc-917065c9819c,118,62644588,62694508,ACCEPTED,,62694540,ok,49.952
bot-016,01a0b929-8ba2-75eb-97de-c456315da071,0,2789332,2794623,ACCEPTED,,2794646,ok,5.314
bot-016,01a0b929-8d9b-7537-a305-02d0a401f3e6,1,3294303,3344633,ACCEPTED,,3344678,ok,50.375
bot-016,01a0b929-8f8f-77db-8bde-81ca0b0148e5,2,3794536,3844580,ACCEPTED,,3844627,ok,50.091
bot-016,01a0b929-9190-7780-8537-4ba6048ada4a,3,4306670,4344526,ACCEPTED,,4344557,ok,37.887
bot-016,01a0b929-9386-7584-a1d8-f7bdfe2449ca,4,4808729,4844498,ACCEPTED,,4844530,ok,35.801
bot-016,01a0b929-9589-7698-b8bf-164ce4f8ba90,5,5324493,5344523,ACCEPTED,,5344572,ok,20.079
bot-016,01a0b929-9783-7121-b330-3d92bf53238f,6,5830165,5844650,ACCEPTED,,5844677,ok,14.512
bot-016,01a0b929-9985-74a4-9b68-9da40c6ac350,7,6344425,6394202,ACCEPTED,,6394232,ok,49.807
bot-016,01a0b929-9b7f-774b-aa48-aa8675b799b5,8,6850017,6894684,ACCEPTED,,6894739,ok,44.722
bot-016,01a0b929-9d76-765c-8413-614f788be440,9,7353231,7394186,ACCEPTED,,7394215,ok,40.984
bot-016,01a0b929-9f6f-7130-83c0-3aa16664d74d,10,7857651,7894393,ACCEPTED,,7894442,ok,36.791
bot-016,01a0b929-a166-70ef-9454-0ce9663e809e,11,8361540,8394501,ACCEPTED,,8394542,ok,33.002
bot-016,01a0b929-a369-7606-b3ca-f9fdb8b4381f,12,8876548,8894267,ACCEPTED,,8894318,ok,17.770
bot-016,01a0b929-a561-7156-be89-30ef483143bd,13,9380514,9394332,ACCEPTED,,9394377,ok,13.863
bot-016,01a0b929-a757-70ac-8030-9bb4301c2270,14,9882339,9894723,ACCEPTED,,9894766,ok,12.427
bot-016,01a0b929-a94f-739e-b286-d252110322f5,15,10385784,10394653,ACCEPTED,,10394706,ok,8.922
bot-016,01a0b929-ab46-77bc-b647-9e72e00b61d6,16,10889240,10894717,ACCEPTED,,10894769,ok,5.529
bot-016,01a0b929-ad40-764e-b585-8b9cfabc765d,17,11395560,11444457,ACCEPTED,,11444490,ok,48.930
bot-016,01a0b929-af39-747e-933c-b90d87385937,18,11900201,11944435,ACCEPTED,,11944482,ok,44.281
bot-016,01a0b929-b132-72d6-99d4-7e194cdf4396,19,12405409,12444412,ACCEPTED,,12444474,ok,39.065
bot-016,01a0b929-b328-70c2-83fc-d582ff0249f3,20,12907138,12944812,ACCEPTED,,12944833,ok,37.695
bot-016,01a0b929-b528-71f0-805d-c448046c0ec8,21,13418792,13444386,ACCEPTED,,13444440,ok,25.648
bot-016,01a0b929-b72b-74a6-8025-c375284a321a,22,13934134,13944516,ACCEPTED,,13944565,ok,10.431
bot-016,01a0b929-b92a-7571-b5c1-d2c18bfafd03,23,14444620,14494588,ACCEPTED,,14494637,ok,50.017
bot-016,01a0b929-bb24-7056-b9b6-119dd0e93aee,24,14951443,14994697,ACCEPTED,,14994749,ok,43.306
bot-016,01a0b929-bd1a-7125-8f88-209de7fb32d9,25,15452628,15494748,ACCEPTED,,15494811,ok,42.183
bot-016,01a0b929-bf14-7601-a73d-b0ceedda7a95,26,15959011,15994534,ACCEPTED,,15994586,ok,35.575
bot-016,01a0b929-c10a-7742-b310-3025feb6ba4d,27,16461063,16495003,ACCEPTED,,16495058,ok,33.995
bot-016,01a0b929-c2ff-7750-af97-4a63ada4a980,28,16961972,16994734,ACCEPTED,,16994779,ok,32.807
bot-016,01a0b929-c4f5-7197-ab06-059a22c38a8e,29,17464175,17494807,ACCEPTED,,17494859,ok,30.684
bot-016,01a0b929-c6ec-7394-9c92-aedd03b2ae5b,30,17967522,17995102,ACCEPTED,,17995154,ok,27.632
bot-016,01a0b929-c8e2-7651-89a8-7c6dad50a13b,31,18469163,18494607,ACCEPTED,,18494656,ok,25.493
bot-016,01a0b929-cad7-7400-be5e-f9d8726f04db,32,18970445,18994784,ACCEPTED,,18994826,ok,24.381
bot-016,01a0b929-ccdb-77bd-be9f-273c38c94a65,33,19486302,19494327,ACCEPTED,,19494360,ok,8.058
bot-016,01a0b929-ced8-77ae-ae0b-5c9999e776df,34,19994688,20044291,ACCEPTED,,20044343,ok,49.655
bot-016,01a0b929-d0d5-7023-8cbd-8957ce2e827a,35,20504308,20544284,ACCEPTED,,20544330,ok,40.022
bot-016,01a0b929-d2cc-7563-8bca-0b10b0961e78,36,21007369,21044592,ACCEPTED,,21044639,ok,37.270
bot-016,01a0b929-d4d1-7689-ae4e-a247a8d71c26,37,21523994,21544760,ACCEPTED,,21544810,ok,20.816
bot-016,01a0b929-d6c9-75b2-8852-aead31231a5b,38,22027600,22044634,ACCEPTED,,22044681,ok,17.081
bot-016,01a0b929-d8c0-701f-bc67-52bcc4049ab3,39,22530905,22544431,ACCEPTED,,22544474,ok,13.569
bot-016,01a0b929-dab6-76be-9688-c146b951461f,40,23032721,23045227,ACCEPTED,,23045253,ok,12.532
bot-016,01a0b929-dcb6-7678-812d-462272b5ceea,41,23544597,23594482,ACCEPTED,,23594524,ok,49.927
bot-016,01a0b929-deb0-728a-a473-0debbfdb91cf,42,24051252,24094468,ACCEPTED,,24094487,ok,43.235
bot-016,01a0b929-e0a5-7332-8563-1d3e711f3971,43,24551796,24594638,ACCEPTED,,24594684,ok,42.888
bot-016,01a0b929-e29f-7346-8cb3-a86b649d677f,44,25058397,25094366,ACCEPTED,,25094412,ok,36.015
bot-016,01a0b929-e4a0-765c-aabd-4ab1fcd6a52f,45,25570786,25594558,ACCEPTED,,25594599,ok,23.813
bot-016,01a0b929-e696-75d2-837a-e1fb216ef4e3,46,26073425,26094438,ACCEPTED,,26094484,ok,21.059
bot-016,01a0b929-e890-7715-88a3-02a4ebbfb788,47,26579139,26594778,ACCEPTED,,26594817,ok,15.678
bot-016,01a0b929-ea8c-745c-8925-b3e37d1df5bd,48,27087094,27094210,ACCEPTED,,27094240,ok,7.146
bot-016,01a0b929-ec83-73fd-9a7a-a35060acfba1,49,27590429,27594296,ACCEPTED,,27594326,ok,3.897
bot-016,01a0b929-ee7b-7136-8e32-1ad3a595d834,50,28093743,28094364,ACCEPTED,,28094390,ok,0.647
bot-016,01a0b929-f06f-7104-bf30-65eea4e04659,51,28594430,28644660,ACCEPTED,,28644708,ok,50.278
bot-016,01a0b929-f268-70b0-bc5a-ea6971dba627,52,29099255,29145086,ACCEPTED,,29145136,ok,45.881
bot-016,01a0b929-f45e-7009-af47-a661fc490083,53,29601364,29644612,ACCEPTED,,29644663,ok,43.299
bot-016,01a0b929-f65a-76d9-9f83-76d82fb438ef,54,30109259,30144254,ACCEPTED,,30144308,ok,35.049
bot-016,01a0b929-f85d-7430-b931-687c76944517,55,30624444,30644601,ACCEPTED,,30644618,ok,20.174
bot-016,01a0b929-fa5f-74fc-95c5-88428d8033e4,56,31138148,31144246,ACCEPTED,,31144300,ok,6.152
bot-016,01a0b929-fc56-75ea-b2ec-05ddbd0d16c4,57,31640994,31644683,ACCEPTED,,31644710,ok,3.716
bot-016,01a0b929-fe4d-76e4-b592-9849a972184b,58,32143808,32144445,ACCEPTED,,32144473,ok,0.665
bot-016,01a0b92a-0041-7747-b15c-9757f4e1c42f,59,32644461,32694474,ACCEPTED,,32694518,ok,50.057
bot-016,01a0b92a-023c-7041-a6ea-4eef3d426fdc,60,33150800,33194381,ACCEPTED,,33194403,ok,43.603
bot-016,01a0b92a-043f-74c1-a9d1-d27ff23462f6,61,33665923,33694546,ACCEPTED,,33694602,ok,28.679
bot-016,01a0b92a-0636-7122-966b-fb9f0cc0c3c2,62,34169349,34194541,ACCEPTED,,34194568,ok,25.219
bot-016,01a0b92a-082e-741a-99fd-92d645290ea2,63,34673555,34694345,ACCEPTED,,34694399,ok,20.844
bot-016,01a0b92a-0a32-74b6-b5d6-b49d612baff5,64,35189313,35194244,ACCEPTED,,35194283,ok,4.970
bot-016,01a0b92a-0c35-7264-990e-36d792f58c68,65,35704054,35744447,ACCEPTED,,35744491,ok,40.437
bot-016,01a0b92a-0e2c-73b4-ab7c-f2e8507139d2,66,36207557,36244329,ACCEPTED,,36244391,ok,36.834
bot-016,01a0b92a-1025-75c2-b5b7-d79a1bff645d,67,36712573,36744586,ACCEPTED,,36744644,ok,32.071
bot-016,01a0b92a-1228-702a-a644-3b6b277a858d,68,37226949,37244335,ACCEPTED,,37244363,ok,17.414
bot-016,01a0b92a-141d-7772-84fd-9fb0db1cab99,69,37728380,37744566,ACCEPTED,,37744592,ok,16.212
bot-016,01a0b92a-1621-7203-bc28-ec03ac1753fe,70,38244057,38294691,ACCEPTED,,38294753,ok,50.696
bot-016,01a0b92a-1817-7574-badf-5febdfc26f58,71,38746180,38794345,ACCEPTED,,38794398,ok,48.218
bot-016,01a0b92a-1a10-733c-a2e2-8f316e6b9e3d,72,39250714,39294596,ACCEPTED,,39294642,ok,43.928
bot-016,01a0b92a-1c0a-7505-a518-3d1fa35e82a6,73,39756954,39794713,ACCEPTED,,39794743,ok,37.789
bot-016,01a0b92a-1dff-7269-9bf3-d0c72f0e3547,74,40258418,40294285,ACCEPTED,,40294315,ok,35.897
bot-016,01a0b92a-1ff9-765f-b426-3f0b2234067b,75,40764074,40794810,ACCEPTED,,40794849,ok,30.775
bot-016,01a0b92a-21f2-7287-b53f-b80e0931ab95,76,41268837,41294505,ACCEPTED,,41294549,ok,25.712
bot-016,01a0b92a-23eb-744c-9468-41dc278e4905,77,41773689,41794389,ACCEPTED,,41794438,ok,20.749
bot-016,01a0b92a-25ee-70bd-878a-e427527ca28d,78,42289165,42294514,ACCEPTED,,42294549,ok,5.384
bot-016,01a0b92a-27e4-7146-b5f6-7a190ec30a6c,79,42790674,42794389,ACCEPTED,,42794424,ok,3.750
bot-016,01a0b92a-29e4-762e-a115-72e000e37191,80,43303537,43344413,ACCEPTED,,43344467,ok,40.930
bot-016,01a0b92a-2bde-7307-a2f0-9a6221b8498a,81,43809276,43844403,ACCEPTED,,43844461,ok,35.185
bot-016,01a0b92a-2dd3-75f5-899f-86184cb04811,82,44310024,44344680,ACCEPTED,,44344737,ok,34.713
bot-016,01a0b92a-2fc9-773f-994a-08b9f83795f1,83,44812171,44844347,ACCEPTED,,44844400,ok,32.229
bot-016,01a0b92a-31cb-747c-b861-8f00f30f319e,84,45326084,45344464,ACCEPTED,,45344506,ok,18.422
bot-016,01a0b92a-33c2-74f9-9674-816aed99069d,85,45829139,45844657,ACCEPTED,,45844683,ok,15.544
bot-016,01a0b92a-35c5-70e5-94b3-96bf19da34a5,86,46344115,46394349,ACCEPTED,,46394381,ok,50.266
bot-016,01a0b92a-37ba-7205-8777-6e7ac55982e2,87,46845377,46894695,ACCEPTED,,46894751,ok,49.374
bot-016,01a0b92a-39b0-77cf-a485-bcab325692be,88,47346666,47394608,ACCEPTED,,47394658,ok,47.992
bot-016,01a0b92a-3ba7-7422-bfa5-66ab71f91a91,89,47850100,47894429,ACCEPTED,,47894453,ok,44.353
bot-016,01a0b92a-3d9f-7364-b598-43f03975bd24,90,48354353,48394375,ACCEPTED,,48394405,ok,40.052
bot-016,01a0b92a-3fa3-74aa-94d9-a0d9e1202635,91,48869604,48894312,ACCEPTED,,48894368,ok,24.764
bot-016,01a0b92a-41a4-77c6-a1b5-2ef5b7afca37,92,49382825,49394286,ACCEPTED,,49394331,ok,11.506
bot-016,01a0b92a-43a1-7743-ac5c-8f6fb68575e8,93,49891988,49894650,ACCEPTED,,49894688,ok,2.700
bot-016,01a0b92a-4597-74d1-aa6e-e043ad27ff62,94,50393584,50394628,ACCEPTED,,50394669,ok,1.085
bot-016,01a0b92a-4797-772b-8241-c2b03b2a0fe6,95,50905892,50944424,ACCEPTED,,50944476,ok,38.584
bot-016,01a0b92a-498e-7091-8c44-97a4b4b4f8f7,96,51408927,51444431,ACCEPTED,,51444484,ok,35.557
bot-016,01a0b92a-4b84-70c8-8066-3ef83d9f620b,97,51910610,51944651,ACCEPTED,,51944685,ok,34.075
bot-016,01a0b92a-4d7e-76f6-bca3-955bd05e3f49,98,52417160,52444550,ACCEPTED,,52444601,ok,27.441
bot-016,01a0b92a-4f78-7438-a00e-ecc38e6c2a97,99,52923235,52944455,ACCEPTED,,52944482,ok,21.247
bot-016,01a0b92a-517a-7560-90e0-71d3af49a6d5,100,53437373,53444744,ACCEPTED,,53444803,ok,7.430
bot-016,01a0b92a-5374-724d-8df1-23da8d01c747,101,53942779,53944503,ACCEPTED,,53944538,ok,1.759
bot-016,01a0b92a-5577-72e1-b551-6de9afa95118,102,54457714,54494725,ACCEPTED,,54494768,ok,37.054
bot-016,01a0b92a-576c-74a8-9346-48290b184ddd,103,54959313,54994632,ACCEPTED,,54994682,ok,35.369
bot-016,01a0b92a-5963-76f5-aede-15060fa737d6,104,55462475,55494917,ACCEPTED,,55494945,ok,32.470
bot-016,01a0b92a-5b59-71b5-9d5d-16d6f50fda97,105,55964557,55994319,ACCEPTED,,55994351,ok,29.794
bot-016,01a0b92a-5d4f-71a2-88e2-0ae2545a983d,106,56466339,56494352,ACCEPTED,,56494399,ok,28.060
bot-016,01a0b92a-5f48-7089-8fc8-82146ef9fc7b,107,56970796,56994436,ACCEPTED,,56994482,ok,23.686
bot-016,01a0b92a-613d-754e-97f0-fc4f7aa889ff,108,57471608,57494423,ACCEPTED,,57494465,ok,22.857
bot-016,01a0b92a-6336-735f-8959-a924a1df8b92,109,57977283,57994494,ACCEPTED,,57994528,ok,17.245
bot-016,01a0b92a-652e-733e-8af8-056ef7608a0c,110,58480576,58494613,ACCEPTED,,58494639,ok,14.063
bot-016,01a0b92a-6724-72b1-bc08-736d3ae62f03,111,58982845,58994669,ACCEPTED,,58994707,ok,11.862
bot-016,01a0b92a-691b-7363-9b1e-c475f20e0939,112,59485701,59494423,ACCEPTED,,59494451,ok,8.750
bot-016,01a0b92a-6b18-7425-8778-13337432dd43,113,59994667,60044656,ACCEPTED,,60044690,ok,50.023
bot-016,01a0b92a-6d17-71da-883c-f7b29eb4ce94,114,60505850,60544565,ACCEPTED,,60544610,ok,38.760
bot-016,01a0b92a-6f11-7706-8a3b-0c00d5815e6d,115,61011803,61044472,ACCEPTED,,61044530,ok,32.727
bot-016,01a0b92a-7114-70ec-a172-c1735b00179c,116,61526684,61544748,ACCEPTED,,61544795,ok,18.111
bot-016,01a0b92a-7311-73ac-b736-a2a33a1c82f5,117,62035858,62044195,ACCEPTED,,62044226,ok,8.368
bot-016,01a0b92a-7506-7039-bea1-6f0d9b3b02dd,118,62537101,62544514,ACCEPTED,,62544545,ok,7.444
bot-017,01a0b929-8c75-73c5-bf10-e1349ed4f68e,0,2999920,3044627,ACCEPTED,,3044654,ok,44.734
bot-017,01a0b929-8e6a-7268-a5eb-601b49412c6b,1,3500615,3544405,ACCEPTED,,3544456,ok,43.841
bot-017,01a0b929-905f-7483-9499-8b268b14b30d,2,4002218,4044600,ACCEPTED,,4044662,ok,42.444
bot-017,01a0b929-9255-7019-b74f-1b189e6f7717,3,4504120,4544547,ACCEPTED,,4544580,ok,40.460
bot-017,01a0b929-944c-7535-b41c-1476f2e5b20e,4,5006818,5044594,ACCEPTED,,5044630,ok,37.812
bot-017,01a0b929-964f-774f-ad38-b061e8b2957b,5,5522117,5544482,ACCEPTED,,5544528,ok,22.411
bot-017,01a0b929-9848-73df-a92b-5435f47ee17d,6,6026726,6044451,ACCEPTED,,6044504,ok,17.778
bot-017,01a0b929-9a3f-7208-bd7f-574b259b5273,7,6529816,6544249,ACCEPTED,,6544301,ok,14.485
bot-017,01a0b929-9c36-735d-a739-20ca7562f57d,8,7032602,7044379,ACCEPTED,,7044432,ok,11.830
bot-017,01a0b929-9e2d-73d3-b031-100ed261b2c8,9,7535990,7544649,ACCEPTED,,7544667,ok,8.677
bot-017,01a0b929-a025-74c6-a264-ba93fa872832,10,8040139,8044390,ACCEPTED,,8044434,ok,4.295
bot-017,01a0b929-a21c-7319-95be-ec8cf2d615cd,11,8543145,8544296,ACCEPTED,,8544324,ok,1.179
bot-017,01a0b929-a411-7206-a649-6a3c4ed62c7a,12,9044356,9094206,ACCEPTED,,9094263,ok,49.907
bot-017,01a0b929-a607-7566-a6d6-9bcd786b86a8,13,9546433,9594442,ACCEPTED,,9594487,ok,48.054
bot-017,01a0b929-a7ff-7725-84ea-96b5c9fb8f0c,14,10049758,10094262,ACCEPTED,,10094307,ok,44.549
bot-017,01a0b929-a9f7-721b-871b-813bc691ee9b,15,10553908,10594573,ACCEPTED,,10594621,ok,40.713
bot-017,01a0b929-abf1-706d-8fe4-b0f081a5a990,16,11060084,11094510,ACCEPTED,,11094559,ok,34.475
bot-017,01a0b929-ade9-71fc-8762-15ac2175b44f,17,11564243,11594247,ACCEPTED,,11594273,ok,30.030
bot-017,01a0b929-afe4-7230-84dc-864a8e1312c3,18,12071407,12094413,ACCEPTED,,12094446,ok,23.039
bot-017,01a0b929-b1e7-7782-aad5-a6c978fc157d,19,12586489,12594616,ACCEPTED,,12594667,ok,8.178
bot-017,01a0b929-b3e4-740e-a889-8769c95b9a8b,20,13094710,13144717,ACCEPTED,,13144761,ok,50.051
bot-017,01a0b929-b5de-755d-846b-1ccce22c7c11,21,13601050,13644368,ACCEPTED,,13644398,ok,43.348
bot-017,01a0b929-b7e0-764f-aee8-b980dba1d1f9,22,14115420,14144500,ACCEPTED,,14144541,ok,29.121
bot-017,01a0b929-b9e3-74ec-acd5-ff7f33214bd9,23,14630065,14644558,ACCEPTED,,14644609,ok,14.544
bot-017,01a0b929-bbd9-7242-ae4f-39b25ef4785f,24,15132117,15144230,ACCEPTED,,15144263,ok,12.146
bot-017,01a0b929-bdd1-76a7-8b3f-f86dee575f7e,25,15636019,15644707,ACCEPTED,,15644757,ok,8.738
bot-017,01a0b929-bfcb-75e4-a6d0-463f4e248334,26,16142024,16144594,ACCEPTED,,16144644,ok,2.620
bot-017,01a0b929-c1c0-7798-a042-3ff52ab41208,27,16642948,16644483,ACCEPTED,,16644529,ok,1.581
bot-017,01a0b929-c3b5-7682-b22c-a433a2ad28b1,28,17144491,17194482,ACCEPTED,,17194539,ok,50.048
bot-017,01a0b929-c5ba-702d-9aaa-7d528fa9cf55,29,17661317,17694297,ACCEPTED,,17694350,ok,33.033
bot-017,01a0b929-c7b3-7614-83be-205bd713311f,30,18166278,18194543,ACCEPTED,,18194574,ok,28.296
bot-017,01a0b929-c9aa-718d-84b7-53fad0397a10,31,18668831,18694411,ACCEPTED,,18694451,ok,25.620
bot-017,01a0b929-cbac-76fc-9f1f-a277ab9636df,32,19182943,19194524,ACCEPTED,,19194561,ok,11.618
bot-017,01a0b929-cdab-77f2-a8db-7d5ba4666ceb,33,19694268,19744423,ACCEPTED,,19744453,ok,50.185
bot-017,01a0b929-cfa0-72cd-b43f-f50bec1c7e88,34,20194676,20244760,ACCEPTED,,20244822,ok,50.146
bot-017,01a0b929-d19b-72e1-8331-09fd6439adfb,35,20701783,20744738,ACCEPTED,,20744798,ok,43.015
bot-017,01a0b929-d390-73a8-9d1e-7e131debaac9,36,21202747,21244644,ACCEPTED,,21244696,ok,41.949
bot-017,01a0b929-d58b-77ca-ac5d-a25418820356,37,21710247,21744519,ACCEPTED,,21744543,ok,34.296
bot-017,01a0b929-d78e-75ec-a914-ffda1e78306a,38,22224578,22244410,ACCEPTED,,22244452,ok,19.874
bot-017,01a0b929-d986-777f-8939-0145f90ed989,39,22728908,22744772,ACCEPTED,,22744810,ok,15.902
bot-017,01a0b929-db89-7463-8502-fd6a01ed586b,40,23243925,23244542,ACCEPTED,,23244573,ok,0.648
bot-017,01a0b929-dd81-7277-9886-389d30177ca6,41,23747942,23794902,ACCEPTED,,23794930,ok,46.988
bot-017,01a0b929-df76-75f7-b235-ce873c676e8c,42,24249171,24294554,ACCEPTED,,24294581,ok,45.410
bot-017,01a0b929-e16d-7023-9ad8-922e8c08808d,43,24751619,24794801,ACCEPTED,,24794851,ok,43.232
bot-017,01a0b929-e362-7687-9c97-622d45f4802d,44,25252979,25294348,ACCEPTED,,25294389,ok,41.410
bot-017,01a0b929-e557-7189-a8f7-62fb7b1551a8,45,25754480,25794304,ACCEPTED,,25794358,ok,39.878
bot-017,01a0b929-e74d-725b-b635-2202f083e0cc,46,26255836,26294742,ACCEPTED,,26294797,ok,38.961
bot-017,01a0b929-e948-761d-b271-ab8ebcb71790,47,26763446,26794699,ACCEPTED,,26794740,ok,31.294
bot-017,01a0b929-eb42-7522-916b-9cb583484400,48,27269035,27294412,ACCEPTED,,27294461,ok,25.426
bot-017,01a0b929-ed39-7354-b030-c75efb0df77e,49,27772450,27794799,ACCEPTED,,27794852,ok,22.402
bot-017,01a0b929-ef30-70b1-a2ff-3d05493a95cb,50,28274766,28294218,ACCEPTED,,28294278,ok,19.512
bot-017,01a0b929-f129-7629-b937-8ef08d8dd489,51,28779617,28794197,ACCEPTED,,28794242,ok,14.625
bot-017,01a0b929-f31f-7620-aa1b-8a070e2b315b,52,29281883,29294545,ACCEPTED,,29294581,ok,12.698
bot-017,01a0b929-f517-725c-907e-efb996fbae40,53,29785965,29794303,ACCEPTED,,29794321,ok,8.356
bot-017,01a0b929-f70d-7137-a377-d97b073d2abf,54,30288295,30294465,ACCEPTED,,30294520,ok,6.225
bot-017,01a0b929-f905-7160-ac03-5166c3ddcb02,55,30791872,30794779,ACCEPTED,,30794805,ok,2.933
bot-017,01a0b929-fafc-73ce-b38b-7ce7b7066004,56,31294673,31344252,ACCEPTED,,31344293,ok,49.620
bot-017,01a0b929-fcfd-72c8-bedf-49d999479899,57,31807938,31844707,ACCEPTED,,31844752,ok,36.814
bot-017,01a0b929-fef4-7051-8aa6-ccd3dad91165,58,32310926,32344793,ACCEPTED,,32344833,ok,33.907
bot-017,01a0b92a-00ef-73a5-8d88-47f61dde2694,59,32818330,32844652,ACCEPTED,,32844674,ok,26.344
bot-017,01a0b92a-02f1-75d7-9060-ede4dabd8101,60,33332101,33344632,ACCEPTED,,33344666,ok,12.565
bot-017,01a0b92a-04e8-7700-81c2-166d34431b3e,61,33835204,33844653,ACCEPTED,,33844691,ok,9.487
bot-017,01a0b92a-06df-73c4-b792-cf31b736709b,62,34338416,34344538,ACCEPTED,,34344589,ok,6.173
bot-017,01a0b92a-08da-74fd-95f0-5f58b96e73c5,63,34844803,34894523,ACCEPTED,,34894579,ok,49.776
bot-017,01a0b92a-0ad8-773a-882e-c656deeb7ec6,64,35355254,35394796,ACCEPTED,,35394821,ok,39.567
bot-017,01a0b92a-0cce-75b2-84ea-dba191bc8e76,65,35856650,35894623,ACCEPTED,,35894668,ok,38.018
bot-017,01a0b92a-0ec3-71fd-8b9c-6bba67df813f,66,36358546,36394592,ACCEPTED,,36394647,ok,36.101
bot-017,01a0b92a-10bc-7412-b0f9-37c64e50cb24,67,36863370,36894430,ACCEPTED,,36894491,ok,31.121
bot-017,01a0b92a-12c0-705b-9849-a6a68065b526,68,37378616,37394613,ACCEPTED,,37394652,ok,16.036
bot-017,01a0b92a-14c3-7648-b52a-b6e1ec9c6e79,69,37894179,37944509,ACCEPTED,,37944542,ok,50.363
bot-017,01a0b92a-16b7-76d7-8c2e-f2217b5c6990,70,38394507,38444470,ACCEPTED,,38444508,ok,50.001
bot-017,01a0b92a-18b0-7714-b693-7a79e52f3b57,71,38899379,38944503,ACCEPTED,,38944547,ok,45.168
bot-017,01a0b92a-1aa6-7687-812f-16d6cfad9f22,72,39400957,39444707,ACCEPTED,,39444766,ok,43.809
bot-017,01a0b92a-1ca1-767d-96e4-07272e9267dc,73,39907885,39944740,ACCEPTED,,39944791,ok,36.906
bot-017,01a0b92a-1e96-7368-940f-becbb2bef912,74,40409477,40444764,ACCEPTED,,40444789,ok,35.312
bot-017,01a0b92a-2091-77da-8c54-e013f05fa0a0,75,40916387,40944560,ACCEPTED,,40944605,ok,28.218
bot-017,01a0b92a-228a-756d-bd2b-da6ee579df29,76,41421366,41444564,ACCEPTED,,41444594,ok,23.228
bot-017,01a0b92a-2483-7202-9e3d-42e8683d9ed8,77,41926194,41944804,ACCEPTED,,41944838,ok,18.644
bot-017,01a0b92a-2678-7024-9afc-fc81b6448a5c,78,42427138,42444762,ACCEPTED,,42444794,ok,17.656
bot-017,01a0b92a-287b-74b5-8806-5e66b291c60d,79,42941847,42944743,ACCEPTED,,42944764,ok,2.917
bot-017,01a0b92a-2a72-76c1-9fd4-8398d90ef002,80,43444778,43494542,ACCEPTED,,43494589,ok,49.811
bot-017,01a0b92a-2c67-7448-8e5e-5a9868834601,81,43945573,43994821,ACCEPTED,,43994856,ok,49.283
bot-017,01a0b92a-2e5d-759c-a1b5-de554342af19,82,44447842,44494669,ACCEPTED,,44494719,ok,46.877
bot-017,01a0b92a-3052-71ee-8cb9-d5b9f1647ca2,83,44948787,44994693,ACCEPTED,,44994721,ok,45.934
bot-017,01a0b92a-3254-77be-b631-e7590ea3fe0a,84,45463260,45494842,ACCEPTED,,45494870,ok,31.610
bot-017,01a0b92a-3449-7252-b7b5-0a4ef1a8ebd2,85,45963784,45994842,ACCEPTED,,45994871,ok,31.087
bot-017,01a0b92a-364c-7024-88bd-f3f512c3afce,86,46478735,46495151,ACCEPTED,,46495181,ok,16.446
bot-017,01a0b92a-3846-744a-96bb-2d8949f7eabb,87,46985457,46994535,ACCEPTED,,46994555,ok,9.098
bot-017,01a0b92a-3a43-76f0-8b00-62cd42bf3e42,88,47494472,47544578,ACCEPTED,,47544611,ok,50.139
bot-017,01a0b92a-3c41-77d4-bb90-f8fad6653df7,89,48003907,48044653,ACCEPTED,,48044693,ok,40.786
bot-017,01a0b92a-3e42-7495-bc4a-5c33a753f31c,90,48516803,48544191,ACCEPTED,,48544217,ok,27.414
bot-017,01a0b92a-4039-76d0-b3e0-10731d72eb40,91,49020153,49044663,ACCEPTED,,49044704,ok,24.551
bot-017,01a0b92a-422e-760f-a00d-f05a2af44266,92,49520788,49544961,ACCEPTED,,49544986,ok,24.198
bot-017,01a0b92a-442a-71bf-a150-225cf46b4c25,93,50029351,50044680,ACCEPTED,,50044706,ok,15.355
bot-017,01a0b92a-4627-7220-bbfa-41397ba22bb8,94,50537630,50544501,ACCEPTED,,50544528,ok,6.898
bot-017,01a0b92a-481f-747c-8bf3-8b5bb7737a98,95,51042351,51044422,ACCEPTED,,51044459,ok,2.108
bot-017,01a0b92a-4a16-77eb-ab37-821d675045dc,96,51545514,51594589,ACCEPTED,,51594613,ok,49.099
bot-017,01a0b92a-4c0e-7063-bb2a-57e5ff393997,97,52049322,52094633,ACCEPTED,,52094688,ok,45.366
bot-017,01a0b92a-4e08-725b-a8b2-9763decab042,98,52554730,52594476,ACCEPTED,,52594495,ok,39.765
bot-017,01a0b92a-4fff-716c-8d0f-fd3237ef38a2,99,53058296,53094740,ACCEPTED,,53094766,ok,36.470
bot-017,01a0b92a-51f6-75ed-ab62-b8447d5ce074,100,53561215,53594584,ACCEPTED,,53594599,ok,33.384
bot-017,01a0b92a-53ed-743a-9a83-f8cc560244bf,101,54064474,54094598,ACCEPTED,,54094662,ok,30.188
bot-017,01a0b92a-55f0-7663-a76f-dffda39a237f,102,54579336,54594673,ACCEPTED,,54594692,ok,15.356
bot-017,01a0b92a-57e7-712d-9a11-c662086b309d,103,55082099,55094712,ACCEPTED,,55094735,ok,12.636
bot-017,01a0b92a-59dd-724b-8d66-3dfa7d2aa27f,104,55584269,55594564,ACCEPTED,,55594574,ok,10.305
bot-017,01a0b92a-5bd5-75c5-b8ee-08d85e596c11,105,56087824,56094640,ACCEPTED,,56094656,ok,6.832
bot-017,01a0b92a-5dcb-7304-976b-4de73c366728,106,56590322,56594764,ACCEPTED,,56594782,ok,4.460
bot-017,01a0b92a-5fc1-739c-b708-3aa04280fe0d,107,57091738,57094689,ACCEPTED,,57094706,ok,2.968
bot-017,01a0b92a-61b7-705e-bbe2-2e2f9b9b3c61,108,57594248,57644683,ACCEPTED,,57644702,ok,50.454
bot-017,01a0b92a-63af-73ce-bd97-9a8f5eec2073,109,58097661,58144784,ACCEPTED,,58144803,ok,47.142
bot-017,01a0b92a-65a7-7237-94e1-8376e8b53043,110,58601818,58644475,ACCEPTED,,58644518,ok,42.700
bot-017,01a0b92a-679d-7111-83b1-65f726cd5f16,111,59104385,59144753,ACCEPTED,,59144769,ok,40.384
bot-017,01a0b92a-6995-74fa-85b0-adb214226ac7,112,59607744,59644662,ACCEPTED,,59644684,ok,36.940
bot-017,01a0b92a-6b8a-721a-bca7-a7cec3d1b182,113,60108922,60144604,ACCEPTED,,60144622,ok,35.700
bot-017,01a0b92a-6d83-7699-81b5-495cb6dacd5e,114,60613905,60645034,ACCEPTED,,60645055,ok,31.150
bot-017,01a0b92a-6f7b-73a5-b4be-618488485681,115,61117731,61144658,ACCEPTED,,61144676,ok,26.945
bot-017,01a0b92a-717f-73bb-b51a-513a46c49fd4,116,61633754,61644344,ACCEPTED,,61644360,ok,10.606
bot-017,01a0b92a-737c-732e-8c6d-205d9fc46dc2,117,62142818,62144668,ACCEPTED,,62144694,ok,1.876
bot-017,01a0b92a-7572-7238-a4bc-91741500717e,118,62644653,62694559,ACCEPTED,,62694581,ok,49.928
bot-018,01a0b929-8d38-7376-ac76-7f691fbc692a,0,3194623,3244528,ACCEPTED,,3244556,ok,49.933
bot-018,01a0b929-8f31-74b2-87ea-5679e1312174,1,3699641,3744211,ACCEPTED,,3744262,ok,44.621
bot-018,01a0b929-9134-7222-ab9a-44c1b156d9bb,2,4214701,4244449,ACCEPTED,,4244470,ok,29.769
bot-018,01a0b929-932a-726b-bf1c-d901d62069b6,3,4717007,4744769,ACCEPTED,,4744793,ok,27.786
bot-018,01a0b929-952c-7138-8797-8a464d32c5f7,4,5231415,5244385,ACCEPTED,,5244412,ok,12.997
bot-018,01a0b929-9726-750c-b41b-b2b1598f0cc3,5,5736704,5744476,ACCEPTED,,5744509,ok,7.805
bot-018,01a0b929-991d-763b-a07a-9cc34556a74d,6,6239697,6244572,ACCEPTED,,6244603,ok,4.906
bot-018,01a0b929-9b15-715b-96d1-3417fee7447e,7,6743781,6744430,ACCEPTED,,6744448,ok,0.667
bot-018,01a0b929-9d0a-72f2-8770-fc436a14f558,8,7244738,7294748,ACCEPTED,,7294780,ok,50.042
bot-018,01a0b929-9f02-72e8-ab9f-bf21d9afb530,9,7749448,7795076,ACCEPTED,,7795107,ok,45.659
bot-018,01a0b929-a0fb-7112-8bd5-62e1684d1a24,10,8254002,8294349,ACCEPTED,,8294398,ok,40.396
bot-018,01a0b929-a2f0-7437-94ca-b49bc30093c1,11,8755147,8794268,ACCEPTED,,8794326,ok,39.179
bot-018,01a0b929-a4e6-72d0-9088-6f82c763ae23,12,9257130,9294570,ACCEPTED,,9294614,ok,37.484
bot-018,01a0b929-a6dd-7137-a944-675e252c9164,13,9760246,9794795,ACCEPTED,,9794851,ok,34.605
bot-018,01a0b929-a8d5-7277-8618-c3b7ecaa8c7b,14,10264333,10294791,ACCEPTED,,10294851,ok,30.518
bot-018,01a0b929-aacd-7515-bc45-3867fd235062,15,10768293,10794457,ACCEPTED,,10794500,ok,26.207
bot-018,01a0b929-acc6-7467-a457-8d0da1abdaeb,16,11273508,11294481,ACCEPTED,,11294517,ok,21.009
bot-018,01a0b929-aec0-7449-aa84-3456629de7a2,17,11779016,11794518,ACCEPTED,,11794558,ok,15.542
bot-018,01a0b929-b0b9-7066-be5b-3f23cc89647f,18,12283743,12294622,ACCEPTED,,12294676,ok,10.933
bot-018,01a0b929-b2ad-7782-b611-21dc832bb07e,19,12784500,12794916,ACCEPTED,,12794929,ok,10.429
bot-018,01a0b929-b4ac-7226-86a5-8c9e5b3a3c5d,20,13294810,13344538,ACCEPTED,,13344563,ok,49.753
bot-018,01a0b929-b6a2-7464-982c-7f7fb8d5bf26,21,13797468,13844407,ACCEPTED,,13844442,ok,46.974
bot-018,01a0b929-b8a4-76ac-b0a0-12dc26e65c41,22,14311067,14344316,ACCEPTED,,14344378,ok,33.311
bot-018,01a0b929-ba99-773a-8dc9-14442950594e,23,14812042,14844620,ACCEPTED,,14844652,ok,32.610
bot-018,01a0b929-bc8f-7690-850a-f39215bd8c6b,24,15314379,15344490,ACCEPTED,,15344524,ok,30.145
bot-018,01a0b929-be8a-7260-be9d-59fc247714cd,25,15820889,15844710,ACCEPTED,,15844744,ok,23.855
bot-018,01a0b929-c082-76d5-97fd-00dd0425184c,26,16324792,16344380,ACCEPTED,,16344397,ok,19.605
bot-018,01a0b929-c285-77ce-b466-51fa86b800d5,27,16840333,16844297,ACCEPTED,,16844356,ok,4.023
bot-018,01a0b929-c47d-77a0-906f-7b709ed0df82,28,17343937,17344551,ACCEPTED,,17344569,ok,0.632
bot-018,01a0b929-c672-7693-b2a6-5137f2f0dfd5,29,17844788,17894711,ACCEPTED,,17894754,ok,49.966
bot-018,01a0b929-c86a-7062-af1d-7edfc2485e1c,30,18348720,18394752,ACCEPTED,,18394779,ok,46.059
bot-018,01a0b929-ca5f-73e8-b6d3-3502dfc15d85,31,18850160,18894458,ACCEPTED,,18894510,ok,44.350
bot-018,01a0b929-cc54-705a-909d-56f2d5bfb382,32,19350728,19394413,ACCEPTED,,19394464,ok,43.736
bot-018,01a0b929-ce54-71f5-9c14-d8b0b9286663,33,19863288,19894806,ACCEPTED,,19894827,ok,31.539
bot-018,01a0b929-d04c-7065-8d6f-a78a33769539,34,20366783,20394358,ACCEPTED,,20394396,ok,27.613
bot-018,01a0b929-d246-753b-91bd-e7cf508a3b61,35,20873009,20894486,ACCEPTED,,20894515,ok,21.506
bot-018,01a0b929-d446-70d8-8d53-07ba853aaca9,36,21385260,21394627,ACCEPTED,,21394657,ok,9.397
bot-018,01a0b929-d642-706f-9a6d-bdcbde02133f,37,21893132,21894742,ACCEPTED,,21894761,ok,1.629
bot-018,01a0b929-d837-7345-a5f8-98a3d6805501,38,22394310,22444509,ACCEPTED,,22444531,ok,50.221
bot-018,01a0b929-da2e-7256-970a-47aced9f6a81,39,22897410,22944435,ACCEPTED,,22944488,ok,47.078
bot-018,01a0b929-dc30-7313-9f50-87089107b372,40,23411047,23444388,ACCEPTED,,23444441,ok,33.394
bot-018,01a0b929-de28-763a-9ca4-eb2f4ed49f03,41,23915072,23944649,ACCEPTED,,23944676,ok,29.604
bot-018,01a0b929-e01e-703f-a611-d98bbb0e49f0,42,24416807,24444743,ACCEPTED,,24444762,ok,27.955
bot-018,01a0b929-e216-76b4-8319-fb5806ef4a84,43,24921329,24944366,ACCEPTED,,24944393,ok,23.064
bot-018,01a0b929-e417-708e-bb52-f3d55381e9d1,44,25433969,25444637,ACCEPTED,,25444656,ok,10.687
bot-018,01a0b929-e60f-71ff-b09b-96f83ee4ddec,45,25937893,25944650,ACCEPTED,,25944678,ok,6.785
bot-018,01a0b929-e807-77ca-a159-22626a0de75e,46,26442504,26444572,ACCEPTED,,26444596,ok,2.092
bot-018,01a0b929-ea02-71e4-9abc-d37282977960,47,26948679,26994897,ACCEPTED,,26994932,ok,46.253
bot-018,01a0b929-ebfa-7117-8310-aa8fc3cfc2f1,48,27452961,27494328,ACCEPTED,,27494373,ok,41.412
bot-018,01a0b929-edf0-728d-9b62-1f1e805e75b6,49,27955498,27994526,ACCEPTED,,27994566,ok,39.068
bot-018,01a0b929-efe8-772f-83ae-f4c0116dfff2,50,28458559,28494546,ACCEPTED,,28494563,ok,36.004
bot-018,01a0b929-f1e0-7107-9485-cfff2e30fbc4,51,28963268,28994680,ACCEPTED,,28994713,ok,31.445
bot-018,01a0b929-f3d7-70c1-bf47-51337e8b2579,52,29466188,29494603,ACCEPTED,,29494650,ok,28.462
bot-018,01a0b929-f5d1-7799-b3b9-14dd01e2c522,53,29971825,29994687,ACCEPTED,,29994704,ok,22.879
bot-018,01a0b929-f7d4-770a-8d6f-92911c1e048a,54,30486712,30494515,ACCEPTED,,30494536,ok,7.824
bot-018,01a0b929-f9c9-737d-af3d-4783042cb80e,55,30988346,30994623,ACCEPTED,,30994662,ok,6.316
bot-018,01a0b929-fbce-7268-9113-39e11739b0b5,56,31505149,31544287,ACCEPTED,,31544344,ok,39.195
bot-018,01a0b929-fdc4-7589-92af-1285b001a864,57,32006577,32044556,ACCEPTED,,32044573,ok,37.996
bot-018,01a0b929-ffbf-7658-b2fc-80771a3bad93,58,32514135,32544495,ACCEPTED,,32544525,ok,30.390
bot-018,01a0b92a-01c2-7618-87ed-81cc551ae692,59,33029184,33045027,ACCEPTED,,33045041,ok,15.857
bot-018,01a0b92a-03c5-7025-afe6-ca1955ff237c,60,33544529,33594505,ACCEPTED,,33594537,ok,50.008
bot-018,01a0b92a-05bc-76cf-8218-71d7e396c8ab,61,34047121,34094600,ACCEPTED,,34094618,ok,47.497
bot-018,01a0b92a-07b5-7491-9f7a-a33a067883d0,62,34551990,34594361,ACCEPTED,,34594383,ok,42.393
bot-018,01a0b92a-09aa-7059-bfc5-157b27e9942d,63,35053319,35094521,ACCEPTED,,35094580,ok,41.261
bot-018,01a0b92a-0bac-7600-a011-fcf44bff2f28,64,35567254,35594730,ACCEPTED,,35594787,ok,27.533
bot-018,01a0b92a-0da3-70ef-87c7-3feaf151582f,65,36070455,36094630,ACCEPTED,,36094668,ok,24.213
bot-018,01a0b92a-0f9a-7200-8a90-82d1d8d8081f,66,36572937,36594741,ACCEPTED,,36594773,ok,21.836
bot-018,01a0b92a-1191-74b4-8f2b-0e10a46499bc,67,37076298,37094744,ACCEPTED,,37094790,ok,18.492
bot-018,01a0b92a-1395-72b1-8bff-df71d2e7d19f,68,37591756,37594389,ACCEPTED,,37594409,ok,2.653
bot-018,01a0b92a-1598-7128-afaa-f818cda7aab4,69,38107446,38144834,ACCEPTED,,38144853,ok,37.407
bot-018,01a0b92a-179d-7650-ba06-737cdaaad307,70,38623692,38644659,ACCEPTED,,38644697,ok,21.005
bot-018,01a0b92a-1993-77a5-be9c-2762cab54e77,71,39126281,39144433,ACCEPTED,,39144456,ok,18.175
bot-018,01a0b92a-1b8e-7224-91fa-ab7aea0addc4,72,39632716,39644643,ACCEPTED,,39644693,ok,11.977
bot-018,01a0b92a-1d85-72cb-b9bc-41edebdcc93b,73,40135708,40144633,ACCEPTED,,40144664,ok,8.956
bot-018,01a0b92a-1f7c-7516-b586-c7d484f0b564,74,40638678,40644794,ACCEPTED,,40644813,ok,6.135
bot-018,01a0b92a-2176-7027-ae55-7631d6c0db55,75,41144664,41194542,ACCEPTED,,41194569,ok,49.905
bot-018,01a0b92a-236f-7260-819d-29fa5d1fcfa1,76,41650249,41694387,ACCEPTED,,41694424,ok,44.175
bot-018,01a0b92a-2565-7617-86d1-fa2d46301f83,77,42152016,42194648,ACCEPTED,,42194704,ok,42.688
bot-018,01a0b92a-275b-7617-a3a2-ef06d6d111c0,78,42654293,42694484,ACCEPTED,,42694506,ok,40.213
bot-018,01a0b92a-295c-7069-8bb5-41cf53125ef5,79,43166706,43194910,ACCEPTED,,43194940,ok,28.234
bot-018,01a0b92a-2b52-70aa-bd58-dd5ebbfc8ee1,80,43668645,43694281,ACCEPTED,,43694323,ok,25.678
bot-018,01a0b92a-2d4d-70e4-a3d8-48328fae8bcf,81,44175649,44194574,ACCEPTED,,44194595,ok,18.946
bot-018,01a0b92a-2f4f-75b0-9bef-a4276e40dff4,82,44690145,44694692,ACCEPTED,,44694708,ok,4.563
bot-018,01a0b92a-3153-7687-aaf4-4f4d9789b8e0,83,45205659,45244778,ACCEPTED,,45244830,ok,39.171
bot-018,01a0b92a-3356-7741-9b1c-7c6b0f7f9a0a,84,45721022,45744796,ACCEPTED,,45744813,ok,23.791
bot-018,01a0b92a-354d-7373-aef6-ee4126f20c83,85,46223582,46244468,ACCEPTED,,46244497,ok,20.915
bot-018,01a0b92a-3750-7149-b78f-53b7ce680756,86,46739103,46744649,ACCEPTED,,46744676,ok,5.573
bot-018,01a0b92a-3946-717c-b2a2-3b8f9f64981c,87,47240634,47244283,ACCEPTED,,47244334,ok,3.700
bot-018,01a0b92a-3b3c-7079-8e9f-a3f90bba25a9,88,47743250,47744314,ACCEPTED,,47744344,ok,1.094
bot-018,01a0b92a-3d36-700f-90fa-e6b2b9ad33c3,89,48248813,48294785,ACCEPTED,,48294814,ok,46.001
bot-018,01a0b92a-3f37-728e-89db-64333f97d5da,90,48762418,48794485,ACCEPTED,,48794533,ok,32.115
bot-018,01a0b92a-413a-73ed-9846-6354cff17490,91,49277425,49294338,ACCEPTED,,49294388,ok,16.963
bot-018,01a0b92a-4337-7442-8570-1a062d04859e,92,49785970,49794277,ACCEPTED,,49794314,ok,8.344
bot-018,01a0b92a-452d-76c7-8ccc-a8668c9e18f1,93,50288004,50294421,ACCEPTED,,50294440,ok,6.436
bot-018,01a0b92a-472d-70e1-9248-d26946d658c9,94,50800003,50845032,ACCEPTED,,50845068,ok,45.065
bot-018,01a0b92a-4924-70ff-9a42-08f57aa95a81,95,51302779,51344625,ACCEPTED,,51344647,ok,41.868
bot-018,01a0b92a-4b27-714b-84e0-e19e4fbe43d2,96,51817588,51844571,ACCEPTED,,51844594,ok,27.006
bot-018,01a0b92a-4d23-7074-9c83-6d3c4259ae6a,97,52325662,52344566,ACCEPTED,,52344605,ok,18.943
bot-018,01a0b92a-4f1d-7306-984b-d0d20b396ae8,98,52832164,52844641,ACCEPTED,,52844667,ok,12.503
bot-018,01a0b92a-5120-7673-bca7-ab71fe0cf2df,99,53347135,53395310,ACCEPTED,,53395330,ok,48.195
bot-018,01a0b92a-5319-7239-8e87-93c96cb6732c,100,53852242,53894669,ACCEPTED,,53894712,ok,42.470
bot-018,01a0b92a-551c-760a-87f8-7d640fca3560,101,54367116,54394343,ACCEPTED,,54394358,ok,27.242
bot-018,01a0b92a-5711-76c6-acaf-6d057f63bc23,102,54867936,54894521,ACCEPTED,,54894532,ok,26.596
bot-018,01a0b92a-590b-725c-9151-627ad58f6607,103,55373685,55394645,ACCEPTED,,55394672,ok,20.987
bot-018,01a0b92a-5b0d-7190-ad59-a6a7c90d3338,104,55888190,55894306,ACCEPTED,,55894328,ok,6.138
bot-018,01a0b92a-5d02-7605-96c4-a13735bd72b6,105,56389547,56394460,ACCEPTED,,56394497,ok,4.950
bot-018,01a0b92a-5efb-7671-b0ab-1e1c395c577f,106,56894398,56944843,ACCEPTED,,56944896,ok,50.498
bot-018,01a0b92a-6100-724c-add2-efdc010cd84a,107,57410571,57444513,ACCEPTED,,57444541,ok,33.970
bot-018,01a0b92a-62f9-7600-b318-f409056a4188,108,57916490,57944696,ACCEPTED,,57944727,ok,28.237
bot-018,01a0b92a-64ff-756c-8f3e-708f0fafdb47,109,58433996,58444647,ACCEPTED,,58444673,ok,10.677
bot-018,01a0b92a-66f6-749b-960c-b0fa625ea49a,110,58937277,58944615,ACCEPTED,,58944637,ok,7.360
bot-018,01a0b92a-68ed-7451-bf29-28548e6126ce,111,59439599,59444281,ACCEPTED,,59444305,ok,4.706
bot-018,01a0b92a-6af0-77c6-a7b5-1098c2d0aac4,112,59955515,59994786,ACCEPTED,,59994817,ok,39.302
bot-018,01a0b92a-6ce9-70a7-a063-1f4013df3d8a,113,60460501,60494436,ACCEPTED,,60494453,ok,33.952
bot-018,01a0b92a-6ee3-7706-a38d-3f3aa72b487c,114,60965694,60994720,ACCEPTED,,60994732,ok,29.038
bot-018,01a0b92a-70d8-72d0-a466-4d3ab21412a4,115,61466823,61494813,ACCEPTED,,61494843,ok,28.020
bot-018,01a0b92a-72d3-72bf-b3f0-c4f796d78a31,116,61974187,61994326,ACCEPTED,,61994379,ok,20.192
bot-018,01a0b92a-74ca-725c-80c1-17e27d8458d8,117,62476713,62494467,ACCEPTED,,62494508,ok,17.795
bot-018,01a0b92a-76cc-703f-a13c-e68af7a5ac09,118,62990992,62994473,ACCEPTED,,62994507,ok,3.515
bot-019,01a0b929-8f13-71f7-9951-aaf835d916f2,0,3669590,3694671,ACCEPTED,,3694704,ok,25.114
bot-019,01a0b929-9108-7669-840b-2eefa1e9e83d,1,4170833,4194499,ACCEPTED,,4194527,ok,23.694
bot-019,01a0b929-92fd-74e9-a61a-9ec3c205ccdf,2,4672114,4694357,ACCEPTED,,4694411,ok,22.297
bot-019,01a0b929-9500-77fa-b603-bdddf7998b7b,3,5186593,5194435,ACCEPTED,,5194461,ok,7.868
bot-019,01a0b929-96f8-732d-b715-251e626d1600,4,5690840,5694703,ACCEPTED,,5694726,ok,3.886
bot-019,01a0b929-98ef-75ed-b9e4-0e3e144c1f7f,5,6194158,6244488,ACCEPTED,,6244542,ok,50.384
bot-019,01a0b929-9ae3-70f7-a479-e208a423fb04,6,6694446,6744359,ACCEPTED,,6744408,ok,49.962
bot-019,01a0b929-9cdd-760b-9a72-4d42dfe1c55c,7,7200348,7244771,ACCEPTED,,7244801,ok,44.453
bot-019,01a0b929-9ed4-741a-8118-7a44687afa93,8,7702572,7744411,ACCEPTED,,7744462,ok,41.890
bot-019,01a0b929-a0cd-767f-8c1a-7cc76442f451,9,8207741,8244257,ACCEPTED,,8244297,ok,36.556
bot-019,01a0b929-a2c3-762f-8ce8-3865bd69cf1d,10,8709666,8744191,ACCEPTED,,8744236,ok,34.570
bot-019,01a0b929-a4b8-75ab-9534-537d01c5aeed,11,9211017,9244348,ACCEPTED,,9244395,ok,33.378
bot-019,01a0b929-a6b0-7033-a1c9-bade189f0978,12,9714602,9744382,ACCEPTED,,9744430,ok,29.828
bot-019,01a0b929-a8a8-7001-be4d-8e87c776730d,13,10218946,10244606,ACCEPTED,,10244648,ok,25.702
bot-019,01a0b929-aaa0-72c5-8b5f-56741ba8a3ec,14,10722919,10744355,ACCEPTED,,10744396,ok,21.477
bot-019,01a0b929-ac99-7177-87b7-aa07a08d4059,15,11228073,11244349,ACCEPTED,,11244388,ok,16.315
bot-019,01a0b929-ae92-715f-9da7-37c465331b57,16,11733024,11744348,ACCEPTED,,11744381,ok,11.357
bot-019,01a0b929-b08c-754e-ad8d-4d4b6ed5ffaf,17,12238959,12245163,ACCEPTED,,12245200,ok,6.241
bot-019,01a0b929-b283-718d-a7ea-b534df2b863b,18,12742527,12744388,ACCEPTED,,12744438,ok,1.911
bot-019,01a0b929-b480-7061-8e11-f5787014bda4,19,13250981,13294888,ACCEPTED,,13294904,ok,43.923
bot-019,01a0b929-b676-743e-accb-d06f6c2a661f,20,13752625,13794657,ACCEPTED,,13794699,ok,42.074
bot-019,01a0b929-b877-76fc-ba76-24694d3765c3,21,14266511,14294740,ACCEPTED,,14294780,ok,28.269
bot-019,01a0b929-ba7a-734a-8fd1-8738321cef77,22,14781496,14794384,ACCEPTED,,14794436,ok,12.940
bot-019,01a0b929-bc70-76e4-a023-2fea21ee50ff,23,15283073,15294520,ACCEPTED,,15294547,ok,11.474
bot-019,01a0b929-be6c-76d0-905c-53ceb9bbc161,24,15790629,15794197,ACCEPTED,,15794255,ok,3.626
bot-019,01a0b929-c064-7644-ae6b-d293ab8f81d0,25,16294608,16344289,ACCEPTED,,16344335,ok,49.727
bot-019,01a0b929-c267-72dc-aec4-49b67cb43046,26,16810224,16844379,ACCEPTED,,16844414,ok,34.190
bot-019,01a0b929-c45e-719a-b61e-64a16f3e5132,27,17312996,17344482,ACCEPTED,,17344527,ok,31.531
bot-019,01a0b929-c661-773a-9e33-3e9f626b2718,28,17827601,17844761,ACCEPTED,,17844814,ok,17.213
bot-019,01a0b929-c85a-71ca-975a-993d3e2daad4,29,18333081,18344220,ACCEPTED,,18344322,ok,11.241
bot-019,01a0b929-ca50-749c-ba77-fd14c66585ee,30,18834708,18844326,ACCEPTED,,18844357,ok,9.649
bot-019,01a0b929-cc54-705a-909d-56f5042ca623,31,19350779,19394510,ACCEPTED,,19394530,ok,43.751
bot-019,01a0b929-ce54-71f5-9c14-d8addc6630fe,32,19863230,19894731,ACCEPTED,,19894753,ok,31.523
bot-019,01a0b929-d04c-7065-8d6f-a78be1df434d,33,20366816,20394274,ACCEPTED,,20394320,ok,27.504
bot-019,01a0b929-d246-753b-91bd-e7ce72753261,34,20872998,20894511,ACCEPTED,,20894545,ok,21.547
bot-019,01a0b929-d446-70d8-8d53-07c034d20205,35,21385349,21394669,ACCEPTED,,21394696,ok,9.347
bot-019,01a0b929-d642-706f-9a6d-bdcd05ef0594,36,21893281,21894676,ACCEPTED,,21894707,ok,1.426
bot-019,01a0b929-d837-7345-a5f8-989f89e14099,37,22394245,22444500,ACCEPTED,,22444536,ok,50.291
bot-019,01a0b929-da2e-7256-970a-47aee41b1709,38,22897438,22944562,ACCEPTED,,22944582,ok,47.144
bot-019,01a0b929-dc30-7313-9f50-870582ca2161,39,23411017,23444404,ACCEPTED,,23444436,ok,33.419
bot-019,01a0b929-de28-763a-9ca4-eb2bf946515f,40,23915014,23944669,ACCEPTED,,23944698,ok,29.684
bot-019,01a0b929-e01e-703f-a611-d98669007df2,41,24416711,24444643,ACCEPTED,,24444692,ok,27.981
bot-019,01a0b929-e216-76b4-8319-fb5d423fa223,42,24921415,24944429,ACCEPTED,,24944445,ok,23.030
bot-019,01a0b929-e417-708e-bb52-f3d90dd4d469,43,25434014,25444567,ACCEPTED,,25444605,ok,10.591
bot-019,01a0b929-e60f-71ff-b09b-96f9d73f96f8,44,25937919,25944702,ACCEPTED,,25944719,ok,6.800
bot-019,01a0b929-e807-77ca-a159-226189ee0f8a,45,26442477,26444488,ACCEPTED,,26444524,ok,2.047
bot-019,01a0b929-ea02-71e4-9abc-d3730e776dd3,46,26948691,26994866,ACCEPTED,,26994889,ok,46.198
bot-019,01a0b929-ebfa-7117-8310-aa9320c98c67,47,27453016,27494317,ACCEPTED,,27494373,ok,41.357
bot-019,01a0b929-edf0-728d-9b62-1f1967cec531,48,27955432,27994440,ACCEPTED,,27994473,ok,39.041
bot-019,01a0b929-efe8-772f-83ae-f4c3a22a74ec,49,28458604,28494542,ACCEPTED,,28494565,ok,35.961
bot-019,01a0b929-f1e0-7107-9485-cffe9d624248,50,28963246,28994655,ACCEPTED,,28994704,ok,31.458
bot-019,01a0b929-f3d7-70c1-bf47-51379e01d8fe,51,29466209,29494830,ACCEPTED,,29494852,ok,28.643
bot-019,01a0b929-f5d1-7799-b3b9-14d6f6283fac,52,29971710,29994626,ACCEPTED,,29994659,ok,22.949
bot-019,01a0b929-f7d4-770a-8d6f-928eac322758,53,30486643,30494412,ACCEPTED,,30494454,ok,7.811
bot-019,01a0b929-f9c9-737d-af3d-4786e6493a42,54,30988405,30994594,ACCEPTED,,30994623,ok,6.218
bot-019,01a0b929-fbce-7268-9113-39e6f7693d21,55,31505235,31544378,ACCEPTED,,31544401,ok,39.166
bot-019,01a0b929-fdc3-7358-a47d-9981de009e81,56,32006495,32044446,ACCEPTED,,32044483,ok,37.988
bot-019,01a0b929-ffbf-7658-b2fc-80733e64e451,57,32514066,32544520,ACCEPTED,,32544556,ok,30.490
bot-019,01a0b92a-01c2-7618-87ed-81c6fc071fa6,58,33028995,33044924,ACCEPTED,,33044977,ok,15.982
bot-019,01a0b92a-03c5-7025-afe6-ca18788988a3,59,33544533,33594402,ACCEPTED,,33594445,ok,49.912
bot-019,01a0b92a-05bc-76cf-8218-71d9769e7d77,60,34047144,34094593,ACCEPTED,,34094612,ok,47.468
bot-019,01a0b92a-07b5-7491-9f7a-a339bca894c7,61,34551947,34594298,ACCEPTED,,34594354,ok,42.407
bot-019,01a0b92a-09aa-7059-bfc5-157a4a081e35,62,35053315,35094520,ACCEPTED,,35094582,ok,41.267
bot-019,01a0b92a-0bac-7600-a011-fcf0f81bb7a5,63,35567172,35594768,ACCEPTED,,35594796,ok,27.624
bot-019,01a0b92a-0da3-70ef-87c7-3fe776c11465,64,36070455,36094616,ACCEPTED,,36094669,ok,24.214
bot-019,01a0b92a-0f9a-7200-8a90-82d4e650a785,65,36572990,36594817,ACCEPTED,,36594838,ok,21.848
bot-019,01a0b92a-1191-74b4-8f2b-0e15e9c4ab52,66,37076395,37094875,ACCEPTED,,37094900,ok,18.505
bot-019,01a0b92a-1395-72b1-8bff-df696e070ced,67,37591687,37594319,ACCEPTED,,37594355,ok,2.668
bot-019,01a0b92a-1598-7128-afaa-f81d9838f5f0,68,38107502,38144862,ACCEPTED,,38144889,ok,37.387
bot-019,01a0b92a-179d-7650-ba06-73776a785c9a,69,38623609,38644554,ACCEPTED,,38644606,ok,20.997
bot-019,01a0b92a-1993-77a5-be9c-27613ecf78c8,70,39126281,39144426,ACCEPTED,,39144447,ok,18.166
bot-019,01a0b92a-1b8e-7224-91fa-ab7999fb0cbc,71,39632697,39644651,ACCEPTED,,39644691,ok,11.994
bot-019,01a0b92a-1d85-72cb-b9bc-41ee4563ebcd,72,40135728,40144706,ACCEPTED,,40144723,ok,8.995
bot-019,01a0b92a-1f7b-7634-9d99-4040f3182627,73,40638539,40644688,ACCEPTED,,40644723,ok,6.184
bot-019,01a0b92a-2176-7027-ae55-7634eba2b76f,74,41144742,41194513,ACCEPTED,,41194567,ok,49.825
bot-019,01a0b92a-236f-7260-819d-29fc77b5a7cf,75,41650269,41694384,ACCEPTED,,41694424,ok,44.155
bot-019,01a0b92a-2565-7617-86d1-fa30d6f80b8c,76,42152134,42194685,ACCEPTED,,42194708,ok,42.574
bot-019,01a0b92a-275b-7617-a3a2-ef048598745d,77,42654261,42694492,ACCEPTED,,42694513,ok,40.252
bot-019,01a0b92a-295c-7069-8bb5-41cdc92aafde,78,43166676,43194792,ACCEPTED,,43194857,ok,28.181
bot-019,01a0b92a-2b52-70aa-bd58-dd5fa5b597b7,79,43668645,43694355,ACCEPTED,,43694367,ok,25.722
bot-019,01a0b92a-2d4d-70e4-a3d8-482fd5c57ce8,80,44175558,44194496,ACCEPTED,,44194526,ok,18.968
bot-019,01a0b92a-2f4f-75b0-9bef-a4216137a15a,81,44689991,44694705,ACCEPTED,,44694729,ok,4.738
bot-019,01a0b92a-3153-7687-aaf4-4f500c461087,82,45205743,45244875,ACCEPTED,,45244893,ok,39.150
bot-019,01a0b92a-3356-7741-9b1c-7c69722cb19e,83,45720996,45744803,ACCEPTED,,45744830,ok,23.834
bot-019,01a0b92a-354c-76e2-9fb9-a746aa9397f4,84,46223521,46244427,ACCEPTED,,46244480,ok,20.959
bot-019,01a0b92a-3750-7149-b78f-53b48c423546,85,46739047,46744608,ACCEPTED,,46744635,ok,5.588
bot-019,01a0b92a-3946-717c-b2a2-3b91b2a237d9,86,47240657,47244481,ACCEPTED,,47244507,ok,3.850
bot-019,01a0b92a-3b3c-7079-8e9f-a3f11d0b91ff,87,47743136,47744357,ACCEPTED,,47744383,ok,1.247
bot-019,01a0b92a-3d36-700f-90fa-e6acff869cb4,88,48248715,48294643,ACCEPTED,,48294706,ok,45.991
bot-019,01a0b92a-3f37-728e-89db-643248042fa4,89,48762418,48794484,ACCEPTED,,48794534,ok,32.116
bot-019,01a0b92a-413a-73ed-9846-63587ec07433,90,49277500,49294427,ACCEPTED,,49294443,ok,16.943
bot-019,01a0b92a-4337-7442-8570-1a0b0b1174e8,91,49786059,49794357,ACCEPTED,,49794377,ok,8.318
bot-019,01a0b92a-452d-76c7-8ccc-a868413b549e,92,50288004,50294420,ACCEPTED,,50294459,ok,6.455
bot-019,01a0b92a-472d-70e1-9248-d26878a3679d,93,50799972,50844997,ACCEPTED,,50845034,ok,45.062
bot-019,01a0b92a-4924-70ff-9a42-08f2f9d4bfa0,94,51302700,51344467,ACCEPTED,,51344516,ok,41.816
bot-019,01a0b92a-4b26-76b3-a787-9b1d0edad18a,95,51817540,51844546,ACCEPTED,,51844571,ok,27.031
bot-019,01a0b92a-4d23-7074-9c83-6d3d107bd238,96,52325700,52344647,ACCEPTED,,52344663,ok,18.963
bot-019,01a0b92a-4f1d-7306-984b-d0ce16505110,97,52832094,52844660,ACCEPTED,,52844672,ok,12.578
bot-019,01a0b92a-5120-7673-bca7-ab7409a7fc18,98,53347198,53395303,ACCEPTED,,53395334,ok,48.136
bot-019,01a0b92a-5319-7239-8e87-93d08a596a12,99,53852357,53894774,ACCEPTED,,53894808,ok,42.451
bot-019,01a0b92a-551c-760a-87f8-7d5f25574de5,100,54367048,54394312,ACCEPTED,,54394338,ok,27.290
bot-019,01a0b92a-5711-76c6-acaf-6d039885cf34,101,54867933,54894500,ACCEPTED,,54894535,ok,26.602
bot-019,01a0b92a-590b-725c-9151-627481083995,102,55373618,55394549,ACCEPTED,,55394601,ok,20.983
bot-019,01a0b92a-5b0d-7190-ad59-a6ad0fe19245,103,55888271,55894430,ACCEPTED,,55894440,ok,6.169
bot-019,01a0b92a-5d03-756d-ae3f-7dd3a7d3f3be,104,56389637,56394388,ACCEPTED,,56394412,ok,4.775
bot-019,01a0b92a-5efb-7671-b0ab-1e1d9d0aba4e,105,56894398,56944680,ACCEPTED,,56944713,ok,50.315
bot-019,01a0b92a-6100-724c-add2-efdd71c880c2,106,57410580,57444327,ACCEPTED,,57444367,ok,33.787
bot-019,01a0b92a-62f9-7600-b318-f40b9decbf64,107,57916547,57944779,ACCEPTED,,57944804,ok,28.257
bot-019,01a0b92a-64ff-756c-8f3e-708dab22c82b,108,58433975,58444614,ACCEPTED,,58444636,ok,10.661
bot-019,01a0b92a-66f6-749b-960c-b0fbe2bc1eb4,109,58937297,58944381,ACCEPTED,,58944442,ok,7.145
bot-019,01a0b92a-68ed-7451-bf29-28559780ef85,110,59439634,59444277,ACCEPTED,,59444307,ok,4.673
bot-019,01a0b92a-6af1-7518-bfb1-2ab16bc34964,111,59955599,59994794,ACCEPTED,,59994822,ok,39.223
bot-019,01a0b92a-6cea-7774-869b-7eba557ebce2,112,60460568,60494434,ACCEPTED,,60494451,ok,33.883
bot-019,01a0b92a-6ee3-7706-a38d-3f37ee8212e0,113,60965626,60994693,ACCEPTED,,60994729,ok,29.103
bot-019,01a0b92a-70d8-72d0-a466-4d3ba7502264,114,61466834,61494798,ACCEPTED,,61494833,ok,27.999
bot-019,01a0b92a-72d3-72bf-b3f0-c4fa79065d47,115,61974188,61994380,ACCEPTED,,61994415,ok,20.227
bot-019,01a0b92a-74ca-725c-80c1-17e19a9dc459,116,62476693,62494474,ACCEPTED,,62494508,ok,17.815
bot-019,01a0b92a-76cc-703f-a13c-e68be0d53416,117,62991000,62994451,ACCEPTED,,62994488,ok,3.488
bot-019,01a0b92a-78c4-7542-a6d6-674a28492951,118,63494771,63544670,ACCEPTED,,63544726,ok,49.955
bot-020,01a0b929-8fa9-740e-858e-94737588a660,0,3820402,3844581,ACCEPTED,,3844625,ok,24.223
bot-020,01a0b929-91ad-7637-a8b8-d0cfa1b185d7,1,4336329,4344459,ACCEPTED,,4344511,ok,8.182
bot-020,01a0b929-93a5-778e-86d9-8bfe0dd69d1d,2,4839806,4844487,ACCEPTED,,4844530,ok,4.724
bot-020,01a0b929-959d-731a-a2dc-bfbc8ff941a0,3,5344506,5394383,ACCEPTED,,5394413,ok,49.907
bot-020,01a0b929-9792-763a-a582-84ee59e164ba,4,5845531,5894220,ACCEPTED,,5894260,ok,48.729
bot-020,01a0b929-9996-7646-bc40-ca82d13760f5,5,6360563,6394181,ACCEPTED,,6394228,ok,33.665
bot-020,01a0b929-9b8f-7187-b9f0-71f97797d9fb,6,6865678,6894711,ACCEPTED,,6894746,ok,29.068
bot-020,01a0b929-9d85-70d2-b704-fa0b34ecdd2e,7,7368482,7394174,ACCEPTED,,7394216,ok,25.734
bot-020,01a0b929-9f7e-7567-a86d-a612fbff51a6,8,7872893,7894393,ACCEPTED,,7894442,ok,21.549
bot-020,01a0b929-a176-71b4-bb77-bdf8a982764b,9,8376742,8394502,ACCEPTED,,8394541,ok,17.799
bot-020,01a0b929-a379-76cc-9472-45c267a696a3,10,8892108,8894288,ACCEPTED,,8894314,ok,2.206
bot-020,01a0b929-a56f-73b2-ad64-181d71191d4e,11,9394350,9444761,ACCEPTED,,9444800,ok,50.450
bot-020,01a0b929-a766-77ab-b660-afeaa868da9a,12,9897060,9944710,ACCEPTED,,9944751,ok,47.691
bot-020,01a0b929-a95e-71e2-b44a-09f21a48e5ba,13,10401086,10444659,ACCEPTED,,10444705,ok,43.619
bot-020,01a0b929-ab55-71ae-9541-8b1658d5e68e,14,10904082,10944529,ACCEPTED,,10944558,ok,40.476
bot-020,01a0b929-ad50-7700-be7a-2905a610f083,15,11410956,11444431,ACCEPTED,,11444476,ok,33.520
bot-020,01a0b929-af49-73d5-a558-3b60a7f3f435,16,11915607,11944497,ACCEPTED,,11944540,ok,28.933
bot-020,01a0b929-b141-76c7-8331-4acc8f7e88d0,17,12420188,12444412,ACCEPTED,,12444474,ok,24.286
bot-020,01a0b929-b337-70cb-a067-5654e7242271,18,12922259,12944681,ACCEPTED,,12944734,ok,22.475
bot-020,01a0b929-b537-7010-973b-7a4ffbec33d5,19,13434078,13444386,ACCEPTED,,13444440,ok,10.362
bot-020,01a0b929-b735-72f4-8baa-dd0c01d43c12,20,13944507,13995205,ACCEPTED,,13995240,ok,50.733
bot-020,01a0b929-b92e-7529-a31c-37c4e7399f27,21,14448881,14494587,ACCEPTED,,14494644,ok,45.763
bot-020,01a0b929-bb24-7056-b9b6-119c639a5e03,22,14951443,14994696,ACCEPTED,,14994749,ok,43.306
bot-020,01a0b929-bd1a-7125-8f88-209ece387c54,23,15452639,15494748,ACCEPTED,,15494811,ok,42.172
bot-020,01a0b929-bf14-7601-a73d-b0cd1381b147,24,15959011,15994533,ACCEPTED,,15994586,ok,35.575
bot-020,01a0b929-c10a-7742-b310-3026c9181bc6,25,16461063,16495002,ACCEPTED,,16495058,ok,33.995
bot-020,01a0b929-c2ff-7750-af97-4a62bc6d3e24,26,16961972,16994735,ACCEPTED,,16994779,ok,32.807
bot-020,01a0b929-c4f5-7197-ab06-059b6b8103a0,27,17464180,17494810,ACCEPTED,,17494859,ok,30.679
bot-020,01a0b929-c6ec-7394-9c92-aede19c09287,28,17967530,17995102,ACCEPTED,,17995154,ok,27.624
bot-020,01a0b929-c8e2-7651-89a8-7c6eff54ab41,29,18469163,18494609,ACCEPTED,,18494656,ok,25.493
bot-020,01a0b929-cad7-7400-be5e-f9d74c7f0ce5,30,18970429,18994779,ACCEPTED,,18994826,ok,24.397
bot-020,01a0b929-ccdb-77bd-be9f-273d7d9eed7f,31,19486301,19494314,ACCEPTED,,19494364,ok,8.063
bot-020,01a0b929-ced8-77ae-ae0b-5c9882944673,32,19994688,20044291,ACCEPTED,,20044343,ok,49.655
bot-020,01a0b929-d0d5-7023-8cbd-8956dd3a7448,33,20504309,20544300,ACCEPTED,,20544336,ok,40.027
bot-020,01a0b929-d2cc-7563-8bca-0b1140e6f22d,34,21007368,21044596,ACCEPTED,,21044639,ok,37.271
bot-020,01a0b929-d4d1-7689-ae4e-a248876ff5dd,35,21523994,21544762,ACCEPTED,,21544810,ok,20.816
bot-020,01a0b929-d6c9-75b2-8852-aeae1efde725,36,22027600,22044637,ACCEPTED,,22044680,ok,17.080
bot-020,01a0b929-d8c0-701f-bc67-52bdde0d7e04,37,22530905,22544411,ACCEPTED,,22544458,ok,13.553
bot-020,01a0b929-dab6-76be-9688-c147569aa15d,38,23032721,23045051,ACCEPTED,,23045121,ok,12.400
bot-020,01a0b929-dcb6-7678-812d-4623729dd891,39,23544619,23594481,ACCEPTED,,23594524,ok,49.905
bot-020,01a0b929-deb0-728a-a473-0deacdc5b802,40,24051248,24094317,ACCEPTED,,24094384,ok,43.136
bot-020,01a0b929-e0a5-7332-8563-1d3f8dfafca0,41,24551796,24594637,ACCEPTED,,24594684,ok,42.888
bot-020,01a0b929-e29f-7346-8cb3-a86cb7969487,42,25058397,25094367,ACCEPTED,,25094412,ok,36.015
bot-020,01a0b929-e4a0-765c-aabd-4ab0ae9b92eb,43,25570786,25594559,ACCEPTED,,25594600,ok,23.814
bot-020,01a0b929-e696-75d2-837a-e1fa23e44c64,44,26073407,26094437,ACCEPTED,,26094484,ok,21.077
bot-020,01a0b929-e890-7715-88a3-02a3fcf65002,45,26579139,26594757,ACCEPTED,,26594796,ok,15.657
bot-020,01a0b929-ea8c-745c-8925-b3e2c5e74bb0,46,27087094,27094170,ACCEPTED,,27094192,ok,7.098
bot-020,01a0b929-ec83-73fd-9a7a-a34f5ab252bb,47,27590428,27594280,ACCEPTED,,27594316,ok,3.888
bot-020,01a0b929-ee7b-7136-8e32-1ad4509557a0,48,28093743,28094327,ACCEPTED,,28094366,ok,0.623
bot-020,01a0b929-f06f-7104-bf30-65eff88f74d0,49,28594462,28644658,ACCEPTED,,28644708,ok,50.246
bot-020,01a0b929-f268-70b0-bc5a-ea680316aca7,50,29099255,29145085,ACCEPTED,,29145136,ok,45.881
bot-020,01a0b929-f45e-7009-af47-a662a267569e,51,29601384,29644612,ACCEPTED,,29644663,ok,43.279
bot-020,01a0b929-f65a-76d9-9f83-76d75bd1cb42,52,30109247,30144268,ACCEPTED,,30144307,ok,35.060
bot-020,01a0b929-f85d-7430-b931-687b42616842,53,30624444,30644559,ACCEPTED,,30644616,ok,20.172
bot-020,01a0b929-fa5f-74fc-95c5-8841c984932e,54,31138144,31144296,ACCEPTED,,31144314,ok,6.170
bot-020,01a0b929-fc56-75ea-b2ec-05dc0f8ae4d1,55,31640975,31644606,ACCEPTED,,31644661,ok,3.686
bot-020,01a0b929-fe4d-76e4-b592-984a80617a8d,56,32143815,32144491,ACCEPTED,,32144512,ok,0.697
bot-020,01a0b92a-0041-7747-b15c-9756bbdc6ce8,57,32644444,32694473,ACCEPTED,,32694519,ok,50.075
bot-020,01a0b92a-023c-7041-a6ea-4ef1bf6efebd,58,33150800,33194338,ACCEPTED,,33194397,ok,43.597
bot-020,01a0b92a-043f-74c1-a9d1-d280142146fa,59,33665923,33694548,ACCEPTED,,33694600,ok,28.677
bot-020,01a0b92a-0636-7122-966b-fba10f07a12d,60,34169378,34194516,ACCEPTED,,34194565,ok,25.187
bot-020,01a0b92a-082f-7316-b204-319b6743bcea,61,34673579,34694345,ACCEPTED,,34694399,ok,20.820
bot-020,01a0b92a-0a32-74b6-b5d6-b49ca6d6f824,62,35189313,35194247,ACCEPTED,,35194283,ok,4.970
bot-020,01a0b92a-0c35-7264-990e-36d55b00b5db,63,35704037,35744434,ACCEPTED,,35744491,ok,40.454
bot-020,01a0b92a-0e2c-73b4-ab7c-f2e9a30099f7,64,36207557,36244345,ACCEPTED,,36244390,ok,36.833
bot-020,01a0b92a-1026-7385-9418-cb0f8be117ed,65,36712581,36744598,ACCEPTED,,36744644,ok,32.063
bot-020,01a0b92a-1228-702a-a644-3b6a104d8698,66,37226949,37244315,ACCEPTED,,37244358,ok,17.409
bot-020,01a0b92a-141d-7772-84fd-9fafe119979c,67,37728380,37744535,ACCEPTED,,37744578,ok,16.198
bot-020,01a0b92a-1621-7203-bc28-ec0404551d50,68,38244079,38294691,ACCEPTED,,38294753,ok,50.674
bot-020,01a0b92a-1817-7574-badf-5fede5a41f5e,69,38746181,38794345,ACCEPTED,,38794398,ok,48.217
bot-020,01a0b92a-1a10-733c-a2e2-8f322e7f70d9,70,39250722,39294598,ACCEPTED,,39294642,ok,43.920
bot-020,01a0b92a-1c0a-7505-a518-3d203fde6e57,71,39756953,39794667,ACCEPTED,,39794721,ok,37.768
bot-020,01a0b92a-1dff-7269-9bf3-d0c4210fadf9,72,40258395,40294288,ACCEPTED,,40294315,ok,35.920
bot-020,01a0b92a-1ff9-765f-b426-3f0ed9b686e3,73,40764099,40794848,ACCEPTED,,40794869,ok,30.770
bot-020,01a0b92a-21f2-7287-b53f-b80c23f865fc,74,41268808,41294508,ACCEPTED,,41294549,ok,25.741
bot-020,01a0b92a-23eb-744c-9468-41da7c3278cd,75,41773689,41794398,ACCEPTED,,41794437,ok,20.748
bot-020,01a0b92a-25ee-70bd-878a-e429fd613e47,76,42289165,42294446,ACCEPTED,,42294501,ok,5.336
bot-020,01a0b92a-27e4-7146-b5f6-7a189114d23e,77,42790675,42794394,ACCEPTED,,42794419,ok,3.744
bot-020,01a0b92a-29e4-762e-a115-72e12142ea3a,78,43303537,43344414,ACCEPTED,,43344466,ok,40.929
bot-020,01a0b92a-2bde-7307-a2f0-9a61e93ebc02,79,43809263,43844413,ACCEPTED,,43844460,ok,35.197
bot-020,01a0b92a-2dd3-75f5-899f-861a858963d3,80,44310043,44344682,ACCEPTED,,44344737,ok,34.694
bot-020,01a0b92a-2fc9-773f-994a-08ba3f437061,81,44812213,44844347,ACCEPTED,,44844400,ok,32.187
bot-020,01a0b92a-31cb-747c-b861-8f02932c86e0,82,45326115,45344465,ACCEPTED,,45344507,ok,18.392
bot-020,01a0b92a-33c2-74f9-9674-8169cb0ecebb,83,45829139,45844554,ACCEPTED,,45844609,ok,15.470
bot-020,01a0b92a-35c5-70e5-94b3-96c097c4a522,84,46344143,46394215,ACCEPTED,,46394259,ok,50.116
bot-020,01a0b92a-37ba-7205-8777-6e788f4c7c4d,85,46845377,46894715,ACCEPTED,,46894751,ok,49.374
bot-020,01a0b92a-39b0-77cf-a485-bca9d3d81ca9,86,47346653,47394612,ACCEPTED,,47394657,ok,48.004
bot-020,01a0b92a-3ba7-7422-bfa5-66ac7e50415d,87,47850100,47894423,ACCEPTED,,47894453,ok,44.353
bot-020,01a0b92a-3d9f-7364-b598-43f193a89f63,88,48354357,48394324,ACCEPTED,,48394387,ok,40.030
bot-020,01a0b92a-3fa3-74aa-94d9-a0daf4430a80,89,48869604,48894321,ACCEPTED,,48894367,ok,24.763
bot-020,01a0b92a-41a4-77c6-a1b5-2ef47fadc55f,90,49382765,49394225,ACCEPTED,,49394279,ok,11.514
bot-020,01a0b92a-43a1-7743-ac5c-8f717121cba0,91,49892083,49894689,ACCEPTED,,49894723,ok,2.640
bot-020,01a0b92a-4597-74d1-aa6e-e0446cfe3015,92,50393583,50394635,ACCEPTED,,50394669,ok,1.086
bot-020,01a0b92a-4797-772b-8241-c2af7d22e98b,93,50905902,50944471,ACCEPTED,,50944499,ok,38.597
bot-020,01a0b92a-498e-7091-8c44-97a675446ef2,94,51408952,51444483,ACCEPTED,,51444520,ok,35.568
bot-020,01a0b92a-4b84-70c8-8066-3ef99bb2a44c,95,51910610,51944615,ACCEPTED,,51944665,ok,34.055
bot-020,01a0b92a-4d7e-76f6-bca3-955dd281d1c0,96,52417162,52444571,ACCEPTED,,52444605,ok,27.443
bot-020,01a0b92a-4f78-7438-a00e-ecc5190a0bdd,97,52923235,52944439,ACCEPTED,,52944481,ok,21.246
bot-020,01a0b92a-517a-7560-90e0-71d647e3af8f,98,53437401,53444760,ACCEPTED,,53444803,ok,7.402
bot-020,01a0b92a-5374-724d-8df1-23d83dd344da,99,53942777,53944451,ACCEPTED,,53944485,ok,1.708
bot-020,01a0b92a-5577-72e1-b551-6de8f9f034f6,100,54457714,54494724,ACCEPTED,,54494769,ok,37.055
bot-020,01a0b92a-576c-74a8-9346-4828fcaa87f0,101,54959313,54994696,ACCEPTED,,54994726,ok,35.413
bot-020,01a0b92a-5963-76f5-aede-15045d510905,102,55462475,55494844,ACCEPTED,,55494887,ok,32.412
bot-020,01a0b92a-5b59-71b5-9d5d-16d829ddefec,103,55964486,55994249,ACCEPTED,,55994294,ok,29.808
bot-020,01a0b92a-5d4f-71a2-88e2-0ae3e4c105bf,104,56466339,56494371,ACCEPTED,,56494400,ok,28.061
bot-020,01a0b92a-5f48-7089-8fc8-8212cefdeb4b,105,56970796,56994451,ACCEPTED,,56994483,ok,23.687
bot-020,01a0b92a-613d-754e-97f0-fc4d54c54fbc,106,57471608,57494483,ACCEPTED,,57494508,ok,22.900
bot-020,01a0b92a-6336-735f-8959-a921284c3b96,107,57977264,57994478,ACCEPTED,,57994522,ok,17.258
bot-020,01a0b92a-652d-7677-a69e-1b7a17d27bdd,108,58480546,58494629,ACCEPTED,,58494652,ok,14.106
bot-020,01a0b92a-6724-72b1-bc08-736ca3e0c94f,109,58982845,58994659,ACCEPTED,,58994707,ok,11.862
bot-020,01a0b92a-691b-7363-9b1e-c47304bcfbeb,110,59485672,59494375,ACCEPTED,,59494411,ok,8.739
bot-020,01a0b92a-6b18-7425-8778-1332aec546f5,111,59994655,60044646,ACCEPTED,,60044690,ok,50.035
bot-020,01a0b92a-6d17-71da-883c-f7b06a807d00,112,60505832,60544566,ACCEPTED,,60544609,ok,38.777
bot-020,01a0b92a-6f11-7706-8a3b-0c01e2bb6afb,113,61011803,61044495,ACCEPTED,,61044527,ok,32.724
bot-020,01a0b92a-7114-70ec-a172-c1745cfdcbc2,114,61526684,61544789,ACCEPTED,,61544822,ok,18.138
bot-020,01a0b92a-7311-73ac-b736-a2a52ef66de8,115,62035858,62044172,ACCEPTED,,62044215,ok,8.357
bot-020,01a0b92a-7506-7039-bea1-6f0c2027f492,116,62537101,62544501,ACCEPTED,,62544546,ok,7.445
bot-020,01a0b92a-7702-72ec-a8dc-e8332007dbe7,117,63044805,63094672,ACCEPTED,,63094706,ok,49.901
bot-020,01a0b92a-78ff-77fb-a996-a758b3c94ebd,118,63553796,63594364,ACCEPTED,,63594408,ok,40.612
bot-021,01a0b929-907e-7222-981b-a0b1a0d161c9,0,4032730,4044663,ACCEPTED,,4044680,ok,11.950
bot-021,01a0b929-9274-72ae-bf79-de699e748d58,1,4534730,4544614,ACCEPTED,,4544646,ok,9.916
bot-021,01a0b929-946a-7110-9137-b74338790d9c,2,5036892,5044579,ACCEPTED,,5044630,ok,7.738
bot-021,01a0b929-965f-73d6-b2f9-d7369a0d9d1b,3,5537676,5544498,ACCEPTED,,5544527,ok,6.851
bot-021,01a0b929-9857-774a-8f7b-bb3363545100,4,6042376,6044527,ACCEPTED,,6044558,ok,2.182
bot-021,01a0b929-9a4d-7217-9cbf-d6620726c9d1,5,6544244,6594524,ACCEPTED,,6594554,ok,50.310
bot-021,01a0b929-9c41-72cc-9397-f035e0026b87,6,7044462,7094895,ACCEPTED,,7094932,ok,50.470
bot-021,01a0b929-9e3c-7138-bca0-703d3adad780,7,7550988,7594591,ACCEPTED,,7594639,ok,43.651
bot-021,01a0b929-a035-75dc-86bc-5d9eaf41f7b3,8,8055669,8094302,ACCEPTED,,8094351,ok,38.682
bot-021,01a0b929-a22b-71ca-b6b3-1c89a52ee134,9,8558190,8595017,ACCEPTED,,8595074,ok,36.884
bot-021,01a0b929-a421-7631-985d-3f4913e493ce,10,9060002,9094207,ACCEPTED,,9094263,ok,34.261
bot-021,01a0b929-a617-74c9-82e0-6e72c1faefe1,11,9562044,9594419,ACCEPTED,,9594451,ok,32.407
bot-021,01a0b929-a80e-776b-afbe-9eefed017c48,12,10064976,10094435,ACCEPTED,,10094478,ok,29.502
bot-021,01a0b929-aa07-771a-8788-38492f50a1c2,13,10570134,10594642,ACCEPTED,,10594665,ok,24.531
bot-021,01a0b929-ac00-7685-b22b-be0512d8d243,14,11075351,11094502,ACCEPTED,,11094560,ok,19.209
bot-021,01a0b929-adf9-759e-bf02-735f00e4aab4,15,11579685,11594165,ACCEPTED,,11594208,ok,14.523
bot-021,01a0b929-aff3-7186-a3a9-25fc728e6c32,16,12086356,12094430,ACCEPTED,,12094451,ok,8.095
bot-021,01a0b929-b1f0-767f-9016-e31249e55d03,17,12594720,12644391,ACCEPTED,,12644441,ok,49.721
bot-021,01a0b929-b3e7-7120-93ec-a52db552e40b,18,13098422,13144749,ACCEPTED,,13144778,ok,46.356
bot-021,01a0b929-b5de-755d-846b-1cc9ac95a6af,19,13601037,13644328,ACCEPTED,,13644387,ok,43.350
bot-021,01a0b929-b7e0-764f-aee8-b97eee79342f,20,14115412,14144502,ACCEPTED,,14144541,ok,29.129
bot-021,01a0b929-b9e3-74ec-acd5-ff7d6f46b290,21,14630009,14644559,ACCEPTED,,14644609,ok,14.600
bot-021,01a0b929-bbd9-7242-ae4f-39b4adeabcee,22,15132142,15144233,ACCEPTED,,15144263,ok,12.121
bot-021,01a0b929-bdd1-76a7-8b3f-f8709755063f,23,15636042,15644708,ACCEPTED,,15644758,ok,8.716
bot-021,01a0b929-bfcb-75e4-a6d0-464146b4cc7b,24,16142024,16144650,ACCEPTED,,16144689,ok,2.665
bot-021,01a0b929-c1c0-7798-a042-3ff4d2e1b392,25,16642946,16644487,ACCEPTED,,16644532,ok,1.586
bot-021,01a0b929-c3b5-7682-b22c-a4342213cf6a,26,17144491,17194494,ACCEPTED,,17194541,ok,50.050
bot-021,01a0b929-c5ba-702d-9aaa-7d50065245ef,27,17661295,17694316,ACCEPTED,,17694353,ok,33.058
bot-021,01a0b929-c7b3-7614-83be-205da8458797,28,18166278,18194516,ACCEPTED,,18194574,ok,28.296
bot-021,01a0b929-c9aa-718d-84b7-53f90a777ffd,29,18668819,18694415,ACCEPTED,,18694451,ok,25.632
bot-021,01a0b929-cbac-76fc-9f1f-a27827ede5e8,30,19182946,19194569,ACCEPTED,,19194599,ok,11.653
bot-021,01a0b929-cdab-77f2-a8db-7d5ce0d867a9,31,19694282,19744348,ACCEPTED,,19744398,ok,50.116
bot-021,01a0b929-cfa0-72cd-b43f-f50ccc641120,32,20194676,20244760,ACCEPTED,,20244822,ok,50.146
bot-021,01a0b929-d19b-72e1-8331-09fa0ccaec47,33,20701708,20744738,ACCEPTED,,20744813,ok,43.105
bot-021,01a0b929-d390-73a8-9d1e-7e15ce482664,34,21202779,21244644,ACCEPTED,,21244696,ok,41.917
bot-021,01a0b929-d58b-77ca-ac5d-a250f0c8d8ee,35,21710239,21744551,ACCEPTED,,21744591,ok,34.352
bot-021,01a0b929-d78e-75ec-a914-ffdc267eb6af,36,22224666,22244409,ACCEPTED,,22244455,ok,19.789
bot-021,01a0b929-d986-777f-8939-01460a1ee0c5,37,22728915,22744740,ACCEPTED,,22744764,ok,15.849
bot-021,01a0b929-db89-7463-8502-fd6ceb93e787,38,23244198,23244580,ACCEPTED,,23244609,ok,0.411
bot-021,01a0b929-dd81-7277-9886-389e1d206ad0,39,23747948,23794931,ACCEPTED,,23794967,ok,47.019
bot-021,01a0b929-df76-75f7-b235-ce895774818f,40,24249200,24294474,ACCEPTED,,24294518,ok,45.318
bot-021,01a0b929-e16d-7023-9ad8-923244bd0eb9,41,24751678,24794874,ACCEPTED,,24794903,ok,43.225
bot-021,01a0b929-e362-7687-9c97-622a2294f2c4,42,25252934,25294339,ACCEPTED,,25294389,ok,41.455
bot-021,01a0b929-e557-7189-a8f7-62fed633f959,43,25754509,25794311,ACCEPTED,,25794358,ok,39.849
bot-021,01a0b929-e74d-725b-b635-2200c0e6f46a,44,26255826,26294746,ACCEPTED,,26294797,ok,38.971
bot-021,01a0b929-e948-761d-b271-ab92060036b0,45,26763480,26794658,ACCEPTED,,26794705,ok,31.225
bot-021,01a0b929-eb42-7522-916b-9cb41a53b1f8,46,27269028,27294431,ACCEPTED,,27294461,ok,25.433
bot-021,01a0b929-ed39-7354-b030-c75b337324ec,47,27772428,27794810,ACCEPTED,,27794854,ok,22.426
bot-021,01a0b929-ef30-70b1-a2ff-3d06b9f538d0,48,28274766,28294230,ACCEPTED,,28294279,ok,19.513
bot-021,01a0b929-f129-7629-b937-8eee94fa8599,49,28779613,28794211,ACCEPTED,,28794249,ok,14.636
bot-021,01a0b929-f31f-7620-aa1b-8a05286d5abf,50,29281880,29294601,ACCEPTED,,29294620,ok,12.740
bot-021,01a0b929-f517-725c-907e-efb625d3bc50,51,29785966,29794192,ACCEPTED,,29794229,ok,8.263
bot-021,01a0b929-f70d-7137-a377-d97a5bfe4900,52,30288269,30294498,ACCEPTED,,30294525,ok,6.256
bot-021,01a0b929-f905-7160-ac03-5164745c14be,53,30791834,30794809,ACCEPTED,,30794830,ok,2.996
bot-021,01a0b929-fafc-73ce-b38b-7ce62155d1d8,54,31294672,31344298,ACCEPTED,,31344321,ok,49.649
bot-021,01a0b929-fcfd-72c8-bedf-49dbd8bb9e59,55,31807956,31844728,ACCEPTED,,31844753,ok,36.797
bot-021,01a0b929-fef4-7051-8aa6-ccd00c3d21a3,56,32310897,32344840,ACCEPTED,,32344871,ok,33.974
bot-021,01a0b92a-00ef-73a5-8d88-47f808a74125,57,32818376,32844613,ACCEPTED,,32844670,ok,26.294
bot-021,01a0b92a-02f1-75d7-9060-ede7db2eb5aa,58,33332082,33344630,ACCEPTED,,33344670,ok,12.588
bot-021,01a0b92a-04e8-7700-81c2-166bf48735ce,59,33835204,33844639,ACCEPTED,,33844694,ok,9.490
bot-021,01a0b92a-06df-73c4-b792-cf32a2fcee59,60,34338428,34344601,ACCEPTED,,34344621,ok,6.193
bot-021,01a0b92a-08da-74fd-95f0-5f5a2f5c9b19,61,34844851,34894541,ACCEPTED,,34894579,ok,49.728
bot-021,01a0b92a-0ad8-773a-882e-c6530ad21473,62,35355204,35394734,ACCEPTED,,35394777,ok,39.573
bot-021,01a0b92a-0cce-75b2-84ea-dba2be32713f,63,35856665,35894612,ACCEPTED,,35894669,ok,38.004
bot-021,01a0b92a-0ec3-71fd-8b9c-6bb8e6869579,64,36358492,36394593,ACCEPTED,,36394647,ok,36.155
bot-021,01a0b92a-10bc-7412-b0f9-37c8a96eb5d6,65,36863384,36894534,ACCEPTED,,36894561,ok,31.177
bot-021,01a0b92a-12c0-705b-9849-a6a5faa02336,66,37378617,37394690,ACCEPTED,,37394719,ok,16.102
bot-021,01a0b92a-14c3-7648-b52a-b6dfcd0b4a16,67,37894169,37944479,ACCEPTED,,37944529,ok,50.360
bot-021,01a0b92a-16b7-76d7-8c2e-f222cad2f0a5,68,38394519,38444442,ACCEPTED,,38444500,ok,49.981
bot-021,01a0b92a-18b0-7714-b693-7a7a7691a631,69,38899382,38944514,ACCEPTED,,38944548,ok,45.166
bot-021,01a0b92a-1aa6-7687-812f-16d429c7c787,70,39400946,39444729,ACCEPTED,,39444768,ok,43.822
bot-021,01a0b92a-1ca1-767d-96e4-0728955bc62b,71,39907899,39944803,ACCEPTED,,39944827,ok,36.928
bot-021,01a0b92a-1e96-7368-940f-bec70f409cf3,72,40409431,40444705,ACCEPTED,,40444755,ok,35.324
bot-021,01a0b92a-2091-77da-8c54-e014f060ed46,73,40916403,40944581,ACCEPTED,,40944612,ok,28.209
bot-021,01a0b92a-228a-756d-bd2b-da6f5df2f2f9,74,41421366,41444595,ACCEPTED,,41444615,ok,23.249
bot-021,01a0b92a-2483-7202-9e3d-42e48b955c2a,75,41926143,41944822,ACCEPTED,,41944846,ok,18.703
bot-021,01a0b92a-2678-7024-9afc-fc8209cf5755,76,42427138,42444795,ACCEPTED,,42444818,ok,17.680
bot-021,01a0b92a-287b-74b5-8806-5e67d1458966,77,42941847,42944731,ACCEPTED,,42944747,ok,2.900
bot-021,01a0b92a-2a72-76c1-9fd4-8399d7e6802b,78,43444785,43494631,ACCEPTED,,43494665,ok,49.880
bot-021,01a0b92a-2c66-7157-a719-6b40c6a08d9a,79,43945547,43994781,ACCEPTED,,43994838,ok,49.291
bot-021,01a0b92a-2e5d-759c-a1b5-de54422a6dc8,80,44447820,44494668,ACCEPTED,,44494719,ok,46.899
bot-021,01a0b92a-3052-71ee-8cb9-d5b7d0052330,81,44948758,44994625,ACCEPTED,,44994674,ok,45.916
bot-021,01a0b92a-3254-77be-b631-e7579d08e994,82,45463223,45494805,ACCEPTED,,45494838,ok,31.615
bot-021,01a0b92a-3449-7252-b7b5-0a4d45e28219,83,45963788,45994886,ACCEPTED,,45994899,ok,31.111
bot-021,01a0b92a-364c-7024-88bd-f3f8dd07c85f,84,46478750,46495140,ACCEPTED,,46495161,ok,16.411
bot-021,01a0b92a-3846-744a-96bb-2d869609bd03,85,46985419,46994469,ACCEPTED,,46994493,ok,9.074
bot-021,01a0b92a-3a43-76f0-8b00-62d0069fb2af,86,47494537,47544522,ACCEPTED,,47544543,ok,50.006
bot-021,01a0b92a-3c41-77d4-bb90-f8fbb7ca70dd,87,48003907,48044640,ACCEPTED,,48044693,ok,40.786
bot-021,01a0b92a-3e42-7495-bc4a-5c309063e83a,88,48516760,48544174,ACCEPTED,,48544224,ok,27.464
bot-021,01a0b92a-4039-76d0-b3e0-10713f6ad3d5,89,49020153,49044578,ACCEPTED,,49044594,ok,24.441
bot-021,01a0b92a-422e-760f-a00d-f05e9b0aeb12,90,49520853,49544913,ACCEPTED,,49544953,ok,24.100
bot-021,01a0b92a-442a-71bf-a150-225f56e1b5c3,91,50029362,50044634,ACCEPTED,,50044650,ok,15.288
bot-021,01a0b92a-4627-7220-bbfa-4141d7f43f66,92,50537713,50544561,ACCEPTED,,50544577,ok,6.864
bot-021,01a0b92a-481f-747c-8bf3-8b65d43c2a2f,93,51042471,51044539,ACCEPTED,,51044561,ok,2.090
bot-021,01a0b92a-4a16-77eb-ab37-8220a1bd8a6b,94,51545523,51594542,ACCEPTED,,51594570,ok,49.047
bot-021,01a0b92a-4c0e-7063-bb2a-57e6b1b50178,95,52049330,52094639,ACCEPTED,,52094686,ok,45.356
bot-021,01a0b92a-4e08-725b-a8b2-976bf1ac5dbc,96,52554832,52594579,ACCEPTED,,52594594,ok,39.762
bot-021,01a0b92a-4fff-716c-8d0f-fd319591084f,97,53058284,53094482,ACCEPTED,,53094504,ok,36.220
bot-021,01a0b92a-51f6-75ed-ab62-b840de4bee2d,98,53561141,53594508,ACCEPTED,,53594525,ok,33.384
bot-021,01a0b92a-53ee-77aa-ab3c-07fefc69de6d,99,54064552,54094748,ACCEPTED,,54094775,ok,30.223
bot-021,01a0b92a-55f0-7663-a76f-dff916739afb,100,54579285,54594747,ACCEPTED,,54594765,ok,15.480
bot-021,01a0b92a-57e7-712d-9a11-c65addb81ff6,101,55081957,55094580,ACCEPTED,,55094617,ok,12.660
bot-021,01a0b92a-59dd-724b-8d66-3dfb260d42fa,102,55584268,55594575,ACCEPTED,,55594594,ok,10.326
bot-021,01a0b92a-5bd5-75c5-b8ee-08db1ddfe132,103,56087850,56094682,ACCEPTED,,56094696,ok,6.846
bot-021,01a0b92a-5dcb-7304-976b-4de0af935cf9,104,56590013,56594584,ACCEPTED,,56594600,ok,4.587
bot-021,01a0b92a-5fc1-739c-b708-3a976f1633f4,105,57091605,57094458,ACCEPTED,,57094479,ok,2.874
bot-021,01a0b92a-61b7-705e-bbe2-2e38d8e8982e,106,57594385,57644715,ACCEPTED,,57644749,ok,50.364
bot-021,01a0b92a-63af-73ce-bd97-9a8cfaaf095d,107,58097668,58144724,ACCEPTED,,58144765,ok,47.097
bot-021,01a0b92a-65a7-7237-94e1-8381966c9a22,108,58601934,58644652,ACCEPTED,,58644663,ok,42.729
bot-021,01a0b92a-679d-7111-83b1-65f1ea0dee81,109,59104268,59144663,ACCEPTED,,59144683,ok,40.415
bot-021,01a0b92a-6995-74fa-85b0-ada7f12acd6d,110,59607570,59644566,ACCEPTED,,59644597,ok,37.027
bot-021,01a0b92a-6b8a-721a-bca7-a7c65a90db07,111,60108820,60144517,ACCEPTED,,60144554,ok,35.734
bot-021,01a0b92a-6d83-7699-81b5-495aea1a98f6,112,60613905,60645023,ACCEPTED,,60645050,ok,31.145
bot-021,01a0b92a-6f7b-73a5-b4be-617d179775dd,113,61117639,61144702,ACCEPTED,,61144722,ok,27.083
bot-021,01a0b92a-717f-73bb-b51a-5139296f551d,114,61633752,61644338,ACCEPTED,,61644364,ok,10.612
bot-021,01a0b92a-737c-732e-8c6d-205f8f47ed71,115,62142843,62144667,ACCEPTED,,62144690,ok,1.847
bot-021,01a0b92a-7572-7238-a4bc-917321fa4585,116,62644599,62694496,ACCEPTED,,62694533,ok,49.934
bot-021,01a0b92a-7773-774f-8ad4-2bab3dca0b27,117,63157613,63194538,ACCEPTED,,63194570,ok,36.957
bot-021,01a0b92a-7969-73ac-8613-08a089cda9b0,118,63659677,63694577,ACCEPTED,,63694654,ok,34.977
bot-022,01a0b929-90ca-76fb-809a-5086f75cb7a8,0,4109339,4144718,ACCEPTED,,4144760,ok,35.421
bot-022,01a0b929-92bf-7621-bd80-4374e3cf86b9,1,4610523,4644327,ACCEPTED,,4644369,ok,33.846
bot-022,01a0b929-94b5-702d-8d72-fc05f2ab6ec1,2,5111808,5144391,ACCEPTED,,5144433,ok,32.625
bot-022,01a0b929-96ab-73cf-a900-83646c6ea18d,3,5613584,5644677,ACCEPTED,,5644722,ok,31.138
bot-022,01a0b929-98a4-7160-9841-911a710df509,4,6118582,6144442,ACCEPTED,,6144487,ok,25.905
bot-022,01a0b929-9a9c-77ed-95f7-77b813e26d02,5,6622975,6644418,ACCEPTED,,6644456,ok,21.481
bot-022,01a0b929-9ca0-73f4-b19a-6bf8969569fa,6,7139400,7144581,ACCEPTED,,7144620,ok,5.220
bot-022,01a0b929-9e96-76ab-b499-47b269a052a2,7,7641538,7644678,ACCEPTED,,7644719,ok,3.181
bot-022,01a0b929-a08d-77c6-b05f-63733c98af22,8,8144437,8194527,ACCEPTED,,8194569,ok,50.132
bot-022,01a0b929-a287-7617-bec4-dcc2843ac38e,9,8649727,8694281,ACCEPTED,,8694336,ok,44.609
bot-022,01a0b929-a47c-7179-8209-fcad9923283a,10,9151205,9194296,ACCEPTED,,9194355,ok,43.150
bot-022,01a0b929-a673-752c-8d33-bf57f75bfb1a,11,9653676,9694461,ACCEPTED,,9694520,ok,40.844
bot-022,01a0b929-a86a-7416-a551-b70c34e3dbd8,12,10156965,10194927,ACCEPTED,,10194978,ok,38.013
bot-022,01a0b929-aa63-770b-af61-084972c19863,13,10661686,10694669,ACCEPTED,,10694728,ok,33.042
bot-022,01a0b929-ac5b-728c-b295-4c0e5a1ce4db,14,11165854,11194409,ACCEPTED,,11194454,ok,28.600
bot-022,01a0b929-ae55-709e-b36f-75988440e6fa,15,11672060,11694364,ACCEPTED,,11694422,ok,22.362
bot-022,01a0b929-b04e-708c-9abe-9f9b73fbddd6,16,12176848,12194533,ACCEPTED,,12194576,ok,17.728
bot-022,01a0b929-b243-76dc-a148-d7d708ab08be,17,12677805,12695045,ACCEPTED,,12695060,ok,17.255
bot-022,01a0b929-b442-702e-837b-dea729f82e0c,18,13189541,13194253,ACCEPTED,,13194285,ok,4.744
bot-022,01a0b929-b639-7085-b265-b90c5ebea9a0,19,13692091,13695439,ACCEPTED,,13695491,ok,3.400
bot-022,01a0b929-b82f-74bb-9159-7e3bab827c4f,20,14194375,14244418,ACCEPTED,,14244466,ok,50.091
bot-022,01a0b929-ba2e-740d-91e5-01705d409c73,21,14705328,14744446,ACCEPTED,,14744503,ok,39.175
bot-022,01a0b929-bc24-722c-969f-eee25c8ee2e4,22,15207205,15244492,ACCEPTED,,15244540,ok,37.335
bot-022,01a0b929-be1e-71a1-ae02-8bf00bf4e115,23,15713297,15744970,ACCEPTED,,15745136,ok,31.839
bot-022,01a0b929-c016-7490-a08c-2bdc3d0d8894,24,16217378,16244255,ACCEPTED,,16244308,ok,26.930
bot-022,01a0b929-c20b-7629-bf0f-e45200034392,25,16718455,16744450,ACCEPTED,,16744501,ok,26.046
bot-022,01a0b929-c402-743f-9b4d-a6d183b734a8,26,17221213,17244512,ACCEPTED,,17244558,ok,23.345
bot-022,01a0b929-c605-72de-b535-3b32f5634f9b,27,17735778,17744475,ACCEPTED,,17744514,ok,8.736
bot-022,01a0b929-c7ff-7593-add7-49f84e7cb32b,28,18241659,18244611,ACCEPTED,,18244658,ok,2.999
bot-022,01a0b929-c9f5-70db-af39-ce4cd8e43877,29,18743742,18744376,ACCEPTED,,18744421,ok,0.679
bot-022,01a0b929-cbea-7027-aadd-145539eb05a0,30,19244569,19294690,ACCEPTED,,19294735,ok,50.166
bot-022,01a0b929-cdea-76ed-8ba7-700b53b987c9,31,19757501,19794510,ACCEPTED,,19794563,ok,37.062
bot-022,01a0b929-cfe1-7496-9934-bef7f89151ac,32,20259840,20294445,ACCEPTED,,20294458,ok,34.618
bot-022,01a0b929-d1da-7315-9ad9-24a751a66e75,33,20765084,20794346,ACCEPTED,,20794403,ok,29.319
bot-022,01a0b929-d3dc-72de-930d-b8c4b6fdfda7,34,21279474,21294449,ACCEPTED,,21294505,ok,15.031
bot-022,01a0b929-d5d8-7734-a7dd-45686abcacd0,35,21787092,21794289,ACCEPTED,,21794331,ok,7.239
bot-022,01a0b929-d7db-707d-8caf-4d87efd60d7b,36,22301655,22344574,ACCEPTED,,22344616,ok,42.961
bot-022,01a0b929-d9d3-7123-a01b-5aaf066e74a9,37,22805641,22844709,ACCEPTED,,22844762,ok,39.121
bot-022,01a0b929-dbd5-765e-bb9d-381e26d2ea54,38,23320081,23344375,ACCEPTED,,23344417,ok,24.336
bot-022,01a0b929-ddcc-7343-9092-b808095c1a88,39,23823173,23844737,ACCEPTED,,23844784,ok,21.611
bot-022,01a0b929-dfc2-7049-ad74-f47d1c986258,40,24324899,24344314,ACCEPTED,,24344366,ok,19.467
bot-022,01a0b929-e1ba-732d-b10d-1e329297a456,41,24828838,24844446,ACCEPTED,,24844494,ok,15.656
bot-022,01a0b929-e3bc-7418-873d-35500c7c17ca,42,25343398,25344491,ACCEPTED,,25344544,ok,1.146
bot-022,01a0b929-e5b4-75c8-b20b-db5118f8e963,43,25847147,25894616,ACCEPTED,,25894660,ok,47.513
bot-022,01a0b929-e7aa-76e0-aeba-2ba182e5d8fc,44,26349288,26394439,ACCEPTED,,26394481,ok,45.193
bot-022,01a0b929-e9a5-741a-bff5-8fee86c93162,45,26856193,26894699,ACCEPTED,,26894755,ok,38.562
bot-022,01a0b929-eb9f-7130-ba51-5b8f8a6abb26,46,27361563,27394233,ACCEPTED,,27394273,ok,32.710
bot-022,01a0b929-ed95-7198-aecb-6ff9025eeddc,47,27864505,27894402,ACCEPTED,,27894440,ok,29.935
bot-022,01a0b929-ef8c-7438-a834-a600b93adbde,48,28367186,28394202,ACCEPTED,,28394244,ok,27.058
bot-022,01a0b929-f184-71b6-a887-026e0aff228e,49,28871074,28894492,ACCEPTED,,28894543,ok,23.469
bot-022,01a0b929-f37b-76fe-bc12-375308028905,50,29373937,29394413,ACCEPTED,,29394451,ok,20.514
bot-022,01a0b929-f574-7748-9d9b-246a65e440a7,51,29879320,29894737,ACCEPTED,,29894793,ok,15.473
bot-022,01a0b929-f777-7509-b7b3-75417bfc0c32,52,30394399,30444507,ACCEPTED,,30444555,ok,50.156
bot-022,01a0b929-f96f-71f7-8783-05e169bcd2c6,53,30897974,30944678,ACCEPTED,,30944720,ok,46.746
bot-022,01a0b929-fb72-711d-ad4d-da7d9fc742aa,54,31413447,31444447,ACCEPTED,,31444494,ok,31.047
bot-022,01a0b929-fd68-7602-a1ed-383c6c9fcc33,55,31915230,31944706,ACCEPTED,,31944757,ok,29.527
bot-022,01a0b929-ff62-7518-bc28-6988f8689c0e,56,32420600,32444287,ACCEPTED,,32444342,ok,23.742
bot-022,01a0b92a-0159-7066-baf9-d72dfe9da99c,57,32924420,32944747,ACCEPTED,,32944801,ok,20.381
bot-022,01a0b92a-035b-777b-9907-e11fea743d77,58,33437979,33444187,ACCEPTED,,33444228,ok,6.249
bot-022,01a0b92a-0553-72be-bb67-e579d9a6ce0b,59,33942332,33944393,ACCEPTED,,33944429,ok,2.097
bot-022,01a0b92a-0749-729a-a8c5-920637deb987,60,34444350,34494638,ACCEPTED,,34494700,ok,50.350
bot-022,01a0b92a-093f-76f7-84cf-779e760148b0,61,34946103,34994484,ACCEPTED,,34994537,ok,48.434
bot-022,01a0b92a-0b42-706d-bc96-76a78b54613e,62,35460937,35494540,ACCEPTED,,35494575,ok,33.638
bot-022,01a0b92a-0d39-7692-8333-4920855333a3,63,35963643,35994708,ACCEPTED,,35994768,ok,31.125
bot-022,01a0b92a-0f2e-76d9-af65-2d3ad60fedea,64,36465465,36494337,ACCEPTED,,36494380,ok,28.915
bot-022,01a0b92a-1128-707e-ad54-41fc25c1f1c7,65,36971074,36994251,ACCEPTED,,36994299,ok,23.225
bot-022,01a0b92a-132b-76ae-a76c-137d45954c12,66,37486179,37494173,ACCEPTED,,37494212,ok,8.033
bot-022,01a0b92a-152f-739c-b6eb-265705cf0a18,67,38002011,38044607,ACCEPTED,,38044654,ok,42.643
bot-022,01a0b92a-1731-73cd-af95-1dde298867d1,68,38516050,38544373,ACCEPTED,,38544412,ok,28.362
bot-022,01a0b92a-1929-771c-9979-494a4cea5b2b,69,39019868,39044283,ACCEPTED,,39044322,ok,24.454
bot-022,01a0b92a-1b21-729a-838e-f93306ffc594,70,39524231,39544206,ACCEPTED,,39544258,ok,20.027
bot-022,01a0b92a-1d1a-73d4-91ce-a556748268d5,71,40028762,40044472,ACCEPTED,,40044512,ok,15.750
bot-022,01a0b92a-1f11-77e3-856a-44c971dd26b0,72,40531959,40544790,ACCEPTED,,40544834,ok,12.875
bot-022,01a0b92a-210d-7335-bdb2-4990cd018f77,73,41039714,41044152,ACCEPTED,,41044179,ok,4.465
bot-022,01a0b92a-2304-7655-9fce-aa7fd5407547,74,41543266,41544303,ACCEPTED,,41544332,ok,1.066
bot-022,01a0b92a-24fb-7085-b695-4ec334d7a896,75,42046377,42094439,ACCEPTED,,42094485,ok,48.108
bot-022,01a0b92a-26f1-70e7-9f17-e748c8a416de,76,42547582,42594696,ACCEPTED,,42594750,ok,47.168
bot-022,01a0b92a-28f2-74dc-bdc2-426de60fc3d3,77,43061130,43094467,ACCEPTED,,43094512,ok,33.382
bot-022,01a0b92a-2af6-7356-8555-1c477a03c78c,78,43576596,43594206,ACCEPTED,,43594243,ok,17.647
bot-022,01a0b92a-2cf1-76ab-9127-fe15acde58e0,79,44083987,44094298,ACCEPTED,,44094342,ok,10.355
bot-022,01a0b92a-2ef4-757d-81b8-97948b8391c5,80,44598728,44644513,ACCEPTED,,44644556,ok,45.828
bot-022,01a0b92a-30f7-74b2-a242-de54f2f6cb63,81,45113825,45144378,ACCEPTED,,45144437,ok,30.612
bot-022,01a0b92a-32fb-76db-a42a-db7fe4832265,82,45629784,45644609,ACCEPTED,,45644658,ok,14.874
bot-022,01a0b92a-34f1-7762-9e5b-8e4896f4d04d,83,46131752,46144721,ACCEPTED,,46144762,ok,13.010
bot-022,01a0b92a-36f4-758f-8ac7-2dcc7c8470a4,84,46646676,46694728,ACCEPTED,,46694882,ok,48.206
bot-022,01a0b92a-38ec-7504-a818-468664b8cc05,85,47150841,47194369,ACCEPTED,,47194425,ok,43.584
bot-022,01a0b92a-3aef-76f2-ac53-021f4d6ab26c,86,47666293,47694442,ACCEPTED,,47694455,ok,28.162
bot-022,01a0b92a-3ce9-7167-b8ee-538452654118,87,48172065,48194295,ACCEPTED,,48194343,ok,22.278
bot-022,01a0b92a-3eeb-75f8-9eac-916df0ca189d,88,48685916,48694761,ACCEPTED,,48694779,ok,8.863
bot-022,01a0b92a-40ee-76f2-a241-d4656b13ea9f,89,49201132,49244381,ACCEPTED,,49244441,ok,43.309
bot-022,01a0b92a-42ea-7365-8cdb-2966640baeb8,90,49709052,49744468,ACCEPTED,,49744526,ok,35.474
bot-022,01a0b92a-44df-72c6-b42b-b633a3dcb130,91,50210417,50244593,ACCEPTED,,50244644,ok,34.227
bot-022,01a0b92a-46e0-70af-aae7-2770c2b10ca7,92,50723258,50744183,ACCEPTED,,50744224,ok,20.966
bot-022,01a0b92a-48d8-76fe-9988-8bdab7f2db89,93,51226809,51244653,ACCEPTED,,51244698,ok,17.889
bot-022,01a0b92a-4adb-747c-b497-abdb7856062c,94,51741646,51744192,ACCEPTED,,51744237,ok,2.591
bot-022,01a0b92a-4cd5-7008-abfb-a1b5e667a29b,95,52247599,52294624,ACCEPTED,,52294666,ok,47.067
bot-022,01a0b92a-4ecf-7593-bd08-2e364b02ebf7,96,52754170,52794244,ACCEPTED,,52794284,ok,40.114
bot-022,01a0b92a-50c4-759b-8241-d3a8d084819e,97,53254827,53294223,ACCEPTED,,53294265,ok,39.438
bot-022,01a0b92a-52be-7428-b4a4-d24e87da29ec,98,53761214,53794340,ACCEPTED,,53794381,ok,33.167
bot-022,01a0b92a-54b3-773a-980a-a991befe6b14,99,54261881,54294556,ACCEPTED,,54294599,ok,32.718
bot-022,01a0b92a-56b6-71f9-aff1-62f22d129de5,100,54776586,54794546,ACCEPTED,,54794584,ok,17.998
bot-022,01a0b92a-58af-723c-b661-9a22265db0b4,101,55282026,55294217,ACCEPTED,,55294263,ok,12.237
bot-022,01a0b92a-5ab0-7530-a5d9-21f9c0f649c7,102,55795552,55844520,ACCEPTED,,55844561,ok,49.009
bot-022,01a0b92a-5ca8-7678-a937-7cd01fddbceb,103,56299238,56344475,ACCEPTED,,56344514,ok,45.276
bot-022,01a0b92a-5ea1-7762-9439-bf3b8a643eeb,104,56803615,56844406,ACCEPTED,,56844454,ok,40.839
bot-022,01a0b92a-60a3-73e1-b2e2-5bb20c03a1bd,105,57318521,57344699,ACCEPTED,,57344741,ok,26.220
bot-022,01a0b92a-629d-75b5-b158-eb79d92f9afa,106,57823993,57844522,ACCEPTED,,57844565,ok,20.572
bot-022,01a0b92a-6494-7340-93ca-1af7a6c1c9f3,107,58327098,58344299,ACCEPTED,,58344351,ok,17.253
bot-022,01a0b92a-668b-7798-9e0d-185ed1954d17,108,58830171,58844981,ACCEPTED,,58845040,ok,14.869
bot-022,01a0b92a-6882-7244-9f0d-7399e449cadb,109,59333510,59344395,ACCEPTED,,59344451,ok,10.941
bot-022,01a0b92a-6a86-7595-906b-f8fa87ee95c6,110,59848964,59894697,ACCEPTED,,59894741,ok,45.777
bot-022,01a0b92a-6c7f-76b3-99e5-4155a5558c66,111,60354352,60394594,ACCEPTED,,60394613,ok,40.261
bot-022,01a0b92a-6e78-715a-b63b-52f4fd20e8bb,112,60859274,60894375,ACCEPTED,,60894410,ok,35.136
bot-022,01a0b92a-707c-767a-b4ad-b5c33ceebc07,113,61374854,61394643,ACCEPTED,,61394687,ok,19.833
bot-022,01a0b92a-7277-75bc-ac4d-6da601fcfbbe,114,61882237,61894286,ACCEPTED,,61894330,ok,12.093
bot-022,01a0b92a-746e-7499-bc1b-d9d2b4adde03,115,62385356,62394456,ACCEPTED,,62394501,ok,9.145
bot-022,01a0b92a-7672-73a0-a17e-3637e92ae2d5,116,62900703,62944704,ACCEPTED,,62944752,ok,44.049
bot-022,01a0b92a-7869-746b-9b98-e70bb6088af6,117,63404124,63444527,ACCEPTED,,63444570,ok,40.446
bot-022,01a0b92a-7a6b-7467-859c-f3a8d647a01f,118,63917874,63944400,ACCEPTED,,63944446,ok,26.572
bot-023,01a0b929-9125-7507-a34e-45466a565222,0,4199909,4244412,ACCEPTED,,4244442,ok,44.533
bot-023,01a0b929-931b-7575-832f-cf1baab9e43e,1,4702067,4744717,ACCEPTED,,4744743,ok,42.676
bot-023,01a0b929-951d-7049-be49-21ffd2a7a17c,2,5216183,5244248,ACCEPTED,,5244299,ok,28.116
bot-023,01a0b929-9716-7549-a004-c97f788aa3bd,3,5721064,5744454,ACCEPTED,,5744509,ok,23.445
bot-023,01a0b929-990d-7506-a494-26a0d024b146,4,6224438,6244513,ACCEPTED,,6244541,ok,20.103
bot-023,01a0b929-9b06-7438-8213-a8a3424c80f2,5,6728816,6744371,ACCEPTED,,6744406,ok,15.590
bot-023,01a0b929-9cfc-76e0-9ee4-ec7b0280f046,6,7230712,7244768,ACCEPTED,,7244801,ok,14.089
bot-023,01a0b929-9ef2-716e-ba75-8cd7cbdbfd48,7,7733388,7744428,ACCEPTED,,7744468,ok,11.080
bot-023,01a0b929-a0ec-7265-87a3-f2a46abde871,8,8238909,8244242,ACCEPTED,,8244285,ok,5.376
bot-023,01a0b929-a2e1-7751-be72-9f99efe1ac71,9,8739996,8744258,ACCEPTED,,8744282,ok,4.286
bot-023,01a0b929-a4d6-708b-bc67-8726e19f60a8,10,9241015,9244423,ACCEPTED,,9244444,ok,3.429
bot-023,01a0b929-a6cd-77ad-9107-24129f3a1d71,11,9744409,9794795,ACCEPTED,,9794851,ok,50.442
bot-023,01a0b929-a8c6-7684-a1ac-8ba2490bf43c,12,10248938,10294792,ACCEPTED,,10294851,ok,45.913
bot-023,01a0b929-aabe-7414-ad30-b6a4c99861e7,13,10753243,10794480,ACCEPTED,,10794508,ok,41.265
bot-023,01a0b929-acb7-74d1-b2cc-633d0e6bfcd6,14,11258402,11294460,ACCEPTED,,11294517,ok,36.115
bot-023,01a0b929-aeb1-7179-9f11-85858aca255b,15,11764302,11794487,ACCEPTED,,11794511,ok,30.209
bot-023,01a0b929-b0aa-759f-acee-e73f00046b2a,16,12268830,12294635,ACCEPTED,,12294676,ok,25.846
bot-023,01a0b929-b2ad-7782-b611-21dbb18f1f80,17,12784354,12794872,ACCEPTED,,12794887,ok,10.533
bot-023,01a0b929-b4ac-7226-86a5-8c9ce15540e6,18,13294776,13344431,ACCEPTED,,13344467,ok,49.691
bot-023,01a0b929-b6a2-7464-982c-7f8257307594,19,13797522,13844416,ACCEPTED,,13844445,ok,46.923
bot-023,01a0b929-b8a4-76ac-b0a0-12ddcec72933,20,14311106,14344412,ACCEPTED,,14344450,ok,33.344
bot-023,01a0b929-ba99-773a-8dc9-144365a2b94f,21,14812034,14844556,ACCEPTED,,14844590,ok,32.556
bot-023,01a0b929-bc8f-7690-850a-f3935752955d,22,15314410,15344469,ACCEPTED,,15344524,ok,30.114
bot-023,01a0b929-be8a-7260-be9d-59fd1a087bd2,23,15820892,15844715,ACCEPTED,,15844744,ok,23.852
bot-023,01a0b929-c082-76d5-97fd-00dfc4f3bb2d,24,16324811,16344390,ACCEPTED,,16344407,ok,19.596
bot-023,01a0b929-c285-77ce-b466-51f9ffb84fe2,25,16840313,16844342,ACCEPTED,,16844370,ok,4.057
bot-023,01a0b929-c47d-77a0-906f-7b6e408770fb,26,17343908,17344544,ACCEPTED,,17344570,ok,0.662
bot-023,01a0b929-c672-7693-b2a6-51363f0d1ca2,27,17844761,17894694,ACCEPTED,,17894755,ok,49.994
bot-023,01a0b929-c86a-7062-af1d-7ee0eec1bbcf,28,18348719,18394646,ACCEPTED,,18394697,ok,45.978
bot-023,01a0b929-ca5f-73e8-b6d3-35030721d28a,29,18850172,18894457,ACCEPTED,,18894510,ok,44.338
bot-023,01a0b929-cc54-705a-909d-56f3bd66189f,30,19350758,19394412,ACCEPTED,,19394465,ok,43.707
bot-023,01a0b929-ce54-71f5-9c14-d8ab4d5251d1,31,19863213,19894726,ACCEPTED,,19894761,ok,31.548
bot-023,01a0b929-d04c-7065-8d6f-a7895ea72287,32,20366782,20394447,ACCEPTED,,20394468,ok,27.686
bot-023,01a0b929-d246-753b-91bd-e7d1f0a2deec,33,20873053,20894594,ACCEPTED,,20894623,ok,21.570
bot-023,01a0b929-d446-70d8-8d53-07b9fabba727,34,21385254,21394602,ACCEPTED,,21394651,ok,9.397
bot-023,01a0b929-d642-706f-9a6d-bdc78e05c47d,35,21893045,21894583,ACCEPTED,,21894635,ok,1.590
bot-023,01a0b929-d837-7345-a5f8-98a4dabc503c,36,22394310,22444522,ACCEPTED,,22444544,ok,50.234
bot-023,01a0b929-da2e-7256-970a-47ade6c4e766,37,22897436,22944471,ACCEPTED,,22944501,ok,47.065
bot-023,01a0b929-dc30-7313-9f50-8706dfd60bb2,38,23411017,23444440,ACCEPTED,,23444474,ok,33.457
bot-023,01a0b929-de28-763a-9ca4-eb280e084492,39,23914977,23944607,ACCEPTED,,23944638,ok,29.661
bot-023,01a0b929-e01e-703f-a611-d98c7b3397cf,40,24416807,24444753,ACCEPTED,,24444773,ok,27.966
bot-023,01a0b929-e216-76b4-8319-fb56f37ed2bb,41,24921328,24944314,ACCEPTED,,24944347,ok,23.019
bot-023,01a0b929-e417-708e-bb52-f3d79bffeb51,42,25433984,25444588,ACCEPTED,,25444623,ok,10.639
bot-023,01a0b929-e60f-71ff-b09b-96f5325c41ed,43,25937875,25944612,ACCEPTED,,25944671,ok,6.796
bot-023,01a0b929-e807-77ca-a159-225d844606b7,44,26442446,26444503,ACCEPTED,,26444532,ok,2.086
bot-023,01a0b929-ea02-71e4-9abc-d3763ef960fb,45,26948742,26994849,ACCEPTED,,26994866,ok,46.124
bot-023,01a0b929-ebfa-7117-8310-aa8e36076474,46,27452960,27494337,ACCEPTED,,27494373,ok,41.413
bot-023,01a0b929-edf0-728d-9b62-1f1b142be0f4,47,27955433,27994419,ACCEPTED,,27994468,ok,39.035
bot-023,01a0b929-efe8-772f-83ae-f4c1568bb80d,48,28458563,28494550,ACCEPTED,,28494567,ok,36.004
bot-023,01a0b929-f1e0-7107-9485-d0008c2b75ad,49,28963293,28994750,ACCEPTED,,28994765,ok,31.472
bot-023,01a0b929-f3d7-70c1-bf47-51387f4ca3ef,50,29466215,29494786,ACCEPTED,,29494815,ok,28.600
bot-023,01a0b929-f5d1-7799-b3b9-14d943cef2fd,51,29971721,29994687,ACCEPTED,,29994704,ok,22.983
bot-023,01a0b929-f7d4-770a-8d6f-9292d0685773,52,30486754,30494501,ACCEPTED,,30494522,ok,7.768
bot-023,01a0b929-f9c9-737d-af3d-47823342353b,53,30988323,30994623,ACCEPTED,,30994640,ok,6.317
bot-023,01a0b929-fbce-7268-9113-39e29620e117,54,31505173,31544288,ACCEPTED,,31544341,ok,39.168
bot-023,01a0b929-fdc4-7589-92af-1284ccea94ce,55,32006573,32044573,ACCEPTED,,32044604,ok,38.031
bot-023,01a0b929-ffbf-7658-b2fc-8078e2d789c6,56,32514210,32544561,ACCEPTED,,32544579,ok,30.369
bot-023,01a0b92a-01c2-7618-87ed-81c76e141c5d,57,33028996,33044686,ACCEPTED,,33044750,ok,15.754
bot-023,01a0b92a-03c6-7359-a897-7a6aa6566f20,58,33544652,33594472,ACCEPTED,,33594512,ok,49.860
bot-023,01a0b92a-05bc-76cf-8218-71d3316807bf,59,34047056,34094517,ACCEPTED,,34094555,ok,47.499
bot-023,01a0b92a-07b5-7491-9f7a-a33788e13201,60,34551926,34594316,ACCEPTED,,34594351,ok,42.425
bot-023,01a0b92a-09aa-7059-bfc5-15806d9207b5,61,35053418,35094678,ACCEPTED,,35094702,ok,41.284
bot-023,01a0b92a-0bac-7600-a011-fcf260176c4a,62,35567217,35594854,ACCEPTED,,35594881,ok,27.664
bot-023,01a0b92a-0da4-7608-81f8-fc877ca1182c,63,36070586,36094711,ACCEPTED,,36094727,ok,24.141
bot-023,01a0b92a-0f9a-7200-8a90-82d6e1b9fc00,64,36573044,36594803,ACCEPTED,,36594836,ok,21.792
bot-023,01a0b92a-1191-74b4-8f2b-0e12c34a1490,65,37076329,37094774,ACCEPTED,,37094807,ok,18.478
bot-023,01a0b92a-1395-72b1-8bff-df6de7a3e4e8,66,37591696,37594402,ACCEPTED,,37594423,ok,2.727
bot-023,01a0b92a-1598-7128-afaa-f81abb4733fa,67,38107446,38144738,ACCEPTED,,38144790,ok,37.344
bot-023,01a0b92a-179d-7650-ba06-7379ec9accd8,68,38623656,38644663,ACCEPTED,,38644682,ok,21.026
bot-023,01a0b92a-1993-77a5-be9c-27677077d3bc,69,39126368,39144471,ACCEPTED,,39144494,ok,18.126
bot-023,01a0b92a-1b8e-7224-91fa-ab78a426bce2,70,39632682,39644633,ACCEPTED,,39644695,ok,12.013
bot-023,01a0b92a-1d85-72cb-b9bc-41f1fd9a919c,71,40135779,40144699,ACCEPTED,,40144713,ok,8.934
bot-023,01a0b92a-1f7b-7634-9d99-404288b8a4c9,72,40638540,40644666,ACCEPTED,,40644720,ok,6.180
bot-023,01a0b92a-2176-7027-ae55-76364c796643,73,41144789,41194645,ACCEPTED,,41194661,ok,49.872
bot-023,01a0b92a-236f-7260-819d-29fb9c3c9530,74,41650268,41694401,ACCEPTED,,41694419,ok,44.151
bot-023,01a0b92a-2565-7617-86d1-fa2ee6fd1726,75,42152000,42194724,ACCEPTED,,42194768,ok,42.768
bot-023,01a0b92a-275b-7617-a3a2-ef03e78ec063,76,42654253,42694330,ACCEPTED,,42694384,ok,40.131
bot-023,01a0b92a-295c-7069-8bb5-41c9851aa0f6,77,43166614,43194900,ACCEPTED,,43194916,ok,28.302
bot-023,01a0b92a-2b52-70aa-bd58-dd65c7c1bba8,78,43668722,43694364,ACCEPTED,,43694383,ok,25.661
bot-023,01a0b92a-2d4d-70e4-a3d8-4831fa580ee9,79,44175620,44194571,ACCEPTED,,44194591,ok,18.971
bot-023,01a0b92a-2f4f-75b0-9bef-a4263d8136cc,80,44690113,44694699,ACCEPTED,,44694725,ok,4.612
bot-023,01a0b92a-3153-7687-aaf4-4f4ffface7a6,81,45205743,45244876,ACCEPTED,,45244892,ok,39.149
bot-023,01a0b92a-3356-7741-9b1c-7c67032020f6,82,45720967,45744726,ACCEPTED,,45744757,ok,23.790
bot-023,01a0b92a-354d-7373-aef6-ee4443ca5e2f,83,46223626,46244544,ACCEPTED,,46244573,ok,20.947
bot-023,01a0b92a-3750-7149-b78f-53b99d788607,84,46739119,46744688,ACCEPTED,,46744709,ok,5.590
bot-023,01a0b92a-3945-750a-b14a-b313f53afb39,85,47240541,47244382,ACCEPTED,,47244407,ok,3.866
bot-023,01a0b92a-3b3c-7079-8e9f-a3f515cb1e99,86,47743215,47744386,ACCEPTED,,47744407,ok,1.192
bot-023,01a0b92a-3d36-700f-90fa-e6b1f244576a,87,48248796,48294751,ACCEPTED,,48294779,ok,45.983
bot-023,01a0b92a-3f37-728e-89db-64381900d983,88,48762477,48794575,ACCEPTED,,48794591,ok,32.114
bot-023,01a0b92a-413a-73ed-9846-635349617487,89,49277374,49294357,ACCEPTED,,49294390,ok,17.016
bot-023,01a0b92a-4337-7442-8570-1a07a135db8c,90,49785992,49794366,ACCEPTED,,49794393,ok,8.401
bot-023,01a0b92a-452d-76c7-8ccc-a86e14cfdce2,91,50288109,50294449,ACCEPTED,,50294473,ok,6.364
bot-023,01a0b92a-472d-70e1-9248-d26a377c5b25,92,50800003,50845029,ACCEPTED,,50845068,ok,45.065
bot-023,01a0b92a-4924-70ff-9a42-08f43c6eaade,93,51302743,51344631,ACCEPTED,,51344647,ok,41.904
bot-023,01a0b92a-4b27-714b-84e0-e19fb1cfcd4c,94,51817633,51844544,ACCEPTED,,51844555,ok,26.922
bot-023,01a0b92a-4d23-7074-9c83-6d3f408902cf,95,52325773,52344645,ACCEPTED,,52344662,ok,18.889
bot-023,01a0b92a-4f1d-7306-984b-d0cb10bb08b6,96,52832050,52844591,ACCEPTED,,52844625,ok,12.575
bot-023,01a0b92a-5120-7673-bca7-ab778d842351,97,53347243,53395297,ACCEPTED,,53395334,ok,48.091
bot-023,01a0b92a-5319-7239-8e87-93cd990b222a,98,53852301,53894748,ACCEPTED,,53894778,ok,42.477
bot-023,01a0b92a-551c-760a-87f8-7d62456edf12,99,54367095,54394323,ACCEPTED,,54394337,ok,27.242
bot-023,01a0b92a-5711-76c6-acaf-6cfe2d44c371,100,54867794,54894394,ACCEPTED,,54894439,ok,26.645
bot-023,01a0b92a-590b-725c-9151-6279e1f0daa7,101,55373678,55394629,ACCEPTED,,55394654,ok,20.976
bot-023,01a0b92a-5b0d-7190-ad59-a6abb92b16ba,102,55888251,55894438,ACCEPTED,,55894469,ok,6.218
bot-023,01a0b92a-5d02-7605-96c4-a13553c95e68,103,56389518,56394475,ACCEPTED,,56394491,ok,4.973
bot-023,01a0b92a-5efb-7671-b0ab-1e223b541a53,104,56894469,56944826,ACCEPTED,,56944886,ok,50.417
bot-023,01a0b92a-6100-724c-add2-efe1f47fd701,105,57410650,57444418,ACCEPTED,,57444435,ok,33.785
bot-023,01a0b92a-62fa-7277-bbdb-0c6385757be4,106,57916606,57944779,ACCEPTED,,57944807,ok,28.201
bot-023,01a0b92a-64ff-756c-8f3e-7089b93b15b5,107,58433929,58444619,ACCEPTED,,58444631,ok,10.702
bot-023,01a0b92a-66f6-749b-960c-b0fd8c5f43ef,108,58937346,58944585,ACCEPTED,,58944606,ok,7.260
bot-023,01a0b92a-68ed-7451-bf29-28575c165b6f,109,59439640,59444259,ACCEPTED,,59444275,ok,4.635
bot-023,01a0b92a-6af1-7518-bfb1-2aaff5e4902a,110,59955589,59994780,ACCEPTED,,59994819,ok,39.230
bot-023,01a0b92a-6cea-7774-869b-7ebbd0f352c7,111,60460591,60494473,ACCEPTED,,60494506,ok,33.915
bot-023,01a0b92a-6ee3-7706-a38d-3f3c8d99dce9,112,60965773,60994752,ACCEPTED,,60994765,ok,28.992
bot-023,01a0b92a-70d8-72d0-a466-4d38a077aa1b,113,61466794,61494776,ACCEPTED,,61494812,ok,28.018
bot-023,01a0b92a-72d3-72bf-b3f0-c4fb06c1db3a,114,61974270,61994438,ACCEPTED,,61994474,ok,20.204
bot-023,01a0b92a-74ca-725c-80c1-17dfd556cf87,115,62476685,62494498,ACCEPTED,,62494532,ok,17.847
bot-023,01a0b92a-76cc-703f-a13c-e68d2486f311,116,62991023,62994443,ACCEPTED,,62994488,ok,3.465
bot-023,01a0b92a-78c4-7542-a6d6-674b058516ca,117,63494773,63544667,ACCEPTED,,63544727,ok,49.954
bot-023,01a0b92a-7ac5-747e-a1db-cf74b16052e1,118,64008516,64044548,ACCEPTED,,64044589,ok,36.073
bot-024,01a0b929-91b5-7215-8f54-5acba5bdec67,0,4344462,4394285,ACCEPTED,,4394295,ok,49.833
bot-024,01a0b929-93b4-76a9-944d-3831c27fe58d,1,4855085,4894887,ACCEPTED,,4894954,ok,39.869
bot-024,01a0b929-95b7-733e-b52b-d8c155ff5a2a,2,5370530,5394350,ACCEPTED,,5394393,ok,23.863
bot-024,01a0b929-97b2-7249-abca-5ff163783117,3,5876691,5894221,ACCEPTED,,5894260,ok,17.569
bot-024,01a0b929-99b4-75fd-96dd-86b0e56303aa,4,6391467,6394181,ACCEPTED,,6394228,ok,2.761
bot-024,01a0b929-9bac-73d2-90e3-02cb96340702,5,6894713,6944473,ACCEPTED,,6944522,ok,49.809
bot-024,01a0b929-9da5-720a-8714-0dbf175ee42b,6,7399733,7444462,ACCEPTED,,7444496,ok,44.763
bot-024,01a0b929-9f9c-7391-bb21-c37af1b56ce5,7,7903183,7944317,ACCEPTED,,7944362,ok,41.179
bot-024,01a0b929-a194-7226-9cb9-7e7f0e105d7c,8,8406988,8444637,ACCEPTED,,8444689,ok,37.701
bot-024,01a0b929-a397-711e-95ab-654289b71b35,9,8922484,8944582,ACCEPTED,,8944633,ok,22.149
bot-024,01a0b929-a58f-71b6-bc2e-ad8046d4ef0b,10,9426219,9444750,ACCEPTED,,9444803,ok,18.584
bot-024,01a0b929-a785-76be-9d07-18b7e1a981cf,11,9927671,9944690,ACCEPTED,,9944744,ok,17.073
bot-024,01a0b929-a97c-70d0-8874-941e06c5afc3,12,10431366,10444661,ACCEPTED,,10444706,ok,13.340
bot-024,01a0b929-ab73-7579-b2d2-fb906d28e6f0,13,10934255,10944503,ACCEPTED,,10944553,ok,10.298
bot-024,01a0b929-ad6f-73c8-9bee-e87035ed457a,14,11441769,11444431,ACCEPTED,,11444476,ok,2.707
bot-024,01a0b929-af65-7382-a3ed-c6d89931ca53,15,11944407,11994697,ACCEPTED,,11994732,ok,50.325
bot-024,01a0b929-b15f-733e-a257-ce7878aaeb84,16,12450493,12494411,ACCEPTED,,12494493,ok,44.000
bot-024,01a0b929-b355-734a-b097-7272a4fee1e1,17,12952076,12997592,ACCEPTED,,12997619,ok,45.543
bot-024,01a0b929-b556-70da-b438-0242f2e5c836,18,13464631,13494439,ACCEPTED,,13494485,ok,29.854
bot-024,01a0b929-b758-71e6-ad7a-a332a13ef317,19,13979464,13995269,ACCEPTED,,13995297,ok,15.833
bot-024,01a0b929-b95b-70b7-b222-d14ec3a8116f,20,14494385,14544660,ACCEPTED,,14544709,ok,50.324
bot-024,01a0b929-bb52-712b-835a-028afda67150,21,14997458,15044300,ACCEPTED,,15044350,ok,46.892
bot-024,01a0b929-bd56-7203-bd83-0f70bf5a1cc5,22,15512981,15544438,ACCEPTED,,15544475,ok,31.494
bot-024,01a0b929-bf53-75c4-b9fb-6d1d211c9f1b,23,16021841,16044286,ACCEPTED,,16044311,ok,22.470
bot-024,01a0b929-c155-77e8-b041-b93fa1b074d9,24,16536506,16544495,ACCEPTED,,16544545,ok,8.039
bot-024,01a0b929-c34c-7224-bb0f-45478ad18fc9,25,17039544,17044350,ACCEPTED,,17044395,ok,4.851
bot-024,01a0b929-c54f-76ff-94a1-62af91e29cdd,26,17554279,17594637,ACCEPTED,,17594666,ok,40.387
bot-024,01a0b929-c748-73a7-b312-ba201e604774,27,18058617,18094573,ACCEPTED,,18094615,ok,35.998
bot-024,01a0b929-c93d-73a3-aac8-6aa37717a620,28,18560440,18594652,ACCEPTED,,18594691,ok,34.251
bot-024,01a0b929-cb33-70b1-8e04-51cf1e440d47,29,19062331,19094466,ACCEPTED,,19094512,ok,32.181
bot-024,01a0b929-cd37-7633-96e1-8b655ce23cb7,30,19577601,19594686,ACCEPTED,,19594721,ok,17.120
bot-024,01a0b929-cf3a-7079-9843-a2ce5ad15a5e,31,20092735,20094303,ACCEPTED,,20094348,ok,1.613
bot-024,01a0b929-d131-7492-a736-efa21c67d97e,32,20596240,20644464,ACCEPTED,,20644497,ok,48.257
bot-024,01a0b929-d326-73a0-a805-79db58b4e7e9,33,21097453,21144588,ACCEPTED,,21144611,ok,47.158
bot-024,01a0b929-d521-763d-8c54-f7ea33ba0bd6,34,21603896,21644585,ACCEPTED,,21644625,ok,40.729
bot-024,01a0b929-d722-7784-abcc-d05f94e6fd3c,35,22117274,22144663,ACCEPTED,,22144703,ok,27.429
bot-024,01a0b929-d91a-77bf-b317-d72eb011736b,36,22621457,22644474,ACCEPTED,,22644525,ok,23.068
bot-024,01a0b929-db1e-733b-a074-0b26811303a3,37,23137475,23144468,ACCEPTED,,23144524,ok,7.049
bot-024,01a0b929-dd17-7095-9113-7b422932e3c9,38,23641574,23644161,ACCEPTED,,23644205,ok,2.631
bot-024,01a0b929-df1b-7208-af87-56c10ab14c95,39,24157671,24194649,ACCEPTED,,24194680,ok,37.009
bot-024,01a0b929-e111-713c-aecc-5a40b3d98ec5,40,24660015,24694786,ACCEPTED,,24694838,ok,34.823
bot-024,01a0b929-e308-72c3-879a-381e9ae9e2da,41,25163317,25194767,ACCEPTED,,25194833,ok,31.516
bot-024,01a0b929-e50b-76ac-936a-228a4b62877c,42,25678149,25694449,ACCEPTED,,25694479,ok,16.330
bot-024,01a0b929-e701-7195-8e81-a2f541964614,43,26179794,26194387,ACCEPTED,,26194426,ok,14.632
bot-024,01a0b929-e8fc-70d1-804e-35c3a2b01dd8,44,26687191,26694220,ACCEPTED,,26694243,ok,7.052
bot-024,01a0b929-eaf6-73fb-84d8-cc39c777264d,45,27193082,27194741,ACCEPTED,,27194791,ok,1.709
bot-024,01a0b929-ecee-7582-95b9-fd80d8320991,46,27696927,27744444,ACCEPTED,,27744474,ok,47.547
bot-024,01a0b929-eee4-73ce-9430-0c5476e130cf,47,28198996,28244595,ACCEPTED,,28244631,ok,45.635
bot-024,01a0b929-f0db-762a-93b2-5947836c2aa8,48,28702047,28744457,ACCEPTED,,28744502,ok,42.455
bot-024,01a0b929-f2d3-75d9-9576-5074d840eb3f,49,29205737,29244642,ACCEPTED,,29244672,ok,38.935
bot-024,01a0b929-f4cb-77ea-b8d5-b8d7c839eda6,50,29710487,29744481,ACCEPTED,,29744513,ok,34.026
bot-024,01a0b929-f6c6-72d9-81ff-02c3b2b8e9e4,51,30217174,30244570,ACCEPTED,,30244631,ok,27.457
bot-024,01a0b929-f8c8-7160-baac-47398d213a62,52,30731442,30744716,ACCEPTED,,30744771,ok,13.329
bot-024,01a0b929-faca-703d-b88c-ff95648e6b10,53,31244805,31294583,ACCEPTED,,31294630,ok,49.825
bot-024,01a0b929-fcc0-762e-8483-cefbf43fbacf,54,31747171,31794823,ACCEPTED,,31794876,ok,47.705
bot-024,01a0b929-feb7-70f7-8094-54e4c45f558e,55,32249957,32294621,ACCEPTED,,32294657,ok,44.700
bot-024,01a0b92a-00b3-77a5-9a4f-334808c5c850,56,32758136,32794635,ACCEPTED,,32794665,ok,36.529
bot-024,01a0b92a-02b5-747a-918b-86b837739a00,57,33271945,33294739,ACCEPTED,,33294782,ok,22.837
bot-024,01a0b92a-04ab-71d9-bd90-bbb84d0339db,58,33773869,33794664,ACCEPTED,,33794726,ok,20.857
bot-024,01a0b92a-06a1-7244-975e-3f4584f24f6c,59,34276511,34294402,ACCEPTED,,34294460,ok,17.949
bot-024,01a0b92a-0898-77ff-95c2-d48ecccf2061,60,34779268,34794627,ACCEPTED,,34794689,ok,15.421
bot-024,01a0b92a-0a9b-75d4-8585-d5ac75fa682d,61,35294106,35294636,ACCEPTED,,35294667,ok,0.561
bot-024,01a0b92a-0c91-703f-83ed-9f78da09641d,62,35795894,35844712,ACCEPTED,,35844773,ok,48.879
bot-024,01a0b92a-0e87-7203-908b-3ceea3bae8d3,63,36298118,36344415,ACCEPTED,,36344460,ok,46.342
bot-024,01a0b92a-1081-72b4-b03e-80b6bee89b42,64,36803716,36844456,ACCEPTED,,36844470,ok,40.754
bot-024,01a0b92a-1282-77e4-8b61-27696706f81e,65,37317192,37344573,ACCEPTED,,37344632,ok,27.440
bot-024,01a0b92a-1478-70a2-9d5c-9ce43a75a23b,66,37819455,37844669,ACCEPTED,,37844697,ok,25.242
bot-024,01a0b92a-167c-707d-af8d-93891e1325d8,67,38334776,38344235,ACCEPTED,,38344264,ok,9.488
bot-024,01a0b92a-1873-7149-9ed1-c20faffb775e,68,38838433,38844312,ACCEPTED,,38844331,ok,5.898
bot-024,01a0b92a-1a6a-73c5-85ee-aa292bca20c3,69,39340587,39344322,ACCEPTED,,39344361,ok,3.774
bot-024,01a0b92a-1c64-73d4-b4fc-015fb542b3bf,70,39847239,39894592,ACCEPTED,,39894622,ok,47.383
bot-024,01a0b92a-1e5a-709e-ade0-57e6566851ad,71,40348744,40394717,ACCEPTED,,40394748,ok,46.004
bot-024,01a0b92a-2055-76ca-9419-90272a803d6c,72,40856075,40894437,ACCEPTED,,40894491,ok,38.416
bot-024,01a0b92a-224d-71e9-a955-b63e01869679,73,41360399,41394538,ACCEPTED,,41394598,ok,34.199
bot-024,01a0b92a-2445-76fb-a034-b243e8e0fdd5,74,41864444,41894636,ACCEPTED,,41894690,ok,30.246
bot-024,01a0b92a-264a-731c-b230-a7696e1377d3,75,42381171,42394575,ACCEPTED,,42394605,ok,13.434
bot-024,01a0b92a-283f-7052-9805-358abc2834c1,76,42881973,42894351,ACCEPTED,,42894394,ok,12.421
bot-024,01a0b92a-2a40-7308-907a-55decb5caba4,77,43394963,43444702,ACCEPTED,,43444731,ok,49.768
bot-024,01a0b92a-2c39-7461-b60d-b8e8bdacc0d1,78,43899762,43944929,ACCEPTED,,43944951,ok,45.189
bot-024,01a0b92a-2e35-7199-b306-ca2a4d1a2d71,79,44408205,44444475,ACCEPTED,,44444529,ok,36.324
bot-024,01a0b92a-3033-7287-b280-82c18046551b,80,44917857,44944289,ACCEPTED,,44944320,ok,26.463
bot-024,01a0b92a-3235-747e-8462-6c030467170d,81,45432306,45444546,ACCEPTED,,45444586,ok,12.280
bot-024,01a0b92a-343a-73d0-9c62-c6641ed78a27,82,45948710,45994899,ACCEPTED,,45994917,ok,46.207
bot-024,01a0b92a-363d-725f-baa1-b7e4f651f34c,83,46463620,46494885,ACCEPTED,,46494922,ok,31.302
bot-024,01a0b92a-3837-713e-a55b-026389d344e6,84,46970056,46994399,ACCEPTED,,46994412,ok,24.356
bot-024,01a0b92a-3a39-724d-977f-81d0ee3d598f,85,47483854,47494607,ACCEPTED,,47494647,ok,10.793
bot-024,01a0b92a-3c32-7615-b14e-d034f54ceee5,86,47988750,47994607,ACCEPTED,,47994666,ok,5.916
bot-024,01a0b92a-3e29-727a-b60a-cc7e2a0bba30,87,48492355,48494461,ACCEPTED,,48494499,ok,2.144
bot-024,01a0b92a-402a-737b-8cd1-3690220646cb,88,49004625,49044472,ACCEPTED,,49044501,ok,39.876
bot-024,01a0b92a-422e-760f-a00d-f0644d192c08,89,49520926,49545090,ACCEPTED,,49545113,ok,24.187
bot-024,01a0b92a-442a-71bf-a150-22593036d4e2,90,50029241,50044480,ACCEPTED,,50044527,ok,15.286
bot-024,01a0b92a-4627-7220-bbfa-41379cfe5bee,91,50537598,50544464,ACCEPTED,,50544494,ok,6.896
bot-024,01a0b92a-481f-747c-8bf3-8b59cf97ddcc,92,51042327,51044616,ACCEPTED,,51044642,ok,2.315
bot-024,01a0b92a-4a16-77eb-ab37-821e0888e0cd,93,51545523,51594565,ACCEPTED,,51594593,ok,49.070
bot-024,01a0b92a-4c0e-7063-bb2a-57ec1bf45fc7,94,52049444,52094632,ACCEPTED,,52094687,ok,45.243
bot-024,01a0b92a-4e08-725b-a8b2-976d2abcc3cf,95,52554847,52594603,ACCEPTED,,52594637,ok,39.790
bot-024,01a0b92a-4fff-716c-8d0f-fd35a931b802,96,53058336,53094687,ACCEPTED,,53094718,ok,36.382
bot-024,01a0b92a-51f6-75ed-ab62-b8465691f42c,97,53561213,53594523,ACCEPTED,,53594551,ok,33.338
bot-024,01a0b92a-53ee-77aa-ab3c-080657c2de3c,98,54064587,54094757,ACCEPTED,,54094782,ok,30.195
bot-024,01a0b92a-55f0-7663-a76f-dffabb11f91f,99,54579285,54594677,ACCEPTED,,54594702,ok,15.417
bot-024,01a0b92a-57e7-712d-9a11-c65fc2cca8f9,100,55082011,55094602,ACCEPTED,,55094657,ok,12.646
bot-024,01a0b92a-59dd-724b-8d66-3df666e0ca4a,101,55584262,55594532,ACCEPTED,,55594543,ok,10.281
bot-024,01a0b92a-5bd5-75c5-b8ee-08d4a23a8285,102,56087776,56094682,ACCEPTED,,56094696,ok,6.920
bot-024,01a0b92a-5dcb-7304-976b-4de6bf9b482f,103,56590323,56594709,ACCEPTED,,56594732,ok,4.409
bot-024,01a0b92a-5fc1-739c-b708-3aa28a782ed0,104,57091778,57094670,ACCEPTED,,57094690,ok,2.912
bot-024,01a0b92a-61b7-705e-bbe2-2e31a548abe4,105,57594278,57644596,ACCEPTED,,57644635,ok,50.357
bot-024,01a0b92a-63af-73ce-bd97-9a8843028d63,106,58097571,58144807,ACCEPTED,,58144821,ok,47.250
bot-024,01a0b92a-65a7-7237-94e1-837fc0dd09d1,107,58601918,58644646,ACCEPTED,,58644667,ok,42.749
bot-024,01a0b92a-679d-7111-83b1-65f299f8fcf7,108,59104304,59144758,ACCEPTED,,59144795,ok,40.491
bot-024,01a0b92a-6994-7298-baff-a5c7181b4d13,109,59607554,59644585,ACCEPTED,,59644618,ok,37.064
bot-024,01a0b92a-6b8a-721a-bca7-a7ccf67f05fc,110,60108911,60144649,ACCEPTED,,60144680,ok,35.769
bot-024,01a0b92a-6d83-7699-81b5-495468384422,111,60613802,60645057,ACCEPTED,,60645081,ok,31.279
bot-024,01a0b92a-6f7b-73a5-b4be-61818627b2f3,112,61117697,61144712,ACCEPTED,,61144728,ok,27.031
bot-024,01a0b92a-717f-73bb-b51a-51361a48a64a,113,61633691,61644333,ACCEPTED,,61644369,ok,10.678
bot-024,01a0b92a-737c-732e-8c6d-2062be37a8ed,114,62142895,62144657,ACCEPTED,,62144680,ok,1.785
bot-024,01a0b92a-7572-7238-a4bc-9172a70bd685,115,62644592,62694417,ACCEPTED,,62694480,ok,49.888
bot-024,01a0b92a-7773-774f-8ad4-2baa1795bba4,116,63157600,63194447,ACCEPTED,,63194488,ok,36.888
bot-024,01a0b92a-7969-73ac-8613-089f5bdf2dc5,117,63659677,63694596,ACCEPTED,,63694650,ok,34.973
bot-024,01a0b92a-7b5e-738b-aec8-3750ecdb09d3,118,64161480,64194682,ACCEPTED,,64194708,ok,33.228
bot-025,01a0b929-9245-7299-991f-18616fb6ec1d,0,4487962,4494651,ACCEPTED,,4494683,ok,6.721
bot-025,01a0b929-943d-72e3-a600-4a851d712343,1,4992137,4994412,ACCEPTED,,4994432,ok,2.295
bot-025,01a0b929-9633-77b6-aadf-3bd5c6123c96,2,5494490,5544505,ACCEPTED,,5544527,ok,50.037
bot-025,01a0b929-982a-7506-b232-95c4ad7f31f2,3,5996960,6044476,ACCEPTED,,6044502,ok,47.542
bot-025,01a0b929-9a20-74b4-8ca6-29a7d9177c8b,4,6499339,6544265,ACCEPTED,,6544298,ok,44.959
bot-025,01a0b929-9c18-71ea-8a16-2a16af00911d,5,7003004,7044398,ACCEPTED,,7044431,ok,41.427
bot-025,01a0b929-9e0e-756e-a36b-dd73d1590787,6,7505376,7544507,ACCEPTED,,7544568,ok,39.192
bot-025,01a0b929-a006-738d-8b1a-2a75bffce3f7,7,8009252,8044408,ACCEPTED,,8044437,ok,35.185
bot-025,01a0b929-a1fd-70b2-8923-c7a21fa12ef6,8,8511888,8544266,ACCEPTED,,8544296,ok,32.408
bot-025,01a0b929-a3f3-76de-aa71-c8ead5062fc7,9,9014146,9044635,ACCEPTED,,9044656,ok,30.510
bot-025,01a0b929-a5e9-752a-94a7-0d6e2ecf2c79,10,9516320,9544599,ACCEPTED,,9544641,ok,28.321
bot-025,01a0b929-a7e1-73cf-85ef-4d022188378e,11,10019565,10044552,ACCEPTED,,10044571,ok,25.006
bot-025,01a0b929-a9d9-767c-91f8-8326579efe34,12,10523965,10544329,ACCEPTED,,10544352,ok,20.387
bot-025,01a0b929-abce-7095-bdbf-46884b57939e,13,11025207,11044570,ACCEPTED,,11044598,ok,19.391
bot-025,01a0b929-adca-74db-b2ef-ca7fe9bd6ac9,14,11533387,11544332,ACCEPTED,,11544358,ok,10.971
bot-025,01a0b929-afc5-706f-9035-418b7b59e45a,15,12040313,12044953,ACCEPTED,,12044973,ok,4.660
bot-025,01a0b929-b1bd-72d6-92aa-a141b12f5a56,16,12544483,12594624,ACCEPTED,,12594667,ok,50.184
bot-025,01a0b929-b3b9-74f1-a9c7-71d029f3cfa5,17,13052399,13095007,ACCEPTED,,13095076,ok,42.677
bot-025,01a0b929-b5b0-716c-bdf6-382075453109,18,13555371,13594301,ACCEPTED,,13594348,ok,38.977
bot-025,01a0b929-b7b4-71e8-9154-fb52113446e6,19,14070741,14094813,ACCEPTED,,14094869,ok,24.128
bot-025,01a0b929-b9b6-735c-bb6b-89bbb829d45e,20,14584623,14594754,ACCEPTED,,14594787,ok,10.164
bot-025,01a0b929-bbac-70d8-a475-c7ffb64f0ca9,21,15087445,15094404,ACCEPTED,,15094469,ok,7.024
bot-025,01a0b929-bda4-76ff-83f6-4121fd35b734,22,15591052,15594500,ACCEPTED,,15594532,ok,3.480
bot-025,01a0b929-bf9c-740f-a126-b5152ca1b921,23,16094721,16144595,ACCEPTED,,16144644,ok,49.923
bot-025,01a0b929-c193-75bf-a619-eb515c9069e5,24,16597893,16644479,ACCEPTED,,16644526,ok,46.633
bot-025,01a0b929-c389-724e-b55f-f74f303514fc,25,17099890,17144543,ACCEPTED,,17144605,ok,44.715
bot-025,01a0b929-c58c-737d-8450-7c03a3d8b91a,26,17615150,17644598,ACCEPTED,,17644620,ok,29.470
bot-025,01a0b929-c785-70ce-92a5-c99a675060ae,27,18120380,18144607,ACCEPTED,,18144633,ok,24.253
bot-025,01a0b929-c97b-75f1-acf2-9d28d8d943b5,28,18622269,18644409,ACCEPTED,,18644468,ok,22.199
bot-025,01a0b929-cb7e-75fe-8e03-71378858e56d,29,19137359,19144645,ACCEPTED,,19144677,ok,7.318
bot-025,01a0b929-cd79-7293-8d66-6e6b4fc763aa,30,19644272,19694362,ACCEPTED,,19694421,ok,50.149
bot-025,01a0b929-cf6d-7130-89ec-27e6c991b270,31,20144515,20194669,ACCEPTED,,20194725,ok,50.210
bot-025,01a0b929-d16d-75b9-b0d2-4946b5572be3,32,20656531,20694259,ACCEPTED,,20694317,ok,37.786
bot-025,01a0b929-d363-75dd-8ef1-3fe8bc3566ef,33,21157663,21194730,ACCEPTED,,21194759,ok,37.096
bot-025,01a0b929-d55e-767b-b175-4a30b3d01f40,34,21665337,21694830,ACCEPTED,,21694870,ok,29.533
bot-025,01a0b929-d75f-717e-9a32-e3cf2c8f8fa8,35,22178359,22194455,ACCEPTED,,22194475,ok,16.116
bot-025,01a0b929-d957-722e-a8e9-0bc77d52896e,36,22681734,22694787,ACCEPTED,,22694819,ok,13.085
bot-025,01a0b929-db4c-701b-acf6-d34ef3637c87,37,23182656,23194610,ACCEPTED,,23194632,ok,11.976
bot-025,01a0b929-dd44-724a-a5e2-a0e0c6a5e96e,38,23686933,23694764,ACCEPTED,,23694779,ok,7.846
bot-025,01a0b929-df40-736f-9321-f0a3899e0651,39,24194636,24244351,ACCEPTED,,24244392,ok,49.756
bot-025,01a0b929-e13f-769d-9b78-cf6c1497458c,40,24706431,24744575,ACCEPTED,,24744620,ok,38.189
bot-025,01a0b929-e335-740b-9517-b9bdb5fac4de,41,25208198,25244607,ACCEPTED,,25244656,ok,36.458
bot-025,01a0b929-e52a-77a3-a8e5-aa75db51401d,42,25708745,25744250,ACCEPTED,,25744293,ok,35.548
bot-025,01a0b929-e71f-7695-97ca-4164fa15351f,43,26210182,26244457,ACCEPTED,,26244493,ok,34.311
bot-025,01a0b929-e91a-768d-924a-35b40376c5f8,44,26716765,26744806,ACCEPTED,,26744826,ok,28.061
bot-025,01a0b929-eb14-758c-9ec1-36a46bab0bf0,45,27223370,27244830,ACCEPTED,,27244850,ok,21.480
bot-025,01a0b929-ed0c-7756-a82a-85baeeeed88e,46,27726728,27744508,ACCEPTED,,27744533,ok,17.805
bot-025,01a0b929-ef02-7482-b5d0-8a0856d97a89,47,28229314,28244640,ACCEPTED,,28244660,ok,15.346
bot-025,01a0b929-f0fb-732c-9a04-608bdf5feb69,48,28733722,28744561,ACCEPTED,,28744592,ok,10.870
bot-025,01a0b929-f2f1-7164-98ad-2b422106336d,49,29236248,29244717,ACCEPTED,,29244734,ok,8.486
bot-025,01a0b929-f4e9-7476-931d-948206d50a35,50,29740220,29744558,ACCEPTED,,29744587,ok,4.367
bot-025,01a0b929-f6e1-70d2-9a59-3fbabe074a7d,51,30244527,30294490,ACCEPTED,,30294525,ok,49.998
bot-025,01a0b929-f8d7-7479-82be-e1845861e024,52,30746214,30794784,ACCEPTED,,30794805,ok,48.591
bot-025,01a0b929-fad9-72c3-921d-6a93266bff47,53,31260273,31294584,ACCEPTED,,31294630,ok,34.357
bot-025,01a0b929-fcd0-75e6-8428-7c471a5fc533,54,31762797,31794831,ACCEPTED,,31794875,ok,32.078
bot-025,01a0b929-fec6-7257-8013-edf9a782da3c,55,32264914,32294761,ACCEPTED,,32294781,ok,29.867
bot-025,01a0b92a-00c2-713d-94ff-f32260589cd4,56,32773250,32794707,ACCEPTED,,32794721,ok,21.471
bot-025,01a0b92a-02c4-7740-8759-aae8a1aa6897,57,33286662,33294819,ACCEPTED,,33294842,ok,8.180
bot-025,01a0b92a-04ba-7226-adcc-a04feda0f578,58,33788948,33794756,ACCEPTED,,33794791,ok,5.843
bot-025,01a0b92a-06b0-70eb-9546-ccaa782d5497,59,34291481,34294514,ACCEPTED,,34294535,ok,3.054
bot-025,01a0b92a-08a7-77d2-8d77-74fd97f22e94,60,34794522,34844799,ACCEPTED,,34844834,ok,50.312
bot-025,01a0b92a-0aab-7719-82ba-3187358dd19b,61,35309677,35345049,ACCEPTED,,35345086,ok,35.409
bot-025,01a0b92a-0ca1-7588-acec-07bcec03ecbb,62,35811929,35844832,ACCEPTED,,35844860,ok,32.931
bot-025,01a0b92a-0e97-77a9-8583-ae12dd314664,63,36313592,36344523,ACCEPTED,,36344547,ok,30.955
bot-025,01a0b92a-108f-766c-a5db-d58c9cb2aad7,64,36818512,36844456,ACCEPTED,,36844483,ok,25.971
bot-025,01a0b92a-1291-7091-9c31-041c900e1f2c,65,37332325,37344667,ACCEPTED,,37344696,ok,12.371
bot-025,01a0b92a-1487-745a-a775-373625499e32,66,37834306,37844737,ACCEPTED,,37844765,ok,10.459
bot-025,01a0b92a-167c-707d-af8d-9385741fb762,67,38334743,38344300,ACCEPTED,,38344340,ok,9.597
bot-025,01a0b92a-1873-7149-9ed1-c20e716f9922,68,38838312,38844263,ACCEPTED,,38844299,ok,5.987
bot-025,01a0b92a-1a6a-73c5-85ee-aa28b77c1c5e,69,39340584,39344343,ACCEPTED,,39344372,ok,3.788
bot-025,01a0b92a-1c64-73d4-b4fc-016098cb5261,70,39847239,39894547,ACCEPTED,,39894592,ok,47.353
bot-025,01a0b92a-1e5a-709e-ade0-57e37d9d77fe,71,40348683,40394726,ACCEPTED,,40394753,ok,46.070
bot-025,01a0b92a-2055-76ca-9419-9029754eaa4c,72,40856146,40894565,ACCEPTED,,40894592,ok,38.446
bot-025,01a0b92a-224d-71e9-a955-b6413fcbf486,73,41360545,41394800,ACCEPTED,,41394827,ok,34.282
bot-025,01a0b92a-2445-76fb-a034-b242496373b5,74,41864423,41894666,ACCEPTED,,41894698,ok,30.275
bot-025,01a0b92a-264a-731c-b230-a76bc242ce14,75,42381191,42394617,ACCEPTED,,42394643,ok,13.452
bot-025,01a0b92a-283f-7052-9805-3587f277876d,76,42881965,42894325,ACCEPTED,,42894382,ok,12.417
bot-025,01a0b92a-2a40-7308-907a-55e22b05a0eb,77,43395024,43444855,ACCEPTED,,43444881,ok,49.857
bot-025,01a0b92a-2c39-7461-b60d-b8e50a672916,78,43899741,43944938,ACCEPTED,,43944963,ok,45.222
bot-025,01a0b92a-2e35-7199-b306-ca2c6ef2de2d,79,44408231,44444578,ACCEPTED,,44444600,ok,36.369
bot-025,01a0b92a-3033-7287-b280-82c2daaeb247,80,44917857,44944368,ACCEPTED,,44944391,ok,26.534
bot-025,01a0b92a-3235-747e-8462-6c06a7ce28c7,81,45432366,45444512,ACCEPTED,,45444547,ok,12.181
bot-025,01a0b92a-343a-73d0-9c62-c66271bf61b6,82,45948657,45994667,ACCEPTED,,45994722,ok,46.065
bot-025,01a0b92a-363d-725f-baa1-b7e7b3d0cf4e,83,46463674,46495112,ACCEPTED,,46495142,ok,31.468
bot-025,01a0b92a-3837-713e-a55b-025cd1854db9,84,46969974,46994232,ACCEPTED,,46994290,ok,24.316
bot-025,01a0b92a-3a39-724d-977f-81cde860c5b5,85,47483791,47494599,ACCEPTED,,47494638,ok,10.847
bot-025,01a0b92a-3c32-7615-b14e-d03537f7a286,86,47988773,47994829,ACCEPTED,,47994858,ok,6.085
bot-025,01a0b92a-3e29-727a-b60a-cc76d2b14bfe,87,48492253,48494465,ACCEPTED,,48494481,ok,2.228
bot-025,01a0b92a-402a-737b-8cd1-3695609e015f,88,49004658,49044442,ACCEPTED,,49044487,ok,39.829
bot-025,01a0b92a-422e-760f-a00d-f05b54e05a0c,89,49520800,49544872,ACCEPTED,,49544911,ok,24.111
bot-025,01a0b92a-442a-71bf-a150-226241020967,90,50029399,50044659,ACCEPTED,,50044685,ok,15.286
bot-025,01a0b92a-4627-7220-bbfa-413d8aa95260,91,50537701,50544558,ACCEPTED,,50544581,ok,6.880
bot-025,01a0b92a-481f-747c-8bf3-8b5c65c74181,92,51042351,51044413,ACCEPTED,,51044459,ok,2.108
bot-025,01a0b92a-4a16-77eb-ab37-821c7964d8e6,93,51545467,51594508,ACCEPTED,,51594527,ok,49.060
bot-025,01a0b92a-4c0e-7063-bb2a-57f0d7dd944b,94,52049467,52094819,ACCEPTED,,52094858,ok,45.391
bot-025,01a0b92a-4e08-725b-a8b2-976a2ebdd271,95,52554830,52594584,ACCEPTED,,52594618,ok,39.788
bot-025,01a0b92a-4fff-716c-8d0f-fd387daf01fd,96,53058393,53094487,ACCEPTED,,53094507,ok,36.114
bot-025,01a0b92a-51f6-75ed-ab62-b8415b8625cb,97,53561185,53594557,ACCEPTED,,53594577,ok,33.392
bot-025,01a0b92a-53ee-77aa-ab3c-0803fe8716d6,98,54064582,54094749,ACCEPTED,,54094769,ok,30.187
bot-025,01a0b92a-55f0-7663-a76f-dffc8961dda8,99,54579329,54594737,ACCEPTED,,54594752,ok,15.423
bot-025,01a0b92a-57e7-712d-9a11-c6634a90108f,100,55082104,55094700,ACCEPTED,,55094748,ok,12.644
bot-025,01a0b92a-59dd-724b-8d66-3df4ce071b6d,101,55584196,55594532,ACCEPTED,,55594544,ok,10.348
bot-025,01a0b92a-5bd5-75c5-b8ee-08cfb0bcfe1e,102,56087635,56094710,ACCEPTED,,56094727,ok,7.092
bot-025,01a0b92a-5dcb-7304-976b-4debc8f236a5,103,56590419,56594855,ACCEPTED,,56594872,ok,4.453
bot-025,01a0b92a-5fc1-739c-b708-3a9b58c39152,104,57091646,57094381,ACCEPTED,,57094432,ok,2.786
bot-025,01a0b92a-61b7-705e-bbe2-2e3650fd5d08,105,57594386,57644711,ACCEPTED,,57644722,ok,50.336
bot-025,01a0b92a-63af-73ce-bd97-9a8a64abff53,106,58097588,58144767,ACCEPTED,,58144797,ok,47.209
bot-025,01a0b92a-65a7-7237-94e1-837c755dd346,107,58601908,58644675,ACCEPTED,,58644694,ok,42.786
bot-025,01a0b92a-679d-7111-83b1-65f0aca3a21b,108,59104270,59144730,ACCEPTED,,59144746,ok,40.476
bot-025,01a0b92a-6995-74fa-85b0-ada81fe2aa05,109,59607564,59644631,ACCEPTED,,59644652,ok,37.088
bot-025,01a0b92a-6b8a-721a-bca7-a7d06569b279,110,60108948,60144613,ACCEPTED,,60144631,ok,35.683
bot-025,01a0b92a-6d83-7699-81b5-49595e1b79fd,111,60613902,60645012,ACCEPTED,,60645027,ok,31.125
bot-025,01a0b92a-6f7b-73a5-b4be-617a6e0bed23,112,61117614,61144598,ACCEPTED,,61144623,ok,27.009
bot-025,01a0b92a-717f-73bb-b51a-5135dde4a7ed,113,61633697,61644321,ACCEPTED,,61644337,ok,10.640
bot-025,01a0b92a-737c-732e-8c6d-205ec3d06bf4,114,62142826,62144494,ACCEPTED,,62144545,ok,1.719
bot-025,01a0b92a-7572-7238-a4bc-916f9df193a3,115,62644576,62694460,ACCEPTED,,62694491,ok,49.915
bot-025,01a0b92a-7773-774f-8ad4-2ba8947d5eff,116,63157600,63194466,ACCEPTED,,63194501,ok,36.901
bot-025,01a0b92a-7969-73ac-8613-08a31d4d44a8,117,63659692,63694714,ACCEPTED,,63694754,ok,35.062
bot-025,01a0b92a-7b5e-738b-aec8-3753bdd89983,118,64161496,64194661,ACCEPTED,,64194702,ok,33.206
bot-026,01a0b929-9226-72f0-91e4-92416a89856c,0,4456848,4494563,ACCEPTED,,4494605,ok,37.757
bot-026,01a0b929-941f-713b-a4d0-c4df26cb0ecb,1,4962119,4994346,ACCEPTED,,4994393,ok,32.274
bot-026,01a0b929-9621-757c-a279-848449c73029,2,5476165,5494554,ACCEPTED,,5494580,ok,18.415
bot-026,01a0b929-981b-7183-a70b-abe8b0da93a3,3,5981607,5994840,ACCEPTED,,5994870,ok,13.263
bot-026,01a0b929-9a11-7559-9e4c-55c3acbaa663,4,6484151,6494508,ACCEPTED,,6494524,ok,10.373
bot-026,01a0b929-9c09-77d9-9a8b-bcbab2f12cdc,5,6988196,6994556,ACCEPTED,,6994583,ok,6.387
bot-026,01a0b929-9dff-7554-a905-77d28580f917,6,7490482,7494702,ACCEPTED,,7494725,ok,4.243
bot-026,01a0b929-9ff7-72a9-9820-47e4faa78c4d,7,7994118,7994768,ACCEPTED,,7994788,ok,0.670
bot-026,01a0b929-a1ec-72d5-b46e-7946d581fe57,8,8494593,8544217,ACCEPTED,,8544258,ok,49.665
bot-026,01a0b929-a3e4-7491-bfe3-60fa72192456,9,8999259,9044608,ACCEPTED,,9044636,ok,45.377
bot-026,01a0b929-a5da-73ee-be14-42210ca1c74a,10,9501338,9544649,ACCEPTED,,9544679,ok,43.341
bot-026,01a0b929-a7d1-7203-a4ff-4162ac2545af,11,10004545,10044496,ACCEPTED,,10044527,ok,39.982
bot-026,01a0b929-a9ca-706b-bc46-fa70d729edbd,12,10508838,10544290,ACCEPTED,,10544326,ok,35.488
bot-026,01a0b929-abbf-75ce-ab91-1c3d33bfb74a,13,11009733,11044531,ACCEPTED,,11044576,ok,34.843
bot-026,01a0b929-adbb-70d4-9fed-376a25200c9b,14,11518285,11544288,ACCEPTED,,11544339,ok,26.054
bot-026,01a0b929-afb6-76d3-86d8-a03ff76c1570,15,12025210,12044859,ACCEPTED,,12044910,ok,19.700
bot-026,01a0b929-b1ab-70af-b032-a2f89d6a55cc,16,12525837,12544812,ACCEPTED,,12544838,ok,19.001
bot-026,01a0b929-b3aa-769f-8af6-a7b21d1c2fb2,17,13037612,13044940,ACCEPTED,,13044980,ok,7.368
bot-026,01a0b929-b5a1-711f-a37f-e368faaad9a9,18,13540276,13544517,ACCEPTED,,13544544,ok,4.268
bot-026,01a0b929-b799-7654-8c40-4079a368c941,19,14044385,14094818,ACCEPTED,,14094880,ok,50.495
bot-026,01a0b929-b998-7340-b4df-6d704ed9dfc4,20,14555127,14594764,ACCEPTED,,14594787,ok,39.660
bot-026,01a0b929-bb8e-701a-b73b-46a6f1831e71,21,15057332,15094420,ACCEPTED,,15094459,ok,37.127
bot-026,01a0b929-bd85-71a8-b7c4-46ead2f1ecc3,22,15559788,15594415,ACCEPTED,,15594444,ok,34.656
bot-026,01a0b929-bf80-73c6-acd0-f822379b4406,23,16067211,16094802,ACCEPTED,,16094840,ok,27.629
bot-026,01a0b929-c184-765f-bb16-c136d0d2437c,24,16583298,16594621,ACCEPTED,,16594648,ok,11.350
bot-026,01a0b929-c37a-77fc-9e5f-60f85e7c8e6f,25,17085031,17094377,ACCEPTED,,17094427,ok,9.396
bot-026,01a0b929-c578-7718-8a5c-e64ba0667355,26,17594672,17644632,ACCEPTED,,17644672,ok,50.000
bot-026,01a0b929-c776-76b1-be4a-a337f4cb65c5,27,18104808,18144524,ACCEPTED,,18144566,ok,39.758
bot-026,01a0b929-c96c-7754-8dbe-57b835572dbb,28,18606564,18644409,ACCEPTED,,18644468,ok,37.904
bot-026,01a0b929-cb6f-7524-a4e1-871049732523,29,19122147,19144635,ACCEPTED,,19144651,ok,22.504
bot-026,01a0b929-cd64-7710-b7b3-6a22544496dc,30,19622554,19644279,ACCEPTED,,19644314,ok,21.760
bot-026,01a0b929-cf68-731f-ba2b-1f0714adca39,31,20138558,20144422,ACCEPTED,,20144463,ok,5.905
bot-026,01a0b929-d15f-70b2-a351-6edcba89b21a,32,20641742,20644578,ACCEPTED,,20644596,ok,2.854
bot-026,01a0b929-d355-7610-977b-b4a0bb66cc51,33,21144475,21194680,ACCEPTED,,21194718,ok,50.243
bot-026,01a0b929-d54f-7614-822b-b2d85afb58b5,34,21649611,21694788,ACCEPTED,,21694819,ok,45.208
bot-026,01a0b929-d750-70e3-972f-cbfda1c7bb22,35,22163206,22194436,ACCEPTED,,22194464,ok,31.258
bot-026,01a0b929-d947-753e-8274-d16db5d5875d,36,22666048,22694677,ACCEPTED,,22694731,ok,28.683
bot-026,01a0b929-db3c-7700-8acb-87f180770080,37,23167523,23194509,ACCEPTED,,23194564,ok,27.041
bot-026,01a0b929-dd34-75fe-9bfb-6dcd3069316d,38,23671424,23694667,ACCEPTED,,23694721,ok,23.297
bot-026,01a0b929-df2a-74ce-b26e-a49748c8ebbf,39,24172911,24194709,ACCEPTED,,24194728,ok,21.817
bot-026,01a0b929-e120-7390-ae4e-220fa3544245,40,24674700,24694787,ACCEPTED,,24694838,ok,20.138
bot-026,01a0b929-e317-7152-b55b-4e812e5292dc,41,25178262,25194900,ACCEPTED,,25194929,ok,16.667
bot-026,01a0b929-e51a-71c0-961d-1feb8e7221ac,42,25693220,25694557,ACCEPTED,,25694575,ok,1.355
bot-026,01a0b929-e70f-77bb-a8ba-5a4b7f907245,43,26194301,26244398,ACCEPTED,,26244426,ok,50.125
bot-026,01a0b929-e90b-74a7-9835-6739f1ece068,44,26701969,26744682,ACCEPTED,,26744732,ok,42.763
bot-026,01a0b929-eb05-75a7-b0dd-e2bc5a59426b,45,27207880,27244827,ACCEPTED,,27244849,ok,36.969
bot-026,01a0b929-ecfd-72b5-964d-9afd3be96ce3,46,27711845,27744515,ACCEPTED,,27744533,ok,32.688
bot-026,01a0b929-eef4-7495-a7f3-79e1233c2c23,47,28214620,28244665,ACCEPTED,,28244693,ok,30.073
bot-026,01a0b929-f0eb-73c1-81d1-a716ad6b4ed7,48,28718216,28744532,ACCEPTED,,28744552,ok,26.336
bot-026,01a0b929-f2e3-77ad-afb5-955b3f81071a,49,29221609,29244743,ACCEPTED,,29244769,ok,23.160
bot-026,01a0b929-f4da-73f9-a89a-cf5d1626d2f8,50,29725205,29744575,ACCEPTED,,29744606,ok,19.401
bot-026,01a0b929-f6d5-7299-a68b-73f11ac96520,51,30231975,30244752,ACCEPTED,,30244769,ok,12.794
bot-026,01a0b929-f8d6-74c6-9b43-adec97e6c52b,52,30744743,30794645,ACCEPTED,,30794698,ok,49.955
bot-026,01a0b929-fad9-72c3-921d-6a950f787639,53,31260291,31294740,ACCEPTED,,31294758,ok,34.467
bot-026,01a0b929-fcd0-75e6-8428-7c4882823ddb,54,31762821,31794923,ACCEPTED,,31794939,ok,32.118
bot-026,01a0b929-fec6-7257-8013-edf5008fca82,55,32264717,32294602,ACCEPTED,,32294657,ok,29.940
bot-026,01a0b92a-00c2-713d-94ff-f32398de6ca9,56,32773255,32794604,ACCEPTED,,32794659,ok,21.404
bot-026,01a0b92a-02c4-7740-8759-aaea95b1080b,57,33286669,33294799,ACCEPTED,,33294822,ok,8.153
bot-026,01a0b92a-04ba-7226-adcc-a04b1d07717d,58,33788884,33794673,ACCEPTED,,33794720,ok,5.836
bot-026,01a0b92a-06b0-70eb-9546-ccab9a3cf8a3,59,34291492,34294499,ACCEPTED,,34294522,ok,3.030
bot-026,01a0b92a-08a7-77d2-8d77-74f95effc34e,60,34794478,34844769,ACCEPTED,,34844808,ok,50.330
bot-026,01a0b92a-0aab-7719-82ba-318c13c108ed,61,35309725,35345124,ACCEPTED,,35345140,ok,35.415
bot-026,01a0b92a-0ca1-7588-acec-07baf95eaf24,62,35811881,35844761,ACCEPTED,,35844787,ok,32.906
bot-026,01a0b92a-0e97-77a9-8583-ae15c98fde86,63,36313629,36344474,ACCEPTED,,36344489,ok,30.860
bot-026,01a0b92a-108f-766c-a5db-d58ff61a1849,64,36818533,36844478,ACCEPTED,,36844508,ok,25.975
bot-026,01a0b92a-1291-7091-9c31-041a9a8bbfaf,65,37332298,37344692,ACCEPTED,,37344716,ok,12.418
bot-026,01a0b92a-1487-745a-a775-3738b9843722,66,37834332,37844745,ACCEPTED,,37844772,ok,10.440
bot-026,01a0b92a-1685-74f4-8c83-f1dd696354d1,67,38344241,38394403,ACCEPTED,,38394444,ok,50.203
bot-026,01a0b92a-1879-7523-89e6-509be40c7c10,68,38844416,38894699,ACCEPTED,,38894752,ok,50.336
bot-026,01a0b92a-1a78-77eb-9fda-b0643dd061c8,69,39355247,39394584,ACCEPTED,,39394633,ok,39.386
bot-026,01a0b92a-1c73-76a0-9b16-97fe431e08c5,70,39862359,39894635,ACCEPTED,,39894656,ok,32.297
bot-026,01a0b92a-1e78-71c2-9188-aab2b1bf90a9,71,40378772,40394755,ACCEPTED,,40394780,ok,16.008
bot-026,01a0b92a-2073-71c4-9d10-9ff46782114d,72,40885818,40894566,ACCEPTED,,40894600,ok,8.782
bot-026,01a0b92a-226c-71f9-b408-da8f5cd75278,73,41391497,41394797,ACCEPTED,,41394817,ok,3.320
bot-026,01a0b92a-2463-7636-8765-4c29a9608bab,74,41894395,41944720,ACCEPTED,,41944771,ok,50.376
bot-026,01a0b92a-2659-76d2-a951-db1aa55e147a,75,42395969,42444746,ACCEPTED,,42444761,ok,48.792
bot-026,01a0b92a-284e-7422-b9a0-b1b025cdb8a0,76,42897189,42944617,ACCEPTED,,42944673,ok,47.484
bot-026,01a0b92a-2a4f-7601-9113-2ce865c97061,77,43409908,43444819,ACCEPTED,,43444845,ok,34.937
bot-026,01a0b92a-2c48-7250-b800-f0d072b32893,78,43914731,43944928,ACCEPTED,,43944954,ok,30.223
bot-026,01a0b92a-2e3f-71d9-b7bd-6debc032626d,79,44417576,44444689,ACCEPTED,,44444709,ok,27.133
bot-026,01a0b92a-3042-7204-b15b-9cac16cf5d80,80,44933410,44944383,ACCEPTED,,44944409,ok,10.999
bot-026,01a0b92a-3241-724f-9d8f-21657229258a,81,45444492,45494727,ACCEPTED,,45494784,ok,50.292
bot-026,01a0b92a-343a-73d0-9c62-c663951252e5,82,45948680,45994855,ACCEPTED,,45994875,ok,46.195
bot-026,01a0b92a-363d-725f-baa1-b7e326225178,83,46463590,46495056,ACCEPTED,,46495089,ok,31.499
bot-026,01a0b92a-3837-713e-a55b-025f7ff4b57e,84,46969977,46994428,ACCEPTED,,46994453,ok,24.476
bot-026,01a0b92a-3a39-724d-977f-81ce325d9911,85,47483830,47494610,ACCEPTED,,47494639,ok,10.809
bot-026,01a0b92a-3c32-7615-b14e-d0320bca2d1c,86,47988713,47994822,ACCEPTED,,47994840,ok,6.127
bot-026,01a0b92a-3e29-727a-b60a-cc7bbaeaf3e5,87,48492296,48494378,ACCEPTED,,48494402,ok,2.106
bot-026,01a0b92a-402a-737b-8cd1-3691c1687a1e,88,49004625,49044532,ACCEPTED,,49044552,ok,39.927
bot-026,01a0b92a-422e-760f-a00d-f061241160ad,89,49520892,49545076,ACCEPTED,,49545096,ok,24.204
bot-026,01a0b92a-442a-71bf-a150-225a00070834,90,50029263,50044614,ACCEPTED,,50044642,ok,15.379
bot-026,01a0b92a-4627-7220-bbfa-41352555b217,91,50537582,50544509,ACCEPTED,,50544520,ok,6.938
bot-026,01a0b92a-481f-747c-8bf3-8b6169bc4404,92,51042444,51044609,ACCEPTED,,51044625,ok,2.181
bot-026,01a0b92a-4a16-77eb-ab37-8219fe3f4ecb,93,51545420,51594464,ACCEPTED,,51594509,ok,49.089
bot-026,01a0b92a-4c0e-7063-bb2a-57f2a4477645,94,52049468,52094802,ACCEPTED,,52094835,ok,45.367
bot-026,01a0b92a-4e08-725b-a8b2-9769b9e9a13f,95,52554828,52594628,ACCEPTED,,52594662,ok,39.834
bot-026,01a0b92a-4fff-716c-8d0f-fd2d5d873f7d,96,53058179,53094415,ACCEPTED,,53094446,ok,36.267
bot-026,01a0b92a-51f6-75ed-ab62-b8479e3a4904,97,53561224,53594584,ACCEPTED,,53594599,ok,33.375
bot-026,01a0b92a-53ed-743a-9a83-f8cd1877f36a,98,54064492,54094797,ACCEPTED,,54094814,ok,30.322
bot-026,01a0b92a-55f0-7663-a76f-dff80852ffc5,99,54579275,54594538,ACCEPTED,,54594605,ok,15.330
bot-026,01a0b92a-57e7-712d-9a11-c6604a046e67,100,55082020,55094694,ACCEPTED,,55094717,ok,12.697
bot-026,01a0b92a-59dd-724b-8d66-3df715d974f0,101,55584261,55594565,ACCEPTED,,55594590,ok,10.329
bot-026,01a0b92a-5bd5-75c5-b8ee-08cee398deb1,102,56087635,56094484,ACCEPTED,,56094503,ok,6.868
bot-026,01a0b92a-5dcb-7304-976b-4de2efb32648,103,56590080,56594628,ACCEPTED,,56594643,ok,4.563
bot-026,01a0b92a-5fc1-739c-b708-3a993dc0f06e,104,57091605,57094470,ACCEPTED,,57094487,ok,2.882
bot-026,01a0b92a-61b7-705e-bbe2-2e34f2480f56,105,57594376,57644676,ACCEPTED,,57644688,ok,50.312
bot-026,01a0b92a-63af-73ce-bd97-9a8d94b6673f,106,58097661,58144710,ACCEPTED,,58144766,ok,47.105
bot-026,01a0b92a-65a7-7237-94e1-838364ab8beb,107,58601944,58644611,ACCEPTED,,58644629,ok,42.685
bot-026,01a0b92a-679d-7111-83b1-65f5fcfad3c7,108,59104367,59144690,ACCEPTED,,59144717,ok,40.350
bot-026,01a0b92a-6995-74fa-85b0-adacd67564a9,109,59607687,59644632,ACCEPTED,,59644647,ok,36.960
bot-026,01a0b92a-6b8a-721a-bca7-a7d1bd70be14,110,60108951,60144604,ACCEPTED,,60144622,ok,35.671
bot-026,01a0b92a-6d83-7699-81b5-49515150c1cb,111,60613766,60644850,ACCEPTED,,60644892,ok,31.126
bot-026,01a0b92a-6f7b-73a5-b4be-617ce4308512,112,61117639,61144560,ACCEPTED,,61144620,ok,26.981
bot-026,01a0b92a-717f-73bb-b51a-5137a39bd0d8,113,61633700,61644306,ACCEPTED,,61644330,ok,10.630
bot-026,01a0b92a-737c-732e-8c6d-2065c90d9685,114,62142919,62144613,ACCEPTED,,62144634,ok,1.715
bot-026,01a0b92a-7572-7238-a4bc-9171168ba7e5,115,62644583,62694477,ACCEPTED,,62694512,ok,49.929
bot-026,01a0b92a-7773-774f-8ad4-2bacb5cba973,116,63157643,63194470,ACCEPTED,,63194501,ok,36.858
bot-026,01a0b92a-7969-73ac-8613-08a10ab7d849,117,63659688,63694695,ACCEPTED,,63694712,ok,35.024
bot-026,01a0b92a-7b5e-738b-aec8-3752b6bf183b,118,64161479,64194668,ACCEPTED,,64194702,ok,33.223
bot-027,01a0b929-9376-76fc-9bbb-8b3d69d606e6,0,4792653,4794269,ACCEPTED,,4794298,ok,1.645
bot-027,01a0b929-956b-73c0-9e93-fcd4793cf49a,1,5293684,5294332,ACCEPTED,,5294360,ok,0.676
bot-027,01a0b929-9760-76fa-bb4c-62340953efed,2,5794561,5844635,ACCEPTED,,5844671,ok,50.110
bot-027,01a0b929-9958-7109-aaab-94e58a3e3595,3,6299480,6344432,ACCEPTED,,6344484,ok,45.004
bot-027,01a0b929-9b52-7762-b272-f0cb38ccce6c,4,6805207,6844704,ACCEPTED,,6844749,ok,39.542
bot-027,01a0b929-9d48-769c-bb46-9e2259bc45e3,5,7307065,7344447,ACCEPTED,,7344488,ok,37.423
bot-027,01a0b929-9f41-73aa-9cf2-4d63d7ebfb41,6,7812407,7844588,ACCEPTED,,7844638,ok,32.231
bot-027,01a0b929-a138-7708-9c71-ea14348cadfb,7,8315184,8344399,ACCEPTED,,8344415,ok,29.231
bot-027,01a0b929-a32d-7228-a932-718d50e31b28,8,8815599,8844590,ACCEPTED,,8844619,ok,29.020
bot-027,01a0b929-a523-7052-9d48-ee51ba16332e,9,9318441,9344663,ACCEPTED,,9344703,ok,26.262
bot-027,01a0b929-a71a-75a0-92b1-be91e94bb1ec,10,9821152,9844669,ACCEPTED,,9844701,ok,23.549
bot-027,01a0b929-a912-74d7-99e1-72079b5ba14e,11,10325266,10344577,ACCEPTED,,10344634,ok,19.368
bot-027,01a0b929-ab09-7429-b0c8-59b89ade48df,12,10828312,10844633,ACCEPTED,,10844675,ok,16.363
bot-027,01a0b929-ad04-7297-9bd3-a80ff25798d6,13,11335398,11344312,ACCEPTED,,11344362,ok,8.964
bot-027,01a0b929-aefd-7686-9023-e210b7b60955,14,11839635,11844265,ACCEPTED,,11844317,ok,4.682
bot-027,01a0b929-b0f5-75e5-8db9-5e240e00bbd5,15,12344364,12394463,ACCEPTED,,12394507,ok,50.143
bot-027,01a0b929-b2f9-7478-acde-5bdaa2f385fa,16,12860381,12894386,ACCEPTED,,12894448,ok,34.067
bot-027,01a0b929-b4fb-7085-9ba7-1164a051ddd6,17,13374000,13394379,ACCEPTED,,13394427,ok,20.427
bot-027,01a0b929-b6fe-7121-9ab9-27d9ef833cfb,18,13888938,13894412,ACCEPTED,,13894461,ok,5.523
bot-027,01a0b929-b8ff-777b-ab45-7529a495cb68,19,14401834,14444615,ACCEPTED,,14444653,ok,42.819
bot-027,01a0b929-baf6-7694-b68c-1c47850310bb,20,14904683,14944420,ACCEPTED,,14944479,ok,39.796
bot-027,01a0b929-bcec-750b-a443-e93225c4f870,21,15407157,15444728,ACCEPTED,,15444775,ok,37.618
bot-027,01a0b929-bee6-770b-915a-df675792bc8a,22,15912780,15944670,ACCEPTED,,15944713,ok,31.933
bot-027,01a0b929-c0dd-77e0-b843-29d6bca55503,23,16416089,16444374,ACCEPTED,,16444418,ok,28.329
bot-027,01a0b929-c2e1-737e-a623-46d439f87601,24,16931621,16944678,ACCEPTED,,16944728,ok,13.107
bot-027,01a0b929-c4d6-72bf-be84-c2c1c0aaeff9,25,17433506,17444196,ACCEPTED,,17444250,ok,10.744
bot-027,01a0b929-c6ce-7311-bd26-48785872881e,26,17936929,17944593,ACCEPTED,,17944625,ok,7.696
bot-027,01a0b929-c8c3-7340-981b-43bfd51d05c5,27,18438317,18444420,ACCEPTED,,18444458,ok,6.141
bot-027,01a0b929-cab9-7428-a74b-58878081e0ab,28,18940236,18944495,ACCEPTED,,18944540,ok,4.304
bot-027,01a0b929-ccaf-70ab-ac0a-f74ac1a97676,29,19441570,19444276,ACCEPTED,,19444312,ok,2.742
bot-027,01a0b929-ceb0-73af-afbb-1dea6d84357f,30,19955358,19994674,ACCEPTED,,19994729,ok,39.371
bot-027,01a0b929-d0a8-7656-b4aa-c314cde11255,31,20459285,20494470,ACCEPTED,,20494512,ok,35.227
bot-027,01a0b929-d2a2-72fc-b744-260943c2c31c,32,20965053,20994420,ACCEPTED,,20994467,ok,29.414
bot-027,01a0b929-d4a2-77e0-a06e-a579eebd1426,33,21477155,21494755,ACCEPTED,,21494800,ok,17.645
bot-027,01a0b929-d69c-77e3-8b3e-43c535a609ee,34,21982827,21994522,ACCEPTED,,21994566,ok,11.739
bot-027,01a0b929-d893-73a8-b03a-853a75be01ef,35,22486341,22494559,ACCEPTED,,22494611,ok,8.270
bot-027,01a0b929-da89-706a-8ca7-62ab620fc93f,36,22987886,22994844,ACCEPTED,,22994913,ok,7.027
bot-027,01a0b929-dc8b-739d-8d75-bfa930709192,37,23502276,23544603,ACCEPTED,,23544660,ok,42.384
bot-027,01a0b929-de83-7084-aa6c-2d1e834f378b,38,24006131,24044496,ACCEPTED,,24044535,ok,38.404
bot-027,01a0b929-e086-7754-8a7e-f189f8cb9055,39,24521404,24544446,ACCEPTED,,24544487,ok,23.083
bot-027,01a0b929-e281-778c-8981-2574e5d5a855,40,25027628,25044511,ACCEPTED,,25044567,ok,16.939
bot-027,01a0b929-e481-761b-956d-4286e553b3c7,41,25540483,25544603,ACCEPTED,,25544636,ok,4.153
bot-027,01a0b929-e678-7232-b991-2bd11ca5c788,42,26042917,26044520,ACCEPTED,,26044570,ok,1.653
bot-027,01a0b929-e871-7485-960e-8b439b3112ad,43,26547907,26594593,ACCEPTED,,26594651,ok,46.744
bot-027,01a0b929-ea6d-77dd-9f22-2ea6786c0042,44,27055756,27094145,ACCEPTED,,27094192,ok,38.436
bot-027,01a0b929-ec65-7008-9056-f0ee01e9886f,45,27559799,27594223,ACCEPTED,,27594256,ok,34.457
bot-027,01a0b929-ee5d-7294-a304-16de87573fcc,46,28063951,28094314,ACCEPTED,,28094363,ok,30.412
bot-027,01a0b929-f061-74d9-bd85-c80b8b6856c1,47,28579770,28594264,ACCEPTED,,28594323,ok,14.553
bot-027,01a0b929-f259-753b-aed3-d737f26ba742,48,29084438,29094279,ACCEPTED,,29094329,ok,9.891
bot-027,01a0b929-f450-777f-b2fa-a5db79b996f0,49,29586746,29594596,ACCEPTED,,29594637,ok,7.891
bot-027,01a0b929-f64b-70fa-8eb4-b3e2c4bad8a6,50,30094525,30144264,ACCEPTED,,30144307,ok,49.782
bot-027,01a0b929-f84e-755e-a7bb-2ade67a134b5,51,30609146,30644570,ACCEPTED,,30644615,ok,35.469
bot-027,01a0b929-fa50-7461-a168-266164c07ab8,52,31123018,31144264,ACCEPTED,,31144299,ok,21.281
bot-027,01a0b929-fc47-7406-851d-db4859a5a59f,53,31626004,31644609,ACCEPTED,,31644661,ok,18.657
bot-027,01a0b929-fe3e-7380-b593-576b82c287d6,54,32128798,32144430,ACCEPTED,,32144474,ok,15.676
bot-027,01a0b92a-0039-764b-93c5-bd3795eca21c,55,32636299,32644380,ACCEPTED,,32644427,ok,8.128
bot-027,01a0b92a-023c-7041-a6ea-4eeec1e4d3df,56,33150800,33194380,ACCEPTED,,33194420,ok,43.620
bot-027,01a0b92a-043f-74c1-a9d1-d27e3b3345c4,57,33665923,33694547,ACCEPTED,,33694600,ok,28.677
bot-027,01a0b92a-0636-7122-966b-fba080449cda,58,34169356,34194530,ACCEPTED,,34194565,ok,25.209
bot-027,01a0b92a-082e-741a-99fd-92d433722aed,59,34673555,34694362,ACCEPTED,,34694397,ok,20.842
bot-027,01a0b92a-0a32-74b6-b5d6-b49ffb89aaf3,60,35189333,35194237,ACCEPTED,,35194283,ok,4.950
bot-027,01a0b92a-0c35-7264-990e-36d660a92dd7,61,35704037,35744444,ACCEPTED,,35744491,ok,40.454
bot-027,01a0b92a-0e2d-7670-aa82-a53df880164c,62,36207586,36244345,ACCEPTED,,36244390,ok,36.804
bot-027,01a0b92a-1025-75c2-b5b7-d79988f027d8,63,36712558,36744591,ACCEPTED,,36744644,ok,32.086
bot-027,01a0b92a-1228-702a-a644-3b694629a5c6,64,37226949,37244320,ACCEPTED,,37244353,ok,17.404
bot-027,01a0b92a-141d-7772-84fd-9fb1dbc31223,65,37728393,37744534,ACCEPTED,,37744578,ok,16.185
bot-027,01a0b92a-1621-7203-bc28-ec025e5405e0,66,38244047,38294710,ACCEPTED,,38294753,ok,50.706
bot-027,01a0b92a-1817-7574-badf-5fece0580e62,67,38746182,38794368,ACCEPTED,,38794398,ok,48.216
bot-027,01a0b92a-1a10-733c-a2e2-8f30400d32b0,68,39250714,39294587,ACCEPTED,,39294643,ok,43.929
bot-027,01a0b92a-1c0a-7505-a518-3d1d24b0161d,69,39756953,39794718,ACCEPTED,,39794743,ok,37.790
bot-027,01a0b92a-1dff-7269-9bf3-d0c50db0e139,70,40258395,40294238,ACCEPTED,,40294303,ok,35.908
bot-027,01a0b92a-1ff9-765f-b426-3f0c74839f5f,71,40764074,40794791,ACCEPTED,,40794849,ok,30.775
bot-027,01a0b92a-21f2-7287-b53f-b80daa177d2c,72,41268808,41294497,ACCEPTED,,41294550,ok,25.742
bot-027,01a0b92a-23eb-744c-9468-41db7e2d5c3d,73,41773689,41794389,ACCEPTED,,41794438,ok,20.749
bot-027,01a0b92a-25ee-70bd-878a-e4288507b268,74,42289165,42294508,ACCEPTED,,42294549,ok,5.384
bot-027,01a0b92a-27e4-7146-b5f6-7a17f4b5b424,75,42790676,42794370,ACCEPTED,,42794419,ok,3.743
bot-027,01a0b92a-29e5-7182-a28a-e4d121511bbd,76,43303558,43344431,ACCEPTED,,43344466,ok,40.908
bot-027,01a0b92a-2bde-7307-a2f0-9a60d3ee0775,77,43809263,43844415,ACCEPTED,,43844460,ok,35.197
bot-027,01a0b92a-2dd3-75f5-899f-8619e437f913,78,44310031,44344683,ACCEPTED,,44344737,ok,34.706
bot-027,01a0b92a-2fc9-773f-994a-08b766e3e43d,79,44812170,44844379,ACCEPTED,,44844415,ok,32.245
bot-027,01a0b92a-31cb-747c-b861-8eff3c8c7a46,80,45326084,45344479,ACCEPTED,,45344513,ok,18.429
bot-027,01a0b92a-33c2-74f9-9674-816b4569ab70,81,45829139,45844555,ACCEPTED,,45844611,ok,15.472
bot-027,01a0b92a-35c5-70e5-94b3-96bd84882bcd,82,46344112,46394316,ACCEPTED,,46394330,ok,50.218
bot-027,01a0b92a-37ba-7205-8777-6e777a14cf39,83,46845377,46894695,ACCEPTED,,46894751,ok,49.374
bot-027,01a0b92a-39b0-77cf-a485-bcaac660e5a3,84,47346653,47394630,ACCEPTED,,47394659,ok,48.006
bot-027,01a0b92a-3ba7-7422-bfa5-66ad948af9cf,85,47850100,47894376,ACCEPTED,,47894440,ok,44.340
bot-027,01a0b92a-3d9f-7364-b598-43f2e4c79ee7,86,48354352,48394324,ACCEPTED,,48394387,ok,40.035
bot-027,01a0b92a-3fa3-74aa-94d9-a0d818eacf72,87,48869568,48894321,ACCEPTED,,48894367,ok,24.799
bot-027,01a0b92a-41a4-77c6-a1b5-2ef3147f2168,88,49382765,49394226,ACCEPTED,,49394279,ok,11.514
bot-027,01a0b92a-43a1-7743-ac5c-8f6e513466ee,89,49891988,49894633,ACCEPTED,,49894687,ok,2.699
bot-027,01a0b92a-4597-74d1-aa6e-e04597d4c6f5,90,50393583,50394605,ACCEPTED,,50394661,ok,1.078
bot-027,01a0b92a-4797-772b-8241-c2b105b8b437,91,50905900,50944423,ACCEPTED,,50944475,ok,38.575
bot-027,01a0b92a-498e-7091-8c44-97a5800b177d,92,51408927,51444466,ACCEPTED,,51444507,ok,35.580
bot-027,01a0b92a-4b84-70c8-8066-3ef77e427846,93,51910610,51944616,ACCEPTED,,51944664,ok,34.054
bot-027,01a0b92a-4d7e-76f6-bca3-955c6b5a22d5,94,52417162,52444548,ACCEPTED,,52444600,ok,27.438
bot-027,01a0b92a-4f78-7438-a00e-ecc675a78d47,95,52923238,52944440,ACCEPTED,,52944480,ok,21.242
bot-027,01a0b92a-517a-7560-90e0-71d48e829da2,96,53437373,53444743,ACCEPTED,,53444800,ok,7.427
bot-027,01a0b92a-5374-724d-8df1-23dbbbef5688,97,53942781,53944498,ACCEPTED,,53944518,ok,1.737
bot-027,01a0b92a-5577-72e1-b551-6dea69e3c6ee,98,54457714,54494756,ACCEPTED,,54494782,ok,37.068
bot-027,01a0b92a-576c-74a8-9346-482788021830,99,54959313,54994653,ACCEPTED,,54994684,ok,35.371
bot-027,01a0b92a-5963-76f5-aede-1507352c2148,100,55462486,55494862,ACCEPTED,,55494899,ok,32.413
bot-027,01a0b92a-5b59-71b5-9d5d-16d9275ef35c,101,55964511,55994332,ACCEPTED,,55994356,ok,29.845
bot-027,01a0b92a-5d4f-71a2-88e2-0ae568e95e5a,102,56466370,56494354,ACCEPTED,,56494398,ok,28.028
bot-027,01a0b92a-5f48-7089-8fc8-82159e2bcdfe,103,56970804,56994436,ACCEPTED,,56994483,ok,23.679
bot-027,01a0b92a-613d-754e-97f0-fc50c3d608ce,104,57471627,57494464,ACCEPTED,,57494491,ok,22.864
bot-027,01a0b92a-6336-735f-8959-a922fdce4135,105,57977264,57994478,ACCEPTED,,57994521,ok,17.257
bot-027,01a0b92a-652e-733e-8af8-056dfd98f7b4,106,58480563,58494454,ACCEPTED,,58494514,ok,13.951
bot-027,01a0b92a-6724-72b1-bc08-736f566bf30b,107,58982853,58994658,ACCEPTED,,58994707,ok,11.854
bot-027,01a0b92a-691b-7363-9b1e-c474e0ddd143,108,59485680,59494440,ACCEPTED,,59494469,ok,8.789
bot-027,01a0b92a-6b18-7425-8778-133174b9ea65,109,59994639,60044645,ACCEPTED,,60044690,ok,50.051
bot-027,01a0b92a-6d17-71da-883c-f7b11b4412fd,110,60505849,60544635,ACCEPTED,,60544660,ok,38.811
bot-027,01a0b92a-6f11-7706-8a3b-0bff5e488e83,111,61011803,61044471,ACCEPTED,,61044527,ok,32.724
bot-027,01a0b92a-7114-70ec-a172-c17549f5a365,112,61526684,61544752,ACCEPTED,,61544794,ok,18.110
bot-027,01a0b92a-7311-73ac-b736-a2a446b2ab52,113,62035858,62044184,ACCEPTED,,62044215,ok,8.357
bot-027,01a0b92a-7506-7039-bea1-6f0e1d5cb2eb,114,62537102,62544490,ACCEPTED,,62544548,ok,7.446
bot-027,01a0b92a-7702-72ec-a8dc-e832d2fe4b9f,115,63044803,63094664,ACCEPTED,,63094706,ok,49.903
bot-027,01a0b92a-78ff-77fb-a996-a7573f125ee7,116,63553796,63594370,ACCEPTED,,63594407,ok,40.611
bot-027,01a0b92a-7af4-748c-b5f6-585c20749a55,117,64054984,64094267,ACCEPTED,,64094322,ok,39.338
bot-027,01a0b92a-7ce8-726e-8abd-775e70f8480b,118,64555485,64594497,ACCEPTED,,64594553,ok,39.068
bot-028,01a0b929-932a-726b-bf1c-d90351bae544,0,4717021,4744697,ACCEPTED,,4744743,ok,27.722
bot-028,01a0b929-952c-7138-8797-8a4739427781,1,5231415,5244423,ACCEPTED,,5244448,ok,13.033
bot-028,01a0b929-9726-750c-b41b-b2b20bb80538,2,5736726,5744546,ACCEPTED,,5744573,ok,7.847
bot-028,01a0b929-991d-763b-a07a-9cc4e081fb94,3,6239712,6244581,ACCEPTED,,6244594,ok,4.882
bot-028,01a0b929-9b15-715b-96d1-3416645cb0e1,4,6743775,6744421,ACCEPTED,,6744448,ok,0.673
bot-028,01a0b929-9d0a-72f2-8770-fc456d58e2a4,5,7244757,7294766,ACCEPTED,,7294798,ok,50.041
bot-028,01a0b929-9f02-72e8-ab9f-bf1fe0db2ebd,6,7749405,7795079,ACCEPTED,,7795107,ok,45.702
bot-028,01a0b929-a0fb-7112-8bd5-62e37825c502,7,8254029,8294389,ACCEPTED,,8294407,ok,40.378
bot-028,01a0b929-a2f0-7437-94ca-b49d6d65ddfc,8,8755164,8794343,ACCEPTED,,8794378,ok,39.214
bot-028,01a0b929-a4e6-72d0-9088-6f8111191904,9,9257131,9294588,ACCEPTED,,9294618,ok,37.487
bot-028,01a0b929-a6dd-7137-a944-675d4b3798f4,10,9760223,9794900,ACCEPTED,,9794925,ok,34.702
bot-028,01a0b929-a8d5-7277-8618-c3b52bb7d027,11,10264295,10294822,ACCEPTED,,10294851,ok,30.556
bot-028,01a0b929-aacd-7515-bc45-3864574b8ff2,12,10768275,10794532,ACCEPTED,,10794560,ok,26.285
bot-028,01a0b929-acc6-7467-a457-8d0a511f9d4e,13,11273486,11294551,ACCEPTED,,11294575,ok,21.089
bot-028,01a0b929-aec0-7449-aa84-34551592fdc5,14,11779014,11794448,ACCEPTED,,11794476,ok,15.462
bot-028,01a0b929-b0b9-7066-be5b-3f25423d7b51,15,12283799,12294711,ACCEPTED,,12294736,ok,10.937
bot-028,01a0b929-b2ae-75a4-8811-641359c5ed6e,16,12784643,12794915,ACCEPTED,,12794933,ok,10.290
bot-028,01a0b929-b4ac-7226-86a5-8c9f7de61c4e,17,13294825,13344490,ACCEPTED,,13344518,ok,49.693
bot-028,01a0b929-b6a2-7464-982c-7f83507a8885,18,13797538,13844498,ACCEPTED,,13844530,ok,46.992
bot-028,01a0b929-b8a4-76ac-b0a0-12d9547bfa86,19,14311033,14344333,ACCEPTED,,14344377,ok,33.344
bot-028,01a0b929-ba99-773a-8dc9-1448ece6ef69,20,14812105,14844623,ACCEPTED,,14844652,ok,32.547
bot-028,01a0b929-bc8f-7690-850a-f39650da903d,21,15314456,15344561,ACCEPTED,,15344597,ok,30.141
bot-028,01a0b929-be8a-7260-be9d-59fb68b25302,22,15820866,15844633,ACCEPTED,,15844674,ok,23.808
bot-028,01a0b929-c082-76d5-97fd-00de2f8651a1,23,16324811,16344380,ACCEPTED,,16344399,ok,19.588
bot-028,01a0b929-c285-77ce-b466-51f626a65013,24,16840297,16844423,ACCEPTED,,16844440,ok,4.143
bot-028,01a0b929-c47d-77a0-906f-7b6f20549e56,25,17343905,17344637,ACCEPTED,,17344664,ok,0.759
bot-028,01a0b929-c672-7693-b2a6-51393115bfe4,26,17844823,17894738,ACCEPTED,,17894771,ok,49.948
bot-028,01a0b929-c86a-7062-af1d-7ee3b47998fd,27,18348752,18394641,ACCEPTED,,18394697,ok,45.945
bot-028,01a0b929-ca5f-73e8-b6d3-3506c34c10bf,28,18850213,18894529,ACCEPTED,,18894550,ok,44.337
bot-028,01a0b929-cc54-705a-909d-56f81998b59d,29,19350838,19394493,ACCEPTED,,19394526,ok,43.688
bot-028,01a0b929-ce54-71f5-9c14-d8a9e4eeda7f,30,19863213,19894655,ACCEPTED,,19894705,ok,31.492
bot-028,01a0b929-d04c-7065-8d6f-a78723bfe190,31,20366734,20394440,ACCEPTED,,20394469,ok,27.735
bot-028,01a0b929-d246-753b-91bd-e7cade5f6664,32,20872963,20894594,ACCEPTED,,20894623,ok,21.660
bot-028,01a0b929-d446-70d8-8d53-07bf3047f4ca,33,21385338,21394696,ACCEPTED,,21394719,ok,9.381
bot-028,01a0b929-d642-706f-9a6d-bdc50e64d477,34,21893084,21894680,ACCEPTED,,21894699,ok,1.615
bot-028,01a0b929-d837-7345-a5f8-98a50b514718,35,22394378,22444545,ACCEPTED,,22444565,ok,50.187
bot-028,01a0b929-da2e-7256-970a-47a84e33f9b0,36,22897370,22944433,ACCEPTED,,22944489,ok,47.119
bot-028,01a0b929-dc30-7313-9f50-870b131d24a7,37,23411091,23444480,ACCEPTED,,23444506,ok,33.415
bot-028,01a0b929-de28-763a-9ca4-eb295732a859,38,23914979,23944578,ACCEPTED,,23944639,ok,29.660
bot-028,01a0b929-e01e-703f-a611-d98ab9a5d3c1,39,24416805,24444753,ACCEPTED,,24444773,ok,27.968
bot-028,01a0b929-e216-76b4-8319-fb5a05338ecb,40,24921350,24944428,ACCEPTED,,24944445,ok,23.095
bot-028,01a0b929-e417-708e-bb52-f3d6de00d99c,41,25433969,25444652,ACCEPTED,,25444686,ok,10.717
bot-028,01a0b929-e60f-71ff-b09b-96f4c4ae37a3,42,25937876,25944638,ACCEPTED,,25944668,ok,6.792
bot-028,01a0b929-e807-77ca-a159-225fe4f098c8,43,26442452,26444564,ACCEPTED,,26444582,ok,2.130
bot-028,01a0b929-ea02-71e4-9abc-d37418445f27,44,26948697,26994884,ACCEPTED,,26994904,ok,46.207
bot-028,01a0b929-ebfa-7117-8310-aa91e9e6745e,45,27452984,27494367,ACCEPTED,,27494393,ok,41.409
bot-028,01a0b929-edf0-728d-9b62-1f1f727f7d94,46,27955511,27994515,ACCEPTED,,27994531,ok,39.020
bot-028,01a0b929-efe7-7651-a73f-587c59e73aef,47,28458541,28494444,ACCEPTED,,28494503,ok,35.962
bot-028,01a0b929-f1e0-7107-9485-cffd3774e444,48,28963246,28994751,ACCEPTED,,28994768,ok,31.522
bot-028,01a0b929-f3d7-70c1-bf47-51355bbae1ac,49,29466199,29494846,ACCEPTED,,29494871,ok,28.672
bot-028,01a0b929-f5d1-7799-b3b9-14dbf7f68715,50,29971735,29994670,ACCEPTED,,29994695,ok,22.960
bot-028,01a0b929-f7d4-770a-8d6f-928d7d00956f,51,30486643,30494434,ACCEPTED,,30494469,ok,7.826
bot-028,01a0b929-f9c9-737d-af3d-478445bf5f4a,52,30988386,30994704,ACCEPTED,,30994737,ok,6.351
bot-028,01a0b929-fbce-7268-9113-39e3cb6f6a59,53,31505200,31544386,ACCEPTED,,31544402,ok,39.202
bot-028,01a0b929-fdc3-7358-a47d-997e77fa3d5b,54,32006435,32044416,ACCEPTED,,32044473,ok,38.038
bot-028,01a0b929-ffbf-7658-b2fc-80746099669a,55,32514066,32544547,ACCEPTED,,32544573,ok,30.507
bot-028,01a0b92a-01c2-7618-87ed-81cab8c33c93,56,33029140,33045009,ACCEPTED,,33045039,ok,15.899
bot-028,01a0b92a-03c6-7359-a897-7a679bdbe3a4,57,33544573,33594501,ACCEPTED,,33594538,ok,49.965
bot-028,01a0b92a-05bc-76cf-8218-71d452e057a2,58,34047078,34094522,ACCEPTED,,34094555,ok,47.477
bot-028,01a0b92a-07b5-7491-9f7a-a33bf82739a0,59,34551984,34594390,ACCEPTED,,34594420,ok,42.436
bot-028,01a0b92a-09aa-7059-bfc5-157981ee696c,60,35053315,35094522,ACCEPTED,,35094580,ok,41.265
bot-028,01a0b92a-0bac-7600-a011-fcf1f9066d7f,61,35567172,35594789,ACCEPTED,,35594808,ok,27.636
bot-028,01a0b92a-0da3-70ef-87c7-3feca2b119cc,62,36070487,36094617,ACCEPTED,,36094667,ok,24.180
bot-028,01a0b92a-0f9a-7200-8a90-82cf0d1f53bb,63,36572919,36594719,ACCEPTED,,36594772,ok,21.853
bot-028,01a0b92a-1191-74b4-8f2b-0e0fa86d938a,64,37076296,37094778,ACCEPTED,,37094804,ok,18.508
bot-028,01a0b92a-1395-72b1-8bff-df6a22678c8d,65,37591687,37594340,ACCEPTED,,37594369,ok,2.682
bot-028,01a0b92a-1598-7128-afaa-f81c6bf23b7c,66,38107502,38144829,ACCEPTED,,38144842,ok,37.340
bot-028,01a0b92a-179d-7650-ba06-737657d56f70,67,38623609,38644580,ACCEPTED,,38644611,ok,21.002
bot-028,01a0b92a-1993-77a5-be9c-27600265acbb,68,39126281,39144325,ACCEPTED,,39144383,ok,18.102
bot-028,01a0b92a-1b8e-7224-91fa-ab7743f4cd91,69,39632682,39644674,ACCEPTED,,39644716,ok,12.034
bot-028,01a0b92a-1d85-72cb-b9bc-41ec4f88668c,70,40135694,40144624,ACCEPTED,,40144659,ok,8.965
bot-028,01a0b92a-1f7c-7516-b586-c7d65b2a6b0e,71,40638682,40644824,ACCEPTED,,40644857,ok,6.175
bot-028,01a0b92a-2176-7027-ae55-762f607e9fc8,72,41144677,41194539,ACCEPTED,,41194569,ok,49.892
bot-028,01a0b92a-236f-7260-819d-29f9edee6bfe,73,41650246,41694313,ACCEPTED,,41694363,ok,44.117
bot-028,01a0b92a-2565-7617-86d1-fa3353eae91d,74,42152136,42194765,ACCEPTED,,42194788,ok,42.652
bot-028,01a0b92a-275b-7617-a3a2-ef083315488e,75,42654331,42694478,ACCEPTED,,42694508,ok,40.177
bot-028,01a0b92a-295c-7069-8bb5-41ce2c3128f5,76,43166694,43194878,ACCEPTED,,43194900,ok,28.206
bot-028,01a0b92a-2b52-70aa-bd58-dd60f344d907,77,43668660,43694302,ACCEPTED,,43694328,ok,25.668
bot-028,01a0b92a-2d4c-7359-83a3-17ec579b5a78,78,44175558,44194496,ACCEPTED,,44194526,ok,18.968
bot-028,01a0b92a-2f4f-75b0-9bef-a42203ab40df,79,44689992,44694634,ACCEPTED,,44694658,ok,4.666
bot-028,01a0b92a-3153-7687-aaf4-4f4e40f32806,80,45205697,45244876,ACCEPTED,,45244892,ok,39.195
bot-028,01a0b92a-3356-7741-9b1c-7c6da10e7cae,81,45721057,45744817,ACCEPTED,,45744841,ok,23.784
bot-028,01a0b92a-354c-76e2-9fb9-a747cf94fb4d,82,46223551,46244524,ACCEPTED,,46244543,ok,20.992
bot-028,01a0b92a-3750-7149-b78f-53b81997a5c9,83,46739119,46744677,ACCEPTED,,46744695,ok,5.576
bot-028,01a0b92a-3946-717c-b2a2-3b8c45d56f53,84,47240582,47244381,ACCEPTED,,47244407,ok,3.825
bot-028,01a0b92a-3b3c-7079-8e9f-a3f8950472fd,85,47743232,47744320,ACCEPTED,,47744341,ok,1.109
bot-028,01a0b92a-3d36-700f-90fa-e6b313ce22a1,86,48248816,48294765,ACCEPTED,,48294786,ok,45.970
bot-028,01a0b92a-3f37-728e-89db-6437c37a8483,87,48762477,48794581,ACCEPTED,,48794609,ok,32.132
bot-028,01a0b92a-413a-73ed-9846-6355f17e3c8e,88,49277446,49294439,ACCEPTED,,49294462,ok,17.016
bot-028,01a0b92a-4337-7442-8570-1a036f76abc4,89,49785941,49794283,ACCEPTED,,49794314,ok,8.373
bot-028,01a0b92a-452d-76c7-8ccc-a86a33b3990f,90,50288021,50294345,ACCEPTED,,50294386,ok,6.365
bot-028,01a0b92a-472d-70e1-9248-d26bbf04ff12,91,50800042,50844960,ACCEPTED,,50845024,ok,44.982
bot-028,01a0b92a-4924-70ff-9a42-08ef8f21ead5,92,51302670,51344618,ACCEPTED,,51344642,ok,41.972
bot-028,01a0b92a-4b27-714b-84e0-e1a0f1d3c6fc,93,51817639,51844573,ACCEPTED,,51844583,ok,26.944
bot-028,01a0b92a-4d23-7074-9c83-6d3a0d31d42b,94,52325638,52344664,ACCEPTED,,52344682,ok,19.044
bot-028,01a0b92a-4f1d-7306-984b-d0cd130a079f,95,52832098,52844687,ACCEPTED,,52844718,ok,12.620
bot-028,01a0b92a-5120-7673-bca7-ab6fec63e049,96,53347102,53395220,ACCEPTED,,53395272,ok,48.170
bot-028,01a0b92a-5319-7239-8e87-93cc556ff4e0,97,53852260,53894687,ACCEPTED,,53894715,ok,42.455
bot-028,01a0b92a-551c-760a-87f8-7d636b0f694d,98,54367098,54394345,ACCEPTED,,54394369,ok,27.271
bot-028,01a0b92a-5711-76c6-acaf-6cfd4cc76134,99,54867795,54894409,ACCEPTED,,54894442,ok,26.647
bot-028,01a0b92a-590b-725c-9151-6276cd6c66f8,100,55373626,55394578,ACCEPTED,,55394610,ok,20.984
bot-028,01a0b92a-5b0d-7190-ad59-a6ae78adfbf6,101,55888304,55894388,ACCEPTED,,55894411,ok,6.107
bot-028,01a0b92a-5d02-7605-96c4-a1384a27b86c,102,56389545,56394237,ACCEPTED,,56394284,ok,4.739
bot-028,01a0b92a-5efb-7671-b0ab-1e1ebb4c6739,103,56894420,56944669,ACCEPTED,,56944732,ok,50.312
bot-028,01a0b92a-6100-724c-add2-efe245471041,104,57410676,57444422,ACCEPTED,,57444456,ok,33.780
bot-028,01a0b92a-62fa-7277-bbdb-0c61ce933844,105,57916564,57944702,ACCEPTED,,57944726,ok,28.162
bot-028,01a0b92a-64ff-756c-8f3e-7091f74c30b5,106,58434058,58444707,ACCEPTED,,58444730,ok,10.672
bot-028,01a0b92a-66f6-749b-960c-b0f79170b066,107,58937255,58944599,ACCEPTED,,58944621,ok,7.366
bot-028,01a0b92a-68ed-7451-bf29-2856036a888c,108,59439640,59444248,ACCEPTED,,59444279,ok,4.639
bot-028,01a0b92a-6af0-77c6-a7b5-109aa70f6597,109,59955517,59994771,ACCEPTED,,59994785,ok,39.268
bot-028,01a0b92a-6ce9-70a7-a063-1f446884bd45,110,60460543,60494447,ACCEPTED,,60494471,ok,33.928
bot-028,01a0b92a-6ee3-7706-a38d-3f3b1dbc37c3,111,60965755,60994652,ACCEPTED,,60994693,ok,28.938
bot-028,01a0b92a-70d8-72d0-a466-4d37167a37ce,112,61466793,61494774,ACCEPTED,,61494812,ok,28.019
bot-028,01a0b92a-72d3-72bf-b3f0-c4f9de7d67bd,113,61974188,61994357,ACCEPTED,,61994392,ok,20.204
bot-028,01a0b92a-74ca-725c-80c1-17e0796df131,114,62476685,62494533,ACCEPTED,,62494556,ok,17.871
bot-028,01a0b92a-76cc-703f-a13c-e68c9ba7ef12,115,62990999,62994442,ACCEPTED,,62994488,ok,3.489
bot-028,01a0b92a-78c4-7542-a6d6-674c7ab126dc,116,63494796,63544673,ACCEPTED,,63544726,ok,49.930
bot-028,01a0b92a-7ac5-747e-a1db-cf7598b43e64,117,64008516,64044559,ACCEPTED,,64044589,ok,36.073
bot-028,01a0b92a-7cbb-73e9-b5b0-9450c4d68232,118,64509655,64544452,ACCEPTED,,64544506,ok,34.851
bot-029,01a0b929-941f-713b-a4d0-c4e2cf19e977,0,4962232,4994438,ACCEPTED,,4994465,ok,32.233
bot-029,01a0b929-9621-757c-a279-84828114789c,1,5476149,5494574,ACCEPTED,,5494608,ok,18.459
bot-029,01a0b929-981b-7183-a70b-abebdfbb2b39,2,5981624,5994723,ACCEPTED,,5994780,ok,13.156
bot-029,01a0b929-9a11-7559-9e4c-55c680c4005c,3,6484183,6494519,ACCEPTED,,6494575,ok,10.392
bot-029,01a0b929-9c09-77d9-9a8b-bcbbd976b9ab,4,6988196,6994460,ACCEPTED,,6994511,ok,6.315
bot-029,01a0b929-9dff-7554-a905-77d47665865c,5,7490482,7494703,ACCEPTED,,7494720,ok,4.238
bot-029,01a0b929-9ff7-72a9-9820-47e5a2934c47,6,7994118,7994796,ACCEPTED,,7994810,ok,0.692
bot-029,01a0b929-a1ec-72d5-b46e-794703322465,7,8494654,8544276,ACCEPTED,,8544296,ok,49.642
bot-029,01a0b929-a3e4-7491-bfe3-60f90f0c3edf,8,8999245,9044614,ACCEPTED,,9044636,ok,45.391
bot-029,01a0b929-a5da-73ee-be14-421f91c7b524,9,9501320,9544617,ACCEPTED,,9544646,ok,43.326
bot-029,01a0b929-a7d1-7203-a4ff-4163b02cfca3,10,10004546,10044517,ACCEPTED,,10044547,ok,40.001
bot-029,01a0b929-a9ca-706b-bc46-fa6e0d190168,11,10508821,10544264,ACCEPTED,,10544311,ok,35.490
bot-029,01a0b929-abbf-75ce-ab91-1c3e93c029de,12,11009765,11044555,ACCEPTED,,11044590,ok,34.825
bot-029,01a0b929-adbb-70d4-9fed-376b96ee0a12,13,11518318,11544276,ACCEPTED,,11544337,ok,26.019
bot-029,01a0b929-afb6-76d3-86d8-a04062ad3506,14,12025233,12044986,ACCEPTED,,12045018,ok,19.785
bot-029,01a0b929-b1ab-70af-b032-a2f7cf0ff63b,15,12525772,12544677,ACCEPTED,,12544693,ok,18.921
bot-029,01a0b929-b3ab-77f1-941a-2515f2d3a5ab,16,13037689,13044920,ACCEPTED,,13044942,ok,7.253
bot-029,01a0b929-b5a1-711f-a37f-e36b79389f6c,17,13540276,13544450,ACCEPTED,,13544498,ok,4.222
bot-029,01a0b929-b799-7654-8c40-40762cc8b044,18,14044348,14094860,ACCEPTED,,14094891,ok,50.543
bot-029,01a0b929-b998-7340-b4df-6d6eb70b4cf5,19,14555118,14594702,ACCEPTED,,14594730,ok,39.612
bot-029,01a0b929-bb8e-701a-b73b-46a869d9ff97,20,15057355,15094437,ACCEPTED,,15094461,ok,37.106
bot-029,01a0b929-bd85-71a8-b7c4-46e757b72ca7,21,15559780,15594518,ACCEPTED,,15594551,ok,34.771
bot-029,01a0b929-bf80-73c6-acd0-f8200682c566,22,16067206,16094813,ACCEPTED,,16094850,ok,27.644
bot-029,01a0b929-c184-765f-bb16-c13309ad0f79,23,16583280,16594659,ACCEPTED,,16594682,ok,11.402
bot-029,01a0b929-c37a-77fc-9e5f-60f7dc4c79c7,24,17085031,17094372,ACCEPTED,,17094427,ok,9.396
bot-029,01a0b929-c578-7718-8a5c-e64cb3c875ee,25,17594684,17644638,ACCEPTED,,17644672,ok,49.988
bot-029,01a0b929-c776-76b1-be4a-a33910e07aef,26,18104827,18144501,ACCEPTED,,18144566,ok,39.739
bot-029,01a0b929-c96b-7571-8e38-f411415edacb,27,18606565,18644424,ACCEPTED,,18644467,ok,37.902
bot-029,01a0b929-cb6f-7524-a4e1-870e614b0bcb,28,19122132,19144634,ACCEPTED,,19144651,ok,22.519
bot-029,01a0b929-cd64-7710-b7b3-6a24bf849157,29,19622572,19644255,ACCEPTED,,19644310,ok,21.738
bot-029,01a0b929-cf67-73c0-bb67-defde2eeb799,30,20138576,20144500,ACCEPTED,,20144518,ok,5.942
bot-029,01a0b929-d15f-70b2-a351-6edaf417f0e6,31,20641721,20644558,ACCEPTED,,20644579,ok,2.858
bot-029,01a0b929-d355-7610-977b-b4a30c33f434,32,21144549,21194664,ACCEPTED,,21194718,ok,50.169
bot-029,01a0b929-d54f-7614-822b-b2d5b76741fc,33,21649564,21694793,ACCEPTED,,21694819,ok,45.255
bot-029,01a0b929-d750-70e3-972f-cbff2f0f519f,34,22163210,22194343,ACCEPTED,,22194400,ok,31.190
bot-029,01a0b929-d947-753e-8274-d16ec3e94a55,35,22666048,22694781,ACCEPTED,,22694819,ok,28.771
bot-029,01a0b929-db3c-7700-8acb-87f047a481a6,36,23167523,23194550,ACCEPTED,,23194580,ok,27.057
bot-029,01a0b929-dd34-75fe-9bfb-6dce3156a7ea,37,23671448,23694752,ACCEPTED,,23694786,ok,23.338
bot-029,01a0b929-df2a-74ce-b26e-a49877baa424,38,24172909,24194614,ACCEPTED,,24194665,ok,21.756
bot-029,01a0b929-e120-7390-ae4e-221172f83e83,39,24674738,24694883,ACCEPTED,,24694899,ok,20.161
bot-029,01a0b929-e317-7152-b55b-4e8386597559,40,25178290,25194912,ACCEPTED,,25194948,ok,16.658
bot-029,01a0b929-e51a-71c0-961d-1fea6697fb82,41,25693202,25694554,ACCEPTED,,25694579,ok,1.377
bot-029,01a0b929-e70f-77bb-a8ba-5a4ec7381561,42,26194365,26244466,ACCEPTED,,26244480,ok,50.115
bot-029,01a0b929-e90b-74a7-9835-6735529b8010,43,26701926,26744731,ACCEPTED,,26744776,ok,42.850
bot-029,01a0b929-eb05-75a7-b0dd-e2b9c4cb8c3e,44,27207827,27244712,ACCEPTED,,27244752,ok,36.925
bot-029,01a0b929-ecfd-72b5-964d-9af98b5248e6,45,27711759,27744412,ACCEPTED,,27744469,ok,32.710
bot-029,01a0b929-eef4-7495-a7f3-79e0cb9a1df6,46,28214610,28244651,ACCEPTED,,28244666,ok,30.056
bot-029,01a0b929-f0eb-73c1-81d1-a719afa26c35,47,28718241,28744572,ACCEPTED,,28744594,ok,26.353
bot-029,01a0b929-f2e3-77ad-afb5-955900543de6,48,29221581,29244739,ACCEPTED,,29244769,ok,23.188
bot-029,01a0b929-f4da-73f9-a89a-cf60a51da8bd,49,29725234,29744538,ACCEPTED,,29744622,ok,19.388
bot-029,01a0b929-f6d5-7299-a68b-73ecb668b8b9,50,30231904,30244678,ACCEPTED,,30244698,ok,12.794
bot-029,01a0b929-f8d6-74c6-9b43-adeb00461907,51,30744712,30794802,ACCEPTED,,30794826,ok,50.114
bot-029,01a0b929-fad9-72c3-921d-6a94f8dba034,52,31260273,31294772,ACCEPTED,,31294797,ok,34.524
bot-029,01a0b929-fcd0-75e6-8428-7c496aab0eb5,53,31762845,31794925,ACCEPTED,,31794942,ok,32.097
bot-029,01a0b929-fec6-7257-8013-edfa0c9df3a7,54,32264963,32294708,ACCEPTED,,32294742,ok,29.779
bot-029,01a0b92a-00c2-713d-94ff-f321c2d256fc,55,32773228,32794705,ACCEPTED,,32794724,ok,21.496
bot-029,01a0b92a-02c4-7740-8759-aaeb7445c8b8,56,33286710,33294811,ACCEPTED,,33294831,ok,8.121
bot-029,01a0b92a-04ba-7226-adcc-a04e5289ba61,57,33788917,33794785,ACCEPTED,,33794807,ok,5.890
bot-029,01a0b92a-06b0-70eb-9546-ccad7ec9776d,58,34291514,34294534,ACCEPTED,,34294557,ok,3.043
bot-029,01a0b92a-08a7-77d2-8d77-74fbf6e9f186,59,34794478,34844863,ACCEPTED,,34844902,ok,50.424
bot-029,01a0b92a-0aab-7719-82ba-31896169268e,60,35309677,35344924,ACCEPTED,,35344982,ok,35.305
bot-029,01a0b92a-0ca1-7588-acec-07b8012397ba,61,35811863,35844823,ACCEPTED,,35844842,ok,32.979
bot-029,01a0b92a-0e97-77a9-8583-ae13102daa83,62,36313592,36344497,ACCEPTED,,36344526,ok,30.934
bot-029,01a0b92a-108f-766c-a5db-d58d71c0e95a,63,36818515,36844408,ACCEPTED,,36844427,ok,25.912
bot-029,01a0b92a-1291-7091-9c31-041eecedf0a0,64,37332377,37344673,ACCEPTED,,37344697,ok,12.320
bot-029,01a0b92a-1487-745a-a775-373b1728750a,65,37834383,37844729,ACCEPTED,,37844745,ok,10.362
bot-029,01a0b92a-1685-74f4-8c83-f1de13501f51,66,38344253,38394378,ACCEPTED,,38394438,ok,50.185
bot-029,01a0b92a-1879-7523-89e6-509ee09a5a62,67,38844428,38894713,ACCEPTED,,38894752,ok,50.324
bot-029,01a0b92a-1a78-77eb-9fda-b065da7846e4,68,39355278,39394620,ACCEPTED,,39394662,ok,39.384
bot-029,01a0b92a-1c73-76a0-9b16-97fba7ccfe35,69,39862327,39894632,ACCEPTED,,39894649,ok,32.322
bot-029,01a0b92a-1e78-71c2-9188-aab38a48db25,70,40378775,40394714,ACCEPTED,,40394733,ok,15.958
bot-029,01a0b92a-2073-71c4-9d10-9ff7cc0e54de,71,40885822,40894637,ACCEPTED,,40894650,ok,8.828
bot-029,01a0b92a-226c-71f9-b408-da8ce6822898,72,41391474,41394837,ACCEPTED,,41394876,ok,3.402
bot-029,01a0b92a-2463-7636-8765-4c280e41f4be,73,41894395,41944713,ACCEPTED,,41944771,ok,50.376
bot-029,01a0b92a-2659-76d2-a951-db193b1e58ef,74,42395962,42444668,ACCEPTED,,42444696,ok,48.734
bot-029,01a0b92a-284e-7422-b9a0-b1b206a12729,75,42897211,42944682,ACCEPTED,,42944709,ok,47.498
bot-029,01a0b92a-2a4f-7601-9113-2ce9b83f2227,76,43409937,43444859,ACCEPTED,,43444881,ok,34.944
bot-029,01a0b92a-2c48-7250-b800-f0cde0ec6abe,77,43914712,43944927,ACCEPTED,,43944951,ok,30.239
bot-029,01a0b92a-2e3f-71d9-b7bd-6ded107544fe,78,44417616,44444636,ACCEPTED,,44444657,ok,27.041
bot-029,01a0b92a-3042-7204-b15b-9cafc42ea616,79,44933465,44944379,ACCEPTED,,44944405,ok,10.940
bot-029,01a0b92a-3242-74d8-a217-5b9779e7e022,80,45444562,45494735,ACCEPTED,,45494784,ok,50.222
bot-029,01a0b92a-343a-73d0-9c62-c66008babea5,81,45948616,45994809,ACCEPTED,,45994838,ok,46.222
bot-029,01a0b92a-363d-725f-baa1-b7e111f7881d,82,46463563,46494829,ACCEPTED,,46494893,ok,31.330
bot-029,01a0b92a-3837-713e-a55b-0262ccb828b4,83,46970056,46994412,ACCEPTED,,46994443,ok,24.387
bot-029,01a0b92a-3a39-724d-977f-81ca3daa67ad,84,47483791,47494602,ACCEPTED,,47494621,ok,10.830
bot-029,01a0b92a-3c32-7615-b14e-d030cf42bb0d,85,47988702,47994822,ACCEPTED,,47994840,ok,6.138
bot-029,01a0b92a-3e29-727a-b60a-cc786f4f4a54,86,48492252,48494366,ACCEPTED,,48494394,ok,2.142
bot-029,01a0b92a-402a-737b-8cd1-369978655247,87,49004767,49044585,ACCEPTED,,49044625,ok,39.858
bot-029,01a0b92a-422e-760f-a00d-f0666d4d6492,88,49520960,49545089,ACCEPTED,,49545104,ok,24.144
bot-029,01a0b92a-442a-71bf-a150-2256fb69a923,89,50029218,50044485,ACCEPTED,,50044527,ok,15.309
bot-029,01a0b92a-4627-7220-bbfa-41344b97cdaa,90,50537559,50544505,ACCEPTED,,50544528,ok,6.969
bot-029,01a0b92a-481f-747c-8bf3-8b58639144c9,91,51042327,51044609,ACCEPTED,,51044625,ok,2.298
bot-029,01a0b92a-4a16-77eb-ab37-821acbdcae81,92,51545421,51594439,ACCEPTED,,51594483,ok,49.062
bot-029,01a0b92a-4c0e-7063-bb2a-57e8b31edf5e,93,52049354,52094872,ACCEPTED,,52094896,ok,45.542
bot-029,01a0b92a-4e08-725b-a8b2-976763717667,94,52554828,52594534,ACCEPTED,,52594551,ok,39.723
bot-029,01a0b92a-4fff-716c-8d0f-fd3ac0b72663,95,53058443,53094536,ACCEPTED,,53094554,ok,36.111
bot-029,01a0b92a-51f6-75ed-ab62-b83d3a40619a,96,53561100,53594412,ACCEPTED,,53594458,ok,33.358
bot-029,01a0b92a-53ee-77aa-ab3c-0804fec08e42,97,54064583,54094767,ACCEPTED,,54094795,ok,30.212
bot-029,01a0b92a-55f0-7663-a76f-dff73abb5b65,98,54579272,54594707,ACCEPTED,,54594744,ok,15.472
bot-029,01a0b92a-57e7-712d-9a11-c65db49a1f2b,99,55081981,55094620,ACCEPTED,,55094648,ok,12.667
bot-029,01a0b92a-59dd-724b-8d66-3df544dd7a69,100,55584217,55594565,ACCEPTED,,55594576,ok,10.359
bot-029,01a0b92a-5bd5-75c5-b8ee-08d53a351fcb,101,56087776,56094588,ACCEPTED,,56094611,ok,6.835
bot-029,01a0b92a-5dcb-7304-976b-4de3a9b1285f,102,56590141,56594563,ACCEPTED,,56594590,ok,4.449
bot-029,01a0b92a-5fc1-739c-b708-3a9e0bf92ace,103,57091720,57094596,ACCEPTED,,57094625,ok,2.905
bot-029,01a0b92a-61b7-705e-bbe2-2e3bcf31144e,104,57594421,57644716,ACCEPTED,,57644728,ok,50.307
bot-029,01a0b92a-63af-73ce-bd97-9a92213bf7a2,105,58097712,58144826,ACCEPTED,,58144859,ok,47.147
bot-029,01a0b92a-65a7-7237-94e1-837e11475ee1,106,58601913,58644614,ACCEPTED,,58644639,ok,42.726
bot-029,01a0b92a-679d-7111-83b1-65f998f0be8f,107,59104386,59144731,ACCEPTED,,59144746,ok,40.360
bot-029,01a0b92a-6995-74fa-85b0-adb1e2399ec3,108,59607739,59644688,ACCEPTED,,59644707,ok,36.968
bot-029,01a0b92a-6b8a-721a-bca7-a7c5491fbabd,109,60108820,60144539,ACCEPTED,,60144557,ok,35.737
bot-029,01a0b92a-6d83-7699-81b5-49580b6daadf,110,60613879,60645024,ACCEPTED,,60645039,ok,31.160
bot-029,01a0b92a-6f7b-73a5-b4be-618075f372ad,111,61117695,61144686,ACCEPTED,,61144708,ok,27.013
bot-029,01a0b92a-717f-73bb-b51a-5138d0996864,112,61633735,61644276,ACCEPTED,,61644295,ok,10.560
bot-029,01a0b92a-737c-732e-8c6d-20638401b470,113,62142901,62144645,ACCEPTED,,62144673,ok,1.772
bot-029,01a0b92a-7572-7238-a4bc-916ea32334b4,114,62644577,62694560,ACCEPTED,,62694581,ok,50.004
bot-029,01a0b92a-7773-774f-8ad4-2ba9c19701c5,115,63157600,63194445,ACCEPTED,,63194487,ok,36.887
bot-029,01a0b92a-7969-73ac-8613-08a2ece28d4a,116,63659695,63694571,ACCEPTED,,63694651,ok,34.956
bot-029,01a0b92a-7b5e-738b-aec8-3751eb539fae,117,64161479,64194660,ACCEPTED,,64194702,ok,33.223
bot-029,01a0b92a-7d60-75ec-ac5f-42e42185a155,118,64675460,64694494,ACCEPTED,,64694542,ok,19.082
