tick,observer_actor_id,ship_id,presence,px_mm,py_mm,pz_mm,vx_mm_s,vy_mm_s,vz_mm_s
395914,01a0b1c2-b010-7000-8000-000000000000,01a0c46d-61ee-713c-98d7-c9f541640b94,ACTIVE,0,-250000,2500000,0,0,0
395916,01a0b1c2-b010-7000-8000-000000000000,01a0c46d-61ee-713c-98d7-c9f541640b94,ACTIVE,0,-250000,2500000,0,0,0
395918,01a0b1c2-b010-7000-8000-000000000000,01a0c46d-61ee-713c-98d7-c9f541640b94,ACTIVE,0,-250000,2500000,0,0,0
395920,01a0b1c2-b010-7000-8000-000000000000,01a0c46d-61ee-713c-98d7-c9f541640b94,ACTIVE,0,-250000,2500000,0,0,0
395922,01a0b1c2-b010-7000-8000-000000000000,01a0c46d-61ee-713c-98d7-c9f541640b94,ACTIVE,0,-250000,2500000,0,0,0
395924,01a0b1c2-b010-7000-8000-000000000000,01a0c46d-61ee-713c-98d7-c9f541640b94,ACTIVE,0,-250000,2500000,0,0,0
395926,01a0b1c2-b010-7000-8000-000000000000,01a0c46d-61ee-713c-98d7-c9f541640b94,ACTIVE,0,-250000,2500000,0,0,0
395928,01a0b1c2-b010-7000-8000-000000000000,01a0c46d-61ee-713c-98d7-c9f541640b94,ACTIVE,0,-250000,2500000,0,0,0
395930,01a0b1c2-b010-7000-8000-000000000000,01a0c46d-61ee-713c-98d7-c9f541640b94,ACTIVE,0,-250000,2500000,0,0,0
395932,01a0b1c2-b010-7000-8000-000000000000,01a0c46d-61ee-713c-98d7-c9f541640b94,ACTIVE,0,-250000,2500000,0,0,0
395934,01a0b1c2-b010-7000-8000-000000000000,01a0c46d-61ee-713c-98d7-c9f541640b94,ACTIVE,0,-250000,2500000,0,0,0
395936,01a0b1c2-b010-7000-8000-000000000000,01a0c46d-61ee-713c-98d7-c9f541640b94,ACTIVE,0,-250000,2500000,0,0,0
395938,01a0b1c2-b010-7000-8000-000000000000,01a0c46d-61ee-713c-98d7-c9f541640b94,ACTIVE,0,-250000,2500000,0,0,0
395938,01a0b1c2-b010-7000-8000-000000000000,01a0c46d-66d0-71e8-b7f2-35eb5694743b,ACTIVE,2500000,250000,0,0,0,0
395940,01a0b1c2-b010-7000-8000-000000000000,01a0c46d-61ee-713c-98d7-c9f541640b94,ACTIVE,0,-250000,2500000,0,0,0
395940,01a0b1c2-b010-7000-8000-000000000000,01a0c46d-66d0-71e8-b7f2-35eb5694743b,ACTIVE,2500000,250000,0,0,0,0
395942,01a0b1c2-b010-7000-8000-000000000000,01a0c46d-61ee-713c-98d7-c9f541640b94,ACTIVE,0,-250000,2500000,0,0,0
395942,01a0b1c2-b010-7000-8000-000000000000,01a0c46d-66d0-71e8-b7f2-35eb5694743b,ACTIVE,2500000,250000,0,0,0,0
395944,01a0b1c2-b010-7000-8000-000000000000,01a0c46d-61ee-713c-98d7-c9f541640b94,ACTIVE,0,-250000,2500000,0,0,0
395944,01a0b1c2-b010-7000-8000-000000000000,01a0c46d-66d0-71e8-b7f2-35eb5694743b,ACTIVE,2500000,250000,0,0,0,0
395946,01a0b1c2-b010-7000-8000-000000000000,01a0c46d-61ee-713c-98d7-c9f541640b94,ACTIVE,0,-250000,2500000,0,0,0
395946,01a0b1c2-b010-7000-8000-000000000000,01a0c46d-66d0-71e8-b7f2-35eb5694743b,ACTIVE,2500000,250000,0,0,0,0
395948,01a0b1c2-b010-7000-8000-000000000000,01a0c46d-61ee-713c-98d7-c9f541640b94,ACTIVE,0,-250000,2500000,0,0,0
395948,01a0b1c2-b010-7000-8000-000000000000,01a0c46d-66d0-71e8-b7f2-35eb5694743b,ACTIVE,2500000,250000,0,0,0,0
395950,01a0b1c2-b010-7000-8000-000000000000,01a0c46d-61ee-713c-98d7-c9f541640b94,ACTIVE,0,-250000,2500000,0,0,0
395950,01a0b1c2-b010-7000-8000-000000000000,01a0c46d-66d0-71e8-b7f2-35eb5694743b,ACTIVE,2500000,250000,0,0,0,0
395952,01a0b1c2-b010-7000-8000-000000000000,01a0c46d-61ee-713c-98d7-c9f541640b94,ACTIVE,0,-250000,2500000,0,0,0
395952,01a0b1c2-b010-7000-8000-000000000000,01a0c46d-66d0-71e8-b7f2-35eb5694743b,ACTIVE,2500000,250000,0,0,0,0
395954,01a0b1c2-b010-7000-8000-000000000000,01a0c46d-61ee-713c-98d7-c9f541640b94,ACTIVE,0,-250000,2500000,0,0,0
395954,01a0b1c2-b010-7000-8000-000000000000,01a0c46d-66d0-71e8-b7f2-35eb5694743b,ACTIVE,2500000,250000,0,0,0,0
395956,01a0b1c2-b010-7000-8000-000000000000,01a0c46d-61ee-713c-98d7-c9f541640b94,ACTIVE,0,-250000,2500000,0,0,0
395956,01a0b1c2-b010-7000-8000-000000000000,01a0c46d-66d0-71e8-b7f2-35eb5694743b,ACTIVE,2500000,250000,0,0,0,0
395958,01a0b1c2-b010-7000-8000-000000000000,01a0c46d-61ee-713c-98d7-c9f541640b94,ACTIVE,0,-250000,2500000,0,0,0
395958,01a0b1c2-b010-7000-8000-000000000000,01a0c46d-66d0-71e8-b7f2-35eb5694743b,ACTIVE,2500000,250000,0,0,0,0
395960,01a0b1c2-b010-7000-8000-000000000000,01a0c46d-61ee-713c-98d7-c9f541640b94,ACTIVE,0,-250000,2500000,0,0,0
395960,01a0b1c2-b010-7000-8000-000000000000,01a0c46d-66d0-71e8-b7f2-35eb5694743b,ACTIVE,2500000,250000,0,0,0,0
395962,01a0b1c2-b010-7000-8000-000000000000,01a0c46d-61ee-713c-98d7-c9f541640b94,ACTIVE,0,-250000,2500000,0,0,0
395962,01a0b1c2-b010-7000-8000-000000000000,01a0c46d-66d0-71e8-b7f2-35eb5694743b,ACTIVE,2500000,250000,0,0,0,0
395964,01a0b1c2-b010-7000-8000-000000000000,01a0c46d-61ee-713c-98d7-c9f541640b94,ACTIVE,0,-250000,2500000,0,0,0
395964,01a0b1c2-b010-7000-8000-000000000000,01a0c46d-66d0-71e8-b7f2-35eb5694743b,ACTIVE,2500000,250000,0,0,0,0
395964,01a0b1c2-b010-7000-8000-000000000000,01a0c46d-6bb2-7206-a648-bac78656613e,ACTIVE,-2165064,-250000,-1250000,0,0,0
395966,01a0b1c2-b010-7000-8000-000000000000,01a0c46d-61ee-713c-98d7-c9f541640b94,ACTIVE,0,-250000,2500000,0,0,0
395966,01a0b1c2-b010-7000-8000-000000000000,01a0c46d-66d0-71e8-b7f2-35eb5694743b,ACTIVE,2500000,250000,0,0,0,0
395966,01a0b1c2-b010-7000-8000-000000000000,01a0c46d-6bb2-7206-a648-bac78656613e,ACTIVE,-2165064,-250000,-1250000,0,0,0
395968,01a0b1c2-b010-7000-8000-000000000000,01a0c46d-61ee-713c-98d7-c9f541640b94,ACTIVE,0,-250000,2500000,0,0,0
395968,01a0b1c2-b010-7000-8000-000000000000,01a0c46d-66d0-71e8-b7f2-35eb5694743b,ACTIVE,2500000,250000,0,0,0,0
395968,01a0b1c2-b010-7000-8000-000000000000,01a0c46d-6bb2-7206-a648-bac78656613e,ACTIVE,-2165064,-250000,-1250000,0,0,0
395970,01a0b1c2-b010-7000-8000-000000000000,01a0c46d-61ee-713c-98d7-c9f541640b94,ACTIVE,0,-250000,2500000,0,0,0
395970,01a0b1c2-b010-7000-8000-000000000000,01a0c46d-66d0-71e8-b7f2-35eb5694743b,ACTIVE,2500000,250000,0,0,0,0
395970,01a0b1c2-b010-7000-8000-000000000000,01a0c46d-6bb2-7206-a648-bac78656613e,ACTIVE,-2165064,-250000,-1250000,0,0,0
395972,01a0b1c2-b010-7000-8000-000000000000,01a0c46d-61ee-713c-98d7-c9f541640b94,ACTIVE,0,-250000,2500000,0,0,0
395972,01a0b1c2-b010-7000-8000-000000000000,01a0c46d-66d0-71e8-b7f2-35eb5694743b,ACTIVE,2500000,250000,0,0,0,0
395972,01a0b1c2-b010-7000-8000-000000000000,01a0c46d-6bb2-7206-a648-bac78656613e,ACTIVE,-2165064,-250000,-1250000,0,0,0
395974,01a0b1c2-b010-7000-8000-000000000000,01a0c46d-61ee-713c-98d7-c9f541640b94,ACTIVE,0,-250000,2500000,0,0,0
395974,01a0b1c2-b010-7000-8000-000000000000,01a0c46d-66d0-71e8-b7f2-35eb5694743b,ACTIVE,2500000,250000,0,0,0,0
395974,01a0b1c2-b010-7000-8000-000000000000,01a0c46d-6bb2-7206-a648-bac78656613e,ACTIVE,-2165064,-250000,-1250000,0,0,0
395976,01a0b1c2-b010-7000-8000-000000000000,01a0c46d-61ee-713c-98d7-c9f541640b94,ACTIVE,0,-250000,2500000,0,0,0
395976,01a0b1c2-b010-7000-8000-000000000000,01a0c46d-66d0-71e8-b7f2-35eb5694743b,ACTIVE,2500000,250000,0,0,0,0
395976,01a0b1c2-b010-7000-8000-000000000000,01a0c46d-6bb2-7206-a648-bac78656613e,ACTIVE,-2165064,-250000,-1250000,0,0,0
395978,01a0b1c2-b010-7000-8000-000000000000,01a0c46d-61ee-713c-98d7-c9f541640b94,ACTIVE,0,-250000,2500000,0,0,0
395978,01a0b1c2-b010-7000-8000-000000000000,01a0c46d-66d0-71e8-b7f2-35eb5694743b,ACTIVE,2500000,250000,0,0,0,0
395978,01a0b1c2-b010-7000-8000-000000000000,01a0c46d-6bb2-7206-a648-bac78656613e,ACTIVE,-2165064,-250000,-1250000,0,0,0
395980,01a0b1c2-b010-7000-8000-000000000000,01a0c46d-61ee-713c-98d7-c9f541640b94,ACTIVE,0,-250000,2500000,0,0,0
395980,01a0b1c2-b010-7000-8000-000000000000,01a0c46d-66d0-71e8-b7f2-35eb5694743b,ACTIVE,2500000,250000,0,0,0,0
395980,01a0b1c2-b010-7000-8000-000000000000,01a0c46d-6bb2-7206-a648-bac78656613e,ACTIVE,-2165064,-250000,-1250000,0,0,0
395982,01a0b1c2-b010-7000-8000-000000000000,01a0c46d-61ee-713c-98d7-c9f541640b94,ACTIVE,0,-250000,2500000,0,0,0
395982,01a0b1c2-b010-7000-8000-000000000000,01a0c46d-66d0-71e8-b7f2-35eb5694743b,ACTIVE,2500000,250000,0,0,0,0
395982,01a0b1c2-b010-7000-8000-000000000000,01a0c46d-6bb2-7206-a648-bac78656613e,ACTIVE,-2165064,-250000,-1250000,0,0,0
395984,01a0b1c2-b010-7000-8000-000000000000,01a0c46d-61ee-713c-98d7-c9f541640b94,ACTIVE,0,-250000,2500000,0,0,0
395984,01a0b1c2-b010-7000-8000-000000000000,01a0c46d-66d0-71e8-b7f2-35eb5694743b,ACTIVE,2500000,250000,0,0,0,0
395984,01a0b1c2-b010-7000-8000-000000000000,01a0c46d-6bb2-7206-a648-bac78656613e,ACTIVE,-2165064,-250000,-1250000,0,0,0
395986,01a0b1c2-b010-7000-8000-000000000000,01a0c46d-61ee-713c-98d7-c9f541640b94,ACTIVE,0,-250000,2500000,0,0,0
395986,01a0b1c2-b010-7000-8000-000000000000,01a0c46d-66d0-71e8-b7f2-35eb5694743b,ACTIVE,2500000,250000,0,0,0,0
395986,01a0b1c2-b010-7000-8000-000000000000,01a0c46d-6bb2-7206-a648-bac78656613e,ACTIVE,-2165064,-250000,-1250000,0,0,0
395988,01a0b1c2-b010-7000-8000-000000000000,01a0c46d-61ee-713c-98d7-c9f541640b94,ACTIVE,0,-250000,2500000,0,0,0
395988,01a0b1c2-b010-7000-8000-000000000000,01a0c46d-66d0-71e8-b7f2-35eb5694743b,ACTIVE,2500000,250000,0,0,0,0
395988,01a0b1c2-b010-7000-8000-000000000000,01a0c46d-6bb2-7206-a648-bac78656613e,ACTIVE,-2165064,-250000,-1250000,0,0,0
395988,01a0b1c2-b010-7000-8000-000000000000,01a0c46d-7094-74c1-ae15-9c0af8055aa6,ACTIVE,-2500000,250000,0,0,0,0
395990,01a0b1c2-b010-7000-8000-000000000000,01a0c46d-61ee-713c-98d7-c9f541640b94,ACTIVE,0,-250000,2500000,0,0,0
395990,01a0b1c2-b010-7000-8000-000000000000,01a0c46d-66d0-71e8-b7f2-35eb5694743b,ACTIVE,2500000,250000,0,0,0,0
395990,01a0b1c2-b010-7000-8000-000000000000,01a0c46d-6bb2-7206-a648-bac78656613e,ACTIVE,-2165064,-250000,-1250000,0,0,0
395990,01a0b1c2-b010-7000-8000-000000000000,01a0c46d-7094-74c1-ae15-9c0af8055aa6,ACTIVE,-2500000,250000,0,0,0,0
395992,01a0b1c2-b010-7000-8000-000000000000,01a0c46d-61ee-713c-98d7-c9f541640b94,ACTIVE,0,-250000,2500000,0,0,0
395992,01a0b1c2-b010-7000-8000-000000000000,01a0c46d-66d0-71e8-b7f2-35eb5694743b,ACTIVE,2500000,250000,0,0,0,0
395992,01a0b1c2-b010-7000-8000-000000000000,01a0c46d-6bb2-7206-a648-bac78656613e,ACTIVE,-2165064,-250000,-1250000,0,0,0
395992,01a0b1c2-b010-7000-8000-000000000000,01a0c46d-7094-74c1-ae15-9c0af8055aa6,ACTIVE,-2500000,250000,0,0,0,0
395994,01a0b1c2-b010-7000-8000-000000000000,01a0c46d-61ee-713c-98d7-c9f541640b94,ACTIVE,0,-250000,2500000,0,0,0
395994,01a0b1c2-b010-7000-8000-000000000000,01a0c46d-66d0-71e8-b7f2-35eb5694743b,ACTIVE,2500000,250000,0,0,0,0
395994,01a0b1c2-b010-7000-8000-000000000000,01a0c46d-6bb2-7206-a648-bac78656613e,ACTIVE,-2165064,-250000,-1250000,0,0,0
395994,01a0b1c2-b010-7000-8000-000000000000,01a0c46d-7094-74c1-ae15-9c0af8055aa6,ACTIVE,-2500000,250000,0,0,0,0
395996,01a0b1c2-b010-7000-8000-000000000000,01a0c46d-61ee-713c-98d7-c9f541640b94,ACTIVE,0,-250000,2500000,0,0,0
395996,01a0b1c2-b010-7000-8000-000000000000,01a0c46d-66d0-71e8-b7f2-35eb5694743b,ACTIVE,2500000,250000,0,0,0,0
395996,01a0b1c2-b010-7000-8000-000000000000,01a0c46d-6bb2-7206-a648-bac78656613e,ACTIVE,-2165064,-250000,-1250000,0,0,0
395996,01a0b1c2-b010-7000-8000-000000000000,01a0c46d-7094-74c1-ae15-9c0af8055aa6,ACTIVE,-2500000,250000,0,0,0,0
395998,01a0b1c2-b010-7000-8000-000000000000,01a0c46d-61ee-713c-98d7-c9f541640b94,ACTIVE,0,-250000,2500000,0,0,0
395998,01a0b1c2-b010-7000-8000-000000000000,01a0c46d-66d0-71e8-b7f2-35eb5694743b,ACTIVE,2500000,250000,0,0,0,0
395998,01a0b1c2-b010-7000-8000-000000000000,01a0c46d-6bb2-7206-a648-bac78656613e,ACTIVE,-2165064,-250000,-1250000,0,0,0
395998,01a0b1c2-b010-7000-8000-000000000000,01a0c46d-7094-74c1-ae15-9c0af8055aa6,ACTIVE,-2500000,250000,0,0,0,0
396000,01a0b1c2-b010-7000-8000-000000000000,01a0c46d-61ee-713c-98d7-c9f541640b94,ACTIVE,0,-250000,2500000,0,0,0
396000,01a0b1c2-b010-7000-8000-000000000000,01a0c46d-66d0-71e8-b7f2-35eb5694743b,ACTIVE,2500000,250000,0,0,0,0
396000,01a0b1c2-b010-7000-8000-000000000000,01a0c46d-6bb2-7206-a648-bac78656613e,ACTIVE,-2165064,-250000,-1250000,0,0,0
396000,01a0b1c2-b010-7000-8000-000000000000,01a0c46d-7094-74c1-ae15-9c0af8055aa6,ACTIVE,-2500000,250000,0,0,0,0
396002,01a0b1c2-b010-7000-8000-000000000000,01a0c46d-61ee-713c-98d7-c9f541640b94,ACTIVE,0,-250000,2500000,0,0,0
396002,01a0b1c2-b010-7000-8000-000000000000,01a0c46d-66d0-71e8-b7f2-35eb5694743b,ACTIVE,2500000,250000,0,0,0,0
396002,01a0b1c2-b010-7000-8000-000000000000,01a0c46d-6bb2-7206-a648-bac78656613e,ACTIVE,-2165064,-250000,-1250000,0,0,0
396002,01a0b1c2-b010-7000-8000-000000000000,01a0c46d-7094-74c1-ae15-9c0af8055aa6,ACTIVE,-2500000,250000,0,0,0,0
396004,01a0b1c2-b010-7000-8000-000000000000,01a0c46d-61ee-713c-98d7-c9f541640b94,ACTIVE,0,-250000,2500000,0,0,0
396004,01a0b1c2-b010-7000-8000-000000000000,01a0c46d-66d0-71e8-b7f2-35eb5694743b,ACTIVE,2500000,250000,0,0,0,0
396004,01a0b1c2-b010-7000-8000-000000000000,01a0c46d-6bb2-7206-a648-bac78656613e,ACTIVE,-2165064,-250000,-1250000,0,0,0
396004,01a0b1c2-b010-7000-8000-000000000000,01a0c46d-7094-74c1-ae15-9c0af8055aa6,ACTIVE,-2500000,250000,0,0,0,0
396006,01a0b1c2-b010-7000-8000-000000000000,01a0c46d-61ee-713c-98d7-c9f541640b94,ACTIVE,0,-250000,2500000,0,0,0
396006,01a0b1c2-b010-7000-8000-000000000000,01a0c46d-66d0-71e8-b7f2-35eb5694743b,ACTIVE,2500000,250000,0,0,0,0
396006,01a0b1c2-b010-7000-8000-000000000000,01a0c46d-6bb2-7206-a648-bac78656613e,ACTIVE,-2165064,-250000,-1250000,0,0,0
396006,01a0b1c2-b010-7000-8000-000000000000,01a0c46d-7094-74c1-ae15-9c0af8055aa6,ACTIVE,-2500000,250000,0,0,0,0
396008,01a0b1c2-b010-7000-8000-000000000000,01a0c46d-61ee-713c-98d7-c9f541640b94,ACTIVE,0,-250000,2500000,0,0,0
396008,01a0b1c2-b010-7000-8000-000000000000,01a0c46d-66d0-71e8-b7f2-35eb5694743b,ACTIVE,2500000,250000,0,0,0,0
396008,01a0b1c2-b010-7000-8000-000000000000,01a0c46d-6bb2-7206-a648-bac78656613e,ACTIVE,-2165064,-250000,-1250000,0,0,0
396008,01a0b1c2-b010-7000-8000-000000000000,01a0c46d-7094-74c1-ae15-9c0af8055aa6,ACTIVE,-2500000,250000,0,0,0,0
396010,01a0b1c2-b010-7000-8000-000000000000,01a0c46d-61ee-713c-98d7-c9f541640b94,ACTIVE,0,-250000,2500000,0,0,0
396010,01a0b1c2-b010-7000-8000-000000000000,01a0c46d-66d0-71e8-b7f2-35eb5694743b,ACTIVE,2500000,250000,0,0,0,0
396010,01a0b1c2-b010-7000-8000-000000000000,01a0c46d-6bb2-7206-a648-bac78656613e,ACTIVE,-2165064,-250000,-1250000,0,0,0
396010,01a0b1c2-b010-7000-8000-000000000000,01a0c46d-7094-74c1-ae15-9c0af8055aa6,ACTIVE,-2500000,250000,0,0,0,0
396012,01a0b1c2-b010-7000-8000-000000000000,01a0c46d-61ee-713c-98d7-c9f541640b94,ACTIVE,0,-250000,2500000,0,0,0
396012,01a0b1c2-b010-7000-8000-000000000000,01a0c46d-66d0-71e8-b7f2-35eb5694743b,ACTIVE,2500000,250000,0,0,0,0
396012,01a0b1c2-b010-7000-8000-000000000000,01a0c46d-6bb2-7206-a648-bac78656613e,ACTIVE,-2165064,-250000,-1250000,0,0,0
396012,01a0b1c2-b010-7000-8000-000000000000,01a0c46d-7094-74c1-ae15-9c0af8055aa6,ACTIVE,-2500000,250000,0,0,0,0
396014,01a0b1c2-b010-7000-8000-000000000000,01a0c46d-61ee-713c-98d7-c9f541640b94,ACTIVE,0,-250000,2500000,0,0,0
396014,01a0b1c2-b010-7000-8000-000000000000,01a0c46d-66d0-71e8-b7f2-35eb5694743b,ACTIVE,2500000,250000,0,0,0,0
396014,01a0b1c2-b010-7000-8000-000000000000,01a0c46d-6bb2-7206-a648-bac78656613e,ACTIVE,-2165064,-250000,-1250000,0,0,0
396014,01a0b1c2-b010-7000-8000-000000000000,01a0c46d-7094-74c1-ae15-9c0af8055aa6,ACTIVE,-2500000,250000,0,0,0,0
396016,01a0b1c2-b010-7000-8000-000000000000,01a0c46d-61ee-713c-98d7-c9f541640b94,ACTIVE,0,-250000,2500000,0,0,0
396016,01a0b1c2-b010-7000-8000-000000000000,01a0c46d-66d0-71e8-b7f2-35eb5694743b,ACTIVE,2500000,250000,0,0,0,0
396016,01a0b1c2-b010-7000-8000-000000000000,01a0c46d-6bb2-7206-a648-bac78656613e,ACTIVE,-2165064,-250000,-1250000,0,0,0
396016,01a0b1c2-b010-7000-8000-000000000000,01a0c46d-7094-74c1-ae15-9c0af8055aa6,ACTIVE,-2500000,250000,0,0,0,0
396018,01a0b1c2-b010-7000-8000-000000000000,01a0c46d-61ee-713c-98d7-c9f541640b94,ACTIVE,0,-250000,2500000,0,0,0
396018,01a0b1c2-b010-7000-8000-000000000000,01a0c46d-66d0-71e8-b7f2-35eb5694743b,ACTIVE,2500000,250000,0,0,0,0
396018,01a0b1c2-b010-7000-8000-000000000000,01a0c46d-6bb2-7206-a648-bac78656613e,ACTIVE,-2165064,-250000,-1250000,0,0,0
396018,01a0b1c2-b010-7000-8000-000000000000,01a0c46d-7094-74c1-ae15-9c0af8055aa6,ACTIVE,-2500000,250000,0,0,0,0
396020,01a0b1c2-b010-7000-8000-000000000000,01a0c46d-61ee-713c-98d7-c9f541640b94,ACTIVE,0,-250000,2500000,0,0,0
396020,01a0b1c2-b010-7000-8000-000000000000,01a0c46d-66d0-71e8-b7f2-35eb5694743b,ACTIVE,2500000,250000,0,0,0,0
396020,01a0b1c2-b010-7000-8000-000000000000,01a0c46d-6bb2-7206-a648-bac78656613e,ACTIVE,-2165064,-250000,-1250000,0,0,0
396020,01a0b1c2-b010-7000-8000-000000000000,01a0c46d-7094-74c1-ae15-9c0af8055aa6,ACTIVE,-2500000,250000,0,0,0,0
396022,01a0b1c2-b010-7000-8000-000000000000,01a0c46d-61ee-713c-98d7-c9f541640b94,ACTIVE,0,-250000,2500000,0,0,0
396022,01a0b1c2-b010-7000-8000-000000000000,01a0c46d-66d0-71e8-b7f2-35eb5694743b,ACTIVE,2500000,250000,0,0,0,0
396022,01a0b1c2-b010-7000-8000-000000000000,01a0c46d-6bb2-7206-a648-bac78656613e,ACTIVE,-2165064,-250000,-1250000,0,0,0
396022,01a0b1c2-b010-7000-8000-000000000000,01a0c46d-7094-74c1-ae15-9c0af8055aa6,ACTIVE,-2500000,250000,0,0,0,0
396024,01a0b1c2-b010-7000-8000-000000000000,01a0c46d-61ee-713c-98d7-c9f541640b94,ACTIVE,0,-250000,2500000,0,0,0
396024,01a0b1c2-b010-7000-8000-000000000000,01a0c46d-66d0-71e8-b7f2-35eb5694743b,ACTIVE,2500000,250000,0,0,0,0
396024,01a0b1c2-b010-7000-8000-000000000000,01a0c46d-6bb2-7206-a648-bac78656613e,ACTIVE,-2165064,-250000,-1250000,0,0,0
396024,01a0b1c2-b010-7000-8000-000000000000,01a0c46d-7094-74c1-ae15-9c0af8055aa6,ACTIVE,-2500000,250000,0,0,0,0
396026,01a0b1c2-b010-7000-8000-000000000000,01a0c46d-61ee-713c-98d7-c9f541640b94,ACTIVE,0,-250000,2500000,0,0,0
396026,01a0b1c2-b010-7000-8000-000000000000,01a0c46d-66d0-71e8-b7f2-35eb5694743b,ACTIVE,2500000,250000,0,0,0,0
396026,01a0b1c2-b010-7000-8000-000000000000,01a0c46d-6bb2-7206-a648-bac78656613e,ACTIVE,-2165064,-250000,-1250000,0,0,0
396026,01a0b1c2-b010-7000-8000-000000000000,01a0c46d-7094-74c1-ae15-9c0af8055aa6,ACTIVE,-2500000,250000,0,0,0,0
396028,01a0b1c2-b010-7000-8000-000000000000,01a0c46d-61ee-713c-98d7-c9f541640b94,ACTIVE,0,-250000,2500000,0,0,0
396028,01a0b1c2-b010-7000-8000-000000000000,01a0c46d-66d0-71e8-b7f2-35eb5694743b,ACTIVE,2500000,250000,0,0,0,0
396028,01a0b1c2-b010-7000-8000-000000000000,01a0c46d-6bb2-7206-a648-bac78656613e,ACTIVE,-2165064,-250000,-1250000,0,0,0
396028,01a0b1c2-b010-7000-8000-000000000000,01a0c46d-7094-74c1-ae15-9c0af8055aa6,ACTIVE,-2500000,250000,0,0,0,0
396030,01a0b1c2-b010-7000-8000-000000000000,01a0c46d-61ee-713c-98d7-c9f541640b94,ACTIVE,0,-250000,2500000,0,0,0
396030,01a0b1c2-b010-7000-8000-000000000000,01a0c46d-66d0-71e8-b7f2-35eb5694743b,ACTIVE,2500000,250000,0,0,0,0
396030,01a0b1c2-b010-7000-8000-000000000000,01a0c46d-6bb2-7206-a648-bac78656613e,ACTIVE,-2165064,-250000,-1250000,0,0,0
396030,01a0b1c2-b010-7000-8000-000000000000,01a0c46d-7094-74c1-ae15-9c0af8055aa6,ACTIVE,-2500000,250000,0,0,0,0
396032,01a0b1c2-b010-7000-8000-000000000000,01a0c46d-61ee-713c-98d7-c9f541640b94,ACTIVE,0,-250000,2500000,0,0,0
396032,01a0b1c2-b010-7000-8000-000000000000,01a0c46d-66d0-71e8-b7f2-35eb5694743b,ACTIVE,2500000,250000,0,0,0,0
396032,01a0b1c2-b010-7000-8000-000000000000,01a0c46d-6bb2-7206-a648-bac78656613e,ACTIVE,-2165064,-250000,-1250000,0,0,0
396032,01a0b1c2-b010-7000-8000-000000000000,01a0c46d-7094-74c1-ae15-9c0af8055aa6,ACTIVE,-2500000,250000,0,0,0,0
396034,01a0b1c2-b010-7000-8000-000000000000,01a0c46d-61ee-713c-98d7-c9f541640b94,ACTIVE,0,-250000,2500000,0,0,0
396034,01a0b1c2-b010-7000-8000-000000000000,01a0c46d-66d0-71e8-b7f2-35eb5694743b,ACTIVE,2500000,250000,0,0,0,0
396034,01a0b1c2-b010-7000-8000-000000000000,01a0c46d-6bb2-7206-a648-bac78656613e,ACTIVE,-2165064,-250000,-1250000,0,0,0
396034,01a0b1c2-b010-7000-8000-000000000000,01a0c46d-7094-74c1-ae15-9c0af8055aa6,ACTIVE,-2500000,250000,0,0,0,0
396036,01a0b1c2-b010-7000-8000-000000000000,01a0c46d-61ee-713c-98d7-c9f541640b94,ACTIVE,0,-250000,2500000,0,0,0
396036,01a0b1c2-b010-7000-8000-000000000000,01a0c46d-66d0-71e8-b7f2-35eb5694743b,ACTIVE,2500000,250000,0,0,0,0
396036,01a0b1c2-b010-7000-8000-000000000000,01a0c46d-6bb2-7206-a648-bac78656613e,ACTIVE,-2165064,-250000,-1250000,0,0,0
396036,01a0b1c2-b010-7000-8000-000000000000,01a0c46d-7094-74c1-ae15-9c0af8055aa6,ACTIVE,-2500000,250000,0,0,0,0
396038,01a0b1c2-b010-7000-8000-000000000000,01a0c46d-61ee-713c-98d7-c9f541640b94,ACTIVE,0,-250000,2500000,0,0,0
396038,01a0b1c2-b010-7000-8000-000000000000,01a0c46d-66d0-71e8-b7f2-35eb5694743b,ACTIVE,2500000,250000,0,0,0,0
396038,01a0b1c2-b010-7000-8000-000000000000,01a0c46d-6bb2-7206-a648-bac78656613e,ACTIVE,-2165064,-250000,-1250000,0,0,0
396038,01a0b1c2-b010-7000-8000-000000000000,01a0c46d-7094-74c1-ae15-9c0af8055aa6,ACTIVE,-2500000,250000,0,0,0,0
396040,01a0b1c2-b010-7000-8000-000000000000,01a0c46d-61ee-713c-98d7-c9f541640b94,ACTIVE,0,-250000,2500000,0,0,0
396040,01a0b1c2-b010-7000-8000-000000000000,01a0c46d-66d0-71e8-b7f2-35eb5694743b,ACTIVE,2500000,250000,0,0,0,0
396040,01a0b1c2-b010-7000-8000-000000000000,01a0c46d-6bb2-7206-a648-bac78656613e,ACTIVE,-2165064,-250000,-1250000,0,0,0
396040,01a0b1c2-b010-7000-8000-000000000000,01a0c46d-7094-74c1-ae15-9c0af8055aa6,ACTIVE,-2500000,250000,0,0,0,0
396042,01a0b1c2-b010-7000-8000-000000000000,01a0c46d-61ee-713c-98d7-c9f541640b94,ACTIVE,0,-250000,2500000,0,0,0
396042,01a0b1c2-b010-7000-8000-000000000000,01a0c46d-66d0-71e8-b7f2-35eb5694743b,ACTIVE,2500000,250000,0,0,0,0
396042,01a0b1c2-b010-7000-8000-000000000000,01a0c46d-6bb2-7206-a648-bac78656613e,ACTIVE,-2165064,-250000,-1250000,0,0,0
396042,01a0b1c2-b010-7000-8000-000000000000,01a0c46d-7094-74c1-ae15-9c0af8055aa6,ACTIVE,-2500000,250000,0,0,0,0
396044,01a0b1c2-b010-7000-8000-000000000000,01a0c46d-61ee-713c-98d7-c9f541640b94,ACTIVE,0,-250000,2500000,0,0,0
396044,01a0b1c2-b010-7000-8000-000000000000,01a0c46d-66d0-71e8-b7f2-35eb5694743b,ACTIVE,2500000,250000,0,0,0,0
396044,01a0b1c2-b010-7000-8000-000000000000,01a0c46d-6bb2-7206-a648-bac78656613e,ACTIVE,-2165064,-250000,-1250000,0,0,0
396044,01a0b1c2-b010-7000-8000-000000000000,01a0c46d-7094-74c1-ae15-9c0af8055aa6,ACTIVE,-2500000,250000,0,0,0,0
396046,01a0b1c2-b010-7000-8000-000000000000,01a0c46d-61ee-713c-98d7-c9f541640b94,ACTIVE,0,-250000,2500000,0,0,0
396046,01a0b1c2-b010-7000-8000-000000000000,01a0c46d-66d0-71e8-b7f2-35eb5694743b,ACTIVE,2500000,250000,0,0,0,0
396046,01a0b1c2-b010-7000-8000-000000000000,01a0c46d-6bb2-7206-a648-bac78656613e,ACTIVE,-2165064,-250000,-1250000,0,0,0
396046,01a0b1c2-b010-7000-8000-000000000000,01a0c46d-7094-74c1-ae15-9c0af8055aa6,ACTIVE,-2500000,250000,0,0,0,0
396048,01a0b1c2-b010-7000-8000-000000000000,01a0c46d-61ee-713c-98d7-c9f541640b94,ACTIVE,0,-250000,2500000,0,0,0
396048,01a0b1c2-b010-7000-8000-000000000000,01a0c46d-66d0-71e8-b7f2-35eb5694743b,ACTIVE,2500000,250000,0,0,0,0
396048,01a0b1c2-b010-7000-8000-000000000000,01a0c46d-6bb2-7206-a648-bac78656613e,ACTIVE,-2165064,-250000,-1250000,0,0,0
396048,01a0b1c2-b010-7000-8000-000000000000,01a0c46d-7094-74c1-ae15-9c0af8055aa6,ACTIVE,-2500000,250000,0,0,0,0
396050,01a0b1c2-b010-7000-8000-000000000000,01a0c46d-61ee-713c-98d7-c9f541640b94,ACTIVE,0,-250000,2500000,0,0,0
396050,01a0b1c2-b010-7000-8000-000000000000,01a0c46d-66d0-71e8-b7f2-35eb5694743b,ACTIVE,2500000,250000,0,0,0,0
396050,01a0b1c2-b010-7000-8000-000000000000,01a0c46d-6bb2-7206-a648-bac78656613e,ACTIVE,-2165064,-250000,-1250000,0,0,0
396050,01a0b1c2-b010-7000-8000-000000000000,01a0c46d-7094-74c1-ae15-9c0af8055aa6,ACTIVE,-2500000,250000,0,0,0,0
396052,01a0b1c2-b010-7000-8000-000000000000,01a0c46d-61ee-713c-98d7-c9f541640b94,ACTIVE,0,-250000,2500000,0,0,0
396052,01a0b1c2-b010-7000-8000-000000000000,01a0c46d-66d0-71e8-b7f2-35eb5694743b,ACTIVE,2500000,250000,0,0,0,0
396052,01a0b1c2-b010-7000-8000-000000000000,01a0c46d-6bb2-7206-a648-bac78656613e,ACTIVE,-2165064,-250000,-1250000,0,0,0
396052,01a0b1c2-b010-7000-8000-000000000000,01a0c46d-7094-74c1-ae15-9c0af8055aa6,ACTIVE,-2500000,250000,0,0,0,0
396054,01a0b1c2-b010-7000-8000-000000000000,01a0c46d-61ee-713c-98d7-c9f541640b94,ACTIVE,0,-250000,2500000,0,0,0
396054,01a0b1c2-b010-7000-8000-000000000000,01a0c46d-66d0-71e8-b7f2-35eb5694743b,ACTIVE,2500000,250000,0,0,0,0
396054,01a0b1c2-b010-7000-8000-000000000000,01a0c46d-6bb2-7206-a648-bac78656613e,ACTIVE,-2165064,-250000,-1250000,0,0,0
396054,01a0b1c2-b010-7000-8000-000000000000,01a0c46d-7094-74c1-ae15-9c0af8055aa6,ACTIVE,-2500000,250000,0,0,0,0
396056,01a0b1c2-b010-7000-8000-000000000000,01a0c46d-61ee-713c-98d7-c9f541640b94,ACTIVE,0,-250000,2500000,0,0,0
396056,01a0b1c2-b010-7000-8000-000000000000,01a0c46d-66d0-71e8-b7f2-35eb5694743b,ACTIVE,2500000,250000,0,0,0,0
396056,01a0b1c2-b010-7000-8000-000000000000,01a0c46d-6bb2-7206-a648-bac78656613e,ACTIVE,-2165064,-250000,-1250000,0,0,0
396056,01a0b1c2-b010-7000-8000-000000000000,01a0c46d-7094-74c1-ae15-9c0af8055aa6,ACTIVE,-2500000,250000,0,0,0,0
396058,01a0b1c2-b010-7000-8000-000000000000,01a0c46d-61ee-713c-98d7-c9f541640b94,ACTIVE,0,-250000,2500000,0,0,0
396058,01a0b1c2-b010-7000-8000-000000000000,01a0c46d-66d0-71e8-b7f2-35eb5694743b,ACTIVE,2500000,250000,0,0,0,0
396058,01a0b1c2-b010-7000-8000-000000000000,01a0c46d-6bb2-7206-a648-bac78656613e,ACTIVE,-2165064,-250000,-1250000,0,0,0
396058,01a0b1c2-b010-7000-8000-000000000000,01a0c46d-7094-74c1-ae15-9c0af8055aa6,ACTIVE,-2500000,250000,0,0,0,0
396060,01a0b1c2-b010-7000-8000-000000000000,01a0c46d-61ee-713c-98d7-c9f541640b94,ACTIVE,0,-250000,2500000,0,0,0
396060,01a0b1c2-b010-7000-8000-000000000000,01a0c46d-66d0-71e8-b7f2-35eb5694743b,ACTIVE,2500000,250000,0,0,0,0
396060,01a0b1c2-b010-7000-8000-000000000000,01a0c46d-6bb2-7206-a648-bac78656613e,ACTIVE,-2165064,-250000,-1250000,0,0,0
396060,01a0b1c2-b010-7000-8000-000000000000,01a0c46d-7094-74c1-ae15-9c0af8055aa6,ACTIVE,-2500000,250000,0,0,0,0
396062,01a0b1c2-b010-7000-8000-000000000000,01a0c46d-61ee-713c-98d7-c9f541640b94,ACTIVE,0,-250000,2500000,0,0,0
396062,01a0b1c2-b010-7000-8000-000000000000,01a0c46d-66d0-71e8-b7f2-35eb5694743b,ACTIVE,2500000,250000,0,0,0,0
396062,01a0b1c2-b010-7000-8000-000000000000,01a0c46d-6bb2-7206-a648-bac78656613e,ACTIVE,-2165064,-250000,-1250000,0,0,0
396062,01a0b1c2-b010-7000-8000-000000000000,01a0c46d-7094-74c1-ae15-9c0af8055aa6,ACTIVE,-2500000,250000,0,0,0,0
396064,01a0b1c2-b010-7000-8000-000000000000,01a0c46d-61ee-713c-98d7-c9f541640b94,ACTIVE,0,-250000,2500000,0,0,0
396064,01a0b1c2-b010-7000-8000-000000000000,01a0c46d-66d0-71e8-b7f2-35eb5694743b,ACTIVE,2500000,250000,0,0,0,0
396064,01a0b1c2-b010-7000-8000-000000000000,01a0c46d-6bb2-7206-a648-bac78656613e,ACTIVE,-2165064,-250000,-1250000,0,0,0
396064,01a0b1c2-b010-7000-8000-000000000000,01a0c46d-7094-74c1-ae15-9c0af8055aa6,ACTIVE,-2500000,250000,0,0,0,0
396066,01a0b1c2-b010-7000-8000-000000000000,01a0c46d-61ee-713c-98d7-c9f541640b94,ACTIVE,0,-250000,2500000,0,0,0
396066,01a0b1c2-b010-7000-8000-000000000000,01a0c46d-66d0-71e8-b7f2-35eb5694743b,ACTIVE,2500000,250000,0,0,0,0
396066,01a0b1c2-b010-7000-8000-000000000000,01a0c46d-6bb2-7206-a648-bac78656613e,ACTIVE,-2165064,-250000,-1250000,0,0,0
396066,01a0b1c2-b010-7000-8000-000000000000,01a0c46d-7094-74c1-ae15-9c0af8055aa6,ACTIVE,-2500000,250000,0,0,0,0
396068,01a0b1c2-b010-7000-8000-000000000000,01a0c46d-61ee-713c-98d7-c9f541640b94,ACTIVE,0,-250000,2500000,0,0,0
396068,01a0b1c2-b010-7000-8000-000000000000,01a0c46d-66d0-71e8-b7f2-35eb5694743b,ACTIVE,2500000,250000,0,0,0,0
396068,01a0b1c2-b010-7000-8000-000000000000,01a0c46d-6bb2-7206-a648-bac78656613e,ACTIVE,-2165064,-250000,-1250000,0,0,0
396068,01a0b1c2-b010-7000-8000-000000000000,01a0c46d-7094-74c1-ae15-9c0af8055aa6,ACTIVE,-2500000,250000,0,0,0,0
396070,01a0b1c2-b010-7000-8000-000000000000,01a0c46d-61ee-713c-98d7-c9f541640b94,ACTIVE,0,-250000,2500000,0,0,0
396070,01a0b1c2-b010-7000-8000-000000000000,01a0c46d-66d0-71e8-b7f2-35eb5694743b,ACTIVE,2500000,250000,0,0,0,0
396070,01a0b1c2-b010-7000-8000-000000000000,01a0c46d-6bb2-7206-a648-bac78656613e,ACTIVE,-2165064,-250000,-1250000,0,0,0
396070,01a0b1c2-b010-7000-8000-000000000000,01a0c46d-7094-74c1-ae15-9c0af8055aa6,ACTIVE,-2500000,250000,0,0,0,0
395938,01a0b1c2-b010-7000-8000-000000000001,01a0c46d-61ee-713c-98d7-c9f541640b94,ACTIVE,0,-250000,2500000,0,0,0
395938,01a0b1c2-b010-7000-8000-000000000001,01a0c46d-66d0-71e8-b7f2-35eb5694743b,ACTIVE,2500000,250000,0,0,0,0
395940,01a0b1c2-b010-7000-8000-000000000001,01a0c46d-61ee-713c-98d7-c9f541640b94,ACTIVE,0,-250000,2500000,0,0,0
395940,01a0b1c2-b010-7000-8000-000000000001,01a0c46d-66d0-71e8-b7f2-35eb5694743b,ACTIVE,2500000,250000,0,0,0,0
395942,01a0b1c2-b010-7000-8000-000000000001,01a0c46d-61ee-713c-98d7-c9f541640b94,ACTIVE,0,-250000,2500000,0,0,0
395942,01a0b1c2-b010-7000-8000-000000000001,01a0c46d-66d0-71e8-b7f2-35eb5694743b,ACTIVE,2500000,250000,0,0,0,0
395944,01a0b1c2-b010-7000-8000-000000000001,01a0c46d-61ee-713c-98d7-c9f541640b94,ACTIVE,0,-250000,2500000,0,0,0
395944,01a0b1c2-b010-7000-8000-000000000001,01a0c46d-66d0-71e8-b7f2-35eb5694743b,ACTIVE,2500000,250000,0,0,0,0
395946,01a0b1c2-b010-7000-8000-000000000001,01a0c46d-61ee-713c-98d7-c9f541640b94,ACTIVE,0,-250000,2500000,0,0,0
395946,01a0b1c2-b010-7000-8000-000000000001,01a0c46d-66d0-71e8-b7f2-35eb5694743b,ACTIVE,2500000,250000,0,0,0,0
395948,01a0b1c2-b010-7000-8000-000000000001,01a0c46d-61ee-713c-98d7-c9f541640b94,ACTIVE,0,-250000,2500000,0,0,0
395948,01a0b1c2-b010-7000-8000-000000000001,01a0c46d-66d0-71e8-b7f2-35eb5694743b,ACTIVE,2500000,250000,0,0,0,0
395950,01a0b1c2-b010-7000-8000-000000000001,01a0c46d-61ee-713c-98d7-c9f541640b94,ACTIVE,0,-250000,2500000,0,0,0
395950,01a0b1c2-b010-7000-8000-000000000001,01a0c46d-66d0-71e8-b7f2-35eb5694743b,ACTIVE,2500000,250000,0,0,0,0
395952,01a0b1c2-b010-7000-8000-000000000001,01a0c46d-61ee-713c-98d7-c9f541640b94,ACTIVE,0,-250000,2500000,0,0,0
395952,01a0b1c2-b010-7000-8000-000000000001,01a0c46d-66d0-71e8-b7f2-35eb5694743b,ACTIVE,2500000,250000,0,0,0,0
395954,01a0b1c2-b010-7000-8000-000000000001,01a0c46d-61ee-713c-98d7-c9f541640b94,ACTIVE,0,-250000,2500000,0,0,0
395954,01a0b1c2-b010-7000-8000-000000000001,01a0c46d-66d0-71e8-b7f2-35eb5694743b,ACTIVE,2500000,250000,0,0,0,0
395956,01a0b1c2-b010-7000-8000-000000000001,01a0c46d-61ee-713c-98d7-c9f541640b94,ACTIVE,0,-250000,2500000,0,0,0
395956,01a0b1c2-b010-7000-8000-000000000001,01a0c46d-66d0-71e8-b7f2-35eb5694743b,ACTIVE,2500000,250000,0,0,0,0
395958,01a0b1c2-b010-7000-8000-000000000001,01a0c46d-61ee-713c-98d7-c9f541640b94,ACTIVE,0,-250000,2500000,0,0,0
395958,01a0b1c2-b010-7000-8000-000000000001,01a0c46d-66d0-71e8-b7f2-35eb5694743b,ACTIVE,2500000,250000,0,0,0,0
395960,01a0b1c2-b010-7000-8000-000000000001,01a0c46d-61ee-713c-98d7-c9f541640b94,ACTIVE,0,-250000,2500000,0,0,0
395960,01a0b1c2-b010-7000-8000-000000000001,01a0c46d-66d0-71e8-b7f2-35eb5694743b,ACTIVE,2500000,250000,0,0,0,0
395962,01a0b1c2-b010-7000-8000-000000000001,01a0c46d-61ee-713c-98d7-c9f541640b94,ACTIVE,0,-250000,2500000,0,0,0
395962,01a0b1c2-b010-7000-8000-000000000001,01a0c46d-66d0-71e8-b7f2-35eb5694743b,ACTIVE,2500000,250000,0,0,0,0
395964,01a0b1c2-b010-7000-8000-000000000001,01a0c46d-61ee-713c-98d7-c9f541640b94,ACTIVE,0,-250000,2500000,0,0,0
395964,01a0b1c2-b010-7000-8000-000000000001,01a0c46d-66d0-71e8-b7f2-35eb5694743b,ACTIVE,2500000,250000,0,0,0,0
395964,01a0b1c2-b010-7000-8000-000000000001,01a0c46d-6bb2-7206-a648-bac78656613e,ACTIVE,-2165064,-250000,-1250000,0,0,0
395966,01a0b1c2-b010-7000-8000-000000000001,01a0c46d-61ee-713c-98d7-c9f541640b94,ACTIVE,0,-250000,2500000,0,0,0
395966,01a0b1c2-b010-7000-8000-000000000001,01a0c46d-66d0-71e8-b7f2-35eb5694743b,ACTIVE,2500000,250000,0,0,0,0
395966,01a0b1c2-b010-7000-8000-000000000001,01a0c46d-6bb2-7206-a648-bac78656613e,ACTIVE,-2165064,-250000,-1250000,0,0,0
395968,01a0b1c2-b010-7000-8000-000000000001,01a0c46d-61ee-713c-98d7-c9f541640b94,ACTIVE,0,-250000,2500000,0,0,0
395968,01a0b1c2-b010-7000-8000-000000000001,01a0c46d-66d0-71e8-b7f2-35eb5694743b,ACTIVE,2500000,250000,0,0,0,0
395968,01a0b1c2-b010-7000-8000-000000000001,01a0c46d-6bb2-7206-a648-bac78656613e,ACTIVE,-2165064,-250000,-1250000,0,0,0
395970,01a0b1c2-b010-7000-8000-000000000001,01a0c46d-61ee-713c-98d7-c9f541640b94,ACTIVE,0,-250000,2500000,0,0,0
395970,01a0b1c2-b010-7000-8000-000000000001,01a0c46d-66d0-71e8-b7f2-35eb5694743b,ACTIVE,2500000,250000,0,0,0,0
395970,01a0b1c2-b010-7000-8000-000000000001,01a0c46d-6bb2-7206-a648-bac78656613e,ACTIVE,-2165064,-250000,-1250000,0,0,0
395972,01a0b1c2-b010-7000-8000-000000000001,01a0c46d-61ee-713c-98d7-c9f541640b94,ACTIVE,0,-250000,2500000,0,0,0
395972,01a0b1c2-b010-7000-8000-000000000001,01a0c46d-66d0-71e8-b7f2-35eb5694743b,ACTIVE,2500000,250000,0,0,0,0
395972,01a0b1c2-b010-7000-8000-000000000001,01a0c46d-6bb2-7206-a648-bac78656613e,ACTIVE,-2165064,-250000,-1250000,0,0,0
395974,01a0b1c2-b010-7000-8000-000000000001,01a0c46d-61ee-713c-98d7-c9f541640b94,ACTIVE,0,-250000,2500000,0,0,0
395974,01a0b1c2-b010-7000-8000-000000000001,01a0c46d-66d0-71e8-b7f2-35eb5694743b,ACTIVE,2500000,250000,0,0,0,0
395974,01a0b1c2-b010-7000-8000-000000000001,01a0c46d-6bb2-7206-a648-bac78656613e,ACTIVE,-2165064,-250000,-1250000,0,0,0
395976,01a0b1c2-b010-7000-8000-000000000001,01a0c46d-61ee-713c-98d7-c9f541640b94,ACTIVE,0,-250000,2500000,0,0,0
395976,01a0b1c2-b010-7000-8000-000000000001,01a0c46d-66d0-71e8-b7f2-35eb5694743b,ACTIVE,2500000,250000,0,0,0,0
395976,01a0b1c2-b010-7000-8000-000000000001,01a0c46d-6bb2-7206-a648-bac78656613e,ACTIVE,-2165064,-250000,-1250000,0,0,0
395978,01a0b1c2-b010-7000-8000-000000000001,01a0c46d-61ee-713c-98d7-c9f541640b94,ACTIVE,0,-250000,2500000,0,0,0
395978,01a0b1c2-b010-7000-8000-000000000001,01a0c46d-66d0-71e8-b7f2-35eb5694743b,ACTIVE,2500000,250000,0,0,0,0
395978,01a0b1c2-b010-7000-8000-000000000001,01a0c46d-6bb2-7206-a648-bac78656613e,ACTIVE,-2165064,-250000,-1250000,0,0,0
395980,01a0b1c2-b010-7000-8000-000000000001,01a0c46d-61ee-713c-98d7-c9f541640b94,ACTIVE,0,-250000,2500000,0,0,0
395980,01a0b1c2-b010-7000-8000-000000000001,01a0c46d-66d0-71e8-b7f2-35eb5694743b,ACTIVE,2500000,250000,0,0,0,0
395980,01a0b1c2-b010-7000-8000-000000000001,01a0c46d-6bb2-7206-a648-bac78656613e,ACTIVE,-2165064,-250000,-1250000,0,0,0
395982,01a0b1c2-b010-7000-8000-000000000001,01a0c46d-61ee-713c-98d7-c9f541640b94,ACTIVE,0,-250000,2500000,0,0,0
395982,01a0b1c2-b010-7000-8000-000000000001,01a0c46d-66d0-71e8-b7f2-35eb5694743b,ACTIVE,2500000,250000,0,0,0,0
395982,01a0b1c2-b010-7000-8000-000000000001,01a0c46d-6bb2-7206-a648-bac78656613e,ACTIVE,-2165064,-250000,-1250000,0,0,0
395984,01a0b1c2-b010-7000-8000-000000000001,01a0c46d-61ee-713c-98d7-c9f541640b94,ACTIVE,0,-250000,2500000,0,0,0
395984,01a0b1c2-b010-7000-8000-000000000001,01a0c46d-66d0-71e8-b7f2-35eb5694743b,ACTIVE,2500000,250000,0,0,0,0
395984,01a0b1c2-b010-7000-8000-000000000001,01a0c46d-6bb2-7206-a648-bac78656613e,ACTIVE,-2165064,-250000,-1250000,0,0,0
395986,01a0b1c2-b010-7000-8000-000000000001,01a0c46d-61ee-713c-98d7-c9f541640b94,ACTIVE,0,-250000,2500000,0,0,0
395986,01a0b1c2-b010-7000-8000-000000000001,01a0c46d-66d0-71e8-b7f2-35eb5694743b,ACTIVE,2500000,250000,0,0,0,0
395986,01a0b1c2-b010-7000-8000-000000000001,01a0c46d-6bb2-7206-a648-bac78656613e,ACTIVE,-2165064,-250000,-1250000,0,0,0
395988,01a0b1c2-b010-7000-8000-000000000001,01a0c46d-61ee-713c-98d7-c9f541640b94,ACTIVE,0,-250000,2500000,0,0,0
395988,01a0b1c2-b010-7000-8000-000000000001,01a0c46d-66d0-71e8-b7f2-35eb5694743b,ACTIVE,2500000,250000,0,0,0,0
395988,01a0b1c2-b010-7000-8000-000000000001,01a0c46d-6bb2-7206-a648-bac78656613e,ACTIVE,-2165064,-250000,-1250000,0,0,0
395988,01a0b1c2-b010-7000-8000-000000000001,01a0c46d-7094-74c1-ae15-9c0af8055aa6,ACTIVE,-2500000,250000,0,0,0,0
395990,01a0b1c2-b010-7000-8000-000000000001,01a0c46d-61ee-713c-98d7-c9f541640b94,ACTIVE,0,-250000,2500000,0,0,0
395990,01a0b1c2-b010-7000-8000-000000000001,01a0c46d-66d0-71e8-b7f2-35eb5694743b,ACTIVE,2500000,250000,0,0,0,0
395990,01a0b1c2-b010-7000-8000-000000000001,01a0c46d-6bb2-7206-a648-bac78656613e,ACTIVE,-2165064,-250000,-1250000,0,0,0
395990,01a0b1c2-b010-7000-8000-000000000001,01a0c46d-7094-74c1-ae15-9c0af8055aa6,ACTIVE,-2500000,250000,0,0,0,0
395992,01a0b1c2-b010-7000-8000-000000000001,01a0c46d-61ee-713c-98d7-c9f541640b94,ACTIVE,0,-250000,2500000,0,0,0
395992,01a0b1c2-b010-7000-8000-000000000001,01a0c46d-66d0-71e8-b7f2-35eb5694743b,ACTIVE,2500000,250000,0,0,0,0
395992,01a0b1c2-b010-7000-8000-000000000001,01a0c46d-6bb2-7206-a648-bac78656613e,ACTIVE,-2165064,-250000,-1250000,0,0,0
395992,01a0b1c2-b010-7000-8000-000000000001,01a0c46d-7094-74c1-ae15-9c0af8055aa6,ACTIVE,-2500000,250000,0,0,0,0
395994,01a0b1c2-b010-7000-8000-000000000001,01a0c46d-61ee-713c-98d7-c9f541640b94,ACTIVE,0,-250000,2500000,0,0,0
395994,01a0b1c2-b010-7000-8000-000000000001,01a0c46d-66d0-71e8-b7f2-35eb5694743b,ACTIVE,2500000,250000,0,0,0,0
395994,01a0b1c2-b010-7000-8000-000000000001,01a0c46d-6bb2-7206-a648-bac78656613e,ACTIVE,-2165064,-250000,-1250000,0,0,0
395994,01a0b1c2-b010-7000-8000-000000000001,01a0c46d-7094-74c1-ae15-9c0af8055aa6,ACTIVE,-2500000,250000,0,0,0,0
395996,01a0b1c2-b010-7000-8000-000000000001,01a0c46d-61ee-713c-98d7-c9f541640b94,ACTIVE,0,-250000,2500000,0,0,0
395996,01a0b1c2-b010-7000-8000-000000000001,01a0c46d-66d0-71e8-b7f2-35eb5694743b,ACTIVE,2500000,250000,0,0,0,0
395996,01a0b1c2-b010-7000-8000-000000000001,01a0c46d-6bb2-7206-a648-bac78656613e,ACTIVE,-2165064,-250000,-1250000,0,0,0
395996,01a0b1c2-b010-7000-8000-000000000001,01a0c46d-7094-74c1-ae15-9c0af8055aa6,ACTIVE,-2500000,250000,0,0,0,0
395998,01a0b1c2-b010-7000-8000-000000000001,01a0c46d-61ee-713c-98d7-c9f541640b94,ACTIVE,0,-250000,2500000,0,0,0
395998,01a0b1c2-b010-7000-8000-000000000001,01a0c46d-66d0-71e8-b7f2-35eb5694743b,ACTIVE,2500000,250000,0,0,0,0
395998,01a0b1c2-b010-7000-8000-000000000001,01a0c46d-6bb2-7206-a648-bac78656613e,ACTIVE,-2165064,-250000,-1250000,0,0,0
395998,01a0b1c2-b010-7000-8000-000000000001,01a0c46d-7094-74c1-ae15-9c0af8055aa6,ACTIVE,-2500000,250000,0,0,0,0
396000,01a0b1c2-b010-7000-8000-000000000001,01a0c46d-61ee-713c-98d7-c9f541640b94,ACTIVE,0,-250000,2500000,0,0,0
396000,01a0b1c2-b010-7000-8000-000000000001,01a0c46d-66d0-71e8-b7f2-35eb5694743b,ACTIVE,2500000,250000,0,0,0,0
396000,01a0b1c2-b010-7000-8000-000000000001,01a0c46d-6bb2-7206-a648-bac78656613e,ACTIVE,-2165064,-250000,-1250000,0,0,0
396000,01a0b1c2-b010-7000-8000-000000000001,01a0c46d-7094-74c1-ae15-9c0af8055aa6,ACTIVE,-2500000,250000,0,0,0,0
396002,01a0b1c2-b010-7000-8000-000000000001,01a0c46d-61ee-713c-98d7-c9f541640b94,ACTIVE,0,-250000,2500000,0,0,0
396002,01a0b1c2-b010-7000-8000-000000000001,01a0c46d-66d0-71e8-b7f2-35eb5694743b,ACTIVE,2500000,250000,0,0,0,0
396002,01a0b1c2-b010-7000-8000-000000000001,01a0c46d-6bb2-7206-a648-bac78656613e,ACTIVE,-2165064,-250000,-1250000,0,0,0
396002,01a0b1c2-b010-7000-8000-000000000001,01a0c46d-7094-74c1-ae15-9c0af8055aa6,ACTIVE,-2500000,250000,0,0,0,0
396004,01a0b1c2-b010-7000-8000-000000000001,01a0c46d-61ee-713c-98d7-c9f541640b94,ACTIVE,0,-250000,2500000,0,0,0
396004,01a0b1c2-b010-7000-8000-000000000001,01a0c46d-66d0-71e8-b7f2-35eb5694743b,ACTIVE,2500000,250000,0,0,0,0
396004,01a0b1c2-b010-7000-8000-000000000001,01a0c46d-6bb2-7206-a648-bac78656613e,ACTIVE,-2165064,-250000,-1250000,0,0,0
396004,01a0b1c2-b010-7000-8000-000000000001,01a0c46d-7094-74c1-ae15-9c0af8055aa6,ACTIVE,-2500000,250000,0,0,0,0
396006,01a0b1c2-b010-7000-8000-000000000001,01a0c46d-61ee-713c-98d7-c9f541640b94,ACTIVE,0,-250000,2500000,0,0,0
396006,01a0b1c2-b010-7000-8000-000000000001,01a0c46d-66d0-71e8-b7f2-35eb5694743b,ACTIVE,2500000,250000,0,0,0,0
396006,01a0b1c2-b010-7000-8000-000000000001,01a0c46d-6bb2-7206-a648-bac78656613e,ACTIVE,-2165064,-250000,-1250000,0,0,0
396006,01a0b1c2-b010-7000-8000-000000000001,01a0c46d-7094-74c1-ae15-9c0af8055aa6,ACTIVE,-2500000,250000,0,0,0,0
396008,01a0b1c2-b010-7000-8000-000000000001,01a0c46d-61ee-713c-98d7-c9f541640b94,ACTIVE,0,-250000,2500000,0,0,0
396008,01a0b1c2-b010-7000-8000-000000000001,01a0c46d-66d0-71e8-b7f2-35eb5694743b,ACTIVE,2500000,250000,0,0,0,0
396008,01a0b1c2-b010-7000-8000-000000000001,01a0c46d-6bb2-7206-a648-bac78656613e,ACTIVE,-2165064,-250000,-1250000,0,0,0
396008,01a0b1c2-b010-7000-8000-000000000001,01a0c46d-7094-74c1-ae15-9c0af8055aa6,ACTIVE,-2500000,250000,0,0,0,0
396010,01a0b1c2-b010-7000-8000-000000000001,01a0c46d-61ee-713c-98d7-c9f541640b94,ACTIVE,0,-250000,2500000,0,0,0
396010,01a0b1c2-b010-7000-8000-000000000001,01a0c46d-66d0-71e8-b7f2-35eb5694743b,ACTIVE,2500000,250000,0,0,0,0
396010,01a0b1c2-b010-7000-8000-000000000001,01a0c46d-6bb2-7206-a648-bac78656613e,ACTIVE,-2165064,-250000,-1250000,0,0,0
396010,01a0b1c2-b010-7000-8000-000000000001,01a0c46d-7094-74c1-ae15-9c0af8055aa6,ACTIVE,-2500000,250000,0,0,0,0
396012,01a0b1c2-b010-7000-8000-000000000001,01a0c46d-61ee-713c-98d7-c9f541640b94,ACTIVE,0,-250000,2500000,0,0,0
396012,01a0b1c2-b010-7000-8000-000000000001,01a0c46d-66d0-71e8-b7f2-35eb5694743b,ACTIVE,2500000,250000,0,0,0,0
396012,01a0b1c2-b010-7000-8000-000000000001,01a0c46d-6bb2-7206-a648-bac78656613e,ACTIVE,-2165064,-250000,-1250000,0,0,0
396012,01a0b1c2-b010-7000-8000-000000000001,01a0c46d-7094-74c1-ae15-9c0af8055aa6,ACTIVE,-2500000,250000,0,0,0,0
396014,01a0b1c2-b010-7000-8000-000000000001,01a0c46d-61ee-713c-98d7-c9f541640b94,ACTIVE,0,-250000,2500000,0,0,0
396014,01a0b1c2-b010-7000-8000-000000000001,01a0c46d-66d0-71e8-b7f2-35eb5694743b,ACTIVE,2500000,250000,0,0,0,0
396014,01a0b1c2-b010-7000-8000-000000000001,01a0c46d-6bb2-7206-a648-bac78656613e,ACTIVE,-2165064,-250000,-1250000,0,0,0
396014,01a0b1c2-b010-7000-8000-000000000001,01a0c46d-7094-74c1-ae15-9c0af8055aa6,ACTIVE,-2500000,250000,0,0,0,0
396016,01a0b1c2-b010-7000-8000-000000000001,01a0c46d-61ee-713c-98d7-c9f541640b94,ACTIVE,0,-250000,2500000,0,0,0
396016,01a0b1c2-b010-7000-8000-000000000001,01a0c46d-66d0-71e8-b7f2-35eb5694743b,ACTIVE,2500000,250000,0,0,0,0
396016,01a0b1c2-b010-7000-8000-000000000001,01a0c46d-6bb2-7206-a648-bac78656613e,ACTIVE,-2165064,-250000,-1250000,0,0,0
396016,01a0b1c2-b010-7000-8000-000000000001,01a0c46d-7094-74c1-ae15-9c0af8055aa6,ACTIVE,-2500000,250000,0,0,0,0
396018,01a0b1c2-b010-7000-8000-000000000001,01a0c46d-61ee-713c-98d7-c9f541640b94,ACTIVE,0,-250000,2500000,0,0,0
396018,01a0b1c2-b010-7000-8000-000000000001,01a0c46d-66d0-71e8-b7f2-35eb5694743b,ACTIVE,2500000,250000,0,0,0,0
396018,01a0b1c2-b010-7000-8000-000000000001,01a0c46d-6bb2-7206-a648-bac78656613e,ACTIVE,-2165064,-250000,-1250000,0,0,0
396018,01a0b1c2-b010-7000-8000-000000000001,01a0c46d-7094-74c1-ae15-9c0af8055aa6,ACTIVE,-2500000,250000,0,0,0,0
396020,01a0b1c2-b010-7000-8000-000000000001,01a0c46d-61ee-713c-98d7-c9f541640b94,ACTIVE,0,-250000,2500000,0,0,0
396020,01a0b1c2-b010-7000-8000-000000000001,01a0c46d-66d0-71e8-b7f2-35eb5694743b,ACTIVE,2500000,250000,0,0,0,0
396020,01a0b1c2-b010-7000-8000-000000000001,01a0c46d-6bb2-7206-a648-bac78656613e,ACTIVE,-2165064,-250000,-1250000,0,0,0
396020,01a0b1c2-b010-7000-8000-000000000001,01a0c46d-7094-74c1-ae15-9c0af8055aa6,ACTIVE,-2500000,250000,0,0,0,0
396022,01a0b1c2-b010-7000-8000-000000000001,01a0c46d-61ee-713c-98d7-c9f541640b94,ACTIVE,0,-250000,2500000,0,0,0
396022,01a0b1c2-b010-7000-8000-000000000001,01a0c46d-66d0-71e8-b7f2-35eb5694743b,ACTIVE,2500000,250000,0,0,0,0
396022,01a0b1c2-b010-7000-8000-000000000001,01a0c46d-6bb2-7206-a648-bac78656613e,ACTIVE,-2165064,-250000,-1250000,0,0,0
396022,01a0b1c2-b010-7000-8000-000000000001,01a0c46d-7094-74c1-ae15-9c0af8055aa6,ACTIVE,-2500000,250000,0,0,0,0
396024,01a0b1c2-b010-7000-8000-000000000001,01a0c46d-61ee-713c-98d7-c9f541640b94,ACTIVE,0,-250000,2500000,0,0,0
396024,01a0b1c2-b010-7000-8000-000000000001,01a0c46d-66d0-71e8-b7f2-35eb5694743b,ACTIVE,2500000,250000,0,0,0,0
396024,01a0b1c2-b010-7000-8000-000000000001,01a0c46d-6bb2-7206-a648-bac78656613e,ACTIVE,-2165064,-250000,-1250000,0,0,0
396024,01a0b1c2-b010-7000-8000-000000000001,01a0c46d-7094-74c1-ae15-9c0af8055aa6,ACTIVE,-2500000,250000,0,0,0,0
396026,01a0b1c2-b010-7000-8000-000000000001,01a0c46d-61ee-713c-98d7-c9f541640b94,ACTIVE,0,-250000,2500000,0,0,0
396026,01a0b1c2-b010-7000-8000-000000000001,01a0c46d-66d0-71e8-b7f2-35eb5694743b,ACTIVE,2500000,250000,0,0,0,0
396026,01a0b1c2-b010-7000-8000-000000000001,01a0c46d-6bb2-7206-a648-bac78656613e,ACTIVE,-2165064,-250000,-1250000,0,0,0
396026,01a0b1c2-b010-7000-8000-000000000001,01a0c46d-7094-74c1-ae15-9c0af8055aa6,ACTIVE,-2500000,250000,0,0,0,0
396028,01a0b1c2-b010-7000-8000-000000000001,01a0c46d-61ee-713c-98d7-c9f541640b94,ACTIVE,0,-250000,2500000,0,0,0
396028,01a0b1c2-b010-7000-8000-000000000001,01a0c46d-66d0-71e8-b7f2-35eb5694743b,ACTIVE,2500000,250000,0,0,0,0
396028,01a0b1c2-b010-7000-8000-000000000001,01a0c46d-6bb2-7206-a648-bac78656613e,ACTIVE,-2165064,-250000,-1250000,0,0,0
396028,01a0b1c2-b010-7000-8000-000000000001,01a0c46d-7094-74c1-ae15-9c0af8055aa6,ACTIVE,-2500000,250000,0,0,0,0
396030,01a0b1c2-b010-7000-8000-000000000001,01a0c46d-61ee-713c-98d7-c9f541640b94,ACTIVE,0,-250000,2500000,0,0,0
396030,01a0b1c2-b010-7000-8000-000000000001,01a0c46d-66d0-71e8-b7f2-35eb5694743b,ACTIVE,2500000,250000,0,0,0,0
396030,01a0b1c2-b010-7000-8000-000000000001,01a0c46d-6bb2-7206-a648-bac78656613e,ACTIVE,-2165064,-250000,-1250000,0,0,0
396030,01a0b1c2-b010-7000-8000-000000000001,01a0c46d-7094-74c1-ae15-9c0af8055aa6,ACTIVE,-2500000,250000,0,0,0,0
396032,01a0b1c2-b010-7000-8000-000000000001,01a0c46d-61ee-713c-98d7-c9f541640b94,ACTIVE,0,-250000,2500000,0,0,0
396032,01a0b1c2-b010-7000-8000-000000000001,01a0c46d-66d0-71e8-b7f2-35eb5694743b,ACTIVE,2500000,250000,0,0,0,0
396032,01a0b1c2-b010-7000-8000-000000000001,01a0c46d-6bb2-7206-a648-bac78656613e,ACTIVE,-2165064,-250000,-1250000,0,0,0
396032,01a0b1c2-b010-7000-8000-000000000001,01a0c46d-7094-74c1-ae15-9c0af8055aa6,ACTIVE,-2500000,250000,0,0,0,0
396034,01a0b1c2-b010-7000-8000-000000000001,01a0c46d-61ee-713c-98d7-c9f541640b94,ACTIVE,0,-250000,2500000,0,0,0
396034,01a0b1c2-b010-7000-8000-000000000001,01a0c46d-66d0-71e8-b7f2-35eb5694743b,ACTIVE,2500000,250000,0,0,0,0
396034,01a0b1c2-b010-7000-8000-000000000001,01a0c46d-6bb2-7206-a648-bac78656613e,ACTIVE,-2165064,-250000,-1250000,0,0,0
396034,01a0b1c2-b010-7000-8000-000000000001,01a0c46d-7094-74c1-ae15-9c0af8055aa6,ACTIVE,-2500000,250000,0,0,0,0
396036,01a0b1c2-b010-7000-8000-000000000001,01a0c46d-61ee-713c-98d7-c9f541640b94,ACTIVE,0,-250000,2500000,0,0,0
396036,01a0b1c2-b010-7000-8000-000000000001,01a0c46d-66d0-71e8-b7f2-35eb5694743b,ACTIVE,2500000,250000,0,0,0,0
396036,01a0b1c2-b010-7000-8000-000000000001,01a0c46d-6bb2-7206-a648-bac78656613e,ACTIVE,-2165064,-250000,-1250000,0,0,0
396036,01a0b1c2-b010-7000-8000-000000000001,01a0c46d-7094-74c1-ae15-9c0af8055aa6,ACTIVE,-2500000,250000,0,0,0,0
396038,01a0b1c2-b010-7000-8000-000000000001,01a0c46d-61ee-713c-98d7-c9f541640b94,ACTIVE,0,-250000,2500000,0,0,0
396038,01a0b1c2-b010-7000-8000-000000000001,01a0c46d-66d0-71e8-b7f2-35eb5694743b,ACTIVE,2500000,250000,0,0,0,0
396038,01a0b1c2-b010-7000-8000-000000000001,01a0c46d-6bb2-7206-a648-bac78656613e,ACTIVE,-2165064,-250000,-1250000,0,0,0
396038,01a0b1c2-b010-7000-8000-000000000001,01a0c46d-7094-74c1-ae15-9c0af8055aa6,ACTIVE,-2500000,250000,0,0,0,0
396040,01a0b1c2-b010-7000-8000-000000000001,01a0c46d-61ee-713c-98d7-c9f541640b94,ACTIVE,0,-250000,2500000,0,0,0
396040,01a0b1c2-b010-7000-8000-000000000001,01a0c46d-66d0-71e8-b7f2-35eb5694743b,ACTIVE,2500000,250000,0,0,0,0
396040,01a0b1c2-b010-7000-8000-000000000001,01a0c46d-6bb2-7206-a648-bac78656613e,ACTIVE,-2165064,-250000,-1250000,0,0,0
396040,01a0b1c2-b010-7000-8000-000000000001,01a0c46d-7094-74c1-ae15-9c0af8055aa6,ACTIVE,-2500000,250000,0,0,0,0
396042,01a0b1c2-b010-7000-8000-000000000001,01a0c46d-61ee-713c-98d7-c9f541640b94,ACTIVE,0,-250000,2500000,0,0,0
396042,01a0b1c2-b010-7000-8000-000000000001,01a0c46d-66d0-71e8-b7f2-35eb5694743b,ACTIVE,2500000,250000,0,0,0,0
396042,01a0b1c2-b010-7000-8000-000000000001,01a0c46d-6bb2-7206-a648-bac78656613e,ACTIVE,-2165064,-250000,-1250000,0,0,0
396042,01a0b1c2-b010-7000-8000-000000000001,01a0c46d-7094-74c1-ae15-9c0af8055aa6,ACTIVE,-2500000,250000,0,0,0,0
396044,01a0b1c2-b010-7000-8000-000000000001,01a0c46d-61ee-713c-98d7-c9f541640b94,ACTIVE,0,-250000,2500000,0,0,0
396044,01a0b1c2-b010-7000-8000-000000000001,01a0c46d-66d0-71e8-b7f2-35eb5694743b,ACTIVE,2500000,250000,0,0,0,0
396044,01a0b1c2-b010-7000-8000-000000000001,01a0c46d-6bb2-7206-a648-bac78656613e,ACTIVE,-2165064,-250000,-1250000,0,0,0
396044,01a0b1c2-b010-7000-8000-000000000001,01a0c46d-7094-74c1-ae15-9c0af8055aa6,ACTIVE,-2500000,250000,0,0,0,0
396046,01a0b1c2-b010-7000-8000-000000000001,01a0c46d-61ee-713c-98d7-c9f541640b94,ACTIVE,0,-250000,2500000,0,0,0
396046,01a0b1c2-b010-7000-8000-000000000001,01a0c46d-66d0-71e8-b7f2-35eb5694743b,ACTIVE,2500000,250000,0,0,0,0
396046,01a0b1c2-b010-7000-8000-000000000001,01a0c46d-6bb2-7206-a648-bac78656613e,ACTIVE,-2165064,-250000,-1250000,0,0,0
396046,01a0b1c2-b010-7000-8000-000000000001,01a0c46d-7094-74c1-ae15-9c0af8055aa6,ACTIVE,-2500000,250000,0,0,0,0
396048,01a0b1c2-b010-7000-8000-000000000001,01a0c46d-61ee-713c-98d7-c9f541640b94,ACTIVE,0,-250000,2500000,0,0,0
396048,01a0b1c2-b010-7000-8000-000000000001,01a0c46d-66d0-71e8-b7f2-35eb5694743b,ACTIVE,2500000,250000,0,0,0,0
396048,01a0b1c2-b010-7000-8000-000000000001,01a0c46d-6bb2-7206-a648-bac78656613e,ACTIVE,-2165064,-250000,-1250000,0,0,0
396048,01a0b1c2-b010-7000-8000-000000000001,01a0c46d-7094-74c1-ae15-9c0af8055aa6,ACTIVE,-2500000,250000,0,0,0,0
396050,01a0b1c2-b010-7000-8000-000000000001,01a0c46d-61ee-713c-98d7-c9f541640b94,ACTIVE,0,-250000,2500000,0,0,0
396050,01a0b1c2-b010-7000-8000-000000000001,01a0c46d-66d0-71e8-b7f2-35eb5694743b,ACTIVE,2500000,250000,0,0,0,0
396050,01a0b1c2-b010-7000-8000-000000000001,01a0c46d-6bb2-7206-a648-bac78656613e,ACTIVE,-2165064,-250000,-1250000,0,0,0
396050,01a0b1c2-b010-7000-8000-000000000001,01a0c46d-7094-74c1-ae15-9c0af8055aa6,ACTIVE,-2500000,250000,0,0,0,0
396052,01a0b1c2-b010-7000-8000-000000000001,01a0c46d-61ee-713c-98d7-c9f541640b94,ACTIVE,0,-250000,2500000,0,0,0
396052,01a0b1c2-b010-7000-8000-000000000001,01a0c46d-66d0-71e8-b7f2-35eb5694743b,ACTIVE,2500000,250000,0,0,0,0
396052,01a0b1c2-b010-7000-8000-000000000001,01a0c46d-6bb2-7206-a648-bac78656613e,ACTIVE,-2165064,-250000,-1250000,0,0,0
396052,01a0b1c2-b010-7000-8000-000000000001,01a0c46d-7094-74c1-ae15-9c0af8055aa6,ACTIVE,-2500000,250000,0,0,0,0
396054,01a0b1c2-b010-7000-8000-000000000001,01a0c46d-61ee-713c-98d7-c9f541640b94,ACTIVE,0,-250000,2500000,0,0,0
396054,01a0b1c2-b010-7000-8000-000000000001,01a0c46d-66d0-71e8-b7f2-35eb5694743b,ACTIVE,2500000,250000,0,0,0,0
396054,01a0b1c2-b010-7000-8000-000000000001,01a0c46d-6bb2-7206-a648-bac78656613e,ACTIVE,-2165064,-250000,-1250000,0,0,0
396054,01a0b1c2-b010-7000-8000-000000000001,01a0c46d-7094-74c1-ae15-9c0af8055aa6,ACTIVE,-2500000,250000,0,0,0,0
396056,01a0b1c2-b010-7000-8000-000000000001,01a0c46d-61ee-713c-98d7-c9f541640b94,ACTIVE,0,-250000,2500000,0,0,0
396056,01a0b1c2-b010-7000-8000-000000000001,01a0c46d-66d0-71e8-b7f2-35eb5694743b,ACTIVE,2500000,250000,0,0,0,0
396056,01a0b1c2-b010-7000-8000-000000000001,01a0c46d-6bb2-7206-a648-bac78656613e,ACTIVE,-2165064,-250000,-1250000,0,0,0
396056,01a0b1c2-b010-7000-8000-000000000001,01a0c46d-7094-74c1-ae15-9c0af8055aa6,ACTIVE,-2500000,250000,0,0,0,0
396058,01a0b1c2-b010-7000-8000-000000000001,01a0c46d-61ee-713c-98d7-c9f541640b94,ACTIVE,0,-250000,2500000,0,0,0
396058,01a0b1c2-b010-7000-8000-000000000001,01a0c46d-66d0-71e8-b7f2-35eb5694743b,ACTIVE,2500000,250000,0,0,0,0
396058,01a0b1c2-b010-7000-8000-000000000001,01a0c46d-6bb2-7206-a648-bac78656613e,ACTIVE,-2165064,-250000,-1250000,0,0,0
396058,01a0b1c2-b010-7000-8000-000000000001,01a0c46d-7094-74c1-ae15-9c0af8055aa6,ACTIVE,-2500000,250000,0,0,0,0
396060,01a0b1c2-b010-7000-8000-000000000001,01a0c46d-61ee-713c-98d7-c9f541640b94,ACTIVE,0,-250000,2500000,0,0,0
396060,01a0b1c2-b010-7000-8000-000000000001,01a0c46d-66d0-71e8-b7f2-35eb5694743b,ACTIVE,2500000,250000,0,0,0,0
396060,01a0b1c2-b010-7000-8000-000000000001,01a0c46d-6bb2-7206-a648-bac78656613e,ACTIVE,-2165064,-250000,-1250000,0,0,0
396060,01a0b1c2-b010-7000-8000-000000000001,01a0c46d-7094-74c1-ae15-9c0af8055aa6,ACTIVE,-2500000,250000,0,0,0,0
396062,01a0b1c2-b010-7000-8000-000000000001,01a0c46d-61ee-713c-98d7-c9f541640b94,ACTIVE,0,-250000,2500000,0,0,0
396062,01a0b1c2-b010-7000-8000-000000000001,01a0c46d-66d0-71e8-b7f2-35eb5694743b,ACTIVE,2500000,250000,0,0,0,0
396062,01a0b1c2-b010-7000-8000-000000000001,01a0c46d-6bb2-7206-a648-bac78656613e,ACTIVE,-2165064,-250000,-1250000,0,0,0
396062,01a0b1c2-b010-7000-8000-000000000001,01a0c46d-7094-74c1-ae15-9c0af8055aa6,ACTIVE,-2500000,250000,0,0,0,0
396064,01a0b1c2-b010-7000-8000-000000000001,01a0c46d-61ee-713c-98d7-c9f541640b94,ACTIVE,0,-250000,2500000,0,0,0
396064,01a0b1c2-b010-7000-8000-000000000001,01a0c46d-66d0-71e8-b7f2-35eb5694743b,ACTIVE,2500000,250000,0,0,0,0
396064,01a0b1c2-b010-7000-8000-000000000001,01a0c46d-6bb2-7206-a648-bac78656613e,ACTIVE,-2165064,-250000,-1250000,0,0,0
396064,01a0b1c2-b010-7000-8000-000000000001,01a0c46d-7094-74c1-ae15-9c0af8055aa6,ACTIVE,-2500000,250000,0,0,0,0
396066,01a0b1c2-b010-7000-8000-000000000001,01a0c46d-61ee-713c-98d7-c9f541640b94,ACTIVE,0,-250000,2500000,0,0,0
396066,01a0b1c2-b010-7000-8000-000000000001,01a0c46d-66d0-71e8-b7f2-35eb5694743b,ACTIVE,2500000,250000,0,0,0,0
396066,01a0b1c2-b010-7000-8000-000000000001,01a0c46d-6bb2-7206-a648-bac78656613e,ACTIVE,-2165064,-250000,-1250000,0,0,0
396066,01a0b1c2-b010-7000-8000-000000000001,01a0c46d-7094-74c1-ae15-9c0af8055aa6,ACTIVE,-2500000,250000,0,0,0,0
396068,01a0b1c2-b010-7000-8000-000000000001,01a0c46d-61ee-713c-98d7-c9f541640b94,ACTIVE,0,-250000,2500000,0,0,0
396068,01a0b1c2-b010-7000-8000-000000000001,01a0c46d-66d0-71e8-b7f2-35eb5694743b,ACTIVE,2500000,250000,0,0,0,0
396068,01a0b1c2-b010-7000-8000-000000000001,01a0c46d-6bb2-7206-a648-bac78656613e,ACTIVE,-2165064,-250000,-1250000,0,0,0
396068,01a0b1c2-b010-7000-8000-000000000001,01a0c46d-7094-74c1-ae15-9c0af8055aa6,ACTIVE,-2500000,250000,0,0,0,0
396070,01a0b1c2-b010-7000-8000-000000000001,01a0c46d-61ee-713c-98d7-c9f541640b94,ACTIVE,0,-250000,2500000,0,0,0
396070,01a0b1c2-b010-7000-8000-000000000001,01a0c46d-66d0-71e8-b7f2-35eb5694743b,ACTIVE,2500000,250000,0,0,0,0
396070,01a0b1c2-b010-7000-8000-000000000001,01a0c46d-6bb2-7206-a648-bac78656613e,ACTIVE,-2165064,-250000,-1250000,0,0,0
396070,01a0b1c2-b010-7000-8000-000000000001,01a0c46d-7094-74c1-ae15-9c0af8055aa6,ACTIVE,-2500000,250000,0,0,0,0
396072,01a0b1c2-b010-7000-8000-000000000001,01a0c46d-61ee-713c-98d7-c9f541640b94,LINGERING,0,-250000,2500000,0,0,0
396072,01a0b1c2-b010-7000-8000-000000000001,01a0c46d-66d0-71e8-b7f2-35eb5694743b,ACTIVE,2500000,250000,0,0,0,0
396072,01a0b1c2-b010-7000-8000-000000000001,01a0c46d-6bb2-7206-a648-bac78656613e,ACTIVE,-2165064,-250000,-1250000,0,0,0
396072,01a0b1c2-b010-7000-8000-000000000001,01a0c46d-7094-74c1-ae15-9c0af8055aa6,ACTIVE,-2500000,250000,0,0,0,0
396074,01a0b1c2-b010-7000-8000-000000000001,01a0c46d-61ee-713c-98d7-c9f541640b94,LINGERING,0,-250000,2500000,0,0,0
396074,01a0b1c2-b010-7000-8000-000000000001,01a0c46d-66d0-71e8-b7f2-35eb5694743b,ACTIVE,2500000,250000,0,0,0,0
396074,01a0b1c2-b010-7000-8000-000000000001,01a0c46d-6bb2-7206-a648-bac78656613e,ACTIVE,-2165064,-250000,-1250000,0,0,0
396074,01a0b1c2-b010-7000-8000-000000000001,01a0c46d-7094-74c1-ae15-9c0af8055aa6,ACTIVE,-2500000,250000,0,0,0,0
396076,01a0b1c2-b010-7000-8000-000000000001,01a0c46d-61ee-713c-98d7-c9f541640b94,LINGERING,0,-250000,2500000,0,0,0
396076,01a0b1c2-b010-7000-8000-000000000001,01a0c46d-66d0-71e8-b7f2-35eb5694743b,ACTIVE,2500000,250000,0,0,0,0
396076,01a0b1c2-b010-7000-8000-000000000001,01a0c46d-6bb2-7206-a648-bac78656613e,ACTIVE,-2165064,-250000,-1250000,0,0,0
396076,01a0b1c2-b010-7000-8000-000000000001,01a0c46d-7094-74c1-ae15-9c0af8055aa6,ACTIVE,-2500000,250000,0,0,0,0
396078,01a0b1c2-b010-7000-8000-000000000001,01a0c46d-61ee-713c-98d7-c9f541640b94,LINGERING,0,-250000,2500000,0,0,0
396078,01a0b1c2-b010-7000-8000-000000000001,01a0c46d-66d0-71e8-b7f2-35eb5694743b,ACTIVE,2500000,250000,0,0,0,0
396078,01a0b1c2-b010-7000-8000-000000000001,01a0c46d-6bb2-7206-a648-bac78656613e,ACTIVE,-2165064,-250000,-1250000,0,0,0
396078,01a0b1c2-b010-7000-8000-000000000001,01a0c46d-7094-74c1-ae15-9c0af8055aa6,ACTIVE,-2500000,250000,0,0,0,0
396080,01a0b1c2-b010-7000-8000-000000000001,01a0c46d-61ee-713c-98d7-c9f541640b94,LINGERING,0,-250000,2500000,0,0,0
396080,01a0b1c2-b010-7000-8000-000000000001,01a0c46d-66d0-71e8-b7f2-35eb5694743b,ACTIVE,2500000,250000,0,0,0,0
396080,01a0b1c2-b010-7000-8000-000000000001,01a0c46d-6bb2-7206-a648-bac78656613e,ACTIVE,-2165064,-250000,-1250000,0,0,0
396080,01a0b1c2-b010-7000-8000-000000000001,01a0c46d-7094-74c1-ae15-9c0af8055aa6,ACTIVE,-2500000,250000,0,0,0,0
396082,01a0b1c2-b010-7000-8000-000000000001,01a0c46d-61ee-713c-98d7-c9f541640b94,LINGERING,0,-250000,2500000,0,0,0
396082,01a0b1c2-b010-7000-8000-000000000001,01a0c46d-66d0-71e8-b7f2-35eb5694743b,ACTIVE,2500000,250000,0,0,0,0
396082,01a0b1c2-b010-7000-8000-000000000001,01a0c46d-6bb2-7206-a648-bac78656613e,ACTIVE,-2165064,-250000,-1250000,0,0,0
396082,01a0b1c2-b010-7000-8000-000000000001,01a0c46d-7094-74c1-ae15-9c0af8055aa6,ACTIVE,-2500000,250000,0,0,0,0
396084,01a0b1c2-b010-7000-8000-000000000001,01a0c46d-61ee-713c-98d7-c9f541640b94,LINGERING,0,-250000,2500000,0,0,0
396084,01a0b1c2-b010-7000-8000-000000000001,01a0c46d-66d0-71e8-b7f2-35eb5694743b,ACTIVE,2500000,250000,0,0,0,0
396084,01a0b1c2-b010-7000-8000-000000000001,01a0c46d-6bb2-7206-a648-bac78656613e,ACTIVE,-2165064,-250000,-1250000,0,0,0
396084,01a0b1c2-b010-7000-8000-000000000001,01a0c46d-7094-74c1-ae15-9c0af8055aa6,ACTIVE,-2500000,250000,0,0,0,0
396086,01a0b1c2-b010-7000-8000-000000000001,01a0c46d-61ee-713c-98d7-c9f541640b94,LINGERING,0,-250000,2500000,0,0,0
396086,01a0b1c2-b010-7000-8000-000000000001,01a0c46d-66d0-71e8-b7f2-35eb5694743b,ACTIVE,2500000,250000,0,0,0,0
396086,01a0b1c2-b010-7000-8000-000000000001,01a0c46d-6bb2-7206-a648-bac78656613e,ACTIVE,-2165064,-250000,-1250000,0,0,0
396086,01a0b1c2-b010-7000-8000-000000000001,01a0c46d-7094-74c1-ae15-9c0af8055aa6,ACTIVE,-2500000,250000,0,0,0,0
396088,01a0b1c2-b010-7000-8000-000000000001,01a0c46d-61ee-713c-98d7-c9f541640b94,LINGERING,0,-250000,2500000,0,0,0
396088,01a0b1c2-b010-7000-8000-000000000001,01a0c46d-66d0-71e8-b7f2-35eb5694743b,ACTIVE,2500000,250000,0,0,0,0
396088,01a0b1c2-b010-7000-8000-000000000001,01a0c46d-6bb2-7206-a648-bac78656613e,ACTIVE,-2165064,-250000,-1250000,0,0,0
396088,01a0b1c2-b010-7000-8000-000000000001,01a0c46d-7094-74c1-ae15-9c0af8055aa6,ACTIVE,-2500000,250000,0,0,0,0
396090,01a0b1c2-b010-7000-8000-000000000001,01a0c46d-61ee-713c-98d7-c9f541640b94,LINGERING,0,-250000,2500000,0,0,0
396090,01a0b1c2-b010-7000-8000-000000000001,01a0c46d-66d0-71e8-b7f2-35eb5694743b,ACTIVE,2500000,250000,0,0,0,0
396090,01a0b1c2-b010-7000-8000-000000000001,01a0c46d-6bb2-7206-a648-bac78656613e,ACTIVE,-2165064,-250000,-1250000,0,0,0
396090,01a0b1c2-b010-7000-8000-000000000001,01a0c46d-7094-74c1-ae15-9c0af8055aa6,ACTIVE,-2500000,250000,0,0,0,0
396092,01a0b1c2-b010-7000-8000-000000000001,01a0c46d-61ee-713c-98d7-c9f541640b94,LINGERING,0,-250000,2500000,0,0,0
396092,01a0b1c2-b010-7000-8000-000000000001,01a0c46d-66d0-71e8-b7f2-35eb5694743b,ACTIVE,2500000,250000,0,0,0,0
396092,01a0b1c2-b010-7000-8000-000000000001,01a0c46d-6bb2-7206-a648-bac78656613e,ACTIVE,-2165064,-250000,-1250000,0,0,0
396092,01a0b1c2-b010-7000-8000-000000000001,01a0c46d-7094-74c1-ae15-9c0af8055aa6,ACTIVE,-2500000,250000,0,0,0,0
395964,01a0b1c2-b010-7000-8000-000000000002,01a0c46d-61ee-713c-98d7-c9f541640b94,ACTIVE,0,-250000,2500000,0,0,0
395964,01a0b1c2-b010-7000-8000-000000000002,01a0c46d-66d0-71e8-b7f2-35eb5694743b,ACTIVE,2500000,250000,0,0,0,0
395964,01a0b1c2-b010-7000-8000-000000000002,01a0c46d-6bb2-7206-a648-bac78656613e,ACTIVE,-2165064,-250000,-1250000,0,0,0
395966,01a0b1c2-b010-7000-8000-000000000002,01a0c46d-61ee-713c-98d7-c9f541640b94,ACTIVE,0,-250000,2500000,0,0,0
395966,01a0b1c2-b010-7000-8000-000000000002,01a0c46d-66d0-71e8-b7f2-35eb5694743b,ACTIVE,2500000,250000,0,0,0,0
395966,01a0b1c2-b010-7000-8000-000000000002,01a0c46d-6bb2-7206-a648-bac78656613e,ACTIVE,-2165064,-250000,-1250000,0,0,0
395968,01a0b1c2-b010-7000-8000-000000000002,01a0c46d-61ee-713c-98d7-c9f541640b94,ACTIVE,0,-250000,2500000,0,0,0
395968,01a0b1c2-b010-7000-8000-000000000002,01a0c46d-66d0-71e8-b7f2-35eb5694743b,ACTIVE,2500000,250000,0,0,0,0
395968,01a0b1c2-b010-7000-8000-000000000002,01a0c46d-6bb2-7206-a648-bac78656613e,ACTIVE,-2165064,-250000,-1250000,0,0,0
395970,01a0b1c2-b010-7000-8000-000000000002,01a0c46d-61ee-713c-98d7-c9f541640b94,ACTIVE,0,-250000,2500000,0,0,0
395970,01a0b1c2-b010-7000-8000-000000000002,01a0c46d-66d0-71e8-b7f2-35eb5694743b,ACTIVE,2500000,250000,0,0,0,0
395970,01a0b1c2-b010-7000-8000-000000000002,01a0c46d-6bb2-7206-a648-bac78656613e,ACTIVE,-2165064,-250000,-1250000,0,0,0
395972,01a0b1c2-b010-7000-8000-000000000002,01a0c46d-61ee-713c-98d7-c9f541640b94,ACTIVE,0,-250000,2500000,0,0,0
395972,01a0b1c2-b010-7000-8000-000000000002,01a0c46d-66d0-71e8-b7f2-35eb5694743b,ACTIVE,2500000,250000,0,0,0,0
395972,01a0b1c2-b010-7000-8000-000000000002,01a0c46d-6bb2-7206-a648-bac78656613e,ACTIVE,-2165064,-250000,-1250000,0,0,0
395974,01a0b1c2-b010-7000-8000-000000000002,01a0c46d-61ee-713c-98d7-c9f541640b94,ACTIVE,0,-250000,2500000,0,0,0
395974,01a0b1c2-b010-7000-8000-000000000002,01a0c46d-66d0-71e8-b7f2-35eb5694743b,ACTIVE,2500000,250000,0,0,0,0
395974,01a0b1c2-b010-7000-8000-000000000002,01a0c46d-6bb2-7206-a648-bac78656613e,ACTIVE,-2165064,-250000,-1250000,0,0,0
395976,01a0b1c2-b010-7000-8000-000000000002,01a0c46d-61ee-713c-98d7-c9f541640b94,ACTIVE,0,-250000,2500000,0,0,0
395976,01a0b1c2-b010-7000-8000-000000000002,01a0c46d-66d0-71e8-b7f2-35eb5694743b,ACTIVE,2500000,250000,0,0,0,0
395976,01a0b1c2-b010-7000-8000-000000000002,01a0c46d-6bb2-7206-a648-bac78656613e,ACTIVE,-2165064,-250000,-1250000,0,0,0
395978,01a0b1c2-b010-7000-8000-000000000002,01a0c46d-61ee-713c-98d7-c9f541640b94,ACTIVE,0,-250000,2500000,0,0,0
395978,01a0b1c2-b010-7000-8000-000000000002,01a0c46d-66d0-71e8-b7f2-35eb5694743b,ACTIVE,2500000,250000,0,0,0,0
395978,01a0b1c2-b010-7000-8000-000000000002,01a0c46d-6bb2-7206-a648-bac78656613e,ACTIVE,-2165064,-250000,-1250000,0,0,0
395980,01a0b1c2-b010-7000-8000-000000000002,01a0c46d-61ee-713c-98d7-c9f541640b94,ACTIVE,0,-250000,2500000,0,0,0
395980,01a0b1c2-b010-7000-8000-000000000002,01a0c46d-66d0-71e8-b7f2-35eb5694743b,ACTIVE,2500000,250000,0,0,0,0
395980,01a0b1c2-b010-7000-8000-000000000002,01a0c46d-6bb2-7206-a648-bac78656613e,ACTIVE,-2165064,-250000,-1250000,0,0,0
395982,01a0b1c2-b010-7000-8000-000000000002,01a0c46d-61ee-713c-98d7-c9f541640b94,ACTIVE,0,-250000,2500000,0,0,0
395982,01a0b1c2-b010-7000-8000-000000000002,01a0c46d-66d0-71e8-b7f2-35eb5694743b,ACTIVE,2500000,250000,0,0,0,0
395982,01a0b1c2-b010-7000-8000-000000000002,01a0c46d-6bb2-7206-a648-bac78656613e,ACTIVE,-2165064,-250000,-1250000,0,0,0
395984,01a0b1c2-b010-7000-8000-000000000002,01a0c46d-61ee-713c-98d7-c9f541640b94,ACTIVE,0,-250000,2500000,0,0,0
395984,01a0b1c2-b010-7000-8000-000000000002,01a0c46d-66d0-71e8-b7f2-35eb5694743b,ACTIVE,2500000,250000,0,0,0,0
395984,01a0b1c2-b010-7000-8000-000000000002,01a0c46d-6bb2-7206-a648-bac78656613e,ACTIVE,-2165064,-250000,-1250000,0,0,0
395986,01a0b1c2-b010-7000-8000-000000000002,01a0c46d-61ee-713c-98d7-c9f541640b94,ACTIVE,0,-250000,2500000,0,0,0
395986,01a0b1c2-b010-7000-8000-000000000002,01a0c46d-66d0-71e8-b7f2-35eb5694743b,ACTIVE,2500000,250000,0,0,0,0
395986,01a0b1c2-b010-7000-8000-000000000002,01a0c46d-6bb2-7206-a648-bac78656613e,ACTIVE,-2165064,-250000,-1250000,0,0,0
395988,01a0b1c2-b010-7000-8000-000000000002,01a0c46d-61ee-713c-98d7-c9f541640b94,ACTIVE,0,-250000,2500000,0,0,0
395988,01a0b1c2-b010-7000-8000-000000000002,01a0c46d-66d0-71e8-b7f2-35eb5694743b,ACTIVE,2500000,250000,0,0,0,0
395988,01a0b1c2-b010-7000-8000-000000000002,01a0c46d-6bb2-7206-a648-bac78656613e,ACTIVE,-2165064,-250000,-1250000,0,0,0
395988,01a0b1c2-b010-7000-8000-000000000002,01a0c46d-7094-74c1-ae15-9c0af8055aa6,ACTIVE,-2500000,250000,0,0,0,0
395990,01a0b1c2-b010-7000-8000-000000000002,01a0c46d-61ee-713c-98d7-c9f541640b94,ACTIVE,0,-250000,2500000,0,0,0
395990,01a0b1c2-b010-7000-8000-000000000002,01a0c46d-66d0-71e8-b7f2-35eb5694743b,ACTIVE,2500000,250000,0,0,0,0
395990,01a0b1c2-b010-7000-8000-000000000002,01a0c46d-6bb2-7206-a648-bac78656613e,ACTIVE,-2165064,-250000,-1250000,0,0,0
395990,01a0b1c2-b010-7000-8000-000000000002,01a0c46d-7094-74c1-ae15-9c0af8055aa6,ACTIVE,-2500000,250000,0,0,0,0
395992,01a0b1c2-b010-7000-8000-000000000002,01a0c46d-61ee-713c-98d7-c9f541640b94,ACTIVE,0,-250000,2500000,0,0,0
395992,01a0b1c2-b010-7000-8000-000000000002,01a0c46d-66d0-71e8-b7f2-35eb5694743b,ACTIVE,2500000,250000,0,0,0,0
395992,01a0b1c2-b010-7000-8000-000000000002,01a0c46d-6bb2-7206-a648-bac78656613e,ACTIVE,-2165064,-250000,-1250000,0,0,0
395992,01a0b1c2-b010-7000-8000-000000000002,01a0c46d-7094-74c1-ae15-9c0af8055aa6,ACTIVE,-2500000,250000,0,0,0,0
395994,01a0b1c2-b010-7000-8000-000000000002,01a0c46d-61ee-713c-98d7-c9f541640b94,ACTIVE,0,-250000,2500000,0,0,0
395994,01a0b1c2-b010-7000-8000-000000000002,01a0c46d-66d0-71e8-b7f2-35eb5694743b,ACTIVE,2500000,250000,0,0,0,0
395994,01a0b1c2-b010-7000-8000-000000000002,01a0c46d-6bb2-7206-a648-bac78656613e,ACTIVE,-2165064,-250000,-1250000,0,0,0
395994,01a0b1c2-b010-7000-8000-000000000002,01a0c46d-7094-74c1-ae15-9c0af8055aa6,ACTIVE,-2500000,250000,0,0,0,0
395996,01a0b1c2-b010-7000-8000-000000000002,01a0c46d-61ee-713c-98d7-c9f541640b94,ACTIVE,0,-250000,2500000,0,0,0
395996,01a0b1c2-b010-7000-8000-000000000002,01a0c46d-66d0-71e8-b7f2-35eb5694743b,ACTIVE,2500000,250000,0,0,0,0
395996,01a0b1c2-b010-7000-8000-000000000002,01a0c46d-6bb2-7206-a648-bac78656613e,ACTIVE,-2165064,-250000,-1250000,0,0,0
395996,01a0b1c2-b010-7000-8000-000000000002,01a0c46d-7094-74c1-ae15-9c0af8055aa6,ACTIVE,-2500000,250000,0,0,0,0
395998,01a0b1c2-b010-7000-8000-000000000002,01a0c46d-61ee-713c-98d7-c9f541640b94,ACTIVE,0,-250000,2500000,0,0,0
395998,01a0b1c2-b010-7000-8000-000000000002,01a0c46d-66d0-71e8-b7f2-35eb5694743b,ACTIVE,2500000,250000,0,0,0,0
395998,01a0b1c2-b010-7000-8000-000000000002,01a0c46d-6bb2-7206-a648-bac78656613e,ACTIVE,-2165064,-250000,-1250000,0,0,0
395998,01a0b1c2-b010-7000-8000-000000000002,01a0c46d-7094-74c1-ae15-9c0af8055aa6,ACTIVE,-2500000,250000,0,0,0,0
396000,01a0b1c2-b010-7000-8000-000000000002,01a0c46d-61ee-713c-98d7-c9f541640b94,ACTIVE,0,-250000,2500000,0,0,0
396000,01a0b1c2-b010-7000-8000-000000000002,01a0c46d-66d0-71e8-b7f2-35eb5694743b,ACTIVE,2500000,250000,0,0,0,0
396000,01a0b1c2-b010-7000-8000-000000000002,01a0c46d-6bb2-7206-a648-bac78656613e,ACTIVE,-2165064,-250000,-1250000,0,0,0
396000,01a0b1c2-b010-7000-8000-000000000002,01a0c46d-7094-74c1-ae15-9c0af8055aa6,ACTIVE,-2500000,250000,0,0,0,0
396002,01a0b1c2-b010-7000-8000-000000000002,01a0c46d-61ee-713c-98d7-c9f541640b94,ACTIVE,0,-250000,2500000,0,0,0
396002,01a0b1c2-b010-7000-8000-000000000002,01a0c46d-66d0-71e8-b7f2-35eb5694743b,ACTIVE,2500000,250000,0,0,0,0
396002,01a0b1c2-b010-7000-8000-000000000002,01a0c46d-6bb2-7206-a648-bac78656613e,ACTIVE,-2165064,-250000,-1250000,0,0,0
396002,01a0b1c2-b010-7000-8000-000000000002,01a0c46d-7094-74c1-ae15-9c0af8055aa6,ACTIVE,-2500000,250000,0,0,0,0
396004,01a0b1c2-b010-7000-8000-000000000002,01a0c46d-61ee-713c-98d7-c9f541640b94,ACTIVE,0,-250000,2500000,0,0,0
396004,01a0b1c2-b010-7000-8000-000000000002,01a0c46d-66d0-71e8-b7f2-35eb5694743b,ACTIVE,2500000,250000,0,0,0,0
396004,01a0b1c2-b010-7000-8000-000000000002,01a0c46d-6bb2-7206-a648-bac78656613e,ACTIVE,-2165064,-250000,-1250000,0,0,0
396004,01a0b1c2-b010-7000-8000-000000000002,01a0c46d-7094-74c1-ae15-9c0af8055aa6,ACTIVE,-2500000,250000,0,0,0,0
396006,01a0b1c2-b010-7000-8000-000000000002,01a0c46d-61ee-713c-98d7-c9f541640b94,ACTIVE,0,-250000,2500000,0,0,0
396006,01a0b1c2-b010-7000-8000-000000000002,01a0c46d-66d0-71e8-b7f2-35eb5694743b,ACTIVE,2500000,250000,0,0,0,0
396006,01a0b1c2-b010-7000-8000-000000000002,01a0c46d-6bb2-7206-a648-bac78656613e,ACTIVE,-2165064,-250000,-1250000,0,0,0
396006,01a0b1c2-b010-7000-8000-000000000002,01a0c46d-7094-74c1-ae15-9c0af8055aa6,ACTIVE,-2500000,250000,0,0,0,0
396008,01a0b1c2-b010-7000-8000-000000000002,01a0c46d-61ee-713c-98d7-c9f541640b94,ACTIVE,0,-250000,2500000,0,0,0
396008,01a0b1c2-b010-7000-8000-000000000002,01a0c46d-66d0-71e8-b7f2-35eb5694743b,ACTIVE,2500000,250000,0,0,0,0
396008,01a0b1c2-b010-7000-8000-000000000002,01a0c46d-6bb2-7206-a648-bac78656613e,ACTIVE,-2165064,-250000,-1250000,0,0,0
396008,01a0b1c2-b010-7000-8000-000000000002,01a0c46d-7094-74c1-ae15-9c0af8055aa6,ACTIVE,-2500000,250000,0,0,0,0
396010,01a0b1c2-b010-7000-8000-000000000002,01a0c46d-61ee-713c-98d7-c9f541640b94,ACTIVE,0,-250000,2500000,0,0,0
396010,01a0b1c2-b010-7000-8000-000000000002,01a0c46d-66d0-71e8-b7f2-35eb5694743b,ACTIVE,2500000,250000,0,0,0,0
396010,01a0b1c2-b010-7000-8000-000000000002,01a0c46d-6bb2-7206-a648-bac78656613e,ACTIVE,-2165064,-250000,-1250000,0,0,0
396010,01a0b1c2-b010-7000-8000-000000000002,01a0c46d-7094-74c1-ae15-9c0af8055aa6,ACTIVE,-2500000,250000,0,0,0,0
396012,01a0b1c2-b010-7000-8000-000000000002,01a0c46d-61ee-713c-98d7-c9f541640b94,ACTIVE,0,-250000,2500000,0,0,0
396012,01a0b1c2-b010-7000-8000-000000000002,01a0c46d-66d0-71e8-b7f2-35eb5694743b,ACTIVE,2500000,250000,0,0,0,0
396012,01a0b1c2-b010-7000-8000-000000000002,01a0c46d-6bb2-7206-a648-bac78656613e,ACTIVE,-2165064,-250000,-1250000,0,0,0
396012,01a0b1c2-b010-7000-8000-000000000002,01a0c46d-7094-74c1-ae15-9c0af8055aa6,ACTIVE,-2500000,250000,0,0,0,0
396014,01a0b1c2-b010-7000-8000-000000000002,01a0c46d-61ee-713c-98d7-c9f541640b94,ACTIVE,0,-250000,2500000,0,0,0
396014,01a0b1c2-b010-7000-8000-000000000002,01a0c46d-66d0-71e8-b7f2-35eb5694743b,ACTIVE,2500000,250000,0,0,0,0
396014,01a0b1c2-b010-7000-8000-000000000002,01a0c46d-6bb2-7206-a648-bac78656613e,ACTIVE,-2165064,-250000,-1250000,0,0,0
396014,01a0b1c2-b010-7000-8000-000000000002,01a0c46d-7094-74c1-ae15-9c0af8055aa6,ACTIVE,-2500000,250000,0,0,0,0
396016,01a0b1c2-b010-7000-8000-000000000002,01a0c46d-61ee-713c-98d7-c9f541640b94,ACTIVE,0,-250000,2500000,0,0,0
396016,01a0b1c2-b010-7000-8000-000000000002,01a0c46d-66d0-71e8-b7f2-35eb5694743b,ACTIVE,2500000,250000,0,0,0,0
396016,01a0b1c2-b010-7000-8000-000000000002,01a0c46d-6bb2-7206-a648-bac78656613e,ACTIVE,-2165064,-250000,-1250000,0,0,0
396016,01a0b1c2-b010-7000-8000-000000000002,01a0c46d-7094-74c1-ae15-9c0af8055aa6,ACTIVE,-2500000,250000,0,0,0,0
396018,01a0b1c2-b010-7000-8000-000000000002,01a0c46d-61ee-713c-98d7-c9f541640b94,ACTIVE,0,-250000,2500000,0,0,0
396018,01a0b1c2-b010-7000-8000-000000000002,01a0c46d-66d0-71e8-b7f2-35eb5694743b,ACTIVE,2500000,250000,0,0,0,0
396018,01a0b1c2-b010-7000-8000-000000000002,01a0c46d-6bb2-7206-a648-bac78656613e,ACTIVE,-2165064,-250000,-1250000,0,0,0
396018,01a0b1c2-b010-7000-8000-000000000002,01a0c46d-7094-74c1-ae15-9c0af8055aa6,ACTIVE,-2500000,250000,0,0,0,0
396020,01a0b1c2-b010-7000-8000-000000000002,01a0c46d-61ee-713c-98d7-c9f541640b94,ACTIVE,0,-250000,2500000,0,0,0
396020,01a0b1c2-b010-7000-8000-000000000002,01a0c46d-66d0-71e8-b7f2-35eb5694743b,ACTIVE,2500000,250000,0,0,0,0
396020,01a0b1c2-b010-7000-8000-000000000002,01a0c46d-6bb2-7206-a648-bac78656613e,ACTIVE,-2165064,-250000,-1250000,0,0,0
396020,01a0b1c2-b010-7000-8000-000000000002,01a0c46d-7094-74c1-ae15-9c0af8055aa6,ACTIVE,-2500000,250000,0,0,0,0
396022,01a0b1c2-b010-7000-8000-000000000002,01a0c46d-61ee-713c-98d7-c9f541640b94,ACTIVE,0,-250000,2500000,0,0,0
396022,01a0b1c2-b010-7000-8000-000000000002,01a0c46d-66d0-71e8-b7f2-35eb5694743b,ACTIVE,2500000,250000,0,0,0,0
396022,01a0b1c2-b010-7000-8000-000000000002,01a0c46d-6bb2-7206-a648-bac78656613e,ACTIVE,-2165064,-250000,-1250000,0,0,0
396022,01a0b1c2-b010-7000-8000-000000000002,01a0c46d-7094-74c1-ae15-9c0af8055aa6,ACTIVE,-2500000,250000,0,0,0,0
396024,01a0b1c2-b010-7000-8000-000000000002,01a0c46d-61ee-713c-98d7-c9f541640b94,ACTIVE,0,-250000,2500000,0,0,0
396024,01a0b1c2-b010-7000-8000-000000000002,01a0c46d-66d0-71e8-b7f2-35eb5694743b,ACTIVE,2500000,250000,0,0,0,0
396024,01a0b1c2-b010-7000-8000-000000000002,01a0c46d-6bb2-7206-a648-bac78656613e,ACTIVE,-2165064,-250000,-1250000,0,0,0
396024,01a0b1c2-b010-7000-8000-000000000002,01a0c46d-7094-74c1-ae15-9c0af8055aa6,ACTIVE,-2500000,250000,0,0,0,0
396026,01a0b1c2-b010-7000-8000-000000000002,01a0c46d-61ee-713c-98d7-c9f541640b94,ACTIVE,0,-250000,2500000,0,0,0
396026,01a0b1c2-b010-7000-8000-000000000002,01a0c46d-66d0-71e8-b7f2-35eb5694743b,ACTIVE,2500000,250000,0,0,0,0
396026,01a0b1c2-b010-7000-8000-000000000002,01a0c46d-6bb2-7206-a648-bac78656613e,ACTIVE,-2165064,-250000,-1250000,0,0,0
396026,01a0b1c2-b010-7000-8000-000000000002,01a0c46d-7094-74c1-ae15-9c0af8055aa6,ACTIVE,-2500000,250000,0,0,0,0
396028,01a0b1c2-b010-7000-8000-000000000002,01a0c46d-61ee-713c-98d7-c9f541640b94,ACTIVE,0,-250000,2500000,0,0,0
396028,01a0b1c2-b010-7000-8000-000000000002,01a0c46d-66d0-71e8-b7f2-35eb5694743b,ACTIVE,2500000,250000,0,0,0,0
396028,01a0b1c2-b010-7000-8000-000000000002,01a0c46d-6bb2-7206-a648-bac78656613e,ACTIVE,-2165064,-250000,-1250000,0,0,0
396028,01a0b1c2-b010-7000-8000-000000000002,01a0c46d-7094-74c1-ae15-9c0af8055aa6,ACTIVE,-2500000,250000,0,0,0,0
396030,01a0b1c2-b010-7000-8000-000000000002,01a0c46d-61ee-713c-98d7-c9f541640b94,ACTIVE,0,-250000,2500000,0,0,0
396030,01a0b1c2-b010-7000-8000-000000000002,01a0c46d-66d0-71e8-b7f2-35eb5694743b,ACTIVE,2500000,250000,0,0,0,0
396030,01a0b1c2-b010-7000-8000-000000000002,01a0c46d-6bb2-7206-a648-bac78656613e,ACTIVE,-2165064,-250000,-1250000,0,0,0
396030,01a0b1c2-b010-7000-8000-000000000002,01a0c46d-7094-74c1-ae15-9c0af8055aa6,ACTIVE,-2500000,250000,0,0,0,0
396032,01a0b1c2-b010-7000-8000-000000000002,01a0c46d-61ee-713c-98d7-c9f541640b94,ACTIVE,0,-250000,2500000,0,0,0
396032,01a0b1c2-b010-7000-8000-000000000002,01a0c46d-66d0-71e8-b7f2-35eb5694743b,ACTIVE,2500000,250000,0,0,0,0
396032,01a0b1c2-b010-7000-8000-000000000002,01a0c46d-6bb2-7206-a648-bac78656613e,ACTIVE,-2165064,-250000,-1250000,0,0,0
396032,01a0b1c2-b010-7000-8000-000000000002,01a0c46d-7094-74c1-ae15-9c0af8055aa6,ACTIVE,-2500000,250000,0,0,0,0
396034,01a0b1c2-b010-7000-8000-000000000002,01a0c46d-61ee-713c-98d7-c9f541640b94,ACTIVE,0,-250000,2500000,0,0,0
396034,01a0b1c2-b010-7000-8000-000000000002,01a0c46d-66d0-71e8-b7f2-35eb5694743b,ACTIVE,2500000,250000,0,0,0,0
396034,01a0b1c2-b010-7000-8000-000000000002,01a0c46d-6bb2-7206-a648-bac78656613e,ACTIVE,-2165064,-250000,-1250000,0,0,0
396034,01a0b1c2-b010-7000-8000-000000000002,01a0c46d-7094-74c1-ae15-9c0af8055aa6,ACTIVE,-2500000,250000,0,0,0,0
396036,01a0b1c2-b010-7000-8000-000000000002,01a0c46d-61ee-713c-98d7-c9f541640b94,ACTIVE,0,-250000,2500000,0,0,0
396036,01a0b1c2-b010-7000-8000-000000000002,01a0c46d-66d0-71e8-b7f2-35eb5694743b,ACTIVE,2500000,250000,0,0,0,0
396036,01a0b1c2-b010-7000-8000-000000000002,01a0c46d-6bb2-7206-a648-bac78656613e,ACTIVE,-2165064,-250000,-1250000,0,0,0
396036,01a0b1c2-b010-7000-8000-000000000002,01a0c46d-7094-74c1-ae15-9c0af8055aa6,ACTIVE,-2500000,250000,0,0,0,0
396038,01a0b1c2-b010-7000-8000-000000000002,01a0c46d-61ee-713c-98d7-c9f541640b94,ACTIVE,0,-250000,2500000,0,0,0
396038,01a0b1c2-b010-7000-8000-000000000002,01a0c46d-66d0-71e8-b7f2-35eb5694743b,ACTIVE,2500000,250000,0,0,0,0
396038,01a0b1c2-b010-7000-8000-000000000002,01a0c46d-6bb2-7206-a648-bac78656613e,ACTIVE,-2165064,-250000,-1250000,0,0,0
396038,01a0b1c2-b010-7000-8000-000000000002,01a0c46d-7094-74c1-ae15-9c0af8055aa6,ACTIVE,-2500000,250000,0,0,0,0
396040,01a0b1c2-b010-7000-8000-000000000002,01a0c46d-61ee-713c-98d7-c9f541640b94,ACTIVE,0,-250000,2500000,0,0,0
396040,01a0b1c2-b010-7000-8000-000000000002,01a0c46d-66d0-71e8-b7f2-35eb5694743b,ACTIVE,2500000,250000,0,0,0,0
396040,01a0b1c2-b010-7000-8000-000000000002,01a0c46d-6bb2-7206-a648-bac78656613e,ACTIVE,-2165064,-250000,-1250000,0,0,0
396040,01a0b1c2-b010-7000-8000-000000000002,01a0c46d-7094-74c1-ae15-9c0af8055aa6,ACTIVE,-2500000,250000,0,0,0,0
396042,01a0b1c2-b010-7000-8000-000000000002,01a0c46d-61ee-713c-98d7-c9f541640b94,ACTIVE,0,-250000,2500000,0,0,0
396042,01a0b1c2-b010-7000-8000-000000000002,01a0c46d-66d0-71e8-b7f2-35eb5694743b,ACTIVE,2500000,250000,0,0,0,0
396042,01a0b1c2-b010-7000-8000-000000000002,01a0c46d-6bb2-7206-a648-bac78656613e,ACTIVE,-2165064,-250000,-1250000,0,0,0
396042,01a0b1c2-b010-7000-8000-000000000002,01a0c46d-7094-74c1-ae15-9c0af8055aa6,ACTIVE,-2500000,250000,0,0,0,0
396044,01a0b1c2-b010-7000-8000-000000000002,01a0c46d-61ee-713c-98d7-c9f541640b94,ACTIVE,0,-250000,2500000,0,0,0
396044,01a0b1c2-b010-7000-8000-000000000002,01a0c46d-66d0-71e8-b7f2-35eb5694743b,ACTIVE,2500000,250000,0,0,0,0
396044,01a0b1c2-b010-7000-8000-000000000002,01a0c46d-6bb2-7206-a648-bac78656613e,ACTIVE,-2165064,-250000,-1250000,0,0,0
396044,01a0b1c2-b010-7000-8000-000000000002,01a0c46d-7094-74c1-ae15-9c0af8055aa6,ACTIVE,-2500000,250000,0,0,0,0
396046,01a0b1c2-b010-7000-8000-000000000002,01a0c46d-61ee-713c-98d7-c9f541640b94,ACTIVE,0,-250000,2500000,0,0,0
396046,01a0b1c2-b010-7000-8000-000000000002,01a0c46d-66d0-71e8-b7f2-35eb5694743b,ACTIVE,2500000,250000,0,0,0,0
396046,01a0b1c2-b010-7000-8000-000000000002,01a0c46d-6bb2-7206-a648-bac78656613e,ACTIVE,-2165064,-250000,-1250000,0,0,0
396046,01a0b1c2-b010-7000-8000-000000000002,01a0c46d-7094-74c1-ae15-9c0af8055aa6,ACTIVE,-2500000,250000,0,0,0,0
396048,01a0b1c2-b010-7000-8000-000000000002,01a0c46d-61ee-713c-98d7-c9f541640b94,ACTIVE,0,-250000,2500000,0,0,0
396048,01a0b1c2-b010-7000-8000-000000000002,01a0c46d-66d0-71e8-b7f2-35eb5694743b,ACTIVE,2500000,250000,0,0,0,0
396048,01a0b1c2-b010-7000-8000-000000000002,01a0c46d-6bb2-7206-a648-bac78656613e,ACTIVE,-2165064,-250000,-1250000,0,0,0
396048,01a0b1c2-b010-7000-8000-000000000002,01a0c46d-7094-74c1-ae15-9c0af8055aa6,ACTIVE,-2500000,250000,0,0,0,0
396050,01a0b1c2-b010-7000-8000-000000000002,01a0c46d-61ee-713c-98d7-c9f541640b94,ACTIVE,0,-250000,2500000,0,0,0
396050,01a0b1c2-b010-7000-8000-000000000002,01a0c46d-66d0-71e8-b7f2-35eb5694743b,ACTIVE,2500000,250000,0,0,0,0
396050,01a0b1c2-b010-7000-8000-000000000002,01a0c46d-6bb2-7206-a648-bac78656613e,ACTIVE,-2165064,-250000,-1250000,0,0,0
396050,01a0b1c2-b010-7000-8000-000000000002,01a0c46d-7094-74c1-ae15-9c0af8055aa6,ACTIVE,-2500000,250000,0,0,0,0
396052,01a0b1c2-b010-7000-8000-000000000002,01a0c46d-61ee-713c-98d7-c9f541640b94,ACTIVE,0,-250000,2500000,0,0,0
396052,01a0b1c2-b010-7000-8000-000000000002,01a0c46d-66d0-71e8-b7f2-35eb5694743b,ACTIVE,2500000,250000,0,0,0,0
396052,01a0b1c2-b010-7000-8000-000000000002,01a0c46d-6bb2-7206-a648-bac78656613e,ACTIVE,-2165064,-250000,-1250000,0,0,0
396052,01a0b1c2-b010-7000-8000-000000000002,01a0c46d-7094-74c1-ae15-9c0af8055aa6,ACTIVE,-2500000,250000,0,0,0,0
396054,01a0b1c2-b010-7000-8000-000000000002,01a0c46d-61ee-713c-98d7-c9f541640b94,ACTIVE,0,-250000,2500000,0,0,0
396054,01a0b1c2-b010-7000-8000-000000000002,01a0c46d-66d0-71e8-b7f2-35eb5694743b,ACTIVE,2500000,250000,0,0,0,0
396054,01a0b1c2-b010-7000-8000-000000000002,01a0c46d-6bb2-7206-a648-bac78656613e,ACTIVE,-2165064,-250000,-1250000,0,0,0
396054,01a0b1c2-b010-7000-8000-000000000002,01a0c46d-7094-74c1-ae15-9c0af8055aa6,ACTIVE,-2500000,250000,0,0,0,0
396056,01a0b1c2-b010-7000-8000-000000000002,01a0c46d-61ee-713c-98d7-c9f541640b94,ACTIVE,0,-250000,2500000,0,0,0
396056,01a0b1c2-b010-7000-8000-000000000002,01a0c46d-66d0-71e8-b7f2-35eb5694743b,ACTIVE,2500000,250000,0,0,0,0
396056,01a0b1c2-b010-7000-8000-000000000002,01a0c46d-6bb2-7206-a648-bac78656613e,ACTIVE,-2165064,-250000,-1250000,0,0,0
396056,01a0b1c2-b010-7000-8000-000000000002,01a0c46d-7094-74c1-ae15-9c0af8055aa6,ACTIVE,-2500000,250000,0,0,0,0
396058,01a0b1c2-b010-7000-8000-000000000002,01a0c46d-61ee-713c-98d7-c9f541640b94,ACTIVE,0,-250000,2500000,0,0,0
396058,01a0b1c2-b010-7000-8000-000000000002,01a0c46d-66d0-71e8-b7f2-35eb5694743b,ACTIVE,2500000,250000,0,0,0,0
396058,01a0b1c2-b010-7000-8000-000000000002,01a0c46d-6bb2-7206-a648-bac78656613e,ACTIVE,-2165064,-250000,-1250000,0,0,0
396058,01a0b1c2-b010-7000-8000-000000000002,01a0c46d-7094-74c1-ae15-9c0af8055aa6,ACTIVE,-2500000,250000,0,0,0,0
396060,01a0b1c2-b010-7000-8000-000000000002,01a0c46d-61ee-713c-98d7-c9f541640b94,ACTIVE,0,-250000,2500000,0,0,0
396060,01a0b1c2-b010-7000-8000-000000000002,01a0c46d-66d0-71e8-b7f2-35eb5694743b,ACTIVE,2500000,250000,0,0,0,0
396060,01a0b1c2-b010-7000-8000-000000000002,01a0c46d-6bb2-7206-a648-bac78656613e,ACTIVE,-2165064,-250000,-1250000,0,0,0
396060,01a0b1c2-b010-7000-8000-000000000002,01a0c46d-7094-74c1-ae15-9c0af8055aa6,ACTIVE,-2500000,250000,0,0,0,0
396062,01a0b1c2-b010-7000-8000-000000000002,01a0c46d-61ee-713c-98d7-c9f541640b94,ACTIVE,0,-250000,2500000,0,0,0
396062,01a0b1c2-b010-7000-8000-000000000002,01a0c46d-66d0-71e8-b7f2-35eb5694743b,ACTIVE,2500000,250000,0,0,0,0
396062,01a0b1c2-b010-7000-8000-000000000002,01a0c46d-6bb2-7206-a648-bac78656613e,ACTIVE,-2165064,-250000,-1250000,0,0,0
396062,01a0b1c2-b010-7000-8000-000000000002,01a0c46d-7094-74c1-ae15-9c0af8055aa6,ACTIVE,-2500000,250000,0,0,0,0
396064,01a0b1c2-b010-7000-8000-000000000002,01a0c46d-61ee-713c-98d7-c9f541640b94,ACTIVE,0,-250000,2500000,0,0,0
396064,01a0b1c2-b010-7000-8000-000000000002,01a0c46d-66d0-71e8-b7f2-35eb5694743b,ACTIVE,2500000,250000,0,0,0,0
396064,01a0b1c2-b010-7000-8000-000000000002,01a0c46d-6bb2-7206-a648-bac78656613e,ACTIVE,-2165064,-250000,-1250000,0,0,0
396064,01a0b1c2-b010-7000-8000-000000000002,01a0c46d-7094-74c1-ae15-9c0af8055aa6,ACTIVE,-2500000,250000,0,0,0,0
396066,01a0b1c2-b010-7000-8000-000000000002,01a0c46d-61ee-713c-98d7-c9f541640b94,ACTIVE,0,-250000,2500000,0,0,0
396066,01a0b1c2-b010-7000-8000-000000000002,01a0c46d-66d0-71e8-b7f2-35eb5694743b,ACTIVE,2500000,250000,0,0,0,0
396066,01a0b1c2-b010-7000-8000-000000000002,01a0c46d-6bb2-7206-a648-bac78656613e,ACTIVE,-2165064,-250000,-1250000,0,0,0
396066,01a0b1c2-b010-7000-8000-000000000002,01a0c46d-7094-74c1-ae15-9c0af8055aa6,ACTIVE,-2500000,250000,0,0,0,0
396068,01a0b1c2-b010-7000-8000-000000000002,01a0c46d-61ee-713c-98d7-c9f541640b94,ACTIVE,0,-250000,2500000,0,0,0
396068,01a0b1c2-b010-7000-8000-000000000002,01a0c46d-66d0-71e8-b7f2-35eb5694743b,ACTIVE,2500000,250000,0,0,0,0
396068,01a0b1c2-b010-7000-8000-000000000002,01a0c46d-6bb2-7206-a648-bac78656613e,ACTIVE,-2165064,-250000,-1250000,0,0,0
396068,01a0b1c2-b010-7000-8000-000000000002,01a0c46d-7094-74c1-ae15-9c0af8055aa6,ACTIVE,-2500000,250000,0,0,0,0
396070,01a0b1c2-b010-7000-8000-000000000002,01a0c46d-61ee-713c-98d7-c9f541640b94,ACTIVE,0,-250000,2500000,0,0,0
396070,01a0b1c2-b010-7000-8000-000000000002,01a0c46d-66d0-71e8-b7f2-35eb5694743b,ACTIVE,2500000,250000,0,0,0,0
396070,01a0b1c2-b010-7000-8000-000000000002,01a0c46d-6bb2-7206-a648-bac78656613e,ACTIVE,-2165064,-250000,-1250000,0,0,0
396070,01a0b1c2-b010-7000-8000-000000000002,01a0c46d-7094-74c1-ae15-9c0af8055aa6,ACTIVE,-2500000,250000,0,0,0,0
396072,01a0b1c2-b010-7000-8000-000000000002,01a0c46d-61ee-713c-98d7-c9f541640b94,LINGERING,0,-250000,2500000,0,0,0
396072,01a0b1c2-b010-7000-8000-000000000002,01a0c46d-66d0-71e8-b7f2-35eb5694743b,ACTIVE,2500000,250000,0,0,0,0
396072,01a0b1c2-b010-7000-8000-000000000002,01a0c46d-6bb2-7206-a648-bac78656613e,ACTIVE,-2165064,-250000,-1250000,0,0,0
396072,01a0b1c2-b010-7000-8000-000000000002,01a0c46d-7094-74c1-ae15-9c0af8055aa6,ACTIVE,-2500000,250000,0,0,0,0
396074,01a0b1c2-b010-7000-8000-000000000002,01a0c46d-61ee-713c-98d7-c9f541640b94,LINGERING,0,-250000,2500000,0,0,0
396074,01a0b1c2-b010-7000-8000-000000000002,01a0c46d-66d0-71e8-b7f2-35eb5694743b,ACTIVE,2500000,250000,0,0,0,0
396074,01a0b1c2-b010-7000-8000-000000000002,01a0c46d-6bb2-7206-a648-bac78656613e,ACTIVE,-2165064,-250000,-1250000,0,0,0
396074,01a0b1c2-b010-7000-8000-000000000002,01a0c46d-7094-74c1-ae15-9c0af8055aa6,ACTIVE,-2500000,250000,0,0,0,0
396076,01a0b1c2-b010-7000-8000-000000000002,01a0c46d-61ee-713c-98d7-c9f541640b94,LINGERING,0,-250000,2500000,0,0,0
396076,01a0b1c2-b010-7000-8000-000000000002,01a0c46d-66d0-71e8-b7f2-35eb5694743b,ACTIVE,2500000,250000,0,0,0,0
396076,01a0b1c2-b010-7000-8000-000000000002,01a0c46d-6bb2-7206-a648-bac78656613e,ACTIVE,-2165064,-250000,-1250000,0,0,0
396076,01a0b1c2-b010-7000-8000-000000000002,01a0c46d-7094-74c1-ae15-9c0af8055aa6,ACTIVE,-2500000,250000,0,0,0,0
396078,01a0b1c2-b010-7000-8000-000000000002,01a0c46d-61ee-713c-98d7-c9f541640b94,LINGERING,0,-250000,2500000,0,0,0
396078,01a0b1c2-b010-7000-8000-000000000002,01a0c46d-66d0-71e8-b7f2-35eb5694743b,ACTIVE,2500000,250000,0,0,0,0
396078,01a0b1c2-b010-7000-8000-000000000002,01a0c46d-6bb2-7206-a648-bac78656613e,ACTIVE,-2165064,-250000,-1250000,0,0,0
396078,01a0b1c2-b010-7000-8000-000000000002,01a0c46d-7094-74c1-ae15-9c0af8055aa6,ACTIVE,-2500000,250000,0,0,0,0
396080,01a0b1c2-b010-7000-8000-000000000002,01a0c46d-61ee-713c-98d7-c9f541640b94,LINGERING,0,-250000,2500000,0,0,0
396080,01a0b1c2-b010-7000-8000-000000000002,01a0c46d-66d0-71e8-b7f2-35eb5694743b,ACTIVE,2500000,250000,0,0,0,0
396080,01a0b1c2-b010-7000-8000-000000000002,01a0c46d-6bb2-7206-a648-bac78656613e,ACTIVE,-2165064,-250000,-1250000,0,0,0
396080,01a0b1c2-b010-7000-8000-000000000002,01a0c46d-7094-74c1-ae15-9c0af8055aa6,ACTIVE,-2500000,250000,0,0,0,0
396082,01a0b1c2-b010-7000-8000-000000000002,01a0c46d-61ee-713c-98d7-c9f541640b94,LINGERING,0,-250000,2500000,0,0,0
396082,01a0b1c2-b010-7000-8000-000000000002,01a0c46d-66d0-71e8-b7f2-35eb5694743b,ACTIVE,2500000,250000,0,0,0,0
396082,01a0b1c2-b010-7000-8000-000000000002,01a0c46d-6bb2-7206-a648-bac78656613e,ACTIVE,-2165064,-250000,-1250000,0,0,0
396082,01a0b1c2-b010-7000-8000-000000000002,01a0c46d-7094-74c1-ae15-9c0af8055aa6,ACTIVE,-2500000,250000,0,0,0,0
396084,01a0b1c2-b010-7000-8000-000000000002,01a0c46d-61ee-713c-98d7-c9f541640b94,LINGERING,0,-250000,2500000,0,0,0
396084,01a0b1c2-b010-7000-8000-000000000002,01a0c46d-66d0-71e8-b7f2-35eb5694743b,ACTIVE,2500000,250000,0,0,0,0
396084,01a0b1c2-b010-7000-8000-000000000002,01a0c46d-6bb2-7206-a648-bac78656613e,ACTIVE,-2165064,-250000,-1250000,0,0,0
396084,01a0b1c2-b010-7000-8000-000000000002,01a0c46d-7094-74c1-ae15-9c0af8055aa6,ACTIVE,-2500000,250000,0,0,0,0
396086,01a0b1c2-b010-7000-8000-000000000002,01a0c46d-61ee-713c-98d7-c9f541640b94,LINGERING,0,-250000,2500000,0,0,0
396086,01a0b1c2-b010-7000-8000-000000000002,01a0c46d-66d0-71e8-b7f2-35eb5694743b,ACTIVE,2500000,250000,0,0,0,0
396086,01a0b1c2-b010-7000-8000-000000000002,01a0c46d-6bb2-7206-a648-bac78656613e,ACTIVE,-2165064,-250000,-1250000,0,0,0
396086,01a0b1c2-b010-7000-8000-000000000002,01a0c46d-7094-74c1-ae15-9c0af8055aa6,ACTIVE,-2500000,250000,0,0,0,0
396088,01a0b1c2-b010-7000-8000-000000000002,01a0c46d-61ee-713c-98d7-c9f541640b94,LINGERING,0,-250000,2500000,0,0,0
396088,01a0b1c2-b010-7000-8000-000000000002,01a0c46d-66d0-71e8-b7f2-35eb5694743b,ACTIVE,2500000,250000,0,0,0,0
396088,01a0b1c2-b010-7000-8000-000000000002,01a0c46d-6bb2-7206-a648-bac78656613e,ACTIVE,-2165064,-250000,-1250000,0,0,0
396088,01a0b1c2-b010-7000-8000-000000000002,01a0c46d-7094-74c1-ae15-9c0af8055aa6,ACTIVE,-2500000,250000,0,0,0,0
396090,01a0b1c2-b010-7000-8000-000000000002,01a0c46d-61ee-713c-98d7-c9f541640b94,LINGERING,0,-250000,2500000,0,0,0
396090,01a0b1c2-b010-7000-8000-000000000002,01a0c46d-66d0-71e8-b7f2-35eb5694743b,ACTIVE,2500000,250000,0,0,0,0
396090,01a0b1c2-b010-7000-8000-000000000002,01a0c46d-6bb2-7206-a648-bac78656613e,ACTIVE,-2165064,-250000,-1250000,0,0,0
396090,01a0b1c2-b010-7000-8000-000000000002,01a0c46d-7094-74c1-ae15-9c0af8055aa6,ACTIVE,-2500000,250000,0,0,0,0
396092,01a0b1c2-b010-7000-8000-000000000002,01a0c46d-61ee-713c-98d7-c9f541640b94,LINGERING,0,-250000,2500000,0,0,0
396092,01a0b1c2-b010-7000-8000-000000000002,01a0c46d-66d0-71e8-b7f2-35eb5694743b,ACTIVE,2500000,250000,0,0,0,0
396092,01a0b1c2-b010-7000-8000-000000000002,01a0c46d-6bb2-7206-a648-bac78656613e,ACTIVE,-2165064,-250000,-1250000,0,0,0
396092,01a0b1c2-b010-7000-8000-000000000002,01a0c46d-7094-74c1-ae15-9c0af8055aa6,ACTIVE,-2500000,250000,0,0,0,0
396094,01a0b1c2-b010-7000-8000-000000000002,01a0c46d-61ee-713c-98d7-c9f541640b94,LINGERING,0,-250000,2500000,0,0,0
396094,01a0b1c2-b010-7000-8000-000000000002,01a0c46d-66d0-71e8-b7f2-35eb5694743b,ACTIVE,2500000,250000,0,0,0,0
396094,01a0b1c2-b010-7000-8000-000000000002,01a0c46d-6bb2-7206-a648-bac78656613e,ACTIVE,-2165064,-250000,-1250000,0,0,0
396094,01a0b1c2-b010-7000-8000-000000000002,01a0c46d-7094-74c1-ae15-9c0af8055aa6,ACTIVE,-2500000,250000,0,0,0,0
396096,01a0b1c2-b010-7000-8000-000000000002,01a0c46d-61ee-713c-98d7-c9f541640b94,LINGERING,0,-250000,2500000,0,0,0
396096,01a0b1c2-b010-7000-8000-000000000002,01a0c46d-66d0-71e8-b7f2-35eb5694743b,LINGERING,2500000,250000,0,0,0,0
396096,01a0b1c2-b010-7000-8000-000000000002,01a0c46d-6bb2-7206-a648-bac78656613e,ACTIVE,-2165064,-250000,-1250000,0,0,0
396096,01a0b1c2-b010-7000-8000-000000000002,01a0c46d-7094-74c1-ae15-9c0af8055aa6,ACTIVE,-2500000,250000,0,0,0,0
396098,01a0b1c2-b010-7000-8000-000000000002,01a0c46d-61ee-713c-98d7-c9f541640b94,LINGERING,0,-250000,2500000,0,0,0
396098,01a0b1c2-b010-7000-8000-000000000002,01a0c46d-66d0-71e8-b7f2-35eb5694743b,LINGERING,2500000,250000,0,0,0,0
396098,01a0b1c2-b010-7000-8000-000000000002,01a0c46d-6bb2-7206-a648-bac78656613e,ACTIVE,-2165064,-250000,-1250000,0,0,0
396098,01a0b1c2-b010-7000-8000-000000000002,01a0c46d-7094-74c1-ae15-9c0af8055aa6,ACTIVE,-2500000,250000,0,0,0,0
396100,01a0b1c2-b010-7000-8000-000000000002,01a0c46d-61ee-713c-98d7-c9f541640b94,LINGERING,0,-250000,2500000,0,0,0
396100,01a0b1c2-b010-7000-8000-000000000002,01a0c46d-66d0-71e8-b7f2-35eb5694743b,LINGERING,2500000,250000,0,0,0,0
396100,01a0b1c2-b010-7000-8000-000000000002,01a0c46d-6bb2-7206-a648-bac78656613e,ACTIVE,-2165064,-250000,-1250000,0,0,0
396100,01a0b1c2-b010-7000-8000-000000000002,01a0c46d-7094-74c1-ae15-9c0af8055aa6,ACTIVE,-2500000,250000,0,0,0,0
396102,01a0b1c2-b010-7000-8000-000000000002,01a0c46d-61ee-713c-98d7-c9f541640b94,LINGERING,0,-250000,2500000,0,0,0
396102,01a0b1c2-b010-7000-8000-000000000002,01a0c46d-66d0-71e8-b7f2-35eb5694743b,LINGERING,2500000,250000,0,0,0,0
396102,01a0b1c2-b010-7000-8000-000000000002,01a0c46d-6bb2-7206-a648-bac78656613e,ACTIVE,-2165064,-250000,-1250000,0,0,0
396102,01a0b1c2-b010-7000-8000-000000000002,01a0c46d-7094-74c1-ae15-9c0af8055aa6,ACTIVE,-2500000,250000,0,0,0,0
396104,01a0b1c2-b010-7000-8000-000000000002,01a0c46d-61ee-713c-98d7-c9f541640b94,LINGERING,0,-250000,2500000,0,0,0
396104,01a0b1c2-b010-7000-8000-000000000002,01a0c46d-66d0-71e8-b7f2-35eb5694743b,LINGERING,2500000,250000,0,0,0,0
396104,01a0b1c2-b010-7000-8000-000000000002,01a0c46d-6bb2-7206-a648-bac78656613e,ACTIVE,-2165064,-250000,-1250000,0,0,0
396104,01a0b1c2-b010-7000-8000-000000000002,01a0c46d-7094-74c1-ae15-9c0af8055aa6,ACTIVE,-2500000,250000,0,0,0,0
396106,01a0b1c2-b010-7000-8000-000000000002,01a0c46d-61ee-713c-98d7-c9f541640b94,LINGERING,0,-250000,2500000,0,0,0
396106,01a0b1c2-b010-7000-8000-000000000002,01a0c46d-66d0-71e8-b7f2-35eb5694743b,LINGERING,2500000,250000,0,0,0,0
396106,01a0b1c2-b010-7000-8000-000000000002,01a0c46d-6bb2-7206-a648-bac78656613e,ACTIVE,-2165064,-250000,-1250000,0,0,0
396106,01a0b1c2-b010-7000-8000-000000000002,01a0c46d-7094-74c1-ae15-9c0af8055aa6,ACTIVE,-2500000,250000,0,0,0,0
396108,01a0b1c2-b010-7000-8000-000000000002,01a0c46d-61ee-713c-98d7-c9f541640b94,LINGERING,0,-250000,2500000,0,0,0
396108,01a0b1c2-b010-7000-8000-000000000002,01a0c46d-66d0-71e8-b7f2-35eb5694743b,LINGERING,2500000,250000,0,0,0,0
396108,01a0b1c2-b010-7000-8000-000000000002,01a0c46d-6bb2-7206-a648-bac78656613e,ACTIVE,-2165064,-250000,-1250000,0,0,0
396108,01a0b1c2-b010-7000-8000-000000000002,01a0c46d-7094-74c1-ae15-9c0af8055aa6,ACTIVE,-2500000,250000,0,0,0,0
396110,01a0b1c2-b010-7000-8000-000000000002,01a0c46d-61ee-713c-98d7-c9f541640b94,LINGERING,0,-250000,2500000,0,0,0
396110,01a0b1c2-b010-7000-8000-000000000002,01a0c46d-66d0-71e8-b7f2-35eb5694743b,LINGERING,2500000,250000,0,0,0,0
396110,01a0b1c2-b010-7000-8000-000000000002,01a0c46d-6bb2-7206-a648-bac78656613e,ACTIVE,-2165064,-250000,-1250000,0,0,0
396110,01a0b1c2-b010-7000-8000-000000000002,01a0c46d-7094-74c1-ae15-9c0af8055aa6,ACTIVE,-2500000,250000,0,0,0,0
396112,01a0b1c2-b010-7000-8000-000000000002,01a0c46d-61ee-713c-98d7-c9f541640b94,LINGERING,0,-250000,2500000,0,0,0
396112,01a0b1c2-b010-7000-8000-000000000002,01a0c46d-66d0-71e8-b7f2-35eb5694743b,LINGERING,2500000,250000,0,0,0,0
396112,01a0b1c2-b010-7000-8000-000000000002,01a0c46d-6bb2-7206-a648-bac78656613e,ACTIVE,-2165064,-250000,-1250000,0,0,0
396112,01a0b1c2-b010-7000-8000-000000000002,01a0c46d-7094-74c1-ae15-9c0af8055aa6,ACTIVE,-2500000,250000,0,0,0,0
396114,01a0b1c2-b010-7000-8000-000000000002,01a0c46d-61ee-713c-98d7-c9f541640b94,LINGERING,0,-250000,2500000,0,0,0
396114,01a0b1c2-b010-7000-8000-000000000002,01a0c46d-66d0-71e8-b7f2-35eb5694743b,LINGERING,2500000,250000,0,0,0,0
396114,01a0b1c2-b010-7000-8000-000000000002,01a0c46d-6bb2-7206-a648-bac78656613e,ACTIVE,-2165064,-250000,-1250000,0,0,0
396114,01a0b1c2-b010-7000-8000-000000000002,01a0c46d-7094-74c1-ae15-9c0af8055aa6,ACTIVE,-2500000,250000,0,0,0,0
396116,01a0b1c2-b010-7000-8000-000000000002,01a0c46d-61ee-713c-98d7-c9f541640b94,LINGERING,0,-250000,2500000,0,0,0
396116,01a0b1c2-b010-7000-8000-000000000002,01a0c46d-66d0-71e8-b7f2-35eb5694743b,LINGERING,2500000,250000,0,0,0,0
396116,01a0b1c2-b010-7000-8000-000000000002,01a0c46d-6bb2-7206-a648-bac78656613e,ACTIVE,-2165064,-250000,-1250000,0,0,0
396116,01a0b1c2-b010-7000-8000-000000000002,01a0c46d-7094-74c1-ae15-9c0af8055aa6,ACTIVE,-2500000,250000,0,0,0,0
396118,01a0b1c2-b010-7000-8000-000000000002,01a0c46d-61ee-713c-98d7-c9f541640b94,LINGERING,0,-250000,2500000,0,0,0
396118,01a0b1c2-b010-7000-8000-000000000002,01a0c46d-66d0-71e8-b7f2-35eb5694743b,LINGERING,2500000,250000,0,0,0,0
396118,01a0b1c2-b010-7000-8000-000000000002,01a0c46d-6bb2-7206-a648-bac78656613e,ACTIVE,-2165064,-250000,-1250000,0,0,0
396118,01a0b1c2-b010-7000-8000-000000000002,01a0c46d-7094-74c1-ae15-9c0af8055aa6,ACTIVE,-2500000,250000,0,0,0,0
396120,01a0b1c2-b010-7000-8000-000000000002,01a0c46d-61ee-713c-98d7-c9f541640b94,LINGERING,0,-250000,2500000,0,0,0
396120,01a0b1c2-b010-7000-8000-000000000002,01a0c46d-66d0-71e8-b7f2-35eb5694743b,LINGERING,2500000,250000,0,0,0,0
396120,01a0b1c2-b010-7000-8000-000000000002,01a0c46d-6bb2-7206-a648-bac78656613e,ACTIVE,-2165064,-250000,-1250000,0,0,0
396120,01a0b1c2-b010-7000-8000-000000000002,01a0c46d-7094-74c1-ae15-9c0af8055aa6,ACTIVE,-2500000,250000,0,0,0,0
395988,01a0b1c2-b010-7000-8000-000000000003,01a0c46d-61ee-713c-98d7-c9f541640b94,ACTIVE,0,-250000,2500000,0,0,0
395988,01a0b1c2-b010-7000-8000-000000000003,01a0c46d-66d0-71e8-b7f2-35eb5694743b,ACTIVE,2500000,250000,0,0,0,0
395988,01a0b1c2-b010-7000-8000-000000000003,01a0c46d-6bb2-7206-a648-bac78656613e,ACTIVE,-2165064,-250000,-1250000,0,0,0
395988,01a0b1c2-b010-7000-8000-000000000003,01a0c46d-7094-74c1-ae15-9c0af8055aa6,ACTIVE,-2500000,250000,0,0,0,0
395990,01a0b1c2-b010-7000-8000-000000000003,01a0c46d-61ee-713c-98d7-c9f541640b94,ACTIVE,0,-250000,2500000,0,0,0
395990,01a0b1c2-b010-7000-8000-000000000003,01a0c46d-66d0-71e8-b7f2-35eb5694743b,ACTIVE,2500000,250000,0,0,0,0
395990,01a0b1c2-b010-7000-8000-000000000003,01a0c46d-6bb2-7206-a648-bac78656613e,ACTIVE,-2165064,-250000,-1250000,0,0,0
395990,01a0b1c2-b010-7000-8000-000000000003,01a0c46d-7094-74c1-ae15-9c0af8055aa6,ACTIVE,-2500000,250000,0,0,0,0
395992,01a0b1c2-b010-7000-8000-000000000003,01a0c46d-61ee-713c-98d7-c9f541640b94,ACTIVE,0,-250000,2500000,0,0,0
395992,01a0b1c2-b010-7000-8000-000000000003,01a0c46d-66d0-71e8-b7f2-35eb5694743b,ACTIVE,2500000,250000,0,0,0,0
395992,01a0b1c2-b010-7000-8000-000000000003,01a0c46d-6bb2-7206-a648-bac78656613e,ACTIVE,-2165064,-250000,-1250000,0,0,0
395992,01a0b1c2-b010-7000-8000-000000000003,01a0c46d-7094-74c1-ae15-9c0af8055aa6,ACTIVE,-2500000,250000,0,0,0,0
395994,01a0b1c2-b010-7000-8000-000000000003,01a0c46d-61ee-713c-98d7-c9f541640b94,ACTIVE,0,-250000,2500000,0,0,0
395994,01a0b1c2-b010-7000-8000-000000000003,01a0c46d-66d0-71e8-b7f2-35eb5694743b,ACTIVE,2500000,250000,0,0,0,0
395994,01a0b1c2-b010-7000-8000-000000000003,01a0c46d-6bb2-7206-a648-bac78656613e,ACTIVE,-2165064,-250000,-1250000,0,0,0
395994,01a0b1c2-b010-7000-8000-000000000003,01a0c46d-7094-74c1-ae15-9c0af8055aa6,ACTIVE,-2500000,250000,0,0,0,0
395996,01a0b1c2-b010-7000-8000-000000000003,01a0c46d-61ee-713c-98d7-c9f541640b94,ACTIVE,0,-250000,2500000,0,0,0
395996,01a0b1c2-b010-7000-8000-000000000003,01a0c46d-66d0-71e8-b7f2-35eb5694743b,ACTIVE,2500000,250000,0,0,0,0
395996,01a0b1c2-b010-7000-8000-000000000003,01a0c46d-6bb2-7206-a648-bac78656613e,ACTIVE,-2165064,-250000,-1250000,0,0,0
395996,01a0b1c2-b010-7000-8000-000000000003,01a0c46d-7094-74c1-ae15-9c0af8055aa6,ACTIVE,-2500000,250000,0,0,0,0
395998,01a0b1c2-b010-7000-8000-000000000003,01a0c46d-61ee-713c-98d7-c9f541640b94,ACTIVE,0,-250000,2500000,0,0,0
395998,01a0b1c2-b010-7000-8000-000000000003,01a0c46d-66d0-71e8-b7f2-35eb5694743b,ACTIVE,2500000,250000,0,0,0,0
395998,01a0b1c2-b010-7000-8000-000000000003,01a0c46d-6bb2-7206-a648-bac78656613e,ACTIVE,-2165064,-250000,-1250000,0,0,0
395998,01a0b1c2-b010-7000-8000-000000000003,01a0c46d-7094-74c1-ae15-9c0af8055aa6,ACTIVE,-2500000,250000,0,0,0,0
396000,01a0b1c2-b010-7000-8000-000000000003,01a0c46d-61ee-713c-98d7-c9f541640b94,ACTIVE,0,-250000,2500000,0,0,0
396000,01a0b1c2-b010-7000-8000-000000000003,01a0c46d-66d0-71e8-b7f2-35eb5694743b,ACTIVE,2500000,250000,0,0,0,0
396000,01a0b1c2-b010-7000-8000-000000000003,01a0c46d-6bb2-7206-a648-bac78656613e,ACTIVE,-2165064,-250000,-1250000,0,0,0
396000,01a0b1c2-b010-7000-8000-000000000003,01a0c46d-7094-74c1-ae15-9c0af8055aa6,ACTIVE,-2500000,250000,0,0,0,0
396002,01a0b1c2-b010-7000-8000-000000000003,01a0c46d-61ee-713c-98d7-c9f541640b94,ACTIVE,0,-250000,2500000,0,0,0
396002,01a0b1c2-b010-7000-8000-000000000003,01a0c46d-66d0-71e8-b7f2-35eb5694743b,ACTIVE,2500000,250000,0,0,0,0
396002,01a0b1c2-b010-7000-8000-000000000003,01a0c46d-6bb2-7206-a648-bac78656613e,ACTIVE,-2165064,-250000,-1250000,0,0,0
396002,01a0b1c2-b010-7000-8000-000000000003,01a0c46d-7094-74c1-ae15-9c0af8055aa6,ACTIVE,-2500000,250000,0,0,0,0
396004,01a0b1c2-b010-7000-8000-000000000003,01a0c46d-61ee-713c-98d7-c9f541640b94,ACTIVE,0,-250000,2500000,0,0,0
396004,01a0b1c2-b010-7000-8000-000000000003,01a0c46d-66d0-71e8-b7f2-35eb5694743b,ACTIVE,2500000,250000,0,0,0,0
396004,01a0b1c2-b010-7000-8000-000000000003,01a0c46d-6bb2-7206-a648-bac78656613e,ACTIVE,-2165064,-250000,-1250000,0,0,0
396004,01a0b1c2-b010-7000-8000-000000000003,01a0c46d-7094-74c1-ae15-9c0af8055aa6,ACTIVE,-2500000,250000,0,0,0,0
396006,01a0b1c2-b010-7000-8000-000000000003,01a0c46d-61ee-713c-98d7-c9f541640b94,ACTIVE,0,-250000,2500000,0,0,0
396006,01a0b1c2-b010-7000-8000-000000000003,01a0c46d-66d0-71e8-b7f2-35eb5694743b,ACTIVE,2500000,250000,0,0,0,0
396006,01a0b1c2-b010-7000-8000-000000000003,01a0c46d-6bb2-7206-a648-bac78656613e,ACTIVE,-2165064,-250000,-1250000,0,0,0
396006,01a0b1c2-b010-7000-8000-000000000003,01a0c46d-7094-74c1-ae15-9c0af8055aa6,ACTIVE,-2500000,250000,0,0,0,0
396008,01a0b1c2-b010-7000-8000-000000000003,01a0c46d-61ee-713c-98d7-c9f541640b94,ACTIVE,0,-250000,2500000,0,0,0
396008,01a0b1c2-b010-7000-8000-000000000003,01a0c46d-66d0-71e8-b7f2-35eb5694743b,ACTIVE,2500000,250000,0,0,0,0
396008,01a0b1c2-b010-7000-8000-000000000003,01a0c46d-6bb2-7206-a648-bac78656613e,ACTIVE,-2165064,-250000,-1250000,0,0,0
396008,01a0b1c2-b010-7000-8000-000000000003,01a0c46d-7094-74c1-ae15-9c0af8055aa6,ACTIVE,-2500000,250000,0,0,0,0
396010,01a0b1c2-b010-7000-8000-000000000003,01a0c46d-61ee-713c-98d7-c9f541640b94,ACTIVE,0,-250000,2500000,0,0,0
396010,01a0b1c2-b010-7000-8000-000000000003,01a0c46d-66d0-71e8-b7f2-35eb5694743b,ACTIVE,2500000,250000,0,0,0,0
396010,01a0b1c2-b010-7000-8000-000000000003,01a0c46d-6bb2-7206-a648-bac78656613e,ACTIVE,-2165064,-250000,-1250000,0,0,0
396010,01a0b1c2-b010-7000-8000-000000000003,01a0c46d-7094-74c1-ae15-9c0af8055aa6,ACTIVE,-2500000,250000,0,0,0,0
396012,01a0b1c2-b010-7000-8000-000000000003,01a0c46d-61ee-713c-98d7-c9f541640b94,ACTIVE,0,-250000,2500000,0,0,0
396012,01a0b1c2-b010-7000-8000-000000000003,01a0c46d-66d0-71e8-b7f2-35eb5694743b,ACTIVE,2500000,250000,0,0,0,0
396012,01a0b1c2-b010-7000-8000-000000000003,01a0c46d-6bb2-7206-a648-bac78656613e,ACTIVE,-2165064,-250000,-1250000,0,0,0
396012,01a0b1c2-b010-7000-8000-000000000003,01a0c46d-7094-74c1-ae15-9c0af8055aa6,ACTIVE,-2500000,250000,0,0,0,0
396014,01a0b1c2-b010-7000-8000-000000000003,01a0c46d-61ee-713c-98d7-c9f541640b94,ACTIVE,0,-250000,2500000,0,0,0
396014,01a0b1c2-b010-7000-8000-000000000003,01a0c46d-66d0-71e8-b7f2-35eb5694743b,ACTIVE,2500000,250000,0,0,0,0
396014,01a0b1c2-b010-7000-8000-000000000003,01a0c46d-6bb2-7206-a648-bac78656613e,ACTIVE,-2165064,-250000,-1250000,0,0,0
396014,01a0b1c2-b010-7000-8000-000000000003,01a0c46d-7094-74c1-ae15-9c0af8055aa6,ACTIVE,-2500000,250000,0,0,0,0
396016,01a0b1c2-b010-7000-8000-000000000003,01a0c46d-61ee-713c-98d7-c9f541640b94,ACTIVE,0,-250000,2500000,0,0,0
396016,01a0b1c2-b010-7000-8000-000000000003,01a0c46d-66d0-71e8-b7f2-35eb5694743b,ACTIVE,2500000,250000,0,0,0,0
396016,01a0b1c2-b010-7000-8000-000000000003,01a0c46d-6bb2-7206-a648-bac78656613e,ACTIVE,-2165064,-250000,-1250000,0,0,0
396016,01a0b1c2-b010-7000-8000-000000000003,01a0c46d-7094-74c1-ae15-9c0af8055aa6,ACTIVE,-2500000,250000,0,0,0,0
396018,01a0b1c2-b010-7000-8000-000000000003,01a0c46d-61ee-713c-98d7-c9f541640b94,ACTIVE,0,-250000,2500000,0,0,0
396018,01a0b1c2-b010-7000-8000-000000000003,01a0c46d-66d0-71e8-b7f2-35eb5694743b,ACTIVE,2500000,250000,0,0,0,0
396018,01a0b1c2-b010-7000-8000-000000000003,01a0c46d-6bb2-7206-a648-bac78656613e,ACTIVE,-2165064,-250000,-1250000,0,0,0
396018,01a0b1c2-b010-7000-8000-000000000003,01a0c46d-7094-74c1-ae15-9c0af8055aa6,ACTIVE,-2500000,250000,0,0,0,0
396020,01a0b1c2-b010-7000-8000-000000000003,01a0c46d-61ee-713c-98d7-c9f541640b94,ACTIVE,0,-250000,2500000,0,0,0
396020,01a0b1c2-b010-7000-8000-000000000003,01a0c46d-66d0-71e8-b7f2-35eb5694743b,ACTIVE,2500000,250000,0,0,0,0
396020,01a0b1c2-b010-7000-8000-000000000003,01a0c46d-6bb2-7206-a648-bac78656613e,ACTIVE,-2165064,-250000,-1250000,0,0,0
396020,01a0b1c2-b010-7000-8000-000000000003,01a0c46d-7094-74c1-ae15-9c0af8055aa6,ACTIVE,-2500000,250000,0,0,0,0
396022,01a0b1c2-b010-7000-8000-000000000003,01a0c46d-61ee-713c-98d7-c9f541640b94,ACTIVE,0,-250000,2500000,0,0,0
396022,01a0b1c2-b010-7000-8000-000000000003,01a0c46d-66d0-71e8-b7f2-35eb5694743b,ACTIVE,2500000,250000,0,0,0,0
396022,01a0b1c2-b010-7000-8000-000000000003,01a0c46d-6bb2-7206-a648-bac78656613e,ACTIVE,-2165064,-250000,-1250000,0,0,0
396022,01a0b1c2-b010-7000-8000-000000000003,01a0c46d-7094-74c1-ae15-9c0af8055aa6,ACTIVE,-2500000,250000,0,0,0,0
396024,01a0b1c2-b010-7000-8000-000000000003,01a0c46d-61ee-713c-98d7-c9f541640b94,ACTIVE,0,-250000,2500000,0,0,0
396024,01a0b1c2-b010-7000-8000-000000000003,01a0c46d-66d0-71e8-b7f2-35eb5694743b,ACTIVE,2500000,250000,0,0,0,0
396024,01a0b1c2-b010-7000-8000-000000000003,01a0c46d-6bb2-7206-a648-bac78656613e,ACTIVE,-2165064,-250000,-1250000,0,0,0
396024,01a0b1c2-b010-7000-8000-000000000003,01a0c46d-7094-74c1-ae15-9c0af8055aa6,ACTIVE,-2500000,250000,0,0,0,0
396026,01a0b1c2-b010-7000-8000-000000000003,01a0c46d-61ee-713c-98d7-c9f541640b94,ACTIVE,0,-250000,2500000,0,0,0
396026,01a0b1c2-b010-7000-8000-000000000003,01a0c46d-66d0-71e8-b7f2-35eb5694743b,ACTIVE,2500000,250000,0,0,0,0
396026,01a0b1c2-b010-7000-8000-000000000003,01a0c46d-6bb2-7206-a648-bac78656613e,ACTIVE,-2165064,-250000,-1250000,0,0,0
396026,01a0b1c2-b010-7000-8000-000000000003,01a0c46d-7094-74c1-ae15-9c0af8055aa6,ACTIVE,-2500000,250000,0,0,0,0
396028,01a0b1c2-b010-7000-8000-000000000003,01a0c46d-61ee-713c-98d7-c9f541640b94,ACTIVE,0,-250000,2500000,0,0,0
396028,01a0b1c2-b010-7000-8000-000000000003,01a0c46d-66d0-71e8-b7f2-35eb5694743b,ACTIVE,2500000,250000,0,0,0,0
396028,01a0b1c2-b010-7000-8000-000000000003,01a0c46d-6bb2-7206-a648-bac78656613e,ACTIVE,-2165064,-250000,-1250000,0,0,0
396028,01a0b1c2-b010-7000-8000-000000000003,01a0c46d-7094-74c1-ae15-9c0af8055aa6,ACTIVE,-2500000,250000,0,0,0,0
396030,01a0b1c2-b010-7000-8000-000000000003,01a0c46d-61ee-713c-98d7-c9f541640b94,ACTIVE,0,-250000,2500000,0,0,0
396030,01a0b1c2-b010-7000-8000-000000000003,01a0c46d-66d0-71e8-b7f2-35eb5694743b,ACTIVE,2500000,250000,0,0,0,0
396030,01a0b1c2-b010-7000-8000-000000000003,01a0c46d-6bb2-7206-a648-bac78656613e,ACTIVE,-2165064,-250000,-1250000,0,0,0
396030,01a0b1c2-b010-7000-8000-000000000003,01a0c46d-7094-74c1-ae15-9c0af8055aa6,ACTIVE,-2500000,250000,0,0,0,0
396032,01a0b1c2-b010-7000-8000-000000000003,01a0c46d-61ee-713c-98d7-c9f541640b94,ACTIVE,0,-250000,2500000,0,0,0
396032,01a0b1c2-b010-7000-8000-000000000003,01a0c46d-66d0-71e8-b7f2-35eb5694743b,ACTIVE,2500000,250000,0,0,0,0
396032,01a0b1c2-b010-7000-8000-000000000003,01a0c46d-6bb2-7206-a648-bac78656613e,ACTIVE,-2165064,-250000,-1250000,0,0,0
396032,01a0b1c2-b010-7000-8000-000000000003,01a0c46d-7094-74c1-ae15-9c0af8055aa6,ACTIVE,-2500000,250000,0,0,0,0
396034,01a0b1c2-b010-7000-8000-000000000003,01a0c46d-61ee-713c-98d7-c9f541640b94,ACTIVE,0,-250000,2500000,0,0,0
396034,01a0b1c2-b010-7000-8000-000000000003,01a0c46d-66d0-71e8-b7f2-35eb5694743b,ACTIVE,2500000,250000,0,0,0,0
396034,01a0b1c2-b010-7000-8000-000000000003,01a0c46d-6bb2-7206-a648-bac78656613e,ACTIVE,-2165064,-250000,-1250000,0,0,0
396034,01a0b1c2-b010-7000-8000-000000000003,01a0c46d-7094-74c1-ae15-9c0af8055aa6,ACTIVE,-2500000,250000,0,0,0,0
396036,01a0b1c2-b010-7000-8000-000000000003,01a0c46d-61ee-713c-98d7-c9f541640b94,ACTIVE,0,-250000,2500000,0,0,0
396036,01a0b1c2-b010-7000-8000-000000000003,01a0c46d-66d0-71e8-b7f2-35eb5694743b,ACTIVE,2500000,250000,0,0,0,0
396036,01a0b1c2-b010-7000-8000-000000000003,01a0c46d-6bb2-7206-a648-bac78656613e,ACTIVE,-2165064,-250000,-1250000,0,0,0
396036,01a0b1c2-b010-7000-8000-000000000003,01a0c46d-7094-74c1-ae15-9c0af8055aa6,ACTIVE,-2500000,250000,0,0,0,0
396038,01a0b1c2-b010-7000-8000-000000000003,01a0c46d-61ee-713c-98d7-c9f541640b94,ACTIVE,0,-250000,2500000,0,0,0
396038,01a0b1c2-b010-7000-8000-000000000003,01a0c46d-66d0-71e8-b7f2-35eb5694743b,ACTIVE,2500000,250000,0,0,0,0
396038,01a0b1c2-b010-7000-8000-000000000003,01a0c46d-6bb2-7206-a648-bac78656613e,ACTIVE,-2165064,-250000,-1250000,0,0,0
396038,01a0b1c2-b010-7000-8000-000000000003,01a0c46d-7094-74c1-ae15-9c0af8055aa6,ACTIVE,-2500000,250000,0,0,0,0
396040,01a0b1c2-b010-7000-8000-000000000003,01a0c46d-61ee-713c-98d7-c9f541640b94,ACTIVE,0,-250000,2500000,0,0,0
396040,01a0b1c2-b010-7000-8000-000000000003,01a0c46d-66d0-71e8-b7f2-35eb5694743b,ACTIVE,2500000,250000,0,0,0,0
396040,01a0b1c2-b010-7000-8000-000000000003,01a0c46d-6bb2-7206-a648-bac78656613e,ACTIVE,-2165064,-250000,-1250000,0,0,0
396040,01a0b1c2-b010-7000-8000-000000000003,01a0c46d-7094-74c1-ae15-9c0af8055aa6,ACTIVE,-2500000,250000,0,0,0,0
396042,01a0b1c2-b010-7000-8000-000000000003,01a0c46d-61ee-713c-98d7-c9f541640b94,ACTIVE,0,-250000,2500000,0,0,0
396042,01a0b1c2-b010-7000-8000-000000000003,01a0c46d-66d0-71e8-b7f2-35eb5694743b,ACTIVE,2500000,250000,0,0,0,0
396042,01a0b1c2-b010-7000-8000-000000000003,01a0c46d-6bb2-7206-a648-bac78656613e,ACTIVE,-2165064,-250000,-1250000,0,0,0
396042,01a0b1c2-b010-7000-8000-000000000003,01a0c46d-7094-74c1-ae15-9c0af8055aa6,ACTIVE,-2500000,250000,0,0,0,0
396044,01a0b1c2-b010-7000-8000-000000000003,01a0c46d-61ee-713c-98d7-c9f541640b94,ACTIVE,0,-250000,2500000,0,0,0
396044,01a0b1c2-b010-7000-8000-000000000003,01a0c46d-66d0-71e8-b7f2-35eb5694743b,ACTIVE,2500000,250000,0,0,0,0
396044,01a0b1c2-b010-7000-8000-000000000003,01a0c46d-6bb2-7206-a648-bac78656613e,ACTIVE,-2165064,-250000,-1250000,0,0,0
396044,01a0b1c2-b010-7000-8000-000000000003,01a0c46d-7094-74c1-ae15-9c0af8055aa6,ACTIVE,-2500000,250000,0,0,0,0
396046,01a0b1c2-b010-7000-8000-000000000003,01a0c46d-61ee-713c-98d7-c9f541640b94,ACTIVE,0,-250000,2500000,0,0,0
396046,01a0b1c2-b010-7000-8000-000000000003,01a0c46d-66d0-71e8-b7f2-35eb5694743b,ACTIVE,2500000,250000,0,0,0,0
396046,01a0b1c2-b010-7000-8000-000000000003,01a0c46d-6bb2-7206-a648-bac78656613e,ACTIVE,-2165064,-250000,-1250000,0,0,0
396046,01a0b1c2-b010-7000-8000-000000000003,01a0c46d-7094-74c1-ae15-9c0af8055aa6,ACTIVE,-2500000,250000,0,0,0,0
396048,01a0b1c2-b010-7000-8000-000000000003,01a0c46d-61ee-713c-98d7-c9f541640b94,ACTIVE,0,-250000,2500000,0,0,0
396048,01a0b1c2-b010-7000-8000-000000000003,01a0c46d-66d0-71e8-b7f2-35eb5694743b,ACTIVE,2500000,250000,0,0,0,0
396048,01a0b1c2-b010-7000-8000-000000000003,01a0c46d-6bb2-7206-a648-bac78656613e,ACTIVE,-2165064,-250000,-1250000,0,0,0
396048,01a0b1c2-b010-7000-8000-000000000003,01a0c46d-7094-74c1-ae15-9c0af8055aa6,ACTIVE,-2500000,250000,0,0,0,0
396050,01a0b1c2-b010-7000-8000-000000000003,01a0c46d-61ee-713c-98d7-c9f541640b94,ACTIVE,0,-250000,2500000,0,0,0
396050,01a0b1c2-b010-7000-8000-000000000003,01a0c46d-66d0-71e8-b7f2-35eb5694743b,ACTIVE,2500000,250000,0,0,0,0
396050,01a0b1c2-b010-7000-8000-000000000003,01a0c46d-6bb2-7206-a648-bac78656613e,ACTIVE,-2165064,-250000,-1250000,0,0,0
396050,01a0b1c2-b010-7000-8000-000000000003,01a0c46d-7094-74c1-ae15-9c0af8055aa6,ACTIVE,-2500000,250000,0,0,0,0
396052,01a0b1c2-b010-7000-8000-000000000003,01a0c46d-61ee-713c-98d7-c9f541640b94,ACTIVE,0,-250000,2500000,0,0,0
396052,01a0b1c2-b010-7000-8000-000000000003,01a0c46d-66d0-71e8-b7f2-35eb5694743b,ACTIVE,2500000,250000,0,0,0,0
396052,01a0b1c2-b010-7000-8000-000000000003,01a0c46d-6bb2-7206-a648-bac78656613e,ACTIVE,-2165064,-250000,-1250000,0,0,0
396052,01a0b1c2-b010-7000-8000-000000000003,01a0c46d-7094-74c1-ae15-9c0af8055aa6,ACTIVE,-2500000,250000,0,0,0,0
396054,01a0b1c2-b010-7000-8000-000000000003,01a0c46d-61ee-713c-98d7-c9f541640b94,ACTIVE,0,-250000,2500000,0,0,0
396054,01a0b1c2-b010-7000-8000-000000000003,01a0c46d-66d0-71e8-b7f2-35eb5694743b,ACTIVE,2500000,250000,0,0,0,0
396054,01a0b1c2-b010-7000-8000-000000000003,01a0c46d-6bb2-7206-a648-bac78656613e,ACTIVE,-2165064,-250000,-1250000,0,0,0
396054,01a0b1c2-b010-7000-8000-000000000003,01a0c46d-7094-74c1-ae15-9c0af8055aa6,ACTIVE,-2500000,250000,0,0,0,0
396056,01a0b1c2-b010-7000-8000-000000000003,01a0c46d-61ee-713c-98d7-c9f541640b94,ACTIVE,0,-250000,2500000,0,0,0
396056,01a0b1c2-b010-7000-8000-000000000003,01a0c46d-66d0-71e8-b7f2-35eb5694743b,ACTIVE,2500000,250000,0,0,0,0
396056,01a0b1c2-b010-7000-8000-000000000003,01a0c46d-6bb2-7206-a648-bac78656613e,ACTIVE,-2165064,-250000,-1250000,0,0,0
396056,01a0b1c2-b010-7000-8000-000000000003,01a0c46d-7094-74c1-ae15-9c0af8055aa6,ACTIVE,-2500000,250000,0,0,0,0
396058,01a0b1c2-b010-7000-8000-000000000003,01a0c46d-61ee-713c-98d7-c9f541640b94,ACTIVE,0,-250000,2500000,0,0,0
396058,01a0b1c2-b010-7000-8000-000000000003,01a0c46d-66d0-71e8-b7f2-35eb5694743b,ACTIVE,2500000,250000,0,0,0,0
396058,01a0b1c2-b010-7000-8000-000000000003,01a0c46d-6bb2-7206-a648-bac78656613e,ACTIVE,-2165064,-250000,-1250000,0,0,0
396058,01a0b1c2-b010-7000-8000-000000000003,01a0c46d-7094-74c1-ae15-9c0af8055aa6,ACTIVE,-2500000,250000,0,0,0,0
396060,01a0b1c2-b010-7000-8000-000000000003,01a0c46d-61ee-713c-98d7-c9f541640b94,ACTIVE,0,-250000,2500000,0,0,0
396060,01a0b1c2-b010-7000-8000-000000000003,01a0c46d-66d0-71e8-b7f2-35eb5694743b,ACTIVE,2500000,250000,0,0,0,0
396060,01a0b1c2-b010-7000-8000-000000000003,01a0c46d-6bb2-7206-a648-bac78656613e,ACTIVE,-2165064,-250000,-1250000,0,0,0
396060,01a0b1c2-b010-7000-8000-000000000003,01a0c46d-7094-74c1-ae15-9c0af8055aa6,ACTIVE,-2500000,250000,0,0,0,0
396062,01a0b1c2-b010-7000-8000-000000000003,01a0c46d-61ee-713c-98d7-c9f541640b94,ACTIVE,0,-250000,2500000,0,0,0
396062,01a0b1c2-b010-7000-8000-000000000003,01a0c46d-66d0-71e8-b7f2-35eb5694743b,ACTIVE,2500000,250000,0,0,0,0
396062,01a0b1c2-b010-7000-8000-000000000003,01a0c46d-6bb2-7206-a648-bac78656613e,ACTIVE,-2165064,-250000,-1250000,0,0,0
396062,01a0b1c2-b010-7000-8000-000000000003,01a0c46d-7094-74c1-ae15-9c0af8055aa6,ACTIVE,-2500000,250000,0,0,0,0
396064,01a0b1c2-b010-7000-8000-000000000003,01a0c46d-61ee-713c-98d7-c9f541640b94,ACTIVE,0,-250000,2500000,0,0,0
396064,01a0b1c2-b010-7000-8000-000000000003,01a0c46d-66d0-71e8-b7f2-35eb5694743b,ACTIVE,2500000,250000,0,0,0,0
396064,01a0b1c2-b010-7000-8000-000000000003,01a0c46d-6bb2-7206-a648-bac78656613e,ACTIVE,-2165064,-250000,-1250000,0,0,0
396064,01a0b1c2-b010-7000-8000-000000000003,01a0c46d-7094-74c1-ae15-9c0af8055aa6,ACTIVE,-2500000,250000,0,0,0,0
396066,01a0b1c2-b010-7000-8000-000000000003,01a0c46d-61ee-713c-98d7-c9f541640b94,ACTIVE,0,-250000,2500000,0,0,0
396066,01a0b1c2-b010-7000-8000-000000000003,01a0c46d-66d0-71e8-b7f2-35eb5694743b,ACTIVE,2500000,250000,0,0,0,0
396066,01a0b1c2-b010-7000-8000-000000000003,01a0c46d-6bb2-7206-a648-bac78656613e,ACTIVE,-2165064,-250000,-1250000,0,0,0
396066,01a0b1c2-b010-7000-8000-000000000003,01a0c46d-7094-74c1-ae15-9c0af8055aa6,ACTIVE,-2500000,250000,0,0,0,0
396068,01a0b1c2-b010-7000-8000-000000000003,01a0c46d-61ee-713c-98d7-c9f541640b94,ACTIVE,0,-250000,2500000,0,0,0
396068,01a0b1c2-b010-7000-8000-000000000003,01a0c46d-66d0-71e8-b7f2-35eb5694743b,ACTIVE,2500000,250000,0,0,0,0
396068,01a0b1c2-b010-7000-8000-000000000003,01a0c46d-6bb2-7206-a648-bac78656613e,ACTIVE,-2165064,-250000,-1250000,0,0,0
396068,01a0b1c2-b010-7000-8000-000000000003,01a0c46d-7094-74c1-ae15-9c0af8055aa6,ACTIVE,-2500000,250000,0,0,0,0
396070,01a0b1c2-b010-7000-8000-000000000003,01a0c46d-61ee-713c-98d7-c9f541640b94,ACTIVE,0,-250000,2500000,0,0,0
396070,01a0b1c2-b010-7000-8000-000000000003,01a0c46d-66d0-71e8-b7f2-35eb5694743b,ACTIVE,2500000,250000,0,0,0,0
396070,01a0b1c2-b010-7000-8000-000000000003,01a0c46d-6bb2-7206-a648-bac78656613e,ACTIVE,-2165064,-250000,-1250000,0,0,0
396070,01a0b1c2-b010-7000-8000-000000000003,01a0c46d-7094-74c1-ae15-9c0af8055aa6,ACTIVE,-2500000,250000,0,0,0,0
396072,01a0b1c2-b010-7000-8000-000000000003,01a0c46d-61ee-713c-98d7-c9f541640b94,LINGERING,0,-250000,2500000,0,0,0
396072,01a0b1c2-b010-7000-8000-000000000003,01a0c46d-66d0-71e8-b7f2-35eb5694743b,ACTIVE,2500000,250000,0,0,0,0
396072,01a0b1c2-b010-7000-8000-000000000003,01a0c46d-6bb2-7206-a648-bac78656613e,ACTIVE,-2165064,-250000,-1250000,0,0,0
396072,01a0b1c2-b010-7000-8000-000000000003,01a0c46d-7094-74c1-ae15-9c0af8055aa6,ACTIVE,-2500000,250000,0,0,0,0
396074,01a0b1c2-b010-7000-8000-000000000003,01a0c46d-61ee-713c-98d7-c9f541640b94,LINGERING,0,-250000,2500000,0,0,0
396074,01a0b1c2-b010-7000-8000-000000000003,01a0c46d-66d0-71e8-b7f2-35eb5694743b,ACTIVE,2500000,250000,0,0,0,0
396074,01a0b1c2-b010-7000-8000-000000000003,01a0c46d-6bb2-7206-a648-bac78656613e,ACTIVE,-2165064,-250000,-1250000,0,0,0
396074,01a0b1c2-b010-7000-8000-000000000003,01a0c46d-7094-74c1-ae15-9c0af8055aa6,ACTIVE,-2500000,250000,0,0,0,0
396076,01a0b1c2-b010-7000-8000-000000000003,01a0c46d-61ee-713c-98d7-c9f541640b94,LINGERING,0,-250000,2500000,0,0,0
396076,01a0b1c2-b010-7000-8000-000000000003,01a0c46d-66d0-71e8-b7f2-35eb5694743b,ACTIVE,2500000,250000,0,0,0,0
396076,01a0b1c2-b010-7000-8000-000000000003,01a0c46d-6bb2-7206-a648-bac78656613e,ACTIVE,-2165064,-250000,-1250000,0,0,0
396076,01a0b1c2-b010-7000-8000-000000000003,01a0c46d-7094-74c1-ae15-9c0af8055aa6,ACTIVE,-2500000,250000,0,0,0,0
396078,01a0b1c2-b010-7000-8000-000000000003,01a0c46d-61ee-713c-98d7-c9f541640b94,LINGERING,0,-250000,2500000,0,0,0
396078,01a0b1c2-b010-7000-8000-000000000003,01a0c46d-66d0-71e8-b7f2-35eb5694743b,ACTIVE,2500000,250000,0,0,0,0
396078,01a0b1c2-b010-7000-8000-000000000003,01a0c46d-6bb2-7206-a648-bac78656613e,ACTIVE,-2165064,-250000,-1250000,0,0,0
396078,01a0b1c2-b010-7000-8000-000000000003,01a0c46d-7094-74c1-ae15-9c0af8055aa6,ACTIVE,-2500000,250000,0,0,0,0
396080,01a0b1c2-b010-7000-8000-000000000003,01a0c46d-61ee-713c-98d7-c9f541640b94,LINGERING,0,-250000,2500000,0,0,0
396080,01a0b1c2-b010-7000-8000-000000000003,01a0c46d-66d0-71e8-b7f2-35eb5694743b,ACTIVE,2500000,250000,0,0,0,0
396080,01a0b1c2-b010-7000-8000-000000000003,01a0c46d-6bb2-7206-a648-bac78656613e,ACTIVE,-2165064,-250000,-1250000,0,0,0
396080,01a0b1c2-b010-7000-8000-000000000003,01a0c46d-7094-74c1-ae15-9c0af8055aa6,ACTIVE,-2500000,250000,0,0,0,0
396082,01a0b1c2-b010-7000-8000-000000000003,01a0c46d-61ee-713c-98d7-c9f541640b94,LINGERING,0,-250000,2500000,0,0,0
396082,01a0b1c2-b010-7000-8000-000000000003,01a0c46d-66d0-71e8-b7f2-35eb5694743b,ACTIVE,2500000,250000,0,0,0,0
396082,01a0b1c2-b010-7000-8000-000000000003,01a0c46d-6bb2-7206-a648-bac78656613e,ACTIVE,-2165064,-250000,-1250000,0,0,0
396082,01a0b1c2-b010-7000-8000-000000000003,01a0c46d-7094-74c1-ae15-9c0af8055aa6,ACTIVE,-2500000,250000,0,0,0,0
396084,01a0b1c2-b010-7000-8000-000000000003,01a0c46d-61ee-713c-98d7-c9f541640b94,LINGERING,0,-250000,2500000,0,0,0
396084,01a0b1c2-b010-7000-8000-000000000003,01a0c46d-66d0-71e8-b7f2-35eb5694743b,ACTIVE,2500000,250000,0,0,0,0
396084,01a0b1c2-b010-7000-8000-000000000003,01a0c46d-6bb2-7206-a648-bac78656613e,ACTIVE,-2165064,-250000,-1250000,0,0,0
396084,01a0b1c2-b010-7000-8000-000000000003,01a0c46d-7094-74c1-ae15-9c0af8055aa6,ACTIVE,-2500000,250000,0,0,0,0
396086,01a0b1c2-b010-7000-8000-000000000003,01a0c46d-61ee-713c-98d7-c9f541640b94,LINGERING,0,-250000,2500000,0,0,0
396086,01a0b1c2-b010-7000-8000-000000000003,01a0c46d-66d0-71e8-b7f2-35eb5694743b,ACTIVE,2500000,250000,0,0,0,0
396086,01a0b1c2-b010-7000-8000-000000000003,01a0c46d-6bb2-7206-a648-bac78656613e,ACTIVE,-2165064,-250000,-1250000,0,0,0
396086,01a0b1c2-b010-7000-8000-000000000003,01a0c46d-7094-74c1-ae15-9c0af8055aa6,ACTIVE,-2500000,250000,0,0,0,0
396088,01a0b1c2-b010-7000-8000-000000000003,01a0c46d-61ee-713c-98d7-c9f541640b94,LINGERING,0,-250000,2500000,0,0,0
396088,01a0b1c2-b010-7000-8000-000000000003,01a0c46d-66d0-71e8-b7f2-35eb5694743b,ACTIVE,2500000,250000,0,0,0,0
396088,01a0b1c2-b010-7000-8000-000000000003,01a0c46d-6bb2-7206-a648-bac78656613e,ACTIVE,-2165064,-250000,-1250000,0,0,0
396088,01a0b1c2-b010-7000-8000-000000000003,01a0c46d-7094-74c1-ae15-9c0af8055aa6,ACTIVE,-2500000,250000,0,0,0,0
396090,01a0b1c2-b010-7000-8000-000000000003,01a0c46d-61ee-713c-98d7-c9f541640b94,LINGERING,0,-250000,2500000,0,0,0
396090,01a0b1c2-b010-7000-8000-000000000003,01a0c46d-66d0-71e8-b7f2-35eb5694743b,ACTIVE,2500000,250000,0,0,0,0
396090,01a0b1c2-b010-7000-8000-000000000003,01a0c46d-6bb2-7206-a648-bac78656613e,ACTIVE,-2165064,-250000,-1250000,0,0,0
396090,01a0b1c2-b010-7000-8000-000000000003,01a0c46d-7094-74c1-ae15-9c0af8055aa6,ACTIVE,-2500000,250000,0,0,0,0
396092,01a0b1c2-b010-7000-8000-000000000003,01a0c46d-61ee-713c-98d7-c9f541640b94,LINGERING,0,-250000,2500000,0,0,0
396092,01a0b1c2-b010-7000-8000-000000000003,01a0c46d-66d0-71e8-b7f2-35eb5694743b,ACTIVE,2500000,250000,0,0,0,0
396092,01a0b1c2-b010-7000-8000-000000000003,01a0c46d-6bb2-7206-a648-bac78656613e,ACTIVE,-2165064,-250000,-1250000,0,0,0
396092,01a0b1c2-b010-7000-8000-000000000003,01a0c46d-7094-74c1-ae15-9c0af8055aa6,ACTIVE,-2500000,250000,0,0,0,0
396094,01a0b1c2-b010-7000-8000-000000000003,01a0c46d-61ee-713c-98d7-c9f541640b94,LINGERING,0,-250000,2500000,0,0,0
396094,01a0b1c2-b010-7000-8000-000000000003,01a0c46d-66d0-71e8-b7f2-35eb5694743b,ACTIVE,2500000,250000,0,0,0,0
396094,01a0b1c2-b010-7000-8000-000000000003,01a0c46d-6bb2-7206-a648-bac78656613e,ACTIVE,-2165064,-250000,-1250000,0,0,0
396094,01a0b1c2-b010-7000-8000-000000000003,01a0c46d-7094-74c1-ae15-9c0af8055aa6,ACTIVE,-2500000,250000,0,0,0,0
396096,01a0b1c2-b010-7000-8000-000000000003,01a0c46d-61ee-713c-98d7-c9f541640b94,LINGERING,0,-250000,2500000,0,0,0
396096,01a0b1c2-b010-7000-8000-000000000003,01a0c46d-66d0-71e8-b7f2-35eb5694743b,LINGERING,2500000,250000,0,0,0,0
396096,01a0b1c2-b010-7000-8000-000000000003,01a0c46d-6bb2-7206-a648-bac78656613e,ACTIVE,-2165064,-250000,-1250000,0,0,0
396096,01a0b1c2-b010-7000-8000-000000000003,01a0c46d-7094-74c1-ae15-9c0af8055aa6,ACTIVE,-2500000,250000,0,0,0,0
396098,01a0b1c2-b010-7000-8000-000000000003,01a0c46d-61ee-713c-98d7-c9f541640b94,LINGERING,0,-250000,2500000,0,0,0
396098,01a0b1c2-b010-7000-8000-000000000003,01a0c46d-66d0-71e8-b7f2-35eb5694743b,LINGERING,2500000,250000,0,0,0,0
396098,01a0b1c2-b010-7000-8000-000000000003,01a0c46d-6bb2-7206-a648-bac78656613e,ACTIVE,-2165064,-250000,-1250000,0,0,0
396098,01a0b1c2-b010-7000-8000-000000000003,01a0c46d-7094-74c1-ae15-9c0af8055aa6,ACTIVE,-2500000,250000,0,0,0,0
396100,01a0b1c2-b010-7000-8000-000000000003,01a0c46d-61ee-713c-98d7-c9f541640b94,LINGERING,0,-250000,2500000,0,0,0
396100,01a0b1c2-b010-7000-8000-000000000003,01a0c46d-66d0-71e8-b7f2-35eb5694743b,LINGERING,2500000,250000,0,0,0,0
396100,01a0b1c2-b010-7000-8000-000000000003,01a0c46d-6bb2-7206-a648-bac78656613e,ACTIVE,-2165064,-250000,-1250000,0,0,0
396100,01a0b1c2-b010-7000-8000-000000000003,01a0c46d-7094-74c1-ae15-9c0af8055aa6,ACTIVE,-2500000,250000,0,0,0,0
396102,01a0b1c2-b010-7000-8000-000000000003,01a0c46d-61ee-713c-98d7-c9f541640b94,LINGERING,0,-250000,2500000,0,0,0
396102,01a0b1c2-b010-7000-8000-000000000003,01a0c46d-66d0-71e8-b7f2-35eb5694743b,LINGERING,2500000,250000,0,0,0,0
396102,01a0b1c2-b010-7000-8000-000000000003,01a0c46d-6bb2-7206-a648-bac78656613e,ACTIVE,-2165064,-250000,-1250000,0,0,0
396102,01a0b1c2-b010-7000-8000-000000000003,01a0c46d-7094-74c1-ae15-9c0af8055aa6,ACTIVE,-2500000,250000,0,0,0,0
396104,01a0b1c2-b010-7000-8000-000000000003,01a0c46d-61ee-713c-98d7-c9f541640b94,LINGERING,0,-250000,2500000,0,0,0
396104,01a0b1c2-b010-7000-8000-000000000003,01a0c46d-66d0-71e8-b7f2-35eb5694743b,LINGERING,2500000,250000,0,0,0,0
396104,01a0b1c2-b010-7000-8000-000000000003,01a0c46d-6bb2-7206-a648-bac78656613e,ACTIVE,-2165064,-250000,-1250000,0,0,0
396104,01a0b1c2-b010-7000-8000-000000000003,01a0c46d-7094-74c1-ae15-9c0af8055aa6,ACTIVE,-2500000,250000,0,0,0,0
396106,01a0b1c2-b010-7000-8000-000000000003,01a0c46d-61ee-713c-98d7-c9f541640b94,LINGERING,0,-250000,2500000,0,0,0
396106,01a0b1c2-b010-7000-8000-000000000003,01a0c46d-66d0-71e8-b7f2-35eb5694743b,LINGERING,2500000,250000,0,0,0,0
396106,01a0b1c2-b010-7000-8000-000000000003,01a0c46d-6bb2-7206-a648-bac78656613e,ACTIVE,-2165064,-250000,-1250000,0,0,0
396106,01a0b1c2-b010-7000-8000-000000000003,01a0c46d-7094-74c1-ae15-9c0af8055aa6,ACTIVE,-2500000,250000,0,0,0,0
396108,01a0b1c2-b010-7000-8000-000000000003,01a0c46d-61ee-713c-98d7-c9f541640b94,LINGERING,0,-250000,2500000,0,0,0
396108,01a0b1c2-b010-7000-8000-000000000003,01a0c46d-66d0-71e8-b7f2-35eb5694743b,LINGERING,2500000,250000,0,0,0,0
396108,01a0b1c2-b010-7000-8000-000000000003,01a0c46d-6bb2-7206-a648-bac78656613e,ACTIVE,-2165064,-250000,-1250000,0,0,0
396108,01a0b1c2-b010-7000-8000-000000000003,01a0c46d-7094-74c1-ae15-9c0af8055aa6,ACTIVE,-2500000,250000,0,0,0,0
396110,01a0b1c2-b010-7000-8000-000000000003,01a0c46d-61ee-713c-98d7-c9f541640b94,LINGERING,0,-250000,2500000,0,0,0
396110,01a0b1c2-b010-7000-8000-000000000003,01a0c46d-66d0-71e8-b7f2-35eb5694743b,LINGERING,2500000,250000,0,0,0,0
396110,01a0b1c2-b010-7000-8000-000000000003,01a0c46d-6bb2-7206-a648-bac78656613e,ACTIVE,-2165064,-250000,-1250000,0,0,0
396110,01a0b1c2-b010-7000-8000-000000000003,01a0c46d-7094-74c1-ae15-9c0af8055aa6,ACTIVE,-2500000,250000,0,0,0,0
396112,01a0b1c2-b010-7000-8000-000000000003,01a0c46d-61ee-713c-98d7-c9f541640b94,LINGERING,0,-250000,2500000,0,0,0
396112,01a0b1c2-b010-7000-8000-000000000003,01a0c46d-66d0-71e8-b7f2-35eb5694743b,LINGERING,2500000,250000,0,0,0,0
396112,01a0b1c2-b010-7000-8000-000000000003,01a0c46d-6bb2-7206-a648-bac78656613e,ACTIVE,-2165064,-250000,-1250000,0,0,0
396112,01a0b1c2-b010-7000-8000-000000000003,01a0c46d-7094-74c1-ae15-9c0af8055aa6,ACTIVE,-2500000,250000,0,0,0,0
396114,01a0b1c2-b010-7000-8000-000000000003,01a0c46d-61ee-713c-98d7-c9f541640b94,LINGERING,0,-250000,2500000,0,0,0
396114,01a0b1c2-b010-7000-8000-000000000003,01a0c46d-66d0-71e8-b7f2-35eb5694743b,LINGERING,2500000,250000,0,0,0,0
396114,01a0b1c2-b010-7000-8000-000000000003,01a0c46d-6bb2-7206-a648-bac78656613e,ACTIVE,-2165064,-250000,-1250000,0,0,0
396114,01a0b1c2-b010-7000-8000-000000000003,01a0c46d-7094-74c1-ae15-9c0af8055aa6,ACTIVE,-2500000,250000,0,0,0,0
396116,01a0b1c2-b010-7000-8000-000000000003,01a0c46d-61ee-713c-98d7-c9f541640b94,LINGERING,0,-250000,2500000,0,0,0
396116,01a0b1c2-b010-7000-8000-000000000003,01a0c46d-66d0-71e8-b7f2-35eb5694743b,LINGERING,2500000,250000,0,0,0,0
396116,01a0b1c2-b010-7000-8000-000000000003,01a0c46d-6bb2-7206-a648-bac78656613e,ACTIVE,-2165064,-250000,-1250000,0,0,0
396116,01a0b1c2-b010-7000-8000-000000000003,01a0c46d-7094-74c1-ae15-9c0af8055aa6,ACTIVE,-2500000,250000,0,0,0,0
396118,01a0b1c2-b010-7000-8000-000000000003,01a0c46d-61ee-713c-98d7-c9f541640b94,LINGERING,0,-250000,2500000,0,0,0
396118,01a0b1c2-b010-7000-8000-000000000003,01a0c46d-66d0-71e8-b7f2-35eb5694743b,LINGERING,2500000,250000,0,0,0,0
396118,01a0b1c2-b010-7000-8000-000000000003,01a0c46d-6bb2-7206-a648-bac78656613e,ACTIVE,-2165064,-250000,-1250000,0,0,0
396118,01a0b1c2-b010-7000-8000-000000000003,01a0c46d-7094-74c1-ae15-9c0af8055aa6,ACTIVE,-2500000,250000,0,0,0,0
396120,01a0b1c2-b010-7000-8000-000000000003,01a0c46d-61ee-713c-98d7-c9f541640b94,LINGERING,0,-250000,2500000,0,0,0
396120,01a0b1c2-b010-7000-8000-000000000003,01a0c46d-66d0-71e8-b7f2-35eb5694743b,LINGERING,2500000,250000,0,0,0,0
396120,01a0b1c2-b010-7000-8000-000000000003,01a0c46d-6bb2-7206-a648-bac78656613e,ACTIVE,-2165064,-250000,-1250000,0,0,0
396120,01a0b1c2-b010-7000-8000-000000000003,01a0c46d-7094-74c1-ae15-9c0af8055aa6,ACTIVE,-2500000,250000,0,0,0,0
396122,01a0b1c2-b010-7000-8000-000000000003,01a0c46d-61ee-713c-98d7-c9f541640b94,LINGERING,0,-250000,2500000,0,0,0
396122,01a0b1c2-b010-7000-8000-000000000003,01a0c46d-66d0-71e8-b7f2-35eb5694743b,LINGERING,2500000,250000,0,0,0,0
396122,01a0b1c2-b010-7000-8000-000000000003,01a0c46d-6bb2-7206-a648-bac78656613e,LINGERING,-2165064,-250000,-1250000,0,0,0
396122,01a0b1c2-b010-7000-8000-000000000003,01a0c46d-7094-74c1-ae15-9c0af8055aa6,ACTIVE,-2500000,250000,0,0,0,0
396124,01a0b1c2-b010-7000-8000-000000000003,01a0c46d-61ee-713c-98d7-c9f541640b94,LINGERING,0,-250000,2500000,0,0,0
396124,01a0b1c2-b010-7000-8000-000000000003,01a0c46d-66d0-71e8-b7f2-35eb5694743b,LINGERING,2500000,250000,0,0,0,0
396124,01a0b1c2-b010-7000-8000-000000000003,01a0c46d-6bb2-7206-a648-bac78656613e,LINGERING,-2165064,-250000,-1250000,0,0,0
396124,01a0b1c2-b010-7000-8000-000000000003,01a0c46d-7094-74c1-ae15-9c0af8055aa6,ACTIVE,-2500000,250000,0,0,0,0
396126,01a0b1c2-b010-7000-8000-000000000003,01a0c46d-61ee-713c-98d7-c9f541640b94,LINGERING,0,-250000,2500000,0,0,0
396126,01a0b1c2-b010-7000-8000-000000000003,01a0c46d-66d0-71e8-b7f2-35eb5694743b,LINGERING,2500000,250000,0,0,0,0
396126,01a0b1c2-b010-7000-8000-000000000003,01a0c46d-6bb2-7206-a648-bac78656613e,LINGERING,-2165064,-250000,-1250000,0,0,0
396126,01a0b1c2-b010-7000-8000-000000000003,01a0c46d-7094-74c1-ae15-9c0af8055aa6,ACTIVE,-2500000,250000,0,0,0,0
396128,01a0b1c2-b010-7000-8000-000000000003,01a0c46d-61ee-713c-98d7-c9f541640b94,LINGERING,0,-250000,2500000,0,0,0
396128,01a0b1c2-b010-7000-8000-000000000003,01a0c46d-66d0-71e8-b7f2-35eb5694743b,LINGERING,2500000,250000,0,0,0,0
396128,01a0b1c2-b010-7000-8000-000000000003,01a0c46d-6bb2-7206-a648-bac78656613e,LINGERING,-2165064,-250000,-1250000,0,0,0
396128,01a0b1c2-b010-7000-8000-000000000003,01a0c46d-7094-74c1-ae15-9c0af8055aa6,ACTIVE,-2500000,250000,0,0,0,0
396130,01a0b1c2-b010-7000-8000-000000000003,01a0c46d-61ee-713c-98d7-c9f541640b94,LINGERING,0,-250000,2500000,0,0,0
396130,01a0b1c2-b010-7000-8000-000000000003,01a0c46d-66d0-71e8-b7f2-35eb5694743b,LINGERING,2500000,250000,0,0,0,0
396130,01a0b1c2-b010-7000-8000-000000000003,01a0c46d-6bb2-7206-a648-bac78656613e,LINGERING,-2165064,-250000,-1250000,0,0,0
396130,01a0b1c2-b010-7000-8000-000000000003,01a0c46d-7094-74c1-ae15-9c0af8055aa6,ACTIVE,-2500000,250000,0,0,0,0
396132,01a0b1c2-b010-7000-8000-000000000003,01a0c46d-61ee-713c-98d7-c9f541640b94,LINGERING,0,-250000,2500000,0,0,0
396132,01a0b1c2-b010-7000-8000-000000000003,01a0c46d-66d0-71e8-b7f2-35eb5694743b,LINGERING,2500000,250000,0,0,0,0
396132,01a0b1c2-b010-7000-8000-000000000003,01a0c46d-6bb2-7206-a648-bac78656613e,LINGERING,-2165064,-250000,-1250000,0,0,0
396132,01a0b1c2-b010-7000-8000-000000000003,01a0c46d-7094-74c1-ae15-9c0af8055aa6,ACTIVE,-2500000,250000,0,0,0,0
396134,01a0b1c2-b010-7000-8000-000000000003,01a0c46d-61ee-713c-98d7-c9f541640b94,LINGERING,0,-250000,2500000,0,0,0
396134,01a0b1c2-b010-7000-8000-000000000003,01a0c46d-66d0-71e8-b7f2-35eb5694743b,LINGERING,2500000,250000,0,0,0,0
396134,01a0b1c2-b010-7000-8000-000000000003,01a0c46d-6bb2-7206-a648-bac78656613e,LINGERING,-2165064,-250000,-1250000,0,0,0
396134,01a0b1c2-b010-7000-8000-000000000003,01a0c46d-7094-74c1-ae15-9c0af8055aa6,ACTIVE,-2500000,250000,0,0,0,0
396136,01a0b1c2-b010-7000-8000-000000000003,01a0c46d-61ee-713c-98d7-c9f541640b94,LINGERING,0,-250000,2500000,0,0,0
396136,01a0b1c2-b010-7000-8000-000000000003,01a0c46d-66d0-71e8-b7f2-35eb5694743b,LINGERING,2500000,250000,0,0,0,0
396136,01a0b1c2-b010-7000-8000-000000000003,01a0c46d-6bb2-7206-a648-bac78656613e,LINGERING,-2165064,-250000,-1250000,0,0,0
396136,01a0b1c2-b010-7000-8000-000000000003,01a0c46d-7094-74c1-ae15-9c0af8055aa6,ACTIVE,-2500000,250000,0,0,0,0
396138,01a0b1c2-b010-7000-8000-000000000003,01a0c46d-61ee-713c-98d7-c9f541640b94,LINGERING,0,-250000,2500000,0,0,0
396138,01a0b1c2-b010-7000-8000-000000000003,01a0c46d-66d0-71e8-b7f2-35eb5694743b,LINGERING,2500000,250000,0,0,0,0
396138,01a0b1c2-b010-7000-8000-000000000003,01a0c46d-6bb2-7206-a648-bac78656613e,LINGERING,-2165064,-250000,-1250000,0,0,0
396138,01a0b1c2-b010-7000-8000-000000000003,01a0c46d-7094-74c1-ae15-9c0af8055aa6,ACTIVE,-2500000,250000,0,0,0,0
396140,01a0b1c2-b010-7000-8000-000000000003,01a0c46d-61ee-713c-98d7-c9f541640b94,LINGERING,0,-250000,2500000,0,0,0
396140,01a0b1c2-b010-7000-8000-000000000003,01a0c46d-66d0-71e8-b7f2-35eb5694743b,LINGERING,2500000,250000,0,0,0,0
396140,01a0b1c2-b010-7000-8000-000000000003,01a0c46d-6bb2-7206-a648-bac78656613e,LINGERING,-2165064,-250000,-1250000,0,0,0
396140,01a0b1c2-b010-7000-8000-000000000003,01a0c46d-7094-74c1-ae15-9c0af8055aa6,ACTIVE,-2500000,250000,0,0,0,0
396142,01a0b1c2-b010-7000-8000-000000000003,01a0c46d-61ee-713c-98d7-c9f541640b94,LINGERING,0,-250000,2500000,0,0,0
396142,01a0b1c2-b010-7000-8000-000000000003,01a0c46d-66d0-71e8-b7f2-35eb5694743b,LINGERING,2500000,250000,0,0,0,0
396142,01a0b1c2-b010-7000-8000-000000000003,01a0c46d-6bb2-7206-a648-bac78656613e,LINGERING,-2165064,-250000,-1250000,0,0,0
396142,01a0b1c2-b010-7000-8000-000000000003,01a0c46d-7094-74c1-ae15-9c0af8055aa6,ACTIVE,-2500000,250000,0,0,0,0
396144,01a0b1c2-b010-7000-8000-000000000003,01a0c46d-61ee-713c-98d7-c9f541640b94,LINGERING,0,-250000,2500000,0,0,0
396144,01a0b1c2-b010-7000-8000-000000000003,01a0c46d-66d0-71e8-b7f2-35eb5694743b,LINGERING,2500000,250000,0,0,0,0
396144,01a0b1c2-b010-7000-8000-000000000003,01a0c46d-6bb2-7206-a648-bac78656613e,LINGERING,-2165064,-250000,-1250000,0,0,0
396144,01a0b1c2-b010-7000-8000-000000000003,01a0c46d-7094-74c1-ae15-9c0af8055aa6,ACTIVE,-2500000,250000,0,0,0,0
396146,01a0b1c2-b010-7000-8000-000000000003,01a0c46d-61ee-713c-98d7-c9f541640b94,LINGERING,0,-250000,2500000,0,0,0
396146,01a0b1c2-b010-7000-8000-000000000003,01a0c46d-66d0-71e8-b7f2-35eb5694743b,LINGERING,2500000,250000,0,0,0,0
396146,01a0b1c2-b010-7000-8000-000000000003,01a0c46d-6bb2-7206-a648-bac78656613e,LINGERING,-2165064,-250000,-1250000,0,0,0
396146,01a0b1c2-b010-7000-8000-000000000003,01a0c46d-7094-74c1-ae15-9c0af8055aa6,ACTIVE,-2500000,250000,0,0,0,0
