tick,observer_actor_id,ship_id,presence,px_mm,py_mm,pz_mm,vx_mm_s,vy_mm_s,vz_mm_s,render_offset_mm,render_offset_deg
1563926,01a0b1c2-7e57-7c11-8e57-000000000001,01a0d76c-a53d-76a2-8c24-b9305de133da,ACTIVE,2503112,250007,17374,0,0,0,0,0.0000
1563926,01a0b1c2-7e57-7c11-8e57-000000000001,01a0d76c-a53d-76a2-8c24-b9355d75a8b0,ACTIVE,1250000,250000,-2165064,0,0,0,0,0.0000
1563928,01a0b1c2-7e57-7c11-8e57-000000000001,01a0d76c-a53d-76a2-8c24-b9355d75a8b0,ACTIVE,1250000,250000,-2165064,0,0,0,0,0.0000
1563928,01a0b1c2-7e57-7c11-8e57-000000000001,01a0d76c-a53d-76a2-8c24-b9305de133da,ACTIVE,2503112,250007,17374,0,0,0,0,0.0000
1563930,01a0b1c2-7e57-7c11-8e57-000000000001,01a0d76c-a53d-76a2-8c24-b9355d75a8b0,ACTIVE,1250000,250000,-2165064,0,0,0,0,0.0000
1563930,01a0b1c2-7e57-7c11-8e57-000000000001,01a0d76c-a53d-76a2-8c24-b9305de133da,ACTIVE,2503112,250007,17374,0,0,0,0,0.0000
1563932,01a0b1c2-7e57-7c11-8e57-000000000001,01a0d76c-a53d-76a2-8c24-b9355d75a8b0,ACTIVE,1250000,250000,-2165064,0,0,0,0,0.0000
1563932,01a0b1c2-7e57-7c11-8e57-000000000001,01a0d76c-a53d-76a2-8c24-b9305de133da,ACTIVE,2503112,250007,17374,0,0,0,0,0.0000
1563934,01a0b1c2-7e57-7c11-8e57-000000000001,01a0d76c-a53d-76a2-8c24-b9355d75a8b0,ACTIVE,1250000,250000,-2165064,0,0,0,0,0.0000
1563934,01a0b1c2-7e57-7c11-8e57-000000000001,01a0d76c-a53d-76a2-8c24-b9305de133da,ACTIVE,2503112,250007,17374,0,0,0,0,0.0000
1563936,01a0b1c2-7e57-7c11-8e57-000000000001,01a0d76c-a53d-76a2-8c24-b9355d75a8b0,ACTIVE,1250000,250000,-2165064,0,0,0,0,0.0000
1563936,01a0b1c2-7e57-7c11-8e57-000000000001,01a0d76c-a53d-76a2-8c24-b9305de133da,ACTIVE,2503112,250007,17374,0,0,0,0,0.0000
1563938,01a0b1c2-7e57-7c11-8e57-000000000001,01a0d76c-a53d-76a2-8c24-b9355d75a8b0,ACTIVE,1250000,250000,-2165064,0,0,0,0,0.0000
1563938,01a0b1c2-7e57-7c11-8e57-000000000001,01a0d76c-a53d-76a2-8c24-b9305de133da,ACTIVE,2503112,250007,17374,0,0,0,0,0.0000
1563940,01a0b1c2-7e57-7c11-8e57-000000000001,01a0d76c-a53d-76a2-8c24-b9355d75a8b0,ACTIVE,1250000,250000,-2165064,0,0,0,0,0.0000
1563940,01a0b1c2-7e57-7c11-8e57-000000000001,01a0d76c-a53d-76a2-8c24-b9305de133da,ACTIVE,2503112,250007,17374,0,0,0,0,0.0000
1563942,01a0b1c2-7e57-7c11-8e57-000000000001,01a0d76c-a53d-76a2-8c24-b9355d75a8b0,ACTIVE,1250000,250000,-2165064,0,0,0,0,0.0000
1563942,01a0b1c2-7e57-7c11-8e57-000000000001,01a0d76c-a53d-76a2-8c24-b9305de133da,ACTIVE,2503112,250007,17374,0,0,0,0,0.0000
1563944,01a0b1c2-7e57-7c11-8e57-000000000001,01a0d76c-a53d-76a2-8c24-b9355d75a8b0,ACTIVE,1250000,250000,-2165064,0,0,0,0,0.0000
1563944,01a0b1c2-7e57-7c11-8e57-000000000001,01a0d76c-a53d-76a2-8c24-b9305de133da,ACTIVE,2503112,250007,17374,0,0,0,0,0.0000
1563946,01a0b1c2-7e57-7c11-8e57-000000000001,01a0d76c-a53d-76a2-8c24-b9355d75a8b0,ACTIVE,1250000,250000,-2165064,0,0,0,0,0.0000
1563946,01a0b1c2-7e57-7c11-8e57-000000000001,01a0d76c-a53d-76a2-8c24-b9305de133da,ACTIVE,2503112,250007,17374,0,0,0,0,0.0000
1563948,01a0b1c2-7e57-7c11-8e57-000000000001,01a0d76c-a53d-76a2-8c24-b9355d75a8b0,ACTIVE,1250000,250000,-2165064,0,0,0,0,0.0000
1563948,01a0b1c2-7e57-7c11-8e57-000000000001,01a0d76c-a53d-76a2-8c24-b9305de133da,ACTIVE,2503112,250007,17374,0,0,0,0,0.0000
1563950,01a0b1c2-7e57-7c11-8e57-000000000001,01a0d76c-a53d-76a2-8c24-b9355d75a8b0,ACTIVE,1250000,250000,-2165064,0,0,0,0,0.0000
1563950,01a0b1c2-7e57-7c11-8e57-000000000001,01a0d76c-a53d-76a2-8c24-b9305de133da,ACTIVE,2503098,249854,17586,-176,-2061,2823,0,0.0000
1563952,01a0b1c2-7e57-7c11-8e57-000000000001,01a0d76c-a53d-76a2-8c24-b9355d75a8b0,ACTIVE,1250000,250000,-2165064,0,0,0,0,0.0000
1563952,01a0b1c2-7e57-7c11-8e57-000000000001,01a0d76c-a53d-76a2-8c24-b9305de133da,ACTIVE,2503071,249485,18075,-306,-4228,5570,0,0.0000
1563954,01a0b1c2-7e57-7c11-8e57-000000000001,01a0d76c-a53d-76a2-8c24-b9355d75a8b0,ACTIVE,1250000,250000,-2165064,0,0,0,0,0.0000
1563954,01a0b1c2-7e57-7c11-8e57-000000000001,01a0d76c-a53d-76a2-8c24-b9305de133da,ACTIVE,2503032,248895,18834,-408,-6463,8264,0,0.0000
1563956,01a0b1c2-7e57-7c11-8e57-000000000001,01a0d76c-a53d-76a2-8c24-b9355d75a8b0,ACTIVE,1250000,250000,-2165064,0,0,0,0,0.0000
1563956,01a0b1c2-7e57-7c11-8e57-000000000001,01a0d76c-a53d-76a2-8c24-b9305de133da,ACTIVE,2502985,248079,19860,-492,-8739,10925,0,0.0000
1563958,01a0b1c2-7e57-7c11-8e57-000000000001,01a0d76c-a53d-76a2-8c24-b9355d75a8b0,ACTIVE,1250000,250000,-2165064,0,0,0,0,0.0000
1563958,01a0b1c2-7e57-7c11-8e57-000000000001,01a0d76c-a53d-76a2-8c24-b9305de133da,ACTIVE,2502930,247032,21151,-566,-11039,13565,0,0.0000
1563960,01a0b1c2-7e57-7c11-8e57-000000000001,01a0d76c-a53d-76a2-8c24-b9355d75a8b0,ACTIVE,1250000,250000,-2165064,0,0,0,0,0.0000
1563960,01a0b1c2-7e57-7c11-8e57-000000000001,01a0d76c-a53d-76a2-8c24-b9305de133da,ACTIVE,2502869,245755,22704,-635,-13352,16194,0,0.0000
1563962,01a0b1c2-7e57-7c11-8e57-000000000001,01a0d76c-a53d-76a2-8c24-b9355d75a8b0,ACTIVE,1250000,250000,-2165064,0,0,0,0,0.0000
1563962,01a0b1c2-7e57-7c11-8e57-000000000001,01a0d76c-a53d-76a2-8c24-b9305de133da,ACTIVE,2502800,244246,24521,-702,-15670,18818,0,0.0000
1563964,01a0b1c2-7e57-7c11-8e57-000000000001,01a0d76c-a53d-76a2-8c24-b9355d75a8b0,ACTIVE,1250000,250000,-2165064,0,0,0,0,0.0000
1563964,01a0b1c2-7e57-7c11-8e57-000000000001,01a0d76c-a53d-76a2-8c24-b9305de133da,ACTIVE,2502725,242505,26599,-769,-17990,21439,0,0.0000
1563966,01a0b1c2-7e57-7c11-8e57-000000000001,01a0d76c-a53d-76a2-8c24-b9355d75a8b0,ACTIVE,1250000,250000,-2165064,0,0,0,0,0.0000
1563966,01a0b1c2-7e57-7c11-8e57-000000000001,01a0d76c-a53d-76a2-8c24-b9305de133da,ACTIVE,2502643,240532,28940,-837,-20308,24062,0,0.0000
1563968,01a0b1c2-7e57-7c11-8e57-000000000001,01a0d76c-a53d-76a2-8c24-b9355d75a8b0,ACTIVE,1250000,250000,-2165064,0,0,0,0,0.0000
1563968,01a0b1c2-7e57-7c11-8e57-000000000001,01a0d76c-a53d-76a2-8c24-b9305de133da,ACTIVE,2502554,238328,31543,-906,-22624,26687,0,0.0000
1563970,01a0b1c2-7e57-7c11-8e57-000000000001,01a0d76c-a53d-76a2-8c24-b9355d75a8b0,ACTIVE,1250000,250000,-2165064,0,0,0,0,0.0000
1563970,01a0b1c2-7e57-7c11-8e57-000000000001,01a0d76c-a53d-76a2-8c24-b9305de133da,ACTIVE,2502458,235892,34408,-978,-24935,29315,0,0.0000
1563972,01a0b1c2-7e57-7c11-8e57-000000000001,01a0d76c-a53d-76a2-8c24-b9355d75a8b0,ACTIVE,1250000,250000,-2165064,0,0,0,0,0.0000
1563972,01a0b1c2-7e57-7c11-8e57-000000000001,01a0d76c-a53d-76a2-8c24-b9305de133da,ACTIVE,2502355,233225,37537,-1050,-27243,31945,0,0.0000
1563974,01a0b1c2-7e57-7c11-8e57-000000000001,01a0d76c-a53d-76a2-8c24-b9355d75a8b0,ACTIVE,1250000,250000,-2165064,0,0,0,0,0.0000
1563974,01a0b1c2-7e57-7c11-8e57-000000000001,01a0d76c-a53d-76a2-8c24-b9305de133da,ACTIVE,2502244,230328,40929,-1125,-29548,34579,0,0.0000
1563976,01a0b1c2-7e57-7c11-8e57-000000000001,01a0d76c-a53d-76a2-8c24-b9355d75a8b0,ACTIVE,1250000,250000,-2165064,0,0,0,0,0.0000
1563976,01a0b1c2-7e57-7c11-8e57-000000000001,01a0d76c-a53d-76a2-8c24-b9305de133da,ACTIVE,2502126,227201,44585,-1200,-31849,37216,0,0.0000
1563978,01a0b1c2-7e57-7c11-8e57-000000000001,01a0d76c-a53d-76a2-8c24-b9355d75a8b0,ACTIVE,1250000,250000,-2165064,0,0,0,0,0.0000
1563978,01a0b1c2-7e57-7c11-8e57-000000000001,01a0d76c-a53d-76a2-8c24-b9305de133da,ACTIVE,2502000,223843,48504,-1278,-34146,39855,0,0.0000
1563980,01a0b1c2-7e57-7c11-8e57-000000000001,01a0d76c-a53d-76a2-8c24-b9355d75a8b0,ACTIVE,1250000,250000,-2165064,0,0,0,0,0.0000
1563980,01a0b1c2-7e57-7c11-8e57-000000000001,01a0d76c-a53d-76a2-8c24-b9305de133da,ACTIVE,2501867,220257,52688,-1356,-36441,42496,0,0.0000
1563982,01a0b1c2-7e57-7c11-8e57-000000000001,01a0d76c-a53d-76a2-8c24-b9355d75a8b0,ACTIVE,1250000,250000,-2165064,0,0,0,0,0.0000
1563982,01a0b1c2-7e57-7c11-8e57-000000000001,01a0d76c-a53d-76a2-8c24-b9305de133da,ACTIVE,2501725,216440,57136,-1435,-38734,45140,0,0.0000
1563984,01a0b1c2-7e57-7c11-8e57-000000000001,01a0d76c-a53d-76a2-8c24-b9355d75a8b0,ACTIVE,1250000,250000,-2165064,0,0,0,0,0.0000
1563984,01a0b1c2-7e57-7c11-8e57-000000000001,01a0d76c-a53d-76a2-8c24-b9305de133da,ACTIVE,2501576,212395,61848,-1515,-41025,47785,0,0.0000
1563986,01a0b1c2-7e57-7c11-8e57-000000000001,01a0d76c-a53d-76a2-8c24-b9355d75a8b0,ACTIVE,1250000,250000,-2165064,0,0,0,0,0.0000
1563986,01a0b1c2-7e57-7c11-8e57-000000000001,01a0d76c-a53d-76a2-8c24-b9305de133da,ACTIVE,2501418,208121,66825,-1595,-43314,50431,0,0.0000
1563988,01a0b1c2-7e57-7c11-8e57-000000000001,01a0d76c-a53d-76a2-8c24-b9355d75a8b0,ACTIVE,1250000,250000,-2165064,0,0,0,0,0.0000
1563988,01a0b1c2-7e57-7c11-8e57-000000000001,01a0d76c-a53d-76a2-8c24-b9305de133da,ACTIVE,2501252,203618,72067,-1676,-45601,53079,0,0.0000
1563990,01a0b1c2-7e57-7c11-8e57-000000000001,01a0d76c-a53d-76a2-8c24-b9355d75a8b0,ACTIVE,1250000,250000,-2165064,0,0,0,0,0.0000
1563990,01a0b1c2-7e57-7c11-8e57-000000000001,01a0d76c-a53d-76a2-8c24-b9305de133da,ACTIVE,2501079,198886,77573,-1758,-47888,55728,0,0.0000
1563992,01a0b1c2-7e57-7c11-8e57-000000000001,01a0d76c-a53d-76a2-8c24-b9355d75a8b0,ACTIVE,1250000,250000,-2165064,0,0,0,0,0.0000
1563992,01a0b1c2-7e57-7c11-8e57-000000000001,01a0d76c-a53d-76a2-8c24-b9305de133da,ACTIVE,2500897,193926,83345,-1840,-50173,58377,0,0.0000
1563994,01a0b1c2-7e57-7c11-8e57-000000000001,01a0d76c-a53d-76a2-8c24-b9355d75a8b0,ACTIVE,1250000,250000,-2165064,0,0,0,0,0.0000
1563994,01a0b1c2-7e57-7c11-8e57-000000000001,01a0d76c-a53d-76a2-8c24-b9305de133da,ACTIVE,2500707,188738,89381,-1922,-52458,61027,0,0.0000
1563996,01a0b1c2-7e57-7c11-8e57-000000000001,01a0d76c-a53d-76a2-8c24-b9355d75a8b0,ACTIVE,1250000,250000,-2165064,0,0,0,0,0.0000
1563996,01a0b1c2-7e57-7c11-8e57-000000000001,01a0d76c-a53d-76a2-8c24-b9305de133da,ACTIVE,2500508,183320,95683,-2004,-54742,63678,0,0.0000
1563998,01a0b1c2-7e57-7c11-8e57-000000000001,01a0d76c-a53d-76a2-8c24-b9355d75a8b0,ACTIVE,1250000,250000,-2165064,0,0,0,0,0.0000
1563998,01a0b1c2-7e57-7c11-8e57-000000000001,01a0d76c-a53d-76a2-8c24-b9305de133da,ACTIVE,2500302,177675,102249,-2087,-57026,66329,0,0.0000
1564000,01a0b1c2-7e57-7c11-8e57-000000000001,01a0d76c-a53d-76a2-8c24-b9355d75a8b0,ACTIVE,1250000,250000,-2165064,0,0,0,0,0.0000
1564000,01a0b1c2-7e57-7c11-8e57-000000000001,01a0d76c-a53d-76a2-8c24-b9305de133da,ACTIVE,2500087,171801,109081,-2170,-59309,68981,0,0.0000
1564002,01a0b1c2-7e57-7c11-8e57-000000000001,01a0d76c-a53d-76a2-8c24-b9355d75a8b0,ACTIVE,1250000,250000,-2165064,0,0,0,0,0.0000
1564002,01a0b1c2-7e57-7c11-8e57-000000000001,01a0d76c-a53d-76a2-8c24-b9305de133da,ACTIVE,2499864,165698,116177,-2252,-61611,71616,0,0.0000
1564004,01a0b1c2-7e57-7c11-8e57-000000000001,01a0d76c-a53d-76a2-8c24-b9355d75a8b0,ACTIVE,1250000,250000,-2165064,0,0,0,0,0.0000
1564004,01a0b1c2-7e57-7c11-8e57-000000000001,01a0d76c-a53d-76a2-8c24-b9305de133da,ACTIVE,2499632,159362,123535,-2334,-63946,74223,0,0.0000
1564006,01a0b1c2-7e57-7c11-8e57-000000000001,01a0d76c-a53d-76a2-8c24-b9355d75a8b0,ACTIVE,1250000,250000,-2165064,0,0,0,0,0.0000
1564006,01a0b1c2-7e57-7c11-8e57-000000000001,01a0d76c-a53d-76a2-8c24-b9305de133da,ACTIVE,2499393,152792,131152,-2415,-66289,76822,0,0.0000
1564008,01a0b1c2-7e57-7c11-8e57-000000000001,01a0d76c-a53d-76a2-8c24-b9355d75a8b0,ACTIVE,1250000,250000,-2165064,0,0,0,0,0.0000
1564008,01a0b1c2-7e57-7c11-8e57-000000000001,01a0d76c-a53d-76a2-8c24-b9305de133da,ACTIVE,2499145,145988,139030,-2496,-68622,79431,0,0.0000
1564010,01a0b1c2-7e57-7c11-8e57-000000000001,01a0d76c-a53d-76a2-8c24-b9355d75a8b0,ACTIVE,1250000,250000,-2165064,0,0,0,0,0.0000
1564010,01a0b1c2-7e57-7c11-8e57-000000000001,01a0d76c-a53d-76a2-8c24-b9305de133da,ACTIVE,2498889,138950,147168,-2578,-70969,82028,0,0.0000
1564012,01a0b1c2-7e57-7c11-8e57-000000000001,01a0d76c-a53d-76a2-8c24-b9355d75a8b0,ACTIVE,1250000,250000,-2165064,0,0,0,0,0.0000
1564012,01a0b1c2-7e57-7c11-8e57-000000000001,01a0d76c-a53d-76a2-8c24-b9305de133da,ACTIVE,2498626,131677,155565,-2659,-73324,84617,0,0.0000
1564014,01a0b1c2-7e57-7c11-8e57-000000000001,01a0d76c-a53d-76a2-8c24-b9355d75a8b0,ACTIVE,1250000,250000,-2165064,0,0,0,0,0.0000
1564014,01a0b1c2-7e57-7c11-8e57-000000000001,01a0d76c-a53d-76a2-8c24-b9305de133da,ACTIVE,2498354,124168,164222,-2741,-75667,87216,0,0.0000
1564016,01a0b1c2-7e57-7c11-8e57-000000000001,01a0d76c-a53d-76a2-8c24-b9355d75a8b0,ACTIVE,1250000,250000,-2165064,0,0,0,0,0.0000
1564016,01a0b1c2-7e57-7c11-8e57-000000000001,01a0d76c-a53d-76a2-8c24-b9305de133da,ACTIVE,2498073,116427,173139,-2823,-78001,89824,0,0.0000
1564018,01a0b1c2-7e57-7c11-8e57-000000000001,01a0d76c-a53d-76a2-8c24-b9355d75a8b0,ACTIVE,1250000,250000,-2165064,0,0,0,0,0.0000
1564018,01a0b1c2-7e57-7c11-8e57-000000000001,01a0d76c-a53d-76a2-8c24-b9305de133da,ACTIVE,2497785,108451,182316,-2904,-80352,92417,0,0.0000
1564020,01a0b1c2-7e57-7c11-8e57-000000000001,01a0d76c-a53d-76a2-8c24-b9355d75a8b0,ACTIVE,1250000,250000,-2165064,0,0,0,0,0.0000
1564020,01a0b1c2-7e57-7c11-8e57-000000000001,01a0d76c-a53d-76a2-8c24-b9305de133da,ACTIVE,2497488,100238,191751,-2985,-82714,94999,0,0.0000
1564022,01a0b1c2-7e57-7c11-8e57-000000000001,01a0d76c-a53d-76a2-8c24-b9355d75a8b0,ACTIVE,1250000,250000,-2165064,0,0,0,0,0.0000
1564022,01a0b1c2-7e57-7c11-8e57-000000000001,01a0d76c-a53d-76a2-8c24-b9305de133da,ACTIVE,2497184,91791,201446,-3067,-85064,97593,0,0.0000
1564024,01a0b1c2-7e57-7c11-8e57-000000000001,01a0d76c-a53d-76a2-8c24-b9355d75a8b0,ACTIVE,1250000,250000,-2165064,0,0,0,0,0.0000
1564024,01a0b1c2-7e57-7c11-8e57-000000000001,01a0d76c-a53d-76a2-8c24-b9305de133da,ACTIVE,2496871,83109,211400,-3148,-87403,100195,0,0.0000
1564026,01a0b1c2-7e57-7c11-8e57-000000000001,01a0d76c-a53d-76a2-8c24-b9355d75a8b0,ACTIVE,1250000,250000,-2165064,0,0,0,0,0.0000
1564026,01a0b1c2-7e57-7c11-8e57-000000000001,01a0d76c-a53d-76a2-8c24-b9305de133da,ACTIVE,2496550,74194,221615,-3230,-89735,102804,0,0.0000
1564028,01a0b1c2-7e57-7c11-8e57-000000000001,01a0d76c-a53d-76a2-8c24-b9355d75a8b0,ACTIVE,1250000,250000,-2165064,0,0,0,0,0.0000
1564028,01a0b1c2-7e57-7c11-8e57-000000000001,01a0d76c-a53d-76a2-8c24-b9305de133da,ACTIVE,2496221,65046,232092,-3313,-92061,105419,0,0.0000
1564030,01a0b1c2-7e57-7c11-8e57-000000000001,01a0d76c-a53d-76a2-8c24-b9355d75a8b0,ACTIVE,1250000,250000,-2165064,0,0,0,0,0.0000
1564030,01a0b1c2-7e57-7c11-8e57-000000000001,01a0d76c-a53d-76a2-8c24-b9305de133da,ACTIVE,2495890,55838,242633,-3312,-92082,105404,0,0.0000
1564032,01a0b1c2-7e57-7c11-8e57-000000000001,01a0d76c-a53d-76a2-8c24-b9355d75a8b0,ACTIVE,1250000,250000,-2165064,0,0,0,0,0.0000
1564032,01a0b1c2-7e57-7c11-8e57-000000000001,01a0d76c-a53d-76a2-8c24-b9305de133da,ACTIVE,2495558,46629,253172,-3312,-92096,105391,0,0.0000
1564034,01a0b1c2-7e57-7c11-8e57-000000000001,01a0d76c-a53d-76a2-8c24-b9355d75a8b0,ACTIVE,1250000,250000,-2165064,0,0,0,0,0.0000
1564034,01a0b1c2-7e57-7c11-8e57-000000000001,01a0d76c-a53d-76a2-8c24-b9305de133da,ACTIVE,2495227,37418,263710,-3312,-92107,105381,0,0.0000
1564036,01a0b1c2-7e57-7c11-8e57-000000000001,01a0d76c-a53d-76a2-8c24-b9355d75a8b0,ACTIVE,1250000,250000,-2165064,0,0,0,0,0.0000
1564036,01a0b1c2-7e57-7c11-8e57-000000000001,01a0d76c-a53d-76a2-8c24-b9305de133da,ACTIVE,2494896,28207,274248,-3311,-92116,105374,0,0.0000
1564038,01a0b1c2-7e57-7c11-8e57-000000000001,01a0d76c-a53d-76a2-8c24-b9355d75a8b0,ACTIVE,1250000,250000,-2165064,0,0,0,0,0.0000
1564038,01a0b1c2-7e57-7c11-8e57-000000000001,01a0d76c-a53d-76a2-8c24-b9305de133da,ACTIVE,2494565,18995,284785,-3311,-92122,105368,0,0.0000
1564040,01a0b1c2-7e57-7c11-8e57-000000000001,01a0d76c-a53d-76a2-8c24-b9355d75a8b0,ACTIVE,1250000,250000,-2165064,0,0,0,0,0.0000
1564040,01a0b1c2-7e57-7c11-8e57-000000000001,01a0d76c-a53d-76a2-8c24-b9305de133da,ACTIVE,2494234,9782,295321,-3311,-92127,105364,0,0.0000
1564042,01a0b1c2-7e57-7c11-8e57-000000000001,01a0d76c-a53d-76a2-8c24-b9355d75a8b0,ACTIVE,1250000,250000,-2165064,0,0,0,0,0.0000
1564042,01a0b1c2-7e57-7c11-8e57-000000000001,01a0d76c-a53d-76a2-8c24-b9305de133da,ACTIVE,2493903,569,305858,-3311,-92131,105361,0,0.0000
1564044,01a0b1c2-7e57-7c11-8e57-000000000001,01a0d76c-a53d-76a2-8c24-b9355d75a8b0,ACTIVE,1250000,250000,-2165064,0,0,0,0,0.0000
1564044,01a0b1c2-7e57-7c11-8e57-000000000001,01a0d76c-a53d-76a2-8c24-b9305de133da,ACTIVE,2493572,-8644,316394,-3311,-92134,105358,0,0.0000
1564046,01a0b1c2-7e57-7c11-8e57-000000000001,01a0d76c-a53d-76a2-8c24-b9355d75a8b0,ACTIVE,1250000,250000,-2165064,0,0,0,0,0.0000
1564046,01a0b1c2-7e57-7c11-8e57-000000000001,01a0d76c-a53d-76a2-8c24-b9305de133da,ACTIVE,2493241,-17858,326929,-3311,-92136,105356,0,0.0000
1564048,01a0b1c2-7e57-7c11-8e57-000000000001,01a0d76c-a53d-76a2-8c24-b9355d75a8b0,ACTIVE,1250000,250000,-2165064,0,0,0,0,0.0000
1564048,01a0b1c2-7e57-7c11-8e57-000000000001,01a0d76c-a53d-76a2-8c24-b9305de133da,ACTIVE,2492909,-27072,337465,-3311,-92138,105355,0,0.0000
1564050,01a0b1c2-7e57-7c11-8e57-000000000001,01a0d76c-a53d-76a2-8c24-b9355d75a8b0,ACTIVE,1250000,250000,-2165064,0,0,0,0,0.0000
1564050,01a0b1c2-7e57-7c11-8e57-000000000001,01a0d76c-a53d-76a2-8c24-b9305de133da,ACTIVE,2492578,-36286,348000,-3311,-92139,105354,0,0.0000
1564052,01a0b1c2-7e57-7c11-8e57-000000000001,01a0d76c-a53d-76a2-8c24-b9355d75a8b0,ACTIVE,1250000,250000,-2165064,0,0,0,0,0.0000
1564052,01a0b1c2-7e57-7c11-8e57-000000000001,01a0d76c-a53d-76a2-8c24-b9305de133da,ACTIVE,2492247,-45499,358536,-3311,-92140,105353,0,0.0000
1564054,01a0b1c2-7e57-7c11-8e57-000000000001,01a0d76c-a53d-76a2-8c24-b9355d75a8b0,ACTIVE,1250000,250000,-2165064,0,0,0,0,0.0000
1564054,01a0b1c2-7e57-7c11-8e57-000000000001,01a0d76c-a53d-76a2-8c24-b9305de133da,ACTIVE,2491916,-54714,369071,-3311,-92141,105352,0,0.0000
1564056,01a0b1c2-7e57-7c11-8e57-000000000001,01a0d76c-a53d-76a2-8c24-b9355d75a8b0,ACTIVE,1250000,250000,-2165064,0,0,0,0,0.0000
1564056,01a0b1c2-7e57-7c11-8e57-000000000001,01a0d76c-a53d-76a2-8c24-b9305de133da,ACTIVE,2491585,-63928,379606,-3311,-92141,105352,0,0.0000
1564058,01a0b1c2-7e57-7c11-8e57-000000000001,01a0d76c-a53d-76a2-8c24-b9355d75a8b0,ACTIVE,1250000,250000,-2165064,0,0,0,0,0.0000
1564058,01a0b1c2-7e57-7c11-8e57-000000000001,01a0d76c-a53d-76a2-8c24-b9305de133da,ACTIVE,2491254,-73142,390141,-3311,-92142,105352,0,0.0000
1564060,01a0b1c2-7e57-7c11-8e57-000000000001,01a0d76c-a53d-76a2-8c24-b9355d75a8b0,ACTIVE,1250000,250000,-2165064,0,0,0,0,0.0000
1564060,01a0b1c2-7e57-7c11-8e57-000000000001,01a0d76c-a53d-76a2-8c24-b9305de133da,ACTIVE,2490862,-82356,400674,-4466,-92140,105311,0,0.0000
1564062,01a0b1c2-7e57-7c11-8e57-000000000001,01a0d76c-a53d-76a2-8c24-b9355d75a8b0,ACTIVE,1250000,250000,-2165064,0,0,0,0,0.0000
1564062,01a0b1c2-7e57-7c11-8e57-000000000001,01a0d76c-a53d-76a2-8c24-b9305de133da,ACTIVE,2490247,-91568,411198,-6730,-92115,105211,0,0.0000
1564064,01a0b1c2-7e57-7c11-8e57-000000000001,01a0d76c-a53d-76a2-8c24-b9355d75a8b0,ACTIVE,1250000,250000,-2165064,0,0,0,0,0.0000
1564064,01a0b1c2-7e57-7c11-8e57-000000000001,01a0d76c-a53d-76a2-8c24-b9305de133da,ACTIVE,2489391,-100776,421709,-9182,-92063,105072,0,0.0000
1564066,01a0b1c2-7e57-7c11-8e57-000000000001,01a0d76c-a53d-76a2-8c24-b9355d75a8b0,ACTIVE,1250000,250000,-2165064,0,0,0,0,0.0000
1564066,01a0b1c2-7e57-7c11-8e57-000000000001,01a0d76c-a53d-76a2-8c24-b9305de133da,ACTIVE,2488274,-109980,432199,-11856,-92036,104828,0,0.0000
1564068,01a0b1c2-7e57-7c11-8e57-000000000001,01a0d76c-a53d-76a2-8c24-b9355d75a8b0,ACTIVE,1250000,250000,-2165064,0,0,0,0,0.0000
1564068,01a0b1c2-7e57-7c11-8e57-000000000001,01a0d76c-a53d-76a2-8c24-b9305de133da,ACTIVE,2486875,-119184,442654,-14714,-92050,104452,0,0.0000
1564070,01a0b1c2-7e57-7c11-8e57-000000000001,01a0d76c-a53d-76a2-8c24-b9355d75a8b0,ACTIVE,1250000,250000,-2165064,0,0,0,0,0.0000
1564070,01a0b1c2-7e57-7c11-8e57-000000000001,01a0d76c-a53d-76a2-8c24-b9305de133da,ACTIVE,2485179,-128393,453062,-17714,-92102,103939,0,0.0000
1564072,01a0b1c2-7e57-7c11-8e57-000000000001,01a0d76c-a53d-76a2-8c24-b9355d75a8b0,ACTIVE,1250000,250000,-2165064,0,0,0,0,0.0000
1564072,01a0b1c2-7e57-7c11-8e57-000000000001,01a0d76c-a53d-76a2-8c24-b9305de133da,ACTIVE,2483176,-137610,463407,-20817,-92193,103282,0,0.0000
1564074,01a0b1c2-7e57-7c11-8e57-000000000001,01a0d76c-a53d-76a2-8c24-b9355d75a8b0,ACTIVE,1250000,250000,-2165064,0,0,0,0,0.0000
1564074,01a0b1c2-7e57-7c11-8e57-000000000001,01a0d76c-a53d-76a2-8c24-b9305de133da,ACTIVE,2480857,-146839,473676,-23986,-92323,102475,0,0.0000
1564076,01a0b1c2-7e57-7c11-8e57-000000000001,01a0d76c-a53d-76a2-8c24-b9355d75a8b0,ACTIVE,1250000,250000,-2165064,0,0,0,0,0.0000
1564076,01a0b1c2-7e57-7c11-8e57-000000000001,01a0d76c-a53d-76a2-8c24-b9305de133da,ACTIVE,2478218,-156083,483853,-27187,-92490,101521,0,0.0000
1564078,01a0b1c2-7e57-7c11-8e57-000000000001,01a0d76c-a53d-76a2-8c24-b9355d75a8b0,ACTIVE,1250000,250000,-2165064,0,0,0,0,0.0000
1564078,01a0b1c2-7e57-7c11-8e57-000000000001,01a0d76c-a53d-76a2-8c24-b9305de133da,ACTIVE,2475259,-165347,493923,-30388,-92695,100420,0,0.0000
1564080,01a0b1c2-7e57-7c11-8e57-000000000001,01a0d76c-a53d-76a2-8c24-b9355d75a8b0,ACTIVE,1250000,250000,-2165064,0,0,0,0,0.0000
1564080,01a0b1c2-7e57-7c11-8e57-000000000001,01a0d76c-a53d-76a2-8c24-b9305de133da,ACTIVE,2471982,-174634,503873,-33562,-92930,99185,0,0.0000
1564082,01a0b1c2-7e57-7c11-8e57-000000000001,01a0d76c-a53d-76a2-8c24-b9355d75a8b0,ACTIVE,1250000,250000,-2165064,0,0,0,0,0.0000
1564082,01a0b1c2-7e57-7c11-8e57-000000000001,01a0d76c-a53d-76a2-8c24-b9305de133da,ACTIVE,2468391,-183946,513691,-36688,-93180,97834,0,0.0000
1564084,01a0b1c2-7e57-7c11-8e57-000000000001,01a0d76c-a53d-76a2-8c24-b9355d75a8b0,ACTIVE,1250000,250000,-2165064,0,0,0,0,0.0000
1564084,01a0b1c2-7e57-7c11-8e57-000000000001,01a0d76c-a53d-76a2-8c24-b9305de133da,ACTIVE,2464492,-193283,523366,-39755,-93436,96381,0,0.0000
1564086,01a0b1c2-7e57-7c11-8e57-000000000001,01a0d76c-a53d-76a2-8c24-b9355d75a8b0,ACTIVE,1250000,250000,-2165064,0,0,0,0,0.0000
1564086,01a0b1c2-7e57-7c11-8e57-000000000001,01a0d76c-a53d-76a2-8c24-b9305de133da,ACTIVE,2460291,-202646,532889,-42753,-93687,94842,0,0.0000
1564088,01a0b1c2-7e57-7c11-8e57-000000000001,01a0d76c-a53d-76a2-8c24-b9355d75a8b0,ACTIVE,1250000,250000,-2165064,0,0,0,0,0.0000
1564088,01a0b1c2-7e57-7c11-8e57-000000000001,01a0d76c-a53d-76a2-8c24-b9305de133da,ACTIVE,2455796,-212033,542253,-45676,-93926,93229,0,0.0000
1564090,01a0b1c2-7e57-7c11-8e57-000000000001,01a0d76c-a53d-76a2-8c24-b9355d75a8b0,ACTIVE,1250000,250000,-2165064,0,0,0,0,0.0000
1564090,01a0b1c2-7e57-7c11-8e57-000000000001,01a0d76c-a53d-76a2-8c24-b9305de133da,ACTIVE,2451015,-221442,551450,-48520,-94147,91554,0,0.0000
1564092,01a0b1c2-7e57-7c11-8e57-000000000001,01a0d76c-a53d-76a2-8c24-b9355d75a8b0,ACTIVE,1250000,250000,-2165064,0,0,0,0,0.0000
1564092,01a0b1c2-7e57-7c11-8e57-000000000001,01a0d76c-a53d-76a2-8c24-b9305de133da,ACTIVE,2445955,-230872,560477,-51283,-94345,89828,0,0.0000
1564094,01a0b1c2-7e57-7c11-8e57-000000000001,01a0d76c-a53d-76a2-8c24-b9355d75a8b0,ACTIVE,1250000,250000,-2165064,0,0,0,0,0.0000
1564094,01a0b1c2-7e57-7c11-8e57-000000000001,01a0d76c-a53d-76a2-8c24-b9305de133da,ACTIVE,2440625,-240319,569327,-53964,-94516,88060,0,0.0000
1564096,01a0b1c2-7e57-7c11-8e57-000000000001,01a0d76c-a53d-76a2-8c24-b9355d75a8b0,ACTIVE,1250000,250000,-2165064,0,0,0,0,0.0000
1564096,01a0b1c2-7e57-7c11-8e57-000000000001,01a0d76c-a53d-76a2-8c24-b9305de133da,ACTIVE,2435033,-249781,577998,-56562,-94657,86260,0,0.0000
1564098,01a0b1c2-7e57-7c11-8e57-000000000001,01a0d76c-a53d-76a2-8c24-b9355d75a8b0,ACTIVE,1250000,250000,-2165064,0,0,0,0,0.0000
1564098,01a0b1c2-7e57-7c11-8e57-000000000001,01a0d76c-a53d-76a2-8c24-b9305de133da,ACTIVE,2429188,-259256,586487,-59078,-94767,84433,0,0.0000
1564100,01a0b1c2-7e57-7c11-8e57-000000000001,01a0d76c-a53d-76a2-8c24-b9355d75a8b0,ACTIVE,1250000,250000,-2165064,0,0,0,0,0.0000
1564100,01a0b1c2-7e57-7c11-8e57-000000000001,01a0d76c-a53d-76a2-8c24-b9305de133da,ACTIVE,2423097,-268738,594792,-61511,-94845,82588,0,0.0000
1564102,01a0b1c2-7e57-7c11-8e57-000000000001,01a0d76c-a53d-76a2-8c24-b9355d75a8b0,ACTIVE,1250000,250000,-2165064,0,0,0,0,0.0000
1564102,01a0b1c2-7e57-7c11-8e57-000000000001,01a0d76c-a53d-76a2-8c24-b9305de133da,ACTIVE,2416769,-278226,602912,-63863,-94890,80730,0,0.0000
1564104,01a0b1c2-7e57-7c11-8e57-000000000001,01a0d76c-a53d-76a2-8c24-b9355d75a8b0,ACTIVE,1250000,250000,-2165064,0,0,0,0,0.0000
1564104,01a0b1c2-7e57-7c11-8e57-000000000001,01a0d76c-a53d-76a2-8c24-b9305de133da,ACTIVE,2410212,-287717,610845,-66135,-94902,78865,0,0.0000
1564106,01a0b1c2-7e57-7c11-8e57-000000000001,01a0d76c-a53d-76a2-8c24-b9355d75a8b0,ACTIVE,1250000,250000,-2165064,0,0,0,0,0.0000
1564106,01a0b1c2-7e57-7c11-8e57-000000000001,01a0d76c-a53d-76a2-8c24-b9305de133da,ACTIVE,2403433,-297206,618592,-68328,-94883,76997,0,0.0000
1564108,01a0b1c2-7e57-7c11-8e57-000000000001,01a0d76c-a53d-76a2-8c24-b9355d75a8b0,ACTIVE,1250000,250000,-2165064,0,0,0,0,0.0000
1564108,01a0b1c2-7e57-7c11-8e57-000000000001,01a0d76c-a53d-76a2-8c24-b9305de133da,ACTIVE,2396441,-306690,626151,-70444,-94832,75130,0,0.0000
1564110,01a0b1c2-7e57-7c11-8e57-000000000001,01a0d76c-a53d-76a2-8c24-b9355d75a8b0,ACTIVE,1250000,250000,-2165064,0,0,0,0,0.0000
1564110,01a0b1c2-7e57-7c11-8e57-000000000001,01a0d76c-a53d-76a2-8c24-b9305de133da,ACTIVE,2389243,-316167,633525,-72483,-94751,73269,0,0.0000
1564112,01a0b1c2-7e57-7c11-8e57-000000000001,01a0d76c-a53d-76a2-8c24-b9355d75a8b0,ACTIVE,1250000,250000,-2165064,0,0,0,0,0.0000
1564112,01a0b1c2-7e57-7c11-8e57-000000000001,01a0d76c-a53d-76a2-8c24-b9305de133da,ACTIVE,2381847,-325635,640713,-74449,-94642,71417,0,0.0000
1564114,01a0b1c2-7e57-7c11-8e57-000000000001,01a0d76c-a53d-76a2-8c24-b9355d75a8b0,ACTIVE,1250000,250000,-2165064,0,0,0,0,0.0000
1564114,01a0b1c2-7e57-7c11-8e57-000000000001,01a0d76c-a53d-76a2-8c24-b9305de133da,ACTIVE,2374260,-335089,647716,-76341,-94505,69576,0,0.0000
1564116,01a0b1c2-7e57-7c11-8e57-000000000001,01a0d76c-a53d-76a2-8c24-b9355d75a8b0,ACTIVE,1250000,250000,-2165064,0,0,0,0,0.0000
1564116,01a0b1c2-7e57-7c11-8e57-000000000001,01a0d76c-a53d-76a2-8c24-b9305de133da,ACTIVE,2366489,-344527,654537,-78163,-94343,67750,0,0.0000
1564118,01a0b1c2-7e57-7c11-8e57-000000000001,01a0d76c-a53d-76a2-8c24-b9355d75a8b0,ACTIVE,1250000,250000,-2165064,0,0,0,0,0.0000
1564118,01a0b1c2-7e57-7c11-8e57-000000000001,01a0d76c-a53d-76a2-8c24-b9305de133da,ACTIVE,2358541,-353948,661176,-79915,-94157,65940,0,0.0000
1564120,01a0b1c2-7e57-7c11-8e57-000000000001,01a0d76c-a53d-76a2-8c24-b9355d75a8b0,ACTIVE,1250000,250000,-2165064,0,0,0,0,0.0000
1564120,01a0b1c2-7e57-7c11-8e57-000000000001,01a0d76c-a53d-76a2-8c24-b9305de133da,ACTIVE,2350423,-363348,667635,-81600,-93948,64150,0,0.0000
1564122,01a0b1c2-7e57-7c11-8e57-000000000001,01a0d76c-a53d-76a2-8c24-b9355d75a8b0,ACTIVE,1250000,250000,-2165064,0,0,0,0,0.0000
1564122,01a0b1c2-7e57-7c11-8e57-000000000001,01a0d76c-a53d-76a2-8c24-b9305de133da,ACTIVE,2342141,-372726,673918,-83219,-93719,62380,0,0.0000
1564124,01a0b1c2-7e57-7c11-8e57-000000000001,01a0d76c-a53d-76a2-8c24-b9355d75a8b0,ACTIVE,1250000,250000,-2165064,0,0,0,0,0.0000
1564124,01a0b1c2-7e57-7c11-8e57-000000000001,01a0d76c-a53d-76a2-8c24-b9305de133da,ACTIVE,2333702,-382079,680024,-84775,-93472,60632,0,0.0000
1564126,01a0b1c2-7e57-7c11-8e57-000000000001,01a0d76c-a53d-76a2-8c24-b9355d75a8b0,ACTIVE,1250000,250000,-2165064,0,0,0,0,0.0000
1564126,01a0b1c2-7e57-7c11-8e57-000000000001,01a0d76c-a53d-76a2-8c24-b9305de133da,ACTIVE,2325112,-391407,685958,-86268,-93208,58907,0,0.0000
1564128,01a0b1c2-7e57-7c11-8e57-000000000001,01a0d76c-a53d-76a2-8c24-b9355d75a8b0,ACTIVE,1250000,250000,-2165064,0,0,0,0,0.0000
1564128,01a0b1c2-7e57-7c11-8e57-000000000001,01a0d76c-a53d-76a2-8c24-b9305de133da,ACTIVE,2316377,-400707,691721,-87701,-92931,57206,0,0.0000
1564130,01a0b1c2-7e57-7c11-8e57-000000000001,01a0d76c-a53d-76a2-8c24-b9355d75a8b0,ACTIVE,1250000,250000,-2165064,0,0,0,0,0.0000
1564130,01a0b1c2-7e57-7c11-8e57-000000000001,01a0d76c-a53d-76a2-8c24-b9305de133da,ACTIVE,2307538,-409986,697357,-88391,-92791,56364,0,0.0000
1564132,01a0b1c2-7e57-7c11-8e57-000000000001,01a0d76c-a53d-76a2-8c24-b9355d75a8b0,ACTIVE,1250000,250000,-2165064,0,0,0,0,0.0000
1564132,01a0b1c2-7e57-7c11-8e57-000000000001,01a0d76c-a53d-76a2-8c24-b9305de133da,ACTIVE,2298699,-419265,702994,-88390,-92794,56361,0,0.0000
1564134,01a0b1c2-7e57-7c11-8e57-000000000001,01a0d76c-a53d-76a2-8c24-b9355d75a8b0,ACTIVE,1250000,250000,-2165064,0,0,0,0,0.0000
1564134,01a0b1c2-7e57-7c11-8e57-000000000001,01a0d76c-a53d-76a2-8c24-b9305de133da,ACTIVE,2289860,-428544,708629,-88389,-92796,56359,0,0.0000
1564136,01a0b1c2-7e57-7c11-8e57-000000000001,01a0d76c-a53d-76a2-8c24-b9355d75a8b0,ACTIVE,1250000,250000,-2165064,0,0,0,0,0.0000
1564136,01a0b1c2-7e57-7c11-8e57-000000000001,01a0d76c-a53d-76a2-8c24-b9305de133da,ACTIVE,2281021,-437824,714265,-88388,-92798,56357,0,0.0000
1564138,01a0b1c2-7e57-7c11-8e57-000000000001,01a0d76c-a53d-76a2-8c24-b9355d75a8b0,ACTIVE,1250000,250000,-2165064,0,0,0,0,0.0000
1564138,01a0b1c2-7e57-7c11-8e57-000000000001,01a0d76c-a53d-76a2-8c24-b9305de133da,ACTIVE,2272183,-447104,719901,-88388,-92799,56356,0,0.0000
1564140,01a0b1c2-7e57-7c11-8e57-000000000001,01a0d76c-a53d-76a2-8c24-b9355d75a8b0,ACTIVE,1250000,250000,-2165064,0,0,0,0,0.0000
1564140,01a0b1c2-7e57-7c11-8e57-000000000001,01a0d76c-a53d-76a2-8c24-b9305de133da,ACTIVE,2263344,-456384,725536,-88387,-92800,56355,0,0.0000
1564142,01a0b1c2-7e57-7c11-8e57-000000000001,01a0d76c-a53d-76a2-8c24-b9355d75a8b0,ACTIVE,1250000,250000,-2165064,0,0,0,0,0.0000
1564142,01a0b1c2-7e57-7c11-8e57-000000000001,01a0d76c-a53d-76a2-8c24-b9305de133da,ACTIVE,2254505,-465664,731172,-88387,-92801,56354,0,0.0000
1564144,01a0b1c2-7e57-7c11-8e57-000000000001,01a0d76c-a53d-76a2-8c24-b9355d75a8b0,ACTIVE,1250000,250000,-2165064,0,0,0,0,0.0000
1564144,01a0b1c2-7e57-7c11-8e57-000000000001,01a0d76c-a53d-76a2-8c24-b9305de133da,ACTIVE,2245666,-474944,736807,-88387,-92801,56353,0,0.0000
1564146,01a0b1c2-7e57-7c11-8e57-000000000001,01a0d76c-a53d-76a2-8c24-b9355d75a8b0,ACTIVE,1250000,250000,-2165064,0,0,0,0,0.0000
1564146,01a0b1c2-7e57-7c11-8e57-000000000001,01a0d76c-a53d-76a2-8c24-b9305de133da,ACTIVE,2236828,-484224,742442,-88387,-92802,56353,0,0.0000
1564148,01a0b1c2-7e57-7c11-8e57-000000000001,01a0d76c-a53d-76a2-8c24-b9355d75a8b0,ACTIVE,1250000,250000,-2165064,0,0,0,0,0.0000
1564148,01a0b1c2-7e57-7c11-8e57-000000000001,01a0d76c-a53d-76a2-8c24-b9305de133da,ACTIVE,2227989,-493505,748078,-88386,-92802,56352,0,0.0000
1564150,01a0b1c2-7e57-7c11-8e57-000000000001,01a0d76c-a53d-76a2-8c24-b9355d75a8b0,ACTIVE,1250000,250000,-2165064,0,0,0,0,0.0000
1564150,01a0b1c2-7e57-7c11-8e57-000000000001,01a0d76c-a53d-76a2-8c24-b9305de133da,ACTIVE,2219150,-502785,753713,-88386,-92802,56352,0,0.0000
1564152,01a0b1c2-7e57-7c11-8e57-000000000001,01a0d76c-a53d-76a2-8c24-b9355d75a8b0,ACTIVE,1250000,250000,-2165064,0,0,0,0,0.0000
1564152,01a0b1c2-7e57-7c11-8e57-000000000001,01a0d76c-a53d-76a2-8c24-b9305de133da,ACTIVE,2210312,-512065,759348,-88386,-92803,56352,0,0.0000
1564154,01a0b1c2-7e57-7c11-8e57-000000000001,01a0d76c-a53d-76a2-8c24-b9355d75a8b0,ACTIVE,1250000,250000,-2165064,0,0,0,0,0.0000
1564154,01a0b1c2-7e57-7c11-8e57-000000000001,01a0d76c-a53d-76a2-8c24-b9305de133da,ACTIVE,2201473,-521345,764983,-88386,-92803,56352,0,0.0000
1564156,01a0b1c2-7e57-7c11-8e57-000000000001,01a0d76c-a53d-76a2-8c24-b9355d75a8b0,ACTIVE,1250000,250000,-2165064,0,0,0,0,0.0000
1564156,01a0b1c2-7e57-7c11-8e57-000000000001,01a0d76c-a53d-76a2-8c24-b9305de133da,ACTIVE,2192635,-530626,770618,-88386,-92803,56352,0,0.0000
1564158,01a0b1c2-7e57-7c11-8e57-000000000001,01a0d76c-a53d-76a2-8c24-b9355d75a8b0,ACTIVE,1250000,250000,-2165064,0,0,0,0,0.0000
1564158,01a0b1c2-7e57-7c11-8e57-000000000001,01a0d76c-a53d-76a2-8c24-b9305de133da,ACTIVE,2183796,-539906,776253,-88386,-92803,56352,0,0.0000
1564160,01a0b1c2-7e57-7c11-8e57-000000000001,01a0d76c-a53d-76a2-8c24-b9355d75a8b0,ACTIVE,1250000,250000,-2165064,0,0,0,0,0.0000
1564160,01a0b1c2-7e57-7c11-8e57-000000000001,01a0d76c-a53d-76a2-8c24-b9305de133da,ACTIVE,2174957,-549186,781889,-88386,-92803,56351,0,0.0000
1564162,01a0b1c2-7e57-7c11-8e57-000000000001,01a0d76c-a53d-76a2-8c24-b9355d75a8b0,ACTIVE,1250000,250000,-2165064,0,0,0,0,0.0000
1564162,01a0b1c2-7e57-7c11-8e57-000000000001,01a0d76c-a53d-76a2-8c24-b9305de133da,ACTIVE,2166119,-558467,787524,-88386,-92803,56351,0,0.0000
1564164,01a0b1c2-7e57-7c11-8e57-000000000001,01a0d76c-a53d-76a2-8c24-b9355d75a8b0,ACTIVE,1250000,250000,-2165064,0,0,0,0,0.0000
1564164,01a0b1c2-7e57-7c11-8e57-000000000001,01a0d76c-a53d-76a2-8c24-b9305de133da,ACTIVE,2157280,-567747,793159,-88386,-92803,56351,0,0.0000
1564166,01a0b1c2-7e57-7c11-8e57-000000000001,01a0d76c-a53d-76a2-8c24-b9355d75a8b0,ACTIVE,1250000,250000,-2165064,0,0,0,0,0.0000
1564166,01a0b1c2-7e57-7c11-8e57-000000000001,01a0d76c-a53d-76a2-8c24-b9305de133da,ACTIVE,2148442,-577027,798794,-88386,-92803,56351,0,0.0000
1564168,01a0b1c2-7e57-7c11-8e57-000000000001,01a0d76c-a53d-76a2-8c24-b9355d75a8b0,ACTIVE,1250000,250000,-2165064,0,0,0,0,0.0000
1564168,01a0b1c2-7e57-7c11-8e57-000000000001,01a0d76c-a53d-76a2-8c24-b9305de133da,ACTIVE,2139603,-586308,804429,-88386,-92803,56351,0,0.0000
1564170,01a0b1c2-7e57-7c11-8e57-000000000001,01a0d76c-a53d-76a2-8c24-b9355d75a8b0,ACTIVE,1250000,250000,-2165064,0,0,0,0,0.0000
1564170,01a0b1c2-7e57-7c11-8e57-000000000001,01a0d76c-a53d-76a2-8c24-b9305de133da,ACTIVE,2130764,-595588,810064,-88386,-92803,56351,0,0.0000
1564172,01a0b1c2-7e57-7c11-8e57-000000000001,01a0d76c-a53d-76a2-8c24-b9355d75a8b0,ACTIVE,1250000,250000,-2165064,0,0,0,0,0.0000
1564172,01a0b1c2-7e57-7c11-8e57-000000000001,01a0d76c-a53d-76a2-8c24-b9305de133da,ACTIVE,2121926,-604868,815699,-88386,-92803,56351,0,0.0000
1564174,01a0b1c2-7e57-7c11-8e57-000000000001,01a0d76c-a53d-76a2-8c24-b9355d75a8b0,ACTIVE,1250000,250000,-2165064,0,0,0,0,0.0000
1564174,01a0b1c2-7e57-7c11-8e57-000000000001,01a0d76c-a53d-76a2-8c24-b9305de133da,ACTIVE,2113087,-614149,821335,-88386,-92803,56351,0,0.0000
1564176,01a0b1c2-7e57-7c11-8e57-000000000001,01a0d76c-a53d-76a2-8c24-b9355d75a8b0,ACTIVE,1250000,250000,-2165064,0,0,0,0,0.0000
1564176,01a0b1c2-7e57-7c11-8e57-000000000001,01a0d76c-a53d-76a2-8c24-b9305de133da,ACTIVE,2104249,-623429,826970,-88386,-92803,56351,0,0.0000
1564178,01a0b1c2-7e57-7c11-8e57-000000000001,01a0d76c-a53d-76a2-8c24-b9355d75a8b0,ACTIVE,1250000,250000,-2165064,0,0,0,0,0.0000
1564178,01a0b1c2-7e57-7c11-8e57-000000000001,01a0d76c-a53d-76a2-8c24-b9305de133da,ACTIVE,2095410,-632709,832605,-88386,-92803,56351,0,0.0000
1564180,01a0b1c2-7e57-7c11-8e57-000000000001,01a0d76c-a53d-76a2-8c24-b9355d75a8b0,ACTIVE,1250000,250000,-2165064,0,0,0,0,0.0000
1564180,01a0b1c2-7e57-7c11-8e57-000000000001,01a0d76c-a53d-76a2-8c24-b9305de133da,ACTIVE,2086571,-641990,838240,-88386,-92803,56351,0,0.0000
1564182,01a0b1c2-7e57-7c11-8e57-000000000001,01a0d76c-a53d-76a2-8c24-b9355d75a8b0,ACTIVE,1250000,250000,-2165064,0,0,0,0,0.0000
1564182,01a0b1c2-7e57-7c11-8e57-000000000001,01a0d76c-a53d-76a2-8c24-b9305de133da,ACTIVE,2077733,-651270,843875,-88386,-92803,56351,0,0.0000
1564184,01a0b1c2-7e57-7c11-8e57-000000000001,01a0d76c-a53d-76a2-8c24-b9355d75a8b0,ACTIVE,1250000,250000,-2165064,0,0,0,0,0.0000
1564184,01a0b1c2-7e57-7c11-8e57-000000000001,01a0d76c-a53d-76a2-8c24-b9305de133da,ACTIVE,2068894,-660550,849510,-88386,-92803,56351,0,0.0000
1564186,01a0b1c2-7e57-7c11-8e57-000000000001,01a0d76c-a53d-76a2-8c24-b9355d75a8b0,ACTIVE,1250000,250000,-2165064,0,0,0,0,0.0000
1564186,01a0b1c2-7e57-7c11-8e57-000000000001,01a0d76c-a53d-76a2-8c24-b9305de133da,ACTIVE,2060056,-669831,855145,-88386,-92803,56351,0,0.0000
1564188,01a0b1c2-7e57-7c11-8e57-000000000001,01a0d76c-a53d-76a2-8c24-b9355d75a8b0,ACTIVE,1250000,250000,-2165064,0,0,0,0,0.0000
1564188,01a0b1c2-7e57-7c11-8e57-000000000001,01a0d76c-a53d-76a2-8c24-b9305de133da,ACTIVE,2051217,-679111,860780,-88386,-92803,56351,0,0.0000
1564190,01a0b1c2-7e57-7c11-8e57-000000000001,01a0d76c-a53d-76a2-8c24-b9355d75a8b0,ACTIVE,1250000,250000,-2165064,0,0,0,0,0.0000
1564190,01a0b1c2-7e57-7c11-8e57-000000000001,01a0d76c-a53d-76a2-8c24-b9305de133da,ACTIVE,2042378,-688391,866416,-88386,-92803,56351,0,0.0000
1564192,01a0b1c2-7e57-7c11-8e57-000000000001,01a0d76c-a53d-76a2-8c24-b9355d75a8b0,ACTIVE,1250000,250000,-2165064,0,0,0,0,0.0000
1564192,01a0b1c2-7e57-7c11-8e57-000000000001,01a0d76c-a53d-76a2-8c24-b9305de133da,ACTIVE,2033540,-697672,872051,-88386,-92803,56351,0,0.0000
1564194,01a0b1c2-7e57-7c11-8e57-000000000001,01a0d76c-a53d-76a2-8c24-b9355d75a8b0,ACTIVE,1250000,250000,-2165064,0,0,0,0,0.0000
1564194,01a0b1c2-7e57-7c11-8e57-000000000001,01a0d76c-a53d-76a2-8c24-b9305de133da,ACTIVE,2024701,-706952,877686,-88386,-92803,56351,0,0.0000
1564196,01a0b1c2-7e57-7c11-8e57-000000000001,01a0d76c-a53d-76a2-8c24-b9355d75a8b0,ACTIVE,1250000,250000,-2165064,0,0,0,0,0.0000
1564196,01a0b1c2-7e57-7c11-8e57-000000000001,01a0d76c-a53d-76a2-8c24-b9305de133da,ACTIVE,2015863,-716232,883321,-88386,-92803,56351,0,0.0000
1564198,01a0b1c2-7e57-7c11-8e57-000000000001,01a0d76c-a53d-76a2-8c24-b9355d75a8b0,ACTIVE,1250000,250000,-2165064,0,0,0,0,0.0000
1564198,01a0b1c2-7e57-7c11-8e57-000000000001,01a0d76c-a53d-76a2-8c24-b9305de133da,ACTIVE,2007024,-725513,888956,-88386,-92803,56351,0,0.0000
1564200,01a0b1c2-7e57-7c11-8e57-000000000001,01a0d76c-a53d-76a2-8c24-b9355d75a8b0,ACTIVE,1250000,250000,-2165064,0,0,0,0,0.0000
1564200,01a0b1c2-7e57-7c11-8e57-000000000001,01a0d76c-a53d-76a2-8c24-b9305de133da,ACTIVE,1998185,-734793,894591,-88386,-92803,56351,0,0.0000
1564202,01a0b1c2-7e57-7c11-8e57-000000000001,01a0d76c-a53d-76a2-8c24-b9355d75a8b0,ACTIVE,1250000,250000,-2165064,0,0,0,0,0.0000
1564202,01a0b1c2-7e57-7c11-8e57-000000000001,01a0d76c-a53d-76a2-8c24-b9305de133da,ACTIVE,1989347,-744073,900226,-88386,-92803,56351,0,0.0000
1564204,01a0b1c2-7e57-7c11-8e57-000000000001,01a0d76c-a53d-76a2-8c24-b9355d75a8b0,ACTIVE,1250000,250000,-2165064,0,0,0,0,0.0000
1564204,01a0b1c2-7e57-7c11-8e57-000000000001,01a0d76c-a53d-76a2-8c24-b9305de133da,ACTIVE,1980508,-753354,905861,-88386,-92803,56351,0,0.0000
1564206,01a0b1c2-7e57-7c11-8e57-000000000001,01a0d76c-a53d-76a2-8c24-b9355d75a8b0,ACTIVE,1250000,250000,-2165064,0,0,0,0,0.0000
1564206,01a0b1c2-7e57-7c11-8e57-000000000001,01a0d76c-a53d-76a2-8c24-b9305de133da,ACTIVE,1971670,-762634,911497,-88386,-92803,56351,0,0.0000
1564208,01a0b1c2-7e57-7c11-8e57-000000000001,01a0d76c-a53d-76a2-8c24-b9355d75a8b0,ACTIVE,1250000,250000,-2165064,0,0,0,0,0.0000
1564208,01a0b1c2-7e57-7c11-8e57-000000000001,01a0d76c-a53d-76a2-8c24-b9305de133da,ACTIVE,1962831,-771914,917132,-88386,-92803,56351,0,0.0000
1564210,01a0b1c2-7e57-7c11-8e57-000000000001,01a0d76c-a53d-76a2-8c24-b9355d75a8b0,ACTIVE,1250000,250000,-2165064,0,0,0,0,0.0000
1564210,01a0b1c2-7e57-7c11-8e57-000000000001,01a0d76c-a53d-76a2-8c24-b9305de133da,ACTIVE,1953992,-781195,922767,-88386,-92803,56351,0,0.0000
1564212,01a0b1c2-7e57-7c11-8e57-000000000001,01a0d76c-a53d-76a2-8c24-b9355d75a8b0,ACTIVE,1250000,250000,-2165064,0,0,0,0,0.0000
1564212,01a0b1c2-7e57-7c11-8e57-000000000001,01a0d76c-a53d-76a2-8c24-b9305de133da,ACTIVE,1945154,-790475,928402,-88386,-92803,56351,0,0.0000
1564214,01a0b1c2-7e57-7c11-8e57-000000000001,01a0d76c-a53d-76a2-8c24-b9355d75a8b0,ACTIVE,1250000,250000,-2165064,0,0,0,0,0.0000
1564214,01a0b1c2-7e57-7c11-8e57-000000000001,01a0d76c-a53d-76a2-8c24-b9305de133da,ACTIVE,1936315,-799755,934037,-88386,-92803,56351,0,0.0000
1564216,01a0b1c2-7e57-7c11-8e57-000000000001,01a0d76c-a53d-76a2-8c24-b9355d75a8b0,ACTIVE,1250000,250000,-2165064,0,0,0,0,0.0000
1564216,01a0b1c2-7e57-7c11-8e57-000000000001,01a0d76c-a53d-76a2-8c24-b9305de133da,ACTIVE,1927477,-809036,939672,-88386,-92803,56351,0,0.0000
1564218,01a0b1c2-7e57-7c11-8e57-000000000001,01a0d76c-a53d-76a2-8c24-b9355d75a8b0,ACTIVE,1250000,250000,-2165064,0,0,0,0,0.0000
1564218,01a0b1c2-7e57-7c11-8e57-000000000001,01a0d76c-a53d-76a2-8c24-b9305de133da,ACTIVE,1918638,-818316,945307,-88386,-92803,56351,0,0.0000
1564220,01a0b1c2-7e57-7c11-8e57-000000000001,01a0d76c-a53d-76a2-8c24-b9355d75a8b0,ACTIVE,1250000,250000,-2165064,0,0,0,0,0.0000
1564220,01a0b1c2-7e57-7c11-8e57-000000000001,01a0d76c-a53d-76a2-8c24-b9305de133da,ACTIVE,1909800,-827596,950943,-88386,-92803,56351,0,0.0000
1564222,01a0b1c2-7e57-7c11-8e57-000000000001,01a0d76c-a53d-76a2-8c24-b9355d75a8b0,ACTIVE,1250000,250000,-2165064,0,0,0,0,0.0000
1564222,01a0b1c2-7e57-7c11-8e57-000000000001,01a0d76c-a53d-76a2-8c24-b9305de133da,ACTIVE,1900961,-836877,956578,-88386,-92803,56351,0,0.0000
1564224,01a0b1c2-7e57-7c11-8e57-000000000001,01a0d76c-a53d-76a2-8c24-b9355d75a8b0,ACTIVE,1250000,250000,-2165064,0,0,0,0,0.0000
1564224,01a0b1c2-7e57-7c11-8e57-000000000001,01a0d76c-a53d-76a2-8c24-b9305de133da,ACTIVE,1892122,-846157,962213,-88386,-92803,56351,0,0.0000
1564226,01a0b1c2-7e57-7c11-8e57-000000000001,01a0d76c-a53d-76a2-8c24-b9355d75a8b0,ACTIVE,1250000,250000,-2165064,0,0,0,0,0.0000
1564226,01a0b1c2-7e57-7c11-8e57-000000000001,01a0d76c-a53d-76a2-8c24-b9305de133da,ACTIVE,1883284,-855437,967848,-88386,-92803,56351,0,0.0000
1564228,01a0b1c2-7e57-7c11-8e57-000000000001,01a0d76c-a53d-76a2-8c24-b9355d75a8b0,ACTIVE,1250000,250000,-2165064,0,0,0,0,0.0000
1564228,01a0b1c2-7e57-7c11-8e57-000000000001,01a0d76c-a53d-76a2-8c24-b9305de133da,ACTIVE,1874445,-864718,973483,-88386,-92803,56351,0,0.0000
1564230,01a0b1c2-7e57-7c11-8e57-000000000001,01a0d76c-a53d-76a2-8c24-b9355d75a8b0,ACTIVE,1250000,250000,-2165064,0,0,0,0,0.0000
1564230,01a0b1c2-7e57-7c11-8e57-000000000001,01a0d76c-a53d-76a2-8c24-b9305de133da,ACTIVE,1865607,-873998,979118,-88386,-92803,56351,0,0.0000
1564232,01a0b1c2-7e57-7c11-8e57-000000000001,01a0d76c-a53d-76a2-8c24-b9355d75a8b0,ACTIVE,1250000,250000,-2165064,0,0,0,0,0.0000
1564232,01a0b1c2-7e57-7c11-8e57-000000000001,01a0d76c-a53d-76a2-8c24-b9305de133da,ACTIVE,1856768,-883278,984753,-88386,-92803,56351,0,0.0000
1564234,01a0b1c2-7e57-7c11-8e57-000000000001,01a0d76c-a53d-76a2-8c24-b9355d75a8b0,ACTIVE,1250000,250000,-2165064,0,0,0,0,0.0000
1564234,01a0b1c2-7e57-7c11-8e57-000000000001,01a0d76c-a53d-76a2-8c24-b9305de133da,ACTIVE,1847929,-892559,990388,-88386,-92803,56351,0,0.0000
1564236,01a0b1c2-7e57-7c11-8e57-000000000001,01a0d76c-a53d-76a2-8c24-b9355d75a8b0,ACTIVE,1250000,250000,-2165064,0,0,0,0,0.0000
1564236,01a0b1c2-7e57-7c11-8e57-000000000001,01a0d76c-a53d-76a2-8c24-b9305de133da,ACTIVE,1839091,-901839,996024,-88386,-92803,56351,0,0.0000
1564238,01a0b1c2-7e57-7c11-8e57-000000000001,01a0d76c-a53d-76a2-8c24-b9355d75a8b0,ACTIVE,1250000,250000,-2165064,0,0,0,0,0.0000
1564238,01a0b1c2-7e57-7c11-8e57-000000000001,01a0d76c-a53d-76a2-8c24-b9305de133da,ACTIVE,1830252,-911119,1001659,-88386,-92803,56351,0,0.0000
1564240,01a0b1c2-7e57-7c11-8e57-000000000001,01a0d76c-a53d-76a2-8c24-b9355d75a8b0,ACTIVE,1250000,250000,-2165064,0,0,0,0,0.0000
1564240,01a0b1c2-7e57-7c11-8e57-000000000001,01a0d76c-a53d-76a2-8c24-b9305de133da,ACTIVE,1821414,-920400,1007294,-88386,-92803,56351,0,0.0000
1564242,01a0b1c2-7e57-7c11-8e57-000000000001,01a0d76c-a53d-76a2-8c24-b9355d75a8b0,ACTIVE,1250000,250000,-2165064,0,0,0,0,0.0000
1564242,01a0b1c2-7e57-7c11-8e57-000000000001,01a0d76c-a53d-76a2-8c24-b9305de133da,ACTIVE,1812575,-929680,1012929,-88386,-92803,56351,0,0.0000
1564244,01a0b1c2-7e57-7c11-8e57-000000000001,01a0d76c-a53d-76a2-8c24-b9355d75a8b0,ACTIVE,1250000,250000,-2165064,0,0,0,0,0.0000
1564244,01a0b1c2-7e57-7c11-8e57-000000000001,01a0d76c-a53d-76a2-8c24-b9305de133da,ACTIVE,1803736,-938960,1018564,-88386,-92803,56351,0,0.0000
1564246,01a0b1c2-7e57-7c11-8e57-000000000001,01a0d76c-a53d-76a2-8c24-b9355d75a8b0,ACTIVE,1250000,250000,-2165064,0,0,0,0,0.0000
1564246,01a0b1c2-7e57-7c11-8e57-000000000001,01a0d76c-a53d-76a2-8c24-b9305de133da,ACTIVE,1794898,-948241,1024199,-88386,-92803,56351,0,0.0000
1564248,01a0b1c2-7e57-7c11-8e57-000000000001,01a0d76c-a53d-76a2-8c24-b9355d75a8b0,ACTIVE,1250000,250000,-2165064,0,0,0,0,0.0000
1564248,01a0b1c2-7e57-7c11-8e57-000000000001,01a0d76c-a53d-76a2-8c24-b9305de133da,ACTIVE,1786059,-957521,1029834,-88386,-92803,56351,0,0.0000
1564250,01a0b1c2-7e57-7c11-8e57-000000000001,01a0d76c-a53d-76a2-8c24-b9355d75a8b0,ACTIVE,1250000,250000,-2165064,0,0,0,0,0.0000
1564250,01a0b1c2-7e57-7c11-8e57-000000000001,01a0d76c-a53d-76a2-8c24-b9305de133da,ACTIVE,1777221,-966801,1035469,-88386,-92803,56351,0,0.0000
1564252,01a0b1c2-7e57-7c11-8e57-000000000001,01a0d76c-a53d-76a2-8c24-b9355d75a8b0,ACTIVE,1250000,250000,-2165064,0,0,0,0,0.0000
1564252,01a0b1c2-7e57-7c11-8e57-000000000001,01a0d76c-a53d-76a2-8c24-b9305de133da,ACTIVE,1768382,-976082,1041105,-88386,-92803,56351,0,0.0000
1564254,01a0b1c2-7e57-7c11-8e57-000000000001,01a0d76c-a53d-76a2-8c24-b9355d75a8b0,ACTIVE,1250000,250000,-2165064,0,0,0,0,0.0000
1564254,01a0b1c2-7e57-7c11-8e57-000000000001,01a0d76c-a53d-76a2-8c24-b9305de133da,ACTIVE,1759543,-985362,1046740,-88386,-92803,56351,0,0.0000
1564256,01a0b1c2-7e57-7c11-8e57-000000000001,01a0d76c-a53d-76a2-8c24-b9355d75a8b0,ACTIVE,1250000,250000,-2165064,0,0,0,0,0.0000
1564256,01a0b1c2-7e57-7c11-8e57-000000000001,01a0d76c-a53d-76a2-8c24-b9305de133da,ACTIVE,1750705,-994642,1052375,-88386,-92803,56351,0,0.0000
1564258,01a0b1c2-7e57-7c11-8e57-000000000001,01a0d76c-a53d-76a2-8c24-b9355d75a8b0,ACTIVE,1250000,250000,-2165064,0,0,0,0,0.0000
1564258,01a0b1c2-7e57-7c11-8e57-000000000001,01a0d76c-a53d-76a2-8c24-b9305de133da,ACTIVE,1741866,-1003923,1058010,-88386,-92803,56351,0,0.0000
1564260,01a0b1c2-7e57-7c11-8e57-000000000001,01a0d76c-a53d-76a2-8c24-b9355d75a8b0,ACTIVE,1250000,250000,-2165064,0,0,0,0,0.0000
1564260,01a0b1c2-7e57-7c11-8e57-000000000001,01a0d76c-a53d-76a2-8c24-b9305de133da,ACTIVE,1733028,-1013203,1063645,-88386,-92803,56351,0,0.0000
1564262,01a0b1c2-7e57-7c11-8e57-000000000001,01a0d76c-a53d-76a2-8c24-b9355d75a8b0,ACTIVE,1250000,250000,-2165064,0,0,0,0,0.0000
1564262,01a0b1c2-7e57-7c11-8e57-000000000001,01a0d76c-a53d-76a2-8c24-b9305de133da,ACTIVE,1724189,-1022483,1069280,-88386,-92803,56351,0,0.0000
1564264,01a0b1c2-7e57-7c11-8e57-000000000001,01a0d76c-a53d-76a2-8c24-b9355d75a8b0,ACTIVE,1250000,250000,-2165064,0,0,0,0,0.0000
1564264,01a0b1c2-7e57-7c11-8e57-000000000001,01a0d76c-a53d-76a2-8c24-b9305de133da,ACTIVE,1715350,-1031764,1074915,-88386,-92803,56351,0,0.0000
1564266,01a0b1c2-7e57-7c11-8e57-000000000001,01a0d76c-a53d-76a2-8c24-b9355d75a8b0,ACTIVE,1250000,250000,-2165064,0,0,0,0,0.0000
1564266,01a0b1c2-7e57-7c11-8e57-000000000001,01a0d76c-a53d-76a2-8c24-b9305de133da,ACTIVE,1706512,-1041044,1080550,-88386,-92803,56351,0,0.0000
1564268,01a0b1c2-7e57-7c11-8e57-000000000001,01a0d76c-a53d-76a2-8c24-b9355d75a8b0,ACTIVE,1250000,250000,-2165064,0,0,0,0,0.0000
1564268,01a0b1c2-7e57-7c11-8e57-000000000001,01a0d76c-a53d-76a2-8c24-b9305de133da,ACTIVE,1697673,-1050324,1086186,-88386,-92803,56351,0,0.0000
1564270,01a0b1c2-7e57-7c11-8e57-000000000001,01a0d76c-a53d-76a2-8c24-b9355d75a8b0,ACTIVE,1250000,250000,-2165064,0,0,0,0,0.0000
1564270,01a0b1c2-7e57-7c11-8e57-000000000001,01a0d76c-a53d-76a2-8c24-b9305de133da,ACTIVE,1688835,-1059605,1091821,-88386,-92803,56351,0,0.0000
1564272,01a0b1c2-7e57-7c11-8e57-000000000001,01a0d76c-a53d-76a2-8c24-b9355d75a8b0,ACTIVE,1250000,250000,-2165064,0,0,0,0,0.0000
1564272,01a0b1c2-7e57-7c11-8e57-000000000001,01a0d76c-a53d-76a2-8c24-b9305de133da,ACTIVE,1679996,-1068885,1097456,-88386,-92803,56351,0,0.0000
1564274,01a0b1c2-7e57-7c11-8e57-000000000001,01a0d76c-a53d-76a2-8c24-b9355d75a8b0,ACTIVE,1250000,250000,-2165064,0,0,0,0,0.0000
1564274,01a0b1c2-7e57-7c11-8e57-000000000001,01a0d76c-a53d-76a2-8c24-b9305de133da,ACTIVE,1671158,-1078165,1103091,-88386,-92803,56351,0,0.0000
1564276,01a0b1c2-7e57-7c11-8e57-000000000001,01a0d76c-a53d-76a2-8c24-b9355d75a8b0,ACTIVE,1250000,250000,-2165064,0,0,0,0,0.0000
1564276,01a0b1c2-7e57-7c11-8e57-000000000001,01a0d76c-a53d-76a2-8c24-b9305de133da,ACTIVE,1662319,-1087446,1108726,-88386,-92803,56351,0,0.0000
1564278,01a0b1c2-7e57-7c11-8e57-000000000001,01a0d76c-a53d-76a2-8c24-b9355d75a8b0,ACTIVE,1250000,250000,-2165064,0,0,0,0,0.0000
1564278,01a0b1c2-7e57-7c11-8e57-000000000001,01a0d76c-a53d-76a2-8c24-b9305de133da,ACTIVE,1653480,-1096726,1114361,-88386,-92803,56351,0,0.0000
1564280,01a0b1c2-7e57-7c11-8e57-000000000001,01a0d76c-a53d-76a2-8c24-b9355d75a8b0,ACTIVE,1250000,250000,-2165064,0,0,0,0,0.0000
1564280,01a0b1c2-7e57-7c11-8e57-000000000001,01a0d76c-a53d-76a2-8c24-b9305de133da,ACTIVE,1644642,-1106006,1119996,-88386,-92803,56351,0,0.0000
1564282,01a0b1c2-7e57-7c11-8e57-000000000001,01a0d76c-a53d-76a2-8c24-b9355d75a8b0,ACTIVE,1250000,250000,-2165064,0,0,0,0,0.0000
1564282,01a0b1c2-7e57-7c11-8e57-000000000001,01a0d76c-a53d-76a2-8c24-b9305de133da,ACTIVE,1635803,-1115287,1125631,-88386,-92803,56351,0,0.0000
1564284,01a0b1c2-7e57-7c11-8e57-000000000001,01a0d76c-a53d-76a2-8c24-b9355d75a8b0,ACTIVE,1250000,250000,-2165064,0,0,0,0,0.0000
1564284,01a0b1c2-7e57-7c11-8e57-000000000001,01a0d76c-a53d-76a2-8c24-b9305de133da,ACTIVE,1626965,-1124567,1131267,-88386,-92803,56351,0,0.0000
1564286,01a0b1c2-7e57-7c11-8e57-000000000001,01a0d76c-a53d-76a2-8c24-b9355d75a8b0,ACTIVE,1250000,250000,-2165064,0,0,0,0,0.0000
1564286,01a0b1c2-7e57-7c11-8e57-000000000001,01a0d76c-a53d-76a2-8c24-b9305de133da,ACTIVE,1618126,-1133847,1136902,-88386,-92803,56351,0,0.0000
1564288,01a0b1c2-7e57-7c11-8e57-000000000001,01a0d76c-a53d-76a2-8c24-b9355d75a8b0,ACTIVE,1250000,250000,-2165064,0,0,0,0,0.0000
1564288,01a0b1c2-7e57-7c11-8e57-000000000001,01a0d76c-a53d-76a2-8c24-b9305de133da,ACTIVE,1609287,-1143128,1142537,-88386,-92803,56351,0,0.0000
1564290,01a0b1c2-7e57-7c11-8e57-000000000001,01a0d76c-a53d-76a2-8c24-b9355d75a8b0,ACTIVE,1250000,250000,-2165064,0,0,0,0,0.0000
1564290,01a0b1c2-7e57-7c11-8e57-000000000001,01a0d76c-a53d-76a2-8c24-b9305de133da,ACTIVE,1600449,-1152408,1148172,-88386,-92803,56351,0,0.0000
1564292,01a0b1c2-7e57-7c11-8e57-000000000001,01a0d76c-a53d-76a2-8c24-b9355d75a8b0,ACTIVE,1250000,250000,-2165064,0,0,0,0,0.0000
1564292,01a0b1c2-7e57-7c11-8e57-000000000001,01a0d76c-a53d-76a2-8c24-b9305de133da,ACTIVE,1591610,-1161688,1153807,-88386,-92803,56351,0,0.0000
1564294,01a0b1c2-7e57-7c11-8e57-000000000001,01a0d76c-a53d-76a2-8c24-b9355d75a8b0,ACTIVE,1250000,250000,-2165064,0,0,0,0,0.0000
1564294,01a0b1c2-7e57-7c11-8e57-000000000001,01a0d76c-a53d-76a2-8c24-b9305de133da,ACTIVE,1582772,-1170969,1159442,-88386,-92803,56351,0,0.0000
1564296,01a0b1c2-7e57-7c11-8e57-000000000001,01a0d76c-a53d-76a2-8c24-b9355d75a8b0,ACTIVE,1250000,250000,-2165064,0,0,0,0,0.0000
1564296,01a0b1c2-7e57-7c11-8e57-000000000001,01a0d76c-a53d-76a2-8c24-b9305de133da,ACTIVE,1573933,-1180249,1165077,-88386,-92803,56351,0,0.0000
1564298,01a0b1c2-7e57-7c11-8e57-000000000001,01a0d76c-a53d-76a2-8c24-b9355d75a8b0,ACTIVE,1250000,250000,-2165064,0,0,0,0,0.0000
1564298,01a0b1c2-7e57-7c11-8e57-000000000001,01a0d76c-a53d-76a2-8c24-b9305de133da,ACTIVE,1565094,-1189529,1170713,-88386,-92803,56351,0,0.0000
1564300,01a0b1c2-7e57-7c11-8e57-000000000001,01a0d76c-a53d-76a2-8c24-b9355d75a8b0,ACTIVE,1250000,250000,-2165064,0,0,0,0,0.0000
1564300,01a0b1c2-7e57-7c11-8e57-000000000001,01a0d76c-a53d-76a2-8c24-b9305de133da,ACTIVE,1556256,-1198810,1176348,-88386,-92803,56351,0,0.0000
1564302,01a0b1c2-7e57-7c11-8e57-000000000001,01a0d76c-a53d-76a2-8c24-b9355d75a8b0,ACTIVE,1250000,250000,-2165064,0,0,0,0,0.0000
1564302,01a0b1c2-7e57-7c11-8e57-000000000001,01a0d76c-a53d-76a2-8c24-b9305de133da,ACTIVE,1547417,-1208090,1181983,-88386,-92803,56351,0,0.0000
1564304,01a0b1c2-7e57-7c11-8e57-000000000001,01a0d76c-a53d-76a2-8c24-b9355d75a8b0,ACTIVE,1250000,250000,-2165064,0,0,0,0,0.0000
1564304,01a0b1c2-7e57-7c11-8e57-000000000001,01a0d76c-a53d-76a2-8c24-b9305de133da,ACTIVE,1538579,-1217370,1187618,-88386,-92803,56351,0,0.0000
1564306,01a0b1c2-7e57-7c11-8e57-000000000001,01a0d76c-a53d-76a2-8c24-b9355d75a8b0,ACTIVE,1250000,250000,-2165064,0,0,0,0,0.0000
1564306,01a0b1c2-7e57-7c11-8e57-000000000001,01a0d76c-a53d-76a2-8c24-b9305de133da,ACTIVE,1529740,-1226651,1193253,-88386,-92803,56351,0,0.0000
1564308,01a0b1c2-7e57-7c11-8e57-000000000001,01a0d76c-a53d-76a2-8c24-b9355d75a8b0,ACTIVE,1250000,250000,-2165064,0,0,0,0,0.0000
1564308,01a0b1c2-7e57-7c11-8e57-000000000001,01a0d76c-a53d-76a2-8c24-b9305de133da,ACTIVE,1520901,-1235931,1198888,-88386,-92803,56351,0,0.0000
1564310,01a0b1c2-7e57-7c11-8e57-000000000001,01a0d76c-a53d-76a2-8c24-b9355d75a8b0,ACTIVE,1250000,250000,-2165064,0,0,0,0,0.0000
1564310,01a0b1c2-7e57-7c11-8e57-000000000001,01a0d76c-a53d-76a2-8c24-b9305de133da,ACTIVE,1512063,-1245211,1204523,-88386,-92803,56351,0,0.0000
1564312,01a0b1c2-7e57-7c11-8e57-000000000001,01a0d76c-a53d-76a2-8c24-b9355d75a8b0,ACTIVE,1250000,250000,-2165064,0,0,0,0,0.0000
1564312,01a0b1c2-7e57-7c11-8e57-000000000001,01a0d76c-a53d-76a2-8c24-b9305de133da,ACTIVE,1503224,-1254492,1210158,-88386,-92803,56351,0,0.0000
1564314,01a0b1c2-7e57-7c11-8e57-000000000001,01a0d76c-a53d-76a2-8c24-b9355d75a8b0,ACTIVE,1250000,250000,-2165064,0,0,0,0,0.0000
1564314,01a0b1c2-7e57-7c11-8e57-000000000001,01a0d76c-a53d-76a2-8c24-b9305de133da,ACTIVE,1494386,-1263772,1215794,-88386,-92803,56351,0,0.0000
1564316,01a0b1c2-7e57-7c11-8e57-000000000001,01a0d76c-a53d-76a2-8c24-b9355d75a8b0,ACTIVE,1250000,250000,-2165064,0,0,0,0,0.0000
1564316,01a0b1c2-7e57-7c11-8e57-000000000001,01a0d76c-a53d-76a2-8c24-b9305de133da,ACTIVE,1485547,-1273052,1221429,-88386,-92803,56351,0,0.0000
1564318,01a0b1c2-7e57-7c11-8e57-000000000001,01a0d76c-a53d-76a2-8c24-b9355d75a8b0,ACTIVE,1250000,250000,-2165064,0,0,0,0,0.0000
1564318,01a0b1c2-7e57-7c11-8e57-000000000001,01a0d76c-a53d-76a2-8c24-b9305de133da,ACTIVE,1476708,-1282333,1227064,-88386,-92803,56351,0,0.0000
1564320,01a0b1c2-7e57-7c11-8e57-000000000001,01a0d76c-a53d-76a2-8c24-b9355d75a8b0,ACTIVE,1250000,250000,-2165064,0,0,0,0,0.0000
1564320,01a0b1c2-7e57-7c11-8e57-000000000001,01a0d76c-a53d-76a2-8c24-b9305de133da,ACTIVE,1467870,-1291613,1232699,-88386,-92803,56351,0,0.0000
1564322,01a0b1c2-7e57-7c11-8e57-000000000001,01a0d76c-a53d-76a2-8c24-b9355d75a8b0,ACTIVE,1250000,250000,-2165064,0,0,0,0,0.0000
1564322,01a0b1c2-7e57-7c11-8e57-000000000001,01a0d76c-a53d-76a2-8c24-b9305de133da,ACTIVE,1459031,-1300893,1238334,-88386,-92803,56351,0,0.0000
1564324,01a0b1c2-7e57-7c11-8e57-000000000001,01a0d76c-a53d-76a2-8c24-b9355d75a8b0,ACTIVE,1250000,250000,-2165064,0,0,0,0,0.0000
1564324,01a0b1c2-7e57-7c11-8e57-000000000001,01a0d76c-a53d-76a2-8c24-b9305de133da,ACTIVE,1450193,-1310174,1243969,-88386,-92803,56351,0,0.0000
1564326,01a0b1c2-7e57-7c11-8e57-000000000001,01a0d76c-a53d-76a2-8c24-b9355d75a8b0,ACTIVE,1250000,250000,-2165064,0,0,0,0,0.0000
1564326,01a0b1c2-7e57-7c11-8e57-000000000001,01a0d76c-a53d-76a2-8c24-b9305de133da,ACTIVE,1441354,-1319454,1249604,-88386,-92803,56351,0,0.0000
1564328,01a0b1c2-7e57-7c11-8e57-000000000001,01a0d76c-a53d-76a2-8c24-b9355d75a8b0,ACTIVE,1250000,250000,-2165064,0,0,0,0,0.0000
1564328,01a0b1c2-7e57-7c11-8e57-000000000001,01a0d76c-a53d-76a2-8c24-b9305de133da,ACTIVE,1432516,-1328734,1255239,-88386,-92803,56351,0,0.0000
1564330,01a0b1c2-7e57-7c11-8e57-000000000001,01a0d76c-a53d-76a2-8c24-b9355d75a8b0,ACTIVE,1250000,250000,-2165064,0,0,0,0,0.0000
1564330,01a0b1c2-7e57-7c11-8e57-000000000001,01a0d76c-a53d-76a2-8c24-b9305de133da,ACTIVE,1423677,-1338015,1260875,-88386,-92803,56351,0,0.0000
1564332,01a0b1c2-7e57-7c11-8e57-000000000001,01a0d76c-a53d-76a2-8c24-b9355d75a8b0,ACTIVE,1250000,250000,-2165064,0,0,0,0,0.0000
1564332,01a0b1c2-7e57-7c11-8e57-000000000001,01a0d76c-a53d-76a2-8c24-b9305de133da,ACTIVE,1414838,-1347295,1266510,-88386,-92803,56351,0,0.0000
1564334,01a0b1c2-7e57-7c11-8e57-000000000001,01a0d76c-a53d-76a2-8c24-b9355d75a8b0,ACTIVE,1250000,250000,-2165064,0,0,0,0,0.0000
1564334,01a0b1c2-7e57-7c11-8e57-000000000001,01a0d76c-a53d-76a2-8c24-b9305de133da,ACTIVE,1406000,-1356575,1272145,-88386,-92803,56351,0,0.0000
1564336,01a0b1c2-7e57-7c11-8e57-000000000001,01a0d76c-a53d-76a2-8c24-b9355d75a8b0,ACTIVE,1250000,250000,-2165064,0,0,0,0,0.0000
1564336,01a0b1c2-7e57-7c11-8e57-000000000001,01a0d76c-a53d-76a2-8c24-b9305de133da,ACTIVE,1397161,-1365856,1277780,-88386,-92803,56351,0,0.0000
1564338,01a0b1c2-7e57-7c11-8e57-000000000001,01a0d76c-a53d-76a2-8c24-b9355d75a8b0,ACTIVE,1250000,250000,-2165064,0,0,0,0,0.0000
1564338,01a0b1c2-7e57-7c11-8e57-000000000001,01a0d76c-a53d-76a2-8c24-b9305de133da,ACTIVE,1388323,-1375136,1283415,-88386,-92803,56351,0,0.0000
1564340,01a0b1c2-7e57-7c11-8e57-000000000001,01a0d76c-a53d-76a2-8c24-b9355d75a8b0,ACTIVE,1250000,250000,-2165064,0,0,0,0,0.0000
1564340,01a0b1c2-7e57-7c11-8e57-000000000001,01a0d76c-a53d-76a2-8c24-b9305de133da,ACTIVE,1379484,-1384416,1289050,-88386,-92803,56351,0,0.0000
1564342,01a0b1c2-7e57-7c11-8e57-000000000001,01a0d76c-a53d-76a2-8c24-b9355d75a8b0,ACTIVE,1250000,250000,-2165064,0,0,0,0,0.0000
1564342,01a0b1c2-7e57-7c11-8e57-000000000001,01a0d76c-a53d-76a2-8c24-b9305de133da,ACTIVE,1370645,-1393697,1294685,-88386,-92803,56351,0,0.0000
1564344,01a0b1c2-7e57-7c11-8e57-000000000001,01a0d76c-a53d-76a2-8c24-b9355d75a8b0,ACTIVE,1250000,250000,-2165064,0,0,0,0,0.0000
1564344,01a0b1c2-7e57-7c11-8e57-000000000001,01a0d76c-a53d-76a2-8c24-b9305de133da,ACTIVE,1361807,-1402977,1300320,-88386,-92803,56351,0,0.0000
1564346,01a0b1c2-7e57-7c11-8e57-000000000001,01a0d76c-a53d-76a2-8c24-b9355d75a8b0,ACTIVE,1250000,250000,-2165064,0,0,0,0,0.0000
1564346,01a0b1c2-7e57-7c11-8e57-000000000001,01a0d76c-a53d-76a2-8c24-b9305de133da,ACTIVE,1352968,-1412257,1305956,-88386,-92803,56351,0,0.0000
1564348,01a0b1c2-7e57-7c11-8e57-000000000001,01a0d76c-a53d-76a2-8c24-b9355d75a8b0,ACTIVE,1250000,250000,-2165064,0,0,0,0,0.0000
1564348,01a0b1c2-7e57-7c11-8e57-000000000001,01a0d76c-a53d-76a2-8c24-b9305de133da,ACTIVE,1344130,-1421538,1311591,-88386,-92803,56351,0,0.0000
1564350,01a0b1c2-7e57-7c11-8e57-000000000001,01a0d76c-a53d-76a2-8c24-b9355d75a8b0,ACTIVE,1250000,250000,-2165064,0,0,0,0,0.0000
1564350,01a0b1c2-7e57-7c11-8e57-000000000001,01a0d76c-a53d-76a2-8c24-b9305de133da,ACTIVE,1335291,-1430818,1317226,-88386,-92803,56351,0,0.0000
1564352,01a0b1c2-7e57-7c11-8e57-000000000001,01a0d76c-a53d-76a2-8c24-b9355d75a8b0,ACTIVE,1250000,250000,-2165064,0,0,0,0,0.0000
1564352,01a0b1c2-7e57-7c11-8e57-000000000001,01a0d76c-a53d-76a2-8c24-b9305de133da,ACTIVE,1326452,-1440098,1322861,-88386,-92803,56351,0,0.0000
1564354,01a0b1c2-7e57-7c11-8e57-000000000001,01a0d76c-a53d-76a2-8c24-b9355d75a8b0,ACTIVE,1250000,250000,-2165064,0,0,0,0,0.0000
1564354,01a0b1c2-7e57-7c11-8e57-000000000001,01a0d76c-a53d-76a2-8c24-b9305de133da,ACTIVE,1317614,-1449379,1328496,-88386,-92803,56351,0,0.0000
1564356,01a0b1c2-7e57-7c11-8e57-000000000001,01a0d76c-a53d-76a2-8c24-b9355d75a8b0,ACTIVE,1250000,250000,-2165064,0,0,0,0,0.0000
1564356,01a0b1c2-7e57-7c11-8e57-000000000001,01a0d76c-a53d-76a2-8c24-b9305de133da,ACTIVE,1308775,-1458659,1334131,-88386,-92803,56351,0,0.0000
1564358,01a0b1c2-7e57-7c11-8e57-000000000001,01a0d76c-a53d-76a2-8c24-b9355d75a8b0,ACTIVE,1250000,250000,-2165064,0,0,0,0,0.0000
1564358,01a0b1c2-7e57-7c11-8e57-000000000001,01a0d76c-a53d-76a2-8c24-b9305de133da,ACTIVE,1299937,-1467939,1339766,-88386,-92803,56351,0,0.0000
1564360,01a0b1c2-7e57-7c11-8e57-000000000001,01a0d76c-a53d-76a2-8c24-b9355d75a8b0,ACTIVE,1250000,250000,-2165064,0,0,0,0,0.0000
1564360,01a0b1c2-7e57-7c11-8e57-000000000001,01a0d76c-a53d-76a2-8c24-b9305de133da,ACTIVE,1291098,-1477220,1345402,-88386,-92803,56351,0,0.0000
1564362,01a0b1c2-7e57-7c11-8e57-000000000001,01a0d76c-a53d-76a2-8c24-b9355d75a8b0,ACTIVE,1250000,250000,-2165064,0,0,0,0,0.0000
1564362,01a0b1c2-7e57-7c11-8e57-000000000001,01a0d76c-a53d-76a2-8c24-b9305de133da,ACTIVE,1282259,-1486500,1351037,-88386,-92803,56351,0,0.0000
1564364,01a0b1c2-7e57-7c11-8e57-000000000001,01a0d76c-a53d-76a2-8c24-b9355d75a8b0,ACTIVE,1250000,250000,-2165064,0,0,0,0,0.0000
1564364,01a0b1c2-7e57-7c11-8e57-000000000001,01a0d76c-a53d-76a2-8c24-b9305de133da,ACTIVE,1273421,-1495780,1356672,-88386,-92803,56351,0,0.0000
1564366,01a0b1c2-7e57-7c11-8e57-000000000001,01a0d76c-a53d-76a2-8c24-b9355d75a8b0,ACTIVE,1250000,250000,-2165064,0,0,0,0,0.0000
1564366,01a0b1c2-7e57-7c11-8e57-000000000001,01a0d76c-a53d-76a2-8c24-b9305de133da,ACTIVE,1264582,-1505061,1362307,-88386,-92803,56351,0,0.0000
1564368,01a0b1c2-7e57-7c11-8e57-000000000001,01a0d76c-a53d-76a2-8c24-b9355d75a8b0,ACTIVE,1250000,250000,-2165064,0,0,0,0,0.0000
1564368,01a0b1c2-7e57-7c11-8e57-000000000001,01a0d76c-a53d-76a2-8c24-b9305de133da,ACTIVE,1255744,-1514341,1367942,-88386,-92803,56351,0,0.0000
1564370,01a0b1c2-7e57-7c11-8e57-000000000001,01a0d76c-a53d-76a2-8c24-b9355d75a8b0,ACTIVE,1250000,250000,-2165064,0,0,0,0,0.0000
1564370,01a0b1c2-7e57-7c11-8e57-000000000001,01a0d76c-a53d-76a2-8c24-b9305de133da,ACTIVE,1246905,-1523621,1373577,-88386,-92803,56351,0,0.0000
1564372,01a0b1c2-7e57-7c11-8e57-000000000001,01a0d76c-a53d-76a2-8c24-b9355d75a8b0,ACTIVE,1250000,250000,-2165064,0,0,0,0,0.0000
1564372,01a0b1c2-7e57-7c11-8e57-000000000001,01a0d76c-a53d-76a2-8c24-b9305de133da,ACTIVE,1238066,-1532902,1379212,-88386,-92803,56351,0,0.0000
1564374,01a0b1c2-7e57-7c11-8e57-000000000001,01a0d76c-a53d-76a2-8c24-b9355d75a8b0,ACTIVE,1250000,250000,-2165064,0,0,0,0,0.0000
1564374,01a0b1c2-7e57-7c11-8e57-000000000001,01a0d76c-a53d-76a2-8c24-b9305de133da,ACTIVE,1229228,-1542182,1384847,-88386,-92803,56351,0,0.0000
1564376,01a0b1c2-7e57-7c11-8e57-000000000001,01a0d76c-a53d-76a2-8c24-b9355d75a8b0,ACTIVE,1250000,250000,-2165064,0,0,0,0,0.0000
1564376,01a0b1c2-7e57-7c11-8e57-000000000001,01a0d76c-a53d-76a2-8c24-b9305de133da,ACTIVE,1220389,-1551462,1390483,-88386,-92803,56351,0,0.0000
1564378,01a0b1c2-7e57-7c11-8e57-000000000001,01a0d76c-a53d-76a2-8c24-b9355d75a8b0,ACTIVE,1250000,250000,-2165064,0,0,0,0,0.0000
1564378,01a0b1c2-7e57-7c11-8e57-000000000001,01a0d76c-a53d-76a2-8c24-b9305de133da,ACTIVE,1211551,-1560743,1396118,-88386,-92803,56351,0,0.0000
1564380,01a0b1c2-7e57-7c11-8e57-000000000001,01a0d76c-a53d-76a2-8c24-b9355d75a8b0,ACTIVE,1250000,250000,-2165064,0,0,0,0,0.0000
1564380,01a0b1c2-7e57-7c11-8e57-000000000001,01a0d76c-a53d-76a2-8c24-b9305de133da,ACTIVE,1202712,-1570023,1401753,-88386,-92803,56351,0,0.0000
1564382,01a0b1c2-7e57-7c11-8e57-000000000001,01a0d76c-a53d-76a2-8c24-b9355d75a8b0,ACTIVE,1250000,250000,-2165064,0,0,0,0,0.0000
1564382,01a0b1c2-7e57-7c11-8e57-000000000001,01a0d76c-a53d-76a2-8c24-b9305de133da,ACTIVE,1193874,-1579303,1407388,-88386,-92803,56351,0,0.0000
1564384,01a0b1c2-7e57-7c11-8e57-000000000001,01a0d76c-a53d-76a2-8c24-b9355d75a8b0,ACTIVE,1250000,250000,-2165064,0,0,0,0,0.0000
1564384,01a0b1c2-7e57-7c11-8e57-000000000001,01a0d76c-a53d-76a2-8c24-b9305de133da,ACTIVE,1185035,-1588584,1413023,-88386,-92803,56351,0,0.0000
1564386,01a0b1c2-7e57-7c11-8e57-000000000001,01a0d76c-a53d-76a2-8c24-b9355d75a8b0,ACTIVE,1250000,250000,-2165064,0,0,0,0,0.0000
1564386,01a0b1c2-7e57-7c11-8e57-000000000001,01a0d76c-a53d-76a2-8c24-b9305de133da,ACTIVE,1176196,-1597864,1418658,-88386,-92803,56351,0,0.0000
1564388,01a0b1c2-7e57-7c11-8e57-000000000001,01a0d76c-a53d-76a2-8c24-b9355d75a8b0,ACTIVE,1250000,250000,-2165064,0,0,0,0,0.0000
1564388,01a0b1c2-7e57-7c11-8e57-000000000001,01a0d76c-a53d-76a2-8c24-b9305de133da,ACTIVE,1167358,-1607144,1424293,-88386,-92803,56351,0,0.0000
1564390,01a0b1c2-7e57-7c11-8e57-000000000001,01a0d76c-a53d-76a2-8c24-b9355d75a8b0,ACTIVE,1250000,250000,-2165064,0,0,0,0,0.0000
1564390,01a0b1c2-7e57-7c11-8e57-000000000001,01a0d76c-a53d-76a2-8c24-b9305de133da,ACTIVE,1158519,-1616425,1429928,-88386,-92803,56351,0,0.0000
1564392,01a0b1c2-7e57-7c11-8e57-000000000001,01a0d76c-a53d-76a2-8c24-b9355d75a8b0,ACTIVE,1250000,250000,-2165064,0,0,0,0,0.0000
1564392,01a0b1c2-7e57-7c11-8e57-000000000001,01a0d76c-a53d-76a2-8c24-b9305de133da,ACTIVE,1149681,-1625705,1435564,-88386,-92803,56351,0,0.0000
1564394,01a0b1c2-7e57-7c11-8e57-000000000001,01a0d76c-a53d-76a2-8c24-b9355d75a8b0,ACTIVE,1250000,250000,-2165064,0,0,0,0,0.0000
1564394,01a0b1c2-7e57-7c11-8e57-000000000001,01a0d76c-a53d-76a2-8c24-b9305de133da,ACTIVE,1140842,-1634985,1441199,-88386,-92803,56351,0,0.0000
1564396,01a0b1c2-7e57-7c11-8e57-000000000001,01a0d76c-a53d-76a2-8c24-b9355d75a8b0,ACTIVE,1250000,250000,-2165064,0,0,0,0,0.0000
1564396,01a0b1c2-7e57-7c11-8e57-000000000001,01a0d76c-a53d-76a2-8c24-b9305de133da,ACTIVE,1132003,-1644266,1446834,-88386,-92803,56351,0,0.0000
1564398,01a0b1c2-7e57-7c11-8e57-000000000001,01a0d76c-a53d-76a2-8c24-b9355d75a8b0,ACTIVE,1250000,250000,-2165064,0,0,0,0,0.0000
1564398,01a0b1c2-7e57-7c11-8e57-000000000001,01a0d76c-a53d-76a2-8c24-b9305de133da,ACTIVE,1123165,-1653546,1452469,-88386,-92803,56351,0,0.0000
1564400,01a0b1c2-7e57-7c11-8e57-000000000001,01a0d76c-a53d-76a2-8c24-b9355d75a8b0,ACTIVE,1250000,250000,-2165064,0,0,0,0,0.0000
1564400,01a0b1c2-7e57-7c11-8e57-000000000001,01a0d76c-a53d-76a2-8c24-b9305de133da,ACTIVE,1114326,-1662826,1458104,-88386,-92803,56351,0,0.0000
1564402,01a0b1c2-7e57-7c11-8e57-000000000001,01a0d76c-a53d-76a2-8c24-b9355d75a8b0,ACTIVE,1250000,250000,-2165064,0,0,0,0,0.0000
1564402,01a0b1c2-7e57-7c11-8e57-000000000001,01a0d76c-a53d-76a2-8c24-b9305de133da,ACTIVE,1105488,-1672107,1463739,-88386,-92803,56351,0,0.0000
1564404,01a0b1c2-7e57-7c11-8e57-000000000001,01a0d76c-a53d-76a2-8c24-b9355d75a8b0,ACTIVE,1250000,250000,-2165064,0,0,0,0,0.0000
1564404,01a0b1c2-7e57-7c11-8e57-000000000001,01a0d76c-a53d-76a2-8c24-b9305de133da,ACTIVE,1096649,-1681387,1469374,-88386,-92803,56351,0,0.0000
1564406,01a0b1c2-7e57-7c11-8e57-000000000001,01a0d76c-a53d-76a2-8c24-b9355d75a8b0,ACTIVE,1250000,250000,-2165064,0,0,0,0,0.0000
1564406,01a0b1c2-7e57-7c11-8e57-000000000001,01a0d76c-a53d-76a2-8c24-b9305de133da,ACTIVE,1087810,-1690667,1475009,-88386,-92803,56351,0,0.0000
1564408,01a0b1c2-7e57-7c11-8e57-000000000001,01a0d76c-a53d-76a2-8c24-b9355d75a8b0,ACTIVE,1250000,250000,-2165064,0,0,0,0,0.0000
1564408,01a0b1c2-7e57-7c11-8e57-000000000001,01a0d76c-a53d-76a2-8c24-b9305de133da,ACTIVE,1078972,-1699948,1480645,-88386,-92803,56351,0,0.0000
1564410,01a0b1c2-7e57-7c11-8e57-000000000001,01a0d76c-a53d-76a2-8c24-b9355d75a8b0,ACTIVE,1250000,250000,-2165064,0,0,0,0,0.0000
1564410,01a0b1c2-7e57-7c11-8e57-000000000001,01a0d76c-a53d-76a2-8c24-b9305de133da,ACTIVE,1070133,-1709228,1486280,-88386,-92803,56351,0,0.0000
1564412,01a0b1c2-7e57-7c11-8e57-000000000001,01a0d76c-a53d-76a2-8c24-b9355d75a8b0,ACTIVE,1250000,250000,-2165064,0,0,0,0,0.0000
1564412,01a0b1c2-7e57-7c11-8e57-000000000001,01a0d76c-a53d-76a2-8c24-b9305de133da,ACTIVE,1061295,-1718508,1491915,-88386,-92803,56351,0,0.0000
1564414,01a0b1c2-7e57-7c11-8e57-000000000001,01a0d76c-a53d-76a2-8c24-b9355d75a8b0,ACTIVE,1250000,250000,-2165064,0,0,0,0,0.0000
1564414,01a0b1c2-7e57-7c11-8e57-000000000001,01a0d76c-a53d-76a2-8c24-b9305de133da,ACTIVE,1052456,-1727789,1497550,-88386,-92803,56351,0,0.0000
1564416,01a0b1c2-7e57-7c11-8e57-000000000001,01a0d76c-a53d-76a2-8c24-b9355d75a8b0,ACTIVE,1250000,250000,-2165064,0,0,0,0,0.0000
1564416,01a0b1c2-7e57-7c11-8e57-000000000001,01a0d76c-a53d-76a2-8c24-b9305de133da,ACTIVE,1043617,-1737069,1503185,-88386,-92803,56351,0,0.0000
1564418,01a0b1c2-7e57-7c11-8e57-000000000001,01a0d76c-a53d-76a2-8c24-b9355d75a8b0,ACTIVE,1250000,250000,-2165064,0,0,0,0,0.0000
1564418,01a0b1c2-7e57-7c11-8e57-000000000001,01a0d76c-a53d-76a2-8c24-b9305de133da,ACTIVE,1034779,-1746349,1508820,-88386,-92803,56351,0,0.0000
1564420,01a0b1c2-7e57-7c11-8e57-000000000001,01a0d76c-a53d-76a2-8c24-b9355d75a8b0,ACTIVE,1250000,250000,-2165064,0,0,0,0,0.0000
1564420,01a0b1c2-7e57-7c11-8e57-000000000001,01a0d76c-a53d-76a2-8c24-b9305de133da,ACTIVE,1025940,-1755630,1514455,-88386,-92803,56351,0,0.0000
1564422,01a0b1c2-7e57-7c11-8e57-000000000001,01a0d76c-a53d-76a2-8c24-b9355d75a8b0,ACTIVE,1250000,250000,-2165064,0,0,0,0,0.0000
1564422,01a0b1c2-7e57-7c11-8e57-000000000001,01a0d76c-a53d-76a2-8c24-b9305de133da,ACTIVE,1017102,-1764910,1520091,-88386,-92803,56351,0,0.0000
1564424,01a0b1c2-7e57-7c11-8e57-000000000001,01a0d76c-a53d-76a2-8c24-b9355d75a8b0,ACTIVE,1250000,250000,-2165064,0,0,0,0,0.0000
1564424,01a0b1c2-7e57-7c11-8e57-000000000001,01a0d76c-a53d-76a2-8c24-b9305de133da,ACTIVE,1008263,-1774190,1525726,-88386,-92803,56351,0,0.0000
1564426,01a0b1c2-7e57-7c11-8e57-000000000001,01a0d76c-a53d-76a2-8c24-b9355d75a8b0,ACTIVE,1250000,250000,-2165064,0,0,0,0,0.0000
1564426,01a0b1c2-7e57-7c11-8e57-000000000001,01a0d76c-a53d-76a2-8c24-b9305de133da,ACTIVE,999424,-1783471,1531361,-88386,-92803,56351,0,0.0000
1564428,01a0b1c2-7e57-7c11-8e57-000000000001,01a0d76c-a53d-76a2-8c24-b9355d75a8b0,ACTIVE,1250000,250000,-2165064,0,0,0,0,0.0000
1564428,01a0b1c2-7e57-7c11-8e57-000000000001,01a0d76c-a53d-76a2-8c24-b9305de133da,ACTIVE,990586,-1792751,1536996,-88386,-92803,56351,0,0.0000
1564430,01a0b1c2-7e57-7c11-8e57-000000000001,01a0d76c-a53d-76a2-8c24-b9355d75a8b0,ACTIVE,1250000,250000,-2165064,0,0,0,0,0.0000
1564430,01a0b1c2-7e57-7c11-8e57-000000000001,01a0d76c-a53d-76a2-8c24-b9305de133da,ACTIVE,981747,-1802031,1542631,-88386,-92803,56351,0,0.0000
1564432,01a0b1c2-7e57-7c11-8e57-000000000001,01a0d76c-a53d-76a2-8c24-b9355d75a8b0,ACTIVE,1250000,250000,-2165064,0,0,0,0,0.0000
1564432,01a0b1c2-7e57-7c11-8e57-000000000001,01a0d76c-a53d-76a2-8c24-b9305de133da,ACTIVE,972909,-1811312,1548266,-88386,-92803,56351,0,0.0000
1564434,01a0b1c2-7e57-7c11-8e57-000000000001,01a0d76c-a53d-76a2-8c24-b9355d75a8b0,ACTIVE,1250000,250000,-2165064,0,0,0,0,0.0000
1564434,01a0b1c2-7e57-7c11-8e57-000000000001,01a0d76c-a53d-76a2-8c24-b9305de133da,ACTIVE,964070,-1820592,1553901,-88386,-92803,56351,0,0.0000
1564436,01a0b1c2-7e57-7c11-8e57-000000000001,01a0d76c-a53d-76a2-8c24-b9355d75a8b0,ACTIVE,1250000,250000,-2165064,0,0,0,0,0.0000
1564436,01a0b1c2-7e57-7c11-8e57-000000000001,01a0d76c-a53d-76a2-8c24-b9305de133da,ACTIVE,955231,-1829872,1559536,-88386,-92803,56351,0,0.0000
1564438,01a0b1c2-7e57-7c11-8e57-000000000001,01a0d76c-a53d-76a2-8c24-b9355d75a8b0,ACTIVE,1250000,250000,-2165064,0,0,0,0,0.0000
1564438,01a0b1c2-7e57-7c11-8e57-000000000001,01a0d76c-a53d-76a2-8c24-b9305de133da,ACTIVE,946393,-1839153,1565172,-88386,-92803,56351,0,0.0000
1564440,01a0b1c2-7e57-7c11-8e57-000000000001,01a0d76c-a53d-76a2-8c24-b9355d75a8b0,ACTIVE,1250000,250000,-2165064,0,0,0,0,0.0000
1564440,01a0b1c2-7e57-7c11-8e57-000000000001,01a0d76c-a53d-76a2-8c24-b9305de133da,ACTIVE,937554,-1848433,1570807,-88386,-92803,56351,0,0.0000
1564442,01a0b1c2-7e57-7c11-8e57-000000000001,01a0d76c-a53d-76a2-8c24-b9355d75a8b0,ACTIVE,1250000,250000,-2165064,0,0,0,0,0.0000
1564442,01a0b1c2-7e57-7c11-8e57-000000000001,01a0d76c-a53d-76a2-8c24-b9305de133da,ACTIVE,928716,-1857713,1576442,-88386,-92803,56351,0,0.0000
1564444,01a0b1c2-7e57-7c11-8e57-000000000001,01a0d76c-a53d-76a2-8c24-b9355d75a8b0,ACTIVE,1250000,250000,-2165064,0,0,0,0,0.0000
1564444,01a0b1c2-7e57-7c11-8e57-000000000001,01a0d76c-a53d-76a2-8c24-b9305de133da,ACTIVE,919877,-1866994,1582077,-88386,-92803,56351,0,0.0000
1564446,01a0b1c2-7e57-7c11-8e57-000000000001,01a0d76c-a53d-76a2-8c24-b9355d75a8b0,ACTIVE,1250000,250000,-2165064,0,0,0,0,0.0000
1564446,01a0b1c2-7e57-7c11-8e57-000000000001,01a0d76c-a53d-76a2-8c24-b9305de133da,ACTIVE,911039,-1876274,1587712,-88386,-92803,56351,0,0.0000
1564448,01a0b1c2-7e57-7c11-8e57-000000000001,01a0d76c-a53d-76a2-8c24-b9355d75a8b0,ACTIVE,1250000,250000,-2165064,0,0,0,0,0.0000
1564448,01a0b1c2-7e57-7c11-8e57-000000000001,01a0d76c-a53d-76a2-8c24-b9305de133da,ACTIVE,902200,-1885554,1593347,-88386,-92803,56351,0,0.0000
1564450,01a0b1c2-7e57-7c11-8e57-000000000001,01a0d76c-a53d-76a2-8c24-b9355d75a8b0,ACTIVE,1250000,250000,-2165064,0,0,0,0,0.0000
1564450,01a0b1c2-7e57-7c11-8e57-000000000001,01a0d76c-a53d-76a2-8c24-b9305de133da,ACTIVE,893361,-1894835,1598982,-88386,-92803,56351,0,0.0000
1564452,01a0b1c2-7e57-7c11-8e57-000000000001,01a0d76c-a53d-76a2-8c24-b9355d75a8b0,ACTIVE,1250000,250000,-2165064,0,0,0,0,0.0000
1564452,01a0b1c2-7e57-7c11-8e57-000000000001,01a0d76c-a53d-76a2-8c24-b9305de133da,ACTIVE,884523,-1904115,1604617,-88386,-92803,56351,0,0.0000
1564454,01a0b1c2-7e57-7c11-8e57-000000000001,01a0d76c-a53d-76a2-8c24-b9355d75a8b0,ACTIVE,1250000,250000,-2165064,0,0,0,0,0.0000
1564454,01a0b1c2-7e57-7c11-8e57-000000000001,01a0d76c-a53d-76a2-8c24-b9305de133da,ACTIVE,875684,-1913395,1610253,-88386,-92803,56351,0,0.0000
1564456,01a0b1c2-7e57-7c11-8e57-000000000001,01a0d76c-a53d-76a2-8c24-b9355d75a8b0,ACTIVE,1250000,250000,-2165064,0,0,0,0,0.0000
1564456,01a0b1c2-7e57-7c11-8e57-000000000001,01a0d76c-a53d-76a2-8c24-b9305de133da,ACTIVE,866846,-1922676,1615888,-88386,-92803,56351,0,0.0000
1564458,01a0b1c2-7e57-7c11-8e57-000000000001,01a0d76c-a53d-76a2-8c24-b9355d75a8b0,ACTIVE,1250000,250000,-2165064,0,0,0,0,0.0000
1564458,01a0b1c2-7e57-7c11-8e57-000000000001,01a0d76c-a53d-76a2-8c24-b9305de133da,ACTIVE,858007,-1931956,1621523,-88386,-92803,56351,0,0.0000
1564460,01a0b1c2-7e57-7c11-8e57-000000000001,01a0d76c-a53d-76a2-8c24-b9355d75a8b0,ACTIVE,1250000,250000,-2165064,0,0,0,0,0.0000
1564460,01a0b1c2-7e57-7c11-8e57-000000000001,01a0d76c-a53d-76a2-8c24-b9305de133da,ACTIVE,849168,-1941236,1627158,-88386,-92803,56351,0,0.0000
1564462,01a0b1c2-7e57-7c11-8e57-000000000001,01a0d76c-a53d-76a2-8c24-b9355d75a8b0,ACTIVE,1250000,250000,-2165064,0,0,0,0,0.0000
1564462,01a0b1c2-7e57-7c11-8e57-000000000001,01a0d76c-a53d-76a2-8c24-b9305de133da,ACTIVE,840328,-1950539,1632753,-88411,-93149,55738,0,0.0000
1564464,01a0b1c2-7e57-7c11-8e57-000000000001,01a0d76c-a53d-76a2-8c24-b9355d75a8b0,ACTIVE,1250000,250000,-2165064,0,0,0,0,0.0000
1564464,01a0b1c2-7e57-7c11-8e57-000000000001,01a0d76c-a53d-76a2-8c24-b9305de133da,ACTIVE,831480,-1959917,1638209,-88508,-93968,54188,0,0.0000
1564466,01a0b1c2-7e57-7c11-8e57-000000000001,01a0d76c-a53d-76a2-8c24-b9355d75a8b0,ACTIVE,1250000,250000,-2165064,0,0,0,0,0.0000
1564466,01a0b1c2-7e57-7c11-8e57-000000000001,01a0d76c-a53d-76a2-8c24-b9305de133da,ACTIVE,822622,-1969363,1643530,-88597,-94612,52907,0,0.0000
1564468,01a0b1c2-7e57-7c11-8e57-000000000001,01a0d76c-a53d-76a2-8c24-b9355d75a8b0,ACTIVE,1250000,250000,-2165064,0,0,0,0,0.0000
1564468,01a0b1c2-7e57-7c11-8e57-000000000001,01a0d76c-a53d-76a2-8c24-b9305de133da,ACTIVE,813761,-1978865,1648744,-88613,-95152,51903,0,0.0000
1564470,01a0b1c2-7e57-7c11-8e57-000000000001,01a0d76c-a53d-76a2-8c24-b9355d75a8b0,ACTIVE,1250000,250000,-2165064,0,0,0,0,0.0000
1564470,01a0b1c2-7e57-7c11-8e57-000000000001,01a0d76c-a53d-76a2-8c24-b9305de133da,ACTIVE,804899,-1988412,1653875,-88616,-95563,51137,0,0.0000
1564472,01a0b1c2-7e57-7c11-8e57-000000000001,01a0d76c-a53d-76a2-8c24-b9355d75a8b0,ACTIVE,1250000,250000,-2165064,0,0,0,0,0.0000
1564472,01a0b1c2-7e57-7c11-8e57-000000000001,01a0d76c-a53d-76a2-8c24-b9305de133da,ACTIVE,796038,-1997992,1658944,-88612,-95876,50552,0,0.0000
1564474,01a0b1c2-7e57-7c11-8e57-000000000001,01a0d76c-a53d-76a2-8c24-b9355d75a8b0,ACTIVE,1250000,250000,-2165064,0,0,0,0,0.0000
1564474,01a0b1c2-7e57-7c11-8e57-000000000001,01a0d76c-a53d-76a2-8c24-b9305de133da,ACTIVE,787177,-2007598,1663965,-88606,-96116,50107,0,0.0000
1564476,01a0b1c2-7e57-7c11-8e57-000000000001,01a0d76c-a53d-76a2-8c24-b9355d75a8b0,ACTIVE,1250000,250000,-2165064,0,0,0,0,0.0000
1564476,01a0b1c2-7e57-7c11-8e57-000000000001,01a0d76c-a53d-76a2-8c24-b9305de133da,ACTIVE,778317,-2017224,1668950,-88598,-96300,49767,0,0.0000
1564478,01a0b1c2-7e57-7c11-8e57-000000000001,01a0d76c-a53d-76a2-8c24-b9355d75a8b0,ACTIVE,1250000,250000,-2165064,0,0,0,0,0.0000
1564478,01a0b1c2-7e57-7c11-8e57-000000000001,01a0d76c-a53d-76a2-8c24-b9305de133da,ACTIVE,769454,-2026870,1673889,-88640,-96515,49273,0,0.0000
1564480,01a0b1c2-7e57-7c11-8e57-000000000001,01a0d76c-a53d-76a2-8c24-b9355d75a8b0,ACTIVE,1250000,250000,-2165064,0,0,0,0,0.0000
1564480,01a0b1c2-7e57-7c11-8e57-000000000001,01a0d76c-a53d-76a2-8c24-b9305de133da,ACTIVE,760588,-2036536,1678785,-88660,-96703,48865,0,0.0000
1564482,01a0b1c2-7e57-7c11-8e57-000000000001,01a0d76c-a53d-76a2-8c24-b9355d75a8b0,ACTIVE,1250000,250000,-2165064,0,0,0,0,0.0000
1564482,01a0b1c2-7e57-7c11-8e57-000000000001,01a0d76c-a53d-76a2-8c24-b9305de133da,ACTIVE,751721,-2046217,1683648,-88674,-96848,48554,0,0.0000
1564484,01a0b1c2-7e57-7c11-8e57-000000000001,01a0d76c-a53d-76a2-8c24-b9355d75a8b0,ACTIVE,1250000,250000,-2165064,0,0,0,0,0.0000
1564484,01a0b1c2-7e57-7c11-8e57-000000000001,01a0d76c-a53d-76a2-8c24-b9305de133da,ACTIVE,742853,-2055910,1688485,-88682,-96958,48317,0,0.0000
1564486,01a0b1c2-7e57-7c11-8e57-000000000001,01a0d76c-a53d-76a2-8c24-b9355d75a8b0,ACTIVE,1250000,250000,-2165064,0,0,0,0,0.0000
1564486,01a0b1c2-7e57-7c11-8e57-000000000001,01a0d76c-a53d-76a2-8c24-b9305de133da,ACTIVE,733985,-2065613,1693303,-88688,-97043,48136,0,0.0000
1564488,01a0b1c2-7e57-7c11-8e57-000000000001,01a0d76c-a53d-76a2-8c24-b9355d75a8b0,ACTIVE,1250000,250000,-2165064,0,0,0,0,0.0000
1564488,01a0b1c2-7e57-7c11-8e57-000000000001,01a0d76c-a53d-76a2-8c24-b9305de133da,ACTIVE,725116,-2075322,1698106,-88691,-97108,47999,0,0.0000
1564490,01a0b1c2-7e57-7c11-8e57-000000000001,01a0d76c-a53d-76a2-8c24-b9355d75a8b0,ACTIVE,1250000,250000,-2165064,0,0,0,0,0.0000
1564490,01a0b1c2-7e57-7c11-8e57-000000000001,01a0d76c-a53d-76a2-8c24-b9305de133da,ACTIVE,716246,-2085037,1702898,-88693,-97158,47894,0,0.0000
1564492,01a0b1c2-7e57-7c11-8e57-000000000001,01a0d76c-a53d-76a2-8c24-b9355d75a8b0,ACTIVE,1250000,250000,-2165064,0,0,0,0,0.0000
1564492,01a0b1c2-7e57-7c11-8e57-000000000001,01a0d76c-a53d-76a2-8c24-b9305de133da,ACTIVE,707377,-2094755,1707681,-88694,-97197,47814,0,0.0000
1564494,01a0b1c2-7e57-7c11-8e57-000000000001,01a0d76c-a53d-76a2-8c24-b9355d75a8b0,ACTIVE,1250000,250000,-2165064,0,0,0,0,0.0000
1564494,01a0b1c2-7e57-7c11-8e57-000000000001,01a0d76c-a53d-76a2-8c24-b9305de133da,ACTIVE,698509,-2104480,1712456,-88663,-97279,47704,0,0.0000
1564496,01a0b1c2-7e57-7c11-8e57-000000000001,01a0d76c-a53d-76a2-8c24-b9355d75a8b0,ACTIVE,1250000,250000,-2165064,0,0,0,0,0.0000
1564496,01a0b1c2-7e57-7c11-8e57-000000000001,01a0d76c-a53d-76a2-8c24-b9305de133da,ACTIVE,689647,-2114216,1717216,-88610,-97389,47579,0,0.0000
1564498,01a0b1c2-7e57-7c11-8e57-000000000001,01a0d76c-a53d-76a2-8c24-b9355d75a8b0,ACTIVE,1250000,250000,-2165064,0,0,0,0,0.0000
1564498,01a0b1c2-7e57-7c11-8e57-000000000001,01a0d76c-a53d-76a2-8c24-b9305de133da,ACTIVE,680789,-2123962,1721967,-88569,-97472,47483,0,0.0000
1564500,01a0b1c2-7e57-7c11-8e57-000000000001,01a0d76c-a53d-76a2-8c24-b9355d75a8b0,ACTIVE,1250000,250000,-2165064,0,0,0,0,0.0000
1564500,01a0b1c2-7e57-7c11-8e57-000000000001,01a0d76c-a53d-76a2-8c24-b9305de133da,ACTIVE,671934,-2133714,1726710,-88538,-97536,47410,0,0.0000
1564502,01a0b1c2-7e57-7c11-8e57-000000000001,01a0d76c-a53d-76a2-8c24-b9355d75a8b0,ACTIVE,1250000,250000,-2165064,0,0,0,0,0.0000
1564502,01a0b1c2-7e57-7c11-8e57-000000000001,01a0d76c-a53d-76a2-8c24-b9305de133da,ACTIVE,663083,-2143471,1731447,-88513,-97585,47355,0,0.0000
1564504,01a0b1c2-7e57-7c11-8e57-000000000001,01a0d76c-a53d-76a2-8c24-b9355d75a8b0,ACTIVE,1250000,250000,-2165064,0,0,0,0,0.0000
1564504,01a0b1c2-7e57-7c11-8e57-000000000001,01a0d76c-a53d-76a2-8c24-b9305de133da,ACTIVE,654233,-2153232,1736179,-88495,-97622,47313,0,0.0000
1564506,01a0b1c2-7e57-7c11-8e57-000000000001,01a0d76c-a53d-76a2-8c24-b9355d75a8b0,ACTIVE,1250000,250000,-2165064,0,0,0,0,0.0000
1564506,01a0b1c2-7e57-7c11-8e57-000000000001,01a0d76c-a53d-76a2-8c24-b9305de133da,ACTIVE,645384,-2162997,1740908,-88480,-97651,47281,0,0.0000
1564508,01a0b1c2-7e57-7c11-8e57-000000000001,01a0d76c-a53d-76a2-8c24-b9355d75a8b0,ACTIVE,1250000,250000,-2165064,0,0,0,0,0.0000
1564508,01a0b1c2-7e57-7c11-8e57-000000000001,01a0d76c-a53d-76a2-8c24-b9305de133da,ACTIVE,636537,-2172764,1745634,-88469,-97673,47257,0,0.0000
1564510,01a0b1c2-7e57-7c11-8e57-000000000001,01a0d76c-a53d-76a2-8c24-b9355d75a8b0,ACTIVE,1250000,250000,-2165064,0,0,0,0,0.0000
1564510,01a0b1c2-7e57-7c11-8e57-000000000001,01a0d76c-a53d-76a2-8c24-b9305de133da,ACTIVE,627693,-2182536,1750355,-88431,-97739,47192,0,0.0000
1564512,01a0b1c2-7e57-7c11-8e57-000000000001,01a0d76c-a53d-76a2-8c24-b9355d75a8b0,ACTIVE,1250000,250000,-2165064,0,0,0,0,0.0000
1564512,01a0b1c2-7e57-7c11-8e57-000000000001,01a0d76c-a53d-76a2-8c24-b9305de133da,ACTIVE,618855,-2192318,1755067,-88370,-97839,47098,0,0.0000
1564514,01a0b1c2-7e57-7c11-8e57-000000000001,01a0d76c-a53d-76a2-8c24-b9355d75a8b0,ACTIVE,1250000,250000,-2165064,0,0,0,0,0.0000
1564514,01a0b1c2-7e57-7c11-8e57-000000000001,01a0d76c-a53d-76a2-8c24-b9305de133da,ACTIVE,610022,-2202107,1759772,-88323,-97916,47028,0,0.0000
1564516,01a0b1c2-7e57-7c11-8e57-000000000001,01a0d76c-a53d-76a2-8c24-b9355d75a8b0,ACTIVE,1250000,250000,-2165064,0,0,0,0,0.0000
1564516,01a0b1c2-7e57-7c11-8e57-000000000001,01a0d76c-a53d-76a2-8c24-b9305de133da,ACTIVE,601192,-2211903,1764470,-88287,-97974,46974,0,0.0000
1564518,01a0b1c2-7e57-7c11-8e57-000000000001,01a0d76c-a53d-76a2-8c24-b9355d75a8b0,ACTIVE,1250000,250000,-2165064,0,0,0,0,0.0000
1564518,01a0b1c2-7e57-7c11-8e57-000000000001,01a0d76c-a53d-76a2-8c24-b9305de133da,ACTIVE,592366,-2221704,1769165,-88259,-98019,46933,0,0.0000
1564520,01a0b1c2-7e57-7c11-8e57-000000000001,01a0d76c-a53d-76a2-8c24-b9355d75a8b0,ACTIVE,1250000,250000,-2165064,0,0,0,0,0.0000
1564520,01a0b1c2-7e57-7c11-8e57-000000000001,01a0d76c-a53d-76a2-8c24-b9305de133da,ACTIVE,583546,-2231514,1773853,-88172,-98129,46866,0,0.0000
1564522,01a0b1c2-7e57-7c11-8e57-000000000001,01a0d76c-a53d-76a2-8c24-b9355d75a8b0,ACTIVE,1250000,250000,-2165064,0,0,0,0,0.0000
1564522,01a0b1c2-7e57-7c11-8e57-000000000001,01a0d76c-a53d-76a2-8c24-b9305de133da,ACTIVE,574734,-2241336,1778531,-88086,-98262,46748,0,0.0000
1564524,01a0b1c2-7e57-7c11-8e57-000000000001,01a0d76c-a53d-76a2-8c24-b9355d75a8b0,ACTIVE,1250000,250000,-2165064,0,0,0,0,0.0000
1564524,01a0b1c2-7e57-7c11-8e57-000000000001,01a0d76c-a53d-76a2-8c24-b9305de133da,ACTIVE,565932,-2251172,1783198,-88000,-98387,46648,0,0.0000
1564526,01a0b1c2-7e57-7c11-8e57-000000000001,01a0d76c-a53d-76a2-8c24-b9355d75a8b0,ACTIVE,1250000,250000,-2165064,0,0,0,0,0.0000
1564526,01a0b1c2-7e57-7c11-8e57-000000000001,01a0d76c-a53d-76a2-8c24-b9305de133da,ACTIVE,557137,-2261018,1787857,-87935,-98482,46571,0,0.0000
1564528,01a0b1c2-7e57-7c11-8e57-000000000001,01a0d76c-a53d-76a2-8c24-b9355d75a8b0,ACTIVE,1250000,250000,-2165064,0,0,0,0,0.0000
1564528,01a0b1c2-7e57-7c11-8e57-000000000001,01a0d76c-a53d-76a2-8c24-b9305de133da,ACTIVE,548348,-2270872,1792510,-87884,-98554,46513,0,0.0000
1564530,01a0b1c2-7e57-7c11-8e57-000000000001,01a0d76c-a53d-76a2-8c24-b9355d75a8b0,ACTIVE,1250000,250000,-2165064,0,0,0,0,0.0000
1564530,01a0b1c2-7e57-7c11-8e57-000000000001,01a0d76c-a53d-76a2-8c24-b9305de133da,ACTIVE,539562,-2280731,1797158,-87845,-98609,46469,0,0.0000
1564532,01a0b1c2-7e57-7c11-8e57-000000000001,01a0d76c-a53d-76a2-8c24-b9355d75a8b0,ACTIVE,1250000,250000,-2165064,0,0,0,0,0.0000
1564532,01a0b1c2-7e57-7c11-8e57-000000000001,01a0d76c-a53d-76a2-8c24-b9305de133da,ACTIVE,530813,-2290620,1801811,-87184,-99122,46624,0,0.0000
1564534,01a0b1c2-7e57-7c11-8e57-000000000001,01a0d76c-a53d-76a2-8c24-b9355d75a8b0,ACTIVE,1250000,250000,-2165064,0,0,0,0,0.0000
1564534,01a0b1c2-7e57-7c11-8e57-000000000001,01a0d76c-a53d-76a2-8c24-b9305de133da,ACTIVE,522225,-2300615,1806539,-85429,-100222,47513,0,0.0000
1564536,01a0b1c2-7e57-7c11-8e57-000000000001,01a0d76c-a53d-76a2-8c24-b9355d75a8b0,ACTIVE,1250000,250000,-2165064,0,0,0,0,0.0000
1564536,01a0b1c2-7e57-7c11-8e57-000000000001,01a0d76c-a53d-76a2-8c24-b9305de133da,ACTIVE,513826,-2310729,1811351,-83503,-101466,48290,0,0.0000
1564538,01a0b1c2-7e57-7c11-8e57-000000000001,01a0d76c-a53d-76a2-8c24-b9355d75a8b0,ACTIVE,1250000,250000,-2165064,0,0,0,0,0.0000
1564538,01a0b1c2-7e57-7c11-8e57-000000000001,01a0d76c-a53d-76a2-8c24-b9305de133da,ACTIVE,505633,-2320989,1816208,-81386,-103011,48633,0,0.0000
1564540,01a0b1c2-7e57-7c11-8e57-000000000001,01a0d76c-a53d-76a2-8c24-b9355d75a8b0,ACTIVE,1250000,250000,-2165064,0,0,0,0,0.0000
1564540,01a0b1c2-7e57-7c11-8e57-000000000001,01a0d76c-a53d-76a2-8c24-b9305de133da,ACTIVE,497663,-2331420,1821075,-79123,-104747,48659,0,0.0000
1564542,01a0b1c2-7e57-7c11-8e57-000000000001,01a0d76c-a53d-76a2-8c24-b9355d75a8b0,ACTIVE,1250000,250000,-2165064,0,0,0,0,0.0000
1564542,01a0b1c2-7e57-7c11-8e57-000000000001,01a0d76c-a53d-76a2-8c24-b9305de133da,ACTIVE,489879,-2341972,1825929,-77748,-105391,48477,0,0.0000
1564544,01a0b1c2-7e57-7c11-8e57-000000000001,01a0d76c-a53d-76a2-8c24-b9355d75a8b0,ACTIVE,1250000,250000,-2165064,0,0,0,0,0.0000
1564544,01a0b1c2-7e57-7c11-8e57-000000000001,01a0d76c-a53d-76a2-8c24-b9305de133da,ACTIVE,482133,-2352472,1830758,-77358,-104863,48234,0,0.0000
1564546,01a0b1c2-7e57-7c11-8e57-000000000001,01a0d76c-a53d-76a2-8c24-b9355d75a8b0,ACTIVE,1250000,250000,-2165064,0,0,0,0,0.0000
1564546,01a0b1c2-7e57-7c11-8e57-000000000001,01a0d76c-a53d-76a2-8c24-b9305de133da,ACTIVE,474427,-2362918,1835564,-76968,-104335,47991,0,0.0000
1564548,01a0b1c2-7e57-7c11-8e57-000000000001,01a0d76c-a53d-76a2-8c24-b9355d75a8b0,ACTIVE,1250000,250000,-2165064,0,0,0,0,0.0000
1564548,01a0b1c2-7e57-7c11-8e57-000000000001,01a0d76c-a53d-76a2-8c24-b9305de133da,ACTIVE,466759,-2373312,1840345,-76579,-103806,47748,0,0.0000
1564550,01a0b1c2-7e57-7c11-8e57-000000000001,01a0d76c-a53d-76a2-8c24-b9355d75a8b0,ACTIVE,1250000,250000,-2165064,0,0,0,0,0.0000
1564550,01a0b1c2-7e57-7c11-8e57-000000000001,01a0d76c-a53d-76a2-8c24-b9305de133da,ACTIVE,459130,-2383653,1845101,-76189,-103278,47505,0,0.0000
1564552,01a0b1c2-7e57-7c11-8e57-000000000001,01a0d76c-a53d-76a2-8c24-b9355d75a8b0,ACTIVE,1250000,250000,-2165064,0,0,0,0,0.0000
1564552,01a0b1c2-7e57-7c11-8e57-000000000001,01a0d76c-a53d-76a2-8c24-b9305de133da,ACTIVE,451541,-2393941,1849834,-75799,-102750,47262,0,0.0000
1564554,01a0b1c2-7e57-7c11-8e57-000000000001,01a0d76c-a53d-76a2-8c24-b9355d75a8b0,ACTIVE,1250000,250000,-2165064,0,0,0,0,0.0000
1564554,01a0b1c2-7e57-7c11-8e57-000000000001,01a0d76c-a53d-76a2-8c24-b9305de133da,ACTIVE,443990,-2404177,1854542,-75410,-102222,47020,0,0.0000
1564556,01a0b1c2-7e57-7c11-8e57-000000000001,01a0d76c-a53d-76a2-8c24-b9355d75a8b0,ACTIVE,1250000,250000,-2165064,0,0,0,0,0.0000
1564556,01a0b1c2-7e57-7c11-8e57-000000000001,01a0d76c-a53d-76a2-8c24-b9305de133da,ACTIVE,436478,-2414359,1859225,-75020,-101693,46777,0,0.0000
1564558,01a0b1c2-7e57-7c11-8e57-000000000001,01a0d76c-a53d-76a2-8c24-b9355d75a8b0,ACTIVE,1250000,250000,-2165064,0,0,0,0,0.0000
1564558,01a0b1c2-7e57-7c11-8e57-000000000001,01a0d76c-a53d-76a2-8c24-b9305de133da,ACTIVE,429006,-2424489,1863885,-74630,-101165,46534,0,0.0000
1564560,01a0b1c2-7e57-7c11-8e57-000000000001,01a0d76c-a53d-76a2-8c24-b9355d75a8b0,ACTIVE,1250000,250000,-2165064,0,0,0,0,0.0000
1564560,01a0b1c2-7e57-7c11-8e57-000000000001,01a0d76c-a53d-76a2-8c24-b9305de133da,ACTIVE,421572,-2434566,1868520,-74240,-100637,46291,0,0.0000
1564562,01a0b1c2-7e57-7c11-8e57-000000000001,01a0d76c-a53d-76a2-8c24-b9355d75a8b0,ACTIVE,1250000,250000,-2165064,0,0,0,0,0.0000
1564562,01a0b1c2-7e57-7c11-8e57-000000000001,01a0d76c-a53d-76a2-8c24-b9305de133da,ACTIVE,414177,-2444590,1873131,-73851,-100109,46048,0,0.0000
1564564,01a0b1c2-7e57-7c11-8e57-000000000001,01a0d76c-a53d-76a2-8c24-b9355d75a8b0,ACTIVE,1250000,250000,-2165064,0,0,0,0,0.0000
1564564,01a0b1c2-7e57-7c11-8e57-000000000001,01a0d76c-a53d-76a2-8c24-b9305de133da,ACTIVE,406821,-2454561,1877717,-73461,-99580,45805,0,0.0000
1564566,01a0b1c2-7e57-7c11-8e57-000000000001,01a0d76c-a53d-76a2-8c24-b9355d75a8b0,ACTIVE,1250000,250000,-2165064,0,0,0,0,0.0000
1564566,01a0b1c2-7e57-7c11-8e57-000000000001,01a0d76c-a53d-76a2-8c24-b9305de133da,ACTIVE,399504,-2464480,1882279,-73071,-99052,45562,0,0.0000
1564568,01a0b1c2-7e57-7c11-8e57-000000000001,01a0d76c-a53d-76a2-8c24-b9355d75a8b0,ACTIVE,1250000,250000,-2165064,0,0,0,0,0.0000
1564568,01a0b1c2-7e57-7c11-8e57-000000000001,01a0d76c-a53d-76a2-8c24-b9305de133da,ACTIVE,392226,-2474345,1886817,-72682,-98524,45319,0,0.0000
1564570,01a0b1c2-7e57-7c11-8e57-000000000001,01a0d76c-a53d-76a2-8c24-b9355d75a8b0,ACTIVE,1250000,250000,-2165064,0,0,0,0,0.0000
1564570,01a0b1c2-7e57-7c11-8e57-000000000001,01a0d76c-a53d-76a2-8c24-b9305de133da,ACTIVE,384987,-2484158,1891331,-72292,-97995,45076,0,0.0000
1564572,01a0b1c2-7e57-7c11-8e57-000000000001,01a0d76c-a53d-76a2-8c24-b9355d75a8b0,ACTIVE,1250000,250000,-2165064,0,0,0,0,0.0000
1564572,01a0b1c2-7e57-7c11-8e57-000000000001,01a0d76c-a53d-76a2-8c24-b9305de133da,ACTIVE,377787,-2493918,1895820,-71902,-97467,44833,0,0.0000
1564574,01a0b1c2-7e57-7c11-8e57-000000000001,01a0d76c-a53d-76a2-8c24-b9355d75a8b0,ACTIVE,1250000,250000,-2165064,0,0,0,0,0.0000
1564574,01a0b1c2-7e57-7c11-8e57-000000000001,01a0d76c-a53d-76a2-8c24-b9305de133da,ACTIVE,370626,-2503625,1900285,-71512,-96939,44590,0,0.0000
1564576,01a0b1c2-7e57-7c11-8e57-000000000001,01a0d76c-a53d-76a2-8c24-b9355d75a8b0,ACTIVE,1250000,250000,-2165064,0,0,0,0,0.0000
1564576,01a0b1c2-7e57-7c11-8e57-000000000001,01a0d76c-a53d-76a2-8c24-b9305de133da,ACTIVE,363504,-2513279,1904726,-71123,-96411,44347,0,0.0000
1564578,01a0b1c2-7e57-7c11-8e57-000000000001,01a0d76c-a53d-76a2-8c24-b9355d75a8b0,ACTIVE,1250000,250000,-2165064,0,0,0,0,0.0000
1564578,01a0b1c2-7e57-7c11-8e57-000000000001,01a0d76c-a53d-76a2-8c24-b9305de133da,ACTIVE,356421,-2522881,1909143,-70733,-95882,44104,0,0.0000
1564580,01a0b1c2-7e57-7c11-8e57-000000000001,01a0d76c-a53d-76a2-8c24-b9355d75a8b0,ACTIVE,1250000,250000,-2165064,0,0,0,0,0.0000
1564580,01a0b1c2-7e57-7c11-8e57-000000000001,01a0d76c-a53d-76a2-8c24-b9305de133da,ACTIVE,349377,-2532429,1913535,-70343,-95354,43861,0,0.0000
1564582,01a0b1c2-7e57-7c11-8e57-000000000001,01a0d76c-a53d-76a2-8c24-b9355d75a8b0,ACTIVE,1250000,250000,-2165064,0,0,0,0,0.0000
1564582,01a0b1c2-7e57-7c11-8e57-000000000001,01a0d76c-a53d-76a2-8c24-b9305de133da,ACTIVE,342372,-2541925,1917902,-69954,-94826,43618,0,0.0000
1564584,01a0b1c2-7e57-7c11-8e57-000000000001,01a0d76c-a53d-76a2-8c24-b9355d75a8b0,ACTIVE,1250000,250000,-2165064,0,0,0,0,0.0000
1564584,01a0b1c2-7e57-7c11-8e57-000000000001,01a0d76c-a53d-76a2-8c24-b9305de133da,ACTIVE,335406,-2551368,1922246,-69564,-94297,43375,0,0.0000
1564586,01a0b1c2-7e57-7c11-8e57-000000000001,01a0d76c-a53d-76a2-8c24-b9355d75a8b0,ACTIVE,1250000,250000,-2165064,0,0,0,0,0.0000
1564586,01a0b1c2-7e57-7c11-8e57-000000000001,01a0d76c-a53d-76a2-8c24-b9305de133da,ACTIVE,328479,-2560758,1926565,-69174,-93769,43132,0,0.0000
1564588,01a0b1c2-7e57-7c11-8e57-000000000001,01a0d76c-a53d-76a2-8c24-b9355d75a8b0,ACTIVE,1250000,250000,-2165064,0,0,0,0,0.0000
1564588,01a0b1c2-7e57-7c11-8e57-000000000001,01a0d76c-a53d-76a2-8c24-b9305de133da,ACTIVE,321591,-2570095,1930860,-68784,-93241,42889,0,0.0000
1564590,01a0b1c2-7e57-7c11-8e57-000000000001,01a0d76c-a53d-76a2-8c24-b9355d75a8b0,ACTIVE,1250000,250000,-2165064,0,0,0,0,0.0000
1564590,01a0b1c2-7e57-7c11-8e57-000000000001,01a0d76c-a53d-76a2-8c24-b9305de133da,ACTIVE,314742,-2579380,1935131,-68395,-92713,42646,0,0.0000
1564592,01a0b1c2-7e57-7c11-8e57-000000000001,01a0d76c-a53d-76a2-8c24-b9355d75a8b0,ACTIVE,1250000,250000,-2165064,0,0,0,0,0.0000
1564592,01a0b1c2-7e57-7c11-8e57-000000000001,01a0d76c-a53d-76a2-8c24-b9305de133da,ACTIVE,307931,-2588612,1939377,-68005,-92184,42403,0,0.0000
1564594,01a0b1c2-7e57-7c11-8e57-000000000001,01a0d76c-a53d-76a2-8c24-b9355d75a8b0,ACTIVE,1250000,250000,-2165064,0,0,0,0,0.0000
1564594,01a0b1c2-7e57-7c11-8e57-000000000001,01a0d76c-a53d-76a2-8c24-b9305de133da,ACTIVE,301160,-2597790,1943599,-67615,-91656,42160,0,0.0000
1564596,01a0b1c2-7e57-7c11-8e57-000000000001,01a0d76c-a53d-76a2-8c24-b9355d75a8b0,ACTIVE,1250000,250000,-2165064,0,0,0,0,0.0000
1564596,01a0b1c2-7e57-7c11-8e57-000000000001,01a0d76c-a53d-76a2-8c24-b9305de133da,ACTIVE,294428,-2606916,1947797,-67226,-91128,41917,0,0.0000
1564598,01a0b1c2-7e57-7c11-8e57-000000000001,01a0d76c-a53d-76a2-8c24-b9355d75a8b0,ACTIVE,1250000,250000,-2165064,0,0,0,0,0.0000
1564598,01a0b1c2-7e57-7c11-8e57-000000000001,01a0d76c-a53d-76a2-8c24-b9305de133da,ACTIVE,287734,-2615990,1951970,-66836,-90600,41674,0,0.0000
1564600,01a0b1c2-7e57-7c11-8e57-000000000001,01a0d76c-a53d-76a2-8c24-b9355d75a8b0,ACTIVE,1250000,250000,-2165064,0,0,0,0,0.0000
1564600,01a0b1c2-7e57-7c11-8e57-000000000001,01a0d76c-a53d-76a2-8c24-b9305de133da,ACTIVE,281080,-2625010,1956119,-66446,-90071,41431,0,0.0000
1564602,01a0b1c2-7e57-7c11-8e57-000000000001,01a0d76c-a53d-76a2-8c24-b9355d75a8b0,ACTIVE,1250000,250000,-2165064,0,0,0,0,0.0000
1564602,01a0b1c2-7e57-7c11-8e57-000000000001,01a0d76c-a53d-76a2-8c24-b9305de133da,ACTIVE,274465,-2633977,1960244,-66056,-89543,41188,0,0.0000
1564604,01a0b1c2-7e57-7c11-8e57-000000000001,01a0d76c-a53d-76a2-8c24-b9355d75a8b0,ACTIVE,1250000,250000,-2165064,0,0,0,0,0.0000
1564604,01a0b1c2-7e57-7c11-8e57-000000000001,01a0d76c-a53d-76a2-8c24-b9305de133da,ACTIVE,267888,-2642892,1964345,-65667,-89015,40945,0,0.0000
1564606,01a0b1c2-7e57-7c11-8e57-000000000001,01a0d76c-a53d-76a2-8c24-b9355d75a8b0,ACTIVE,1250000,250000,-2165064,0,0,0,0,0.0000
1564606,01a0b1c2-7e57-7c11-8e57-000000000001,01a0d76c-a53d-76a2-8c24-b9305de133da,ACTIVE,261351,-2651754,1968421,-65277,-88486,40702,0,0.0000
1564608,01a0b1c2-7e57-7c11-8e57-000000000001,01a0d76c-a53d-76a2-8c24-b9355d75a8b0,ACTIVE,1250000,250000,-2165064,0,0,0,0,0.0000
1564608,01a0b1c2-7e57-7c11-8e57-000000000001,01a0d76c-a53d-76a2-8c24-b9305de133da,ACTIVE,254852,-2660563,1972473,-64887,-87958,40459,0,0.0000
1564610,01a0b1c2-7e57-7c11-8e57-000000000001,01a0d76c-a53d-76a2-8c24-b9355d75a8b0,ACTIVE,1250000,250000,-2165064,0,0,0,0,0.0000
1564610,01a0b1c2-7e57-7c11-8e57-000000000001,01a0d76c-a53d-76a2-8c24-b9305de133da,ACTIVE,248393,-2669319,1976501,-64498,-87430,40216,0,0.0000
1564612,01a0b1c2-7e57-7c11-8e57-000000000001,01a0d76c-a53d-76a2-8c24-b9355d75a8b0,ACTIVE,1250000,250000,-2165064,0,0,0,0,0.0000
1564612,01a0b1c2-7e57-7c11-8e57-000000000001,01a0d76c-a53d-76a2-8c24-b9305de133da,ACTIVE,241972,-2678023,1980504,-64108,-86902,39973,0,0.0000
1564614,01a0b1c2-7e57-7c11-8e57-000000000001,01a0d76c-a53d-76a2-8c24-b9355d75a8b0,ACTIVE,1250000,250000,-2165064,0,0,0,0,0.0000
1564614,01a0b1c2-7e57-7c11-8e57-000000000001,01a0d76c-a53d-76a2-8c24-b9305de133da,ACTIVE,235591,-2686673,1984483,-63718,-86373,39730,0,0.0000
1564616,01a0b1c2-7e57-7c11-8e57-000000000001,01a0d76c-a53d-76a2-8c24-b9355d75a8b0,ACTIVE,1250000,250000,-2165064,0,0,0,0,0.0000
1564616,01a0b1c2-7e57-7c11-8e57-000000000001,01a0d76c-a53d-76a2-8c24-b9305de133da,ACTIVE,229248,-2695271,1988438,-63328,-85845,39487,0,0.0000
1564618,01a0b1c2-7e57-7c11-8e57-000000000001,01a0d76c-a53d-76a2-8c24-b9355d75a8b0,ACTIVE,1250000,250000,-2165064,0,0,0,0,0.0000
1564618,01a0b1c2-7e57-7c11-8e57-000000000001,01a0d76c-a53d-76a2-8c24-b9305de133da,ACTIVE,222944,-2703816,1992368,-62939,-85317,39244,0,0.0000
1564620,01a0b1c2-7e57-7c11-8e57-000000000001,01a0d76c-a53d-76a2-8c24-b9355d75a8b0,ACTIVE,1250000,250000,-2165064,0,0,0,0,0.0000
1564620,01a0b1c2-7e57-7c11-8e57-000000000001,01a0d76c-a53d-76a2-8c24-b9305de133da,ACTIVE,216680,-2712308,1996274,-62549,-84788,39001,0,0.0000
1564622,01a0b1c2-7e57-7c11-8e57-000000000001,01a0d76c-a53d-76a2-8c24-b9355d75a8b0,ACTIVE,1250000,250000,-2165064,0,0,0,0,0.0000
1564622,01a0b1c2-7e57-7c11-8e57-000000000001,01a0d76c-a53d-76a2-8c24-b9305de133da,ACTIVE,210454,-2720747,2000156,-62159,-84260,38758,0,0.0000
1564624,01a0b1c2-7e57-7c11-8e57-000000000001,01a0d76c-a53d-76a2-8c24-b9355d75a8b0,ACTIVE,1250000,250000,-2165064,0,0,0,0,0.0000
1564624,01a0b1c2-7e57-7c11-8e57-000000000001,01a0d76c-a53d-76a2-8c24-b9305de133da,ACTIVE,204267,-2729133,2004014,-61770,-83732,38515,0,0.0000
1564626,01a0b1c2-7e57-7c11-8e57-000000000001,01a0d76c-a53d-76a2-8c24-b9355d75a8b0,ACTIVE,1250000,250000,-2165064,0,0,0,0,0.0000
1564626,01a0b1c2-7e57-7c11-8e57-000000000001,01a0d76c-a53d-76a2-8c24-b9305de133da,ACTIVE,198120,-2737467,2007847,-61380,-83204,38272,0,0.0000
1564628,01a0b1c2-7e57-7c11-8e57-000000000001,01a0d76c-a53d-76a2-8c24-b9355d75a8b0,ACTIVE,1250000,250000,-2165064,0,0,0,0,0.0000
1564628,01a0b1c2-7e57-7c11-8e57-000000000001,01a0d76c-a53d-76a2-8c24-b9305de133da,ACTIVE,192011,-2745748,2011656,-60990,-82675,38029,0,0.0000
1564630,01a0b1c2-7e57-7c11-8e57-000000000001,01a0d76c-a53d-76a2-8c24-b9355d75a8b0,ACTIVE,1250000,250000,-2165064,0,0,0,0,0.0000
1564630,01a0b1c2-7e57-7c11-8e57-000000000001,01a0d76c-a53d-76a2-8c24-b9305de133da,ACTIVE,185941,-2753976,2015441,-60600,-82147,37786,0,0.0000
1564632,01a0b1c2-7e57-7c11-8e57-000000000001,01a0d76c-a53d-76a2-8c24-b9355d75a8b0,ACTIVE,1250000,250000,-2165064,0,0,0,0,0.0000
1564632,01a0b1c2-7e57-7c11-8e57-000000000001,01a0d76c-a53d-76a2-8c24-b9305de133da,ACTIVE,179910,-2762151,2019201,-60211,-81619,37543,0,0.0000
1564634,01a0b1c2-7e57-7c11-8e57-000000000001,01a0d76c-a53d-76a2-8c24-b9355d75a8b0,ACTIVE,1250000,250000,-2165064,0,0,0,0,0.0000
1564634,01a0b1c2-7e57-7c11-8e57-000000000001,01a0d76c-a53d-76a2-8c24-b9305de133da,ACTIVE,173919,-2770273,2022937,-59821,-81091,37300,0,0.0000
1564636,01a0b1c2-7e57-7c11-8e57-000000000001,01a0d76c-a53d-76a2-8c24-b9355d75a8b0,ACTIVE,1250000,250000,-2165064,0,0,0,0,0.0000
1564636,01a0b1c2-7e57-7c11-8e57-000000000001,01a0d76c-a53d-76a2-8c24-b9305de133da,ACTIVE,167966,-2778342,2026649,-59431,-80562,37057,0,0.0000
1564638,01a0b1c2-7e57-7c11-8e57-000000000001,01a0d76c-a53d-76a2-8c24-b9355d75a8b0,ACTIVE,1250000,250000,-2165064,0,0,0,0,0.0000
1564638,01a0b1c2-7e57-7c11-8e57-000000000001,01a0d76c-a53d-76a2-8c24-b9305de133da,ACTIVE,162052,-2786359,2030336,-59042,-80034,36814,0,0.0000
1564640,01a0b1c2-7e57-7c11-8e57-000000000001,01a0d76c-a53d-76a2-8c24-b9355d75a8b0,ACTIVE,1250000,250000,-2165064,0,0,0,0,0.0000
1564640,01a0b1c2-7e57-7c11-8e57-000000000001,01a0d76c-a53d-76a2-8c24-b9305de133da,ACTIVE,156177,-2794323,2033999,-58652,-79506,36571,0,0.0000
1564642,01a0b1c2-7e57-7c11-8e57-000000000001,01a0d76c-a53d-76a2-8c24-b9355d75a8b0,ACTIVE,1250000,250000,-2165064,0,0,0,0,0.0000
1564642,01a0b1c2-7e57-7c11-8e57-000000000001,01a0d76c-a53d-76a2-8c24-b9305de133da,ACTIVE,150341,-2802234,2037638,-58262,-78977,36328,0,0.0000
1564644,01a0b1c2-7e57-7c11-8e57-000000000001,01a0d76c-a53d-76a2-8c24-b9355d75a8b0,ACTIVE,1250000,250000,-2165064,0,0,0,0,0.0000
1564644,01a0b1c2-7e57-7c11-8e57-000000000001,01a0d76c-a53d-76a2-8c24-b9305de133da,ACTIVE,144544,-2810092,2041253,-57872,-78449,36085,0,0.0000
1564646,01a0b1c2-7e57-7c11-8e57-000000000001,01a0d76c-a53d-76a2-8c24-b9355d75a8b0,ACTIVE,1250000,250000,-2165064,0,0,0,0,0.0000
1564646,01a0b1c2-7e57-7c11-8e57-000000000001,01a0d76c-a53d-76a2-8c24-b9305de133da,ACTIVE,138786,-2817897,2044843,-57483,-77921,35842,0,0.0000
1564648,01a0b1c2-7e57-7c11-8e57-000000000001,01a0d76c-a53d-76a2-8c24-b9355d75a8b0,ACTIVE,1250000,250000,-2165064,0,0,0,0,0.0000
1564648,01a0b1c2-7e57-7c11-8e57-000000000001,01a0d76c-a53d-76a2-8c24-b9305de133da,ACTIVE,133067,-2825650,2048409,-57093,-77393,35599,0,0.0000
1564650,01a0b1c2-7e57-7c11-8e57-000000000001,01a0d76c-a53d-76a2-8c24-b9355d75a8b0,ACTIVE,1250000,250000,-2165064,0,0,0,0,0.0000
1564650,01a0b1c2-7e57-7c11-8e57-000000000001,01a0d76c-a53d-76a2-8c24-b9305de133da,ACTIVE,127387,-2833349,2051951,-56703,-76864,35356,0,0.0000
1564652,01a0b1c2-7e57-7c11-8e57-000000000001,01a0d76c-a53d-76a2-8c24-b9355d75a8b0,ACTIVE,1250000,250000,-2165064,0,0,0,0,0.0000
1564652,01a0b1c2-7e57-7c11-8e57-000000000001,01a0d76c-a53d-76a2-8c24-b9305de133da,ACTIVE,121746,-2840996,2055468,-56314,-76336,35113,0,0.0000
1564654,01a0b1c2-7e57-7c11-8e57-000000000001,01a0d76c-a53d-76a2-8c24-b9355d75a8b0,ACTIVE,1250000,250000,-2165064,0,0,0,0,0.0000
1564654,01a0b1c2-7e57-7c11-8e57-000000000001,01a0d76c-a53d-76a2-8c24-b9305de133da,ACTIVE,116143,-2848590,2058961,-55924,-75808,34870,0,0.0000
1564656,01a0b1c2-7e57-7c11-8e57-000000000001,01a0d76c-a53d-76a2-8c24-b9355d75a8b0,ACTIVE,1250000,250000,-2165064,0,0,0,0,0.0000
1564656,01a0b1c2-7e57-7c11-8e57-000000000001,01a0d76c-a53d-76a2-8c24-b9305de133da,ACTIVE,110580,-2856131,2062430,-55534,-75279,34627,0,0.0000
1564658,01a0b1c2-7e57-7c11-8e57-000000000001,01a0d76c-a53d-76a2-8c24-b9355d75a8b0,ACTIVE,1250000,250000,-2165064,0,0,0,0,0.0000
1564658,01a0b1c2-7e57-7c11-8e57-000000000001,01a0d76c-a53d-76a2-8c24-b9305de133da,ACTIVE,105056,-2863619,2065874,-55144,-74751,34384,0,0.0000
1564660,01a0b1c2-7e57-7c11-8e57-000000000001,01a0d76c-a53d-76a2-8c24-b9355d75a8b0,ACTIVE,1250000,250000,-2165064,0,0,0,0,0.0000
1564660,01a0b1c2-7e57-7c11-8e57-000000000001,01a0d76c-a53d-76a2-8c24-b9305de133da,ACTIVE,99571,-2871055,2069294,-54755,-74223,34141,0,0.0000
1564662,01a0b1c2-7e57-7c11-8e57-000000000001,01a0d76c-a53d-76a2-8c24-b9355d75a8b0,ACTIVE,1250000,250000,-2165064,0,0,0,0,0.0000
1564662,01a0b1c2-7e57-7c11-8e57-000000000001,01a0d76c-a53d-76a2-8c24-b9305de133da,ACTIVE,94125,-2878438,2072690,-54365,-73695,33898,0,0.0000
1564664,01a0b1c2-7e57-7c11-8e57-000000000001,01a0d76c-a53d-76a2-8c24-b9355d75a8b0,ACTIVE,1250000,250000,-2165064,0,0,0,0,0.0000
1564664,01a0b1c2-7e57-7c11-8e57-000000000001,01a0d76c-a53d-76a2-8c24-b9305de133da,ACTIVE,88717,-2885768,2076062,-53975,-73166,33655,0,0.0000
1564666,01a0b1c2-7e57-7c11-8e57-000000000001,01a0d76c-a53d-76a2-8c24-b9355d75a8b0,ACTIVE,1250000,250000,-2165064,0,0,0,0,0.0000
1564666,01a0b1c2-7e57-7c11-8e57-000000000001,01a0d76c-a53d-76a2-8c24-b9305de133da,ACTIVE,83349,-2893045,2079409,-53586,-72638,33412,0,0.0000
1564668,01a0b1c2-7e57-7c11-8e57-000000000001,01a0d76c-a53d-76a2-8c24-b9355d75a8b0,ACTIVE,1250000,250000,-2165064,0,0,0,0,0.0000
1564668,01a0b1c2-7e57-7c11-8e57-000000000001,01a0d76c-a53d-76a2-8c24-b9305de133da,ACTIVE,78020,-2900269,2082732,-53196,-72110,33169,0,0.0000
1564670,01a0b1c2-7e57-7c11-8e57-000000000001,01a0d76c-a53d-76a2-8c24-b9355d75a8b0,ACTIVE,1250000,250000,-2165064,0,0,0,0,0.0000
1564670,01a0b1c2-7e57-7c11-8e57-000000000001,01a0d76c-a53d-76a2-8c24-b9305de133da,ACTIVE,72729,-2907440,2086031,-52806,-71582,32926,0,0.0000
1564672,01a0b1c2-7e57-7c11-8e57-000000000001,01a0d76c-a53d-76a2-8c24-b9355d75a8b0,ACTIVE,1250000,250000,-2165064,0,0,0,0,0.0000
1564672,01a0b1c2-7e57-7c11-8e57-000000000001,01a0d76c-a53d-76a2-8c24-b9305de133da,ACTIVE,67478,-2914559,2089305,-52416,-71053,32683,0,0.0000
1564674,01a0b1c2-7e57-7c11-8e57-000000000001,01a0d76c-a53d-76a2-8c24-b9355d75a8b0,ACTIVE,1250000,250000,-2165064,0,0,0,0,0.0000
1564674,01a0b1c2-7e57-7c11-8e57-000000000001,01a0d76c-a53d-76a2-8c24-b9305de133da,ACTIVE,62266,-2921624,2092555,-52027,-70525,32440,0,0.0000
1564676,01a0b1c2-7e57-7c11-8e57-000000000001,01a0d76c-a53d-76a2-8c24-b9355d75a8b0,ACTIVE,1250000,250000,-2165064,0,0,0,0,0.0000
1564676,01a0b1c2-7e57-7c11-8e57-000000000001,01a0d76c-a53d-76a2-8c24-b9305de133da,ACTIVE,57092,-2928637,2095781,-51637,-69997,32197,0,0.0000
1564678,01a0b1c2-7e57-7c11-8e57-000000000001,01a0d76c-a53d-76a2-8c24-b9355d75a8b0,ACTIVE,1250000,250000,-2165064,0,0,0,0,0.0000
1564678,01a0b1c2-7e57-7c11-8e57-000000000001,01a0d76c-a53d-76a2-8c24-b9305de133da,ACTIVE,51958,-2935597,2098982,-51247,-69468,31954,0,0.0000
1564680,01a0b1c2-7e57-7c11-8e57-000000000001,01a0d76c-a53d-76a2-8c24-b9355d75a8b0,ACTIVE,1250000,250000,-2165064,0,0,0,0,0.0000
1564680,01a0b1c2-7e57-7c11-8e57-000000000001,01a0d76c-a53d-76a2-8c24-b9305de133da,ACTIVE,46862,-2942504,2102159,-50858,-68940,31711,0,0.0000
1564682,01a0b1c2-7e57-7c11-8e57-000000000001,01a0d76c-a53d-76a2-8c24-b9355d75a8b0,ACTIVE,1250000,250000,-2165064,0,0,0,0,0.0000
1564682,01a0b1c2-7e57-7c11-8e57-000000000001,01a0d76c-a53d-76a2-8c24-b9305de133da,ACTIVE,41806,-2949359,2105312,-50468,-68412,31468,0,0.0000
1564684,01a0b1c2-7e57-7c11-8e57-000000000001,01a0d76c-a53d-76a2-8c24-b9355d75a8b0,ACTIVE,1250000,250000,-2165064,0,0,0,0,0.0000
1564684,01a0b1c2-7e57-7c11-8e57-000000000001,01a0d76c-a53d-76a2-8c24-b9305de133da,ACTIVE,36788,-2956160,2108441,-50078,-67884,31225,0,0.0000
1564686,01a0b1c2-7e57-7c11-8e57-000000000001,01a0d76c-a53d-76a2-8c24-b9355d75a8b0,ACTIVE,1250000,250000,-2165064,0,0,0,0,0.0000
1564686,01a0b1c2-7e57-7c11-8e57-000000000001,01a0d76c-a53d-76a2-8c24-b9305de133da,ACTIVE,31809,-2962909,2111545,-49688,-67355,30982,0,0.0000
1564688,01a0b1c2-7e57-7c11-8e57-000000000001,01a0d76c-a53d-76a2-8c24-b9355d75a8b0,ACTIVE,1250000,250000,-2165064,0,0,0,0,0.0000
1564688,01a0b1c2-7e57-7c11-8e57-000000000001,01a0d76c-a53d-76a2-8c24-b9305de133da,ACTIVE,26870,-2969605,2114625,-49299,-66827,30739,0,0.0000
1564690,01a0b1c2-7e57-7c11-8e57-000000000001,01a0d76c-a53d-76a2-8c24-b9355d75a8b0,ACTIVE,1250000,250000,-2165064,0,0,0,0,0.0000
1564690,01a0b1c2-7e57-7c11-8e57-000000000001,01a0d76c-a53d-76a2-8c24-b9305de133da,ACTIVE,21969,-2976248,2117681,-48909,-66299,30496,0,0.0000
1564692,01a0b1c2-7e57-7c11-8e57-000000000001,01a0d76c-a53d-76a2-8c24-b9355d75a8b0,ACTIVE,1250000,250000,-2165064,0,0,0,0,0.0000
1564692,01a0b1c2-7e57-7c11-8e57-000000000001,01a0d76c-a53d-76a2-8c24-b9305de133da,ACTIVE,17107,-2982838,2120712,-48519,-65771,30253,0,0.0000
1564694,01a0b1c2-7e57-7c11-8e57-000000000001,01a0d76c-a53d-76a2-8c24-b9355d75a8b0,ACTIVE,1250000,250000,-2165064,0,0,0,0,0.0000
1564694,01a0b1c2-7e57-7c11-8e57-000000000001,01a0d76c-a53d-76a2-8c24-b9305de133da,ACTIVE,12285,-2989376,2123719,-48130,-65242,30010,0,0.0000
1564696,01a0b1c2-7e57-7c11-8e57-000000000001,01a0d76c-a53d-76a2-8c24-b9355d75a8b0,ACTIVE,1250000,250000,-2165064,0,0,0,0,0.0000
1564696,01a0b1c2-7e57-7c11-8e57-000000000001,01a0d76c-a53d-76a2-8c24-b9305de133da,ACTIVE,7501,-2995860,2126702,-47740,-64714,29767,0,0.0000
1564698,01a0b1c2-7e57-7c11-8e57-000000000001,01a0d76c-a53d-76a2-8c24-b9355d75a8b0,ACTIVE,1250000,250000,-2165064,0,0,0,0,0.0000
1564698,01a0b1c2-7e57-7c11-8e57-000000000001,01a0d76c-a53d-76a2-8c24-b9305de133da,ACTIVE,2756,-3002292,2129660,-47350,-64186,29524,0,0.0000
1564700,01a0b1c2-7e57-7c11-8e57-000000000001,01a0d76c-a53d-76a2-8c24-b9355d75a8b0,ACTIVE,1250000,250000,-2165064,0,0,0,0,0.0000
1564700,01a0b1c2-7e57-7c11-8e57-000000000001,01a0d76c-a53d-76a2-8c24-b9305de133da,ACTIVE,-1950,-3008671,2132594,-46960,-63657,29281,0,0.0000
1564702,01a0b1c2-7e57-7c11-8e57-000000000001,01a0d76c-a53d-76a2-8c24-b9355d75a8b0,ACTIVE,1250000,250000,-2165064,0,0,0,0,0.0000
1564702,01a0b1c2-7e57-7c11-8e57-000000000001,01a0d76c-a53d-76a2-8c24-b9305de133da,ACTIVE,-6616,-3014997,2135504,-46571,-63129,29038,0,0.0000
1564704,01a0b1c2-7e57-7c11-8e57-000000000001,01a0d76c-a53d-76a2-8c24-b9355d75a8b0,ACTIVE,1250000,250000,-2165064,0,0,0,0,0.0000
1564704,01a0b1c2-7e57-7c11-8e57-000000000001,01a0d76c-a53d-76a2-8c24-b9305de133da,ACTIVE,-11244,-3021271,2138390,-46181,-62601,28795,0,0.0000
1564706,01a0b1c2-7e57-7c11-8e57-000000000001,01a0d76c-a53d-76a2-8c24-b9355d75a8b0,ACTIVE,1250000,250000,-2165064,0,0,0,0,0.0000
1564706,01a0b1c2-7e57-7c11-8e57-000000000001,01a0d76c-a53d-76a2-8c24-b9305de133da,ACTIVE,-15833,-3027491,2141251,-45791,-62073,28552,0,0.0000
1564708,01a0b1c2-7e57-7c11-8e57-000000000001,01a0d76c-a53d-76a2-8c24-b9355d75a8b0,ACTIVE,1250000,250000,-2165064,0,0,0,0,0.0000
1564708,01a0b1c2-7e57-7c11-8e57-000000000001,01a0d76c-a53d-76a2-8c24-b9305de133da,ACTIVE,-20383,-3033659,2144088,-45402,-61544,28309,0,0.0000
1564710,01a0b1c2-7e57-7c11-8e57-000000000001,01a0d76c-a53d-76a2-8c24-b9355d75a8b0,ACTIVE,1250000,250000,-2165064,0,0,0,0,0.0000
1564710,01a0b1c2-7e57-7c11-8e57-000000000001,01a0d76c-a53d-76a2-8c24-b9305de133da,ACTIVE,-24894,-3039774,2146901,-45012,-61016,28066,0,0.0000
1564712,01a0b1c2-7e57-7c11-8e57-000000000001,01a0d76c-a53d-76a2-8c24-b9355d75a8b0,ACTIVE,1250000,250000,-2165064,0,0,0,0,0.0000
1564712,01a0b1c2-7e57-7c11-8e57-000000000001,01a0d76c-a53d-76a2-8c24-b9305de133da,ACTIVE,-29366,-3045836,2149689,-44622,-60488,27823,0,0.0000
1564714,01a0b1c2-7e57-7c11-8e57-000000000001,01a0d76c-a53d-76a2-8c24-b9355d75a8b0,ACTIVE,1250000,250000,-2165064,0,0,0,0,0.0000
1564714,01a0b1c2-7e57-7c11-8e57-000000000001,01a0d76c-a53d-76a2-8c24-b9305de133da,ACTIVE,-33799,-3051845,2152453,-44232,-59959,27580,0,0.0000
1564716,01a0b1c2-7e57-7c11-8e57-000000000001,01a0d76c-a53d-76a2-8c24-b9355d75a8b0,ACTIVE,1250000,250000,-2165064,0,0,0,0,0.0000
1564716,01a0b1c2-7e57-7c11-8e57-000000000001,01a0d76c-a53d-76a2-8c24-b9305de133da,ACTIVE,-38193,-3057801,2155193,-43843,-59431,27337,0,0.0000
1564718,01a0b1c2-7e57-7c11-8e57-000000000001,01a0d76c-a53d-76a2-8c24-b9355d75a8b0,ACTIVE,1250000,250000,-2165064,0,0,0,0,0.0000
1564718,01a0b1c2-7e57-7c11-8e57-000000000001,01a0d76c-a53d-76a2-8c24-b9305de133da,ACTIVE,-42548,-3063704,2157908,-43453,-58903,27094,0,0.0000
1564720,01a0b1c2-7e57-7c11-8e57-000000000001,01a0d76c-a53d-76a2-8c24-b9355d75a8b0,ACTIVE,1250000,250000,-2165064,0,0,0,0,0.0000
1564720,01a0b1c2-7e57-7c11-8e57-000000000001,01a0d76c-a53d-76a2-8c24-b9305de133da,ACTIVE,-46864,-3069555,2160600,-43063,-58375,26851,0,0.0000
1564722,01a0b1c2-7e57-7c11-8e57-000000000001,01a0d76c-a53d-76a2-8c24-b9355d75a8b0,ACTIVE,1250000,250000,-2165064,0,0,0,0,0.0000
1564722,01a0b1c2-7e57-7c11-8e57-000000000001,01a0d76c-a53d-76a2-8c24-b9305de133da,ACTIVE,-51141,-3075353,2163267,-42674,-57846,26608,0,0.0000
1564724,01a0b1c2-7e57-7c11-8e57-000000000001,01a0d76c-a53d-76a2-8c24-b9355d75a8b0,ACTIVE,1250000,250000,-2165064,0,0,0,0,0.0000
1564724,01a0b1c2-7e57-7c11-8e57-000000000001,01a0d76c-a53d-76a2-8c24-b9305de133da,ACTIVE,-55379,-3081098,2165909,-42284,-57318,26365,0,0.0000
1564726,01a0b1c2-7e57-7c11-8e57-000000000001,01a0d76c-a53d-76a2-8c24-b9355d75a8b0,ACTIVE,1250000,250000,-2165064,0,0,0,0,0.0000
1564726,01a0b1c2-7e57-7c11-8e57-000000000001,01a0d76c-a53d-76a2-8c24-b9305de133da,ACTIVE,-59578,-3086790,2168527,-41894,-56790,26122,0,0.0000
1564728,01a0b1c2-7e57-7c11-8e57-000000000001,01a0d76c-a53d-76a2-8c24-b9355d75a8b0,ACTIVE,1250000,250000,-2165064,0,0,0,0,0.0000
1564728,01a0b1c2-7e57-7c11-8e57-000000000001,01a0d76c-a53d-76a2-8c24-b9305de133da,ACTIVE,-63739,-3092430,2171121,-41505,-56262,25879,0,0.0000
1564730,01a0b1c2-7e57-7c11-8e57-000000000001,01a0d76c-a53d-76a2-8c24-b9355d75a8b0,ACTIVE,1250000,250000,-2165064,0,0,0,0,0.0000
1564730,01a0b1c2-7e57-7c11-8e57-000000000001,01a0d76c-a53d-76a2-8c24-b9305de133da,ACTIVE,-67860,-3098016,2173691,-41115,-55733,25636,0,0.0000
1564732,01a0b1c2-7e57-7c11-8e57-000000000001,01a0d76c-a53d-76a2-8c24-b9355d75a8b0,ACTIVE,1250000,250000,-2165064,0,0,0,0,0.0000
1564732,01a0b1c2-7e57-7c11-8e57-000000000001,01a0d76c-a53d-76a2-8c24-b9305de133da,ACTIVE,-71942,-3103550,2176236,-40725,-55205,25393,0,0.0000
1564734,01a0b1c2-7e57-7c11-8e57-000000000001,01a0d76c-a53d-76a2-8c24-b9355d75a8b0,ACTIVE,1250000,250000,-2165064,0,0,0,0,0.0000
1564734,01a0b1c2-7e57-7c11-8e57-000000000001,01a0d76c-a53d-76a2-8c24-b9305de133da,ACTIVE,-75985,-3109031,2178757,-40335,-54677,25150,0,0.0000
1564736,01a0b1c2-7e57-7c11-8e57-000000000001,01a0d76c-a53d-76a2-8c24-b9355d75a8b0,ACTIVE,1250000,250000,-2165064,0,0,0,0,0.0000
1564736,01a0b1c2-7e57-7c11-8e57-000000000001,01a0d76c-a53d-76a2-8c24-b9305de133da,ACTIVE,-79990,-3114459,2181254,-39946,-54148,24907,0,0.0000
1564738,01a0b1c2-7e57-7c11-8e57-000000000001,01a0d76c-a53d-76a2-8c24-b9355d75a8b0,ACTIVE,1250000,250000,-2165064,0,0,0,0,0.0000
1564738,01a0b1c2-7e57-7c11-8e57-000000000001,01a0d76c-a53d-76a2-8c24-b9305de133da,ACTIVE,-83955,-3119834,2183727,-39556,-53620,24664,0,0.0000
1564740,01a0b1c2-7e57-7c11-8e57-000000000001,01a0d76c-a53d-76a2-8c24-b9355d75a8b0,ACTIVE,1250000,250000,-2165064,0,0,0,0,0.0000
1564740,01a0b1c2-7e57-7c11-8e57-000000000001,01a0d76c-a53d-76a2-8c24-b9305de133da,ACTIVE,-87881,-3125156,2186175,-39166,-53092,24421,0,0.0000
1564742,01a0b1c2-7e57-7c11-8e57-000000000001,01a0d76c-a53d-76a2-8c24-b9355d75a8b0,ACTIVE,1250000,250000,-2165064,0,0,0,0,0.0000
1564742,01a0b1c2-7e57-7c11-8e57-000000000001,01a0d76c-a53d-76a2-8c24-b9305de133da,ACTIVE,-91769,-3130426,2188599,-38777,-52564,24178,0,0.0000
1564744,01a0b1c2-7e57-7c11-8e57-000000000001,01a0d76c-a53d-76a2-8c24-b9355d75a8b0,ACTIVE,1250000,250000,-2165064,0,0,0,0,0.0000
1564744,01a0b1c2-7e57-7c11-8e57-000000000001,01a0d76c-a53d-76a2-8c24-b9305de133da,ACTIVE,-95617,-3135643,2190998,-38387,-52035,23935,0,0.0000
1564746,01a0b1c2-7e57-7c11-8e57-000000000001,01a0d76c-a53d-76a2-8c24-b9355d75a8b0,ACTIVE,1250000,250000,-2165064,0,0,0,0,0.0000
1564746,01a0b1c2-7e57-7c11-8e57-000000000001,01a0d76c-a53d-76a2-8c24-b9305de133da,ACTIVE,-99427,-3140807,2193374,-37997,-51507,23692,0,0.0000
1564748,01a0b1c2-7e57-7c11-8e57-000000000001,01a0d76c-a53d-76a2-8c24-b9355d75a8b0,ACTIVE,1250000,250000,-2165064,0,0,0,0,0.0000
1564748,01a0b1c2-7e57-7c11-8e57-000000000001,01a0d76c-a53d-76a2-8c24-b9305de133da,ACTIVE,-103197,-3145918,2195725,-37607,-50979,23449,0,0.0000
1564750,01a0b1c2-7e57-7c11-8e57-000000000001,01a0d76c-a53d-76a2-8c24-b9355d75a8b0,ACTIVE,1250000,250000,-2165064,0,0,0,0,0.0000
1564750,01a0b1c2-7e57-7c11-8e57-000000000001,01a0d76c-a53d-76a2-8c24-b9305de133da,ACTIVE,-106929,-3150976,2198051,-37218,-50450,23206,0,0.0000
1564752,01a0b1c2-7e57-7c11-8e57-000000000001,01a0d76c-a53d-76a2-8c24-b9355d75a8b0,ACTIVE,1250000,250000,-2165064,0,0,0,0,0.0000
1564752,01a0b1c2-7e57-7c11-8e57-000000000001,01a0d76c-a53d-76a2-8c24-b9305de133da,ACTIVE,-110621,-3155981,2200354,-36828,-49922,22963,0,0.0000
1564754,01a0b1c2-7e57-7c11-8e57-000000000001,01a0d76c-a53d-76a2-8c24-b9355d75a8b0,ACTIVE,1250000,250000,-2165064,0,0,0,0,0.0000
1564754,01a0b1c2-7e57-7c11-8e57-000000000001,01a0d76c-a53d-76a2-8c24-b9305de133da,ACTIVE,-114275,-3160934,2202632,-36438,-49394,22720,0,0.0000
1564756,01a0b1c2-7e57-7c11-8e57-000000000001,01a0d76c-a53d-76a2-8c24-b9355d75a8b0,ACTIVE,1250000,250000,-2165064,0,0,0,0,0.0000
1564756,01a0b1c2-7e57-7c11-8e57-000000000001,01a0d76c-a53d-76a2-8c24-b9305de133da,ACTIVE,-117889,-3165834,2204885,-36049,-48866,22477,0,0.0000
1564758,01a0b1c2-7e57-7c11-8e57-000000000001,01a0d76c-a53d-76a2-8c24-b9355d75a8b0,ACTIVE,1250000,250000,-2165064,0,0,0,0,0.0000
1564758,01a0b1c2-7e57-7c11-8e57-000000000001,01a0d76c-a53d-76a2-8c24-b9305de133da,ACTIVE,-121465,-3170681,2207115,-35659,-48337,22234,0,0.0000
1564760,01a0b1c2-7e57-7c11-8e57-000000000001,01a0d76c-a53d-76a2-8c24-b9355d75a8b0,ACTIVE,1250000,250000,-2165064,0,0,0,0,0.0000
1564760,01a0b1c2-7e57-7c11-8e57-000000000001,01a0d76c-a53d-76a2-8c24-b9305de133da,ACTIVE,-125002,-3175475,2209320,-35269,-47809,21991,0,0.0000
1564762,01a0b1c2-7e57-7c11-8e57-000000000001,01a0d76c-a53d-76a2-8c24-b9355d75a8b0,ACTIVE,1250000,250000,-2165064,0,0,0,0,0.0000
1564762,01a0b1c2-7e57-7c11-8e57-000000000001,01a0d76c-a53d-76a2-8c24-b9305de133da,ACTIVE,-128499,-3180216,2211501,-34879,-47281,21748,0,0.0000
1564764,01a0b1c2-7e57-7c11-8e57-000000000001,01a0d76c-a53d-76a2-8c24-b9355d75a8b0,ACTIVE,1250000,250000,-2165064,0,0,0,0,0.0000
1564764,01a0b1c2-7e57-7c11-8e57-000000000001,01a0d76c-a53d-76a2-8c24-b9305de133da,ACTIVE,-131958,-3184904,2213658,-34490,-46753,21505,0,0.0000
1564766,01a0b1c2-7e57-7c11-8e57-000000000001,01a0d76c-a53d-76a2-8c24-b9355d75a8b0,ACTIVE,1250000,250000,-2165064,0,0,0,0,0.0000
1564766,01a0b1c2-7e57-7c11-8e57-000000000001,01a0d76c-a53d-76a2-8c24-b9305de133da,ACTIVE,-135378,-3189540,2215790,-34100,-46224,21262,0,0.0000
1564768,01a0b1c2-7e57-7c11-8e57-000000000001,01a0d76c-a53d-76a2-8c24-b9355d75a8b0,ACTIVE,1250000,250000,-2165064,0,0,0,0,0.0000
1564768,01a0b1c2-7e57-7c11-8e57-000000000001,01a0d76c-a53d-76a2-8c24-b9305de133da,ACTIVE,-138758,-3194123,2217898,-33710,-45696,21019,0,0.0000
1564770,01a0b1c2-7e57-7c11-8e57-000000000001,01a0d76c-a53d-76a2-8c24-b9355d75a8b0,ACTIVE,1250000,250000,-2165064,0,0,0,0,0.0000
1564770,01a0b1c2-7e57-7c11-8e57-000000000001,01a0d76c-a53d-76a2-8c24-b9305de133da,ACTIVE,-142100,-3198653,2219982,-33321,-45168,20776,0,0.0000
1564772,01a0b1c2-7e57-7c11-8e57-000000000001,01a0d76c-a53d-76a2-8c24-b9355d75a8b0,ACTIVE,1250000,250000,-2165064,0,0,0,0,0.0000
1564772,01a0b1c2-7e57-7c11-8e57-000000000001,01a0d76c-a53d-76a2-8c24-b9305de133da,ACTIVE,-145403,-3203130,2222041,-32931,-44639,20533,0,0.0000
1564774,01a0b1c2-7e57-7c11-8e57-000000000001,01a0d76c-a53d-76a2-8c24-b9355d75a8b0,ACTIVE,1250000,250000,-2165064,0,0,0,0,0.0000
1564774,01a0b1c2-7e57-7c11-8e57-000000000001,01a0d76c-a53d-76a2-8c24-b9305de133da,ACTIVE,-148667,-3207554,2224076,-32541,-44111,20290,0,0.0000
1564776,01a0b1c2-7e57-7c11-8e57-000000000001,01a0d76c-a53d-76a2-8c24-b9355d75a8b0,ACTIVE,1250000,250000,-2165064,0,0,0,0,0.0000
1564776,01a0b1c2-7e57-7c11-8e57-000000000001,01a0d76c-a53d-76a2-8c24-b9305de133da,ACTIVE,-151892,-3211926,2226087,-32151,-43583,20047,0,0.0000
1564778,01a0b1c2-7e57-7c11-8e57-000000000001,01a0d76c-a53d-76a2-8c24-b9355d75a8b0,ACTIVE,1250000,250000,-2165064,0,0,0,0,0.0000
1564778,01a0b1c2-7e57-7c11-8e57-000000000001,01a0d76c-a53d-76a2-8c24-b9305de133da,ACTIVE,-155078,-3216245,2228073,-31762,-43055,19804,0,0.0000
1564780,01a0b1c2-7e57-7c11-8e57-000000000001,01a0d76c-a53d-76a2-8c24-b9355d75a8b0,ACTIVE,1250000,250000,-2165064,0,0,0,0,0.0000
1564780,01a0b1c2-7e57-7c11-8e57-000000000001,01a0d76c-a53d-76a2-8c24-b9305de133da,ACTIVE,-158225,-3220510,2230035,-31372,-42526,19561,0,0.0000
1564782,01a0b1c2-7e57-7c11-8e57-000000000001,01a0d76c-a53d-76a2-8c24-b9355d75a8b0,ACTIVE,1250000,250000,-2165064,0,0,0,0,0.0000
1564782,01a0b1c2-7e57-7c11-8e57-000000000001,01a0d76c-a53d-76a2-8c24-b9305de133da,ACTIVE,-161333,-3224723,2231973,-30982,-41998,19318,0,0.0000
1564784,01a0b1c2-7e57-7c11-8e57-000000000001,01a0d76c-a53d-76a2-8c24-b9355d75a8b0,ACTIVE,1250000,250000,-2165064,0,0,0,0,0.0000
1564784,01a0b1c2-7e57-7c11-8e57-000000000001,01a0d76c-a53d-76a2-8c24-b9305de133da,ACTIVE,-164402,-3228884,2233887,-30593,-41470,19075,0,0.0000
1564786,01a0b1c2-7e57-7c11-8e57-000000000001,01a0d76c-a53d-76a2-8c24-b9355d75a8b0,ACTIVE,1250000,250000,-2165064,0,0,0,0,0.0000
1564786,01a0b1c2-7e57-7c11-8e57-000000000001,01a0d76c-a53d-76a2-8c24-b9305de133da,ACTIVE,-167432,-3232991,2235776,-30203,-40941,18832,0,0.0000
1564788,01a0b1c2-7e57-7c11-8e57-000000000001,01a0d76c-a53d-76a2-8c24-b9355d75a8b0,ACTIVE,1250000,250000,-2165064,0,0,0,0,0.0000
1564788,01a0b1c2-7e57-7c11-8e57-000000000001,01a0d76c-a53d-76a2-8c24-b9305de133da,ACTIVE,-170423,-3237045,2237641,-29813,-40413,18589,0,0.0000
1564790,01a0b1c2-7e57-7c11-8e57-000000000001,01a0d76c-a53d-76a2-8c24-b9355d75a8b0,ACTIVE,1250000,250000,-2165064,0,0,0,0,0.0000
1564790,01a0b1c2-7e57-7c11-8e57-000000000001,01a0d76c-a53d-76a2-8c24-b9305de133da,ACTIVE,-173375,-3241047,2239482,-29423,-39885,18346,0,0.0000
1564792,01a0b1c2-7e57-7c11-8e57-000000000001,01a0d76c-a53d-76a2-8c24-b9355d75a8b0,ACTIVE,1250000,250000,-2165064,0,0,0,0,0.0000
1564792,01a0b1c2-7e57-7c11-8e57-000000000001,01a0d76c-a53d-76a2-8c24-b9305de133da,ACTIVE,-176288,-3244996,2241298,-29034,-39357,18103,0,0.0000
1564794,01a0b1c2-7e57-7c11-8e57-000000000001,01a0d76c-a53d-76a2-8c24-b9355d75a8b0,ACTIVE,1250000,250000,-2165064,0,0,0,0,0.0000
1564794,01a0b1c2-7e57-7c11-8e57-000000000001,01a0d76c-a53d-76a2-8c24-b9305de133da,ACTIVE,-179162,-3248892,2243090,-28644,-38828,17860,0,0.0000
1564796,01a0b1c2-7e57-7c11-8e57-000000000001,01a0d76c-a53d-76a2-8c24-b9355d75a8b0,ACTIVE,1250000,250000,-2165064,0,0,0,0,0.0000
1564796,01a0b1c2-7e57-7c11-8e57-000000000001,01a0d76c-a53d-76a2-8c24-b9305de133da,ACTIVE,-181997,-3252735,2244858,-28254,-38300,17617,0,0.0000
1564798,01a0b1c2-7e57-7c11-8e57-000000000001,01a0d76c-a53d-76a2-8c24-b9355d75a8b0,ACTIVE,1250000,250000,-2165064,0,0,0,0,0.0000
1564798,01a0b1c2-7e57-7c11-8e57-000000000001,01a0d76c-a53d-76a2-8c24-b9305de133da,ACTIVE,-184793,-3256526,2246602,-27865,-37772,17374,0,0.0000
1564800,01a0b1c2-7e57-7c11-8e57-000000000001,01a0d76c-a53d-76a2-8c24-b9355d75a8b0,ACTIVE,1250000,250000,-2165064,0,0,0,0,0.0000
1564800,01a0b1c2-7e57-7c11-8e57-000000000001,01a0d76c-a53d-76a2-8c24-b9305de133da,ACTIVE,-187551,-3260263,2248321,-27475,-37244,17131,0,0.0000
1564802,01a0b1c2-7e57-7c11-8e57-000000000001,01a0d76c-a53d-76a2-8c24-b9355d75a8b0,ACTIVE,1250000,250000,-2165064,0,0,0,0,0.0000
1564802,01a0b1c2-7e57-7c11-8e57-000000000001,01a0d76c-a53d-76a2-8c24-b9305de133da,ACTIVE,-190269,-3263948,2250016,-27085,-36715,16888,0,0.0000
1564804,01a0b1c2-7e57-7c11-8e57-000000000001,01a0d76c-a53d-76a2-8c24-b9355d75a8b0,ACTIVE,1250000,250000,-2165064,0,0,0,0,0.0000
1564804,01a0b1c2-7e57-7c11-8e57-000000000001,01a0d76c-a53d-76a2-8c24-b9305de133da,ACTIVE,-192948,-3267580,2251686,-26695,-36187,16645,0,0.0000
1564806,01a0b1c2-7e57-7c11-8e57-000000000001,01a0d76c-a53d-76a2-8c24-b9355d75a8b0,ACTIVE,1250000,250000,-2165064,0,0,0,0,0.0000
1564806,01a0b1c2-7e57-7c11-8e57-000000000001,01a0d76c-a53d-76a2-8c24-b9305de133da,ACTIVE,-195588,-3271159,2253333,-26306,-35659,16402,0,0.0000
1564808,01a0b1c2-7e57-7c11-8e57-000000000001,01a0d76c-a53d-76a2-8c24-b9355d75a8b0,ACTIVE,1250000,250000,-2165064,0,0,0,0,0.0000
1564808,01a0b1c2-7e57-7c11-8e57-000000000001,01a0d76c-a53d-76a2-8c24-b9305de133da,ACTIVE,-198190,-3274685,2254955,-25916,-35130,16159,0,0.0000
1564810,01a0b1c2-7e57-7c11-8e57-000000000001,01a0d76c-a53d-76a2-8c24-b9355d75a8b0,ACTIVE,1250000,250000,-2165064,0,0,0,0,0.0000
1564810,01a0b1c2-7e57-7c11-8e57-000000000001,01a0d76c-a53d-76a2-8c24-b9305de133da,ACTIVE,-200752,-3278159,2256552,-25526,-34602,15916,0,0.0000
1564812,01a0b1c2-7e57-7c11-8e57-000000000001,01a0d76c-a53d-76a2-8c24-b9355d75a8b0,ACTIVE,1250000,250000,-2165064,0,0,0,0,0.0000
1564812,01a0b1c2-7e57-7c11-8e57-000000000001,01a0d76c-a53d-76a2-8c24-b9305de133da,ACTIVE,-203276,-3281579,2258126,-25137,-34074,15673,0,0.0000
1564814,01a0b1c2-7e57-7c11-8e57-000000000001,01a0d76c-a53d-76a2-8c24-b9355d75a8b0,ACTIVE,1250000,250000,-2165064,0,0,0,0,0.0000
1564814,01a0b1c2-7e57-7c11-8e57-000000000001,01a0d76c-a53d-76a2-8c24-b9305de133da,ACTIVE,-205760,-3284947,2259675,-24747,-33546,15430,0,0.0000
1564816,01a0b1c2-7e57-7c11-8e57-000000000001,01a0d76c-a53d-76a2-8c24-b9355d75a8b0,ACTIVE,1250000,250000,-2165064,0,0,0,0,0.0000
1564816,01a0b1c2-7e57-7c11-8e57-000000000001,01a0d76c-a53d-76a2-8c24-b9305de133da,ACTIVE,-208205,-3288262,2261200,-24357,-33017,15187,0,0.0000
1564818,01a0b1c2-7e57-7c11-8e57-000000000001,01a0d76c-a53d-76a2-8c24-b9355d75a8b0,ACTIVE,1250000,250000,-2165064,0,0,0,0,0.0000
1564818,01a0b1c2-7e57-7c11-8e57-000000000001,01a0d76c-a53d-76a2-8c24-b9305de133da,ACTIVE,-210612,-3291524,2262700,-23967,-32489,14944,0,0.0000
1564820,01a0b1c2-7e57-7c11-8e57-000000000001,01a0d76c-a53d-76a2-8c24-b9355d75a8b0,ACTIVE,1250000,250000,-2165064,0,0,0,0,0.0000
1564820,01a0b1c2-7e57-7c11-8e57-000000000001,01a0d76c-a53d-76a2-8c24-b9305de133da,ACTIVE,-212979,-3294733,2264176,-23578,-31961,14701,0,0.0000
1564822,01a0b1c2-7e57-7c11-8e57-000000000001,01a0d76c-a53d-76a2-8c24-b9355d75a8b0,ACTIVE,1250000,250000,-2165064,0,0,0,0,0.0000
1564822,01a0b1c2-7e57-7c11-8e57-000000000001,01a0d76c-a53d-76a2-8c24-b9305de133da,ACTIVE,-215308,-3297890,2265628,-23188,-31432,14458,0,0.0000
1564824,01a0b1c2-7e57-7c11-8e57-000000000001,01a0d76c-a53d-76a2-8c24-b9355d75a8b0,ACTIVE,1250000,250000,-2165064,0,0,0,0,0.0000
1564824,01a0b1c2-7e57-7c11-8e57-000000000001,01a0d76c-a53d-76a2-8c24-b9305de133da,ACTIVE,-217598,-3300993,2267056,-22798,-30904,14215,0,0.0000
1564826,01a0b1c2-7e57-7c11-8e57-000000000001,01a0d76c-a53d-76a2-8c24-b9355d75a8b0,ACTIVE,1250000,250000,-2165064,0,0,0,0,0.0000
1564826,01a0b1c2-7e57-7c11-8e57-000000000001,01a0d76c-a53d-76a2-8c24-b9305de133da,ACTIVE,-219848,-3304044,2268459,-22409,-30376,13972,0,0.0000
1564828,01a0b1c2-7e57-7c11-8e57-000000000001,01a0d76c-a53d-76a2-8c24-b9355d75a8b0,ACTIVE,1250000,250000,-2165064,0,0,0,0,0.0000
1564828,01a0b1c2-7e57-7c11-8e57-000000000001,01a0d76c-a53d-76a2-8c24-b9305de133da,ACTIVE,-222060,-3307042,2269838,-22019,-29848,13729,0,0.0000
1564830,01a0b1c2-7e57-7c11-8e57-000000000001,01a0d76c-a53d-76a2-8c24-b9355d75a8b0,ACTIVE,1250000,250000,-2165064,0,0,0,0,0.0000
1564830,01a0b1c2-7e57-7c11-8e57-000000000001,01a0d76c-a53d-76a2-8c24-b9305de133da,ACTIVE,-224232,-3309987,2271193,-21629,-29319,13486,0,0.0000
1564832,01a0b1c2-7e57-7c11-8e57-000000000001,01a0d76c-a53d-76a2-8c24-b9355d75a8b0,ACTIVE,1250000,250000,-2165064,0,0,0,0,0.0000
1564832,01a0b1c2-7e57-7c11-8e57-000000000001,01a0d76c-a53d-76a2-8c24-b9305de133da,ACTIVE,-226366,-3312880,2272523,-21239,-28791,13243,0,0.0000
1564834,01a0b1c2-7e57-7c11-8e57-000000000001,01a0d76c-a53d-76a2-8c24-b9355d75a8b0,ACTIVE,1250000,250000,-2165064,0,0,0,0,0.0000
1564834,01a0b1c2-7e57-7c11-8e57-000000000001,01a0d76c-a53d-76a2-8c24-b9305de133da,ACTIVE,-228461,-3315719,2273829,-20850,-28263,13000,0,0.0000
1564836,01a0b1c2-7e57-7c11-8e57-000000000001,01a0d76c-a53d-76a2-8c24-b9355d75a8b0,ACTIVE,1250000,250000,-2165064,0,0,0,0,0.0000
1564836,01a0b1c2-7e57-7c11-8e57-000000000001,01a0d76c-a53d-76a2-8c24-b9305de133da,ACTIVE,-230517,-3318506,2275111,-20460,-27735,12757,0,0.0000
1564838,01a0b1c2-7e57-7c11-8e57-000000000001,01a0d76c-a53d-76a2-8c24-b9355d75a8b0,ACTIVE,1250000,250000,-2165064,0,0,0,0,0.0000
1564838,01a0b1c2-7e57-7c11-8e57-000000000001,01a0d76c-a53d-76a2-8c24-b9305de133da,ACTIVE,-232533,-3321240,2276368,-20070,-27206,12514,0,0.0000
1564840,01a0b1c2-7e57-7c11-8e57-000000000001,01a0d76c-a53d-76a2-8c24-b9355d75a8b0,ACTIVE,1250000,250000,-2165064,0,0,0,0,0.0000
1564840,01a0b1c2-7e57-7c11-8e57-000000000001,01a0d76c-a53d-76a2-8c24-b9305de133da,ACTIVE,-234511,-3323921,2277602,-19681,-26678,12271,0,0.0000
1564842,01a0b1c2-7e57-7c11-8e57-000000000001,01a0d76c-a53d-76a2-8c24-b9355d75a8b0,ACTIVE,1250000,250000,-2165064,0,0,0,0,0.0000
1564842,01a0b1c2-7e57-7c11-8e57-000000000001,01a0d76c-a53d-76a2-8c24-b9305de133da,ACTIVE,-236450,-3326549,2278811,-19291,-26150,12028,0,0.0000
1564844,01a0b1c2-7e57-7c11-8e57-000000000001,01a0d76c-a53d-76a2-8c24-b9355d75a8b0,ACTIVE,1250000,250000,-2165064,0,0,0,0,0.0000
1564844,01a0b1c2-7e57-7c11-8e57-000000000001,01a0d76c-a53d-76a2-8c24-b9305de133da,ACTIVE,-238350,-3329124,2279995,-18901,-25621,11785,0,0.0000
1564846,01a0b1c2-7e57-7c11-8e57-000000000001,01a0d76c-a53d-76a2-8c24-b9355d75a8b0,ACTIVE,1250000,250000,-2165064,0,0,0,0,0.0000
1564846,01a0b1c2-7e57-7c11-8e57-000000000001,01a0d76c-a53d-76a2-8c24-b9305de133da,ACTIVE,-240211,-3331647,2281155,-18511,-25093,11542,0,0.0000
1564848,01a0b1c2-7e57-7c11-8e57-000000000001,01a0d76c-a53d-76a2-8c24-b9355d75a8b0,ACTIVE,1250000,250000,-2165064,0,0,0,0,0.0000
1564848,01a0b1c2-7e57-7c11-8e57-000000000001,01a0d76c-a53d-76a2-8c24-b9305de133da,ACTIVE,-242033,-3334116,2282291,-18122,-24565,11299,0,0.0000
1564850,01a0b1c2-7e57-7c11-8e57-000000000001,01a0d76c-a53d-76a2-8c24-b9355d75a8b0,ACTIVE,1250000,250000,-2165064,0,0,0,0,0.0000
1564850,01a0b1c2-7e57-7c11-8e57-000000000001,01a0d76c-a53d-76a2-8c24-b9305de133da,ACTIVE,-243816,-3336533,2283403,-17732,-24037,11056,0,0.0000
1564852,01a0b1c2-7e57-7c11-8e57-000000000001,01a0d76c-a53d-76a2-8c24-b9355d75a8b0,ACTIVE,1250000,250000,-2165064,0,0,0,0,0.0000
1564852,01a0b1c2-7e57-7c11-8e57-000000000001,01a0d76c-a53d-76a2-8c24-b9305de133da,ACTIVE,-245560,-3338897,2284491,-17342,-23508,10813,0,0.0000
1564854,01a0b1c2-7e57-7c11-8e57-000000000001,01a0d76c-a53d-76a2-8c24-b9355d75a8b0,ACTIVE,1250000,250000,-2165064,0,0,0,0,0.0000
1564854,01a0b1c2-7e57-7c11-8e57-000000000001,01a0d76c-a53d-76a2-8c24-b9305de133da,ACTIVE,-247265,-3341208,2285554,-16953,-22980,10570,0,0.0000
1564856,01a0b1c2-7e57-7c11-8e57-000000000001,01a0d76c-a53d-76a2-8c24-b9355d75a8b0,ACTIVE,1250000,250000,-2165064,0,0,0,0,0.0000
1564856,01a0b1c2-7e57-7c11-8e57-000000000001,01a0d76c-a53d-76a2-8c24-b9305de133da,ACTIVE,-248931,-3343467,2286592,-16563,-22452,10327,0,0.0000
1564858,01a0b1c2-7e57-7c11-8e57-000000000001,01a0d76c-a53d-76a2-8c24-b9355d75a8b0,ACTIVE,1250000,250000,-2165064,0,0,0,0,0.0000
1564858,01a0b1c2-7e57-7c11-8e57-000000000001,01a0d76c-a53d-76a2-8c24-b9305de133da,ACTIVE,-250558,-3345672,2287607,-16173,-21924,10084,0,0.0000
1564860,01a0b1c2-7e57-7c11-8e57-000000000001,01a0d76c-a53d-76a2-8c24-b9355d75a8b0,ACTIVE,1250000,250000,-2165064,0,0,0,0,0.0000
1564860,01a0b1c2-7e57-7c11-8e57-000000000001,01a0d76c-a53d-76a2-8c24-b9305de133da,ACTIVE,-252146,-3347825,2288597,-15783,-21395,9841,0,0.0000
1564862,01a0b1c2-7e57-7c11-8e57-000000000001,01a0d76c-a53d-76a2-8c24-b9355d75a8b0,ACTIVE,1250000,250000,-2165064,0,0,0,0,0.0000
1564862,01a0b1c2-7e57-7c11-8e57-000000000001,01a0d76c-a53d-76a2-8c24-b9305de133da,ACTIVE,-253695,-3349925,2289563,-15394,-20867,9598,0,0.0000
1564864,01a0b1c2-7e57-7c11-8e57-000000000001,01a0d76c-a53d-76a2-8c24-b9355d75a8b0,ACTIVE,1250000,250000,-2165064,0,0,0,0,0.0000
1564864,01a0b1c2-7e57-7c11-8e57-000000000001,01a0d76c-a53d-76a2-8c24-b9305de133da,ACTIVE,-255205,-3351972,2290505,-15004,-20339,9355,0,0.0000
1564866,01a0b1c2-7e57-7c11-8e57-000000000001,01a0d76c-a53d-76a2-8c24-b9355d75a8b0,ACTIVE,1250000,250000,-2165064,0,0,0,0,0.0000
1564866,01a0b1c2-7e57-7c11-8e57-000000000001,01a0d76c-a53d-76a2-8c24-b9305de133da,ACTIVE,-256676,-3353966,2291422,-14614,-19810,9112,0,0.0000
1564868,01a0b1c2-7e57-7c11-8e57-000000000001,01a0d76c-a53d-76a2-8c24-b9355d75a8b0,ACTIVE,1250000,250000,-2165064,0,0,0,0,0.0000
1564868,01a0b1c2-7e57-7c11-8e57-000000000001,01a0d76c-a53d-76a2-8c24-b9305de133da,ACTIVE,-258108,-3355908,2292315,-14225,-19282,8869,0,0.0000
1564870,01a0b1c2-7e57-7c11-8e57-000000000001,01a0d76c-a53d-76a2-8c24-b9355d75a8b0,ACTIVE,1250000,250000,-2165064,0,0,0,0,0.0000
1564870,01a0b1c2-7e57-7c11-8e57-000000000001,01a0d76c-a53d-76a2-8c24-b9305de133da,ACTIVE,-259502,-3357796,2293184,-13835,-18754,8626,0,0.0000
1564872,01a0b1c2-7e57-7c11-8e57-000000000001,01a0d76c-a53d-76a2-8c24-b9355d75a8b0,ACTIVE,1250000,250000,-2165064,0,0,0,0,0.0000
1564872,01a0b1c2-7e57-7c11-8e57-000000000001,01a0d76c-a53d-76a2-8c24-b9305de133da,ACTIVE,-260856,-3359632,2294028,-13445,-18226,8383,0,0.0000
1564874,01a0b1c2-7e57-7c11-8e57-000000000001,01a0d76c-a53d-76a2-8c24-b9355d75a8b0,ACTIVE,1250000,250000,-2165064,0,0,0,0,0.0000
1564874,01a0b1c2-7e57-7c11-8e57-000000000001,01a0d76c-a53d-76a2-8c24-b9305de133da,ACTIVE,-262171,-3361415,2294848,-13055,-17697,8140,0,0.0000
1564876,01a0b1c2-7e57-7c11-8e57-000000000001,01a0d76c-a53d-76a2-8c24-b9355d75a8b0,ACTIVE,1250000,250000,-2165064,0,0,0,0,0.0000
1564876,01a0b1c2-7e57-7c11-8e57-000000000001,01a0d76c-a53d-76a2-8c24-b9305de133da,ACTIVE,-263447,-3363145,2295644,-12666,-17169,7897,0,0.0000
1564878,01a0b1c2-7e57-7c11-8e57-000000000001,01a0d76c-a53d-76a2-8c24-b9355d75a8b0,ACTIVE,1250000,250000,-2165064,0,0,0,0,0.0000
1564878,01a0b1c2-7e57-7c11-8e57-000000000001,01a0d76c-a53d-76a2-8c24-b9305de133da,ACTIVE,-264685,-3364822,2296416,-12276,-16641,7654,0,0.0000
1564880,01a0b1c2-7e57-7c11-8e57-000000000001,01a0d76c-a53d-76a2-8c24-b9355d75a8b0,ACTIVE,1250000,250000,-2165064,0,0,0,0,0.0000
1564880,01a0b1c2-7e57-7c11-8e57-000000000001,01a0d76c-a53d-76a2-8c24-b9305de133da,ACTIVE,-265883,-3366447,2297163,-11886,-16112,7411,0,0.0000
1564882,01a0b1c2-7e57-7c11-8e57-000000000001,01a0d76c-a53d-76a2-8c24-b9355d75a8b0,ACTIVE,1250000,250000,-2165064,0,0,0,0,0.0000
1564882,01a0b1c2-7e57-7c11-8e57-000000000001,01a0d76c-a53d-76a2-8c24-b9305de133da,ACTIVE,-267042,-3368019,2297886,-11497,-15584,7168,0,0.0000
1564884,01a0b1c2-7e57-7c11-8e57-000000000001,01a0d76c-a53d-76a2-8c24-b9355d75a8b0,ACTIVE,1250000,250000,-2165064,0,0,0,0,0.0000
1564884,01a0b1c2-7e57-7c11-8e57-000000000001,01a0d76c-a53d-76a2-8c24-b9305de133da,ACTIVE,-268163,-3369537,2298584,-11107,-15056,6925,0,0.0000
1564886,01a0b1c2-7e57-7c11-8e57-000000000001,01a0d76c-a53d-76a2-8c24-b9355d75a8b0,ACTIVE,1250000,250000,-2165064,0,0,0,0,0.0000
1564886,01a0b1c2-7e57-7c11-8e57-000000000001,01a0d76c-a53d-76a2-8c24-b9305de133da,ACTIVE,-269244,-3371003,2299259,-10717,-14528,6682,0,0.0000
1564888,01a0b1c2-7e57-7c11-8e57-000000000001,01a0d76c-a53d-76a2-8c24-b9355d75a8b0,ACTIVE,1250000,250000,-2165064,0,0,0,0,0.0000
1564888,01a0b1c2-7e57-7c11-8e57-000000000001,01a0d76c-a53d-76a2-8c24-b9305de133da,ACTIVE,-270287,-3372416,2299909,-10327,-13999,6439,0,0.0000
1564890,01a0b1c2-7e57-7c11-8e57-000000000001,01a0d76c-a53d-76a2-8c24-b9355d75a8b0,ACTIVE,1250000,250000,-2165064,0,0,0,0,0.0000
1564890,01a0b1c2-7e57-7c11-8e57-000000000001,01a0d76c-a53d-76a2-8c24-b9305de133da,ACTIVE,-271290,-3373777,2300534,-9938,-13471,6196,0,0.0000
1564892,01a0b1c2-7e57-7c11-8e57-000000000001,01a0d76c-a53d-76a2-8c24-b9355d75a8b0,ACTIVE,1250000,250000,-2165064,0,0,0,0,0.0000
1564892,01a0b1c2-7e57-7c11-8e57-000000000001,01a0d76c-a53d-76a2-8c24-b9305de133da,ACTIVE,-272255,-3375084,2301136,-9548,-12943,5953,0,0.0000
1564894,01a0b1c2-7e57-7c11-8e57-000000000001,01a0d76c-a53d-76a2-8c24-b9355d75a8b0,ACTIVE,1250000,250000,-2165064,0,0,0,0,0.0000
1564894,01a0b1c2-7e57-7c11-8e57-000000000001,01a0d76c-a53d-76a2-8c24-b9305de133da,ACTIVE,-273180,-3376339,2301713,-9158,-12415,5710,0,0.0000
1564896,01a0b1c2-7e57-7c11-8e57-000000000001,01a0d76c-a53d-76a2-8c24-b9355d75a8b0,ACTIVE,1250000,250000,-2165064,0,0,0,0,0.0000
1564896,01a0b1c2-7e57-7c11-8e57-000000000001,01a0d76c-a53d-76a2-8c24-b9305de133da,ACTIVE,-274067,-3377541,2302266,-8769,-11886,5467,0,0.0000
1564898,01a0b1c2-7e57-7c11-8e57-000000000001,01a0d76c-a53d-76a2-8c24-b9355d75a8b0,ACTIVE,1250000,250000,-2165064,0,0,0,0,0.0000
1564898,01a0b1c2-7e57-7c11-8e57-000000000001,01a0d76c-a53d-76a2-8c24-b9305de133da,ACTIVE,-274915,-3378690,2302794,-8379,-11358,5224,0,0.0000
1564900,01a0b1c2-7e57-7c11-8e57-000000000001,01a0d76c-a53d-76a2-8c24-b9355d75a8b0,ACTIVE,1250000,250000,-2165064,0,0,0,0,0.0000
1564900,01a0b1c2-7e57-7c11-8e57-000000000001,01a0d76c-a53d-76a2-8c24-b9305de133da,ACTIVE,-275723,-3379786,2303298,-7989,-10830,4981,0,0.0000
1564902,01a0b1c2-7e57-7c11-8e57-000000000001,01a0d76c-a53d-76a2-8c24-b9355d75a8b0,ACTIVE,1250000,250000,-2165064,0,0,0,0,0.0000
1564902,01a0b1c2-7e57-7c11-8e57-000000000001,01a0d76c-a53d-76a2-8c24-b9305de133da,ACTIVE,-276493,-3380829,2303778,-7599,-10301,4738,0,0.0000
1564904,01a0b1c2-7e57-7c11-8e57-000000000001,01a0d76c-a53d-76a2-8c24-b9355d75a8b0,ACTIVE,1250000,250000,-2165064,0,0,0,0,0.0000
1564904,01a0b1c2-7e57-7c11-8e57-000000000001,01a0d76c-a53d-76a2-8c24-b9305de133da,ACTIVE,-277224,-3381820,2304234,-7210,-9773,4495,0,0.0000
1564906,01a0b1c2-7e57-7c11-8e57-000000000001,01a0d76c-a53d-76a2-8c24-b9355d75a8b0,ACTIVE,1250000,250000,-2165064,0,0,0,0,0.0000
1564906,01a0b1c2-7e57-7c11-8e57-000000000001,01a0d76c-a53d-76a2-8c24-b9305de133da,ACTIVE,-277915,-3382757,2304665,-6820,-9245,4252,0,0.0000
1564908,01a0b1c2-7e57-7c11-8e57-000000000001,01a0d76c-a53d-76a2-8c24-b9355d75a8b0,ACTIVE,1250000,250000,-2165064,0,0,0,0,0.0000
1564908,01a0b1c2-7e57-7c11-8e57-000000000001,01a0d76c-a53d-76a2-8c24-b9305de133da,ACTIVE,-278568,-3383642,2305072,-6430,-8717,4009,0,0.0000
1564910,01a0b1c2-7e57-7c11-8e57-000000000001,01a0d76c-a53d-76a2-8c24-b9355d75a8b0,ACTIVE,1250000,250000,-2165064,0,0,0,0,0.0000
1564910,01a0b1c2-7e57-7c11-8e57-000000000001,01a0d76c-a53d-76a2-8c24-b9305de133da,ACTIVE,-279182,-3384474,2305455,-6041,-8188,3766,0,0.0000
1564912,01a0b1c2-7e57-7c11-8e57-000000000001,01a0d76c-a53d-76a2-8c24-b9355d75a8b0,ACTIVE,1250000,250000,-2165064,0,0,0,0,0.0000
1564912,01a0b1c2-7e57-7c11-8e57-000000000001,01a0d76c-a53d-76a2-8c24-b9305de133da,ACTIVE,-279757,-3385254,2305813,-5651,-7660,3523,0,0.0000
1564914,01a0b1c2-7e57-7c11-8e57-000000000001,01a0d76c-a53d-76a2-8c24-b9355d75a8b0,ACTIVE,1250000,250000,-2165064,0,0,0,0,0.0000
1564914,01a0b1c2-7e57-7c11-8e57-000000000001,01a0d76c-a53d-76a2-8c24-b9305de133da,ACTIVE,-280293,-3385980,2306147,-5261,-7132,3280,0,0.0000
1564916,01a0b1c2-7e57-7c11-8e57-000000000001,01a0d76c-a53d-76a2-8c24-b9355d75a8b0,ACTIVE,1250000,250000,-2165064,0,0,0,0,0.0000
1564916,01a0b1c2-7e57-7c11-8e57-000000000001,01a0d76c-a53d-76a2-8c24-b9305de133da,ACTIVE,-280790,-3386654,2306457,-4871,-6603,3037,0,0.0000
1564918,01a0b1c2-7e57-7c11-8e57-000000000001,01a0d76c-a53d-76a2-8c24-b9355d75a8b0,ACTIVE,1250000,250000,-2165064,0,0,0,0,0.0000
1564918,01a0b1c2-7e57-7c11-8e57-000000000001,01a0d76c-a53d-76a2-8c24-b9305de133da,ACTIVE,-281248,-3387274,2306743,-4482,-6075,2794,0,0.0000
1564920,01a0b1c2-7e57-7c11-8e57-000000000001,01a0d76c-a53d-76a2-8c24-b9355d75a8b0,ACTIVE,1250000,250000,-2165064,0,0,0,0,0.0000
1564920,01a0b1c2-7e57-7c11-8e57-000000000001,01a0d76c-a53d-76a2-8c24-b9305de133da,ACTIVE,-281666,-3387842,2307004,-4092,-5547,2551,0,0.0000
1564922,01a0b1c2-7e57-7c11-8e57-000000000001,01a0d76c-a53d-76a2-8c24-b9355d75a8b0,ACTIVE,1250000,250000,-2165064,0,0,0,0,0.0000
1564922,01a0b1c2-7e57-7c11-8e57-000000000001,01a0d76c-a53d-76a2-8c24-b9305de133da,ACTIVE,-282046,-3388357,2307241,-3702,-5019,2308,0,0.0000
1564924,01a0b1c2-7e57-7c11-8e57-000000000001,01a0d76c-a53d-76a2-8c24-b9355d75a8b0,ACTIVE,1250000,250000,-2165064,0,0,0,0,0.0000
1564924,01a0b1c2-7e57-7c11-8e57-000000000001,01a0d76c-a53d-76a2-8c24-b9305de133da,ACTIVE,-282387,-3388819,2307454,-3313,-4490,2065,0,0.0000
1564926,01a0b1c2-7e57-7c11-8e57-000000000001,01a0d76c-a53d-76a2-8c24-b9355d75a8b0,ACTIVE,1250000,250000,-2165064,0,0,0,0,0.0000
1564926,01a0b1c2-7e57-7c11-8e57-000000000001,01a0d76c-a53d-76a2-8c24-b9305de133da,ACTIVE,-282689,-3389229,2307642,-2923,-3962,1822,0,0.0000
1564928,01a0b1c2-7e57-7c11-8e57-000000000001,01a0d76c-a53d-76a2-8c24-b9355d75a8b0,ACTIVE,1250000,250000,-2165064,0,0,0,0,0.0000
1564928,01a0b1c2-7e57-7c11-8e57-000000000001,01a0d76c-a53d-76a2-8c24-b9305de133da,ACTIVE,-282953,-3389585,2307806,-2533,-3434,1579,0,0.0000
1564930,01a0b1c2-7e57-7c11-8e57-000000000001,01a0d76c-a53d-76a2-8c24-b9355d75a8b0,ACTIVE,1250000,250000,-2165064,0,0,0,0,0.0000
1564930,01a0b1c2-7e57-7c11-8e57-000000000001,01a0d76c-a53d-76a2-8c24-b9305de133da,ACTIVE,-283177,-3389889,2307946,-2143,-2906,1336,0,0.0000
1564932,01a0b1c2-7e57-7c11-8e57-000000000001,01a0d76c-a53d-76a2-8c24-b9355d75a8b0,ACTIVE,1250000,250000,-2165064,0,0,0,0,0.0000
1564932,01a0b1c2-7e57-7c11-8e57-000000000001,01a0d76c-a53d-76a2-8c24-b9305de133da,ACTIVE,-283362,-3390140,2308061,-1754,-2377,1093,0,0.0000
1564934,01a0b1c2-7e57-7c11-8e57-000000000001,01a0d76c-a53d-76a2-8c24-b9355d75a8b0,ACTIVE,1250000,250000,-2165064,0,0,0,0,0.0000
1564934,01a0b1c2-7e57-7c11-8e57-000000000001,01a0d76c-a53d-76a2-8c24-b9305de133da,ACTIVE,-283508,-3390338,2308152,-1364,-1849,850,0,0.0000
1564936,01a0b1c2-7e57-7c11-8e57-000000000001,01a0d76c-a53d-76a2-8c24-b9355d75a8b0,ACTIVE,1250000,250000,-2165064,0,0,0,0,0.0000
1564936,01a0b1c2-7e57-7c11-8e57-000000000001,01a0d76c-a53d-76a2-8c24-b9305de133da,ACTIVE,-283615,-3390484,2308219,-974,-1321,607,0,0.0000
1564938,01a0b1c2-7e57-7c11-8e57-000000000001,01a0d76c-a53d-76a2-8c24-b9355d75a8b0,ACTIVE,1250000,250000,-2165064,0,0,0,0,0.0000
1564938,01a0b1c2-7e57-7c11-8e57-000000000001,01a0d76c-a53d-76a2-8c24-b9305de133da,ACTIVE,-283683,-3390576,2308262,-585,-792,364,0,0.0000
1564940,01a0b1c2-7e57-7c11-8e57-000000000001,01a0d76c-a53d-76a2-8c24-b9355d75a8b0,ACTIVE,1250000,250000,-2165064,0,0,0,0,0.0000
1564940,01a0b1c2-7e57-7c11-8e57-000000000001,01a0d76c-a53d-76a2-8c24-b9305de133da,ACTIVE,-283712,-3390616,2308280,-195,-264,121,0,0.0000
1564942,01a0b1c2-7e57-7c11-8e57-000000000001,01a0d76c-a53d-76a2-8c24-b9355d75a8b0,ACTIVE,1250000,250000,-2165064,0,0,0,0,0.0000
1564942,01a0b1c2-7e57-7c11-8e57-000000000001,01a0d76c-a53d-76a2-8c24-b9305de133da,ACTIVE,-283712,-3390616,2308280,0,0,0,0,0.0000
1564944,01a0b1c2-7e57-7c11-8e57-000000000001,01a0d76c-a53d-76a2-8c24-b9355d75a8b0,ACTIVE,1250000,250000,-2165064,0,0,0,0,0.0000
1564944,01a0b1c2-7e57-7c11-8e57-000000000001,01a0d76c-a53d-76a2-8c24-b9305de133da,ACTIVE,-283712,-3390616,2308280,0,0,0,0,0.0000
1564946,01a0b1c2-7e57-7c11-8e57-000000000001,01a0d76c-a53d-76a2-8c24-b9355d75a8b0,ACTIVE,1250000,250000,-2165064,0,0,0,0,0.0000
1564946,01a0b1c2-7e57-7c11-8e57-000000000001,01a0d76c-a53d-76a2-8c24-b9305de133da,ACTIVE,-283712,-3390616,2308280,0,0,0,0,0.0000
1564948,01a0b1c2-7e57-7c11-8e57-000000000001,01a0d76c-a53d-76a2-8c24-b9355d75a8b0,ACTIVE,1250000,250000,-2165064,0,0,0,0,0.0000
1564948,01a0b1c2-7e57-7c11-8e57-000000000001,01a0d76c-a53d-76a2-8c24-b9305de133da,ACTIVE,-283712,-3390616,2308280,0,0,0,0,0.0000
1564950,01a0b1c2-7e57-7c11-8e57-000000000001,01a0d76c-a53d-76a2-8c24-b9355d75a8b0,ACTIVE,1250000,250000,-2165064,0,0,0,0,0.0000
1564950,01a0b1c2-7e57-7c11-8e57-000000000001,01a0d76c-a53d-76a2-8c24-b9305de133da,ACTIVE,-283712,-3390616,2308280,0,0,0,0,0.0000
1564952,01a0b1c2-7e57-7c11-8e57-000000000001,01a0d76c-a53d-76a2-8c24-b9355d75a8b0,ACTIVE,1250000,250000,-2165064,0,0,0,0,0.0000
1564952,01a0b1c2-7e57-7c11-8e57-000000000001,01a0d76c-a53d-76a2-8c24-b9305de133da,ACTIVE,-283712,-3390616,2308280,0,0,0,0,0.0000
1564954,01a0b1c2-7e57-7c11-8e57-000000000001,01a0d76c-a53d-76a2-8c24-b9355d75a8b0,ACTIVE,1250000,250000,-2165064,0,0,0,0,0.0000
1564954,01a0b1c2-7e57-7c11-8e57-000000000001,01a0d76c-a53d-76a2-8c24-b9305de133da,ACTIVE,-283712,-3390616,2308280,0,0,0,0,0.0000
1564956,01a0b1c2-7e57-7c11-8e57-000000000001,01a0d76c-a53d-76a2-8c24-b9355d75a8b0,ACTIVE,1250000,250000,-2165064,0,0,0,0,0.0000
1564956,01a0b1c2-7e57-7c11-8e57-000000000001,01a0d76c-a53d-76a2-8c24-b9305de133da,ACTIVE,-283712,-3390616,2308280,0,0,0,0,0.0000
1564958,01a0b1c2-7e57-7c11-8e57-000000000001,01a0d76c-a53d-76a2-8c24-b9355d75a8b0,ACTIVE,1250000,250000,-2165064,0,0,0,0,0.0000
1564958,01a0b1c2-7e57-7c11-8e57-000000000001,01a0d76c-a53d-76a2-8c24-b9305de133da,ACTIVE,-283712,-3390616,2308280,0,0,0,0,0.0000
1564960,01a0b1c2-7e57-7c11-8e57-000000000001,01a0d76c-a53d-76a2-8c24-b9355d75a8b0,ACTIVE,1250000,250000,-2165064,0,0,0,0,0.0000
1564960,01a0b1c2-7e57-7c11-8e57-000000000001,01a0d76c-a53d-76a2-8c24-b9305de133da,ACTIVE,-283712,-3390616,2308280,0,0,0,0,0.0000
1564962,01a0b1c2-7e57-7c11-8e57-000000000001,01a0d76c-a53d-76a2-8c24-b9355d75a8b0,ACTIVE,1250000,250000,-2165064,0,0,0,0,0.0000
1564962,01a0b1c2-7e57-7c11-8e57-000000000001,01a0d76c-a53d-76a2-8c24-b9305de133da,ACTIVE,-283712,-3390616,2308280,0,0,0,0,0.0000
1564964,01a0b1c2-7e57-7c11-8e57-000000000001,01a0d76c-a53d-76a2-8c24-b9355d75a8b0,ACTIVE,1250000,250000,-2165064,0,0,0,0,0.0000
1564964,01a0b1c2-7e57-7c11-8e57-000000000001,01a0d76c-a53d-76a2-8c24-b9305de133da,ACTIVE,-283712,-3390616,2308280,0,0,0,0,0.0000
1564966,01a0b1c2-7e57-7c11-8e57-000000000001,01a0d76c-a53d-76a2-8c24-b9355d75a8b0,ACTIVE,1250000,250000,-2165064,0,0,0,0,0.0000
1564966,01a0b1c2-7e57-7c11-8e57-000000000001,01a0d76c-a53d-76a2-8c24-b9305de133da,ACTIVE,-283712,-3390616,2308280,0,0,0,0,0.0000
1564968,01a0b1c2-7e57-7c11-8e57-000000000001,01a0d76c-a53d-76a2-8c24-b9355d75a8b0,ACTIVE,1250000,250000,-2165064,0,0,0,0,0.0000
1564968,01a0b1c2-7e57-7c11-8e57-000000000001,01a0d76c-a53d-76a2-8c24-b9305de133da,ACTIVE,-283712,-3390616,2308280,0,0,0,0,0.0000
1564970,01a0b1c2-7e57-7c11-8e57-000000000001,01a0d76c-a53d-76a2-8c24-b9355d75a8b0,ACTIVE,1250000,250000,-2165064,0,0,0,0,0.0000
1564970,01a0b1c2-7e57-7c11-8e57-000000000001,01a0d76c-a53d-76a2-8c24-b9305de133da,ACTIVE,-283712,-3390616,2308280,0,0,0,0,0.0000
1564972,01a0b1c2-7e57-7c11-8e57-000000000001,01a0d76c-a53d-76a2-8c24-b9355d75a8b0,ACTIVE,1250000,250000,-2165064,0,0,0,0,0.0000
1564972,01a0b1c2-7e57-7c11-8e57-000000000001,01a0d76c-a53d-76a2-8c24-b9305de133da,ACTIVE,-283712,-3390616,2308280,0,0,0,0,0.0000
1564974,01a0b1c2-7e57-7c11-8e57-000000000001,01a0d76c-a53d-76a2-8c24-b9355d75a8b0,ACTIVE,1250000,250000,-2165064,0,0,0,0,0.0000
1564974,01a0b1c2-7e57-7c11-8e57-000000000001,01a0d76c-a53d-76a2-8c24-b9305de133da,ACTIVE,-283712,-3390616,2308280,0,0,0,0,0.0000
1564976,01a0b1c2-7e57-7c11-8e57-000000000001,01a0d76c-a53d-76a2-8c24-b9355d75a8b0,ACTIVE,1250000,250000,-2165064,0,0,0,0,0.0000
1564976,01a0b1c2-7e57-7c11-8e57-000000000001,01a0d76c-a53d-76a2-8c24-b9305de133da,ACTIVE,-283712,-3390616,2308280,0,0,0,0,0.0000
1564978,01a0b1c2-7e57-7c11-8e57-000000000001,01a0d76c-a53d-76a2-8c24-b9355d75a8b0,ACTIVE,1250000,250000,-2165064,0,0,0,0,0.0000
1564978,01a0b1c2-7e57-7c11-8e57-000000000001,01a0d76c-a53d-76a2-8c24-b9305de133da,ACTIVE,-283712,-3390616,2308280,0,0,0,0,0.0000
1564980,01a0b1c2-7e57-7c11-8e57-000000000001,01a0d76c-a53d-76a2-8c24-b9355d75a8b0,ACTIVE,1250000,250000,-2165064,0,0,0,0,0.0000
1564980,01a0b1c2-7e57-7c11-8e57-000000000001,01a0d76c-a53d-76a2-8c24-b9305de133da,ACTIVE,-283712,-3390616,2308280,0,0,0,0,0.0000
1564982,01a0b1c2-7e57-7c11-8e57-000000000001,01a0d76c-a53d-76a2-8c24-b9355d75a8b0,ACTIVE,1250000,250000,-2165064,0,0,0,0,0.0000
1564982,01a0b1c2-7e57-7c11-8e57-000000000001,01a0d76c-a53d-76a2-8c24-b9305de133da,ACTIVE,-283712,-3390616,2308280,0,0,0,0,0.0000
1564984,01a0b1c2-7e57-7c11-8e57-000000000001,01a0d76c-a53d-76a2-8c24-b9355d75a8b0,ACTIVE,1250000,250000,-2165064,0,0,0,0,0.0000
1564984,01a0b1c2-7e57-7c11-8e57-000000000001,01a0d76c-a53d-76a2-8c24-b9305de133da,ACTIVE,-283712,-3390616,2308280,0,0,0,0,0.0000
1564986,01a0b1c2-7e57-7c11-8e57-000000000001,01a0d76c-a53d-76a2-8c24-b9355d75a8b0,ACTIVE,1250000,250000,-2165064,0,0,0,0,0.0000
1564986,01a0b1c2-7e57-7c11-8e57-000000000001,01a0d76c-a53d-76a2-8c24-b9305de133da,ACTIVE,-283712,-3390616,2308280,0,0,0,0,0.0000
1564988,01a0b1c2-7e57-7c11-8e57-000000000001,01a0d76c-a53d-76a2-8c24-b9355d75a8b0,ACTIVE,1250000,250000,-2165064,0,0,0,0,0.0000
1564988,01a0b1c2-7e57-7c11-8e57-000000000001,01a0d76c-a53d-76a2-8c24-b9305de133da,ACTIVE,-283712,-3390616,2308280,0,0,0,0,0.0000
1564990,01a0b1c2-7e57-7c11-8e57-000000000001,01a0d76c-a53d-76a2-8c24-b9355d75a8b0,ACTIVE,1250000,250000,-2165064,0,0,0,0,0.0000
1564990,01a0b1c2-7e57-7c11-8e57-000000000001,01a0d76c-a53d-76a2-8c24-b9305de133da,ACTIVE,-283712,-3390616,2308280,0,0,0,0,0.0000
1564992,01a0b1c2-7e57-7c11-8e57-000000000001,01a0d76c-a53d-76a2-8c24-b9355d75a8b0,ACTIVE,1250000,250000,-2165064,0,0,0,0,0.0000
1564992,01a0b1c2-7e57-7c11-8e57-000000000001,01a0d76c-a53d-76a2-8c24-b9305de133da,ACTIVE,-283712,-3390616,2308280,0,0,0,0,0.0000
1564994,01a0b1c2-7e57-7c11-8e57-000000000001,01a0d76c-a53d-76a2-8c24-b9355d75a8b0,ACTIVE,1250000,250000,-2165064,0,0,0,0,0.0000
1564994,01a0b1c2-7e57-7c11-8e57-000000000001,01a0d76c-a53d-76a2-8c24-b9305de133da,ACTIVE,-283712,-3390616,2308280,0,0,0,0,0.0000
1564996,01a0b1c2-7e57-7c11-8e57-000000000001,01a0d76c-a53d-76a2-8c24-b9355d75a8b0,ACTIVE,1250000,250000,-2165064,0,0,0,0,0.0000
1564996,01a0b1c2-7e57-7c11-8e57-000000000001,01a0d76c-a53d-76a2-8c24-b9305de133da,ACTIVE,-283712,-3390616,2308280,0,0,0,0,0.0000
1564998,01a0b1c2-7e57-7c11-8e57-000000000001,01a0d76c-a53d-76a2-8c24-b9355d75a8b0,ACTIVE,1250000,250000,-2165064,0,0,0,0,0.0000
1564998,01a0b1c2-7e57-7c11-8e57-000000000001,01a0d76c-a53d-76a2-8c24-b9305de133da,ACTIVE,-283712,-3390616,2308280,0,0,0,0,0.0000
1565000,01a0b1c2-7e57-7c11-8e57-000000000001,01a0d76c-a53d-76a2-8c24-b9355d75a8b0,ACTIVE,1250000,250000,-2165064,0,0,0,0,0.0000
1565000,01a0b1c2-7e57-7c11-8e57-000000000001,01a0d76c-a53d-76a2-8c24-b9305de133da,ACTIVE,-283712,-3390616,2308280,0,0,0,0,0.0000
1565002,01a0b1c2-7e57-7c11-8e57-000000000001,01a0d76c-a53d-76a2-8c24-b9355d75a8b0,ACTIVE,1250000,250000,-2165064,0,0,0,0,0.0000
1565002,01a0b1c2-7e57-7c11-8e57-000000000001,01a0d76c-a53d-76a2-8c24-b9305de133da,ACTIVE,-283712,-3390616,2308280,0,0,0,0,0.0000
1565004,01a0b1c2-7e57-7c11-8e57-000000000001,01a0d76c-a53d-76a2-8c24-b9355d75a8b0,ACTIVE,1250000,250000,-2165064,0,0,0,0,0.0000
1565004,01a0b1c2-7e57-7c11-8e57-000000000001,01a0d76c-a53d-76a2-8c24-b9305de133da,ACTIVE,-283712,-3390616,2308280,0,0,0,0,0.0000
1565006,01a0b1c2-7e57-7c11-8e57-000000000001,01a0d76c-a53d-76a2-8c24-b9355d75a8b0,ACTIVE,1250000,250000,-2165064,0,0,0,0,0.0000
1565006,01a0b1c2-7e57-7c11-8e57-000000000001,01a0d76c-a53d-76a2-8c24-b9305de133da,ACTIVE,-283712,-3390616,2308280,0,0,0,0,0.0000
1565008,01a0b1c2-7e57-7c11-8e57-000000000001,01a0d76c-a53d-76a2-8c24-b9355d75a8b0,ACTIVE,1250000,250000,-2165064,0,0,0,0,0.0000
1565008,01a0b1c2-7e57-7c11-8e57-000000000001,01a0d76c-a53d-76a2-8c24-b9305de133da,ACTIVE,-283712,-3390616,2308280,0,0,0,0,0.0000
1565010,01a0b1c2-7e57-7c11-8e57-000000000001,01a0d76c-a53d-76a2-8c24-b9355d75a8b0,ACTIVE,1250000,250000,-2165064,0,0,0,0,0.0000
1565010,01a0b1c2-7e57-7c11-8e57-000000000001,01a0d76c-a53d-76a2-8c24-b9305de133da,ACTIVE,-283712,-3390616,2308280,0,0,0,0,0.0000
1565012,01a0b1c2-7e57-7c11-8e57-000000000001,01a0d76c-a53d-76a2-8c24-b9355d75a8b0,ACTIVE,1250000,250000,-2165064,0,0,0,0,0.0000
1565012,01a0b1c2-7e57-7c11-8e57-000000000001,01a0d76c-a53d-76a2-8c24-b9305de133da,ACTIVE,-283712,-3390616,2308280,0,0,0,0,0.0000
1565014,01a0b1c2-7e57-7c11-8e57-000000000001,01a0d76c-a53d-76a2-8c24-b9355d75a8b0,ACTIVE,1250000,250000,-2165064,0,0,0,0,0.0000
1565014,01a0b1c2-7e57-7c11-8e57-000000000001,01a0d76c-a53d-76a2-8c24-b9305de133da,ACTIVE,-283712,-3390616,2308280,0,0,0,0,0.0000
1565016,01a0b1c2-7e57-7c11-8e57-000000000001,01a0d76c-a53d-76a2-8c24-b9355d75a8b0,ACTIVE,1250000,250000,-2165064,0,0,0,0,0.0000
1565016,01a0b1c2-7e57-7c11-8e57-000000000001,01a0d76c-a53d-76a2-8c24-b9305de133da,ACTIVE,-283712,-3390616,2308280,0,0,0,0,0.0000
1565018,01a0b1c2-7e57-7c11-8e57-000000000001,01a0d76c-a53d-76a2-8c24-b9355d75a8b0,ACTIVE,1250000,250000,-2165064,0,0,0,0,0.0000
1565018,01a0b1c2-7e57-7c11-8e57-000000000001,01a0d76c-a53d-76a2-8c24-b9305de133da,ACTIVE,-283712,-3390616,2308280,0,0,0,0,0.0000
1565020,01a0b1c2-7e57-7c11-8e57-000000000001,01a0d76c-a53d-76a2-8c24-b9355d75a8b0,ACTIVE,1250000,250000,-2165064,0,0,0,0,0.0000
1565020,01a0b1c2-7e57-7c11-8e57-000000000001,01a0d76c-a53d-76a2-8c24-b9305de133da,ACTIVE,-283712,-3390616,2308280,0,0,0,0,0.0000
1565022,01a0b1c2-7e57-7c11-8e57-000000000001,01a0d76c-a53d-76a2-8c24-b9355d75a8b0,ACTIVE,1250000,250000,-2165064,0,0,0,0,0.0000
1565022,01a0b1c2-7e57-7c11-8e57-000000000001,01a0d76c-a53d-76a2-8c24-b9305de133da,ACTIVE,-283712,-3390616,2308280,0,0,0,0,0.0000
1565024,01a0b1c2-7e57-7c11-8e57-000000000001,01a0d76c-a53d-76a2-8c24-b9355d75a8b0,ACTIVE,1250000,250000,-2165064,0,0,0,0,0.0000
1565024,01a0b1c2-7e57-7c11-8e57-000000000001,01a0d76c-a53d-76a2-8c24-b9305de133da,ACTIVE,-283712,-3390616,2308280,0,0,0,0,0.0000
1565026,01a0b1c2-7e57-7c11-8e57-000000000001,01a0d76c-a53d-76a2-8c24-b9355d75a8b0,ACTIVE,1250000,250000,-2165064,0,0,0,0,0.0000
1565026,01a0b1c2-7e57-7c11-8e57-000000000001,01a0d76c-a53d-76a2-8c24-b9305de133da,ACTIVE,-283712,-3390616,2308280,0,0,0,0,0.0000
1565028,01a0b1c2-7e57-7c11-8e57-000000000001,01a0d76c-a53d-76a2-8c24-b9355d75a8b0,ACTIVE,1250000,250000,-2165064,0,0,0,0,0.0000
1565028,01a0b1c2-7e57-7c11-8e57-000000000001,01a0d76c-a53d-76a2-8c24-b9305de133da,ACTIVE,-283712,-3390616,2308280,0,0,0,0,0.0000
1565030,01a0b1c2-7e57-7c11-8e57-000000000001,01a0d76c-a53d-76a2-8c24-b9355d75a8b0,ACTIVE,1250000,250000,-2165064,0,0,0,0,0.0000
1565030,01a0b1c2-7e57-7c11-8e57-000000000001,01a0d76c-a53d-76a2-8c24-b9305de133da,ACTIVE,-283712,-3390616,2308280,0,0,0,0,0.0000
1565032,01a0b1c2-7e57-7c11-8e57-000000000001,01a0d76c-a53d-76a2-8c24-b9355d75a8b0,ACTIVE,1250000,250000,-2165064,0,0,0,0,0.0000
1565032,01a0b1c2-7e57-7c11-8e57-000000000001,01a0d76c-a53d-76a2-8c24-b9305de133da,ACTIVE,-283712,-3390616,2308280,0,0,0,0,0.0000
1565034,01a0b1c2-7e57-7c11-8e57-000000000001,01a0d76c-a53d-76a2-8c24-b9355d75a8b0,ACTIVE,1250000,250000,-2165064,0,0,0,0,0.0000
1565034,01a0b1c2-7e57-7c11-8e57-000000000001,01a0d76c-a53d-76a2-8c24-b9305de133da,ACTIVE,-283712,-3390616,2308280,0,0,0,0,0.0000
1565036,01a0b1c2-7e57-7c11-8e57-000000000001,01a0d76c-a53d-76a2-8c24-b9355d75a8b0,ACTIVE,1250000,250000,-2165064,0,0,0,0,0.0000
1565036,01a0b1c2-7e57-7c11-8e57-000000000001,01a0d76c-a53d-76a2-8c24-b9305de133da,ACTIVE,-283712,-3390616,2308280,0,0,0,0,0.0000
1565038,01a0b1c2-7e57-7c11-8e57-000000000001,01a0d76c-a53d-76a2-8c24-b9355d75a8b0,ACTIVE,1250000,250000,-2165064,0,0,0,0,0.0000
1565038,01a0b1c2-7e57-7c11-8e57-000000000001,01a0d76c-a53d-76a2-8c24-b9305de133da,ACTIVE,-283712,-3390616,2308280,0,0,0,0,0.0000
1565040,01a0b1c2-7e57-7c11-8e57-000000000001,01a0d76c-a53d-76a2-8c24-b9355d75a8b0,ACTIVE,1250000,250000,-2165064,0,0,0,0,0.0000
1565040,01a0b1c2-7e57-7c11-8e57-000000000001,01a0d76c-a53d-76a2-8c24-b9305de133da,ACTIVE,-283712,-3390616,2308280,0,0,0,0,0.0000
1565042,01a0b1c2-7e57-7c11-8e57-000000000001,01a0d76c-a53d-76a2-8c24-b9355d75a8b0,ACTIVE,1250000,250000,-2165064,0,0,0,0,0.0000
1565042,01a0b1c2-7e57-7c11-8e57-000000000001,01a0d76c-a53d-76a2-8c24-b9305de133da,ACTIVE,-283712,-3390616,2308280,0,0,0,0,0.0000
1565044,01a0b1c2-7e57-7c11-8e57-000000000001,01a0d76c-a53d-76a2-8c24-b9355d75a8b0,ACTIVE,1250000,250000,-2165064,0,0,0,0,0.0000
1565044,01a0b1c2-7e57-7c11-8e57-000000000001,01a0d76c-a53d-76a2-8c24-b9305de133da,ACTIVE,-283712,-3390616,2308280,0,0,0,0,0.0000
1565046,01a0b1c2-7e57-7c11-8e57-000000000001,01a0d76c-a53d-76a2-8c24-b9355d75a8b0,ACTIVE,1250000,250000,-2165064,0,0,0,0,0.0000
1565046,01a0b1c2-7e57-7c11-8e57-000000000001,01a0d76c-a53d-76a2-8c24-b9305de133da,ACTIVE,-283712,-3390616,2308280,0,0,0,0,0.0000
1565048,01a0b1c2-7e57-7c11-8e57-000000000001,01a0d76c-a53d-76a2-8c24-b9355d75a8b0,ACTIVE,1250000,250000,-2165064,0,0,0,0,0.0000
1565048,01a0b1c2-7e57-7c11-8e57-000000000001,01a0d76c-a53d-76a2-8c24-b9305de133da,ACTIVE,-283712,-3390616,2308280,0,0,0,0,0.0000
1565050,01a0b1c2-7e57-7c11-8e57-000000000001,01a0d76c-a53d-76a2-8c24-b9355d75a8b0,ACTIVE,1250000,250000,-2165064,0,0,0,0,0.0000
1565050,01a0b1c2-7e57-7c11-8e57-000000000001,01a0d76c-a53d-76a2-8c24-b9305de133da,ACTIVE,-283712,-3390616,2308280,0,0,0,0,0.0000
1565052,01a0b1c2-7e57-7c11-8e57-000000000001,01a0d76c-a53d-76a2-8c24-b9355d75a8b0,ACTIVE,1250000,250000,-2165064,0,0,0,0,0.0000
1565052,01a0b1c2-7e57-7c11-8e57-000000000001,01a0d76c-a53d-76a2-8c24-b9305de133da,ACTIVE,-283712,-3390616,2308280,0,0,0,0,0.0000
1565054,01a0b1c2-7e57-7c11-8e57-000000000001,01a0d76c-a53d-76a2-8c24-b9355d75a8b0,ACTIVE,1250000,250000,-2165064,0,0,0,0,0.0000
1565054,01a0b1c2-7e57-7c11-8e57-000000000001,01a0d76c-a53d-76a2-8c24-b9305de133da,ACTIVE,-283712,-3390616,2308280,0,0,0,0,0.0000
1565056,01a0b1c2-7e57-7c11-8e57-000000000001,01a0d76c-a53d-76a2-8c24-b9355d75a8b0,ACTIVE,1250000,250000,-2165064,0,0,0,0,0.0000
1565056,01a0b1c2-7e57-7c11-8e57-000000000001,01a0d76c-a53d-76a2-8c24-b9305de133da,ACTIVE,-283712,-3390616,2308280,0,0,0,0,0.0000
1565058,01a0b1c2-7e57-7c11-8e57-000000000001,01a0d76c-a53d-76a2-8c24-b9355d75a8b0,ACTIVE,1250000,250000,-2165064,0,0,0,0,0.0000
1565058,01a0b1c2-7e57-7c11-8e57-000000000001,01a0d76c-a53d-76a2-8c24-b9305de133da,ACTIVE,-283712,-3390616,2308280,0,0,0,0,0.0000
1565060,01a0b1c2-7e57-7c11-8e57-000000000001,01a0d76c-a53d-76a2-8c24-b9355d75a8b0,ACTIVE,1250000,250000,-2165064,0,0,0,0,0.0000
1565060,01a0b1c2-7e57-7c11-8e57-000000000001,01a0d76c-a53d-76a2-8c24-b9305de133da,ACTIVE,-283712,-3390616,2308280,0,0,0,0,0.0000
1565062,01a0b1c2-7e57-7c11-8e57-000000000001,01a0d76c-a53d-76a2-8c24-b9355d75a8b0,ACTIVE,1250000,250000,-2165064,0,0,0,0,0.0000
1565062,01a0b1c2-7e57-7c11-8e57-000000000001,01a0d76c-a53d-76a2-8c24-b9305de133da,ACTIVE,-283712,-3390616,2308280,0,0,0,0,0.0000
1565064,01a0b1c2-7e57-7c11-8e57-000000000001,01a0d76c-a53d-76a2-8c24-b9355d75a8b0,ACTIVE,1250000,250000,-2165064,0,0,0,0,0.0000
1565064,01a0b1c2-7e57-7c11-8e57-000000000001,01a0d76c-a53d-76a2-8c24-b9305de133da,ACTIVE,-283712,-3390616,2308280,0,0,0,0,0.0000
1565066,01a0b1c2-7e57-7c11-8e57-000000000001,01a0d76c-a53d-76a2-8c24-b9355d75a8b0,ACTIVE,1250000,250000,-2165064,0,0,0,0,0.0000
1565066,01a0b1c2-7e57-7c11-8e57-000000000001,01a0d76c-a53d-76a2-8c24-b9305de133da,ACTIVE,-283712,-3390616,2308280,0,0,0,0,0.0000
1565068,01a0b1c2-7e57-7c11-8e57-000000000001,01a0d76c-a53d-76a2-8c24-b9355d75a8b0,ACTIVE,1250000,250000,-2165064,0,0,0,0,0.0000
1565068,01a0b1c2-7e57-7c11-8e57-000000000001,01a0d76c-a53d-76a2-8c24-b9305de133da,ACTIVE,-283712,-3390616,2308280,0,0,0,0,0.0000
1565070,01a0b1c2-7e57-7c11-8e57-000000000001,01a0d76c-a53d-76a2-8c24-b9355d75a8b0,ACTIVE,1250000,250000,-2165064,0,0,0,0,0.0000
1565070,01a0b1c2-7e57-7c11-8e57-000000000001,01a0d76c-a53d-76a2-8c24-b9305de133da,ACTIVE,-283712,-3390616,2308280,0,0,0,0,0.0000
1565072,01a0b1c2-7e57-7c11-8e57-000000000001,01a0d76c-a53d-76a2-8c24-b9355d75a8b0,ACTIVE,1250000,250000,-2165064,0,0,0,0,0.0000
1565072,01a0b1c2-7e57-7c11-8e57-000000000001,01a0d76c-a53d-76a2-8c24-b9305de133da,ACTIVE,-283712,-3390616,2308280,0,0,0,0,0.0000
1565074,01a0b1c2-7e57-7c11-8e57-000000000001,01a0d76c-a53d-76a2-8c24-b9355d75a8b0,ACTIVE,1250000,250000,-2165064,0,0,0,0,0.0000
1565074,01a0b1c2-7e57-7c11-8e57-000000000001,01a0d76c-a53d-76a2-8c24-b9305de133da,ACTIVE,-283712,-3390616,2308280,0,0,0,0,0.0000
1565076,01a0b1c2-7e57-7c11-8e57-000000000001,01a0d76c-a53d-76a2-8c24-b9355d75a8b0,ACTIVE,1250000,250000,-2165064,0,0,0,0,0.0000
1565076,01a0b1c2-7e57-7c11-8e57-000000000001,01a0d76c-a53d-76a2-8c24-b9305de133da,ACTIVE,-283712,-3390616,2308280,0,0,0,0,0.0000
1565078,01a0b1c2-7e57-7c11-8e57-000000000001,01a0d76c-a53d-76a2-8c24-b9355d75a8b0,ACTIVE,1250000,250000,-2165064,0,0,0,0,0.0000
1565078,01a0b1c2-7e57-7c11-8e57-000000000001,01a0d76c-a53d-76a2-8c24-b9305de133da,ACTIVE,-283712,-3390616,2308280,0,0,0,0,0.0000
1565080,01a0b1c2-7e57-7c11-8e57-000000000001,01a0d76c-a53d-76a2-8c24-b9355d75a8b0,ACTIVE,1250000,250000,-2165064,0,0,0,0,0.0000
1565080,01a0b1c2-7e57-7c11-8e57-000000000001,01a0d76c-a53d-76a2-8c24-b9305de133da,ACTIVE,-283712,-3390616,2308280,0,0,0,0,0.0000
1565082,01a0b1c2-7e57-7c11-8e57-000000000001,01a0d76c-a53d-76a2-8c24-b9355d75a8b0,ACTIVE,1250000,250000,-2165064,0,0,0,0,0.0000
1565082,01a0b1c2-7e57-7c11-8e57-000000000001,01a0d76c-a53d-76a2-8c24-b9305de133da,ACTIVE,-283712,-3390616,2308280,0,0,0,0,0.0000
1565084,01a0b1c2-7e57-7c11-8e57-000000000001,01a0d76c-a53d-76a2-8c24-b9355d75a8b0,ACTIVE,1250000,250000,-2165064,0,0,0,0,0.0000
1565084,01a0b1c2-7e57-7c11-8e57-000000000001,01a0d76c-a53d-76a2-8c24-b9305de133da,ACTIVE,-283712,-3390616,2308280,0,0,0,0,0.0000
1565086,01a0b1c2-7e57-7c11-8e57-000000000001,01a0d76c-a53d-76a2-8c24-b9355d75a8b0,ACTIVE,1250000,250000,-2165064,0,0,0,0,0.0000
1565086,01a0b1c2-7e57-7c11-8e57-000000000001,01a0d76c-a53d-76a2-8c24-b9305de133da,ACTIVE,-283712,-3390616,2308280,0,0,0,0,0.0000
1565088,01a0b1c2-7e57-7c11-8e57-000000000001,01a0d76c-a53d-76a2-8c24-b9355d75a8b0,ACTIVE,1250000,250000,-2165064,0,0,0,0,0.0000
1565088,01a0b1c2-7e57-7c11-8e57-000000000001,01a0d76c-a53d-76a2-8c24-b9305de133da,ACTIVE,-283712,-3390616,2308280,0,0,0,0,0.0000
1565090,01a0b1c2-7e57-7c11-8e57-000000000001,01a0d76c-a53d-76a2-8c24-b9355d75a8b0,ACTIVE,1250000,250000,-2165064,0,0,0,0,0.0000
1565090,01a0b1c2-7e57-7c11-8e57-000000000001,01a0d76c-a53d-76a2-8c24-b9305de133da,ACTIVE,-283712,-3390616,2308280,0,0,0,0,0.0000
1565092,01a0b1c2-7e57-7c11-8e57-000000000001,01a0d76c-a53d-76a2-8c24-b9355d75a8b0,ACTIVE,1250000,250000,-2165064,0,0,0,0,0.0000
1565092,01a0b1c2-7e57-7c11-8e57-000000000001,01a0d76c-a53d-76a2-8c24-b9305de133da,ACTIVE,-283712,-3390616,2308280,0,0,0,0,0.0000
1565094,01a0b1c2-7e57-7c11-8e57-000000000001,01a0d76c-a53d-76a2-8c24-b9355d75a8b0,ACTIVE,1250000,250000,-2165064,0,0,0,0,0.0000
1565094,01a0b1c2-7e57-7c11-8e57-000000000001,01a0d76c-a53d-76a2-8c24-b9305de133da,ACTIVE,-283712,-3390616,2308280,0,0,0,0,0.0000
1565096,01a0b1c2-7e57-7c11-8e57-000000000001,01a0d76c-a53d-76a2-8c24-b9355d75a8b0,ACTIVE,1250000,250000,-2165064,0,0,0,0,0.0000
1565096,01a0b1c2-7e57-7c11-8e57-000000000001,01a0d76c-a53d-76a2-8c24-b9305de133da,ACTIVE,-283712,-3390616,2308280,0,0,0,0,0.0000
1565098,01a0b1c2-7e57-7c11-8e57-000000000001,01a0d76c-a53d-76a2-8c24-b9355d75a8b0,ACTIVE,1250000,250000,-2165064,0,0,0,0,0.0000
1565098,01a0b1c2-7e57-7c11-8e57-000000000001,01a0d76c-a53d-76a2-8c24-b9305de133da,ACTIVE,-283712,-3390616,2308280,0,0,0,0,0.0000
1565100,01a0b1c2-7e57-7c11-8e57-000000000001,01a0d76c-a53d-76a2-8c24-b9355d75a8b0,ACTIVE,1250000,250000,-2165064,0,0,0,0,0.0000
1565100,01a0b1c2-7e57-7c11-8e57-000000000001,01a0d76c-a53d-76a2-8c24-b9305de133da,ACTIVE,-283712,-3390616,2308280,0,0,0,0,0.0000
1565102,01a0b1c2-7e57-7c11-8e57-000000000001,01a0d76c-a53d-76a2-8c24-b9355d75a8b0,ACTIVE,1250000,250000,-2165064,0,0,0,0,0.0000
1565102,01a0b1c2-7e57-7c11-8e57-000000000001,01a0d76c-a53d-76a2-8c24-b9305de133da,ACTIVE,-283712,-3390616,2308280,0,0,0,0,0.0000
1565104,01a0b1c2-7e57-7c11-8e57-000000000001,01a0d76c-a53d-76a2-8c24-b9355d75a8b0,ACTIVE,1250000,250000,-2165064,0,0,0,0,0.0000
1565104,01a0b1c2-7e57-7c11-8e57-000000000001,01a0d76c-a53d-76a2-8c24-b9305de133da,ACTIVE,-283712,-3390616,2308280,0,0,0,0,0.0000
1565106,01a0b1c2-7e57-7c11-8e57-000000000001,01a0d76c-a53d-76a2-8c24-b9355d75a8b0,ACTIVE,1250000,250000,-2165064,0,0,0,0,0.0000
1565106,01a0b1c2-7e57-7c11-8e57-000000000001,01a0d76c-a53d-76a2-8c24-b9305de133da,ACTIVE,-283712,-3390616,2308280,0,0,0,0,0.0000
1565108,01a0b1c2-7e57-7c11-8e57-000000000001,01a0d76c-a53d-76a2-8c24-b9355d75a8b0,ACTIVE,1250000,250000,-2165064,0,0,0,0,0.0000
1565108,01a0b1c2-7e57-7c11-8e57-000000000001,01a0d76c-a53d-76a2-8c24-b9305de133da,ACTIVE,-283712,-3390616,2308280,0,0,0,0,0.0000
1565110,01a0b1c2-7e57-7c11-8e57-000000000001,01a0d76c-a53d-76a2-8c24-b9355d75a8b0,ACTIVE,1250000,250000,-2165064,0,0,0,0,0.0000
1565110,01a0b1c2-7e57-7c11-8e57-000000000001,01a0d76c-a53d-76a2-8c24-b9305de133da,ACTIVE,-283712,-3390616,2308280,0,0,0,0,0.0000
1565112,01a0b1c2-7e57-7c11-8e57-000000000001,01a0d76c-a53d-76a2-8c24-b9355d75a8b0,ACTIVE,1250000,250000,-2165064,0,0,0,0,0.0000
1565112,01a0b1c2-7e57-7c11-8e57-000000000001,01a0d76c-a53d-76a2-8c24-b9305de133da,ACTIVE,-283712,-3390616,2308280,0,0,0,0,0.0000
1565114,01a0b1c2-7e57-7c11-8e57-000000000001,01a0d76c-a53d-76a2-8c24-b9355d75a8b0,ACTIVE,1250000,250000,-2165064,0,0,0,0,0.0000
1565114,01a0b1c2-7e57-7c11-8e57-000000000001,01a0d76c-a53d-76a2-8c24-b9305de133da,ACTIVE,-283712,-3390616,2308280,0,0,0,0,0.0000
1565116,01a0b1c2-7e57-7c11-8e57-000000000001,01a0d76c-a53d-76a2-8c24-b9355d75a8b0,ACTIVE,1250000,250000,-2165064,0,0,0,0,0.0000
1565116,01a0b1c2-7e57-7c11-8e57-000000000001,01a0d76c-a53d-76a2-8c24-b9305de133da,ACTIVE,-283712,-3390616,2308280,0,0,0,0,0.0000
1565118,01a0b1c2-7e57-7c11-8e57-000000000001,01a0d76c-a53d-76a2-8c24-b9355d75a8b0,ACTIVE,1250000,250000,-2165064,0,0,0,0,0.0000
1565118,01a0b1c2-7e57-7c11-8e57-000000000001,01a0d76c-a53d-76a2-8c24-b9305de133da,ACTIVE,-283712,-3390616,2308280,0,0,0,0,0.0000
1565120,01a0b1c2-7e57-7c11-8e57-000000000001,01a0d76c-a53d-76a2-8c24-b9355d75a8b0,ACTIVE,1250000,250000,-2165064,0,0,0,0,0.0000
1565120,01a0b1c2-7e57-7c11-8e57-000000000001,01a0d76c-a53d-76a2-8c24-b9305de133da,ACTIVE,-283712,-3390616,2308280,0,0,0,0,0.0000
1565122,01a0b1c2-7e57-7c11-8e57-000000000001,01a0d76c-a53d-76a2-8c24-b9355d75a8b0,ACTIVE,1250000,250000,-2165064,0,0,0,0,0.0000
1565122,01a0b1c2-7e57-7c11-8e57-000000000001,01a0d76c-a53d-76a2-8c24-b9305de133da,ACTIVE,-283712,-3390616,2308280,0,0,0,0,0.0000
1565124,01a0b1c2-7e57-7c11-8e57-000000000001,01a0d76c-a53d-76a2-8c24-b9355d75a8b0,ACTIVE,1250000,250000,-2165064,0,0,0,0,0.0000
1565124,01a0b1c2-7e57-7c11-8e57-000000000001,01a0d76c-a53d-76a2-8c24-b9305de133da,ACTIVE,-283712,-3390616,2308280,0,0,0,0,0.0000
1565126,01a0b1c2-7e57-7c11-8e57-000000000001,01a0d76c-a53d-76a2-8c24-b9355d75a8b0,ACTIVE,1250000,250000,-2165064,0,0,0,0,0.0000
1565126,01a0b1c2-7e57-7c11-8e57-000000000001,01a0d76c-a53d-76a2-8c24-b9305de133da,ACTIVE,-283712,-3390616,2308280,0,0,0,0,0.0000
1565128,01a0b1c2-7e57-7c11-8e57-000000000001,01a0d76c-a53d-76a2-8c24-b9355d75a8b0,ACTIVE,1250000,250000,-2165064,0,0,0,0,0.0000
1565128,01a0b1c2-7e57-7c11-8e57-000000000001,01a0d76c-a53d-76a2-8c24-b9305de133da,ACTIVE,-283712,-3390616,2308280,0,0,0,0,0.0000
1565130,01a0b1c2-7e57-7c11-8e57-000000000001,01a0d76c-a53d-76a2-8c24-b9355d75a8b0,ACTIVE,1250000,250000,-2165064,0,0,0,0,0.0000
1565130,01a0b1c2-7e57-7c11-8e57-000000000001,01a0d76c-a53d-76a2-8c24-b9305de133da,ACTIVE,-283712,-3390616,2308280,0,0,0,0,0.0000
1565132,01a0b1c2-7e57-7c11-8e57-000000000001,01a0d76c-a53d-76a2-8c24-b9355d75a8b0,ACTIVE,1250000,250000,-2165064,0,0,0,0,0.0000
1565132,01a0b1c2-7e57-7c11-8e57-000000000001,01a0d76c-a53d-76a2-8c24-b9305de133da,ACTIVE,-283712,-3390616,2308280,0,0,0,0,0.0000
1565134,01a0b1c2-7e57-7c11-8e57-000000000001,01a0d76c-a53d-76a2-8c24-b9355d75a8b0,ACTIVE,1250000,250000,-2165064,0,0,0,0,0.0000
1565134,01a0b1c2-7e57-7c11-8e57-000000000001,01a0d76c-a53d-76a2-8c24-b9305de133da,ACTIVE,-283712,-3390616,2308280,0,0,0,0,0.0000
1565136,01a0b1c2-7e57-7c11-8e57-000000000001,01a0d76c-a53d-76a2-8c24-b9355d75a8b0,ACTIVE,1250000,250000,-2165064,0,0,0,0,0.0000
1565136,01a0b1c2-7e57-7c11-8e57-000000000001,01a0d76c-a53d-76a2-8c24-b9305de133da,ACTIVE,-283712,-3390616,2308280,0,0,0,0,0.0000
1565138,01a0b1c2-7e57-7c11-8e57-000000000001,01a0d76c-a53d-76a2-8c24-b9355d75a8b0,ACTIVE,1250000,250000,-2165064,0,0,0,0,0.0000
1565138,01a0b1c2-7e57-7c11-8e57-000000000001,01a0d76c-a53d-76a2-8c24-b9305de133da,ACTIVE,-283712,-3390616,2308280,0,0,0,0,0.0000
1565140,01a0b1c2-7e57-7c11-8e57-000000000001,01a0d76c-a53d-76a2-8c24-b9355d75a8b0,ACTIVE,1250000,250000,-2165064,0,0,0,0,0.0000
1565140,01a0b1c2-7e57-7c11-8e57-000000000001,01a0d76c-a53d-76a2-8c24-b9305de133da,ACTIVE,-283712,-3390616,2308280,0,0,0,0,0.0000
1565142,01a0b1c2-7e57-7c11-8e57-000000000001,01a0d76c-a53d-76a2-8c24-b9355d75a8b0,ACTIVE,1250000,250000,-2165064,0,0,0,0,0.0000
1565142,01a0b1c2-7e57-7c11-8e57-000000000001,01a0d76c-a53d-76a2-8c24-b9305de133da,ACTIVE,-283712,-3390616,2308280,0,0,0,0,0.0000
1565144,01a0b1c2-7e57-7c11-8e57-000000000001,01a0d76c-a53d-76a2-8c24-b9355d75a8b0,ACTIVE,1250000,250000,-2165064,0,0,0,0,0.0000
1565144,01a0b1c2-7e57-7c11-8e57-000000000001,01a0d76c-a53d-76a2-8c24-b9305de133da,ACTIVE,-283712,-3390616,2308280,0,0,0,0,0.0000
1565146,01a0b1c2-7e57-7c11-8e57-000000000001,01a0d76c-a53d-76a2-8c24-b9355d75a8b0,ACTIVE,1250000,250000,-2165064,0,0,0,0,0.0000
1565146,01a0b1c2-7e57-7c11-8e57-000000000001,01a0d76c-a53d-76a2-8c24-b9305de133da,ACTIVE,-283712,-3390616,2308280,0,0,0,0,0.0000
1565148,01a0b1c2-7e57-7c11-8e57-000000000001,01a0d76c-a53d-76a2-8c24-b9355d75a8b0,ACTIVE,1250000,250000,-2165064,0,0,0,0,0.0000
1565148,01a0b1c2-7e57-7c11-8e57-000000000001,01a0d76c-a53d-76a2-8c24-b9305de133da,ACTIVE,-283712,-3390616,2308280,0,0,0,0,0.0000
1565150,01a0b1c2-7e57-7c11-8e57-000000000001,01a0d76c-a53d-76a2-8c24-b9355d75a8b0,ACTIVE,1250000,250000,-2165064,0,0,0,0,0.0000
1565150,01a0b1c2-7e57-7c11-8e57-000000000001,01a0d76c-a53d-76a2-8c24-b9305de133da,ACTIVE,-283712,-3390616,2308280,0,0,0,0,0.0000
1565152,01a0b1c2-7e57-7c11-8e57-000000000001,01a0d76c-a53d-76a2-8c24-b9355d75a8b0,ACTIVE,1250000,250000,-2165064,0,0,0,0,0.0000
1565152,01a0b1c2-7e57-7c11-8e57-000000000001,01a0d76c-a53d-76a2-8c24-b9305de133da,ACTIVE,-283712,-3390616,2308280,0,0,0,0,0.0000
1565154,01a0b1c2-7e57-7c11-8e57-000000000001,01a0d76c-a53d-76a2-8c24-b9355d75a8b0,ACTIVE,1250000,250000,-2165064,0,0,0,0,0.0000
1565154,01a0b1c2-7e57-7c11-8e57-000000000001,01a0d76c-a53d-76a2-8c24-b9305de133da,ACTIVE,-283712,-3390616,2308280,0,0,0,0,0.0000
1565156,01a0b1c2-7e57-7c11-8e57-000000000001,01a0d76c-a53d-76a2-8c24-b9355d75a8b0,ACTIVE,1250000,250000,-2165064,0,0,0,0,0.0000
1565156,01a0b1c2-7e57-7c11-8e57-000000000001,01a0d76c-a53d-76a2-8c24-b9305de133da,ACTIVE,-283712,-3390616,2308280,0,0,0,0,0.0000
1565158,01a0b1c2-7e57-7c11-8e57-000000000001,01a0d76c-a53d-76a2-8c24-b9355d75a8b0,ACTIVE,1250000,250000,-2165064,0,0,0,0,0.0000
1565158,01a0b1c2-7e57-7c11-8e57-000000000001,01a0d76c-a53d-76a2-8c24-b9305de133da,ACTIVE,-283712,-3390616,2308280,0,0,0,0,0.0000
1565160,01a0b1c2-7e57-7c11-8e57-000000000001,01a0d76c-a53d-76a2-8c24-b9355d75a8b0,ACTIVE,1250000,250000,-2165064,0,0,0,0,0.0000
1565160,01a0b1c2-7e57-7c11-8e57-000000000001,01a0d76c-a53d-76a2-8c24-b9305de133da,ACTIVE,-283712,-3390616,2308280,0,0,0,0,0.0000
1565162,01a0b1c2-7e57-7c11-8e57-000000000001,01a0d76c-a53d-76a2-8c24-b9355d75a8b0,ACTIVE,1250000,250000,-2165064,0,0,0,0,0.0000
1565162,01a0b1c2-7e57-7c11-8e57-000000000001,01a0d76c-a53d-76a2-8c24-b9305de133da,ACTIVE,-283712,-3390616,2308280,0,0,0,0,0.0000
1565164,01a0b1c2-7e57-7c11-8e57-000000000001,01a0d76c-a53d-76a2-8c24-b9355d75a8b0,ACTIVE,1250000,250000,-2165064,0,0,0,0,0.0000
1565164,01a0b1c2-7e57-7c11-8e57-000000000001,01a0d76c-a53d-76a2-8c24-b9305de133da,ACTIVE,-283712,-3390616,2308280,0,0,0,0,0.0000
1565166,01a0b1c2-7e57-7c11-8e57-000000000001,01a0d76c-a53d-76a2-8c24-b9355d75a8b0,ACTIVE,1250000,250000,-2165064,0,0,0,0,0.0000
1565166,01a0b1c2-7e57-7c11-8e57-000000000001,01a0d76c-a53d-76a2-8c24-b9305de133da,ACTIVE,-283712,-3390616,2308280,0,0,0,0,0.0000
1565168,01a0b1c2-7e57-7c11-8e57-000000000001,01a0d76c-a53d-76a2-8c24-b9355d75a8b0,ACTIVE,1250000,250000,-2165064,0,0,0,0,0.0000
1565168,01a0b1c2-7e57-7c11-8e57-000000000001,01a0d76c-a53d-76a2-8c24-b9305de133da,ACTIVE,-283712,-3390616,2308280,0,0,0,0,0.0000
1565170,01a0b1c2-7e57-7c11-8e57-000000000001,01a0d76c-a53d-76a2-8c24-b9355d75a8b0,ACTIVE,1250000,250000,-2165064,0,0,0,0,0.0000
1565170,01a0b1c2-7e57-7c11-8e57-000000000001,01a0d76c-a53d-76a2-8c24-b9305de133da,ACTIVE,-283712,-3390616,2308280,0,0,0,0,0.0000
1565172,01a0b1c2-7e57-7c11-8e57-000000000001,01a0d76c-a53d-76a2-8c24-b9355d75a8b0,ACTIVE,1250000,250000,-2165064,0,0,0,0,0.0000
1565172,01a0b1c2-7e57-7c11-8e57-000000000001,01a0d76c-a53d-76a2-8c24-b9305de133da,ACTIVE,-283712,-3390616,2308280,0,0,0,0,0.0000
1565174,01a0b1c2-7e57-7c11-8e57-000000000001,01a0d76c-a53d-76a2-8c24-b9355d75a8b0,ACTIVE,1250000,250000,-2165064,0,0,0,0,0.0000
1565174,01a0b1c2-7e57-7c11-8e57-000000000001,01a0d76c-a53d-76a2-8c24-b9305de133da,ACTIVE,-283712,-3390616,2308280,0,0,0,0,0.0000
1565176,01a0b1c2-7e57-7c11-8e57-000000000001,01a0d76c-a53d-76a2-8c24-b9355d75a8b0,ACTIVE,1250000,250000,-2165064,0,0,0,0,0.0000
1565176,01a0b1c2-7e57-7c11-8e57-000000000001,01a0d76c-a53d-76a2-8c24-b9305de133da,ACTIVE,-283712,-3390616,2308280,0,0,0,0,0.0000
1565178,01a0b1c2-7e57-7c11-8e57-000000000001,01a0d76c-a53d-76a2-8c24-b9355d75a8b0,ACTIVE,1250000,250000,-2165064,0,0,0,0,0.0000
1565178,01a0b1c2-7e57-7c11-8e57-000000000001,01a0d76c-a53d-76a2-8c24-b9305de133da,ACTIVE,-283712,-3390616,2308280,0,0,0,0,0.0000
1565180,01a0b1c2-7e57-7c11-8e57-000000000001,01a0d76c-a53d-76a2-8c24-b9355d75a8b0,ACTIVE,1250000,250000,-2165064,0,0,0,0,0.0000
1565180,01a0b1c2-7e57-7c11-8e57-000000000001,01a0d76c-a53d-76a2-8c24-b9305de133da,ACTIVE,-283712,-3390616,2308280,0,0,0,0,0.0000
1565182,01a0b1c2-7e57-7c11-8e57-000000000001,01a0d76c-a53d-76a2-8c24-b9355d75a8b0,ACTIVE,1250000,250000,-2165064,0,0,0,0,0.0000
1565182,01a0b1c2-7e57-7c11-8e57-000000000001,01a0d76c-a53d-76a2-8c24-b9305de133da,ACTIVE,-283712,-3390616,2308280,0,0,0,0,0.0000
1565184,01a0b1c2-7e57-7c11-8e57-000000000001,01a0d76c-a53d-76a2-8c24-b9355d75a8b0,ACTIVE,1250000,250000,-2165064,0,0,0,0,0.0000
1565184,01a0b1c2-7e57-7c11-8e57-000000000001,01a0d76c-a53d-76a2-8c24-b9305de133da,ACTIVE,-283712,-3390616,2308280,0,0,0,0,0.0000
1565186,01a0b1c2-7e57-7c11-8e57-000000000001,01a0d76c-a53d-76a2-8c24-b9355d75a8b0,ACTIVE,1250000,250000,-2165064,0,0,0,0,0.0000
1565186,01a0b1c2-7e57-7c11-8e57-000000000001,01a0d76c-a53d-76a2-8c24-b9305de133da,ACTIVE,-283712,-3390616,2308280,0,0,0,0,0.0000
1565188,01a0b1c2-7e57-7c11-8e57-000000000001,01a0d76c-a53d-76a2-8c24-b9355d75a8b0,ACTIVE,1250000,250000,-2165064,0,0,0,0,0.0000
1565188,01a0b1c2-7e57-7c11-8e57-000000000001,01a0d76c-a53d-76a2-8c24-b9305de133da,ACTIVE,-283712,-3390616,2308280,0,0,0,0,0.0000
1565190,01a0b1c2-7e57-7c11-8e57-000000000001,01a0d76c-a53d-76a2-8c24-b9355d75a8b0,ACTIVE,1250000,250000,-2165064,0,0,0,0,0.0000
1565190,01a0b1c2-7e57-7c11-8e57-000000000001,01a0d76c-a53d-76a2-8c24-b9305de133da,ACTIVE,-283712,-3390616,2308280,0,0,0,0,0.0000
1565192,01a0b1c2-7e57-7c11-8e57-000000000001,01a0d76c-a53d-76a2-8c24-b9355d75a8b0,ACTIVE,1250000,250000,-2165064,0,0,0,0,0.0000
1565192,01a0b1c2-7e57-7c11-8e57-000000000001,01a0d76c-a53d-76a2-8c24-b9305de133da,ACTIVE,-283712,-3390616,2308280,0,0,0,0,0.0000
1565194,01a0b1c2-7e57-7c11-8e57-000000000001,01a0d76c-a53d-76a2-8c24-b9355d75a8b0,ACTIVE,1250000,250000,-2165064,0,0,0,0,0.0000
1565194,01a0b1c2-7e57-7c11-8e57-000000000001,01a0d76c-a53d-76a2-8c24-b9305de133da,ACTIVE,-283712,-3390616,2308280,0,0,0,0,0.0000
1565196,01a0b1c2-7e57-7c11-8e57-000000000001,01a0d76c-a53d-76a2-8c24-b9355d75a8b0,ACTIVE,1250000,250000,-2165064,0,0,0,0,0.0000
1565196,01a0b1c2-7e57-7c11-8e57-000000000001,01a0d76c-a53d-76a2-8c24-b9305de133da,ACTIVE,-283712,-3390616,2308280,0,0,0,0,0.0000
1565198,01a0b1c2-7e57-7c11-8e57-000000000001,01a0d76c-a53d-76a2-8c24-b9355d75a8b0,ACTIVE,1250000,250000,-2165064,0,0,0,0,0.0000
1565198,01a0b1c2-7e57-7c11-8e57-000000000001,01a0d76c-a53d-76a2-8c24-b9305de133da,ACTIVE,-283712,-3390616,2308280,0,0,0,0,0.0000
1565200,01a0b1c2-7e57-7c11-8e57-000000000001,01a0d76c-a53d-76a2-8c24-b9355d75a8b0,ACTIVE,1250000,250000,-2165064,0,0,0,0,0.0000
1565200,01a0b1c2-7e57-7c11-8e57-000000000001,01a0d76c-a53d-76a2-8c24-b9305de133da,ACTIVE,-283712,-3390616,2308280,0,0,0,0,0.0000
1565202,01a0b1c2-7e57-7c11-8e57-000000000001,01a0d76c-a53d-76a2-8c24-b9355d75a8b0,ACTIVE,1250000,250000,-2165064,0,0,0,0,0.0000
1565202,01a0b1c2-7e57-7c11-8e57-000000000001,01a0d76c-a53d-76a2-8c24-b9305de133da,ACTIVE,-283712,-3390616,2308280,0,0,0,0,0.0000
1565204,01a0b1c2-7e57-7c11-8e57-000000000001,01a0d76c-a53d-76a2-8c24-b9355d75a8b0,ACTIVE,1250000,250000,-2165064,0,0,0,0,0.0000
1565204,01a0b1c2-7e57-7c11-8e57-000000000001,01a0d76c-a53d-76a2-8c24-b9305de133da,ACTIVE,-283712,-3390616,2308280,0,0,0,0,0.0000
1565206,01a0b1c2-7e57-7c11-8e57-000000000001,01a0d76c-a53d-76a2-8c24-b9355d75a8b0,ACTIVE,1250000,250000,-2165064,0,0,0,0,0.0000
1565206,01a0b1c2-7e57-7c11-8e57-000000000001,01a0d76c-a53d-76a2-8c24-b9305de133da,ACTIVE,-283712,-3390616,2308280,0,0,0,0,0.0000
1565208,01a0b1c2-7e57-7c11-8e57-000000000001,01a0d76c-a53d-76a2-8c24-b9355d75a8b0,ACTIVE,1250000,250000,-2165064,0,0,0,0,0.0000
1565208,01a0b1c2-7e57-7c11-8e57-000000000001,01a0d76c-a53d-76a2-8c24-b9305de133da,ACTIVE,-283712,-3390616,2308280,0,0,0,0,0.0000
1565210,01a0b1c2-7e57-7c11-8e57-000000000001,01a0d76c-a53d-76a2-8c24-b9355d75a8b0,ACTIVE,1250000,250000,-2165064,0,0,0,0,0.0000
1565210,01a0b1c2-7e57-7c11-8e57-000000000001,01a0d76c-a53d-76a2-8c24-b9305de133da,ACTIVE,-283712,-3390616,2308280,0,0,0,0,0.0000
1565212,01a0b1c2-7e57-7c11-8e57-000000000001,01a0d76c-a53d-76a2-8c24-b9355d75a8b0,ACTIVE,1250000,250000,-2165064,0,0,0,0,0.0000
1565212,01a0b1c2-7e57-7c11-8e57-000000000001,01a0d76c-a53d-76a2-8c24-b9305de133da,ACTIVE,-283712,-3390616,2308280,0,0,0,0,0.0000
1565214,01a0b1c2-7e57-7c11-8e57-000000000001,01a0d76c-a53d-76a2-8c24-b9355d75a8b0,ACTIVE,1250000,250000,-2165064,0,0,0,0,0.0000
1565214,01a0b1c2-7e57-7c11-8e57-000000000001,01a0d76c-a53d-76a2-8c24-b9305de133da,ACTIVE,-283712,-3390616,2308280,0,0,0,0,0.0000
1565216,01a0b1c2-7e57-7c11-8e57-000000000001,01a0d76c-a53d-76a2-8c24-b9355d75a8b0,ACTIVE,1250000,250000,-2165064,0,0,0,0,0.0000
1565216,01a0b1c2-7e57-7c11-8e57-000000000001,01a0d76c-a53d-76a2-8c24-b9305de133da,ACTIVE,-283712,-3390616,2308280,0,0,0,0,0.0000
1565218,01a0b1c2-7e57-7c11-8e57-000000000001,01a0d76c-a53d-76a2-8c24-b9355d75a8b0,ACTIVE,1250000,250000,-2165064,0,0,0,0,0.0000
1565218,01a0b1c2-7e57-7c11-8e57-000000000001,01a0d76c-a53d-76a2-8c24-b9305de133da,ACTIVE,-283712,-3390616,2308280,0,0,0,0,0.0000
1565220,01a0b1c2-7e57-7c11-8e57-000000000001,01a0d76c-a53d-76a2-8c24-b9355d75a8b0,ACTIVE,1250000,250000,-2165064,0,0,0,0,0.0000
1565220,01a0b1c2-7e57-7c11-8e57-000000000001,01a0d76c-a53d-76a2-8c24-b9305de133da,ACTIVE,-283712,-3390616,2308280,0,0,0,0,0.0000
1565222,01a0b1c2-7e57-7c11-8e57-000000000001,01a0d76c-a53d-76a2-8c24-b9355d75a8b0,ACTIVE,1250000,250000,-2165064,0,0,0,0,0.0000
1565222,01a0b1c2-7e57-7c11-8e57-000000000001,01a0d76c-a53d-76a2-8c24-b9305de133da,ACTIVE,-283712,-3390616,2308280,0,0,0,0,0.0000
1565224,01a0b1c2-7e57-7c11-8e57-000000000001,01a0d76c-a53d-76a2-8c24-b9355d75a8b0,ACTIVE,1250000,250000,-2165064,0,0,0,0,0.0000
1565224,01a0b1c2-7e57-7c11-8e57-000000000001,01a0d76c-a53d-76a2-8c24-b9305de133da,ACTIVE,-283712,-3390616,2308280,0,0,0,0,0.0000
1565226,01a0b1c2-7e57-7c11-8e57-000000000001,01a0d76c-a53d-76a2-8c24-b9355d75a8b0,ACTIVE,1250000,250000,-2165064,0,0,0,0,0.0000
1565226,01a0b1c2-7e57-7c11-8e57-000000000001,01a0d76c-a53d-76a2-8c24-b9305de133da,ACTIVE,-283712,-3390616,2308280,0,0,0,0,0.0000
1565228,01a0b1c2-7e57-7c11-8e57-000000000001,01a0d76c-a53d-76a2-8c24-b9355d75a8b0,ACTIVE,1250000,250000,-2165064,0,0,0,0,0.0000
1565228,01a0b1c2-7e57-7c11-8e57-000000000001,01a0d76c-a53d-76a2-8c24-b9305de133da,ACTIVE,-283712,-3390616,2308280,0,0,0,0,0.0000
1565230,01a0b1c2-7e57-7c11-8e57-000000000001,01a0d76c-a53d-76a2-8c24-b9355d75a8b0,ACTIVE,1250000,250000,-2165064,0,0,0,0,0.0000
1565230,01a0b1c2-7e57-7c11-8e57-000000000001,01a0d76c-a53d-76a2-8c24-b9305de133da,ACTIVE,-283712,-3390616,2308280,0,0,0,0,0.0000
1565232,01a0b1c2-7e57-7c11-8e57-000000000001,01a0d76c-a53d-76a2-8c24-b9355d75a8b0,ACTIVE,1250000,250000,-2165064,0,0,0,0,0.0000
1565232,01a0b1c2-7e57-7c11-8e57-000000000001,01a0d76c-a53d-76a2-8c24-b9305de133da,ACTIVE,-283712,-3390616,2308280,0,0,0,0,0.0000
1565234,01a0b1c2-7e57-7c11-8e57-000000000001,01a0d76c-a53d-76a2-8c24-b9355d75a8b0,ACTIVE,1250000,250000,-2165064,0,0,0,0,0.0000
1565234,01a0b1c2-7e57-7c11-8e57-000000000001,01a0d76c-a53d-76a2-8c24-b9305de133da,ACTIVE,-283712,-3390616,2308280,0,0,0,0,0.0000
1565236,01a0b1c2-7e57-7c11-8e57-000000000001,01a0d76c-a53d-76a2-8c24-b9355d75a8b0,ACTIVE,1250000,250000,-2165064,0,0,0,0,0.0000
1565236,01a0b1c2-7e57-7c11-8e57-000000000001,01a0d76c-a53d-76a2-8c24-b9305de133da,ACTIVE,-283712,-3390616,2308280,0,0,0,0,0.0000
1565238,01a0b1c2-7e57-7c11-8e57-000000000001,01a0d76c-a53d-76a2-8c24-b9355d75a8b0,ACTIVE,1250000,250000,-2165064,0,0,0,0,0.0000
1565238,01a0b1c2-7e57-7c11-8e57-000000000001,01a0d76c-a53d-76a2-8c24-b9305de133da,ACTIVE,-283712,-3390616,2308280,0,0,0,0,0.0000
1565240,01a0b1c2-7e57-7c11-8e57-000000000001,01a0d76c-a53d-76a2-8c24-b9355d75a8b0,ACTIVE,1250000,250000,-2165064,0,0,0,0,0.0000
1565240,01a0b1c2-7e57-7c11-8e57-000000000001,01a0d76c-a53d-76a2-8c24-b9305de133da,ACTIVE,-283712,-3390616,2308280,0,0,0,0,0.0000
1565242,01a0b1c2-7e57-7c11-8e57-000000000001,01a0d76c-a53d-76a2-8c24-b9355d75a8b0,ACTIVE,1250000,250000,-2165064,0,0,0,0,0.0000
1565242,01a0b1c2-7e57-7c11-8e57-000000000001,01a0d76c-a53d-76a2-8c24-b9305de133da,ACTIVE,-283712,-3390616,2308280,0,0,0,0,0.0000
1565244,01a0b1c2-7e57-7c11-8e57-000000000001,01a0d76c-a53d-76a2-8c24-b9355d75a8b0,ACTIVE,1250000,250000,-2165064,0,0,0,0,0.0000
1565244,01a0b1c2-7e57-7c11-8e57-000000000001,01a0d76c-a53d-76a2-8c24-b9305de133da,ACTIVE,-283712,-3390616,2308280,0,0,0,0,0.0000
1565246,01a0b1c2-7e57-7c11-8e57-000000000001,01a0d76c-a53d-76a2-8c24-b9355d75a8b0,ACTIVE,1250000,250000,-2165064,0,0,0,0,0.0000
1565246,01a0b1c2-7e57-7c11-8e57-000000000001,01a0d76c-a53d-76a2-8c24-b9305de133da,ACTIVE,-283712,-3390616,2308280,0,0,0,0,0.0000
1565248,01a0b1c2-7e57-7c11-8e57-000000000001,01a0d76c-a53d-76a2-8c24-b9355d75a8b0,ACTIVE,1250000,250000,-2165064,0,0,0,0,0.0000
1565248,01a0b1c2-7e57-7c11-8e57-000000000001,01a0d76c-a53d-76a2-8c24-b9305de133da,ACTIVE,-283712,-3390616,2308280,0,0,0,0,0.0000
1565250,01a0b1c2-7e57-7c11-8e57-000000000001,01a0d76c-a53d-76a2-8c24-b9355d75a8b0,ACTIVE,1250000,250000,-2165064,0,0,0,0,0.0000
1565250,01a0b1c2-7e57-7c11-8e57-000000000001,01a0d76c-a53d-76a2-8c24-b9305de133da,ACTIVE,-283712,-3390616,2308280,0,0,0,0,0.0000
1565252,01a0b1c2-7e57-7c11-8e57-000000000001,01a0d76c-a53d-76a2-8c24-b9355d75a8b0,ACTIVE,1250000,250000,-2165064,0,0,0,0,0.0000
1565252,01a0b1c2-7e57-7c11-8e57-000000000001,01a0d76c-a53d-76a2-8c24-b9305de133da,ACTIVE,-283712,-3390616,2308280,0,0,0,0,0.0000
1565254,01a0b1c2-7e57-7c11-8e57-000000000001,01a0d76c-a53d-76a2-8c24-b9355d75a8b0,ACTIVE,1250000,250000,-2165064,0,0,0,0,0.0000
1565254,01a0b1c2-7e57-7c11-8e57-000000000001,01a0d76c-a53d-76a2-8c24-b9305de133da,ACTIVE,-283712,-3390616,2308280,0,0,0,0,0.0000
1565256,01a0b1c2-7e57-7c11-8e57-000000000001,01a0d76c-a53d-76a2-8c24-b9355d75a8b0,ACTIVE,1250000,250000,-2165064,0,0,0,0,0.0000
1565256,01a0b1c2-7e57-7c11-8e57-000000000001,01a0d76c-a53d-76a2-8c24-b9305de133da,ACTIVE,-283712,-3390616,2308280,0,0,0,0,0.0000
1565258,01a0b1c2-7e57-7c11-8e57-000000000001,01a0d76c-a53d-76a2-8c24-b9355d75a8b0,ACTIVE,1250000,250000,-2165064,0,0,0,0,0.0000
1565258,01a0b1c2-7e57-7c11-8e57-000000000001,01a0d76c-a53d-76a2-8c24-b9305de133da,ACTIVE,-283712,-3390616,2308280,0,0,0,0,0.0000
1565260,01a0b1c2-7e57-7c11-8e57-000000000001,01a0d76c-a53d-76a2-8c24-b9355d75a8b0,ACTIVE,1250000,250000,-2165064,0,0,0,0,0.0000
1565260,01a0b1c2-7e57-7c11-8e57-000000000001,01a0d76c-a53d-76a2-8c24-b9305de133da,ACTIVE,-283712,-3390616,2308280,0,0,0,0,0.0000
1565262,01a0b1c2-7e57-7c11-8e57-000000000001,01a0d76c-a53d-76a2-8c24-b9355d75a8b0,ACTIVE,1250000,250000,-2165064,0,0,0,0,0.0000
1565262,01a0b1c2-7e57-7c11-8e57-000000000001,01a0d76c-a53d-76a2-8c24-b9305de133da,ACTIVE,-283712,-3390616,2308280,0,0,0,0,0.0000
1565264,01a0b1c2-7e57-7c11-8e57-000000000001,01a0d76c-a53d-76a2-8c24-b9355d75a8b0,ACTIVE,1250000,250000,-2165064,0,0,0,0,0.0000
1565264,01a0b1c2-7e57-7c11-8e57-000000000001,01a0d76c-a53d-76a2-8c24-b9305de133da,ACTIVE,-283712,-3390616,2308280,0,0,0,0,0.0000
1565266,01a0b1c2-7e57-7c11-8e57-000000000001,01a0d76c-a53d-76a2-8c24-b9355d75a8b0,ACTIVE,1250000,250000,-2165064,0,0,0,0,0.0000
1565266,01a0b1c2-7e57-7c11-8e57-000000000001,01a0d76c-a53d-76a2-8c24-b9305de133da,ACTIVE,-283712,-3390616,2308280,0,0,0,0,0.0000
1565268,01a0b1c2-7e57-7c11-8e57-000000000001,01a0d76c-a53d-76a2-8c24-b9355d75a8b0,ACTIVE,1250000,250000,-2165064,0,0,0,0,0.0000
1565268,01a0b1c2-7e57-7c11-8e57-000000000001,01a0d76c-a53d-76a2-8c24-b9305de133da,ACTIVE,-283712,-3390616,2308280,0,0,0,0,0.0000
1565270,01a0b1c2-7e57-7c11-8e57-000000000001,01a0d76c-a53d-76a2-8c24-b9355d75a8b0,ACTIVE,1250000,250000,-2165064,0,0,0,0,0.0000
1565270,01a0b1c2-7e57-7c11-8e57-000000000001,01a0d76c-a53d-76a2-8c24-b9305de133da,ACTIVE,-283712,-3390616,2308280,0,0,0,0,0.0000
1565272,01a0b1c2-7e57-7c11-8e57-000000000001,01a0d76c-a53d-76a2-8c24-b9355d75a8b0,ACTIVE,1250000,250000,-2165064,0,0,0,0,0.0000
1565272,01a0b1c2-7e57-7c11-8e57-000000000001,01a0d76c-a53d-76a2-8c24-b9305de133da,ACTIVE,-283712,-3390616,2308280,0,0,0,0,0.0000
1565274,01a0b1c2-7e57-7c11-8e57-000000000001,01a0d76c-a53d-76a2-8c24-b9355d75a8b0,ACTIVE,1250000,250000,-2165064,0,0,0,0,0.0000
1565274,01a0b1c2-7e57-7c11-8e57-000000000001,01a0d76c-a53d-76a2-8c24-b9305de133da,ACTIVE,-283712,-3390616,2308280,0,0,0,0,0.0000
1565276,01a0b1c2-7e57-7c11-8e57-000000000001,01a0d76c-a53d-76a2-8c24-b9355d75a8b0,ACTIVE,1250000,250000,-2165064,0,0,0,0,0.0000
1565276,01a0b1c2-7e57-7c11-8e57-000000000001,01a0d76c-a53d-76a2-8c24-b9305de133da,ACTIVE,-283712,-3390616,2308280,0,0,0,0,0.0000
1565278,01a0b1c2-7e57-7c11-8e57-000000000001,01a0d76c-a53d-76a2-8c24-b9355d75a8b0,ACTIVE,1250000,250000,-2165064,0,0,0,0,0.0000
1565278,01a0b1c2-7e57-7c11-8e57-000000000001,01a0d76c-a53d-76a2-8c24-b9305de133da,ACTIVE,-283712,-3390616,2308280,0,0,0,0,0.0000
1565280,01a0b1c2-7e57-7c11-8e57-000000000001,01a0d76c-a53d-76a2-8c24-b9355d75a8b0,ACTIVE,1250000,250000,-2165064,0,0,0,0,0.0000
1565280,01a0b1c2-7e57-7c11-8e57-000000000001,01a0d76c-a53d-76a2-8c24-b9305de133da,ACTIVE,-283712,-3390616,2308280,0,0,0,0,0.0000
1565282,01a0b1c2-7e57-7c11-8e57-000000000001,01a0d76c-a53d-76a2-8c24-b9355d75a8b0,ACTIVE,1250000,250000,-2165064,0,0,0,0,0.0000
1565282,01a0b1c2-7e57-7c11-8e57-000000000001,01a0d76c-a53d-76a2-8c24-b9305de133da,ACTIVE,-283712,-3390616,2308280,0,0,0,0,0.0000
1565284,01a0b1c2-7e57-7c11-8e57-000000000001,01a0d76c-a53d-76a2-8c24-b9355d75a8b0,ACTIVE,1250000,250000,-2165064,0,0,0,0,0.0000
1565284,01a0b1c2-7e57-7c11-8e57-000000000001,01a0d76c-a53d-76a2-8c24-b9305de133da,ACTIVE,-283712,-3390616,2308280,0,0,0,0,0.0000
1565286,01a0b1c2-7e57-7c11-8e57-000000000001,01a0d76c-a53d-76a2-8c24-b9355d75a8b0,ACTIVE,1250000,250000,-2165064,0,0,0,0,0.0000
1565286,01a0b1c2-7e57-7c11-8e57-000000000001,01a0d76c-a53d-76a2-8c24-b9305de133da,ACTIVE,-283712,-3390616,2308280,0,0,0,0,0.0000
1565288,01a0b1c2-7e57-7c11-8e57-000000000001,01a0d76c-a53d-76a2-8c24-b9355d75a8b0,ACTIVE,1250000,250000,-2165064,0,0,0,0,0.0000
1565288,01a0b1c2-7e57-7c11-8e57-000000000001,01a0d76c-a53d-76a2-8c24-b9305de133da,ACTIVE,-283712,-3390616,2308280,0,0,0,0,0.0000
1565290,01a0b1c2-7e57-7c11-8e57-000000000001,01a0d76c-a53d-76a2-8c24-b9355d75a8b0,ACTIVE,1250000,250000,-2165064,0,0,0,0,0.0000
1565290,01a0b1c2-7e57-7c11-8e57-000000000001,01a0d76c-a53d-76a2-8c24-b9305de133da,ACTIVE,-283712,-3390616,2308280,0,0,0,0,0.0000
1565292,01a0b1c2-7e57-7c11-8e57-000000000001,01a0d76c-a53d-76a2-8c24-b9355d75a8b0,ACTIVE,1250000,250000,-2165064,0,0,0,0,0.0000
1565292,01a0b1c2-7e57-7c11-8e57-000000000001,01a0d76c-a53d-76a2-8c24-b9305de133da,ACTIVE,-283712,-3390616,2308280,0,0,0,0,0.0000
1565294,01a0b1c2-7e57-7c11-8e57-000000000001,01a0d76c-a53d-76a2-8c24-b9355d75a8b0,ACTIVE,1250000,250000,-2165064,0,0,0,0,0.0000
1565294,01a0b1c2-7e57-7c11-8e57-000000000001,01a0d76c-a53d-76a2-8c24-b9305de133da,ACTIVE,-283712,-3390616,2308280,0,0,0,0,0.0000
1565296,01a0b1c2-7e57-7c11-8e57-000000000001,01a0d76c-a53d-76a2-8c24-b9355d75a8b0,ACTIVE,1250000,250000,-2165064,0,0,0,0,0.0000
1565296,01a0b1c2-7e57-7c11-8e57-000000000001,01a0d76c-a53d-76a2-8c24-b9305de133da,ACTIVE,-283712,-3390616,2308280,0,0,0,0,0.0000
1565298,01a0b1c2-7e57-7c11-8e57-000000000001,01a0d76c-a53d-76a2-8c24-b9355d75a8b0,ACTIVE,1250000,250000,-2165064,0,0,0,0,0.0000
1565298,01a0b1c2-7e57-7c11-8e57-000000000001,01a0d76c-a53d-76a2-8c24-b9305de133da,ACTIVE,-283712,-3390616,2308280,0,0,0,0,0.0000
1565300,01a0b1c2-7e57-7c11-8e57-000000000001,01a0d76c-a53d-76a2-8c24-b9355d75a8b0,ACTIVE,1250000,250000,-2165064,0,0,0,0,0.0000
1565300,01a0b1c2-7e57-7c11-8e57-000000000001,01a0d76c-a53d-76a2-8c24-b9305de133da,ACTIVE,-283712,-3390616,2308280,0,0,0,0,0.0000
1565302,01a0b1c2-7e57-7c11-8e57-000000000001,01a0d76c-a53d-76a2-8c24-b9355d75a8b0,ACTIVE,1250000,250000,-2165064,0,0,0,0,0.0000
1565302,01a0b1c2-7e57-7c11-8e57-000000000001,01a0d76c-a53d-76a2-8c24-b9305de133da,ACTIVE,-283712,-3390616,2308280,0,0,0,0,0.0000
1565304,01a0b1c2-7e57-7c11-8e57-000000000001,01a0d76c-a53d-76a2-8c24-b9355d75a8b0,ACTIVE,1250000,250000,-2165064,0,0,0,0,0.0000
1565304,01a0b1c2-7e57-7c11-8e57-000000000001,01a0d76c-a53d-76a2-8c24-b9305de133da,ACTIVE,-283712,-3390616,2308280,0,0,0,0,0.0000
1565306,01a0b1c2-7e57-7c11-8e57-000000000001,01a0d76c-a53d-76a2-8c24-b9355d75a8b0,ACTIVE,1250000,250000,-2165064,0,0,0,0,0.0000
1565306,01a0b1c2-7e57-7c11-8e57-000000000001,01a0d76c-a53d-76a2-8c24-b9305de133da,ACTIVE,-283712,-3390616,2308280,0,0,0,0,0.0000
1565308,01a0b1c2-7e57-7c11-8e57-000000000001,01a0d76c-a53d-76a2-8c24-b9355d75a8b0,ACTIVE,1250000,250000,-2165064,0,0,0,0,0.0000
1565308,01a0b1c2-7e57-7c11-8e57-000000000001,01a0d76c-a53d-76a2-8c24-b9305de133da,ACTIVE,-283712,-3390616,2308280,0,0,0,0,0.0000
1565310,01a0b1c2-7e57-7c11-8e57-000000000001,01a0d76c-a53d-76a2-8c24-b9355d75a8b0,ACTIVE,1250000,250000,-2165064,0,0,0,0,0.0000
1565310,01a0b1c2-7e57-7c11-8e57-000000000001,01a0d76c-a53d-76a2-8c24-b9305de133da,ACTIVE,-283712,-3390616,2308280,0,0,0,0,0.0000
1565312,01a0b1c2-7e57-7c11-8e57-000000000001,01a0d76c-a53d-76a2-8c24-b9355d75a8b0,ACTIVE,1250000,250000,-2165064,0,0,0,0,0.0000
1565312,01a0b1c2-7e57-7c11-8e57-000000000001,01a0d76c-a53d-76a2-8c24-b9305de133da,ACTIVE,-283712,-3390616,2308280,0,0,0,0,0.0000
1565314,01a0b1c2-7e57-7c11-8e57-000000000001,01a0d76c-a53d-76a2-8c24-b9355d75a8b0,ACTIVE,1250000,250000,-2165064,0,0,0,0,0.0000
1565314,01a0b1c2-7e57-7c11-8e57-000000000001,01a0d76c-a53d-76a2-8c24-b9305de133da,ACTIVE,-283712,-3390616,2308280,0,0,0,0,0.0000
1565316,01a0b1c2-7e57-7c11-8e57-000000000001,01a0d76c-a53d-76a2-8c24-b9355d75a8b0,ACTIVE,1250000,250000,-2165064,0,0,0,0,0.0000
1565316,01a0b1c2-7e57-7c11-8e57-000000000001,01a0d76c-a53d-76a2-8c24-b9305de133da,ACTIVE,-283712,-3390616,2308280,0,0,0,0,0.0000
1565318,01a0b1c2-7e57-7c11-8e57-000000000001,01a0d76c-a53d-76a2-8c24-b9355d75a8b0,ACTIVE,1250000,250000,-2165064,0,0,0,0,0.0000
1565318,01a0b1c2-7e57-7c11-8e57-000000000001,01a0d76c-a53d-76a2-8c24-b9305de133da,ACTIVE,-283712,-3390616,2308280,0,0,0,0,0.0000
1565320,01a0b1c2-7e57-7c11-8e57-000000000001,01a0d76c-a53d-76a2-8c24-b9355d75a8b0,ACTIVE,1250000,250000,-2165064,0,0,0,0,0.0000
1565320,01a0b1c2-7e57-7c11-8e57-000000000001,01a0d76c-a53d-76a2-8c24-b9305de133da,ACTIVE,-283712,-3390616,2308280,0,0,0,0,0.0000
1565322,01a0b1c2-7e57-7c11-8e57-000000000001,01a0d76c-a53d-76a2-8c24-b9355d75a8b0,ACTIVE,1250000,250000,-2165064,0,0,0,0,0.0000
1565322,01a0b1c2-7e57-7c11-8e57-000000000001,01a0d76c-a53d-76a2-8c24-b9305de133da,ACTIVE,-283712,-3390616,2308280,0,0,0,0,0.0000
1565324,01a0b1c2-7e57-7c11-8e57-000000000001,01a0d76c-a53d-76a2-8c24-b9355d75a8b0,ACTIVE,1250000,250000,-2165064,0,0,0,0,0.0000
1565324,01a0b1c2-7e57-7c11-8e57-000000000001,01a0d76c-a53d-76a2-8c24-b9305de133da,ACTIVE,-283712,-3390616,2308280,0,0,0,0,0.0000
1565326,01a0b1c2-7e57-7c11-8e57-000000000001,01a0d76c-a53d-76a2-8c24-b9355d75a8b0,ACTIVE,1250000,250000,-2165064,0,0,0,0,0.0000
1565326,01a0b1c2-7e57-7c11-8e57-000000000001,01a0d76c-a53d-76a2-8c24-b9305de133da,ACTIVE,-283712,-3390616,2308280,0,0,0,0,0.0000
1565328,01a0b1c2-7e57-7c11-8e57-000000000001,01a0d76c-a53d-76a2-8c24-b9355d75a8b0,ACTIVE,1250000,250000,-2165064,0,0,0,0,0.0000
1565328,01a0b1c2-7e57-7c11-8e57-000000000001,01a0d76c-a53d-76a2-8c24-b9305de133da,ACTIVE,-283712,-3390616,2308280,0,0,0,0,0.0000
1565330,01a0b1c2-7e57-7c11-8e57-000000000001,01a0d76c-a53d-76a2-8c24-b9355d75a8b0,ACTIVE,1250000,250000,-2165064,0,0,0,0,0.0000
1565330,01a0b1c2-7e57-7c11-8e57-000000000001,01a0d76c-a53d-76a2-8c24-b9305de133da,ACTIVE,-283712,-3390616,2308280,0,0,0,0,0.0000
1565332,01a0b1c2-7e57-7c11-8e57-000000000001,01a0d76c-a53d-76a2-8c24-b9355d75a8b0,ACTIVE,1250000,250000,-2165064,0,0,0,0,0.0000
1565332,01a0b1c2-7e57-7c11-8e57-000000000001,01a0d76c-a53d-76a2-8c24-b9305de133da,ACTIVE,-283712,-3390616,2308280,0,0,0,0,0.0000
1565334,01a0b1c2-7e57-7c11-8e57-000000000001,01a0d76c-a53d-76a2-8c24-b9355d75a8b0,ACTIVE,1250000,250000,-2165064,0,0,0,0,0.0000
1565334,01a0b1c2-7e57-7c11-8e57-000000000001,01a0d76c-a53d-76a2-8c24-b9305de133da,ACTIVE,-283712,-3390616,2308280,0,0,0,0,0.0000
1565336,01a0b1c2-7e57-7c11-8e57-000000000001,01a0d76c-a53d-76a2-8c24-b9355d75a8b0,ACTIVE,1250000,250000,-2165064,0,0,0,0,0.0000
1565336,01a0b1c2-7e57-7c11-8e57-000000000001,01a0d76c-a53d-76a2-8c24-b9305de133da,ACTIVE,-283712,-3390616,2308280,0,0,0,0,0.0000
1565338,01a0b1c2-7e57-7c11-8e57-000000000001,01a0d76c-a53d-76a2-8c24-b9355d75a8b0,ACTIVE,1250000,250000,-2165064,0,0,0,0,0.0000
1565338,01a0b1c2-7e57-7c11-8e57-000000000001,01a0d76c-a53d-76a2-8c24-b9305de133da,ACTIVE,-283712,-3390616,2308280,0,0,0,0,0.0000
1565340,01a0b1c2-7e57-7c11-8e57-000000000001,01a0d76c-a53d-76a2-8c24-b9355d75a8b0,ACTIVE,1250000,250000,-2165064,0,0,0,0,0.0000
1565340,01a0b1c2-7e57-7c11-8e57-000000000001,01a0d76c-a53d-76a2-8c24-b9305de133da,ACTIVE,-283712,-3390616,2308280,0,0,0,0,0.0000
1565342,01a0b1c2-7e57-7c11-8e57-000000000001,01a0d76c-a53d-76a2-8c24-b9355d75a8b0,ACTIVE,1250000,250000,-2165064,0,0,0,0,0.0000
1565342,01a0b1c2-7e57-7c11-8e57-000000000001,01a0d76c-a53d-76a2-8c24-b9305de133da,ACTIVE,-283712,-3390616,2308280,0,0,0,0,0.0000
1565344,01a0b1c2-7e57-7c11-8e57-000000000001,01a0d76c-a53d-76a2-8c24-b9355d75a8b0,ACTIVE,1250000,250000,-2165064,0,0,0,0,0.0000
1565344,01a0b1c2-7e57-7c11-8e57-000000000001,01a0d76c-a53d-76a2-8c24-b9305de133da,ACTIVE,-283712,-3390616,2308280,0,0,0,0,0.0000
1565346,01a0b1c2-7e57-7c11-8e57-000000000001,01a0d76c-a53d-76a2-8c24-b9355d75a8b0,ACTIVE,1250000,250000,-2165064,0,0,0,0,0.0000
1565346,01a0b1c2-7e57-7c11-8e57-000000000001,01a0d76c-a53d-76a2-8c24-b9305de133da,ACTIVE,-283712,-3390616,2308280,0,0,0,0,0.0000
1565348,01a0b1c2-7e57-7c11-8e57-000000000001,01a0d76c-a53d-76a2-8c24-b9355d75a8b0,ACTIVE,1250000,250000,-2165064,0,0,0,0,0.0000
1565348,01a0b1c2-7e57-7c11-8e57-000000000001,01a0d76c-a53d-76a2-8c24-b9305de133da,ACTIVE,-283712,-3390616,2308280,0,0,0,0,0.0000
1565350,01a0b1c2-7e57-7c11-8e57-000000000001,01a0d76c-a53d-76a2-8c24-b9355d75a8b0,ACTIVE,1250000,250000,-2165064,0,0,0,0,0.0000
1565350,01a0b1c2-7e57-7c11-8e57-000000000001,01a0d76c-a53d-76a2-8c24-b9305de133da,ACTIVE,-283712,-3390616,2308280,0,0,0,0,0.0000
1565352,01a0b1c2-7e57-7c11-8e57-000000000001,01a0d76c-a53d-76a2-8c24-b9355d75a8b0,ACTIVE,1250000,250000,-2165064,0,0,0,0,0.0000
1565352,01a0b1c2-7e57-7c11-8e57-000000000001,01a0d76c-a53d-76a2-8c24-b9305de133da,ACTIVE,-283712,-3390616,2308280,0,0,0,0,0.0000
1565354,01a0b1c2-7e57-7c11-8e57-000000000001,01a0d76c-a53d-76a2-8c24-b9355d75a8b0,ACTIVE,1250000,250000,-2165064,0,0,0,0,0.0000
1565354,01a0b1c2-7e57-7c11-8e57-000000000001,01a0d76c-a53d-76a2-8c24-b9305de133da,ACTIVE,-283712,-3390616,2308280,0,0,0,0,0.0000
1565356,01a0b1c2-7e57-7c11-8e57-000000000001,01a0d76c-a53d-76a2-8c24-b9355d75a8b0,ACTIVE,1250000,250000,-2165064,0,0,0,0,0.0000
1565356,01a0b1c2-7e57-7c11-8e57-000000000001,01a0d76c-a53d-76a2-8c24-b9305de133da,ACTIVE,-283712,-3390616,2308280,0,0,0,0,0.0000
1565358,01a0b1c2-7e57-7c11-8e57-000000000001,01a0d76c-a53d-76a2-8c24-b9355d75a8b0,ACTIVE,1250000,250000,-2165064,0,0,0,0,0.0000
1565358,01a0b1c2-7e57-7c11-8e57-000000000001,01a0d76c-a53d-76a2-8c24-b9305de133da,ACTIVE,-283712,-3390616,2308280,0,0,0,0,0.0000
1565360,01a0b1c2-7e57-7c11-8e57-000000000001,01a0d76c-a53d-76a2-8c24-b9355d75a8b0,ACTIVE,1250000,250000,-2165064,0,0,0,0,0.0000
1565360,01a0b1c2-7e57-7c11-8e57-000000000001,01a0d76c-a53d-76a2-8c24-b9305de133da,ACTIVE,-283712,-3390616,2308280,0,0,0,0,0.0000
1565362,01a0b1c2-7e57-7c11-8e57-000000000001,01a0d76c-a53d-76a2-8c24-b9355d75a8b0,ACTIVE,1250000,250000,-2165064,0,0,0,0,0.0000
1565362,01a0b1c2-7e57-7c11-8e57-000000000001,01a0d76c-a53d-76a2-8c24-b9305de133da,ACTIVE,-283712,-3390616,2308280,0,0,0,0,0.0000
1565364,01a0b1c2-7e57-7c11-8e57-000000000001,01a0d76c-a53d-76a2-8c24-b9355d75a8b0,ACTIVE,1250000,250000,-2165064,0,0,0,0,0.0000
1565364,01a0b1c2-7e57-7c11-8e57-000000000001,01a0d76c-a53d-76a2-8c24-b9305de133da,ACTIVE,-283712,-3390616,2308280,0,0,0,0,0.0000
1565366,01a0b1c2-7e57-7c11-8e57-000000000001,01a0d76c-a53d-76a2-8c24-b9355d75a8b0,ACTIVE,1250000,250000,-2165064,0,0,0,0,0.0000
1565366,01a0b1c2-7e57-7c11-8e57-000000000001,01a0d76c-a53d-76a2-8c24-b9305de133da,ACTIVE,-283712,-3390616,2308280,0,0,0,0,0.0000
1565368,01a0b1c2-7e57-7c11-8e57-000000000001,01a0d76c-a53d-76a2-8c24-b9355d75a8b0,ACTIVE,1250000,250000,-2165064,0,0,0,0,0.0000
1565368,01a0b1c2-7e57-7c11-8e57-000000000001,01a0d76c-a53d-76a2-8c24-b9305de133da,ACTIVE,-283712,-3390616,2308280,0,0,0,0,0.0000
1565370,01a0b1c2-7e57-7c11-8e57-000000000001,01a0d76c-a53d-76a2-8c24-b9355d75a8b0,ACTIVE,1250000,250000,-2165064,0,0,0,0,0.0000
1565370,01a0b1c2-7e57-7c11-8e57-000000000001,01a0d76c-a53d-76a2-8c24-b9305de133da,ACTIVE,-283712,-3390616,2308280,0,0,0,0,0.0000
1565372,01a0b1c2-7e57-7c11-8e57-000000000001,01a0d76c-a53d-76a2-8c24-b9355d75a8b0,ACTIVE,1250000,250000,-2165064,0,0,0,0,0.0000
1565372,01a0b1c2-7e57-7c11-8e57-000000000001,01a0d76c-a53d-76a2-8c24-b9305de133da,ACTIVE,-283712,-3390616,2308280,0,0,0,0,0.0000
1565374,01a0b1c2-7e57-7c11-8e57-000000000001,01a0d76c-a53d-76a2-8c24-b9355d75a8b0,ACTIVE,1250000,250000,-2165064,0,0,0,0,0.0000
1565374,01a0b1c2-7e57-7c11-8e57-000000000001,01a0d76c-a53d-76a2-8c24-b9305de133da,ACTIVE,-283712,-3390616,2308280,0,0,0,0,0.0000
1565376,01a0b1c2-7e57-7c11-8e57-000000000001,01a0d76c-a53d-76a2-8c24-b9355d75a8b0,ACTIVE,1250000,250000,-2165064,0,0,0,0,0.0000
1565376,01a0b1c2-7e57-7c11-8e57-000000000001,01a0d76c-a53d-76a2-8c24-b9305de133da,ACTIVE,-283712,-3390616,2308280,0,0,0,0,0.0000
1565378,01a0b1c2-7e57-7c11-8e57-000000000001,01a0d76c-a53d-76a2-8c24-b9355d75a8b0,ACTIVE,1250000,250000,-2165064,0,0,0,0,0.0000
1565378,01a0b1c2-7e57-7c11-8e57-000000000001,01a0d76c-a53d-76a2-8c24-b9305de133da,ACTIVE,-283712,-3390616,2308280,0,0,0,0,0.0000
1565380,01a0b1c2-7e57-7c11-8e57-000000000001,01a0d76c-a53d-76a2-8c24-b9355d75a8b0,ACTIVE,1250000,250000,-2165064,0,0,0,0,0.0000
1565380,01a0b1c2-7e57-7c11-8e57-000000000001,01a0d76c-a53d-76a2-8c24-b9305de133da,ACTIVE,-283712,-3390616,2308280,0,0,0,0,0.0000
1565382,01a0b1c2-7e57-7c11-8e57-000000000001,01a0d76c-a53d-76a2-8c24-b9355d75a8b0,ACTIVE,1250000,250000,-2165064,0,0,0,0,0.0000
1565382,01a0b1c2-7e57-7c11-8e57-000000000001,01a0d76c-a53d-76a2-8c24-b9305de133da,ACTIVE,-283712,-3390616,2308280,0,0,0,0,0.0000
1565384,01a0b1c2-7e57-7c11-8e57-000000000001,01a0d76c-a53d-76a2-8c24-b9355d75a8b0,ACTIVE,1250000,250000,-2165064,0,0,0,0,0.0000
1565384,01a0b1c2-7e57-7c11-8e57-000000000001,01a0d76c-a53d-76a2-8c24-b9305de133da,ACTIVE,-283712,-3390616,2308280,0,0,0,0,0.0000
1565386,01a0b1c2-7e57-7c11-8e57-000000000001,01a0d76c-a53d-76a2-8c24-b9355d75a8b0,ACTIVE,1250000,250000,-2165064,0,0,0,0,0.0000
1565386,01a0b1c2-7e57-7c11-8e57-000000000001,01a0d76c-a53d-76a2-8c24-b9305de133da,ACTIVE,-283712,-3390616,2308280,0,0,0,0,0.0000
1565388,01a0b1c2-7e57-7c11-8e57-000000000001,01a0d76c-a53d-76a2-8c24-b9355d75a8b0,ACTIVE,1250000,250000,-2165064,0,0,0,0,0.0000
1565388,01a0b1c2-7e57-7c11-8e57-000000000001,01a0d76c-a53d-76a2-8c24-b9305de133da,ACTIVE,-283712,-3390616,2308280,0,0,0,0,0.0000
1565390,01a0b1c2-7e57-7c11-8e57-000000000001,01a0d76c-a53d-76a2-8c24-b9355d75a8b0,ACTIVE,1250000,250000,-2165064,0,0,0,0,0.0000
1565390,01a0b1c2-7e57-7c11-8e57-000000000001,01a0d76c-a53d-76a2-8c24-b9305de133da,ACTIVE,-283712,-3390616,2308280,0,0,0,0,0.0000
1565392,01a0b1c2-7e57-7c11-8e57-000000000001,01a0d76c-a53d-76a2-8c24-b9355d75a8b0,ACTIVE,1250000,250000,-2165064,0,0,0,0,0.0000
1565392,01a0b1c2-7e57-7c11-8e57-000000000001,01a0d76c-a53d-76a2-8c24-b9305de133da,ACTIVE,-283712,-3390616,2308280,0,0,0,0,0.0000
1565394,01a0b1c2-7e57-7c11-8e57-000000000001,01a0d76c-a53d-76a2-8c24-b9355d75a8b0,ACTIVE,1250000,250000,-2165064,0,0,0,0,0.0000
1565394,01a0b1c2-7e57-7c11-8e57-000000000001,01a0d76c-a53d-76a2-8c24-b9305de133da,ACTIVE,-283712,-3390616,2308280,0,0,0,0,0.0000
1565396,01a0b1c2-7e57-7c11-8e57-000000000001,01a0d76c-a53d-76a2-8c24-b9355d75a8b0,ACTIVE,1250000,250000,-2165064,0,0,0,0,0.0000
1565396,01a0b1c2-7e57-7c11-8e57-000000000001,01a0d76c-a53d-76a2-8c24-b9305de133da,ACTIVE,-283712,-3390616,2308280,0,0,0,0,0.0000
1565398,01a0b1c2-7e57-7c11-8e57-000000000001,01a0d76c-a53d-76a2-8c24-b9355d75a8b0,ACTIVE,1250000,250000,-2165064,0,0,0,0,0.0000
1565398,01a0b1c2-7e57-7c11-8e57-000000000001,01a0d76c-a53d-76a2-8c24-b9305de133da,ACTIVE,-283712,-3390616,2308280,0,0,0,0,0.0000
1565400,01a0b1c2-7e57-7c11-8e57-000000000001,01a0d76c-a53d-76a2-8c24-b9355d75a8b0,ACTIVE,1250000,250000,-2165064,0,0,0,0,0.0000
1565400,01a0b1c2-7e57-7c11-8e57-000000000001,01a0d76c-a53d-76a2-8c24-b9305de133da,ACTIVE,-283712,-3390616,2308280,0,0,0,0,0.0000
1565402,01a0b1c2-7e57-7c11-8e57-000000000001,01a0d76c-a53d-76a2-8c24-b9355d75a8b0,ACTIVE,1250000,250000,-2165064,0,0,0,0,0.0000
1565402,01a0b1c2-7e57-7c11-8e57-000000000001,01a0d76c-a53d-76a2-8c24-b9305de133da,ACTIVE,-283712,-3390616,2308280,0,0,0,0,0.0000
1565404,01a0b1c2-7e57-7c11-8e57-000000000001,01a0d76c-a53d-76a2-8c24-b9355d75a8b0,ACTIVE,1250000,250000,-2165064,0,0,0,0,0.0000
1565404,01a0b1c2-7e57-7c11-8e57-000000000001,01a0d76c-a53d-76a2-8c24-b9305de133da,ACTIVE,-283712,-3390616,2308280,0,0,0,0,0.0000
1565406,01a0b1c2-7e57-7c11-8e57-000000000001,01a0d76c-a53d-76a2-8c24-b9355d75a8b0,ACTIVE,1250000,250000,-2165064,0,0,0,0,0.0000
1565406,01a0b1c2-7e57-7c11-8e57-000000000001,01a0d76c-a53d-76a2-8c24-b9305de133da,ACTIVE,-283712,-3390616,2308280,0,0,0,0,0.0000
1565408,01a0b1c2-7e57-7c11-8e57-000000000001,01a0d76c-a53d-76a2-8c24-b9355d75a8b0,ACTIVE,1250000,250000,-2165064,0,0,0,0,0.0000
1565408,01a0b1c2-7e57-7c11-8e57-000000000001,01a0d76c-a53d-76a2-8c24-b9305de133da,ACTIVE,-283712,-3390616,2308280,0,0,0,0,0.0000
1565410,01a0b1c2-7e57-7c11-8e57-000000000001,01a0d76c-a53d-76a2-8c24-b9355d75a8b0,ACTIVE,1250000,250000,-2165064,0,0,0,0,0.0000
1565410,01a0b1c2-7e57-7c11-8e57-000000000001,01a0d76c-a53d-76a2-8c24-b9305de133da,ACTIVE,-283712,-3390616,2308280,0,0,0,0,0.0000
1565412,01a0b1c2-7e57-7c11-8e57-000000000001,01a0d76c-a53d-76a2-8c24-b9355d75a8b0,ACTIVE,1250000,250000,-2165064,0,0,0,0,0.0000
1565412,01a0b1c2-7e57-7c11-8e57-000000000001,01a0d76c-a53d-76a2-8c24-b9305de133da,ACTIVE,-283712,-3390616,2308280,0,0,0,0,0.0000
1565414,01a0b1c2-7e57-7c11-8e57-000000000001,01a0d76c-a53d-76a2-8c24-b9355d75a8b0,ACTIVE,1250000,250000,-2165064,0,0,0,0,0.0000
1565414,01a0b1c2-7e57-7c11-8e57-000000000001,01a0d76c-a53d-76a2-8c24-b9305de133da,ACTIVE,-283712,-3390616,2308280,0,0,0,0,0.0000
1565416,01a0b1c2-7e57-7c11-8e57-000000000001,01a0d76c-a53d-76a2-8c24-b9355d75a8b0,ACTIVE,1250000,250000,-2165064,0,0,0,0,0.0000
1565416,01a0b1c2-7e57-7c11-8e57-000000000001,01a0d76c-a53d-76a2-8c24-b9305de133da,ACTIVE,-283712,-3390616,2308280,0,0,0,0,0.0000
1565418,01a0b1c2-7e57-7c11-8e57-000000000001,01a0d76c-a53d-76a2-8c24-b9355d75a8b0,ACTIVE,1250000,250000,-2165064,0,0,0,0,0.0000
1565418,01a0b1c2-7e57-7c11-8e57-000000000001,01a0d76c-a53d-76a2-8c24-b9305de133da,ACTIVE,-283712,-3390616,2308280,0,0,0,0,0.0000
1565420,01a0b1c2-7e57-7c11-8e57-000000000001,01a0d76c-a53d-76a2-8c24-b9355d75a8b0,ACTIVE,1250000,250000,-2165064,0,0,0,0,0.0000
1565420,01a0b1c2-7e57-7c11-8e57-000000000001,01a0d76c-a53d-76a2-8c24-b9305de133da,ACTIVE,-283712,-3390616,2308280,0,0,0,0,0.0000
1565422,01a0b1c2-7e57-7c11-8e57-000000000001,01a0d76c-a53d-76a2-8c24-b9355d75a8b0,ACTIVE,1250000,250000,-2165064,0,0,0,0,0.0000
1565422,01a0b1c2-7e57-7c11-8e57-000000000001,01a0d76c-a53d-76a2-8c24-b9305de133da,ACTIVE,-283712,-3390616,2308280,0,0,0,0,0.0000
1565424,01a0b1c2-7e57-7c11-8e57-000000000001,01a0d76c-a53d-76a2-8c24-b9355d75a8b0,ACTIVE,1250000,250000,-2165064,0,0,0,0,0.0000
1565424,01a0b1c2-7e57-7c11-8e57-000000000001,01a0d76c-a53d-76a2-8c24-b9305de133da,ACTIVE,-283712,-3390616,2308280,0,0,0,0,0.0000
1565426,01a0b1c2-7e57-7c11-8e57-000000000001,01a0d76c-a53d-76a2-8c24-b9355d75a8b0,ACTIVE,1250000,250000,-2165064,0,0,0,0,0.0000
1565426,01a0b1c2-7e57-7c11-8e57-000000000001,01a0d76c-a53d-76a2-8c24-b9305de133da,ACTIVE,-283712,-3390616,2308280,0,0,0,0,0.0000
1565428,01a0b1c2-7e57-7c11-8e57-000000000001,01a0d76c-a53d-76a2-8c24-b9355d75a8b0,ACTIVE,1250000,250000,-2165064,0,0,0,0,0.0000
1565428,01a0b1c2-7e57-7c11-8e57-000000000001,01a0d76c-a53d-76a2-8c24-b9305de133da,ACTIVE,-283712,-3390616,2308280,0,0,0,0,0.0000
1565430,01a0b1c2-7e57-7c11-8e57-000000000001,01a0d76c-a53d-76a2-8c24-b9355d75a8b0,ACTIVE,1250000,250000,-2165064,0,0,0,0,0.0000
1565430,01a0b1c2-7e57-7c11-8e57-000000000001,01a0d76c-a53d-76a2-8c24-b9305de133da,ACTIVE,-283712,-3390616,2308280,0,0,0,0,0.0000
1565432,01a0b1c2-7e57-7c11-8e57-000000000001,01a0d76c-a53d-76a2-8c24-b9355d75a8b0,ACTIVE,1250000,250000,-2165064,0,0,0,0,0.0000
1565432,01a0b1c2-7e57-7c11-8e57-000000000001,01a0d76c-a53d-76a2-8c24-b9305de133da,ACTIVE,-283712,-3390616,2308280,0,0,0,0,0.0000
1565434,01a0b1c2-7e57-7c11-8e57-000000000001,01a0d76c-a53d-76a2-8c24-b9355d75a8b0,ACTIVE,1250000,250000,-2165064,0,0,0,0,0.0000
1565434,01a0b1c2-7e57-7c11-8e57-000000000001,01a0d76c-a53d-76a2-8c24-b9305de133da,ACTIVE,-283712,-3390616,2308280,0,0,0,0,0.0000
1565436,01a0b1c2-7e57-7c11-8e57-000000000001,01a0d76c-a53d-76a2-8c24-b9355d75a8b0,ACTIVE,1250000,250000,-2165064,0,0,0,0,0.0000
1565436,01a0b1c2-7e57-7c11-8e57-000000000001,01a0d76c-a53d-76a2-8c24-b9305de133da,ACTIVE,-283712,-3390616,2308280,0,0,0,0,0.0000
1565438,01a0b1c2-7e57-7c11-8e57-000000000001,01a0d76c-a53d-76a2-8c24-b9355d75a8b0,ACTIVE,1250000,250000,-2165064,0,0,0,0,0.0000
1565438,01a0b1c2-7e57-7c11-8e57-000000000001,01a0d76c-a53d-76a2-8c24-b9305de133da,ACTIVE,-283712,-3390616,2308280,0,0,0,0,0.0000
1565440,01a0b1c2-7e57-7c11-8e57-000000000001,01a0d76c-a53d-76a2-8c24-b9355d75a8b0,ACTIVE,1250000,250000,-2165064,0,0,0,0,0.0000
1565440,01a0b1c2-7e57-7c11-8e57-000000000001,01a0d76c-a53d-76a2-8c24-b9305de133da,ACTIVE,-283712,-3390616,2308280,0,0,0,0,0.0000
1565442,01a0b1c2-7e57-7c11-8e57-000000000001,01a0d76c-a53d-76a2-8c24-b9355d75a8b0,ACTIVE,1250000,250000,-2165064,0,0,0,0,0.0000
1565442,01a0b1c2-7e57-7c11-8e57-000000000001,01a0d76c-a53d-76a2-8c24-b9305de133da,ACTIVE,-283712,-3390616,2308280,0,0,0,0,0.0000
1565444,01a0b1c2-7e57-7c11-8e57-000000000001,01a0d76c-a53d-76a2-8c24-b9355d75a8b0,ACTIVE,1250000,250000,-2165064,0,0,0,0,0.0000
1565444,01a0b1c2-7e57-7c11-8e57-000000000001,01a0d76c-a53d-76a2-8c24-b9305de133da,ACTIVE,-283712,-3390616,2308280,0,0,0,0,0.0000
1565446,01a0b1c2-7e57-7c11-8e57-000000000001,01a0d76c-a53d-76a2-8c24-b9355d75a8b0,ACTIVE,1250000,250000,-2165064,0,0,0,0,0.0000
1565446,01a0b1c2-7e57-7c11-8e57-000000000001,01a0d76c-a53d-76a2-8c24-b9305de133da,ACTIVE,-283712,-3390616,2308280,0,0,0,0,0.0000
1565448,01a0b1c2-7e57-7c11-8e57-000000000001,01a0d76c-a53d-76a2-8c24-b9355d75a8b0,ACTIVE,1250000,250000,-2165064,0,0,0,0,0.0000
1565448,01a0b1c2-7e57-7c11-8e57-000000000001,01a0d76c-a53d-76a2-8c24-b9305de133da,ACTIVE,-283712,-3390616,2308280,0,0,0,0,0.0000
1565450,01a0b1c2-7e57-7c11-8e57-000000000001,01a0d76c-a53d-76a2-8c24-b9355d75a8b0,ACTIVE,1250000,250000,-2165064,0,0,0,0,0.0000
1565450,01a0b1c2-7e57-7c11-8e57-000000000001,01a0d76c-a53d-76a2-8c24-b9305de133da,ACTIVE,-283712,-3390616,2308280,0,0,0,0,0.0000
1565452,01a0b1c2-7e57-7c11-8e57-000000000001,01a0d76c-a53d-76a2-8c24-b9355d75a8b0,ACTIVE,1250000,250000,-2165064,0,0,0,0,0.0000
1565452,01a0b1c2-7e57-7c11-8e57-000000000001,01a0d76c-a53d-76a2-8c24-b9305de133da,ACTIVE,-283712,-3390616,2308280,0,0,0,0,0.0000
1565454,01a0b1c2-7e57-7c11-8e57-000000000001,01a0d76c-a53d-76a2-8c24-b9355d75a8b0,ACTIVE,1250000,250000,-2165064,0,0,0,0,0.0000
1565454,01a0b1c2-7e57-7c11-8e57-000000000001,01a0d76c-a53d-76a2-8c24-b9305de133da,ACTIVE,-283712,-3390616,2308280,0,0,0,0,0.0000
1565456,01a0b1c2-7e57-7c11-8e57-000000000001,01a0d76c-a53d-76a2-8c24-b9355d75a8b0,ACTIVE,1250000,250000,-2165064,0,0,0,0,0.0000
1565456,01a0b1c2-7e57-7c11-8e57-000000000001,01a0d76c-a53d-76a2-8c24-b9305de133da,ACTIVE,-283712,-3390616,2308280,0,0,0,0,0.0000
1565458,01a0b1c2-7e57-7c11-8e57-000000000001,01a0d76c-a53d-76a2-8c24-b9355d75a8b0,ACTIVE,1250000,250000,-2165064,0,0,0,0,0.0000
1565458,01a0b1c2-7e57-7c11-8e57-000000000001,01a0d76c-a53d-76a2-8c24-b9305de133da,ACTIVE,-283712,-3390616,2308280,0,0,0,0,0.0000
1565460,01a0b1c2-7e57-7c11-8e57-000000000001,01a0d76c-a53d-76a2-8c24-b9355d75a8b0,ACTIVE,1250000,250000,-2165064,0,0,0,0,0.0000
1565460,01a0b1c2-7e57-7c11-8e57-000000000001,01a0d76c-a53d-76a2-8c24-b9305de133da,ACTIVE,-283712,-3390616,2308280,0,0,0,0,0.0000
1565462,01a0b1c2-7e57-7c11-8e57-000000000001,01a0d76c-a53d-76a2-8c24-b9355d75a8b0,ACTIVE,1250000,250000,-2165064,0,0,0,0,0.0000
1565462,01a0b1c2-7e57-7c11-8e57-000000000001,01a0d76c-a53d-76a2-8c24-b9305de133da,ACTIVE,-283712,-3390616,2308280,0,0,0,0,0.0000
1565464,01a0b1c2-7e57-7c11-8e57-000000000001,01a0d76c-a53d-76a2-8c24-b9355d75a8b0,ACTIVE,1250000,250000,-2165064,0,0,0,0,0.0000
1565464,01a0b1c2-7e57-7c11-8e57-000000000001,01a0d76c-a53d-76a2-8c24-b9305de133da,ACTIVE,-283712,-3390616,2308280,0,0,0,0,0.0000
1565466,01a0b1c2-7e57-7c11-8e57-000000000001,01a0d76c-a53d-76a2-8c24-b9355d75a8b0,ACTIVE,1250000,250000,-2165064,0,0,0,0,0.0000
1565466,01a0b1c2-7e57-7c11-8e57-000000000001,01a0d76c-a53d-76a2-8c24-b9305de133da,ACTIVE,-283712,-3390616,2308280,0,0,0,0,0.0000
1565468,01a0b1c2-7e57-7c11-8e57-000000000001,01a0d76c-a53d-76a2-8c24-b9355d75a8b0,ACTIVE,1250000,250000,-2165064,0,0,0,0,0.0000
1565468,01a0b1c2-7e57-7c11-8e57-000000000001,01a0d76c-a53d-76a2-8c24-b9305de133da,ACTIVE,-283712,-3390616,2308280,0,0,0,0,0.0000
1565470,01a0b1c2-7e57-7c11-8e57-000000000001,01a0d76c-a53d-76a2-8c24-b9355d75a8b0,ACTIVE,1250000,250000,-2165064,0,0,0,0,0.0000
1565470,01a0b1c2-7e57-7c11-8e57-000000000001,01a0d76c-a53d-76a2-8c24-b9305de133da,ACTIVE,-283712,-3390616,2308280,0,0,0,0,0.0000
1565472,01a0b1c2-7e57-7c11-8e57-000000000001,01a0d76c-a53d-76a2-8c24-b9355d75a8b0,ACTIVE,1250000,250000,-2165064,0,0,0,0,0.0000
1565472,01a0b1c2-7e57-7c11-8e57-000000000001,01a0d76c-a53d-76a2-8c24-b9305de133da,ACTIVE,-283712,-3390616,2308280,0,0,0,0,0.0000
1565474,01a0b1c2-7e57-7c11-8e57-000000000001,01a0d76c-a53d-76a2-8c24-b9355d75a8b0,ACTIVE,1250000,250000,-2165064,0,0,0,0,0.0000
1565474,01a0b1c2-7e57-7c11-8e57-000000000001,01a0d76c-a53d-76a2-8c24-b9305de133da,ACTIVE,-283712,-3390616,2308280,0,0,0,0,0.0000
1565476,01a0b1c2-7e57-7c11-8e57-000000000001,01a0d76c-a53d-76a2-8c24-b9355d75a8b0,ACTIVE,1250000,250000,-2165064,0,0,0,0,0.0000
1565476,01a0b1c2-7e57-7c11-8e57-000000000001,01a0d76c-a53d-76a2-8c24-b9305de133da,ACTIVE,-283712,-3390616,2308280,0,0,0,0,0.0000
1565478,01a0b1c2-7e57-7c11-8e57-000000000001,01a0d76c-a53d-76a2-8c24-b9355d75a8b0,ACTIVE,1250000,250000,-2165064,0,0,0,0,0.0000
1565478,01a0b1c2-7e57-7c11-8e57-000000000001,01a0d76c-a53d-76a2-8c24-b9305de133da,ACTIVE,-283712,-3390616,2308280,0,0,0,0,0.0000
1565480,01a0b1c2-7e57-7c11-8e57-000000000001,01a0d76c-a53d-76a2-8c24-b9355d75a8b0,ACTIVE,1250000,250000,-2165064,0,0,0,0,0.0000
1565480,01a0b1c2-7e57-7c11-8e57-000000000001,01a0d76c-a53d-76a2-8c24-b9305de133da,ACTIVE,-283712,-3390616,2308280,0,0,0,0,0.0000
1565482,01a0b1c2-7e57-7c11-8e57-000000000001,01a0d76c-a53d-76a2-8c24-b9355d75a8b0,ACTIVE,1250000,250000,-2165064,0,0,0,0,0.0000
1565482,01a0b1c2-7e57-7c11-8e57-000000000001,01a0d76c-a53d-76a2-8c24-b9305de133da,ACTIVE,-283712,-3390616,2308280,0,0,0,0,0.0000
1565484,01a0b1c2-7e57-7c11-8e57-000000000001,01a0d76c-a53d-76a2-8c24-b9355d75a8b0,ACTIVE,1250000,250000,-2165064,0,0,0,0,0.0000
1565484,01a0b1c2-7e57-7c11-8e57-000000000001,01a0d76c-a53d-76a2-8c24-b9305de133da,ACTIVE,-283712,-3390616,2308280,0,0,0,0,0.0000
1565486,01a0b1c2-7e57-7c11-8e57-000000000001,01a0d76c-a53d-76a2-8c24-b9355d75a8b0,ACTIVE,1250000,250000,-2165064,0,0,0,0,0.0000
1565486,01a0b1c2-7e57-7c11-8e57-000000000001,01a0d76c-a53d-76a2-8c24-b9305de133da,ACTIVE,-283712,-3390616,2308280,0,0,0,0,0.0000
1565488,01a0b1c2-7e57-7c11-8e57-000000000001,01a0d76c-a53d-76a2-8c24-b9355d75a8b0,ACTIVE,1250000,250000,-2165064,0,0,0,0,0.0000
1565488,01a0b1c2-7e57-7c11-8e57-000000000001,01a0d76c-a53d-76a2-8c24-b9305de133da,ACTIVE,-283712,-3390616,2308280,0,0,0,0,0.0000
1565490,01a0b1c2-7e57-7c11-8e57-000000000001,01a0d76c-a53d-76a2-8c24-b9355d75a8b0,ACTIVE,1250000,250000,-2165064,0,0,0,0,0.0000
1565490,01a0b1c2-7e57-7c11-8e57-000000000001,01a0d76c-a53d-76a2-8c24-b9305de133da,ACTIVE,-283712,-3390616,2308280,0,0,0,0,0.0000
1565492,01a0b1c2-7e57-7c11-8e57-000000000001,01a0d76c-a53d-76a2-8c24-b9355d75a8b0,ACTIVE,1250000,250000,-2165064,0,0,0,0,0.0000
1565492,01a0b1c2-7e57-7c11-8e57-000000000001,01a0d76c-a53d-76a2-8c24-b9305de133da,ACTIVE,-283712,-3390616,2308280,0,0,0,0,0.0000
1565494,01a0b1c2-7e57-7c11-8e57-000000000001,01a0d76c-a53d-76a2-8c24-b9355d75a8b0,ACTIVE,1250000,250000,-2165064,0,0,0,0,0.0000
1565494,01a0b1c2-7e57-7c11-8e57-000000000001,01a0d76c-a53d-76a2-8c24-b9305de133da,ACTIVE,-283712,-3390616,2308280,0,0,0,0,0.0000
1565496,01a0b1c2-7e57-7c11-8e57-000000000001,01a0d76c-a53d-76a2-8c24-b9355d75a8b0,ACTIVE,1250000,250000,-2165064,0,0,0,0,0.0000
1565496,01a0b1c2-7e57-7c11-8e57-000000000001,01a0d76c-a53d-76a2-8c24-b9305de133da,ACTIVE,-283712,-3390616,2308280,0,0,0,0,0.0000
1565498,01a0b1c2-7e57-7c11-8e57-000000000001,01a0d76c-a53d-76a2-8c24-b9355d75a8b0,ACTIVE,1250000,250000,-2165064,0,0,0,0,0.0000
1565498,01a0b1c2-7e57-7c11-8e57-000000000001,01a0d76c-a53d-76a2-8c24-b9305de133da,ACTIVE,-283712,-3390616,2308280,0,0,0,0,0.0000
1565500,01a0b1c2-7e57-7c11-8e57-000000000001,01a0d76c-a53d-76a2-8c24-b9355d75a8b0,ACTIVE,1250000,250000,-2165064,0,0,0,0,0.0000
1565500,01a0b1c2-7e57-7c11-8e57-000000000001,01a0d76c-a53d-76a2-8c24-b9305de133da,ACTIVE,-283712,-3390616,2308280,0,0,0,0,0.0000
1565502,01a0b1c2-7e57-7c11-8e57-000000000001,01a0d76c-a53d-76a2-8c24-b9355d75a8b0,ACTIVE,1250000,250000,-2165064,0,0,0,0,0.0000
1565502,01a0b1c2-7e57-7c11-8e57-000000000001,01a0d76c-a53d-76a2-8c24-b9305de133da,ACTIVE,-283712,-3390616,2308280,0,0,0,0,0.0000
1565504,01a0b1c2-7e57-7c11-8e57-000000000001,01a0d76c-a53d-76a2-8c24-b9355d75a8b0,ACTIVE,1250000,250000,-2165064,0,0,0,0,0.0000
1565504,01a0b1c2-7e57-7c11-8e57-000000000001,01a0d76c-a53d-76a2-8c24-b9305de133da,ACTIVE,-283712,-3390616,2308280,0,0,0,0,0.0000
1565506,01a0b1c2-7e57-7c11-8e57-000000000001,01a0d76c-a53d-76a2-8c24-b9355d75a8b0,ACTIVE,1250000,250000,-2165064,0,0,0,0,0.0000
1565506,01a0b1c2-7e57-7c11-8e57-000000000001,01a0d76c-a53d-76a2-8c24-b9305de133da,ACTIVE,-283712,-3390616,2308280,0,0,0,0,0.0000
1565508,01a0b1c2-7e57-7c11-8e57-000000000001,01a0d76c-a53d-76a2-8c24-b9355d75a8b0,ACTIVE,1250000,250000,-2165064,0,0,0,0,0.0000
1565508,01a0b1c2-7e57-7c11-8e57-000000000001,01a0d76c-a53d-76a2-8c24-b9305de133da,ACTIVE,-283712,-3390616,2308280,0,0,0,0,0.0000
1565510,01a0b1c2-7e57-7c11-8e57-000000000001,01a0d76c-a53d-76a2-8c24-b9355d75a8b0,ACTIVE,1250000,250000,-2165064,0,0,0,0,0.0000
1565510,01a0b1c2-7e57-7c11-8e57-000000000001,01a0d76c-a53d-76a2-8c24-b9305de133da,ACTIVE,-283712,-3390616,2308280,0,0,0,0,0.0000
1565512,01a0b1c2-7e57-7c11-8e57-000000000001,01a0d76c-a53d-76a2-8c24-b9355d75a8b0,ACTIVE,1250000,250000,-2165064,0,0,0,0,0.0000
1565512,01a0b1c2-7e57-7c11-8e57-000000000001,01a0d76c-a53d-76a2-8c24-b9305de133da,ACTIVE,-283712,-3390616,2308280,0,0,0,0,0.0000
1565514,01a0b1c2-7e57-7c11-8e57-000000000001,01a0d76c-a53d-76a2-8c24-b9355d75a8b0,ACTIVE,1250000,250000,-2165064,0,0,0,0,0.0000
1565514,01a0b1c2-7e57-7c11-8e57-000000000001,01a0d76c-a53d-76a2-8c24-b9305de133da,ACTIVE,-283712,-3390616,2308280,0,0,0,0,0.0000
1565516,01a0b1c2-7e57-7c11-8e57-000000000001,01a0d76c-a53d-76a2-8c24-b9355d75a8b0,ACTIVE,1250000,250000,-2165064,0,0,0,0,0.0000
1565516,01a0b1c2-7e57-7c11-8e57-000000000001,01a0d76c-a53d-76a2-8c24-b9305de133da,ACTIVE,-283712,-3390616,2308280,0,0,0,0,0.0000
1565518,01a0b1c2-7e57-7c11-8e57-000000000001,01a0d76c-a53d-76a2-8c24-b9355d75a8b0,ACTIVE,1250000,250000,-2165064,0,0,0,0,0.0000
1565518,01a0b1c2-7e57-7c11-8e57-000000000001,01a0d76c-a53d-76a2-8c24-b9305de133da,ACTIVE,-283712,-3390616,2308280,0,0,0,0,0.0000
1565520,01a0b1c2-7e57-7c11-8e57-000000000001,01a0d76c-a53d-76a2-8c24-b9355d75a8b0,ACTIVE,1250000,250000,-2165064,0,0,0,0,0.0000
1565520,01a0b1c2-7e57-7c11-8e57-000000000001,01a0d76c-a53d-76a2-8c24-b9305de133da,ACTIVE,-283712,-3390616,2308280,0,0,0,0,0.0000
1565522,01a0b1c2-7e57-7c11-8e57-000000000001,01a0d76c-a53d-76a2-8c24-b9355d75a8b0,ACTIVE,1250000,250000,-2165064,0,0,0,0,0.0000
1565522,01a0b1c2-7e57-7c11-8e57-000000000001,01a0d76c-a53d-76a2-8c24-b9305de133da,ACTIVE,-283712,-3390616,2308280,0,0,0,0,0.0000
1565524,01a0b1c2-7e57-7c11-8e57-000000000001,01a0d76c-a53d-76a2-8c24-b9355d75a8b0,ACTIVE,1250000,250000,-2165064,0,0,0,0,0.0000
1565524,01a0b1c2-7e57-7c11-8e57-000000000001,01a0d76c-a53d-76a2-8c24-b9305de133da,ACTIVE,-283712,-3390616,2308280,0,0,0,0,0.0000
1565526,01a0b1c2-7e57-7c11-8e57-000000000001,01a0d76c-a53d-76a2-8c24-b9355d75a8b0,ACTIVE,1250000,250000,-2165064,0,0,0,0,0.0000
1565526,01a0b1c2-7e57-7c11-8e57-000000000001,01a0d76c-a53d-76a2-8c24-b9305de133da,ACTIVE,-283712,-3390616,2308280,0,0,0,0,0.0000
1565528,01a0b1c2-7e57-7c11-8e57-000000000001,01a0d76c-a53d-76a2-8c24-b9355d75a8b0,ACTIVE,1250000,250000,-2165064,0,0,0,0,0.0000
1565528,01a0b1c2-7e57-7c11-8e57-000000000001,01a0d76c-a53d-76a2-8c24-b9305de133da,ACTIVE,-283712,-3390616,2308280,0,0,0,0,0.0000
1565530,01a0b1c2-7e57-7c11-8e57-000000000001,01a0d76c-a53d-76a2-8c24-b9355d75a8b0,ACTIVE,1250000,250000,-2165064,0,0,0,0,0.0000
1565530,01a0b1c2-7e57-7c11-8e57-000000000001,01a0d76c-a53d-76a2-8c24-b9305de133da,ACTIVE,-283712,-3390616,2308280,0,0,0,0,0.0000
1565532,01a0b1c2-7e57-7c11-8e57-000000000001,01a0d76c-a53d-76a2-8c24-b9355d75a8b0,ACTIVE,1250000,250000,-2165064,0,0,0,0,0.0000
1565532,01a0b1c2-7e57-7c11-8e57-000000000001,01a0d76c-a53d-76a2-8c24-b9305de133da,ACTIVE,-283712,-3390616,2308280,0,0,0,0,0.0000
1565534,01a0b1c2-7e57-7c11-8e57-000000000001,01a0d76c-a53d-76a2-8c24-b9355d75a8b0,ACTIVE,1250000,250000,-2165064,0,0,0,0,0.0000
1565534,01a0b1c2-7e57-7c11-8e57-000000000001,01a0d76c-a53d-76a2-8c24-b9305de133da,ACTIVE,-283712,-3390616,2308280,0,0,0,0,0.0000
1565536,01a0b1c2-7e57-7c11-8e57-000000000001,01a0d76c-a53d-76a2-8c24-b9355d75a8b0,ACTIVE,1250000,250000,-2165064,0,0,0,0,0.0000
1565536,01a0b1c2-7e57-7c11-8e57-000000000001,01a0d76c-a53d-76a2-8c24-b9305de133da,ACTIVE,-283712,-3390616,2308280,0,0,0,0,0.0000
1565538,01a0b1c2-7e57-7c11-8e57-000000000001,01a0d76c-a53d-76a2-8c24-b9355d75a8b0,ACTIVE,1250000,250000,-2165064,0,0,0,0,0.0000
1565538,01a0b1c2-7e57-7c11-8e57-000000000001,01a0d76c-a53d-76a2-8c24-b9305de133da,ACTIVE,-283712,-3390616,2308280,0,0,0,0,0.0000
1565540,01a0b1c2-7e57-7c11-8e57-000000000001,01a0d76c-a53d-76a2-8c24-b9355d75a8b0,ACTIVE,1250000,250000,-2165064,0,0,0,0,0.0000
1565540,01a0b1c2-7e57-7c11-8e57-000000000001,01a0d76c-a53d-76a2-8c24-b9305de133da,ACTIVE,-283712,-3390616,2308280,0,0,0,0,0.0000
1565542,01a0b1c2-7e57-7c11-8e57-000000000001,01a0d76c-a53d-76a2-8c24-b9355d75a8b0,ACTIVE,1250000,250000,-2165064,0,0,0,0,0.0000
1565542,01a0b1c2-7e57-7c11-8e57-000000000001,01a0d76c-a53d-76a2-8c24-b9305de133da,ACTIVE,-283712,-3390616,2308280,0,0,0,0,0.0000
1565544,01a0b1c2-7e57-7c11-8e57-000000000001,01a0d76c-a53d-76a2-8c24-b9355d75a8b0,ACTIVE,1250000,250000,-2165064,0,0,0,0,0.0000
1565544,01a0b1c2-7e57-7c11-8e57-000000000001,01a0d76c-a53d-76a2-8c24-b9305de133da,ACTIVE,-283712,-3390616,2308280,0,0,0,0,0.0000
1565546,01a0b1c2-7e57-7c11-8e57-000000000001,01a0d76c-a53d-76a2-8c24-b9355d75a8b0,ACTIVE,1250000,250000,-2165064,0,0,0,0,0.0000
1565546,01a0b1c2-7e57-7c11-8e57-000000000001,01a0d76c-a53d-76a2-8c24-b9305de133da,ACTIVE,-283712,-3390616,2308280,0,0,0,0,0.0000
1565548,01a0b1c2-7e57-7c11-8e57-000000000001,01a0d76c-a53d-76a2-8c24-b9355d75a8b0,ACTIVE,1250000,250000,-2165064,0,0,0,0,0.0000
1565548,01a0b1c2-7e57-7c11-8e57-000000000001,01a0d76c-a53d-76a2-8c24-b9305de133da,ACTIVE,-283712,-3390616,2308280,0,0,0,0,0.0000
1565550,01a0b1c2-7e57-7c11-8e57-000000000001,01a0d76c-a53d-76a2-8c24-b9355d75a8b0,ACTIVE,1250000,250000,-2165064,0,0,0,0,0.0000
1565550,01a0b1c2-7e57-7c11-8e57-000000000001,01a0d76c-a53d-76a2-8c24-b9305de133da,ACTIVE,-283712,-3390616,2308280,0,0,0,0,0.0000
1565552,01a0b1c2-7e57-7c11-8e57-000000000001,01a0d76c-a53d-76a2-8c24-b9355d75a8b0,ACTIVE,1250000,250000,-2165064,0,0,0,0,0.0000
1565552,01a0b1c2-7e57-7c11-8e57-000000000001,01a0d76c-a53d-76a2-8c24-b9305de133da,ACTIVE,-283712,-3390616,2308280,0,0,0,0,0.0000
1565554,01a0b1c2-7e57-7c11-8e57-000000000001,01a0d76c-a53d-76a2-8c24-b9355d75a8b0,ACTIVE,1250000,250000,-2165064,0,0,0,0,0.0000
1565554,01a0b1c2-7e57-7c11-8e57-000000000001,01a0d76c-a53d-76a2-8c24-b9305de133da,ACTIVE,-283712,-3390616,2308280,0,0,0,0,0.0000
1565556,01a0b1c2-7e57-7c11-8e57-000000000001,01a0d76c-a53d-76a2-8c24-b9355d75a8b0,ACTIVE,1250000,250000,-2165064,0,0,0,0,0.0000
1565556,01a0b1c2-7e57-7c11-8e57-000000000001,01a0d76c-a53d-76a2-8c24-b9305de133da,ACTIVE,-283712,-3390616,2308280,0,0,0,0,0.0000
1565558,01a0b1c2-7e57-7c11-8e57-000000000001,01a0d76c-a53d-76a2-8c24-b9355d75a8b0,ACTIVE,1250000,250000,-2165064,0,0,0,0,0.0000
1565558,01a0b1c2-7e57-7c11-8e57-000000000001,01a0d76c-a53d-76a2-8c24-b9305de133da,ACTIVE,-283712,-3390616,2308280,0,0,0,0,0.0000
1565560,01a0b1c2-7e57-7c11-8e57-000000000001,01a0d76c-a53d-76a2-8c24-b9355d75a8b0,ACTIVE,1250000,250000,-2165064,0,0,0,0,0.0000
1565560,01a0b1c2-7e57-7c11-8e57-000000000001,01a0d76c-a53d-76a2-8c24-b9305de133da,ACTIVE,-283712,-3390616,2308280,0,0,0,0,0.0000
1565562,01a0b1c2-7e57-7c11-8e57-000000000001,01a0d76c-a53d-76a2-8c24-b9355d75a8b0,ACTIVE,1250000,250000,-2165064,0,0,0,0,0.0000
1565562,01a0b1c2-7e57-7c11-8e57-000000000001,01a0d76c-a53d-76a2-8c24-b9305de133da,ACTIVE,-283712,-3390616,2308280,0,0,0,0,0.0000
1565564,01a0b1c2-7e57-7c11-8e57-000000000001,01a0d76c-a53d-76a2-8c24-b9355d75a8b0,ACTIVE,1250000,250000,-2165064,0,0,0,0,0.0000
1565564,01a0b1c2-7e57-7c11-8e57-000000000001,01a0d76c-a53d-76a2-8c24-b9305de133da,ACTIVE,-283712,-3390616,2308280,0,0,0,0,0.0000
1565566,01a0b1c2-7e57-7c11-8e57-000000000001,01a0d76c-a53d-76a2-8c24-b9355d75a8b0,ACTIVE,1250000,250000,-2165064,0,0,0,0,0.0000
1565566,01a0b1c2-7e57-7c11-8e57-000000000001,01a0d76c-a53d-76a2-8c24-b9305de133da,ACTIVE,-283712,-3390616,2308280,0,0,0,0,0.0000
1565568,01a0b1c2-7e57-7c11-8e57-000000000001,01a0d76c-a53d-76a2-8c24-b9355d75a8b0,ACTIVE,1250000,250000,-2165064,0,0,0,0,0.0000
1565568,01a0b1c2-7e57-7c11-8e57-000000000001,01a0d76c-a53d-76a2-8c24-b9305de133da,ACTIVE,-283712,-3390616,2308280,0,0,0,0,0.0000
1565570,01a0b1c2-7e57-7c11-8e57-000000000001,01a0d76c-a53d-76a2-8c24-b9355d75a8b0,ACTIVE,1250000,250000,-2165064,0,0,0,0,0.0000
1565570,01a0b1c2-7e57-7c11-8e57-000000000001,01a0d76c-a53d-76a2-8c24-b9305de133da,ACTIVE,-283712,-3390616,2308280,0,0,0,0,0.0000
1565572,01a0b1c2-7e57-7c11-8e57-000000000001,01a0d76c-a53d-76a2-8c24-b9355d75a8b0,ACTIVE,1250000,250000,-2165064,0,0,0,0,0.0000
1565572,01a0b1c2-7e57-7c11-8e57-000000000001,01a0d76c-a53d-76a2-8c24-b9305de133da,ACTIVE,-283712,-3390616,2308280,0,0,0,0,0.0000
1565574,01a0b1c2-7e57-7c11-8e57-000000000001,01a0d76c-a53d-76a2-8c24-b9355d75a8b0,ACTIVE,1250000,250000,-2165064,0,0,0,0,0.0000
1565574,01a0b1c2-7e57-7c11-8e57-000000000001,01a0d76c-a53d-76a2-8c24-b9305de133da,ACTIVE,-283712,-3390616,2308280,0,0,0,0,0.0000
1565576,01a0b1c2-7e57-7c11-8e57-000000000001,01a0d76c-a53d-76a2-8c24-b9355d75a8b0,ACTIVE,1250000,250000,-2165064,0,0,0,0,0.0000
1565576,01a0b1c2-7e57-7c11-8e57-000000000001,01a0d76c-a53d-76a2-8c24-b9305de133da,ACTIVE,-283712,-3390616,2308280,0,0,0,0,0.0000
1565578,01a0b1c2-7e57-7c11-8e57-000000000001,01a0d76c-a53d-76a2-8c24-b9355d75a8b0,ACTIVE,1250000,250000,-2165064,0,0,0,0,0.0000
1565578,01a0b1c2-7e57-7c11-8e57-000000000001,01a0d76c-a53d-76a2-8c24-b9305de133da,ACTIVE,-283712,-3390616,2308280,0,0,0,0,0.0000
1565580,01a0b1c2-7e57-7c11-8e57-000000000001,01a0d76c-a53d-76a2-8c24-b9355d75a8b0,ACTIVE,1250000,250000,-2165064,0,0,0,0,0.0000
1565580,01a0b1c2-7e57-7c11-8e57-000000000001,01a0d76c-a53d-76a2-8c24-b9305de133da,ACTIVE,-283712,-3390616,2308280,0,0,0,0,0.0000
1565582,01a0b1c2-7e57-7c11-8e57-000000000001,01a0d76c-a53d-76a2-8c24-b9355d75a8b0,ACTIVE,1250000,250000,-2165064,0,0,0,0,0.0000
1565582,01a0b1c2-7e57-7c11-8e57-000000000001,01a0d76c-a53d-76a2-8c24-b9305de133da,ACTIVE,-283712,-3390616,2308280,0,0,0,0,0.0000
1565584,01a0b1c2-7e57-7c11-8e57-000000000001,01a0d76c-a53d-76a2-8c24-b9355d75a8b0,ACTIVE,1250000,250000,-2165064,0,0,0,0,0.0000
1565584,01a0b1c2-7e57-7c11-8e57-000000000001,01a0d76c-a53d-76a2-8c24-b9305de133da,ACTIVE,-283712,-3390616,2308280,0,0,0,0,0.0000
1565586,01a0b1c2-7e57-7c11-8e57-000000000001,01a0d76c-a53d-76a2-8c24-b9355d75a8b0,ACTIVE,1250000,250000,-2165064,0,0,0,0,0.0000
1565586,01a0b1c2-7e57-7c11-8e57-000000000001,01a0d76c-a53d-76a2-8c24-b9305de133da,ACTIVE,-283712,-3390616,2308280,0,0,0,0,0.0000
1565588,01a0b1c2-7e57-7c11-8e57-000000000001,01a0d76c-a53d-76a2-8c24-b9355d75a8b0,ACTIVE,1250000,250000,-2165064,0,0,0,0,0.0000
1565588,01a0b1c2-7e57-7c11-8e57-000000000001,01a0d76c-a53d-76a2-8c24-b9305de133da,ACTIVE,-283712,-3390616,2308280,0,0,0,0,0.0000
1565590,01a0b1c2-7e57-7c11-8e57-000000000001,01a0d76c-a53d-76a2-8c24-b9355d75a8b0,ACTIVE,1250000,250000,-2165064,0,0,0,0,0.0000
1565590,01a0b1c2-7e57-7c11-8e57-000000000001,01a0d76c-a53d-76a2-8c24-b9305de133da,ACTIVE,-283712,-3390616,2308280,0,0,0,0,0.0000
1565592,01a0b1c2-7e57-7c11-8e57-000000000001,01a0d76c-a53d-76a2-8c24-b9355d75a8b0,ACTIVE,1250000,250000,-2165064,0,0,0,0,0.0000
1565592,01a0b1c2-7e57-7c11-8e57-000000000001,01a0d76c-a53d-76a2-8c24-b9305de133da,ACTIVE,-283712,-3390616,2308280,0,0,0,0,0.0000
1565594,01a0b1c2-7e57-7c11-8e57-000000000001,01a0d76c-a53d-76a2-8c24-b9355d75a8b0,ACTIVE,1250000,250000,-2165064,0,0,0,0,0.0000
1565594,01a0b1c2-7e57-7c11-8e57-000000000001,01a0d76c-a53d-76a2-8c24-b9305de133da,ACTIVE,-283712,-3390616,2308280,0,0,0,0,0.0000
1565596,01a0b1c2-7e57-7c11-8e57-000000000001,01a0d76c-a53d-76a2-8c24-b9355d75a8b0,ACTIVE,1250000,250000,-2165064,0,0,0,0,0.0000
1565596,01a0b1c2-7e57-7c11-8e57-000000000001,01a0d76c-a53d-76a2-8c24-b9305de133da,ACTIVE,-283712,-3390616,2308280,0,0,0,0,0.0000
1565598,01a0b1c2-7e57-7c11-8e57-000000000001,01a0d76c-a53d-76a2-8c24-b9355d75a8b0,ACTIVE,1250000,250000,-2165064,0,0,0,0,0.0000
1565598,01a0b1c2-7e57-7c11-8e57-000000000001,01a0d76c-a53d-76a2-8c24-b9305de133da,ACTIVE,-283712,-3390616,2308280,0,0,0,0,0.0000
1565600,01a0b1c2-7e57-7c11-8e57-000000000001,01a0d76c-a53d-76a2-8c24-b9355d75a8b0,ACTIVE,1250000,250000,-2165064,0,0,0,0,0.0000
1565600,01a0b1c2-7e57-7c11-8e57-000000000001,01a0d76c-a53d-76a2-8c24-b9305de133da,ACTIVE,-283712,-3390616,2308280,0,0,0,0,0.0000
1565602,01a0b1c2-7e57-7c11-8e57-000000000001,01a0d76c-a53d-76a2-8c24-b9355d75a8b0,ACTIVE,1250000,250000,-2165064,0,0,0,0,0.0000
1565602,01a0b1c2-7e57-7c11-8e57-000000000001,01a0d76c-a53d-76a2-8c24-b9305de133da,ACTIVE,-283712,-3390616,2308280,0,0,0,0,0.0000
1565604,01a0b1c2-7e57-7c11-8e57-000000000001,01a0d76c-a53d-76a2-8c24-b9355d75a8b0,ACTIVE,1250000,250000,-2165064,0,0,0,0,0.0000
1565604,01a0b1c2-7e57-7c11-8e57-000000000001,01a0d76c-a53d-76a2-8c24-b9305de133da,ACTIVE,-283712,-3390616,2308280,0,0,0,0,0.0000
1565606,01a0b1c2-7e57-7c11-8e57-000000000001,01a0d76c-a53d-76a2-8c24-b9355d75a8b0,ACTIVE,1250000,250000,-2165064,0,0,0,0,0.0000
1565606,01a0b1c2-7e57-7c11-8e57-000000000001,01a0d76c-a53d-76a2-8c24-b9305de133da,ACTIVE,-283712,-3390616,2308280,0,0,0,0,0.0000
1565608,01a0b1c2-7e57-7c11-8e57-000000000001,01a0d76c-a53d-76a2-8c24-b9355d75a8b0,ACTIVE,1250000,250000,-2165064,0,0,0,0,0.0000
1565608,01a0b1c2-7e57-7c11-8e57-000000000001,01a0d76c-a53d-76a2-8c24-b9305de133da,ACTIVE,-283712,-3390616,2308280,0,0,0,0,0.0000
1565610,01a0b1c2-7e57-7c11-8e57-000000000001,01a0d76c-a53d-76a2-8c24-b9355d75a8b0,ACTIVE,1250000,250000,-2165064,0,0,0,0,0.0000
1565610,01a0b1c2-7e57-7c11-8e57-000000000001,01a0d76c-a53d-76a2-8c24-b9305de133da,ACTIVE,-283712,-3390616,2308280,0,0,0,0,0.0000
1565612,01a0b1c2-7e57-7c11-8e57-000000000001,01a0d76c-a53d-76a2-8c24-b9355d75a8b0,ACTIVE,1250000,250000,-2165064,0,0,0,0,0.0000
1565612,01a0b1c2-7e57-7c11-8e57-000000000001,01a0d76c-a53d-76a2-8c24-b9305de133da,ACTIVE,-283712,-3390616,2308280,0,0,0,0,0.0000
1565614,01a0b1c2-7e57-7c11-8e57-000000000001,01a0d76c-a53d-76a2-8c24-b9355d75a8b0,ACTIVE,1250000,250000,-2165064,0,0,0,0,0.0000
1565614,01a0b1c2-7e57-7c11-8e57-000000000001,01a0d76c-a53d-76a2-8c24-b9305de133da,ACTIVE,-283712,-3390616,2308280,0,0,0,0,0.0000
1565616,01a0b1c2-7e57-7c11-8e57-000000000001,01a0d76c-a53d-76a2-8c24-b9355d75a8b0,ACTIVE,1250000,250000,-2165064,0,0,0,0,0.0000
1565616,01a0b1c2-7e57-7c11-8e57-000000000001,01a0d76c-a53d-76a2-8c24-b9305de133da,ACTIVE,-283712,-3390616,2308280,0,0,0,0,0.0000
1565618,01a0b1c2-7e57-7c11-8e57-000000000001,01a0d76c-a53d-76a2-8c24-b9355d75a8b0,ACTIVE,1250000,250000,-2165064,0,0,0,0,0.0000
1565618,01a0b1c2-7e57-7c11-8e57-000000000001,01a0d76c-a53d-76a2-8c24-b9305de133da,ACTIVE,-283712,-3390616,2308280,0,0,0,0,0.0000
1565620,01a0b1c2-7e57-7c11-8e57-000000000001,01a0d76c-a53d-76a2-8c24-b9355d75a8b0,ACTIVE,1250000,250000,-2165064,0,0,0,0,0.0000
1565620,01a0b1c2-7e57-7c11-8e57-000000000001,01a0d76c-a53d-76a2-8c24-b9305de133da,ACTIVE,-283712,-3390616,2308280,0,0,0,0,0.0000
1565622,01a0b1c2-7e57-7c11-8e57-000000000001,01a0d76c-a53d-76a2-8c24-b9355d75a8b0,ACTIVE,1250000,250000,-2165064,0,0,0,0,0.0000
1565622,01a0b1c2-7e57-7c11-8e57-000000000001,01a0d76c-a53d-76a2-8c24-b9305de133da,ACTIVE,-283712,-3390616,2308280,0,0,0,0,0.0000
1565624,01a0b1c2-7e57-7c11-8e57-000000000001,01a0d76c-a53d-76a2-8c24-b9355d75a8b0,ACTIVE,1250000,250000,-2165064,0,0,0,0,0.0000
1565624,01a0b1c2-7e57-7c11-8e57-000000000001,01a0d76c-a53d-76a2-8c24-b9305de133da,ACTIVE,-283712,-3390616,2308280,0,0,0,0,0.0000
1565626,01a0b1c2-7e57-7c11-8e57-000000000001,01a0d76c-a53d-76a2-8c24-b9355d75a8b0,ACTIVE,1250000,250000,-2165064,0,0,0,0,0.0000
1565626,01a0b1c2-7e57-7c11-8e57-000000000001,01a0d76c-a53d-76a2-8c24-b9305de133da,ACTIVE,-283712,-3390616,2308280,0,0,0,0,0.0000
1565628,01a0b1c2-7e57-7c11-8e57-000000000001,01a0d76c-a53d-76a2-8c24-b9355d75a8b0,ACTIVE,1250000,250000,-2165064,0,0,0,0,0.0000
1565628,01a0b1c2-7e57-7c11-8e57-000000000001,01a0d76c-a53d-76a2-8c24-b9305de133da,ACTIVE,-283712,-3390616,2308280,0,0,0,0,0.0000
1565630,01a0b1c2-7e57-7c11-8e57-000000000001,01a0d76c-a53d-76a2-8c24-b9355d75a8b0,ACTIVE,1250000,250000,-2165064,0,0,0,0,0.0000
1565630,01a0b1c2-7e57-7c11-8e57-000000000001,01a0d76c-a53d-76a2-8c24-b9305de133da,ACTIVE,-283712,-3390616,2308280,0,0,0,0,0.0000
1565632,01a0b1c2-7e57-7c11-8e57-000000000001,01a0d76c-a53d-76a2-8c24-b9355d75a8b0,ACTIVE,1250000,250000,-2165064,0,0,0,0,0.0000
1565632,01a0b1c2-7e57-7c11-8e57-000000000001,01a0d76c-a53d-76a2-8c24-b9305de133da,ACTIVE,-283712,-3390616,2308280,0,0,0,0,0.0000
1565634,01a0b1c2-7e57-7c11-8e57-000000000001,01a0d76c-a53d-76a2-8c24-b9355d75a8b0,ACTIVE,1250000,250000,-2165064,0,0,0,0,0.0000
1565634,01a0b1c2-7e57-7c11-8e57-000000000001,01a0d76c-a53d-76a2-8c24-b9305de133da,ACTIVE,-283712,-3390616,2308280,0,0,0,0,0.0000
1565636,01a0b1c2-7e57-7c11-8e57-000000000001,01a0d76c-a53d-76a2-8c24-b9355d75a8b0,ACTIVE,1250000,250000,-2165064,0,0,0,0,0.0000
1565636,01a0b1c2-7e57-7c11-8e57-000000000001,01a0d76c-a53d-76a2-8c24-b9305de133da,ACTIVE,-283712,-3390616,2308280,0,0,0,0,0.0000
1565638,01a0b1c2-7e57-7c11-8e57-000000000001,01a0d76c-a53d-76a2-8c24-b9355d75a8b0,ACTIVE,1250000,250000,-2165064,0,0,0,0,0.0000
1565638,01a0b1c2-7e57-7c11-8e57-000000000001,01a0d76c-a53d-76a2-8c24-b9305de133da,ACTIVE,-283712,-3390616,2308280,0,0,0,0,0.0000
1565640,01a0b1c2-7e57-7c11-8e57-000000000001,01a0d76c-a53d-76a2-8c24-b9355d75a8b0,ACTIVE,1250000,250000,-2165064,0,0,0,0,0.0000
1565640,01a0b1c2-7e57-7c11-8e57-000000000001,01a0d76c-a53d-76a2-8c24-b9305de133da,ACTIVE,-283712,-3390616,2308280,0,0,0,0,0.0000
1565642,01a0b1c2-7e57-7c11-8e57-000000000001,01a0d76c-a53d-76a2-8c24-b9355d75a8b0,ACTIVE,1250000,250000,-2165064,0,0,0,0,0.0000
1565642,01a0b1c2-7e57-7c11-8e57-000000000001,01a0d76c-a53d-76a2-8c24-b9305de133da,ACTIVE,-283712,-3390616,2308280,0,0,0,0,0.0000
1565644,01a0b1c2-7e57-7c11-8e57-000000000001,01a0d76c-a53d-76a2-8c24-b9355d75a8b0,ACTIVE,1250000,250000,-2165064,0,0,0,0,0.0000
1565644,01a0b1c2-7e57-7c11-8e57-000000000001,01a0d76c-a53d-76a2-8c24-b9305de133da,ACTIVE,-283712,-3390616,2308280,0,0,0,0,0.0000
1565646,01a0b1c2-7e57-7c11-8e57-000000000001,01a0d76c-a53d-76a2-8c24-b9355d75a8b0,ACTIVE,1250000,250000,-2165064,0,0,0,0,0.0000
1565646,01a0b1c2-7e57-7c11-8e57-000000000001,01a0d76c-a53d-76a2-8c24-b9305de133da,ACTIVE,-283712,-3390616,2308280,0,0,0,0,0.0000
1565648,01a0b1c2-7e57-7c11-8e57-000000000001,01a0d76c-a53d-76a2-8c24-b9355d75a8b0,ACTIVE,1250000,250000,-2165064,0,0,0,0,0.0000
1565648,01a0b1c2-7e57-7c11-8e57-000000000001,01a0d76c-a53d-76a2-8c24-b9305de133da,ACTIVE,-283712,-3390616,2308280,0,0,0,0,0.0000
1565650,01a0b1c2-7e57-7c11-8e57-000000000001,01a0d76c-a53d-76a2-8c24-b9355d75a8b0,ACTIVE,1250000,250000,-2165064,0,0,0,0,0.0000
1565650,01a0b1c2-7e57-7c11-8e57-000000000001,01a0d76c-a53d-76a2-8c24-b9305de133da,ACTIVE,-283712,-3390616,2308280,0,0,0,0,0.0000
1565652,01a0b1c2-7e57-7c11-8e57-000000000001,01a0d76c-a53d-76a2-8c24-b9355d75a8b0,ACTIVE,1250000,250000,-2165064,0,0,0,0,0.0000
1565652,01a0b1c2-7e57-7c11-8e57-000000000001,01a0d76c-a53d-76a2-8c24-b9305de133da,ACTIVE,-283712,-3390616,2308280,0,0,0,0,0.0000
1565654,01a0b1c2-7e57-7c11-8e57-000000000001,01a0d76c-a53d-76a2-8c24-b9355d75a8b0,ACTIVE,1250000,250000,-2165064,0,0,0,0,0.0000
1565654,01a0b1c2-7e57-7c11-8e57-000000000001,01a0d76c-a53d-76a2-8c24-b9305de133da,ACTIVE,-283712,-3390616,2308280,0,0,0,0,0.0000
1565656,01a0b1c2-7e57-7c11-8e57-000000000001,01a0d76c-a53d-76a2-8c24-b9355d75a8b0,ACTIVE,1250000,250000,-2165064,0,0,0,0,0.0000
1565656,01a0b1c2-7e57-7c11-8e57-000000000001,01a0d76c-a53d-76a2-8c24-b9305de133da,ACTIVE,-283712,-3390616,2308280,0,0,0,0,0.0000
1565658,01a0b1c2-7e57-7c11-8e57-000000000001,01a0d76c-a53d-76a2-8c24-b9355d75a8b0,ACTIVE,1250000,250000,-2165064,0,0,0,0,0.0000
1565658,01a0b1c2-7e57-7c11-8e57-000000000001,01a0d76c-a53d-76a2-8c24-b9305de133da,ACTIVE,-283712,-3390616,2308280,0,0,0,0,0.0000
1565660,01a0b1c2-7e57-7c11-8e57-000000000001,01a0d76c-a53d-76a2-8c24-b9355d75a8b0,ACTIVE,1250000,250000,-2165064,0,0,0,0,0.0000
1565660,01a0b1c2-7e57-7c11-8e57-000000000001,01a0d76c-a53d-76a2-8c24-b9305de133da,ACTIVE,-283712,-3390616,2308280,0,0,0,0,0.0000
1565662,01a0b1c2-7e57-7c11-8e57-000000000001,01a0d76c-a53d-76a2-8c24-b9355d75a8b0,ACTIVE,1250000,250000,-2165064,0,0,0,0,0.0000
1565662,01a0b1c2-7e57-7c11-8e57-000000000001,01a0d76c-a53d-76a2-8c24-b9305de133da,ACTIVE,-283712,-3390616,2308280,0,0,0,0,0.0000
1565664,01a0b1c2-7e57-7c11-8e57-000000000001,01a0d76c-a53d-76a2-8c24-b9355d75a8b0,ACTIVE,1250000,250000,-2165064,0,0,0,0,0.0000
1565664,01a0b1c2-7e57-7c11-8e57-000000000001,01a0d76c-a53d-76a2-8c24-b9305de133da,ACTIVE,-283712,-3390616,2308280,0,0,0,0,0.0000
1565666,01a0b1c2-7e57-7c11-8e57-000000000001,01a0d76c-a53d-76a2-8c24-b9355d75a8b0,ACTIVE,1250000,250000,-2165064,0,0,0,0,0.0000
1565666,01a0b1c2-7e57-7c11-8e57-000000000001,01a0d76c-a53d-76a2-8c24-b9305de133da,ACTIVE,-283712,-3390616,2308280,0,0,0,0,0.0000
1565668,01a0b1c2-7e57-7c11-8e57-000000000001,01a0d76c-a53d-76a2-8c24-b9355d75a8b0,ACTIVE,1250000,250000,-2165064,0,0,0,0,0.0000
1565668,01a0b1c2-7e57-7c11-8e57-000000000001,01a0d76c-a53d-76a2-8c24-b9305de133da,ACTIVE,-283712,-3390616,2308280,0,0,0,0,0.0000
1565670,01a0b1c2-7e57-7c11-8e57-000000000001,01a0d76c-a53d-76a2-8c24-b9355d75a8b0,ACTIVE,1250000,250000,-2165064,0,0,0,0,0.0000
1565670,01a0b1c2-7e57-7c11-8e57-000000000001,01a0d76c-a53d-76a2-8c24-b9305de133da,ACTIVE,-283712,-3390616,2308280,0,0,0,0,0.0000
1565672,01a0b1c2-7e57-7c11-8e57-000000000001,01a0d76c-a53d-76a2-8c24-b9355d75a8b0,ACTIVE,1250000,250000,-2165064,0,0,0,0,0.0000
1565672,01a0b1c2-7e57-7c11-8e57-000000000001,01a0d76c-a53d-76a2-8c24-b9305de133da,ACTIVE,-283712,-3390616,2308280,0,0,0,0,0.0000
1565674,01a0b1c2-7e57-7c11-8e57-000000000001,01a0d76c-a53d-76a2-8c24-b9355d75a8b0,ACTIVE,1250000,250000,-2165064,0,0,0,0,0.0000
1565674,01a0b1c2-7e57-7c11-8e57-000000000001,01a0d76c-a53d-76a2-8c24-b9305de133da,ACTIVE,-283712,-3390616,2308280,0,0,0,0,0.0000
1565676,01a0b1c2-7e57-7c11-8e57-000000000001,01a0d76c-a53d-76a2-8c24-b9355d75a8b0,ACTIVE,1250000,250000,-2165064,0,0,0,0,0.0000
1565676,01a0b1c2-7e57-7c11-8e57-000000000001,01a0d76c-a53d-76a2-8c24-b9305de133da,ACTIVE,-283712,-3390616,2308280,0,0,0,0,0.0000
1565678,01a0b1c2-7e57-7c11-8e57-000000000001,01a0d76c-a53d-76a2-8c24-b9355d75a8b0,ACTIVE,1250000,250000,-2165064,0,0,0,0,0.0000
1565678,01a0b1c2-7e57-7c11-8e57-000000000001,01a0d76c-a53d-76a2-8c24-b9305de133da,ACTIVE,-283712,-3390616,2308280,0,0,0,0,0.0000
1565680,01a0b1c2-7e57-7c11-8e57-000000000001,01a0d76c-a53d-76a2-8c24-b9355d75a8b0,ACTIVE,1250000,250000,-2165064,0,0,0,0,0.0000
1565680,01a0b1c2-7e57-7c11-8e57-000000000001,01a0d76c-a53d-76a2-8c24-b9305de133da,ACTIVE,-283712,-3390616,2308280,0,0,0,0,0.0000
1565682,01a0b1c2-7e57-7c11-8e57-000000000001,01a0d76c-a53d-76a2-8c24-b9355d75a8b0,ACTIVE,1250000,250000,-2165064,0,0,0,0,0.0000
1565682,01a0b1c2-7e57-7c11-8e57-000000000001,01a0d76c-a53d-76a2-8c24-b9305de133da,ACTIVE,-283712,-3390616,2308280,0,0,0,0,0.0000
1565684,01a0b1c2-7e57-7c11-8e57-000000000001,01a0d76c-a53d-76a2-8c24-b9355d75a8b0,ACTIVE,1250000,250000,-2165064,0,0,0,0,0.0000
1565684,01a0b1c2-7e57-7c11-8e57-000000000001,01a0d76c-a53d-76a2-8c24-b9305de133da,ACTIVE,-283712,-3390616,2308280,0,0,0,0,0.0000
1565686,01a0b1c2-7e57-7c11-8e57-000000000001,01a0d76c-a53d-76a2-8c24-b9355d75a8b0,ACTIVE,1250000,250000,-2165064,0,0,0,0,0.0000
1565686,01a0b1c2-7e57-7c11-8e57-000000000001,01a0d76c-a53d-76a2-8c24-b9305de133da,ACTIVE,-283712,-3390616,2308280,0,0,0,0,0.0000
1565688,01a0b1c2-7e57-7c11-8e57-000000000001,01a0d76c-a53d-76a2-8c24-b9355d75a8b0,ACTIVE,1250000,250000,-2165064,0,0,0,0,0.0000
1565688,01a0b1c2-7e57-7c11-8e57-000000000001,01a0d76c-a53d-76a2-8c24-b9305de133da,ACTIVE,-283712,-3390616,2308280,0,0,0,0,0.0000
1565690,01a0b1c2-7e57-7c11-8e57-000000000001,01a0d76c-a53d-76a2-8c24-b9355d75a8b0,ACTIVE,1250000,250000,-2165064,0,0,0,0,0.0000
1565690,01a0b1c2-7e57-7c11-8e57-000000000001,01a0d76c-a53d-76a2-8c24-b9305de133da,ACTIVE,-283712,-3390616,2308280,0,0,0,0,0.0000
1565692,01a0b1c2-7e57-7c11-8e57-000000000001,01a0d76c-a53d-76a2-8c24-b9355d75a8b0,ACTIVE,1250000,250000,-2165064,0,0,0,0,0.0000
1565692,01a0b1c2-7e57-7c11-8e57-000000000001,01a0d76c-a53d-76a2-8c24-b9305de133da,ACTIVE,-283712,-3390616,2308280,0,0,0,0,0.0000
1565694,01a0b1c2-7e57-7c11-8e57-000000000001,01a0d76c-a53d-76a2-8c24-b9355d75a8b0,ACTIVE,1250000,250000,-2165064,0,0,0,0,0.0000
1565694,01a0b1c2-7e57-7c11-8e57-000000000001,01a0d76c-a53d-76a2-8c24-b9305de133da,ACTIVE,-283712,-3390616,2308280,0,0,0,0,0.0000
1565696,01a0b1c2-7e57-7c11-8e57-000000000001,01a0d76c-a53d-76a2-8c24-b9355d75a8b0,ACTIVE,1250000,250000,-2165064,0,0,0,0,0.0000
1565696,01a0b1c2-7e57-7c11-8e57-000000000001,01a0d76c-a53d-76a2-8c24-b9305de133da,ACTIVE,-283712,-3390616,2308280,0,0,0,0,0.0000
1565698,01a0b1c2-7e57-7c11-8e57-000000000001,01a0d76c-a53d-76a2-8c24-b9355d75a8b0,ACTIVE,1250000,250000,-2165064,0,0,0,0,0.0000
1565698,01a0b1c2-7e57-7c11-8e57-000000000001,01a0d76c-a53d-76a2-8c24-b9305de133da,ACTIVE,-283712,-3390616,2308280,0,0,0,0,0.0000
1565700,01a0b1c2-7e57-7c11-8e57-000000000001,01a0d76c-a53d-76a2-8c24-b9355d75a8b0,ACTIVE,1250000,250000,-2165064,0,0,0,0,0.0000
1565700,01a0b1c2-7e57-7c11-8e57-000000000001,01a0d76c-a53d-76a2-8c24-b9305de133da,ACTIVE,-283712,-3390616,2308280,0,0,0,0,0.0000
1565702,01a0b1c2-7e57-7c11-8e57-000000000001,01a0d76c-a53d-76a2-8c24-b9355d75a8b0,ACTIVE,1250000,250000,-2165064,0,0,0,0,0.0000
1565702,01a0b1c2-7e57-7c11-8e57-000000000001,01a0d76c-a53d-76a2-8c24-b9305de133da,ACTIVE,-283712,-3390616,2308280,0,0,0,0,0.0000
1565704,01a0b1c2-7e57-7c11-8e57-000000000001,01a0d76c-a53d-76a2-8c24-b9355d75a8b0,ACTIVE,1250000,250000,-2165064,0,0,0,0,0.0000
1565704,01a0b1c2-7e57-7c11-8e57-000000000001,01a0d76c-a53d-76a2-8c24-b9305de133da,ACTIVE,-283712,-3390616,2308280,0,0,0,0,0.0000
1565706,01a0b1c2-7e57-7c11-8e57-000000000001,01a0d76c-a53d-76a2-8c24-b9355d75a8b0,ACTIVE,1250000,250000,-2165064,0,0,0,0,0.0000
1565706,01a0b1c2-7e57-7c11-8e57-000000000001,01a0d76c-a53d-76a2-8c24-b9305de133da,ACTIVE,-283712,-3390616,2308280,0,0,0,0,0.0000
1565708,01a0b1c2-7e57-7c11-8e57-000000000001,01a0d76c-a53d-76a2-8c24-b9355d75a8b0,ACTIVE,1250000,250000,-2165064,0,0,0,0,0.0000
1565708,01a0b1c2-7e57-7c11-8e57-000000000001,01a0d76c-a53d-76a2-8c24-b9305de133da,ACTIVE,-283712,-3390616,2308280,0,0,0,0,0.0000
1565710,01a0b1c2-7e57-7c11-8e57-000000000001,01a0d76c-a53d-76a2-8c24-b9355d75a8b0,ACTIVE,1250000,250000,-2165064,0,0,0,0,0.0000
1565710,01a0b1c2-7e57-7c11-8e57-000000000001,01a0d76c-a53d-76a2-8c24-b9305de133da,ACTIVE,-283712,-3390616,2308280,0,0,0,0,0.0000
1565712,01a0b1c2-7e57-7c11-8e57-000000000001,01a0d76c-a53d-76a2-8c24-b9355d75a8b0,ACTIVE,1250000,250000,-2165064,0,0,0,0,0.0000
1565712,01a0b1c2-7e57-7c11-8e57-000000000001,01a0d76c-a53d-76a2-8c24-b9305de133da,ACTIVE,-283712,-3390616,2308280,0,0,0,0,0.0000
1565714,01a0b1c2-7e57-7c11-8e57-000000000001,01a0d76c-a53d-76a2-8c24-b9355d75a8b0,ACTIVE,1250000,250000,-2165064,0,0,0,0,0.0000
1565714,01a0b1c2-7e57-7c11-8e57-000000000001,01a0d76c-a53d-76a2-8c24-b9305de133da,ACTIVE,-283712,-3390616,2308280,0,0,0,0,0.0000
1565716,01a0b1c2-7e57-7c11-8e57-000000000001,01a0d76c-a53d-76a2-8c24-b9355d75a8b0,ACTIVE,1250000,250000,-2165064,0,0,0,0,0.0000
1565716,01a0b1c2-7e57-7c11-8e57-000000000001,01a0d76c-a53d-76a2-8c24-b9305de133da,ACTIVE,-283712,-3390616,2308280,0,0,0,0,0.0000
1565718,01a0b1c2-7e57-7c11-8e57-000000000001,01a0d76c-a53d-76a2-8c24-b9355d75a8b0,ACTIVE,1250000,250000,-2165064,0,0,0,0,0.0000
1565718,01a0b1c2-7e57-7c11-8e57-000000000001,01a0d76c-a53d-76a2-8c24-b9305de133da,ACTIVE,-283712,-3390616,2308280,0,0,0,0,0.0000
1565720,01a0b1c2-7e57-7c11-8e57-000000000001,01a0d76c-a53d-76a2-8c24-b9355d75a8b0,ACTIVE,1250000,250000,-2165064,0,0,0,0,0.0000
1565720,01a0b1c2-7e57-7c11-8e57-000000000001,01a0d76c-a53d-76a2-8c24-b9305de133da,ACTIVE,-283712,-3390616,2308280,0,0,0,0,0.0000
1565722,01a0b1c2-7e57-7c11-8e57-000000000001,01a0d76c-a53d-76a2-8c24-b9355d75a8b0,ACTIVE,1250000,250000,-2165064,0,0,0,0,0.0000
1565722,01a0b1c2-7e57-7c11-8e57-000000000001,01a0d76c-a53d-76a2-8c24-b9305de133da,ACTIVE,-283712,-3390616,2308280,0,0,0,0,0.0000
1565724,01a0b1c2-7e57-7c11-8e57-000000000001,01a0d76c-a53d-76a2-8c24-b9355d75a8b0,ACTIVE,1250000,250000,-2165064,0,0,0,0,0.0000
1565724,01a0b1c2-7e57-7c11-8e57-000000000001,01a0d76c-a53d-76a2-8c24-b9305de133da,ACTIVE,-283712,-3390616,2308280,0,0,0,0,0.0000
1565726,01a0b1c2-7e57-7c11-8e57-000000000001,01a0d76c-a53d-76a2-8c24-b9355d75a8b0,ACTIVE,1250000,250000,-2165064,0,0,0,0,0.0000
1565726,01a0b1c2-7e57-7c11-8e57-000000000001,01a0d76c-a53d-76a2-8c24-b9305de133da,ACTIVE,-283712,-3390616,2308280,0,0,0,0,0.0000
1565728,01a0b1c2-7e57-7c11-8e57-000000000001,01a0d76c-a53d-76a2-8c24-b9355d75a8b0,ACTIVE,1250000,250000,-2165064,0,0,0,0,0.0000
1565728,01a0b1c2-7e57-7c11-8e57-000000000001,01a0d76c-a53d-76a2-8c24-b9305de133da,ACTIVE,-283712,-3390616,2308280,0,0,0,0,0.0000
1565730,01a0b1c2-7e57-7c11-8e57-000000000001,01a0d76c-a53d-76a2-8c24-b9355d75a8b0,ACTIVE,1250000,250000,-2165064,0,0,0,0,0.0000
1565730,01a0b1c2-7e57-7c11-8e57-000000000001,01a0d76c-a53d-76a2-8c24-b9305de133da,ACTIVE,-283712,-3390616,2308280,0,0,0,0,0.0000
1565732,01a0b1c2-7e57-7c11-8e57-000000000001,01a0d76c-a53d-76a2-8c24-b9355d75a8b0,ACTIVE,1250000,250000,-2165064,0,0,0,0,0.0000
1565732,01a0b1c2-7e57-7c11-8e57-000000000001,01a0d76c-a53d-76a2-8c24-b9305de133da,ACTIVE,-283712,-3390616,2308280,0,0,0,0,0.0000
1565734,01a0b1c2-7e57-7c11-8e57-000000000001,01a0d76c-a53d-76a2-8c24-b9355d75a8b0,ACTIVE,1250000,250000,-2165064,0,0,0,0,0.0000
1565736,01a0b1c2-7e57-7c11-8e57-000000000001,01a0d76c-a53d-76a2-8c24-b9355d75a8b0,ACTIVE,1250000,250000,-2165064,0,0,0,0,0.0000
1565738,01a0b1c2-7e57-7c11-8e57-000000000001,01a0d76c-a53d-76a2-8c24-b9355d75a8b0,ACTIVE,1250000,250000,-2165064,0,0,0,0,0.0000
1565740,01a0b1c2-7e57-7c11-8e57-000000000001,01a0d76c-a53d-76a2-8c24-b9355d75a8b0,ACTIVE,1250000,250000,-2165064,0,0,0,0,0.0000
1565742,01a0b1c2-7e57-7c11-8e57-000000000001,01a0d76c-a53d-76a2-8c24-b9355d75a8b0,ACTIVE,1250000,250000,-2165064,0,0,0,0,0.0000
1565744,01a0b1c2-7e57-7c11-8e57-000000000001,01a0d76c-a53d-76a2-8c24-b9355d75a8b0,ACTIVE,1250000,250000,-2165064,0,0,0,0,0.0000
1565746,01a0b1c2-7e57-7c11-8e57-000000000001,01a0d76c-a53d-76a2-8c24-b9355d75a8b0,ACTIVE,1250000,250000,-2165064,0,0,0,0,0.0000
1565748,01a0b1c2-7e57-7c11-8e57-000000000001,01a0d76c-a53d-76a2-8c24-b9355d75a8b0,ACTIVE,1250000,250000,-2165064,0,0,0,0,0.0000
1565750,01a0b1c2-7e57-7c11-8e57-000000000001,01a0d76c-a53d-76a2-8c24-b9355d75a8b0,ACTIVE,1250000,250000,-2165064,0,0,0,0,0.0000
1565752,01a0b1c2-7e57-7c11-8e57-000000000001,01a0d76c-a53d-76a2-8c24-b9355d75a8b0,ACTIVE,1250000,250000,-2165064,0,0,0,0,0.0000
1565754,01a0b1c2-7e57-7c11-8e57-000000000001,01a0d76c-a53d-76a2-8c24-b9355d75a8b0,ACTIVE,1250000,250000,-2165064,0,0,0,0,0.0000
1565756,01a0b1c2-7e57-7c11-8e57-000000000001,01a0d76c-a53d-76a2-8c24-b9355d75a8b0,ACTIVE,1250000,250000,-2165064,0,0,0,0,0.0000
1565758,01a0b1c2-7e57-7c11-8e57-000000000001,01a0d76c-a53d-76a2-8c24-b9355d75a8b0,ACTIVE,1250000,250000,-2165064,0,0,0,0,0.0000
1565760,01a0b1c2-7e57-7c11-8e57-000000000001,01a0d76c-a53d-76a2-8c24-b9355d75a8b0,ACTIVE,1250000,250000,-2165064,0,0,0,0,0.0000
1565762,01a0b1c2-7e57-7c11-8e57-000000000001,01a0d76c-a53d-76a2-8c24-b9355d75a8b0,ACTIVE,1250000,250000,-2165064,0,0,0,0,0.0000
1565764,01a0b1c2-7e57-7c11-8e57-000000000001,01a0d76c-a53d-76a2-8c24-b9355d75a8b0,ACTIVE,1250000,250000,-2165064,0,0,0,0,0.0000
1565766,01a0b1c2-7e57-7c11-8e57-000000000001,01a0d76c-a53d-76a2-8c24-b9355d75a8b0,ACTIVE,1250000,250000,-2165064,0,0,0,0,0.0000
1565768,01a0b1c2-7e57-7c11-8e57-000000000001,01a0d76c-a53d-76a2-8c24-b9355d75a8b0,ACTIVE,1250000,250000,-2165064,0,0,0,0,0.0000
1565770,01a0b1c2-7e57-7c11-8e57-000000000001,01a0d76c-a53d-76a2-8c24-b9355d75a8b0,ACTIVE,1250000,250000,-2165064,0,0,0,0,0.0000
1565772,01a0b1c2-7e57-7c11-8e57-000000000001,01a0d76c-a53d-76a2-8c24-b9355d75a8b0,ACTIVE,1250000,250000,-2165064,0,0,0,0,0.0000
1565772,01a0b1c2-7e57-7c11-8e57-000000000001,01a0d76c-a53d-76a2-8c24-b9305de133da,ACTIVE,-283712,-3390616,2308280,0,0,0,0,0.0000
1565774,01a0b1c2-7e57-7c11-8e57-000000000001,01a0d76c-a53d-76a2-8c24-b9355d75a8b0,ACTIVE,1250000,250000,-2165064,0,0,0,0,0.0000
1565774,01a0b1c2-7e57-7c11-8e57-000000000001,01a0d76c-a53d-76a2-8c24-b9305de133da,ACTIVE,-283712,-3390616,2308280,0,0,0,0,0.0000
1565776,01a0b1c2-7e57-7c11-8e57-000000000001,01a0d76c-a53d-76a2-8c24-b9355d75a8b0,ACTIVE,1250000,250000,-2165064,0,0,0,0,0.0000
1565776,01a0b1c2-7e57-7c11-8e57-000000000001,01a0d76c-a53d-76a2-8c24-b9305de133da,ACTIVE,-283712,-3390616,2308280,0,0,0,0,0.0000
1565778,01a0b1c2-7e57-7c11-8e57-000000000001,01a0d76c-a53d-76a2-8c24-b9355d75a8b0,ACTIVE,1250000,250000,-2165064,0,0,0,0,0.0000
1565778,01a0b1c2-7e57-7c11-8e57-000000000001,01a0d76c-a53d-76a2-8c24-b9305de133da,ACTIVE,-283712,-3390616,2308280,0,0,0,0,0.0000
1565780,01a0b1c2-7e57-7c11-8e57-000000000001,01a0d76c-a53d-76a2-8c24-b9355d75a8b0,ACTIVE,1250000,250000,-2165064,0,0,0,0,0.0000
1565780,01a0b1c2-7e57-7c11-8e57-000000000001,01a0d76c-a53d-76a2-8c24-b9305de133da,ACTIVE,-283712,-3390616,2308280,0,0,0,0,0.0000
1565782,01a0b1c2-7e57-7c11-8e57-000000000001,01a0d76c-a53d-76a2-8c24-b9355d75a8b0,ACTIVE,1250000,250000,-2165064,0,0,0,0,0.0000
1565782,01a0b1c2-7e57-7c11-8e57-000000000001,01a0d76c-a53d-76a2-8c24-b9305de133da,ACTIVE,-283712,-3390616,2308280,0,0,0,0,0.0000
1565784,01a0b1c2-7e57-7c11-8e57-000000000001,01a0d76c-a53d-76a2-8c24-b9355d75a8b0,ACTIVE,1250000,250000,-2165064,0,0,0,0,0.0000
1565784,01a0b1c2-7e57-7c11-8e57-000000000001,01a0d76c-a53d-76a2-8c24-b9305de133da,ACTIVE,-283712,-3390616,2308280,0,0,0,0,0.0000
1565786,01a0b1c2-7e57-7c11-8e57-000000000001,01a0d76c-a53d-76a2-8c24-b9355d75a8b0,ACTIVE,1250000,250000,-2165064,0,0,0,0,0.0000
1565786,01a0b1c2-7e57-7c11-8e57-000000000001,01a0d76c-a53d-76a2-8c24-b9305de133da,ACTIVE,-283712,-3390616,2308280,0,0,0,0,0.0000
1565788,01a0b1c2-7e57-7c11-8e57-000000000001,01a0d76c-a53d-76a2-8c24-b9355d75a8b0,ACTIVE,1250000,250000,-2165064,0,0,0,0,0.0000
1565788,01a0b1c2-7e57-7c11-8e57-000000000001,01a0d76c-a53d-76a2-8c24-b9305de133da,ACTIVE,-283712,-3390616,2308280,0,0,0,0,0.0000
1565790,01a0b1c2-7e57-7c11-8e57-000000000001,01a0d76c-a53d-76a2-8c24-b9355d75a8b0,ACTIVE,1250000,250000,-2165064,0,0,0,0,0.0000
1565790,01a0b1c2-7e57-7c11-8e57-000000000001,01a0d76c-a53d-76a2-8c24-b9305de133da,ACTIVE,-283712,-3390616,2308280,0,0,0,0,0.0000
1565792,01a0b1c2-7e57-7c11-8e57-000000000001,01a0d76c-a53d-76a2-8c24-b9355d75a8b0,ACTIVE,1250000,250000,-2165064,0,0,0,0,0.0000
1565792,01a0b1c2-7e57-7c11-8e57-000000000001,01a0d76c-a53d-76a2-8c24-b9305de133da,ACTIVE,-283712,-3390616,2308280,0,0,0,0,0.0000
1565794,01a0b1c2-7e57-7c11-8e57-000000000001,01a0d76c-a53d-76a2-8c24-b9355d75a8b0,ACTIVE,1250000,250000,-2165064,0,0,0,0,0.0000
1565794,01a0b1c2-7e57-7c11-8e57-000000000001,01a0d76c-a53d-76a2-8c24-b9305de133da,ACTIVE,-283712,-3390616,2308280,0,0,0,0,0.0000
1565796,01a0b1c2-7e57-7c11-8e57-000000000001,01a0d76c-a53d-76a2-8c24-b9355d75a8b0,ACTIVE,1250000,250000,-2165064,0,0,0,0,0.0000
1565796,01a0b1c2-7e57-7c11-8e57-000000000001,01a0d76c-a53d-76a2-8c24-b9305de133da,ACTIVE,-283712,-3390616,2308280,0,0,0,0,0.0000
1565798,01a0b1c2-7e57-7c11-8e57-000000000001,01a0d76c-a53d-76a2-8c24-b9355d75a8b0,ACTIVE,1250000,250000,-2165064,0,0,0,0,0.0000
1565798,01a0b1c2-7e57-7c11-8e57-000000000001,01a0d76c-a53d-76a2-8c24-b9305de133da,ACTIVE,-283712,-3390616,2308280,0,0,0,0,0.0000
1565800,01a0b1c2-7e57-7c11-8e57-000000000001,01a0d76c-a53d-76a2-8c24-b9355d75a8b0,ACTIVE,1250000,250000,-2165064,0,0,0,0,0.0000
1565800,01a0b1c2-7e57-7c11-8e57-000000000001,01a0d76c-a53d-76a2-8c24-b9305de133da,ACTIVE,-283712,-3390616,2308280,0,0,0,0,0.0000
1565802,01a0b1c2-7e57-7c11-8e57-000000000001,01a0d76c-a53d-76a2-8c24-b9355d75a8b0,ACTIVE,1250000,250000,-2165064,0,0,0,0,0.0000
1565802,01a0b1c2-7e57-7c11-8e57-000000000001,01a0d76c-a53d-76a2-8c24-b9305de133da,ACTIVE,-283712,-3390616,2308280,0,0,0,0,0.0000
1565804,01a0b1c2-7e57-7c11-8e57-000000000001,01a0d76c-a53d-76a2-8c24-b9355d75a8b0,ACTIVE,1250000,250000,-2165064,0,0,0,0,0.0000
1565804,01a0b1c2-7e57-7c11-8e57-000000000001,01a0d76c-a53d-76a2-8c24-b9305de133da,ACTIVE,-283712,-3390616,2308280,0,0,0,0,0.0000
1565806,01a0b1c2-7e57-7c11-8e57-000000000001,01a0d76c-a53d-76a2-8c24-b9355d75a8b0,ACTIVE,1250000,250000,-2165064,0,0,0,0,0.0000
1565806,01a0b1c2-7e57-7c11-8e57-000000000001,01a0d76c-a53d-76a2-8c24-b9305de133da,ACTIVE,-283712,-3390616,2308280,0,0,0,0,0.0000
1565808,01a0b1c2-7e57-7c11-8e57-000000000001,01a0d76c-a53d-76a2-8c24-b9355d75a8b0,ACTIVE,1250000,250000,-2165064,0,0,0,0,0.0000
1565808,01a0b1c2-7e57-7c11-8e57-000000000001,01a0d76c-a53d-76a2-8c24-b9305de133da,ACTIVE,-283712,-3390616,2308280,0,0,0,0,0.0000
1565810,01a0b1c2-7e57-7c11-8e57-000000000001,01a0d76c-a53d-76a2-8c24-b9355d75a8b0,ACTIVE,1250000,250000,-2165064,0,0,0,0,0.0000
1565810,01a0b1c2-7e57-7c11-8e57-000000000001,01a0d76c-a53d-76a2-8c24-b9305de133da,ACTIVE,-283712,-3390616,2308280,0,0,0,0,0.0000
1565812,01a0b1c2-7e57-7c11-8e57-000000000001,01a0d76c-a53d-76a2-8c24-b9355d75a8b0,ACTIVE,1250000,250000,-2165064,0,0,0,0,0.0000
1565812,01a0b1c2-7e57-7c11-8e57-000000000001,01a0d76c-a53d-76a2-8c24-b9305de133da,ACTIVE,-283712,-3390616,2308280,0,0,0,0,0.0000
1565814,01a0b1c2-7e57-7c11-8e57-000000000001,01a0d76c-a53d-76a2-8c24-b9355d75a8b0,ACTIVE,1250000,250000,-2165064,0,0,0,0,0.0000
1565816,01a0b1c2-7e57-7c11-8e57-000000000001,01a0d76c-a53d-76a2-8c24-b9355d75a8b0,ACTIVE,1250000,250000,-2165064,0,0,0,0,0.0000
1565818,01a0b1c2-7e57-7c11-8e57-000000000001,01a0d76c-a53d-76a2-8c24-b9355d75a8b0,ACTIVE,1250000,250000,-2165064,0,0,0,0,0.0000
1565820,01a0b1c2-7e57-7c11-8e57-000000000001,01a0d76c-a53d-76a2-8c24-b9355d75a8b0,ACTIVE,1250000,250000,-2165064,0,0,0,0,0.0000
1565822,01a0b1c2-7e57-7c11-8e57-000000000001,01a0d76c-a53d-76a2-8c24-b9355d75a8b0,ACTIVE,1250000,250000,-2165064,0,0,0,0,0.0000
1565824,01a0b1c2-7e57-7c11-8e57-000000000001,01a0d76c-a53d-76a2-8c24-b9355d75a8b0,ACTIVE,1250000,250000,-2165064,0,0,0,0,0.0000
1565826,01a0b1c2-7e57-7c11-8e57-000000000001,01a0d76c-a53d-76a2-8c24-b9355d75a8b0,ACTIVE,1250000,250000,-2165064,0,0,0,0,0.0000
1565828,01a0b1c2-7e57-7c11-8e57-000000000001,01a0d76c-a53d-76a2-8c24-b9355d75a8b0,ACTIVE,1250000,250000,-2165064,0,0,0,0,0.0000
1565830,01a0b1c2-7e57-7c11-8e57-000000000001,01a0d76c-a53d-76a2-8c24-b9355d75a8b0,ACTIVE,1250000,250000,-2165064,0,0,0,0,0.0000
1565830,01a0b1c2-7e57-7c11-8e57-000000000001,01a0d76c-a53d-76a2-8c24-b9305de133da,ACTIVE,-283712,-3390616,2308280,0,0,0,0,0.0001
1565832,01a0b1c2-7e57-7c11-8e57-000000000001,01a0d76c-a53d-76a2-8c24-b9355d75a8b0,ACTIVE,1250000,250000,-2165064,0,0,0,0,0.0000
1565832,01a0b1c2-7e57-7c11-8e57-000000000001,01a0d76c-a53d-76a2-8c24-b9305de133da,ACTIVE,-283712,-3390616,2308280,0,0,0,0,0.0000
1565834,01a0b1c2-7e57-7c11-8e57-000000000001,01a0d76c-a53d-76a2-8c24-b9355d75a8b0,ACTIVE,1250000,250000,-2165064,0,0,0,0,0.0000
1565834,01a0b1c2-7e57-7c11-8e57-000000000001,01a0d76c-a53d-76a2-8c24-b9305de133da,ACTIVE,-283712,-3390616,2308280,0,0,0,0,0.0000
1565836,01a0b1c2-7e57-7c11-8e57-000000000001,01a0d76c-a53d-76a2-8c24-b9355d75a8b0,ACTIVE,1250000,250000,-2165064,0,0,0,0,0.0000
1565836,01a0b1c2-7e57-7c11-8e57-000000000001,01a0d76c-a53d-76a2-8c24-b9305de133da,ACTIVE,-283712,-3390616,2308280,0,0,0,0,0.0000
1565838,01a0b1c2-7e57-7c11-8e57-000000000001,01a0d76c-a53d-76a2-8c24-b9355d75a8b0,ACTIVE,1250000,250000,-2165064,0,0,0,0,0.0000
1565838,01a0b1c2-7e57-7c11-8e57-000000000001,01a0d76c-a53d-76a2-8c24-b9305de133da,ACTIVE,-283712,-3390616,2308280,0,0,0,0,0.0000
1565840,01a0b1c2-7e57-7c11-8e57-000000000001,01a0d76c-a53d-76a2-8c24-b9355d75a8b0,ACTIVE,1250000,250000,-2165064,0,0,0,0,0.0000
1565840,01a0b1c2-7e57-7c11-8e57-000000000001,01a0d76c-a53d-76a2-8c24-b9305de133da,ACTIVE,-283712,-3390616,2308280,0,0,0,0,0.0000
1565842,01a0b1c2-7e57-7c11-8e57-000000000001,01a0d76c-a53d-76a2-8c24-b9355d75a8b0,ACTIVE,1250000,250000,-2165064,0,0,0,0,0.0000
1565842,01a0b1c2-7e57-7c11-8e57-000000000001,01a0d76c-a53d-76a2-8c24-b9305de133da,ACTIVE,-283712,-3390616,2308280,0,0,0,0,0.0000
1565844,01a0b1c2-7e57-7c11-8e57-000000000001,01a0d76c-a53d-76a2-8c24-b9355d75a8b0,ACTIVE,1250000,250000,-2165064,0,0,0,0,0.0000
1565844,01a0b1c2-7e57-7c11-8e57-000000000001,01a0d76c-a53d-76a2-8c24-b9305de133da,ACTIVE,-283712,-3390616,2308280,0,0,0,0,0.0000
1565846,01a0b1c2-7e57-7c11-8e57-000000000001,01a0d76c-a53d-76a2-8c24-b9355d75a8b0,ACTIVE,1250000,250000,-2165064,0,0,0,0,0.0000
1565846,01a0b1c2-7e57-7c11-8e57-000000000001,01a0d76c-a53d-76a2-8c24-b9305de133da,ACTIVE,-283712,-3390616,2308280,0,0,0,0,0.0000
1565848,01a0b1c2-7e57-7c11-8e57-000000000001,01a0d76c-a53d-76a2-8c24-b9355d75a8b0,ACTIVE,1250000,250000,-2165064,0,0,0,0,0.0000
1565850,01a0b1c2-7e57-7c11-8e57-000000000001,01a0d76c-a53d-76a2-8c24-b9355d75a8b0,ACTIVE,1250000,250000,-2165064,0,0,0,0,0.0000
1565852,01a0b1c2-7e57-7c11-8e57-000000000001,01a0d76c-a53d-76a2-8c24-b9355d75a8b0,ACTIVE,1250000,250000,-2165064,0,0,0,0,0.0000
1565854,01a0b1c2-7e57-7c11-8e57-000000000001,01a0d76c-a53d-76a2-8c24-b9355d75a8b0,ACTIVE,1250000,250000,-2165064,0,0,0,0,0.0000
1565856,01a0b1c2-7e57-7c11-8e57-000000000001,01a0d76c-a53d-76a2-8c24-b9355d75a8b0,ACTIVE,1250000,250000,-2165064,0,0,0,0,0.0000
1565858,01a0b1c2-7e57-7c11-8e57-000000000001,01a0d76c-a53d-76a2-8c24-b9355d75a8b0,ACTIVE,1250000,250000,-2165064,0,0,0,0,0.0000
1565860,01a0b1c2-7e57-7c11-8e57-000000000001,01a0d76c-a53d-76a2-8c24-b9355d75a8b0,ACTIVE,1250000,250000,-2165064,0,0,0,0,0.0000
1565862,01a0b1c2-7e57-7c11-8e57-000000000001,01a0d76c-a53d-76a2-8c24-b9355d75a8b0,ACTIVE,1250000,250000,-2165064,0,0,0,0,0.0000
1565864,01a0b1c2-7e57-7c11-8e57-000000000001,01a0d76c-a53d-76a2-8c24-b9355d75a8b0,ACTIVE,1250000,250000,-2165064,0,0,0,0,0.0000
1565866,01a0b1c2-7e57-7c11-8e57-000000000001,01a0d76c-a53d-76a2-8c24-b9355d75a8b0,ACTIVE,1250000,250000,-2165064,0,0,0,0,0.0000
1565868,01a0b1c2-7e57-7c11-8e57-000000000001,01a0d76c-a53d-76a2-8c24-b9355d75a8b0,ACTIVE,1250000,250000,-2165064,0,0,0,0,0.0000
1565870,01a0b1c2-7e57-7c11-8e57-000000000001,01a0d76c-a53d-76a2-8c24-b9355d75a8b0,ACTIVE,1250000,250000,-2165064,0,0,0,0,0.0000
1565870,01a0b1c2-7e57-7c11-8e57-000000000001,01a0d76c-a53d-76a2-8c24-b9305de133da,ACTIVE,-283712,-3390616,2308280,0,0,0,0,1.4359
1565872,01a0b1c2-7e57-7c11-8e57-000000000001,01a0d76c-a53d-76a2-8c24-b9355d75a8b0,ACTIVE,1250000,250000,-2165064,0,0,0,0,0.0000
1565872,01a0b1c2-7e57-7c11-8e57-000000000001,01a0d76c-a53d-76a2-8c24-b9305de133da,ACTIVE,-283712,-3390616,2308280,0,0,0,0,0.0000
1565874,01a0b1c2-7e57-7c11-8e57-000000000001,01a0d76c-a53d-76a2-8c24-b9355d75a8b0,ACTIVE,1250000,250000,-2165064,0,0,0,0,0.0000
1565874,01a0b1c2-7e57-7c11-8e57-000000000001,01a0d76c-a53d-76a2-8c24-b9305de133da,ACTIVE,-283712,-3390616,2308280,0,0,0,0,0.0000
1565876,01a0b1c2-7e57-7c11-8e57-000000000001,01a0d76c-a53d-76a2-8c24-b9355d75a8b0,ACTIVE,1250000,250000,-2165064,0,0,0,0,0.0000
1565876,01a0b1c2-7e57-7c11-8e57-000000000001,01a0d76c-a53d-76a2-8c24-b9305de133da,ACTIVE,-283712,-3390616,2308280,0,0,0,0,0.0000
1565878,01a0b1c2-7e57-7c11-8e57-000000000001,01a0d76c-a53d-76a2-8c24-b9355d75a8b0,ACTIVE,1250000,250000,-2165064,0,0,0,0,0.0000
1565878,01a0b1c2-7e57-7c11-8e57-000000000001,01a0d76c-a53d-76a2-8c24-b9305de133da,ACTIVE,-283712,-3390616,2308280,0,0,0,0,0.0000
1565880,01a0b1c2-7e57-7c11-8e57-000000000001,01a0d76c-a53d-76a2-8c24-b9355d75a8b0,ACTIVE,1250000,250000,-2165064,0,0,0,0,0.0000
1565880,01a0b1c2-7e57-7c11-8e57-000000000001,01a0d76c-a53d-76a2-8c24-b9305de133da,ACTIVE,-283712,-3390616,2308280,0,0,0,0,0.0000
1565882,01a0b1c2-7e57-7c11-8e57-000000000001,01a0d76c-a53d-76a2-8c24-b9355d75a8b0,ACTIVE,1250000,250000,-2165064,0,0,0,0,0.0000
1565882,01a0b1c2-7e57-7c11-8e57-000000000001,01a0d76c-a53d-76a2-8c24-b9305de133da,ACTIVE,-283712,-3390616,2308280,0,0,0,0,0.0000
1565884,01a0b1c2-7e57-7c11-8e57-000000000001,01a0d76c-a53d-76a2-8c24-b9355d75a8b0,ACTIVE,1250000,250000,-2165064,0,0,0,0,0.0000
1565884,01a0b1c2-7e57-7c11-8e57-000000000001,01a0d76c-a53d-76a2-8c24-b9305de133da,ACTIVE,-283712,-3390616,2308280,0,0,0,0,0.0000
1565886,01a0b1c2-7e57-7c11-8e57-000000000001,01a0d76c-a53d-76a2-8c24-b9355d75a8b0,ACTIVE,1250000,250000,-2165064,0,0,0,0,0.0000
1565886,01a0b1c2-7e57-7c11-8e57-000000000001,01a0d76c-a53d-76a2-8c24-b9305de133da,ACTIVE,-283712,-3390616,2308280,0,0,0,0,0.0000
1565888,01a0b1c2-7e57-7c11-8e57-000000000001,01a0d76c-a53d-76a2-8c24-b9355d75a8b0,ACTIVE,1250000,250000,-2165064,0,0,0,0,0.0000
1565888,01a0b1c2-7e57-7c11-8e57-000000000001,01a0d76c-a53d-76a2-8c24-b9305de133da,ACTIVE,-283712,-3390616,2308280,0,0,0,0,0.0000
1565890,01a0b1c2-7e57-7c11-8e57-000000000001,01a0d76c-a53d-76a2-8c24-b9355d75a8b0,ACTIVE,1250000,250000,-2165064,0,0,0,0,0.0000
1565890,01a0b1c2-7e57-7c11-8e57-000000000001,01a0d76c-a53d-76a2-8c24-b9305de133da,ACTIVE,-283712,-3390616,2308280,0,0,0,0,0.0000
1565892,01a0b1c2-7e57-7c11-8e57-000000000001,01a0d76c-a53d-76a2-8c24-b9355d75a8b0,ACTIVE,1250000,250000,-2165064,0,0,0,0,0.0000
1565892,01a0b1c2-7e57-7c11-8e57-000000000001,01a0d76c-a53d-76a2-8c24-b9305de133da,ACTIVE,-283712,-3390616,2308280,0,0,0,0,0.0000
1565894,01a0b1c2-7e57-7c11-8e57-000000000001,01a0d76c-a53d-76a2-8c24-b9355d75a8b0,ACTIVE,1250000,250000,-2165064,0,0,0,0,0.0000
1565894,01a0b1c2-7e57-7c11-8e57-000000000001,01a0d76c-a53d-76a2-8c24-b9305de133da,ACTIVE,-283712,-3390616,2308280,0,0,0,0,0.0000
1565896,01a0b1c2-7e57-7c11-8e57-000000000001,01a0d76c-a53d-76a2-8c24-b9355d75a8b0,ACTIVE,1250000,250000,-2165064,0,0,0,0,0.0000
1565896,01a0b1c2-7e57-7c11-8e57-000000000001,01a0d76c-a53d-76a2-8c24-b9305de133da,ACTIVE,-283712,-3390616,2308280,0,0,0,0,0.0000
1565898,01a0b1c2-7e57-7c11-8e57-000000000001,01a0d76c-a53d-76a2-8c24-b9355d75a8b0,ACTIVE,1250000,250000,-2165064,0,0,0,0,0.0000
1565898,01a0b1c2-7e57-7c11-8e57-000000000001,01a0d76c-a53d-76a2-8c24-b9305de133da,ACTIVE,-283712,-3390616,2308280,0,0,0,0,0.0000
1565900,01a0b1c2-7e57-7c11-8e57-000000000001,01a0d76c-a53d-76a2-8c24-b9355d75a8b0,ACTIVE,1250000,250000,-2165064,0,0,0,0,0.0000
1565902,01a0b1c2-7e57-7c11-8e57-000000000001,01a0d76c-a53d-76a2-8c24-b9355d75a8b0,ACTIVE,1250000,250000,-2165064,0,0,0,0,0.0000
1565904,01a0b1c2-7e57-7c11-8e57-000000000001,01a0d76c-a53d-76a2-8c24-b9355d75a8b0,ACTIVE,1250000,250000,-2165064,0,0,0,0,0.0000
1565906,01a0b1c2-7e57-7c11-8e57-000000000001,01a0d76c-a53d-76a2-8c24-b9355d75a8b0,ACTIVE,1250000,250000,-2165064,0,0,0,0,0.0000
1565908,01a0b1c2-7e57-7c11-8e57-000000000001,01a0d76c-a53d-76a2-8c24-b9355d75a8b0,ACTIVE,1250000,250000,-2165064,0,0,0,0,0.0000
1565910,01a0b1c2-7e57-7c11-8e57-000000000001,01a0d76c-a53d-76a2-8c24-b9355d75a8b0,ACTIVE,1250000,250000,-2165064,0,0,0,0,0.0000
1565912,01a0b1c2-7e57-7c11-8e57-000000000001,01a0d76c-a53d-76a2-8c24-b9355d75a8b0,ACTIVE,1250000,250000,-2165064,0,0,0,0,0.0000
1565914,01a0b1c2-7e57-7c11-8e57-000000000001,01a0d76c-a53d-76a2-8c24-b9355d75a8b0,ACTIVE,1250000,250000,-2165064,0,0,0,0,0.0000
1565916,01a0b1c2-7e57-7c11-8e57-000000000001,01a0d76c-a53d-76a2-8c24-b9355d75a8b0,ACTIVE,1250000,250000,-2165064,0,0,0,0,0.0000
1565918,01a0b1c2-7e57-7c11-8e57-000000000001,01a0d76c-a53d-76a2-8c24-b9355d75a8b0,ACTIVE,1250000,250000,-2165064,0,0,0,0,0.0000
1565920,01a0b1c2-7e57-7c11-8e57-000000000001,01a0d76c-a53d-76a2-8c24-b9355d75a8b0,ACTIVE,1250000,250000,-2165064,0,0,0,0,0.0000
1565922,01a0b1c2-7e57-7c11-8e57-000000000001,01a0d76c-a53d-76a2-8c24-b9355d75a8b0,ACTIVE,1250000,250000,-2165064,0,0,0,0,0.0000
1565924,01a0b1c2-7e57-7c11-8e57-000000000001,01a0d76c-a53d-76a2-8c24-b9355d75a8b0,ACTIVE,1250000,250000,-2165064,0,0,0,0,0.0000
1565924,01a0b1c2-7e57-7c11-8e57-000000000001,01a0d76c-a53d-76a2-8c24-b9305de133da,ACTIVE,-283712,-3390616,2308280,0,0,0,0,0.5749
1565926,01a0b1c2-7e57-7c11-8e57-000000000001,01a0d76c-a53d-76a2-8c24-b9355d75a8b0,ACTIVE,1250000,250000,-2165064,0,0,0,0,0.0000
1565926,01a0b1c2-7e57-7c11-8e57-000000000001,01a0d76c-a53d-76a2-8c24-b9305de133da,ACTIVE,-283712,-3390616,2308280,0,0,0,0,0.0000
1565928,01a0b1c2-7e57-7c11-8e57-000000000001,01a0d76c-a53d-76a2-8c24-b9355d75a8b0,ACTIVE,1250000,250000,-2165064,0,0,0,0,0.0000
1565928,01a0b1c2-7e57-7c11-8e57-000000000001,01a0d76c-a53d-76a2-8c24-b9305de133da,ACTIVE,-283712,-3390616,2308280,0,0,0,0,0.0000
1565930,01a0b1c2-7e57-7c11-8e57-000000000001,01a0d76c-a53d-76a2-8c24-b9355d75a8b0,ACTIVE,1250000,250000,-2165064,0,0,0,0,0.0000
1565930,01a0b1c2-7e57-7c11-8e57-000000000001,01a0d76c-a53d-76a2-8c24-b9305de133da,ACTIVE,-283712,-3390616,2308280,0,0,0,0,0.0000
1565932,01a0b1c2-7e57-7c11-8e57-000000000001,01a0d76c-a53d-76a2-8c24-b9355d75a8b0,ACTIVE,1250000,250000,-2165064,0,0,0,0,0.0000
1565934,01a0b1c2-7e57-7c11-8e57-000000000001,01a0d76c-a53d-76a2-8c24-b9355d75a8b0,ACTIVE,1250000,250000,-2165064,0,0,0,0,0.0000
1565936,01a0b1c2-7e57-7c11-8e57-000000000001,01a0d76c-a53d-76a2-8c24-b9355d75a8b0,ACTIVE,1250000,250000,-2165064,0,0,0,0,0.0000
1565938,01a0b1c2-7e57-7c11-8e57-000000000001,01a0d76c-a53d-76a2-8c24-b9355d75a8b0,ACTIVE,1250000,250000,-2165064,0,0,0,0,0.0000
1565940,01a0b1c2-7e57-7c11-8e57-000000000001,01a0d76c-a53d-76a2-8c24-b9355d75a8b0,ACTIVE,1250000,250000,-2165064,0,0,0,0,0.0000
1565942,01a0b1c2-7e57-7c11-8e57-000000000001,01a0d76c-a53d-76a2-8c24-b9355d75a8b0,ACTIVE,1250000,250000,-2165064,0,0,0,0,0.0000
1565944,01a0b1c2-7e57-7c11-8e57-000000000001,01a0d76c-a53d-76a2-8c24-b9355d75a8b0,ACTIVE,1250000,250000,-2165064,0,0,0,0,0.0000
1565946,01a0b1c2-7e57-7c11-8e57-000000000001,01a0d76c-a53d-76a2-8c24-b9355d75a8b0,ACTIVE,1250000,250000,-2165064,0,0,0,0,0.0000
1565948,01a0b1c2-7e57-7c11-8e57-000000000001,01a0d76c-a53d-76a2-8c24-b9355d75a8b0,ACTIVE,1250000,250000,-2165064,0,0,0,0,0.0000
1565950,01a0b1c2-7e57-7c11-8e57-000000000001,01a0d76c-a53d-76a2-8c24-b9355d75a8b0,ACTIVE,1250000,250000,-2165064,0,0,0,0,0.0000
1565952,01a0b1c2-7e57-7c11-8e57-000000000001,01a0d76c-a53d-76a2-8c24-b9355d75a8b0,ACTIVE,1250000,250000,-2165064,0,0,0,0,0.0000
1565954,01a0b1c2-7e57-7c11-8e57-000000000001,01a0d76c-a53d-76a2-8c24-b9355d75a8b0,ACTIVE,1250000,250000,-2165064,0,0,0,0,0.0000
1565954,01a0b1c2-7e57-7c11-8e57-000000000001,01a0d76c-a53d-76a2-8c24-b9305de133da,ACTIVE,-283712,-3390616,2308280,0,0,0,0,0.9280
1565956,01a0b1c2-7e57-7c11-8e57-000000000001,01a0d76c-a53d-76a2-8c24-b9355d75a8b0,ACTIVE,1250000,250000,-2165064,0,0,0,0,0.0000
1565956,01a0b1c2-7e57-7c11-8e57-000000000001,01a0d76c-a53d-76a2-8c24-b9305de133da,ACTIVE,-283712,-3390616,2308280,0,0,0,0,0.0000
1565958,01a0b1c2-7e57-7c11-8e57-000000000001,01a0d76c-a53d-76a2-8c24-b9355d75a8b0,ACTIVE,1250000,250000,-2165064,0,0,0,0,0.0000
1565958,01a0b1c2-7e57-7c11-8e57-000000000001,01a0d76c-a53d-76a2-8c24-b9305de133da,ACTIVE,-283712,-3390616,2308280,0,0,0,0,0.0000
1565960,01a0b1c2-7e57-7c11-8e57-000000000001,01a0d76c-a53d-76a2-8c24-b9355d75a8b0,ACTIVE,1250000,250000,-2165064,0,0,0,0,0.0000
1565960,01a0b1c2-7e57-7c11-8e57-000000000001,01a0d76c-a53d-76a2-8c24-b9305de133da,ACTIVE,-283712,-3390616,2308280,0,0,0,0,0.0000
1565962,01a0b1c2-7e57-7c11-8e57-000000000001,01a0d76c-a53d-76a2-8c24-b9355d75a8b0,ACTIVE,1250000,250000,-2165064,0,0,0,0,0.0000
1565962,01a0b1c2-7e57-7c11-8e57-000000000001,01a0d76c-a53d-76a2-8c24-b9305de133da,ACTIVE,-283712,-3390616,2308280,0,0,0,0,0.0000
1565964,01a0b1c2-7e57-7c11-8e57-000000000001,01a0d76c-a53d-76a2-8c24-b9355d75a8b0,ACTIVE,1250000,250000,-2165064,0,0,0,0,0.0000
1565964,01a0b1c2-7e57-7c11-8e57-000000000001,01a0d76c-a53d-76a2-8c24-b9305de133da,ACTIVE,-283712,-3390616,2308280,0,0,0,0,0.0000
1565966,01a0b1c2-7e57-7c11-8e57-000000000001,01a0d76c-a53d-76a2-8c24-b9355d75a8b0,ACTIVE,1250000,250000,-2165064,0,0,0,0,0.0000
1565966,01a0b1c2-7e57-7c11-8e57-000000000001,01a0d76c-a53d-76a2-8c24-b9305de133da,ACTIVE,-283712,-3390616,2308280,0,0,0,0,0.0000
1565968,01a0b1c2-7e57-7c11-8e57-000000000001,01a0d76c-a53d-76a2-8c24-b9355d75a8b0,ACTIVE,1250000,250000,-2165064,0,0,0,0,0.0000
1565968,01a0b1c2-7e57-7c11-8e57-000000000001,01a0d76c-a53d-76a2-8c24-b9305de133da,ACTIVE,-283712,-3390616,2308280,0,0,0,0,0.0000
1565970,01a0b1c2-7e57-7c11-8e57-000000000001,01a0d76c-a53d-76a2-8c24-b9355d75a8b0,ACTIVE,1250000,250000,-2165064,0,0,0,0,0.0000
1565970,01a0b1c2-7e57-7c11-8e57-000000000001,01a0d76c-a53d-76a2-8c24-b9305de133da,ACTIVE,-283712,-3390616,2308280,0,0,0,0,0.0000
1565972,01a0b1c2-7e57-7c11-8e57-000000000001,01a0d76c-a53d-76a2-8c24-b9355d75a8b0,ACTIVE,1250000,250000,-2165064,0,0,0,0,0.0000
1565972,01a0b1c2-7e57-7c11-8e57-000000000001,01a0d76c-a53d-76a2-8c24-b9305de133da,ACTIVE,-283712,-3390616,2308280,0,0,0,0,0.0000
1565974,01a0b1c2-7e57-7c11-8e57-000000000001,01a0d76c-a53d-76a2-8c24-b9355d75a8b0,ACTIVE,1250000,250000,-2165064,0,0,0,0,0.0000
1565974,01a0b1c2-7e57-7c11-8e57-000000000001,01a0d76c-a53d-76a2-8c24-b9305de133da,ACTIVE,-283712,-3390616,2308280,0,0,0,0,0.0000
1565976,01a0b1c2-7e57-7c11-8e57-000000000001,01a0d76c-a53d-76a2-8c24-b9355d75a8b0,ACTIVE,1250000,250000,-2165064,0,0,0,0,0.0000
1565976,01a0b1c2-7e57-7c11-8e57-000000000001,01a0d76c-a53d-76a2-8c24-b9305de133da,ACTIVE,-283712,-3390616,2308280,0,0,0,0,0.0000
1565978,01a0b1c2-7e57-7c11-8e57-000000000001,01a0d76c-a53d-76a2-8c24-b9355d75a8b0,ACTIVE,1250000,250000,-2165064,0,0,0,0,0.0000
1565978,01a0b1c2-7e57-7c11-8e57-000000000001,01a0d76c-a53d-76a2-8c24-b9305de133da,ACTIVE,-283712,-3390616,2308280,0,0,0,0,0.0000
1565980,01a0b1c2-7e57-7c11-8e57-000000000001,01a0d76c-a53d-76a2-8c24-b9355d75a8b0,ACTIVE,1250000,250000,-2165064,0,0,0,0,0.0000
1565980,01a0b1c2-7e57-7c11-8e57-000000000001,01a0d76c-a53d-76a2-8c24-b9305de133da,ACTIVE,-283712,-3390616,2308280,0,0,0,0,0.0000
1565982,01a0b1c2-7e57-7c11-8e57-000000000001,01a0d76c-a53d-76a2-8c24-b9355d75a8b0,ACTIVE,1250000,250000,-2165064,0,0,0,0,0.0000
1565982,01a0b1c2-7e57-7c11-8e57-000000000001,01a0d76c-a53d-76a2-8c24-b9305de133da,ACTIVE,-283712,-3390616,2308280,0,0,0,0,0.0000
1565984,01a0b1c2-7e57-7c11-8e57-000000000001,01a0d76c-a53d-76a2-8c24-b9355d75a8b0,ACTIVE,1250000,250000,-2165064,0,0,0,0,0.0000
1565984,01a0b1c2-7e57-7c11-8e57-000000000001,01a0d76c-a53d-76a2-8c24-b9305de133da,ACTIVE,-283712,-3390616,2308280,0,0,0,0,0.0000
1565986,01a0b1c2-7e57-7c11-8e57-000000000001,01a0d76c-a53d-76a2-8c24-b9355d75a8b0,ACTIVE,1250000,250000,-2165064,0,0,0,0,0.0000
1565986,01a0b1c2-7e57-7c11-8e57-000000000001,01a0d76c-a53d-76a2-8c24-b9305de133da,ACTIVE,-283712,-3390616,2308280,0,0,0,0,0.0000
1565988,01a0b1c2-7e57-7c11-8e57-000000000001,01a0d76c-a53d-76a2-8c24-b9355d75a8b0,ACTIVE,1250000,250000,-2165064,0,0,0,0,0.0000
1565988,01a0b1c2-7e57-7c11-8e57-000000000001,01a0d76c-a53d-76a2-8c24-b9305de133da,ACTIVE,-283712,-3390616,2308280,0,0,0,0,0.0000
1565990,01a0b1c2-7e57-7c11-8e57-000000000001,01a0d76c-a53d-76a2-8c24-b9355d75a8b0,ACTIVE,1250000,250000,-2165064,0,0,0,0,0.0000
1565990,01a0b1c2-7e57-7c11-8e57-000000000001,01a0d76c-a53d-76a2-8c24-b9305de133da,ACTIVE,-283712,-3390616,2308280,0,0,0,0,0.0000
1565992,01a0b1c2-7e57-7c11-8e57-000000000001,01a0d76c-a53d-76a2-8c24-b9355d75a8b0,ACTIVE,1250000,250000,-2165064,0,0,0,0,0.0000
1565992,01a0b1c2-7e57-7c11-8e57-000000000001,01a0d76c-a53d-76a2-8c24-b9305de133da,ACTIVE,-283712,-3390616,2308280,0,0,0,0,0.0000
1565994,01a0b1c2-7e57-7c11-8e57-000000000001,01a0d76c-a53d-76a2-8c24-b9355d75a8b0,ACTIVE,1250000,250000,-2165064,0,0,0,0,0.0000
1565994,01a0b1c2-7e57-7c11-8e57-000000000001,01a0d76c-a53d-76a2-8c24-b9305de133da,ACTIVE,-283712,-3390616,2308280,0,0,0,0,0.0000
1565996,01a0b1c2-7e57-7c11-8e57-000000000001,01a0d76c-a53d-76a2-8c24-b9355d75a8b0,ACTIVE,1250000,250000,-2165064,0,0,0,0,0.0000
1565996,01a0b1c2-7e57-7c11-8e57-000000000001,01a0d76c-a53d-76a2-8c24-b9305de133da,ACTIVE,-283712,-3390616,2308280,0,0,0,0,0.0000
1565998,01a0b1c2-7e57-7c11-8e57-000000000001,01a0d76c-a53d-76a2-8c24-b9355d75a8b0,ACTIVE,1250000,250000,-2165064,0,0,0,0,0.0000
1565998,01a0b1c2-7e57-7c11-8e57-000000000001,01a0d76c-a53d-76a2-8c24-b9305de133da,ACTIVE,-283712,-3390616,2308280,0,0,0,0,0.0000
1566000,01a0b1c2-7e57-7c11-8e57-000000000001,01a0d76c-a53d-76a2-8c24-b9355d75a8b0,ACTIVE,1250000,250000,-2165064,0,0,0,0,0.0000
1566000,01a0b1c2-7e57-7c11-8e57-000000000001,01a0d76c-a53d-76a2-8c24-b9305de133da,ACTIVE,-283712,-3390616,2308280,0,0,0,0,0.0000
1566002,01a0b1c2-7e57-7c11-8e57-000000000001,01a0d76c-a53d-76a2-8c24-b9355d75a8b0,ACTIVE,1250000,250000,-2165064,0,0,0,0,0.0000
1566002,01a0b1c2-7e57-7c11-8e57-000000000001,01a0d76c-a53d-76a2-8c24-b9305de133da,ACTIVE,-283712,-3390616,2308280,0,0,0,0,0.0000
1566004,01a0b1c2-7e57-7c11-8e57-000000000001,01a0d76c-a53d-76a2-8c24-b9355d75a8b0,ACTIVE,1250000,250000,-2165064,0,0,0,0,0.0000
1566004,01a0b1c2-7e57-7c11-8e57-000000000001,01a0d76c-a53d-76a2-8c24-b9305de133da,ACTIVE,-283712,-3390616,2308280,0,0,0,0,0.0000
1566006,01a0b1c2-7e57-7c11-8e57-000000000001,01a0d76c-a53d-76a2-8c24-b9355d75a8b0,ACTIVE,1250000,250000,-2165064,0,0,0,0,0.0000
1566006,01a0b1c2-7e57-7c11-8e57-000000000001,01a0d76c-a53d-76a2-8c24-b9305de133da,ACTIVE,-283712,-3390616,2308280,0,0,0,0,0.0000
1566008,01a0b1c2-7e57-7c11-8e57-000000000001,01a0d76c-a53d-76a2-8c24-b9355d75a8b0,ACTIVE,1250000,250000,-2165064,0,0,0,0,0.0000
1566008,01a0b1c2-7e57-7c11-8e57-000000000001,01a0d76c-a53d-76a2-8c24-b9305de133da,ACTIVE,-283712,-3390616,2308280,0,0,0,0,0.0000
1566010,01a0b1c2-7e57-7c11-8e57-000000000001,01a0d76c-a53d-76a2-8c24-b9355d75a8b0,ACTIVE,1250000,250000,-2165064,0,0,0,0,0.0000
1566010,01a0b1c2-7e57-7c11-8e57-000000000001,01a0d76c-a53d-76a2-8c24-b9305de133da,ACTIVE,-283712,-3390616,2308280,0,0,0,0,0.0000
1566012,01a0b1c2-7e57-7c11-8e57-000000000001,01a0d76c-a53d-76a2-8c24-b9355d75a8b0,ACTIVE,1250000,250000,-2165064,0,0,0,0,0.0000
1566012,01a0b1c2-7e57-7c11-8e57-000000000001,01a0d76c-a53d-76a2-8c24-b9305de133da,ACTIVE,-283712,-3390616,2308280,0,0,0,0,0.0000
1566014,01a0b1c2-7e57-7c11-8e57-000000000001,01a0d76c-a53d-76a2-8c24-b9355d75a8b0,ACTIVE,1250000,250000,-2165064,0,0,0,0,0.0000
1566014,01a0b1c2-7e57-7c11-8e57-000000000001,01a0d76c-a53d-76a2-8c24-b9305de133da,ACTIVE,-283712,-3390616,2308280,0,0,0,0,0.0000
1566016,01a0b1c2-7e57-7c11-8e57-000000000001,01a0d76c-a53d-76a2-8c24-b9355d75a8b0,ACTIVE,1250000,250000,-2165064,0,0,0,0,0.0000
1566016,01a0b1c2-7e57-7c11-8e57-000000000001,01a0d76c-a53d-76a2-8c24-b9305de133da,ACTIVE,-283712,-3390616,2308280,0,0,0,0,0.0000
1566018,01a0b1c2-7e57-7c11-8e57-000000000001,01a0d76c-a53d-76a2-8c24-b9355d75a8b0,ACTIVE,1250000,250000,-2165064,0,0,0,0,0.0000
1566018,01a0b1c2-7e57-7c11-8e57-000000000001,01a0d76c-a53d-76a2-8c24-b9305de133da,ACTIVE,-283712,-3390616,2308280,0,0,0,0,0.0000
1566020,01a0b1c2-7e57-7c11-8e57-000000000001,01a0d76c-a53d-76a2-8c24-b9355d75a8b0,ACTIVE,1250000,250000,-2165064,0,0,0,0,0.0000
1566020,01a0b1c2-7e57-7c11-8e57-000000000001,01a0d76c-a53d-76a2-8c24-b9305de133da,ACTIVE,-283712,-3390616,2308280,0,0,0,0,0.0000
1566022,01a0b1c2-7e57-7c11-8e57-000000000001,01a0d76c-a53d-76a2-8c24-b9355d75a8b0,ACTIVE,1250000,250000,-2165064,0,0,0,0,0.0000
1566022,01a0b1c2-7e57-7c11-8e57-000000000001,01a0d76c-a53d-76a2-8c24-b9305de133da,ACTIVE,-283712,-3390616,2308280,0,0,0,0,0.0000
1566024,01a0b1c2-7e57-7c11-8e57-000000000001,01a0d76c-a53d-76a2-8c24-b9355d75a8b0,ACTIVE,1250000,250000,-2165064,0,0,0,0,0.0000
1566024,01a0b1c2-7e57-7c11-8e57-000000000001,01a0d76c-a53d-76a2-8c24-b9305de133da,ACTIVE,-283712,-3390616,2308280,0,0,0,0,0.0000
1566026,01a0b1c2-7e57-7c11-8e57-000000000001,01a0d76c-a53d-76a2-8c24-b9355d75a8b0,ACTIVE,1250000,250000,-2165064,0,0,0,0,0.0000
1566026,01a0b1c2-7e57-7c11-8e57-000000000001,01a0d76c-a53d-76a2-8c24-b9305de133da,ACTIVE,-283712,-3390616,2308280,0,0,0,0,0.0000
1566028,01a0b1c2-7e57-7c11-8e57-000000000001,01a0d76c-a53d-76a2-8c24-b9355d75a8b0,ACTIVE,1250000,250000,-2165064,0,0,0,0,0.0000
1566028,01a0b1c2-7e57-7c11-8e57-000000000001,01a0d76c-a53d-76a2-8c24-b9305de133da,ACTIVE,-283712,-3390616,2308280,0,0,0,0,0.0000
1566030,01a0b1c2-7e57-7c11-8e57-000000000001,01a0d76c-a53d-76a2-8c24-b9355d75a8b0,ACTIVE,1250000,250000,-2165064,0,0,0,0,0.0000
1566030,01a0b1c2-7e57-7c11-8e57-000000000001,01a0d76c-a53d-76a2-8c24-b9305de133da,ACTIVE,-283712,-3390616,2308280,0,0,0,0,0.0000
1566032,01a0b1c2-7e57-7c11-8e57-000000000001,01a0d76c-a53d-76a2-8c24-b9355d75a8b0,ACTIVE,1250000,250000,-2165064,0,0,0,0,0.0000
1566032,01a0b1c2-7e57-7c11-8e57-000000000001,01a0d76c-a53d-76a2-8c24-b9305de133da,ACTIVE,-283712,-3390616,2308280,0,0,0,0,0.0000
1566034,01a0b1c2-7e57-7c11-8e57-000000000001,01a0d76c-a53d-76a2-8c24-b9355d75a8b0,ACTIVE,1250000,250000,-2165064,0,0,0,0,0.0000
1566034,01a0b1c2-7e57-7c11-8e57-000000000001,01a0d76c-a53d-76a2-8c24-b9305de133da,ACTIVE,-283712,-3390616,2308280,0,0,0,0,0.0000
1566036,01a0b1c2-7e57-7c11-8e57-000000000001,01a0d76c-a53d-76a2-8c24-b9355d75a8b0,ACTIVE,1250000,250000,-2165064,0,0,0,0,0.0000
1566036,01a0b1c2-7e57-7c11-8e57-000000000001,01a0d76c-a53d-76a2-8c24-b9305de133da,ACTIVE,-283712,-3390616,2308280,0,0,0,0,0.0000
1566038,01a0b1c2-7e57-7c11-8e57-000000000001,01a0d76c-a53d-76a2-8c24-b9355d75a8b0,ACTIVE,1250000,250000,-2165064,0,0,0,0,0.0000
1566038,01a0b1c2-7e57-7c11-8e57-000000000001,01a0d76c-a53d-76a2-8c24-b9305de133da,ACTIVE,-283712,-3390616,2308280,0,0,0,0,0.0000
1566040,01a0b1c2-7e57-7c11-8e57-000000000001,01a0d76c-a53d-76a2-8c24-b9355d75a8b0,ACTIVE,1250000,250000,-2165064,0,0,0,0,0.0000
1566040,01a0b1c2-7e57-7c11-8e57-000000000001,01a0d76c-a53d-76a2-8c24-b9305de133da,ACTIVE,-283712,-3390616,2308280,0,0,0,0,0.0000
1566042,01a0b1c2-7e57-7c11-8e57-000000000001,01a0d76c-a53d-76a2-8c24-b9355d75a8b0,ACTIVE,1250000,250000,-2165064,0,0,0,0,0.0000
1566042,01a0b1c2-7e57-7c11-8e57-000000000001,01a0d76c-a53d-76a2-8c24-b9305de133da,ACTIVE,-283712,-3390616,2308280,0,0,0,0,0.0000
1566044,01a0b1c2-7e57-7c11-8e57-000000000001,01a0d76c-a53d-76a2-8c24-b9355d75a8b0,ACTIVE,1250000,250000,-2165064,0,0,0,0,0.0000
1566044,01a0b1c2-7e57-7c11-8e57-000000000001,01a0d76c-a53d-76a2-8c24-b9305de133da,ACTIVE,-283712,-3390616,2308280,0,0,0,0,0.0000
1566046,01a0b1c2-7e57-7c11-8e57-000000000001,01a0d76c-a53d-76a2-8c24-b9355d75a8b0,ACTIVE,1250000,250000,-2165064,0,0,0,0,0.0000
1566046,01a0b1c2-7e57-7c11-8e57-000000000001,01a0d76c-a53d-76a2-8c24-b9305de133da,ACTIVE,-283712,-3390616,2308280,0,0,0,0,0.0000
1566048,01a0b1c2-7e57-7c11-8e57-000000000001,01a0d76c-a53d-76a2-8c24-b9355d75a8b0,ACTIVE,1250000,250000,-2165064,0,0,0,0,0.0000
1566048,01a0b1c2-7e57-7c11-8e57-000000000001,01a0d76c-a53d-76a2-8c24-b9305de133da,ACTIVE,-283712,-3390616,2308280,0,0,0,0,0.0000
1566050,01a0b1c2-7e57-7c11-8e57-000000000001,01a0d76c-a53d-76a2-8c24-b9355d75a8b0,ACTIVE,1250000,250000,-2165064,0,0,0,0,0.0000
1566050,01a0b1c2-7e57-7c11-8e57-000000000001,01a0d76c-a53d-76a2-8c24-b9305de133da,ACTIVE,-283712,-3390616,2308280,0,0,0,0,0.0000
1566052,01a0b1c2-7e57-7c11-8e57-000000000001,01a0d76c-a53d-76a2-8c24-b9355d75a8b0,ACTIVE,1250000,250000,-2165064,0,0,0,0,0.0000
1566052,01a0b1c2-7e57-7c11-8e57-000000000001,01a0d76c-a53d-76a2-8c24-b9305de133da,ACTIVE,-283712,-3390616,2308280,0,0,0,0,0.0000
1566054,01a0b1c2-7e57-7c11-8e57-000000000001,01a0d76c-a53d-76a2-8c24-b9355d75a8b0,ACTIVE,1250000,250000,-2165064,0,0,0,0,0.0000
1566054,01a0b1c2-7e57-7c11-8e57-000000000001,01a0d76c-a53d-76a2-8c24-b9305de133da,ACTIVE,-283712,-3390616,2308280,0,0,0,0,0.0000
1566056,01a0b1c2-7e57-7c11-8e57-000000000001,01a0d76c-a53d-76a2-8c24-b9355d75a8b0,ACTIVE,1250000,250000,-2165064,0,0,0,0,0.0000
1566056,01a0b1c2-7e57-7c11-8e57-000000000001,01a0d76c-a53d-76a2-8c24-b9305de133da,ACTIVE,-283712,-3390616,2308280,0,0,0,0,0.0000
1566058,01a0b1c2-7e57-7c11-8e57-000000000001,01a0d76c-a53d-76a2-8c24-b9355d75a8b0,ACTIVE,1250000,250000,-2165064,0,0,0,0,0.0000
1566058,01a0b1c2-7e57-7c11-8e57-000000000001,01a0d76c-a53d-76a2-8c24-b9305de133da,ACTIVE,-283712,-3390616,2308280,0,0,0,0,0.0000
1566060,01a0b1c2-7e57-7c11-8e57-000000000001,01a0d76c-a53d-76a2-8c24-b9355d75a8b0,ACTIVE,1250000,250000,-2165064,0,0,0,0,0.0000
1566060,01a0b1c2-7e57-7c11-8e57-000000000001,01a0d76c-a53d-76a2-8c24-b9305de133da,ACTIVE,-283712,-3390616,2308280,0,0,0,0,0.0000
1566062,01a0b1c2-7e57-7c11-8e57-000000000001,01a0d76c-a53d-76a2-8c24-b9355d75a8b0,ACTIVE,1250000,250000,-2165064,0,0,0,0,0.0000
1566062,01a0b1c2-7e57-7c11-8e57-000000000001,01a0d76c-a53d-76a2-8c24-b9305de133da,ACTIVE,-283712,-3390616,2308280,0,0,0,0,0.0000
1566064,01a0b1c2-7e57-7c11-8e57-000000000001,01a0d76c-a53d-76a2-8c24-b9355d75a8b0,ACTIVE,1250000,250000,-2165064,0,0,0,0,0.0000
1566064,01a0b1c2-7e57-7c11-8e57-000000000001,01a0d76c-a53d-76a2-8c24-b9305de133da,ACTIVE,-283712,-3390616,2308280,0,0,0,0,0.0000
1566066,01a0b1c2-7e57-7c11-8e57-000000000001,01a0d76c-a53d-76a2-8c24-b9355d75a8b0,ACTIVE,1250000,250000,-2165064,0,0,0,0,0.0000
1566066,01a0b1c2-7e57-7c11-8e57-000000000001,01a0d76c-a53d-76a2-8c24-b9305de133da,ACTIVE,-283712,-3390616,2308280,0,0,0,0,0.0000
1566068,01a0b1c2-7e57-7c11-8e57-000000000001,01a0d76c-a53d-76a2-8c24-b9355d75a8b0,ACTIVE,1250000,250000,-2165064,0,0,0,0,0.0000
1566068,01a0b1c2-7e57-7c11-8e57-000000000001,01a0d76c-a53d-76a2-8c24-b9305de133da,ACTIVE,-283712,-3390616,2308280,0,0,0,0,0.0000
1566070,01a0b1c2-7e57-7c11-8e57-000000000001,01a0d76c-a53d-76a2-8c24-b9355d75a8b0,ACTIVE,1250000,250000,-2165064,0,0,0,0,0.0000
1566070,01a0b1c2-7e57-7c11-8e57-000000000001,01a0d76c-a53d-76a2-8c24-b9305de133da,ACTIVE,-283712,-3390616,2308280,0,0,0,0,0.0000
1566072,01a0b1c2-7e57-7c11-8e57-000000000001,01a0d76c-a53d-76a2-8c24-b9355d75a8b0,ACTIVE,1250000,250000,-2165064,0,0,0,0,0.0000
1566072,01a0b1c2-7e57-7c11-8e57-000000000001,01a0d76c-a53d-76a2-8c24-b9305de133da,ACTIVE,-283712,-3390616,2308280,0,0,0,0,0.0000
1566074,01a0b1c2-7e57-7c11-8e57-000000000001,01a0d76c-a53d-76a2-8c24-b9355d75a8b0,ACTIVE,1250000,250000,-2165064,0,0,0,0,0.0000
1566074,01a0b1c2-7e57-7c11-8e57-000000000001,01a0d76c-a53d-76a2-8c24-b9305de133da,ACTIVE,-283712,-3390616,2308280,0,0,0,0,0.0000
1566076,01a0b1c2-7e57-7c11-8e57-000000000001,01a0d76c-a53d-76a2-8c24-b9355d75a8b0,ACTIVE,1250000,250000,-2165064,0,0,0,0,0.0000
1566076,01a0b1c2-7e57-7c11-8e57-000000000001,01a0d76c-a53d-76a2-8c24-b9305de133da,ACTIVE,-283712,-3390616,2308280,0,0,0,0,0.0000
1566078,01a0b1c2-7e57-7c11-8e57-000000000001,01a0d76c-a53d-76a2-8c24-b9355d75a8b0,ACTIVE,1250000,250000,-2165064,0,0,0,0,0.0000
1566078,01a0b1c2-7e57-7c11-8e57-000000000001,01a0d76c-a53d-76a2-8c24-b9305de133da,ACTIVE,-283712,-3390616,2308280,0,0,0,0,0.0000
1566080,01a0b1c2-7e57-7c11-8e57-000000000001,01a0d76c-a53d-76a2-8c24-b9355d75a8b0,ACTIVE,1250000,250000,-2165064,0,0,0,0,0.0000
1566080,01a0b1c2-7e57-7c11-8e57-000000000001,01a0d76c-a53d-76a2-8c24-b9305de133da,ACTIVE,-283712,-3390616,2308280,0,0,0,0,0.0000
1566082,01a0b1c2-7e57-7c11-8e57-000000000001,01a0d76c-a53d-76a2-8c24-b9355d75a8b0,ACTIVE,1250000,250000,-2165064,0,0,0,0,0.0000
1566082,01a0b1c2-7e57-7c11-8e57-000000000001,01a0d76c-a53d-76a2-8c24-b9305de133da,ACTIVE,-283712,-3390616,2308280,0,0,0,0,0.0000
1566084,01a0b1c2-7e57-7c11-8e57-000000000001,01a0d76c-a53d-76a2-8c24-b9355d75a8b0,ACTIVE,1250000,250000,-2165064,0,0,0,0,0.0000
1566084,01a0b1c2-7e57-7c11-8e57-000000000001,01a0d76c-a53d-76a2-8c24-b9305de133da,ACTIVE,-283712,-3390616,2308280,0,0,0,0,0.0000
1566086,01a0b1c2-7e57-7c11-8e57-000000000001,01a0d76c-a53d-76a2-8c24-b9355d75a8b0,ACTIVE,1250000,250000,-2165064,0,0,0,0,0.0000
1566086,01a0b1c2-7e57-7c11-8e57-000000000001,01a0d76c-a53d-76a2-8c24-b9305de133da,ACTIVE,-283712,-3390616,2308280,0,0,0,0,0.0000
1566088,01a0b1c2-7e57-7c11-8e57-000000000001,01a0d76c-a53d-76a2-8c24-b9355d75a8b0,ACTIVE,1250000,250000,-2165064,0,0,0,0,0.0000
1566088,01a0b1c2-7e57-7c11-8e57-000000000001,01a0d76c-a53d-76a2-8c24-b9305de133da,ACTIVE,-283712,-3390616,2308280,0,0,0,0,0.0000
1566090,01a0b1c2-7e57-7c11-8e57-000000000001,01a0d76c-a53d-76a2-8c24-b9355d75a8b0,ACTIVE,1250000,250000,-2165064,0,0,0,0,0.0000
1566090,01a0b1c2-7e57-7c11-8e57-000000000001,01a0d76c-a53d-76a2-8c24-b9305de133da,ACTIVE,-283712,-3390616,2308280,0,0,0,0,0.0000
1566092,01a0b1c2-7e57-7c11-8e57-000000000001,01a0d76c-a53d-76a2-8c24-b9355d75a8b0,ACTIVE,1250000,250000,-2165064,0,0,0,0,0.0000
1566092,01a0b1c2-7e57-7c11-8e57-000000000001,01a0d76c-a53d-76a2-8c24-b9305de133da,ACTIVE,-283712,-3390616,2308280,0,0,0,0,0.0000
1566094,01a0b1c2-7e57-7c11-8e57-000000000001,01a0d76c-a53d-76a2-8c24-b9355d75a8b0,ACTIVE,1250000,250000,-2165064,0,0,0,0,0.0000
1566094,01a0b1c2-7e57-7c11-8e57-000000000001,01a0d76c-a53d-76a2-8c24-b9305de133da,ACTIVE,-283712,-3390616,2308280,0,0,0,0,0.0000
1566096,01a0b1c2-7e57-7c11-8e57-000000000001,01a0d76c-a53d-76a2-8c24-b9355d75a8b0,ACTIVE,1250000,250000,-2165064,0,0,0,0,0.0000
1566096,01a0b1c2-7e57-7c11-8e57-000000000001,01a0d76c-a53d-76a2-8c24-b9305de133da,ACTIVE,-283712,-3390616,2308280,0,0,0,0,0.0000
1566098,01a0b1c2-7e57-7c11-8e57-000000000001,01a0d76c-a53d-76a2-8c24-b9355d75a8b0,ACTIVE,1250000,250000,-2165064,0,0,0,0,0.0000
1566098,01a0b1c2-7e57-7c11-8e57-000000000001,01a0d76c-a53d-76a2-8c24-b9305de133da,ACTIVE,-283712,-3390616,2308280,0,0,0,0,0.0000
1566100,01a0b1c2-7e57-7c11-8e57-000000000001,01a0d76c-a53d-76a2-8c24-b9355d75a8b0,ACTIVE,1250000,250000,-2165064,0,0,0,0,0.0000
1566100,01a0b1c2-7e57-7c11-8e57-000000000001,01a0d76c-a53d-76a2-8c24-b9305de133da,ACTIVE,-283712,-3390616,2308280,0,0,0,0,0.0000
1566102,01a0b1c2-7e57-7c11-8e57-000000000001,01a0d76c-a53d-76a2-8c24-b9355d75a8b0,ACTIVE,1250000,250000,-2165064,0,0,0,0,0.0000
1566102,01a0b1c2-7e57-7c11-8e57-000000000001,01a0d76c-a53d-76a2-8c24-b9305de133da,ACTIVE,-283712,-3390616,2308280,0,0,0,0,0.0000
1566104,01a0b1c2-7e57-7c11-8e57-000000000001,01a0d76c-a53d-76a2-8c24-b9355d75a8b0,ACTIVE,1250000,250000,-2165064,0,0,0,0,0.0000
1566104,01a0b1c2-7e57-7c11-8e57-000000000001,01a0d76c-a53d-76a2-8c24-b9305de133da,ACTIVE,-283712,-3390616,2308280,0,0,0,0,0.0000
1566106,01a0b1c2-7e57-7c11-8e57-000000000001,01a0d76c-a53d-76a2-8c24-b9355d75a8b0,ACTIVE,1250000,250000,-2165064,0,0,0,0,0.0000
1566106,01a0b1c2-7e57-7c11-8e57-000000000001,01a0d76c-a53d-76a2-8c24-b9305de133da,ACTIVE,-283712,-3390616,2308280,0,0,0,0,0.0000
1566108,01a0b1c2-7e57-7c11-8e57-000000000001,01a0d76c-a53d-76a2-8c24-b9355d75a8b0,ACTIVE,1250000,250000,-2165064,0,0,0,0,0.0000
1566108,01a0b1c2-7e57-7c11-8e57-000000000001,01a0d76c-a53d-76a2-8c24-b9305de133da,ACTIVE,-283712,-3390616,2308280,0,0,0,0,0.0000
1566110,01a0b1c2-7e57-7c11-8e57-000000000001,01a0d76c-a53d-76a2-8c24-b9355d75a8b0,ACTIVE,1250000,250000,-2165064,0,0,0,0,0.0000
1566110,01a0b1c2-7e57-7c11-8e57-000000000001,01a0d76c-a53d-76a2-8c24-b9305de133da,ACTIVE,-283712,-3390616,2308280,0,0,0,0,0.0000
1566112,01a0b1c2-7e57-7c11-8e57-000000000001,01a0d76c-a53d-76a2-8c24-b9355d75a8b0,ACTIVE,1250000,250000,-2165064,0,0,0,0,0.0000
1566112,01a0b1c2-7e57-7c11-8e57-000000000001,01a0d76c-a53d-76a2-8c24-b9305de133da,ACTIVE,-283712,-3390616,2308280,0,0,0,0,0.0000
1566114,01a0b1c2-7e57-7c11-8e57-000000000001,01a0d76c-a53d-76a2-8c24-b9355d75a8b0,ACTIVE,1250000,250000,-2165064,0,0,0,0,0.0000
1566114,01a0b1c2-7e57-7c11-8e57-000000000001,01a0d76c-a53d-76a2-8c24-b9305de133da,ACTIVE,-283712,-3390616,2308280,0,0,0,0,0.0000
1566116,01a0b1c2-7e57-7c11-8e57-000000000001,01a0d76c-a53d-76a2-8c24-b9355d75a8b0,ACTIVE,1250000,250000,-2165064,0,0,0,0,0.0000
1566116,01a0b1c2-7e57-7c11-8e57-000000000001,01a0d76c-a53d-76a2-8c24-b9305de133da,ACTIVE,-283712,-3390616,2308280,0,0,0,0,0.0000
1566118,01a0b1c2-7e57-7c11-8e57-000000000001,01a0d76c-a53d-76a2-8c24-b9355d75a8b0,ACTIVE,1250000,250000,-2165064,0,0,0,0,0.0000
1566118,01a0b1c2-7e57-7c11-8e57-000000000001,01a0d76c-a53d-76a2-8c24-b9305de133da,ACTIVE,-283712,-3390616,2308280,0,0,0,0,0.0000
1566120,01a0b1c2-7e57-7c11-8e57-000000000001,01a0d76c-a53d-76a2-8c24-b9355d75a8b0,ACTIVE,1250000,250000,-2165064,0,0,0,0,0.0000
1566120,01a0b1c2-7e57-7c11-8e57-000000000001,01a0d76c-a53d-76a2-8c24-b9305de133da,ACTIVE,-283712,-3390616,2308280,0,0,0,0,0.0000
1566122,01a0b1c2-7e57-7c11-8e57-000000000001,01a0d76c-a53d-76a2-8c24-b9355d75a8b0,ACTIVE,1250000,250000,-2165064,0,0,0,0,0.0000
1566122,01a0b1c2-7e57-7c11-8e57-000000000001,01a0d76c-a53d-76a2-8c24-b9305de133da,ACTIVE,-283712,-3390616,2308280,0,0,0,0,0.0000
1566124,01a0b1c2-7e57-7c11-8e57-000000000001,01a0d76c-a53d-76a2-8c24-b9355d75a8b0,ACTIVE,1250000,250000,-2165064,0,0,0,0,0.0000
1566124,01a0b1c2-7e57-7c11-8e57-000000000001,01a0d76c-a53d-76a2-8c24-b9305de133da,ACTIVE,-283712,-3390616,2308280,0,0,0,0,0.0000
1566126,01a0b1c2-7e57-7c11-8e57-000000000001,01a0d76c-a53d-76a2-8c24-b9355d75a8b0,ACTIVE,1250000,250000,-2165064,0,0,0,0,0.0000
1566126,01a0b1c2-7e57-7c11-8e57-000000000001,01a0d76c-a53d-76a2-8c24-b9305de133da,ACTIVE,-283712,-3390616,2308280,0,0,0,0,0.0000
1566128,01a0b1c2-7e57-7c11-8e57-000000000001,01a0d76c-a53d-76a2-8c24-b9355d75a8b0,ACTIVE,1250000,250000,-2165064,0,0,0,0,0.0000
1566128,01a0b1c2-7e57-7c11-8e57-000000000001,01a0d76c-a53d-76a2-8c24-b9305de133da,ACTIVE,-283712,-3390616,2308280,0,0,0,0,0.0000
1566130,01a0b1c2-7e57-7c11-8e57-000000000001,01a0d76c-a53d-76a2-8c24-b9355d75a8b0,ACTIVE,1250000,250000,-2165064,0,0,0,0,0.0000
1566130,01a0b1c2-7e57-7c11-8e57-000000000001,01a0d76c-a53d-76a2-8c24-b9305de133da,ACTIVE,-283712,-3390616,2308280,0,0,0,0,0.0000
1566132,01a0b1c2-7e57-7c11-8e57-000000000001,01a0d76c-a53d-76a2-8c24-b9355d75a8b0,ACTIVE,1250000,250000,-2165064,0,0,0,0,0.0000
1566132,01a0b1c2-7e57-7c11-8e57-000000000001,01a0d76c-a53d-76a2-8c24-b9305de133da,ACTIVE,-283712,-3390616,2308280,0,0,0,0,0.0000
1566134,01a0b1c2-7e57-7c11-8e57-000000000001,01a0d76c-a53d-76a2-8c24-b9355d75a8b0,ACTIVE,1250000,250000,-2165064,0,0,0,0,0.0000
1566134,01a0b1c2-7e57-7c11-8e57-000000000001,01a0d76c-a53d-76a2-8c24-b9305de133da,ACTIVE,-283712,-3390616,2308280,0,0,0,0,0.0000
1566136,01a0b1c2-7e57-7c11-8e57-000000000001,01a0d76c-a53d-76a2-8c24-b9355d75a8b0,ACTIVE,1250000,250000,-2165064,0,0,0,0,0.0000
1566136,01a0b1c2-7e57-7c11-8e57-000000000001,01a0d76c-a53d-76a2-8c24-b9305de133da,ACTIVE,-283712,-3390616,2308280,0,0,0,0,0.0000
1566138,01a0b1c2-7e57-7c11-8e57-000000000001,01a0d76c-a53d-76a2-8c24-b9355d75a8b0,ACTIVE,1250000,250000,-2165064,0,0,0,0,0.0000
1566138,01a0b1c2-7e57-7c11-8e57-000000000001,01a0d76c-a53d-76a2-8c24-b9305de133da,ACTIVE,-283712,-3390616,2308280,0,0,0,0,0.0000
1566140,01a0b1c2-7e57-7c11-8e57-000000000001,01a0d76c-a53d-76a2-8c24-b9355d75a8b0,ACTIVE,1250000,250000,-2165064,0,0,0,0,0.0000
1566140,01a0b1c2-7e57-7c11-8e57-000000000001,01a0d76c-a53d-76a2-8c24-b9305de133da,ACTIVE,-283712,-3390616,2308280,0,0,0,0,0.0000
1566142,01a0b1c2-7e57-7c11-8e57-000000000001,01a0d76c-a53d-76a2-8c24-b9355d75a8b0,ACTIVE,1250000,250000,-2165064,0,0,0,0,0.0000
1566142,01a0b1c2-7e57-7c11-8e57-000000000001,01a0d76c-a53d-76a2-8c24-b9305de133da,ACTIVE,-283712,-3390616,2308280,0,0,0,0,0.0000
1566144,01a0b1c2-7e57-7c11-8e57-000000000001,01a0d76c-a53d-76a2-8c24-b9355d75a8b0,ACTIVE,1250000,250000,-2165064,0,0,0,0,0.0000
1566144,01a0b1c2-7e57-7c11-8e57-000000000001,01a0d76c-a53d-76a2-8c24-b9305de133da,ACTIVE,-283712,-3390616,2308280,0,0,0,0,0.0000
1566146,01a0b1c2-7e57-7c11-8e57-000000000001,01a0d76c-a53d-76a2-8c24-b9355d75a8b0,ACTIVE,1250000,250000,-2165064,0,0,0,0,0.0000
1566146,01a0b1c2-7e57-7c11-8e57-000000000001,01a0d76c-a53d-76a2-8c24-b9305de133da,ACTIVE,-283712,-3390616,2308280,0,0,0,0,0.0000
1566148,01a0b1c2-7e57-7c11-8e57-000000000001,01a0d76c-a53d-76a2-8c24-b9355d75a8b0,ACTIVE,1250000,250000,-2165064,0,0,0,0,0.0000
1566148,01a0b1c2-7e57-7c11-8e57-000000000001,01a0d76c-a53d-76a2-8c24-b9305de133da,ACTIVE,-283712,-3390616,2308280,0,0,0,0,0.0000
1566150,01a0b1c2-7e57-7c11-8e57-000000000001,01a0d76c-a53d-76a2-8c24-b9355d75a8b0,ACTIVE,1250000,250000,-2165064,0,0,0,0,0.0000
1566150,01a0b1c2-7e57-7c11-8e57-000000000001,01a0d76c-a53d-76a2-8c24-b9305de133da,ACTIVE,-283712,-3390616,2308280,0,0,0,0,0.0000
1566152,01a0b1c2-7e57-7c11-8e57-000000000001,01a0d76c-a53d-76a2-8c24-b9355d75a8b0,ACTIVE,1250000,250000,-2165064,0,0,0,0,0.0000
1566152,01a0b1c2-7e57-7c11-8e57-000000000001,01a0d76c-a53d-76a2-8c24-b9305de133da,ACTIVE,-283712,-3390616,2308280,0,0,0,0,0.0000
1566154,01a0b1c2-7e57-7c11-8e57-000000000001,01a0d76c-a53d-76a2-8c24-b9355d75a8b0,ACTIVE,1250000,250000,-2165064,0,0,0,0,0.0000
1566154,01a0b1c2-7e57-7c11-8e57-000000000001,01a0d76c-a53d-76a2-8c24-b9305de133da,ACTIVE,-283712,-3390616,2308280,0,0,0,0,0.0000
1566156,01a0b1c2-7e57-7c11-8e57-000000000001,01a0d76c-a53d-76a2-8c24-b9355d75a8b0,ACTIVE,1250000,250000,-2165064,0,0,0,0,0.0000
1566156,01a0b1c2-7e57-7c11-8e57-000000000001,01a0d76c-a53d-76a2-8c24-b9305de133da,ACTIVE,-283712,-3390616,2308280,0,0,0,0,0.0000
1566158,01a0b1c2-7e57-7c11-8e57-000000000001,01a0d76c-a53d-76a2-8c24-b9355d75a8b0,ACTIVE,1250000,250000,-2165064,0,0,0,0,0.0000
1566158,01a0b1c2-7e57-7c11-8e57-000000000001,01a0d76c-a53d-76a2-8c24-b9305de133da,ACTIVE,-283712,-3390616,2308280,0,0,0,0,0.0000
1566160,01a0b1c2-7e57-7c11-8e57-000000000001,01a0d76c-a53d-76a2-8c24-b9355d75a8b0,ACTIVE,1250000,250000,-2165064,0,0,0,0,0.0000
1566160,01a0b1c2-7e57-7c11-8e57-000000000001,01a0d76c-a53d-76a2-8c24-b9305de133da,ACTIVE,-283712,-3390616,2308280,0,0,0,0,0.0000
1566162,01a0b1c2-7e57-7c11-8e57-000000000001,01a0d76c-a53d-76a2-8c24-b9355d75a8b0,ACTIVE,1250000,250000,-2165064,0,0,0,0,0.0000
1566162,01a0b1c2-7e57-7c11-8e57-000000000001,01a0d76c-a53d-76a2-8c24-b9305de133da,ACTIVE,-283712,-3390616,2308280,0,0,0,0,0.0000
1566164,01a0b1c2-7e57-7c11-8e57-000000000001,01a0d76c-a53d-76a2-8c24-b9355d75a8b0,ACTIVE,1250000,250000,-2165064,0,0,0,0,0.0000
1566164,01a0b1c2-7e57-7c11-8e57-000000000001,01a0d76c-a53d-76a2-8c24-b9305de133da,ACTIVE,-283712,-3390616,2308280,0,0,0,0,0.0000
1566166,01a0b1c2-7e57-7c11-8e57-000000000001,01a0d76c-a53d-76a2-8c24-b9355d75a8b0,ACTIVE,1250000,250000,-2165064,0,0,0,0,0.0000
1566166,01a0b1c2-7e57-7c11-8e57-000000000001,01a0d76c-a53d-76a2-8c24-b9305de133da,ACTIVE,-283712,-3390616,2308280,0,0,0,0,0.0000
1566168,01a0b1c2-7e57-7c11-8e57-000000000001,01a0d76c-a53d-76a2-8c24-b9355d75a8b0,ACTIVE,1250000,250000,-2165064,0,0,0,0,0.0000
1566168,01a0b1c2-7e57-7c11-8e57-000000000001,01a0d76c-a53d-76a2-8c24-b9305de133da,ACTIVE,-283712,-3390616,2308280,0,0,0,0,0.0000
1566170,01a0b1c2-7e57-7c11-8e57-000000000001,01a0d76c-a53d-76a2-8c24-b9355d75a8b0,ACTIVE,1250000,250000,-2165064,0,0,0,0,0.0000
1566170,01a0b1c2-7e57-7c11-8e57-000000000001,01a0d76c-a53d-76a2-8c24-b9305de133da,ACTIVE,-283712,-3390616,2308280,0,0,0,0,0.0000
1566172,01a0b1c2-7e57-7c11-8e57-000000000001,01a0d76c-a53d-76a2-8c24-b9355d75a8b0,ACTIVE,1250000,250000,-2165064,0,0,0,0,0.0000
1566172,01a0b1c2-7e57-7c11-8e57-000000000001,01a0d76c-a53d-76a2-8c24-b9305de133da,ACTIVE,-283712,-3390616,2308280,0,0,0,0,0.0000
1566174,01a0b1c2-7e57-7c11-8e57-000000000001,01a0d76c-a53d-76a2-8c24-b9355d75a8b0,ACTIVE,1250000,250000,-2165064,0,0,0,0,0.0000
1566174,01a0b1c2-7e57-7c11-8e57-000000000001,01a0d76c-a53d-76a2-8c24-b9305de133da,ACTIVE,-283712,-3390616,2308280,0,0,0,0,0.0000
1566176,01a0b1c2-7e57-7c11-8e57-000000000001,01a0d76c-a53d-76a2-8c24-b9355d75a8b0,ACTIVE,1250000,250000,-2165064,0,0,0,0,0.0000
1566176,01a0b1c2-7e57-7c11-8e57-000000000001,01a0d76c-a53d-76a2-8c24-b9305de133da,ACTIVE,-283712,-3390616,2308280,0,0,0,0,0.0000
1566178,01a0b1c2-7e57-7c11-8e57-000000000001,01a0d76c-a53d-76a2-8c24-b9355d75a8b0,ACTIVE,1250000,250000,-2165064,0,0,0,0,0.0000
1566178,01a0b1c2-7e57-7c11-8e57-000000000001,01a0d76c-a53d-76a2-8c24-b9305de133da,ACTIVE,-283712,-3390616,2308280,0,0,0,0,0.0000
1566180,01a0b1c2-7e57-7c11-8e57-000000000001,01a0d76c-a53d-76a2-8c24-b9355d75a8b0,ACTIVE,1250000,250000,-2165064,0,0,0,0,0.0000
1566180,01a0b1c2-7e57-7c11-8e57-000000000001,01a0d76c-a53d-76a2-8c24-b9305de133da,ACTIVE,-283712,-3390616,2308280,0,0,0,0,0.0000
1566182,01a0b1c2-7e57-7c11-8e57-000000000001,01a0d76c-a53d-76a2-8c24-b9355d75a8b0,ACTIVE,1250000,250000,-2165064,0,0,0,0,0.0000
1566182,01a0b1c2-7e57-7c11-8e57-000000000001,01a0d76c-a53d-76a2-8c24-b9305de133da,ACTIVE,-283712,-3390616,2308280,0,0,0,0,0.0000
1566184,01a0b1c2-7e57-7c11-8e57-000000000001,01a0d76c-a53d-76a2-8c24-b9355d75a8b0,ACTIVE,1250000,250000,-2165064,0,0,0,0,0.0000
1566184,01a0b1c2-7e57-7c11-8e57-000000000001,01a0d76c-a53d-76a2-8c24-b9305de133da,ACTIVE,-283712,-3390616,2308280,0,0,0,0,0.0000
1566186,01a0b1c2-7e57-7c11-8e57-000000000001,01a0d76c-a53d-76a2-8c24-b9355d75a8b0,ACTIVE,1250000,250000,-2165064,0,0,0,0,0.0000
1566186,01a0b1c2-7e57-7c11-8e57-000000000001,01a0d76c-a53d-76a2-8c24-b9305de133da,ACTIVE,-283712,-3390616,2308280,0,0,0,0,0.0000
1566188,01a0b1c2-7e57-7c11-8e57-000000000001,01a0d76c-a53d-76a2-8c24-b9355d75a8b0,ACTIVE,1250000,250000,-2165064,0,0,0,0,0.0000
1566188,01a0b1c2-7e57-7c11-8e57-000000000001,01a0d76c-a53d-76a2-8c24-b9305de133da,ACTIVE,-283712,-3390616,2308280,0,0,0,0,0.0000
1566190,01a0b1c2-7e57-7c11-8e57-000000000001,01a0d76c-a53d-76a2-8c24-b9355d75a8b0,ACTIVE,1250000,250000,-2165064,0,0,0,0,0.0000
1566190,01a0b1c2-7e57-7c11-8e57-000000000001,01a0d76c-a53d-76a2-8c24-b9305de133da,ACTIVE,-283712,-3390616,2308280,0,0,0,0,0.0000
1566192,01a0b1c2-7e57-7c11-8e57-000000000001,01a0d76c-a53d-76a2-8c24-b9355d75a8b0,ACTIVE,1250000,250000,-2165064,0,0,0,0,0.0000
1566192,01a0b1c2-7e57-7c11-8e57-000000000001,01a0d76c-a53d-76a2-8c24-b9305de133da,ACTIVE,-283712,-3390616,2308280,0,0,0,0,0.0000
1566194,01a0b1c2-7e57-7c11-8e57-000000000001,01a0d76c-a53d-76a2-8c24-b9355d75a8b0,ACTIVE,1250000,250000,-2165064,0,0,0,0,0.0000
1566194,01a0b1c2-7e57-7c11-8e57-000000000001,01a0d76c-a53d-76a2-8c24-b9305de133da,ACTIVE,-283712,-3390616,2308280,0,0,0,0,0.0000
1566196,01a0b1c2-7e57-7c11-8e57-000000000001,01a0d76c-a53d-76a2-8c24-b9355d75a8b0,ACTIVE,1250000,250000,-2165064,0,0,0,0,0.0000
1566196,01a0b1c2-7e57-7c11-8e57-000000000001,01a0d76c-a53d-76a2-8c24-b9305de133da,ACTIVE,-283712,-3390616,2308280,0,0,0,0,0.0000
1566198,01a0b1c2-7e57-7c11-8e57-000000000001,01a0d76c-a53d-76a2-8c24-b9355d75a8b0,ACTIVE,1250000,250000,-2165064,0,0,0,0,0.0000
1566198,01a0b1c2-7e57-7c11-8e57-000000000001,01a0d76c-a53d-76a2-8c24-b9305de133da,ACTIVE,-283712,-3390616,2308280,0,0,0,0,0.0000
1566200,01a0b1c2-7e57-7c11-8e57-000000000001,01a0d76c-a53d-76a2-8c24-b9355d75a8b0,ACTIVE,1250000,250000,-2165064,0,0,0,0,0.0000
1566200,01a0b1c2-7e57-7c11-8e57-000000000001,01a0d76c-a53d-76a2-8c24-b9305de133da,ACTIVE,-283712,-3390616,2308280,0,0,0,0,0.0000
1566202,01a0b1c2-7e57-7c11-8e57-000000000001,01a0d76c-a53d-76a2-8c24-b9355d75a8b0,ACTIVE,1250000,250000,-2165064,0,0,0,0,0.0000
1566202,01a0b1c2-7e57-7c11-8e57-000000000001,01a0d76c-a53d-76a2-8c24-b9305de133da,ACTIVE,-283712,-3390616,2308280,0,0,0,0,0.0000
1566204,01a0b1c2-7e57-7c11-8e57-000000000001,01a0d76c-a53d-76a2-8c24-b9355d75a8b0,ACTIVE,1250000,250000,-2165064,0,0,0,0,0.0000
1566204,01a0b1c2-7e57-7c11-8e57-000000000001,01a0d76c-a53d-76a2-8c24-b9305de133da,ACTIVE,-283712,-3390616,2308280,0,0,0,0,0.0000
1566206,01a0b1c2-7e57-7c11-8e57-000000000001,01a0d76c-a53d-76a2-8c24-b9355d75a8b0,ACTIVE,1250000,250000,-2165064,0,0,0,0,0.0000
1566206,01a0b1c2-7e57-7c11-8e57-000000000001,01a0d76c-a53d-76a2-8c24-b9305de133da,ACTIVE,-283712,-3390616,2308280,0,0,0,0,0.0000
1566208,01a0b1c2-7e57-7c11-8e57-000000000001,01a0d76c-a53d-76a2-8c24-b9355d75a8b0,ACTIVE,1250000,250000,-2165064,0,0,0,0,0.0000
1566208,01a0b1c2-7e57-7c11-8e57-000000000001,01a0d76c-a53d-76a2-8c24-b9305de133da,ACTIVE,-283712,-3390616,2308280,0,0,0,0,0.0000
1566210,01a0b1c2-7e57-7c11-8e57-000000000001,01a0d76c-a53d-76a2-8c24-b9355d75a8b0,ACTIVE,1250000,250000,-2165064,0,0,0,0,0.0000
1566210,01a0b1c2-7e57-7c11-8e57-000000000001,01a0d76c-a53d-76a2-8c24-b9305de133da,ACTIVE,-283712,-3390616,2308280,0,0,0,0,0.0000
1566212,01a0b1c2-7e57-7c11-8e57-000000000001,01a0d76c-a53d-76a2-8c24-b9355d75a8b0,ACTIVE,1250000,250000,-2165064,0,0,0,0,0.0000
1566212,01a0b1c2-7e57-7c11-8e57-000000000001,01a0d76c-a53d-76a2-8c24-b9305de133da,ACTIVE,-283712,-3390616,2308280,0,0,0,0,0.0000
1566214,01a0b1c2-7e57-7c11-8e57-000000000001,01a0d76c-a53d-76a2-8c24-b9355d75a8b0,ACTIVE,1250000,250000,-2165064,0,0,0,0,0.0000
1566214,01a0b1c2-7e57-7c11-8e57-000000000001,01a0d76c-a53d-76a2-8c24-b9305de133da,ACTIVE,-283712,-3390616,2308280,0,0,0,0,0.0000
1566216,01a0b1c2-7e57-7c11-8e57-000000000001,01a0d76c-a53d-76a2-8c24-b9355d75a8b0,ACTIVE,1250000,250000,-2165064,0,0,0,0,0.0000
1566216,01a0b1c2-7e57-7c11-8e57-000000000001,01a0d76c-a53d-76a2-8c24-b9305de133da,ACTIVE,-283712,-3390616,2308280,0,0,0,0,0.0000
1566218,01a0b1c2-7e57-7c11-8e57-000000000001,01a0d76c-a53d-76a2-8c24-b9355d75a8b0,ACTIVE,1250000,250000,-2165064,0,0,0,0,0.0000
1566218,01a0b1c2-7e57-7c11-8e57-000000000001,01a0d76c-a53d-76a2-8c24-b9305de133da,ACTIVE,-283712,-3390616,2308280,0,0,0,0,0.0000
1566220,01a0b1c2-7e57-7c11-8e57-000000000001,01a0d76c-a53d-76a2-8c24-b9355d75a8b0,ACTIVE,1250000,250000,-2165064,0,0,0,0,0.0000
1566220,01a0b1c2-7e57-7c11-8e57-000000000001,01a0d76c-a53d-76a2-8c24-b9305de133da,ACTIVE,-283712,-3390616,2308280,0,0,0,0,0.0000
1566222,01a0b1c2-7e57-7c11-8e57-000000000001,01a0d76c-a53d-76a2-8c24-b9355d75a8b0,ACTIVE,1250000,250000,-2165064,0,0,0,0,0.0000
1566222,01a0b1c2-7e57-7c11-8e57-000000000001,01a0d76c-a53d-76a2-8c24-b9305de133da,ACTIVE,-283712,-3390616,2308280,0,0,0,0,0.0000
1566224,01a0b1c2-7e57-7c11-8e57-000000000001,01a0d76c-a53d-76a2-8c24-b9355d75a8b0,ACTIVE,1250000,250000,-2165064,0,0,0,0,0.0000
1566224,01a0b1c2-7e57-7c11-8e57-000000000001,01a0d76c-a53d-76a2-8c24-b9305de133da,ACTIVE,-283712,-3390616,2308280,0,0,0,0,0.0000
1566226,01a0b1c2-7e57-7c11-8e57-000000000001,01a0d76c-a53d-76a2-8c24-b9355d75a8b0,ACTIVE,1250000,250000,-2165064,0,0,0,0,0.0000
1566226,01a0b1c2-7e57-7c11-8e57-000000000001,01a0d76c-a53d-76a2-8c24-b9305de133da,ACTIVE,-283712,-3390616,2308280,0,0,0,0,0.0000
1566228,01a0b1c2-7e57-7c11-8e57-000000000001,01a0d76c-a53d-76a2-8c24-b9355d75a8b0,ACTIVE,1250000,250000,-2165064,0,0,0,0,0.0000
1566228,01a0b1c2-7e57-7c11-8e57-000000000001,01a0d76c-a53d-76a2-8c24-b9305de133da,ACTIVE,-283712,-3390616,2308280,0,0,0,0,0.0000
1566230,01a0b1c2-7e57-7c11-8e57-000000000001,01a0d76c-a53d-76a2-8c24-b9355d75a8b0,ACTIVE,1250000,250000,-2165064,0,0,0,0,0.0000
1566230,01a0b1c2-7e57-7c11-8e57-000000000001,01a0d76c-a53d-76a2-8c24-b9305de133da,ACTIVE,-283712,-3390616,2308280,0,0,0,0,0.0000
1566232,01a0b1c2-7e57-7c11-8e57-000000000001,01a0d76c-a53d-76a2-8c24-b9355d75a8b0,ACTIVE,1250000,250000,-2165064,0,0,0,0,0.0000
1566232,01a0b1c2-7e57-7c11-8e57-000000000001,01a0d76c-a53d-76a2-8c24-b9305de133da,ACTIVE,-283712,-3390616,2308280,0,0,0,0,0.0000
1566234,01a0b1c2-7e57-7c11-8e57-000000000001,01a0d76c-a53d-76a2-8c24-b9355d75a8b0,ACTIVE,1250000,250000,-2165064,0,0,0,0,0.0000
1566234,01a0b1c2-7e57-7c11-8e57-000000000001,01a0d76c-a53d-76a2-8c24-b9305de133da,ACTIVE,-283712,-3390616,2308280,0,0,0,0,0.0000
1566236,01a0b1c2-7e57-7c11-8e57-000000000001,01a0d76c-a53d-76a2-8c24-b9355d75a8b0,ACTIVE,1250000,250000,-2165064,0,0,0,0,0.0000
1566236,01a0b1c2-7e57-7c11-8e57-000000000001,01a0d76c-a53d-76a2-8c24-b9305de133da,ACTIVE,-283712,-3390616,2308280,0,0,0,0,0.0000
1566238,01a0b1c2-7e57-7c11-8e57-000000000001,01a0d76c-a53d-76a2-8c24-b9355d75a8b0,ACTIVE,1250000,250000,-2165064,0,0,0,0,0.0000
1566238,01a0b1c2-7e57-7c11-8e57-000000000001,01a0d76c-a53d-76a2-8c24-b9305de133da,ACTIVE,-283712,-3390616,2308280,0,0,0,0,0.0000
1566240,01a0b1c2-7e57-7c11-8e57-000000000001,01a0d76c-a53d-76a2-8c24-b9355d75a8b0,ACTIVE,1250000,250000,-2165064,0,0,0,0,0.0000
1566240,01a0b1c2-7e57-7c11-8e57-000000000001,01a0d76c-a53d-76a2-8c24-b9305de133da,ACTIVE,-283712,-3390616,2308280,0,0,0,0,0.0000
1566242,01a0b1c2-7e57-7c11-8e57-000000000001,01a0d76c-a53d-76a2-8c24-b9355d75a8b0,ACTIVE,1250000,250000,-2165064,0,0,0,0,0.0000
1566242,01a0b1c2-7e57-7c11-8e57-000000000001,01a0d76c-a53d-76a2-8c24-b9305de133da,ACTIVE,-283712,-3390616,2308280,0,0,0,0,0.0000
1566244,01a0b1c2-7e57-7c11-8e57-000000000001,01a0d76c-a53d-76a2-8c24-b9355d75a8b0,ACTIVE,1250000,250000,-2165064,0,0,0,0,0.0000
1566244,01a0b1c2-7e57-7c11-8e57-000000000001,01a0d76c-a53d-76a2-8c24-b9305de133da,ACTIVE,-283712,-3390616,2308280,0,0,0,0,0.0000
1566246,01a0b1c2-7e57-7c11-8e57-000000000001,01a0d76c-a53d-76a2-8c24-b9355d75a8b0,ACTIVE,1250000,250000,-2165064,0,0,0,0,0.0000
1566246,01a0b1c2-7e57-7c11-8e57-000000000001,01a0d76c-a53d-76a2-8c24-b9305de133da,ACTIVE,-283712,-3390616,2308280,0,0,0,0,0.0000
1566248,01a0b1c2-7e57-7c11-8e57-000000000001,01a0d76c-a53d-76a2-8c24-b9355d75a8b0,ACTIVE,1250000,250000,-2165064,0,0,0,0,0.0000
1566248,01a0b1c2-7e57-7c11-8e57-000000000001,01a0d76c-a53d-76a2-8c24-b9305de133da,ACTIVE,-283712,-3390616,2308280,0,0,0,0,0.0000
1566250,01a0b1c2-7e57-7c11-8e57-000000000001,01a0d76c-a53d-76a2-8c24-b9355d75a8b0,ACTIVE,1250000,250000,-2165064,0,0,0,0,0.0000
1566250,01a0b1c2-7e57-7c11-8e57-000000000001,01a0d76c-a53d-76a2-8c24-b9305de133da,ACTIVE,-283712,-3390616,2308280,0,0,0,0,0.0000
1566252,01a0b1c2-7e57-7c11-8e57-000000000001,01a0d76c-a53d-76a2-8c24-b9355d75a8b0,ACTIVE,1250000,250000,-2165064,0,0,0,0,0.0000
1566252,01a0b1c2-7e57-7c11-8e57-000000000001,01a0d76c-a53d-76a2-8c24-b9305de133da,ACTIVE,-283712,-3390616,2308280,0,0,0,0,0.0000
1566254,01a0b1c2-7e57-7c11-8e57-000000000001,01a0d76c-a53d-76a2-8c24-b9355d75a8b0,ACTIVE,1250000,250000,-2165064,0,0,0,0,0.0000
1566254,01a0b1c2-7e57-7c11-8e57-000000000001,01a0d76c-a53d-76a2-8c24-b9305de133da,ACTIVE,-283712,-3390616,2308280,0,0,0,0,0.0000
1566256,01a0b1c2-7e57-7c11-8e57-000000000001,01a0d76c-a53d-76a2-8c24-b9355d75a8b0,ACTIVE,1250000,250000,-2165064,0,0,0,0,0.0000
1566256,01a0b1c2-7e57-7c11-8e57-000000000001,01a0d76c-a53d-76a2-8c24-b9305de133da,ACTIVE,-283712,-3390616,2308280,0,0,0,0,0.0000
1566258,01a0b1c2-7e57-7c11-8e57-000000000001,01a0d76c-a53d-76a2-8c24-b9355d75a8b0,ACTIVE,1250000,250000,-2165064,0,0,0,0,0.0000
1566258,01a0b1c2-7e57-7c11-8e57-000000000001,01a0d76c-a53d-76a2-8c24-b9305de133da,ACTIVE,-283712,-3390616,2308280,0,0,0,0,0.0000
1566260,01a0b1c2-7e57-7c11-8e57-000000000001,01a0d76c-a53d-76a2-8c24-b9355d75a8b0,ACTIVE,1250000,250000,-2165064,0,0,0,0,0.0000
1566260,01a0b1c2-7e57-7c11-8e57-000000000001,01a0d76c-a53d-76a2-8c24-b9305de133da,ACTIVE,-283712,-3390616,2308280,0,0,0,0,0.0000
1566262,01a0b1c2-7e57-7c11-8e57-000000000001,01a0d76c-a53d-76a2-8c24-b9355d75a8b0,ACTIVE,1250000,250000,-2165064,0,0,0,0,0.0000
1566262,01a0b1c2-7e57-7c11-8e57-000000000001,01a0d76c-a53d-76a2-8c24-b9305de133da,ACTIVE,-283712,-3390616,2308280,0,0,0,0,0.0000
1566264,01a0b1c2-7e57-7c11-8e57-000000000001,01a0d76c-a53d-76a2-8c24-b9355d75a8b0,ACTIVE,1250000,250000,-2165064,0,0,0,0,0.0000
1566264,01a0b1c2-7e57-7c11-8e57-000000000001,01a0d76c-a53d-76a2-8c24-b9305de133da,ACTIVE,-283712,-3390616,2308280,0,0,0,0,0.0000
1566266,01a0b1c2-7e57-7c11-8e57-000000000001,01a0d76c-a53d-76a2-8c24-b9355d75a8b0,ACTIVE,1250000,250000,-2165064,0,0,0,0,0.0000
1566266,01a0b1c2-7e57-7c11-8e57-000000000001,01a0d76c-a53d-76a2-8c24-b9305de133da,ACTIVE,-283712,-3390616,2308280,0,0,0,0,0.0000
1566268,01a0b1c2-7e57-7c11-8e57-000000000001,01a0d76c-a53d-76a2-8c24-b9355d75a8b0,ACTIVE,1250000,250000,-2165064,0,0,0,0,0.0000
1566268,01a0b1c2-7e57-7c11-8e57-000000000001,01a0d76c-a53d-76a2-8c24-b9305de133da,ACTIVE,-283712,-3390616,2308280,0,0,0,0,0.0000
1566270,01a0b1c2-7e57-7c11-8e57-000000000001,01a0d76c-a53d-76a2-8c24-b9355d75a8b0,ACTIVE,1250000,250000,-2165064,0,0,0,0,0.0000
1566270,01a0b1c2-7e57-7c11-8e57-000000000001,01a0d76c-a53d-76a2-8c24-b9305de133da,ACTIVE,-283712,-3390616,2308280,0,0,0,0,0.0000
1566272,01a0b1c2-7e57-7c11-8e57-000000000001,01a0d76c-a53d-76a2-8c24-b9355d75a8b0,ACTIVE,1250000,250000,-2165064,0,0,0,0,0.0000
1566272,01a0b1c2-7e57-7c11-8e57-000000000001,01a0d76c-a53d-76a2-8c24-b9305de133da,ACTIVE,-283712,-3390616,2308280,0,0,0,0,0.0000
1566274,01a0b1c2-7e57-7c11-8e57-000000000001,01a0d76c-a53d-76a2-8c24-b9355d75a8b0,ACTIVE,1250000,250000,-2165064,0,0,0,0,0.0000
1566274,01a0b1c2-7e57-7c11-8e57-000000000001,01a0d76c-a53d-76a2-8c24-b9305de133da,ACTIVE,-283712,-3390616,2308280,0,0,0,0,0.0000
1566276,01a0b1c2-7e57-7c11-8e57-000000000001,01a0d76c-a53d-76a2-8c24-b9355d75a8b0,ACTIVE,1250000,250000,-2165064,0,0,0,0,0.0000
1566276,01a0b1c2-7e57-7c11-8e57-000000000001,01a0d76c-a53d-76a2-8c24-b9305de133da,ACTIVE,-283712,-3390616,2308280,0,0,0,0,0.0000
1566278,01a0b1c2-7e57-7c11-8e57-000000000001,01a0d76c-a53d-76a2-8c24-b9355d75a8b0,ACTIVE,1250000,250000,-2165064,0,0,0,0,0.0000
1566278,01a0b1c2-7e57-7c11-8e57-000000000001,01a0d76c-a53d-76a2-8c24-b9305de133da,ACTIVE,-283712,-3390616,2308280,0,0,0,0,0.0000
1566280,01a0b1c2-7e57-7c11-8e57-000000000001,01a0d76c-a53d-76a2-8c24-b9355d75a8b0,ACTIVE,1250000,250000,-2165064,0,0,0,0,0.0000
1566280,01a0b1c2-7e57-7c11-8e57-000000000001,01a0d76c-a53d-76a2-8c24-b9305de133da,ACTIVE,-283712,-3390616,2308280,0,0,0,0,0.0000
1566282,01a0b1c2-7e57-7c11-8e57-000000000001,01a0d76c-a53d-76a2-8c24-b9355d75a8b0,ACTIVE,1250000,250000,-2165064,0,0,0,0,0.0000
1566282,01a0b1c2-7e57-7c11-8e57-000000000001,01a0d76c-a53d-76a2-8c24-b9305de133da,ACTIVE,-283712,-3390616,2308280,0,0,0,0,0.0000
1566284,01a0b1c2-7e57-7c11-8e57-000000000001,01a0d76c-a53d-76a2-8c24-b9355d75a8b0,ACTIVE,1250000,250000,-2165064,0,0,0,0,0.0000
1566284,01a0b1c2-7e57-7c11-8e57-000000000001,01a0d76c-a53d-76a2-8c24-b9305de133da,ACTIVE,-283712,-3390616,2308280,0,0,0,0,0.0000
1566286,01a0b1c2-7e57-7c11-8e57-000000000001,01a0d76c-a53d-76a2-8c24-b9355d75a8b0,ACTIVE,1250000,250000,-2165064,0,0,0,0,0.0000
1566286,01a0b1c2-7e57-7c11-8e57-000000000001,01a0d76c-a53d-76a2-8c24-b9305de133da,ACTIVE,-283712,-3390616,2308280,0,0,0,0,0.0000
1566288,01a0b1c2-7e57-7c11-8e57-000000000001,01a0d76c-a53d-76a2-8c24-b9355d75a8b0,ACTIVE,1250000,250000,-2165064,0,0,0,0,0.0000
1566288,01a0b1c2-7e57-7c11-8e57-000000000001,01a0d76c-a53d-76a2-8c24-b9305de133da,ACTIVE,-283712,-3390616,2308280,0,0,0,0,0.0000
1566290,01a0b1c2-7e57-7c11-8e57-000000000001,01a0d76c-a53d-76a2-8c24-b9355d75a8b0,ACTIVE,1250000,250000,-2165064,0,0,0,0,0.0000
1566290,01a0b1c2-7e57-7c11-8e57-000000000001,01a0d76c-a53d-76a2-8c24-b9305de133da,ACTIVE,-283712,-3390616,2308280,0,0,0,0,0.0000
1566292,01a0b1c2-7e57-7c11-8e57-000000000001,01a0d76c-a53d-76a2-8c24-b9355d75a8b0,ACTIVE,1250000,250000,-2165064,0,0,0,0,0.0000
1566292,01a0b1c2-7e57-7c11-8e57-000000000001,01a0d76c-a53d-76a2-8c24-b9305de133da,ACTIVE,-283712,-3390616,2308280,0,0,0,0,0.0000
1566294,01a0b1c2-7e57-7c11-8e57-000000000001,01a0d76c-a53d-76a2-8c24-b9355d75a8b0,ACTIVE,1250000,250000,-2165064,0,0,0,0,0.0000
1566294,01a0b1c2-7e57-7c11-8e57-000000000001,01a0d76c-a53d-76a2-8c24-b9305de133da,ACTIVE,-283712,-3390616,2308280,0,0,0,0,0.0000
1566296,01a0b1c2-7e57-7c11-8e57-000000000001,01a0d76c-a53d-76a2-8c24-b9355d75a8b0,ACTIVE,1250000,250000,-2165064,0,0,0,0,0.0000
1566296,01a0b1c2-7e57-7c11-8e57-000000000001,01a0d76c-a53d-76a2-8c24-b9305de133da,ACTIVE,-283712,-3390616,2308280,0,0,0,0,0.0000
1566298,01a0b1c2-7e57-7c11-8e57-000000000001,01a0d76c-a53d-76a2-8c24-b9355d75a8b0,ACTIVE,1250000,250000,-2165064,0,0,0,0,0.0000
1566298,01a0b1c2-7e57-7c11-8e57-000000000001,01a0d76c-a53d-76a2-8c24-b9305de133da,ACTIVE,-283712,-3390616,2308280,0,0,0,0,0.0000
1566300,01a0b1c2-7e57-7c11-8e57-000000000001,01a0d76c-a53d-76a2-8c24-b9355d75a8b0,ACTIVE,1250000,250000,-2165064,0,0,0,0,0.0000
1566300,01a0b1c2-7e57-7c11-8e57-000000000001,01a0d76c-a53d-76a2-8c24-b9305de133da,ACTIVE,-283712,-3390616,2308280,0,0,0,0,0.0000
1566302,01a0b1c2-7e57-7c11-8e57-000000000001,01a0d76c-a53d-76a2-8c24-b9355d75a8b0,ACTIVE,1250000,250000,-2165064,0,0,0,0,0.0000
1566302,01a0b1c2-7e57-7c11-8e57-000000000001,01a0d76c-a53d-76a2-8c24-b9305de133da,ACTIVE,-283712,-3390616,2308280,0,0,0,0,0.0000
1566304,01a0b1c2-7e57-7c11-8e57-000000000001,01a0d76c-a53d-76a2-8c24-b9355d75a8b0,ACTIVE,1250000,250000,-2165064,0,0,0,0,0.0000
1566304,01a0b1c2-7e57-7c11-8e57-000000000001,01a0d76c-a53d-76a2-8c24-b9305de133da,ACTIVE,-283712,-3390616,2308280,0,0,0,0,0.0000
1566306,01a0b1c2-7e57-7c11-8e57-000000000001,01a0d76c-a53d-76a2-8c24-b9355d75a8b0,ACTIVE,1250000,250000,-2165064,0,0,0,0,0.0000
1566306,01a0b1c2-7e57-7c11-8e57-000000000001,01a0d76c-a53d-76a2-8c24-b9305de133da,ACTIVE,-283712,-3390616,2308280,0,0,0,0,0.0000
1566308,01a0b1c2-7e57-7c11-8e57-000000000001,01a0d76c-a53d-76a2-8c24-b9355d75a8b0,ACTIVE,1250000,250000,-2165064,0,0,0,0,0.0000
1566308,01a0b1c2-7e57-7c11-8e57-000000000001,01a0d76c-a53d-76a2-8c24-b9305de133da,ACTIVE,-283712,-3390616,2308280,0,0,0,0,0.0000
1566310,01a0b1c2-7e57-7c11-8e57-000000000001,01a0d76c-a53d-76a2-8c24-b9355d75a8b0,ACTIVE,1250000,250000,-2165064,0,0,0,0,0.0000
1566310,01a0b1c2-7e57-7c11-8e57-000000000001,01a0d76c-a53d-76a2-8c24-b9305de133da,ACTIVE,-283712,-3390616,2308280,0,0,0,0,0.0000
1566312,01a0b1c2-7e57-7c11-8e57-000000000001,01a0d76c-a53d-76a2-8c24-b9355d75a8b0,ACTIVE,1250000,250000,-2165064,0,0,0,0,0.0000
1566312,01a0b1c2-7e57-7c11-8e57-000000000001,01a0d76c-a53d-76a2-8c24-b9305de133da,ACTIVE,-283712,-3390616,2308280,0,0,0,0,0.0000
1566314,01a0b1c2-7e57-7c11-8e57-000000000001,01a0d76c-a53d-76a2-8c24-b9355d75a8b0,ACTIVE,1250000,250000,-2165064,0,0,0,0,0.0000
1566314,01a0b1c2-7e57-7c11-8e57-000000000001,01a0d76c-a53d-76a2-8c24-b9305de133da,ACTIVE,-283712,-3390616,2308280,0,0,0,0,0.0000
1566316,01a0b1c2-7e57-7c11-8e57-000000000001,01a0d76c-a53d-76a2-8c24-b9355d75a8b0,ACTIVE,1250000,250000,-2165064,0,0,0,0,0.0000
1566316,01a0b1c2-7e57-7c11-8e57-000000000001,01a0d76c-a53d-76a2-8c24-b9305de133da,ACTIVE,-283712,-3390616,2308280,0,0,0,0,0.0000
1566318,01a0b1c2-7e57-7c11-8e57-000000000001,01a0d76c-a53d-76a2-8c24-b9355d75a8b0,ACTIVE,1250000,250000,-2165064,0,0,0,0,0.0000
1566318,01a0b1c2-7e57-7c11-8e57-000000000001,01a0d76c-a53d-76a2-8c24-b9305de133da,ACTIVE,-283712,-3390616,2308280,0,0,0,0,0.0000
1566320,01a0b1c2-7e57-7c11-8e57-000000000001,01a0d76c-a53d-76a2-8c24-b9355d75a8b0,ACTIVE,1250000,250000,-2165064,0,0,0,0,0.0000
1566320,01a0b1c2-7e57-7c11-8e57-000000000001,01a0d76c-a53d-76a2-8c24-b9305de133da,ACTIVE,-283712,-3390616,2308280,0,0,0,0,0.0000
1566322,01a0b1c2-7e57-7c11-8e57-000000000001,01a0d76c-a53d-76a2-8c24-b9355d75a8b0,ACTIVE,1250000,250000,-2165064,0,0,0,0,0.0000
1566322,01a0b1c2-7e57-7c11-8e57-000000000001,01a0d76c-a53d-76a2-8c24-b9305de133da,ACTIVE,-283712,-3390616,2308280,0,0,0,0,0.0000
1566324,01a0b1c2-7e57-7c11-8e57-000000000001,01a0d76c-a53d-76a2-8c24-b9355d75a8b0,ACTIVE,1250000,250000,-2165064,0,0,0,0,0.0000
1566324,01a0b1c2-7e57-7c11-8e57-000000000001,01a0d76c-a53d-76a2-8c24-b9305de133da,ACTIVE,-283712,-3390616,2308280,0,0,0,0,0.0000
1566326,01a0b1c2-7e57-7c11-8e57-000000000001,01a0d76c-a53d-76a2-8c24-b9355d75a8b0,ACTIVE,1250000,250000,-2165064,0,0,0,0,0.0000
1566326,01a0b1c2-7e57-7c11-8e57-000000000001,01a0d76c-a53d-76a2-8c24-b9305de133da,ACTIVE,-283712,-3390616,2308280,0,0,0,0,0.0000
1566328,01a0b1c2-7e57-7c11-8e57-000000000001,01a0d76c-a53d-76a2-8c24-b9355d75a8b0,ACTIVE,1250000,250000,-2165064,0,0,0,0,0.0000
1566328,01a0b1c2-7e57-7c11-8e57-000000000001,01a0d76c-a53d-76a2-8c24-b9305de133da,ACTIVE,-283712,-3390616,2308280,0,0,0,0,0.0000
1566330,01a0b1c2-7e57-7c11-8e57-000000000001,01a0d76c-a53d-76a2-8c24-b9355d75a8b0,ACTIVE,1250000,250000,-2165064,0,0,0,0,0.0000
1566330,01a0b1c2-7e57-7c11-8e57-000000000001,01a0d76c-a53d-76a2-8c24-b9305de133da,ACTIVE,-283712,-3390616,2308280,0,0,0,0,0.0000
1566332,01a0b1c2-7e57-7c11-8e57-000000000001,01a0d76c-a53d-76a2-8c24-b9355d75a8b0,ACTIVE,1250000,250000,-2165064,0,0,0,0,0.0000
1566332,01a0b1c2-7e57-7c11-8e57-000000000001,01a0d76c-a53d-76a2-8c24-b9305de133da,ACTIVE,-283712,-3390616,2308280,0,0,0,0,0.0000
1566334,01a0b1c2-7e57-7c11-8e57-000000000001,01a0d76c-a53d-76a2-8c24-b9355d75a8b0,ACTIVE,1250000,250000,-2165064,0,0,0,0,0.0000
1566334,01a0b1c2-7e57-7c11-8e57-000000000001,01a0d76c-a53d-76a2-8c24-b9305de133da,ACTIVE,-283712,-3390616,2308280,0,0,0,0,0.0000
1566336,01a0b1c2-7e57-7c11-8e57-000000000001,01a0d76c-a53d-76a2-8c24-b9355d75a8b0,ACTIVE,1250000,250000,-2165064,0,0,0,0,0.0000
1566336,01a0b1c2-7e57-7c11-8e57-000000000001,01a0d76c-a53d-76a2-8c24-b9305de133da,ACTIVE,-283712,-3390616,2308280,0,0,0,0,0.0000
1566338,01a0b1c2-7e57-7c11-8e57-000000000001,01a0d76c-a53d-76a2-8c24-b9355d75a8b0,ACTIVE,1250000,250000,-2165064,0,0,0,0,0.0000
1566338,01a0b1c2-7e57-7c11-8e57-000000000001,01a0d76c-a53d-76a2-8c24-b9305de133da,ACTIVE,-283712,-3390616,2308280,0,0,0,0,0.0000
1566340,01a0b1c2-7e57-7c11-8e57-000000000001,01a0d76c-a53d-76a2-8c24-b9355d75a8b0,ACTIVE,1250000,250000,-2165064,0,0,0,0,0.0000
1566340,01a0b1c2-7e57-7c11-8e57-000000000001,01a0d76c-a53d-76a2-8c24-b9305de133da,ACTIVE,-283712,-3390616,2308280,0,0,0,0,0.0000
1566342,01a0b1c2-7e57-7c11-8e57-000000000001,01a0d76c-a53d-76a2-8c24-b9355d75a8b0,ACTIVE,1250000,250000,-2165064,0,0,0,0,0.0000
1566342,01a0b1c2-7e57-7c11-8e57-000000000001,01a0d76c-a53d-76a2-8c24-b9305de133da,ACTIVE,-283712,-3390616,2308280,0,0,0,0,0.0000
1566344,01a0b1c2-7e57-7c11-8e57-000000000001,01a0d76c-a53d-76a2-8c24-b9355d75a8b0,ACTIVE,1250000,250000,-2165064,0,0,0,0,0.0000
1566344,01a0b1c2-7e57-7c11-8e57-000000000001,01a0d76c-a53d-76a2-8c24-b9305de133da,ACTIVE,-283712,-3390616,2308280,0,0,0,0,0.0000
1566346,01a0b1c2-7e57-7c11-8e57-000000000001,01a0d76c-a53d-76a2-8c24-b9355d75a8b0,ACTIVE,1250000,250000,-2165064,0,0,0,0,0.0000
1566346,01a0b1c2-7e57-7c11-8e57-000000000001,01a0d76c-a53d-76a2-8c24-b9305de133da,ACTIVE,-283712,-3390616,2308280,0,0,0,0,0.0000
1566348,01a0b1c2-7e57-7c11-8e57-000000000001,01a0d76c-a53d-76a2-8c24-b9355d75a8b0,ACTIVE,1250000,250000,-2165064,0,0,0,0,0.0000
1566348,01a0b1c2-7e57-7c11-8e57-000000000001,01a0d76c-a53d-76a2-8c24-b9305de133da,ACTIVE,-283712,-3390616,2308280,0,0,0,0,0.0000
1566350,01a0b1c2-7e57-7c11-8e57-000000000001,01a0d76c-a53d-76a2-8c24-b9355d75a8b0,ACTIVE,1250000,250000,-2165064,0,0,0,0,0.0000
1566350,01a0b1c2-7e57-7c11-8e57-000000000001,01a0d76c-a53d-76a2-8c24-b9305de133da,ACTIVE,-283712,-3390616,2308280,0,0,0,0,0.0000
1566352,01a0b1c2-7e57-7c11-8e57-000000000001,01a0d76c-a53d-76a2-8c24-b9355d75a8b0,ACTIVE,1250000,250000,-2165064,0,0,0,0,0.0000
1566352,01a0b1c2-7e57-7c11-8e57-000000000001,01a0d76c-a53d-76a2-8c24-b9305de133da,ACTIVE,-283712,-3390616,2308280,0,0,0,0,0.0000
1566354,01a0b1c2-7e57-7c11-8e57-000000000001,01a0d76c-a53d-76a2-8c24-b9355d75a8b0,ACTIVE,1250000,250000,-2165064,0,0,0,0,0.0000
1566354,01a0b1c2-7e57-7c11-8e57-000000000001,01a0d76c-a53d-76a2-8c24-b9305de133da,ACTIVE,-283712,-3390616,2308280,0,0,0,0,0.0000
1566356,01a0b1c2-7e57-7c11-8e57-000000000001,01a0d76c-a53d-76a2-8c24-b9355d75a8b0,ACTIVE,1250000,250000,-2165064,0,0,0,0,0.0000
1566356,01a0b1c2-7e57-7c11-8e57-000000000001,01a0d76c-a53d-76a2-8c24-b9305de133da,ACTIVE,-283712,-3390616,2308280,0,0,0,0,0.0000
1566358,01a0b1c2-7e57-7c11-8e57-000000000001,01a0d76c-a53d-76a2-8c24-b9355d75a8b0,ACTIVE,1250000,250000,-2165064,0,0,0,0,0.0000
1566358,01a0b1c2-7e57-7c11-8e57-000000000001,01a0d76c-a53d-76a2-8c24-b9305de133da,ACTIVE,-283712,-3390616,2308280,0,0,0,0,0.0000
1566360,01a0b1c2-7e57-7c11-8e57-000000000001,01a0d76c-a53d-76a2-8c24-b9355d75a8b0,ACTIVE,1250000,250000,-2165064,0,0,0,0,0.0000
1566360,01a0b1c2-7e57-7c11-8e57-000000000001,01a0d76c-a53d-76a2-8c24-b9305de133da,ACTIVE,-283712,-3390616,2308280,0,0,0,0,0.0000
1566362,01a0b1c2-7e57-7c11-8e57-000000000001,01a0d76c-a53d-76a2-8c24-b9355d75a8b0,ACTIVE,1250000,250000,-2165064,0,0,0,0,0.0000
1566362,01a0b1c2-7e57-7c11-8e57-000000000001,01a0d76c-a53d-76a2-8c24-b9305de133da,ACTIVE,-283712,-3390616,2308280,0,0,0,0,0.0000
1566364,01a0b1c2-7e57-7c11-8e57-000000000001,01a0d76c-a53d-76a2-8c24-b9355d75a8b0,ACTIVE,1250000,250000,-2165064,0,0,0,0,0.0000
1566364,01a0b1c2-7e57-7c11-8e57-000000000001,01a0d76c-a53d-76a2-8c24-b9305de133da,ACTIVE,-283712,-3390616,2308280,0,0,0,0,0.0000
1566366,01a0b1c2-7e57-7c11-8e57-000000000001,01a0d76c-a53d-76a2-8c24-b9355d75a8b0,ACTIVE,1250000,250000,-2165064,0,0,0,0,0.0000
1566366,01a0b1c2-7e57-7c11-8e57-000000000001,01a0d76c-a53d-76a2-8c24-b9305de133da,ACTIVE,-283712,-3390616,2308280,0,0,0,0,0.0000
1566368,01a0b1c2-7e57-7c11-8e57-000000000001,01a0d76c-a53d-76a2-8c24-b9355d75a8b0,ACTIVE,1250000,250000,-2165064,0,0,0,0,0.0000
1566368,01a0b1c2-7e57-7c11-8e57-000000000001,01a0d76c-a53d-76a2-8c24-b9305de133da,ACTIVE,-283712,-3390616,2308280,0,0,0,0,0.0000
1566370,01a0b1c2-7e57-7c11-8e57-000000000001,01a0d76c-a53d-76a2-8c24-b9355d75a8b0,ACTIVE,1250000,250000,-2165064,0,0,0,0,0.0000
1566370,01a0b1c2-7e57-7c11-8e57-000000000001,01a0d76c-a53d-76a2-8c24-b9305de133da,ACTIVE,-283712,-3390616,2308280,0,0,0,0,0.0000
1566372,01a0b1c2-7e57-7c11-8e57-000000000001,01a0d76c-a53d-76a2-8c24-b9355d75a8b0,ACTIVE,1250000,250000,-2165064,0,0,0,0,0.0000
1566372,01a0b1c2-7e57-7c11-8e57-000000000001,01a0d76c-a53d-76a2-8c24-b9305de133da,ACTIVE,-283712,-3390616,2308280,0,0,0,0,0.0000
1566374,01a0b1c2-7e57-7c11-8e57-000000000001,01a0d76c-a53d-76a2-8c24-b9355d75a8b0,ACTIVE,1250000,250000,-2165064,0,0,0,0,0.0000
1566374,01a0b1c2-7e57-7c11-8e57-000000000001,01a0d76c-a53d-76a2-8c24-b9305de133da,ACTIVE,-283712,-3390616,2308280,0,0,0,0,0.0000
1566376,01a0b1c2-7e57-7c11-8e57-000000000001,01a0d76c-a53d-76a2-8c24-b9355d75a8b0,ACTIVE,1250000,250000,-2165064,0,0,0,0,0.0000
1566376,01a0b1c2-7e57-7c11-8e57-000000000001,01a0d76c-a53d-76a2-8c24-b9305de133da,ACTIVE,-283712,-3390616,2308280,0,0,0,0,0.0000
1566378,01a0b1c2-7e57-7c11-8e57-000000000001,01a0d76c-a53d-76a2-8c24-b9355d75a8b0,ACTIVE,1250000,250000,-2165064,0,0,0,0,0.0000
1566378,01a0b1c2-7e57-7c11-8e57-000000000001,01a0d76c-a53d-76a2-8c24-b9305de133da,ACTIVE,-283712,-3390616,2308280,0,0,0,0,0.0000
1566380,01a0b1c2-7e57-7c11-8e57-000000000001,01a0d76c-a53d-76a2-8c24-b9355d75a8b0,ACTIVE,1250000,250000,-2165064,0,0,0,0,0.0000
1566380,01a0b1c2-7e57-7c11-8e57-000000000001,01a0d76c-a53d-76a2-8c24-b9305de133da,ACTIVE,-283712,-3390616,2308280,0,0,0,0,0.0000
1566382,01a0b1c2-7e57-7c11-8e57-000000000001,01a0d76c-a53d-76a2-8c24-b9355d75a8b0,ACTIVE,1250000,250000,-2165064,0,0,0,0,0.0000
1566382,01a0b1c2-7e57-7c11-8e57-000000000001,01a0d76c-a53d-76a2-8c24-b9305de133da,ACTIVE,-283712,-3390616,2308280,0,0,0,0,0.0000
1566384,01a0b1c2-7e57-7c11-8e57-000000000001,01a0d76c-a53d-76a2-8c24-b9355d75a8b0,ACTIVE,1250000,250000,-2165064,0,0,0,0,0.0000
1566384,01a0b1c2-7e57-7c11-8e57-000000000001,01a0d76c-a53d-76a2-8c24-b9305de133da,ACTIVE,-283712,-3390616,2308280,0,0,0,0,0.0000
1566386,01a0b1c2-7e57-7c11-8e57-000000000001,01a0d76c-a53d-76a2-8c24-b9355d75a8b0,ACTIVE,1250000,250000,-2165064,0,0,0,0,0.0000
1566386,01a0b1c2-7e57-7c11-8e57-000000000001,01a0d76c-a53d-76a2-8c24-b9305de133da,ACTIVE,-283712,-3390616,2308280,0,0,0,0,0.0000
1566388,01a0b1c2-7e57-7c11-8e57-000000000001,01a0d76c-a53d-76a2-8c24-b9355d75a8b0,ACTIVE,1250000,250000,-2165064,0,0,0,0,0.0000
1566388,01a0b1c2-7e57-7c11-8e57-000000000001,01a0d76c-a53d-76a2-8c24-b9305de133da,ACTIVE,-283712,-3390616,2308280,0,0,0,0,0.0000
1566390,01a0b1c2-7e57-7c11-8e57-000000000001,01a0d76c-a53d-76a2-8c24-b9355d75a8b0,ACTIVE,1250000,250000,-2165064,0,0,0,0,0.0000
1566390,01a0b1c2-7e57-7c11-8e57-000000000001,01a0d76c-a53d-76a2-8c24-b9305de133da,ACTIVE,-283712,-3390616,2308280,0,0,0,0,0.0000
1566392,01a0b1c2-7e57-7c11-8e57-000000000001,01a0d76c-a53d-76a2-8c24-b9355d75a8b0,ACTIVE,1250000,250000,-2165064,0,0,0,0,0.0000
1566392,01a0b1c2-7e57-7c11-8e57-000000000001,01a0d76c-a53d-76a2-8c24-b9305de133da,ACTIVE,-283712,-3390616,2308280,0,0,0,0,0.0000
1566394,01a0b1c2-7e57-7c11-8e57-000000000001,01a0d76c-a53d-76a2-8c24-b9355d75a8b0,ACTIVE,1250000,250000,-2165064,0,0,0,0,0.0000
1566394,01a0b1c2-7e57-7c11-8e57-000000000001,01a0d76c-a53d-76a2-8c24-b9305de133da,ACTIVE,-283712,-3390616,2308280,0,0,0,0,0.0000
1566396,01a0b1c2-7e57-7c11-8e57-000000000001,01a0d76c-a53d-76a2-8c24-b9355d75a8b0,ACTIVE,1250000,250000,-2165064,0,0,0,0,0.0000
1566396,01a0b1c2-7e57-7c11-8e57-000000000001,01a0d76c-a53d-76a2-8c24-b9305de133da,ACTIVE,-283712,-3390616,2308280,0,0,0,0,0.0000
1566398,01a0b1c2-7e57-7c11-8e57-000000000001,01a0d76c-a53d-76a2-8c24-b9355d75a8b0,ACTIVE,1250000,250000,-2165064,0,0,0,0,0.0000
1566398,01a0b1c2-7e57-7c11-8e57-000000000001,01a0d76c-a53d-76a2-8c24-b9305de133da,ACTIVE,-283712,-3390616,2308280,0,0,0,0,0.0000
1566400,01a0b1c2-7e57-7c11-8e57-000000000001,01a0d76c-a53d-76a2-8c24-b9355d75a8b0,ACTIVE,1250000,250000,-2165064,0,0,0,0,0.0000
1566400,01a0b1c2-7e57-7c11-8e57-000000000001,01a0d76c-a53d-76a2-8c24-b9305de133da,ACTIVE,-283712,-3390616,2308280,0,0,0,0,0.0000
1566402,01a0b1c2-7e57-7c11-8e57-000000000001,01a0d76c-a53d-76a2-8c24-b9355d75a8b0,ACTIVE,1250000,250000,-2165064,0,0,0,0,0.0000
1566402,01a0b1c2-7e57-7c11-8e57-000000000001,01a0d76c-a53d-76a2-8c24-b9305de133da,ACTIVE,-283712,-3390616,2308280,0,0,0,0,0.0000
1566404,01a0b1c2-7e57-7c11-8e57-000000000001,01a0d76c-a53d-76a2-8c24-b9355d75a8b0,ACTIVE,1250000,250000,-2165064,0,0,0,0,0.0000
1566404,01a0b1c2-7e57-7c11-8e57-000000000001,01a0d76c-a53d-76a2-8c24-b9305de133da,ACTIVE,-283712,-3390616,2308280,0,0,0,0,0.0000
1566406,01a0b1c2-7e57-7c11-8e57-000000000001,01a0d76c-a53d-76a2-8c24-b9355d75a8b0,ACTIVE,1250000,250000,-2165064,0,0,0,0,0.0000
1566406,01a0b1c2-7e57-7c11-8e57-000000000001,01a0d76c-a53d-76a2-8c24-b9305de133da,ACTIVE,-283712,-3390616,2308280,0,0,0,0,0.0000
1566408,01a0b1c2-7e57-7c11-8e57-000000000001,01a0d76c-a53d-76a2-8c24-b9355d75a8b0,ACTIVE,1250000,250000,-2165064,0,0,0,0,0.0000
1566408,01a0b1c2-7e57-7c11-8e57-000000000001,01a0d76c-a53d-76a2-8c24-b9305de133da,ACTIVE,-283712,-3390616,2308280,0,0,0,0,0.0000
1566410,01a0b1c2-7e57-7c11-8e57-000000000001,01a0d76c-a53d-76a2-8c24-b9355d75a8b0,ACTIVE,1250000,250000,-2165064,0,0,0,0,0.0000
1566410,01a0b1c2-7e57-7c11-8e57-000000000001,01a0d76c-a53d-76a2-8c24-b9305de133da,ACTIVE,-283712,-3390616,2308280,0,0,0,0,0.0000
1566412,01a0b1c2-7e57-7c11-8e57-000000000001,01a0d76c-a53d-76a2-8c24-b9355d75a8b0,ACTIVE,1250000,250000,-2165064,0,0,0,0,0.0000
1566412,01a0b1c2-7e57-7c11-8e57-000000000001,01a0d76c-a53d-76a2-8c24-b9305de133da,ACTIVE,-283712,-3390616,2308280,0,0,0,0,0.0000
1566414,01a0b1c2-7e57-7c11-8e57-000000000001,01a0d76c-a53d-76a2-8c24-b9355d75a8b0,ACTIVE,1250000,250000,-2165064,0,0,0,0,0.0000
1566414,01a0b1c2-7e57-7c11-8e57-000000000001,01a0d76c-a53d-76a2-8c24-b9305de133da,ACTIVE,-283712,-3390616,2308280,0,0,0,0,0.0000
1566416,01a0b1c2-7e57-7c11-8e57-000000000001,01a0d76c-a53d-76a2-8c24-b9355d75a8b0,ACTIVE,1250000,250000,-2165064,0,0,0,0,0.0000
1566416,01a0b1c2-7e57-7c11-8e57-000000000001,01a0d76c-a53d-76a2-8c24-b9305de133da,ACTIVE,-283712,-3390616,2308280,0,0,0,0,0.0000
1566418,01a0b1c2-7e57-7c11-8e57-000000000001,01a0d76c-a53d-76a2-8c24-b9355d75a8b0,ACTIVE,1250000,250000,-2165064,0,0,0,0,0.0000
1566418,01a0b1c2-7e57-7c11-8e57-000000000001,01a0d76c-a53d-76a2-8c24-b9305de133da,ACTIVE,-283712,-3390616,2308280,0,0,0,0,0.0000
1566420,01a0b1c2-7e57-7c11-8e57-000000000001,01a0d76c-a53d-76a2-8c24-b9355d75a8b0,ACTIVE,1250000,250000,-2165064,0,0,0,0,0.0000
1566420,01a0b1c2-7e57-7c11-8e57-000000000001,01a0d76c-a53d-76a2-8c24-b9305de133da,ACTIVE,-283712,-3390616,2308280,0,0,0,0,0.0000
1566422,01a0b1c2-7e57-7c11-8e57-000000000001,01a0d76c-a53d-76a2-8c24-b9355d75a8b0,ACTIVE,1250000,250000,-2165064,0,0,0,0,0.0000
1566422,01a0b1c2-7e57-7c11-8e57-000000000001,01a0d76c-a53d-76a2-8c24-b9305de133da,ACTIVE,-283712,-3390616,2308280,0,0,0,0,0.0000
1566424,01a0b1c2-7e57-7c11-8e57-000000000001,01a0d76c-a53d-76a2-8c24-b9355d75a8b0,ACTIVE,1250000,250000,-2165064,0,0,0,0,0.0000
1566424,01a0b1c2-7e57-7c11-8e57-000000000001,01a0d76c-a53d-76a2-8c24-b9305de133da,ACTIVE,-283712,-3390616,2308280,0,0,0,0,0.0000
1566426,01a0b1c2-7e57-7c11-8e57-000000000001,01a0d76c-a53d-76a2-8c24-b9355d75a8b0,ACTIVE,1250000,250000,-2165064,0,0,0,0,0.0000
1566426,01a0b1c2-7e57-7c11-8e57-000000000001,01a0d76c-a53d-76a2-8c24-b9305de133da,ACTIVE,-283712,-3390616,2308280,0,0,0,0,0.0000
1566428,01a0b1c2-7e57-7c11-8e57-000000000001,01a0d76c-a53d-76a2-8c24-b9355d75a8b0,ACTIVE,1250000,250000,-2165064,0,0,0,0,0.0000
1566428,01a0b1c2-7e57-7c11-8e57-000000000001,01a0d76c-a53d-76a2-8c24-b9305de133da,ACTIVE,-283712,-3390616,2308280,0,0,0,0,0.0000
1566430,01a0b1c2-7e57-7c11-8e57-000000000001,01a0d76c-a53d-76a2-8c24-b9355d75a8b0,ACTIVE,1250000,250000,-2165064,0,0,0,0,0.0000
1566430,01a0b1c2-7e57-7c11-8e57-000000000001,01a0d76c-a53d-76a2-8c24-b9305de133da,ACTIVE,-283712,-3390616,2308280,0,0,0,0,0.0000
1566432,01a0b1c2-7e57-7c11-8e57-000000000001,01a0d76c-a53d-76a2-8c24-b9355d75a8b0,ACTIVE,1250000,250000,-2165064,0,0,0,0,0.0000
1566432,01a0b1c2-7e57-7c11-8e57-000000000001,01a0d76c-a53d-76a2-8c24-b9305de133da,ACTIVE,-283712,-3390616,2308280,0,0,0,0,0.0000
1566434,01a0b1c2-7e57-7c11-8e57-000000000001,01a0d76c-a53d-76a2-8c24-b9355d75a8b0,ACTIVE,1250000,250000,-2165064,0,0,0,0,0.0000
1566434,01a0b1c2-7e57-7c11-8e57-000000000001,01a0d76c-a53d-76a2-8c24-b9305de133da,ACTIVE,-283712,-3390616,2308280,0,0,0,0,0.0000
1566436,01a0b1c2-7e57-7c11-8e57-000000000001,01a0d76c-a53d-76a2-8c24-b9355d75a8b0,ACTIVE,1250000,250000,-2165064,0,0,0,0,0.0000
1566436,01a0b1c2-7e57-7c11-8e57-000000000001,01a0d76c-a53d-76a2-8c24-b9305de133da,ACTIVE,-283712,-3390616,2308280,0,0,0,0,0.0000
1566438,01a0b1c2-7e57-7c11-8e57-000000000001,01a0d76c-a53d-76a2-8c24-b9355d75a8b0,ACTIVE,1250000,250000,-2165064,0,0,0,0,0.0000
1566438,01a0b1c2-7e57-7c11-8e57-000000000001,01a0d76c-a53d-76a2-8c24-b9305de133da,ACTIVE,-283712,-3390616,2308280,0,0,0,0,0.0000
1566440,01a0b1c2-7e57-7c11-8e57-000000000001,01a0d76c-a53d-76a2-8c24-b9355d75a8b0,ACTIVE,1250000,250000,-2165064,0,0,0,0,0.0000
1566440,01a0b1c2-7e57-7c11-8e57-000000000001,01a0d76c-a53d-76a2-8c24-b9305de133da,ACTIVE,-283712,-3390616,2308280,0,0,0,0,0.0000
1566442,01a0b1c2-7e57-7c11-8e57-000000000001,01a0d76c-a53d-76a2-8c24-b9355d75a8b0,ACTIVE,1250000,250000,-2165064,0,0,0,0,0.0000
1566442,01a0b1c2-7e57-7c11-8e57-000000000001,01a0d76c-a53d-76a2-8c24-b9305de133da,ACTIVE,-283712,-3390616,2308280,0,0,0,0,0.0000
1566444,01a0b1c2-7e57-7c11-8e57-000000000001,01a0d76c-a53d-76a2-8c24-b9355d75a8b0,ACTIVE,1250000,250000,-2165064,0,0,0,0,0.0000
1566444,01a0b1c2-7e57-7c11-8e57-000000000001,01a0d76c-a53d-76a2-8c24-b9305de133da,ACTIVE,-283712,-3390616,2308280,0,0,0,0,0.0000
1566446,01a0b1c2-7e57-7c11-8e57-000000000001,01a0d76c-a53d-76a2-8c24-b9355d75a8b0,ACTIVE,1250000,250000,-2165064,0,0,0,0,0.0000
1566446,01a0b1c2-7e57-7c11-8e57-000000000001,01a0d76c-a53d-76a2-8c24-b9305de133da,ACTIVE,-283712,-3390616,2308280,0,0,0,0,0.0000
1566448,01a0b1c2-7e57-7c11-8e57-000000000001,01a0d76c-a53d-76a2-8c24-b9355d75a8b0,ACTIVE,1250000,250000,-2165064,0,0,0,0,0.0000
1566448,01a0b1c2-7e57-7c11-8e57-000000000001,01a0d76c-a53d-76a2-8c24-b9305de133da,ACTIVE,-283712,-3390616,2308280,0,0,0,0,0.0000
1566450,01a0b1c2-7e57-7c11-8e57-000000000001,01a0d76c-a53d-76a2-8c24-b9355d75a8b0,ACTIVE,1250000,250000,-2165064,0,0,0,0,0.0000
1566450,01a0b1c2-7e57-7c11-8e57-000000000001,01a0d76c-a53d-76a2-8c24-b9305de133da,ACTIVE,-283712,-3390616,2308280,0,0,0,0,0.0000
1566452,01a0b1c2-7e57-7c11-8e57-000000000001,01a0d76c-a53d-76a2-8c24-b9355d75a8b0,ACTIVE,1250000,250000,-2165064,0,0,0,0,0.0000
1566452,01a0b1c2-7e57-7c11-8e57-000000000001,01a0d76c-a53d-76a2-8c24-b9305de133da,ACTIVE,-283712,-3390616,2308280,0,0,0,0,0.0000
1566454,01a0b1c2-7e57-7c11-8e57-000000000001,01a0d76c-a53d-76a2-8c24-b9355d75a8b0,ACTIVE,1250000,250000,-2165064,0,0,0,0,0.0000
1566454,01a0b1c2-7e57-7c11-8e57-000000000001,01a0d76c-a53d-76a2-8c24-b9305de133da,ACTIVE,-283712,-3390616,2308280,0,0,0,0,0.0000
1566456,01a0b1c2-7e57-7c11-8e57-000000000001,01a0d76c-a53d-76a2-8c24-b9355d75a8b0,ACTIVE,1250000,250000,-2165064,0,0,0,0,0.0000
1566456,01a0b1c2-7e57-7c11-8e57-000000000001,01a0d76c-a53d-76a2-8c24-b9305de133da,ACTIVE,-283712,-3390616,2308280,0,0,0,0,0.0000
1566458,01a0b1c2-7e57-7c11-8e57-000000000001,01a0d76c-a53d-76a2-8c24-b9355d75a8b0,ACTIVE,1250000,250000,-2165064,0,0,0,0,0.0000
1566458,01a0b1c2-7e57-7c11-8e57-000000000001,01a0d76c-a53d-76a2-8c24-b9305de133da,ACTIVE,-283712,-3390616,2308280,0,0,0,0,0.0000
1566460,01a0b1c2-7e57-7c11-8e57-000000000001,01a0d76c-a53d-76a2-8c24-b9355d75a8b0,ACTIVE,1250000,250000,-2165064,0,0,0,0,0.0000
1566460,01a0b1c2-7e57-7c11-8e57-000000000001,01a0d76c-a53d-76a2-8c24-b9305de133da,ACTIVE,-283712,-3390616,2308280,0,0,0,0,0.0000
1566462,01a0b1c2-7e57-7c11-8e57-000000000001,01a0d76c-a53d-76a2-8c24-b9355d75a8b0,ACTIVE,1250000,250000,-2165064,0,0,0,0,0.0000
1566462,01a0b1c2-7e57-7c11-8e57-000000000001,01a0d76c-a53d-76a2-8c24-b9305de133da,ACTIVE,-283712,-3390616,2308280,0,0,0,0,0.0000
1566464,01a0b1c2-7e57-7c11-8e57-000000000001,01a0d76c-a53d-76a2-8c24-b9355d75a8b0,ACTIVE,1250000,250000,-2165064,0,0,0,0,0.0000
1566464,01a0b1c2-7e57-7c11-8e57-000000000001,01a0d76c-a53d-76a2-8c24-b9305de133da,ACTIVE,-283712,-3390616,2308280,0,0,0,0,0.0000
1566466,01a0b1c2-7e57-7c11-8e57-000000000001,01a0d76c-a53d-76a2-8c24-b9355d75a8b0,ACTIVE,1250000,250000,-2165064,0,0,0,0,0.0000
1566466,01a0b1c2-7e57-7c11-8e57-000000000001,01a0d76c-a53d-76a2-8c24-b9305de133da,ACTIVE,-283712,-3390616,2308280,0,0,0,0,0.0000
1566468,01a0b1c2-7e57-7c11-8e57-000000000001,01a0d76c-a53d-76a2-8c24-b9355d75a8b0,ACTIVE,1250000,250000,-2165064,0,0,0,0,0.0000
1566468,01a0b1c2-7e57-7c11-8e57-000000000001,01a0d76c-a53d-76a2-8c24-b9305de133da,ACTIVE,-283712,-3390616,2308280,0,0,0,0,0.0000
1566470,01a0b1c2-7e57-7c11-8e57-000000000001,01a0d76c-a53d-76a2-8c24-b9355d75a8b0,ACTIVE,1250000,250000,-2165064,0,0,0,0,0.0000
1566470,01a0b1c2-7e57-7c11-8e57-000000000001,01a0d76c-a53d-76a2-8c24-b9305de133da,ACTIVE,-283712,-3390616,2308280,0,0,0,0,0.0000
1566472,01a0b1c2-7e57-7c11-8e57-000000000001,01a0d76c-a53d-76a2-8c24-b9355d75a8b0,ACTIVE,1250000,250000,-2165064,0,0,0,0,0.0000
1566472,01a0b1c2-7e57-7c11-8e57-000000000001,01a0d76c-a53d-76a2-8c24-b9305de133da,ACTIVE,-283712,-3390616,2308280,0,0,0,0,0.0000
1566474,01a0b1c2-7e57-7c11-8e57-000000000001,01a0d76c-a53d-76a2-8c24-b9355d75a8b0,ACTIVE,1250000,250000,-2165064,0,0,0,0,0.0000
1566474,01a0b1c2-7e57-7c11-8e57-000000000001,01a0d76c-a53d-76a2-8c24-b9305de133da,ACTIVE,-283712,-3390616,2308280,0,0,0,0,0.0000
1566476,01a0b1c2-7e57-7c11-8e57-000000000001,01a0d76c-a53d-76a2-8c24-b9355d75a8b0,ACTIVE,1250000,250000,-2165064,0,0,0,0,0.0000
1566476,01a0b1c2-7e57-7c11-8e57-000000000001,01a0d76c-a53d-76a2-8c24-b9305de133da,ACTIVE,-283712,-3390616,2308280,0,0,0,0,0.0000
1566478,01a0b1c2-7e57-7c11-8e57-000000000001,01a0d76c-a53d-76a2-8c24-b9355d75a8b0,ACTIVE,1250000,250000,-2165064,0,0,0,0,0.0000
1566478,01a0b1c2-7e57-7c11-8e57-000000000001,01a0d76c-a53d-76a2-8c24-b9305de133da,ACTIVE,-283712,-3390616,2308280,0,0,0,0,0.0000
1566480,01a0b1c2-7e57-7c11-8e57-000000000001,01a0d76c-a53d-76a2-8c24-b9355d75a8b0,ACTIVE,1250000,250000,-2165064,0,0,0,0,0.0000
1566480,01a0b1c2-7e57-7c11-8e57-000000000001,01a0d76c-a53d-76a2-8c24-b9305de133da,ACTIVE,-283712,-3390616,2308280,0,0,0,0,0.0000
1566482,01a0b1c2-7e57-7c11-8e57-000000000001,01a0d76c-a53d-76a2-8c24-b9355d75a8b0,ACTIVE,1250000,250000,-2165064,0,0,0,0,0.0000
1566482,01a0b1c2-7e57-7c11-8e57-000000000001,01a0d76c-a53d-76a2-8c24-b9305de133da,ACTIVE,-283712,-3390616,2308280,0,0,0,0,0.0000
1566484,01a0b1c2-7e57-7c11-8e57-000000000001,01a0d76c-a53d-76a2-8c24-b9355d75a8b0,ACTIVE,1250000,250000,-2165064,0,0,0,0,0.0000
1566484,01a0b1c2-7e57-7c11-8e57-000000000001,01a0d76c-a53d-76a2-8c24-b9305de133da,ACTIVE,-283712,-3390616,2308280,0,0,0,0,0.0000
1566486,01a0b1c2-7e57-7c11-8e57-000000000001,01a0d76c-a53d-76a2-8c24-b9355d75a8b0,ACTIVE,1250000,250000,-2165064,0,0,0,0,0.0000
1566486,01a0b1c2-7e57-7c11-8e57-000000000001,01a0d76c-a53d-76a2-8c24-b9305de133da,ACTIVE,-283712,-3390616,2308280,0,0,0,0,0.0000
1566488,01a0b1c2-7e57-7c11-8e57-000000000001,01a0d76c-a53d-76a2-8c24-b9355d75a8b0,ACTIVE,1250000,250000,-2165064,0,0,0,0,0.0000
1566488,01a0b1c2-7e57-7c11-8e57-000000000001,01a0d76c-a53d-76a2-8c24-b9305de133da,ACTIVE,-283712,-3390616,2308280,0,0,0,0,0.0000
1566490,01a0b1c2-7e57-7c11-8e57-000000000001,01a0d76c-a53d-76a2-8c24-b9355d75a8b0,ACTIVE,1250000,250000,-2165064,0,0,0,0,0.0000
1566490,01a0b1c2-7e57-7c11-8e57-000000000001,01a0d76c-a53d-76a2-8c24-b9305de133da,ACTIVE,-283712,-3390616,2308280,0,0,0,0,0.0000
1566492,01a0b1c2-7e57-7c11-8e57-000000000001,01a0d76c-a53d-76a2-8c24-b9355d75a8b0,ACTIVE,1250000,250000,-2165064,0,0,0,0,0.0000
1566492,01a0b1c2-7e57-7c11-8e57-000000000001,01a0d76c-a53d-76a2-8c24-b9305de133da,ACTIVE,-283712,-3390616,2308280,0,0,0,0,0.0000
1566494,01a0b1c2-7e57-7c11-8e57-000000000001,01a0d76c-a53d-76a2-8c24-b9355d75a8b0,ACTIVE,1250000,250000,-2165064,0,0,0,0,0.0000
1566494,01a0b1c2-7e57-7c11-8e57-000000000001,01a0d76c-a53d-76a2-8c24-b9305de133da,ACTIVE,-283712,-3390616,2308280,0,0,0,0,0.0000
1566496,01a0b1c2-7e57-7c11-8e57-000000000001,01a0d76c-a53d-76a2-8c24-b9355d75a8b0,ACTIVE,1250000,250000,-2165064,0,0,0,0,0.0000
1566496,01a0b1c2-7e57-7c11-8e57-000000000001,01a0d76c-a53d-76a2-8c24-b9305de133da,ACTIVE,-283712,-3390616,2308280,0,0,0,0,0.0000
1566498,01a0b1c2-7e57-7c11-8e57-000000000001,01a0d76c-a53d-76a2-8c24-b9355d75a8b0,ACTIVE,1250000,250000,-2165064,0,0,0,0,0.0000
1566498,01a0b1c2-7e57-7c11-8e57-000000000001,01a0d76c-a53d-76a2-8c24-b9305de133da,ACTIVE,-283712,-3390616,2308280,0,0,0,0,0.0000
1566500,01a0b1c2-7e57-7c11-8e57-000000000001,01a0d76c-a53d-76a2-8c24-b9355d75a8b0,ACTIVE,1250000,250000,-2165064,0,0,0,0,0.0000
1566500,01a0b1c2-7e57-7c11-8e57-000000000001,01a0d76c-a53d-76a2-8c24-b9305de133da,ACTIVE,-283712,-3390616,2308280,0,0,0,0,0.0000
1566502,01a0b1c2-7e57-7c11-8e57-000000000001,01a0d76c-a53d-76a2-8c24-b9355d75a8b0,ACTIVE,1250000,250000,-2165064,0,0,0,0,0.0000
1566502,01a0b1c2-7e57-7c11-8e57-000000000001,01a0d76c-a53d-76a2-8c24-b9305de133da,ACTIVE,-283712,-3390616,2308280,0,0,0,0,0.0000
1566504,01a0b1c2-7e57-7c11-8e57-000000000001,01a0d76c-a53d-76a2-8c24-b9355d75a8b0,ACTIVE,1250000,250000,-2165064,0,0,0,0,0.0000
1566504,01a0b1c2-7e57-7c11-8e57-000000000001,01a0d76c-a53d-76a2-8c24-b9305de133da,ACTIVE,-283712,-3390616,2308280,0,0,0,0,0.0000
1566506,01a0b1c2-7e57-7c11-8e57-000000000001,01a0d76c-a53d-76a2-8c24-b9355d75a8b0,ACTIVE,1250000,250000,-2165064,0,0,0,0,0.0000
1566506,01a0b1c2-7e57-7c11-8e57-000000000001,01a0d76c-a53d-76a2-8c24-b9305de133da,ACTIVE,-283712,-3390616,2308280,0,0,0,0,0.0000
1566508,01a0b1c2-7e57-7c11-8e57-000000000001,01a0d76c-a53d-76a2-8c24-b9355d75a8b0,ACTIVE,1250000,250000,-2165064,0,0,0,0,0.0000
1566508,01a0b1c2-7e57-7c11-8e57-000000000001,01a0d76c-a53d-76a2-8c24-b9305de133da,ACTIVE,-283712,-3390616,2308280,0,0,0,0,0.0000
1566510,01a0b1c2-7e57-7c11-8e57-000000000001,01a0d76c-a53d-76a2-8c24-b9355d75a8b0,ACTIVE,1250000,250000,-2165064,0,0,0,0,0.0000
1566510,01a0b1c2-7e57-7c11-8e57-000000000001,01a0d76c-a53d-76a2-8c24-b9305de133da,ACTIVE,-283712,-3390616,2308280,0,0,0,0,0.0000
1566512,01a0b1c2-7e57-7c11-8e57-000000000001,01a0d76c-a53d-76a2-8c24-b9355d75a8b0,ACTIVE,1250000,250000,-2165064,0,0,0,0,0.0000
1566512,01a0b1c2-7e57-7c11-8e57-000000000001,01a0d76c-a53d-76a2-8c24-b9305de133da,ACTIVE,-283712,-3390616,2308280,0,0,0,0,0.0000
1566514,01a0b1c2-7e57-7c11-8e57-000000000001,01a0d76c-a53d-76a2-8c24-b9355d75a8b0,ACTIVE,1250000,250000,-2165064,0,0,0,0,0.0000
1566514,01a0b1c2-7e57-7c11-8e57-000000000001,01a0d76c-a53d-76a2-8c24-b9305de133da,ACTIVE,-283712,-3390616,2308280,0,0,0,0,0.0000
1566516,01a0b1c2-7e57-7c11-8e57-000000000001,01a0d76c-a53d-76a2-8c24-b9355d75a8b0,ACTIVE,1250000,250000,-2165064,0,0,0,0,0.0000
1566516,01a0b1c2-7e57-7c11-8e57-000000000001,01a0d76c-a53d-76a2-8c24-b9305de133da,ACTIVE,-283712,-3390616,2308280,0,0,0,0,0.0000
1566518,01a0b1c2-7e57-7c11-8e57-000000000001,01a0d76c-a53d-76a2-8c24-b9355d75a8b0,ACTIVE,1250000,250000,-2165064,0,0,0,0,0.0000
1566518,01a0b1c2-7e57-7c11-8e57-000000000001,01a0d76c-a53d-76a2-8c24-b9305de133da,ACTIVE,-283712,-3390616,2308280,0,0,0,0,0.0000
1566520,01a0b1c2-7e57-7c11-8e57-000000000001,01a0d76c-a53d-76a2-8c24-b9355d75a8b0,ACTIVE,1250000,250000,-2165064,0,0,0,0,0.0000
1566520,01a0b1c2-7e57-7c11-8e57-000000000001,01a0d76c-a53d-76a2-8c24-b9305de133da,ACTIVE,-283712,-3390616,2308280,0,0,0,0,0.0000
1566522,01a0b1c2-7e57-7c11-8e57-000000000001,01a0d76c-a53d-76a2-8c24-b9355d75a8b0,ACTIVE,1250000,250000,-2165064,0,0,0,0,0.0000
1566522,01a0b1c2-7e57-7c11-8e57-000000000001,01a0d76c-a53d-76a2-8c24-b9305de133da,ACTIVE,-283712,-3390616,2308280,0,0,0,0,0.0000
1566524,01a0b1c2-7e57-7c11-8e57-000000000001,01a0d76c-a53d-76a2-8c24-b9355d75a8b0,ACTIVE,1250000,250000,-2165064,0,0,0,0,0.0000
1566524,01a0b1c2-7e57-7c11-8e57-000000000001,01a0d76c-a53d-76a2-8c24-b9305de133da,ACTIVE,-283712,-3390616,2308280,0,0,0,0,0.0000
1566526,01a0b1c2-7e57-7c11-8e57-000000000001,01a0d76c-a53d-76a2-8c24-b9355d75a8b0,ACTIVE,1250000,250000,-2165064,0,0,0,0,0.0000
1566526,01a0b1c2-7e57-7c11-8e57-000000000001,01a0d76c-a53d-76a2-8c24-b9305de133da,ACTIVE,-283712,-3390616,2308280,0,0,0,0,0.0000
1566528,01a0b1c2-7e57-7c11-8e57-000000000001,01a0d76c-a53d-76a2-8c24-b9355d75a8b0,ACTIVE,1250000,250000,-2165064,0,0,0,0,0.0000
1566528,01a0b1c2-7e57-7c11-8e57-000000000001,01a0d76c-a53d-76a2-8c24-b9305de133da,ACTIVE,-283712,-3390616,2308280,0,0,0,0,0.0000
1566530,01a0b1c2-7e57-7c11-8e57-000000000001,01a0d76c-a53d-76a2-8c24-b9355d75a8b0,ACTIVE,1250000,250000,-2165064,0,0,0,0,0.0000
1566530,01a0b1c2-7e57-7c11-8e57-000000000001,01a0d76c-a53d-76a2-8c24-b9305de133da,ACTIVE,-283712,-3390616,2308280,0,0,0,0,0.0000
1566532,01a0b1c2-7e57-7c11-8e57-000000000001,01a0d76c-a53d-76a2-8c24-b9355d75a8b0,ACTIVE,1250000,250000,-2165064,0,0,0,0,0.0000
1566532,01a0b1c2-7e57-7c11-8e57-000000000001,01a0d76c-a53d-76a2-8c24-b9305de133da,ACTIVE,-283712,-3390616,2308280,0,0,0,0,0.0000
1566534,01a0b1c2-7e57-7c11-8e57-000000000001,01a0d76c-a53d-76a2-8c24-b9355d75a8b0,ACTIVE,1250000,250000,-2165064,0,0,0,0,0.0000
1566534,01a0b1c2-7e57-7c11-8e57-000000000001,01a0d76c-a53d-76a2-8c24-b9305de133da,ACTIVE,-283712,-3390616,2308280,0,0,0,0,0.0000
1566536,01a0b1c2-7e57-7c11-8e57-000000000001,01a0d76c-a53d-76a2-8c24-b9355d75a8b0,ACTIVE,1250000,250000,-2165064,0,0,0,0,0.0000
1566536,01a0b1c2-7e57-7c11-8e57-000000000001,01a0d76c-a53d-76a2-8c24-b9305de133da,ACTIVE,-283712,-3390616,2308280,0,0,0,0,0.0000
1566538,01a0b1c2-7e57-7c11-8e57-000000000001,01a0d76c-a53d-76a2-8c24-b9355d75a8b0,ACTIVE,1250000,250000,-2165064,0,0,0,0,0.0000
1566538,01a0b1c2-7e57-7c11-8e57-000000000001,01a0d76c-a53d-76a2-8c24-b9305de133da,ACTIVE,-283712,-3390616,2308280,0,0,0,0,0.0000
1566540,01a0b1c2-7e57-7c11-8e57-000000000001,01a0d76c-a53d-76a2-8c24-b9355d75a8b0,ACTIVE,1250000,250000,-2165064,0,0,0,0,0.0000
1566540,01a0b1c2-7e57-7c11-8e57-000000000001,01a0d76c-a53d-76a2-8c24-b9305de133da,ACTIVE,-283712,-3390616,2308280,0,0,0,0,0.0000
1566542,01a0b1c2-7e57-7c11-8e57-000000000001,01a0d76c-a53d-76a2-8c24-b9355d75a8b0,ACTIVE,1250000,250000,-2165064,0,0,0,0,0.0000
1566542,01a0b1c2-7e57-7c11-8e57-000000000001,01a0d76c-a53d-76a2-8c24-b9305de133da,ACTIVE,-283712,-3390616,2308280,0,0,0,0,0.0000
1566544,01a0b1c2-7e57-7c11-8e57-000000000001,01a0d76c-a53d-76a2-8c24-b9355d75a8b0,ACTIVE,1250000,250000,-2165064,0,0,0,0,0.0000
1566544,01a0b1c2-7e57-7c11-8e57-000000000001,01a0d76c-a53d-76a2-8c24-b9305de133da,ACTIVE,-283712,-3390616,2308280,0,0,0,0,0.0000
1566546,01a0b1c2-7e57-7c11-8e57-000000000001,01a0d76c-a53d-76a2-8c24-b9355d75a8b0,ACTIVE,1250000,250000,-2165064,0,0,0,0,0.0000
1566546,01a0b1c2-7e57-7c11-8e57-000000000001,01a0d76c-a53d-76a2-8c24-b9305de133da,ACTIVE,-283712,-3390616,2308280,0,0,0,0,0.0000
1566548,01a0b1c2-7e57-7c11-8e57-000000000001,01a0d76c-a53d-76a2-8c24-b9355d75a8b0,ACTIVE,1250000,250000,-2165064,0,0,0,0,0.0000
1566548,01a0b1c2-7e57-7c11-8e57-000000000001,01a0d76c-a53d-76a2-8c24-b9305de133da,ACTIVE,-283712,-3390616,2308280,0,0,0,0,0.0000
1566550,01a0b1c2-7e57-7c11-8e57-000000000001,01a0d76c-a53d-76a2-8c24-b9355d75a8b0,ACTIVE,1250000,250000,-2165064,0,0,0,0,0.0000
1566550,01a0b1c2-7e57-7c11-8e57-000000000001,01a0d76c-a53d-76a2-8c24-b9305de133da,ACTIVE,-283712,-3390616,2308280,0,0,0,0,0.0000
1566552,01a0b1c2-7e57-7c11-8e57-000000000001,01a0d76c-a53d-76a2-8c24-b9355d75a8b0,ACTIVE,1250000,250000,-2165064,0,0,0,0,0.0000
1566552,01a0b1c2-7e57-7c11-8e57-000000000001,01a0d76c-a53d-76a2-8c24-b9305de133da,ACTIVE,-283712,-3390616,2308280,0,0,0,0,0.0000
1566554,01a0b1c2-7e57-7c11-8e57-000000000001,01a0d76c-a53d-76a2-8c24-b9355d75a8b0,ACTIVE,1250000,250000,-2165064,0,0,0,0,0.0000
1566554,01a0b1c2-7e57-7c11-8e57-000000000001,01a0d76c-a53d-76a2-8c24-b9305de133da,ACTIVE,-283712,-3390616,2308280,0,0,0,0,0.0000
1566556,01a0b1c2-7e57-7c11-8e57-000000000001,01a0d76c-a53d-76a2-8c24-b9355d75a8b0,ACTIVE,1250000,250000,-2165064,0,0,0,0,0.0000
1566556,01a0b1c2-7e57-7c11-8e57-000000000001,01a0d76c-a53d-76a2-8c24-b9305de133da,ACTIVE,-283712,-3390616,2308280,0,0,0,0,0.0000
1566558,01a0b1c2-7e57-7c11-8e57-000000000001,01a0d76c-a53d-76a2-8c24-b9355d75a8b0,ACTIVE,1250000,250000,-2165064,0,0,0,0,0.0000
1566558,01a0b1c2-7e57-7c11-8e57-000000000001,01a0d76c-a53d-76a2-8c24-b9305de133da,ACTIVE,-283712,-3390616,2308280,0,0,0,0,0.0000
1566560,01a0b1c2-7e57-7c11-8e57-000000000001,01a0d76c-a53d-76a2-8c24-b9355d75a8b0,ACTIVE,1250000,250000,-2165064,0,0,0,0,0.0000
1566560,01a0b1c2-7e57-7c11-8e57-000000000001,01a0d76c-a53d-76a2-8c24-b9305de133da,ACTIVE,-283712,-3390616,2308280,0,0,0,0,0.0000
1566562,01a0b1c2-7e57-7c11-8e57-000000000001,01a0d76c-a53d-76a2-8c24-b9355d75a8b0,ACTIVE,1250000,250000,-2165064,0,0,0,0,0.0000
1566562,01a0b1c2-7e57-7c11-8e57-000000000001,01a0d76c-a53d-76a2-8c24-b9305de133da,ACTIVE,-283712,-3390616,2308280,0,0,0,0,0.0000
1566564,01a0b1c2-7e57-7c11-8e57-000000000001,01a0d76c-a53d-76a2-8c24-b9355d75a8b0,ACTIVE,1250000,250000,-2165064,0,0,0,0,0.0000
1566564,01a0b1c2-7e57-7c11-8e57-000000000001,01a0d76c-a53d-76a2-8c24-b9305de133da,ACTIVE,-283712,-3390616,2308280,0,0,0,0,0.0000
1566566,01a0b1c2-7e57-7c11-8e57-000000000001,01a0d76c-a53d-76a2-8c24-b9355d75a8b0,ACTIVE,1250000,250000,-2165064,0,0,0,0,0.0000
1566566,01a0b1c2-7e57-7c11-8e57-000000000001,01a0d76c-a53d-76a2-8c24-b9305de133da,ACTIVE,-283712,-3390616,2308280,0,0,0,0,0.0000
1566568,01a0b1c2-7e57-7c11-8e57-000000000001,01a0d76c-a53d-76a2-8c24-b9355d75a8b0,ACTIVE,1250000,250000,-2165064,0,0,0,0,0.0000
1566568,01a0b1c2-7e57-7c11-8e57-000000000001,01a0d76c-a53d-76a2-8c24-b9305de133da,ACTIVE,-283712,-3390616,2308280,0,0,0,0,0.0000
1566570,01a0b1c2-7e57-7c11-8e57-000000000001,01a0d76c-a53d-76a2-8c24-b9355d75a8b0,ACTIVE,1250000,250000,-2165064,0,0,0,0,0.0000
1566570,01a0b1c2-7e57-7c11-8e57-000000000001,01a0d76c-a53d-76a2-8c24-b9305de133da,ACTIVE,-283712,-3390616,2308280,0,0,0,0,0.0000
1566572,01a0b1c2-7e57-7c11-8e57-000000000001,01a0d76c-a53d-76a2-8c24-b9355d75a8b0,ACTIVE,1250000,250000,-2165064,0,0,0,0,0.0000
1566572,01a0b1c2-7e57-7c11-8e57-000000000001,01a0d76c-a53d-76a2-8c24-b9305de133da,ACTIVE,-283712,-3390616,2308280,0,0,0,0,0.0000
1566574,01a0b1c2-7e57-7c11-8e57-000000000001,01a0d76c-a53d-76a2-8c24-b9355d75a8b0,ACTIVE,1250000,250000,-2165064,0,0,0,0,0.0000
1566574,01a0b1c2-7e57-7c11-8e57-000000000001,01a0d76c-a53d-76a2-8c24-b9305de133da,ACTIVE,-283712,-3390616,2308280,0,0,0,0,0.0000
1566576,01a0b1c2-7e57-7c11-8e57-000000000001,01a0d76c-a53d-76a2-8c24-b9355d75a8b0,ACTIVE,1250000,250000,-2165064,0,0,0,0,0.0000
1566576,01a0b1c2-7e57-7c11-8e57-000000000001,01a0d76c-a53d-76a2-8c24-b9305de133da,ACTIVE,-283712,-3390616,2308280,0,0,0,0,0.0000
1566578,01a0b1c2-7e57-7c11-8e57-000000000001,01a0d76c-a53d-76a2-8c24-b9355d75a8b0,ACTIVE,1250000,250000,-2165064,0,0,0,0,0.0000
1566578,01a0b1c2-7e57-7c11-8e57-000000000001,01a0d76c-a53d-76a2-8c24-b9305de133da,ACTIVE,-283712,-3390616,2308280,0,0,0,0,0.0000
1566580,01a0b1c2-7e57-7c11-8e57-000000000001,01a0d76c-a53d-76a2-8c24-b9355d75a8b0,ACTIVE,1250000,250000,-2165064,0,0,0,0,0.0000
1566580,01a0b1c2-7e57-7c11-8e57-000000000001,01a0d76c-a53d-76a2-8c24-b9305de133da,ACTIVE,-283712,-3390616,2308280,0,0,0,0,0.0000
1566582,01a0b1c2-7e57-7c11-8e57-000000000001,01a0d76c-a53d-76a2-8c24-b9355d75a8b0,ACTIVE,1250000,250000,-2165064,0,0,0,0,0.0000
1566582,01a0b1c2-7e57-7c11-8e57-000000000001,01a0d76c-a53d-76a2-8c24-b9305de133da,ACTIVE,-283712,-3390616,2308280,0,0,0,0,0.0000
1566584,01a0b1c2-7e57-7c11-8e57-000000000001,01a0d76c-a53d-76a2-8c24-b9355d75a8b0,ACTIVE,1250000,250000,-2165064,0,0,0,0,0.0000
1566584,01a0b1c2-7e57-7c11-8e57-000000000001,01a0d76c-a53d-76a2-8c24-b9305de133da,ACTIVE,-283712,-3390616,2308280,0,0,0,0,0.0000
1566586,01a0b1c2-7e57-7c11-8e57-000000000001,01a0d76c-a53d-76a2-8c24-b9355d75a8b0,ACTIVE,1250000,250000,-2165064,0,0,0,0,0.0000
1566586,01a0b1c2-7e57-7c11-8e57-000000000001,01a0d76c-a53d-76a2-8c24-b9305de133da,ACTIVE,-283712,-3390616,2308280,0,0,0,0,0.0000
1566588,01a0b1c2-7e57-7c11-8e57-000000000001,01a0d76c-a53d-76a2-8c24-b9355d75a8b0,ACTIVE,1250000,250000,-2165064,0,0,0,0,0.0000
1566588,01a0b1c2-7e57-7c11-8e57-000000000001,01a0d76c-a53d-76a2-8c24-b9305de133da,ACTIVE,-283712,-3390616,2308280,0,0,0,0,0.0000
1566590,01a0b1c2-7e57-7c11-8e57-000000000001,01a0d76c-a53d-76a2-8c24-b9355d75a8b0,ACTIVE,1250000,250000,-2165064,0,0,0,0,0.0000
1566590,01a0b1c2-7e57-7c11-8e57-000000000001,01a0d76c-a53d-76a2-8c24-b9305de133da,ACTIVE,-283712,-3390616,2308280,0,0,0,0,0.0000
1566592,01a0b1c2-7e57-7c11-8e57-000000000001,01a0d76c-a53d-76a2-8c24-b9355d75a8b0,ACTIVE,1250000,250000,-2165064,0,0,0,0,0.0000
1566592,01a0b1c2-7e57-7c11-8e57-000000000001,01a0d76c-a53d-76a2-8c24-b9305de133da,ACTIVE,-283712,-3390616,2308280,0,0,0,0,0.0000
1566594,01a0b1c2-7e57-7c11-8e57-000000000001,01a0d76c-a53d-76a2-8c24-b9355d75a8b0,ACTIVE,1250000,250000,-2165064,0,0,0,0,0.0000
1566594,01a0b1c2-7e57-7c11-8e57-000000000001,01a0d76c-a53d-76a2-8c24-b9305de133da,ACTIVE,-283712,-3390616,2308280,0,0,0,0,0.0000
1566596,01a0b1c2-7e57-7c11-8e57-000000000001,01a0d76c-a53d-76a2-8c24-b9355d75a8b0,ACTIVE,1250000,250000,-2165064,0,0,0,0,0.0000
1566596,01a0b1c2-7e57-7c11-8e57-000000000001,01a0d76c-a53d-76a2-8c24-b9305de133da,ACTIVE,-283712,-3390616,2308280,0,0,0,0,0.0000
1566598,01a0b1c2-7e57-7c11-8e57-000000000001,01a0d76c-a53d-76a2-8c24-b9355d75a8b0,ACTIVE,1250000,250000,-2165064,0,0,0,0,0.0000
1566598,01a0b1c2-7e57-7c11-8e57-000000000001,01a0d76c-a53d-76a2-8c24-b9305de133da,ACTIVE,-283712,-3390616,2308280,0,0,0,0,0.0000
1566600,01a0b1c2-7e57-7c11-8e57-000000000001,01a0d76c-a53d-76a2-8c24-b9355d75a8b0,ACTIVE,1250000,250000,-2165064,0,0,0,0,0.0000
1566600,01a0b1c2-7e57-7c11-8e57-000000000001,01a0d76c-a53d-76a2-8c24-b9305de133da,ACTIVE,-283712,-3390616,2308280,0,0,0,0,0.0000
1566602,01a0b1c2-7e57-7c11-8e57-000000000001,01a0d76c-a53d-76a2-8c24-b9355d75a8b0,ACTIVE,1250000,250000,-2165064,0,0,0,0,0.0000
1566602,01a0b1c2-7e57-7c11-8e57-000000000001,01a0d76c-a53d-76a2-8c24-b9305de133da,ACTIVE,-283712,-3390616,2308280,0,0,0,0,0.0000
1566604,01a0b1c2-7e57-7c11-8e57-000000000001,01a0d76c-a53d-76a2-8c24-b9355d75a8b0,ACTIVE,1250000,250000,-2165064,0,0,0,0,0.0000
1566604,01a0b1c2-7e57-7c11-8e57-000000000001,01a0d76c-a53d-76a2-8c24-b9305de133da,ACTIVE,-283712,-3390616,2308280,0,0,0,0,0.0000
1566606,01a0b1c2-7e57-7c11-8e57-000000000001,01a0d76c-a53d-76a2-8c24-b9355d75a8b0,ACTIVE,1250000,250000,-2165064,0,0,0,0,0.0000
1566606,01a0b1c2-7e57-7c11-8e57-000000000001,01a0d76c-a53d-76a2-8c24-b9305de133da,ACTIVE,-283712,-3390616,2308280,0,0,0,0,0.0000
1566608,01a0b1c2-7e57-7c11-8e57-000000000001,01a0d76c-a53d-76a2-8c24-b9355d75a8b0,ACTIVE,1250000,250000,-2165064,0,0,0,0,0.0000
1566608,01a0b1c2-7e57-7c11-8e57-000000000001,01a0d76c-a53d-76a2-8c24-b9305de133da,ACTIVE,-283712,-3390616,2308280,0,0,0,0,0.0000
1566610,01a0b1c2-7e57-7c11-8e57-000000000001,01a0d76c-a53d-76a2-8c24-b9355d75a8b0,ACTIVE,1250000,250000,-2165064,0,0,0,0,0.0000
1566610,01a0b1c2-7e57-7c11-8e57-000000000001,01a0d76c-a53d-76a2-8c24-b9305de133da,ACTIVE,-283712,-3390616,2308280,0,0,0,0,0.0000
1566612,01a0b1c2-7e57-7c11-8e57-000000000001,01a0d76c-a53d-76a2-8c24-b9355d75a8b0,ACTIVE,1250000,250000,-2165064,0,0,0,0,0.0000
1566612,01a0b1c2-7e57-7c11-8e57-000000000001,01a0d76c-a53d-76a2-8c24-b9305de133da,ACTIVE,-283712,-3390616,2308280,0,0,0,0,0.0000
1566614,01a0b1c2-7e57-7c11-8e57-000000000001,01a0d76c-a53d-76a2-8c24-b9355d75a8b0,ACTIVE,1250000,250000,-2165064,0,0,0,0,0.0000
1566614,01a0b1c2-7e57-7c11-8e57-000000000001,01a0d76c-a53d-76a2-8c24-b9305de133da,ACTIVE,-283712,-3390616,2308280,0,0,0,0,0.0000
1566616,01a0b1c2-7e57-7c11-8e57-000000000001,01a0d76c-a53d-76a2-8c24-b9355d75a8b0,ACTIVE,1250000,250000,-2165064,0,0,0,0,0.0000
1566616,01a0b1c2-7e57-7c11-8e57-000000000001,01a0d76c-a53d-76a2-8c24-b9305de133da,ACTIVE,-283712,-3390616,2308280,0,0,0,0,0.0000
1566618,01a0b1c2-7e57-7c11-8e57-000000000001,01a0d76c-a53d-76a2-8c24-b9355d75a8b0,ACTIVE,1250000,250000,-2165064,0,0,0,0,0.0000
1566618,01a0b1c2-7e57-7c11-8e57-000000000001,01a0d76c-a53d-76a2-8c24-b9305de133da,ACTIVE,-283712,-3390616,2308280,0,0,0,0,0.0000
1566620,01a0b1c2-7e57-7c11-8e57-000000000001,01a0d76c-a53d-76a2-8c24-b9355d75a8b0,ACTIVE,1250000,250000,-2165064,0,0,0,0,0.0000
1566620,01a0b1c2-7e57-7c11-8e57-000000000001,01a0d76c-a53d-76a2-8c24-b9305de133da,ACTIVE,-283712,-3390616,2308280,0,0,0,0,0.0000
1566622,01a0b1c2-7e57-7c11-8e57-000000000001,01a0d76c-a53d-76a2-8c24-b9355d75a8b0,ACTIVE,1250000,250000,-2165064,0,0,0,0,0.0000
1566622,01a0b1c2-7e57-7c11-8e57-000000000001,01a0d76c-a53d-76a2-8c24-b9305de133da,ACTIVE,-283712,-3390616,2308280,0,0,0,0,0.0000
1566624,01a0b1c2-7e57-7c11-8e57-000000000001,01a0d76c-a53d-76a2-8c24-b9355d75a8b0,ACTIVE,1250000,250000,-2165064,0,0,0,0,0.0000
1566624,01a0b1c2-7e57-7c11-8e57-000000000001,01a0d76c-a53d-76a2-8c24-b9305de133da,ACTIVE,-283712,-3390616,2308280,0,0,0,0,0.0000
1566626,01a0b1c2-7e57-7c11-8e57-000000000001,01a0d76c-a53d-76a2-8c24-b9355d75a8b0,ACTIVE,1250000,250000,-2165064,0,0,0,0,0.0000
1566626,01a0b1c2-7e57-7c11-8e57-000000000001,01a0d76c-a53d-76a2-8c24-b9305de133da,ACTIVE,-283712,-3390616,2308280,0,0,0,0,0.0000
1566628,01a0b1c2-7e57-7c11-8e57-000000000001,01a0d76c-a53d-76a2-8c24-b9355d75a8b0,ACTIVE,1250000,250000,-2165064,0,0,0,0,0.0000
1566628,01a0b1c2-7e57-7c11-8e57-000000000001,01a0d76c-a53d-76a2-8c24-b9305de133da,ACTIVE,-283712,-3390616,2308280,0,0,0,0,0.0000
1566630,01a0b1c2-7e57-7c11-8e57-000000000001,01a0d76c-a53d-76a2-8c24-b9355d75a8b0,ACTIVE,1250000,250000,-2165064,0,0,0,0,0.0000
1566630,01a0b1c2-7e57-7c11-8e57-000000000001,01a0d76c-a53d-76a2-8c24-b9305de133da,ACTIVE,-283712,-3390616,2308280,0,0,0,0,0.0000
1566632,01a0b1c2-7e57-7c11-8e57-000000000001,01a0d76c-a53d-76a2-8c24-b9355d75a8b0,ACTIVE,1250000,250000,-2165064,0,0,0,0,0.0000
1566632,01a0b1c2-7e57-7c11-8e57-000000000001,01a0d76c-a53d-76a2-8c24-b9305de133da,ACTIVE,-283712,-3390616,2308280,0,0,0,0,0.0000
1566634,01a0b1c2-7e57-7c11-8e57-000000000001,01a0d76c-a53d-76a2-8c24-b9355d75a8b0,ACTIVE,1250000,250000,-2165064,0,0,0,0,0.0000
1566634,01a0b1c2-7e57-7c11-8e57-000000000001,01a0d76c-a53d-76a2-8c24-b9305de133da,ACTIVE,-283712,-3390616,2308280,0,0,0,0,0.0000
1566636,01a0b1c2-7e57-7c11-8e57-000000000001,01a0d76c-a53d-76a2-8c24-b9355d75a8b0,ACTIVE,1250000,250000,-2165064,0,0,0,0,0.0000
1566636,01a0b1c2-7e57-7c11-8e57-000000000001,01a0d76c-a53d-76a2-8c24-b9305de133da,ACTIVE,-283712,-3390616,2308280,0,0,0,0,0.0000
1566638,01a0b1c2-7e57-7c11-8e57-000000000001,01a0d76c-a53d-76a2-8c24-b9355d75a8b0,ACTIVE,1250000,250000,-2165064,0,0,0,0,0.0000
1566638,01a0b1c2-7e57-7c11-8e57-000000000001,01a0d76c-a53d-76a2-8c24-b9305de133da,ACTIVE,-283712,-3390616,2308280,0,0,0,0,0.0000
1566640,01a0b1c2-7e57-7c11-8e57-000000000001,01a0d76c-a53d-76a2-8c24-b9355d75a8b0,ACTIVE,1250000,250000,-2165064,0,0,0,0,0.0000
1566640,01a0b1c2-7e57-7c11-8e57-000000000001,01a0d76c-a53d-76a2-8c24-b9305de133da,ACTIVE,-283712,-3390616,2308280,0,0,0,0,0.0000
1566642,01a0b1c2-7e57-7c11-8e57-000000000001,01a0d76c-a53d-76a2-8c24-b9355d75a8b0,ACTIVE,1250000,250000,-2165064,0,0,0,0,0.0000
1566642,01a0b1c2-7e57-7c11-8e57-000000000001,01a0d76c-a53d-76a2-8c24-b9305de133da,ACTIVE,-283712,-3390616,2308280,0,0,0,0,0.0000
1566644,01a0b1c2-7e57-7c11-8e57-000000000001,01a0d76c-a53d-76a2-8c24-b9355d75a8b0,ACTIVE,1250000,250000,-2165064,0,0,0,0,0.0000
1566644,01a0b1c2-7e57-7c11-8e57-000000000001,01a0d76c-a53d-76a2-8c24-b9305de133da,ACTIVE,-283712,-3390616,2308280,0,0,0,0,0.0000
1566646,01a0b1c2-7e57-7c11-8e57-000000000001,01a0d76c-a53d-76a2-8c24-b9355d75a8b0,ACTIVE,1250000,250000,-2165064,0,0,0,0,0.0000
1566646,01a0b1c2-7e57-7c11-8e57-000000000001,01a0d76c-a53d-76a2-8c24-b9305de133da,ACTIVE,-283712,-3390616,2308280,0,0,0,0,0.0000
1566648,01a0b1c2-7e57-7c11-8e57-000000000001,01a0d76c-a53d-76a2-8c24-b9355d75a8b0,ACTIVE,1250000,250000,-2165064,0,0,0,0,0.0000
1566648,01a0b1c2-7e57-7c11-8e57-000000000001,01a0d76c-a53d-76a2-8c24-b9305de133da,ACTIVE,-283712,-3390616,2308280,0,0,0,0,0.0000
1566650,01a0b1c2-7e57-7c11-8e57-000000000001,01a0d76c-a53d-76a2-8c24-b9355d75a8b0,ACTIVE,1250000,250000,-2165064,0,0,0,0,0.0000
1566650,01a0b1c2-7e57-7c11-8e57-000000000001,01a0d76c-a53d-76a2-8c24-b9305de133da,ACTIVE,-283712,-3390616,2308280,0,0,0,0,0.0000
1566652,01a0b1c2-7e57-7c11-8e57-000000000001,01a0d76c-a53d-76a2-8c24-b9355d75a8b0,ACTIVE,1250000,250000,-2165064,0,0,0,0,0.0000
1566652,01a0b1c2-7e57-7c11-8e57-000000000001,01a0d76c-a53d-76a2-8c24-b9305de133da,ACTIVE,-283712,-3390616,2308280,0,0,0,0,0.0000
1566654,01a0b1c2-7e57-7c11-8e57-000000000001,01a0d76c-a53d-76a2-8c24-b9355d75a8b0,ACTIVE,1250000,250000,-2165064,0,0,0,0,0.0000
1566654,01a0b1c2-7e57-7c11-8e57-000000000001,01a0d76c-a53d-76a2-8c24-b9305de133da,ACTIVE,-283712,-3390616,2308280,0,0,0,0,0.0000
1566656,01a0b1c2-7e57-7c11-8e57-000000000001,01a0d76c-a53d-76a2-8c24-b9355d75a8b0,ACTIVE,1250000,250000,-2165064,0,0,0,0,0.0000
1566656,01a0b1c2-7e57-7c11-8e57-000000000001,01a0d76c-a53d-76a2-8c24-b9305de133da,ACTIVE,-283712,-3390616,2308280,0,0,0,0,0.0000
1566658,01a0b1c2-7e57-7c11-8e57-000000000001,01a0d76c-a53d-76a2-8c24-b9355d75a8b0,ACTIVE,1250000,250000,-2165064,0,0,0,0,0.0000
1566658,01a0b1c2-7e57-7c11-8e57-000000000001,01a0d76c-a53d-76a2-8c24-b9305de133da,ACTIVE,-283712,-3390616,2308280,0,0,0,0,0.0000
1566660,01a0b1c2-7e57-7c11-8e57-000000000001,01a0d76c-a53d-76a2-8c24-b9355d75a8b0,ACTIVE,1250000,250000,-2165064,0,0,0,0,0.0000
1566660,01a0b1c2-7e57-7c11-8e57-000000000001,01a0d76c-a53d-76a2-8c24-b9305de133da,ACTIVE,-283712,-3390616,2308280,0,0,0,0,0.0000
1566662,01a0b1c2-7e57-7c11-8e57-000000000001,01a0d76c-a53d-76a2-8c24-b9355d75a8b0,ACTIVE,1250000,250000,-2165064,0,0,0,0,0.0000
1566662,01a0b1c2-7e57-7c11-8e57-000000000001,01a0d76c-a53d-76a2-8c24-b9305de133da,ACTIVE,-283712,-3390616,2308280,0,0,0,0,0.0000
1566664,01a0b1c2-7e57-7c11-8e57-000000000001,01a0d76c-a53d-76a2-8c24-b9355d75a8b0,ACTIVE,1250000,250000,-2165064,0,0,0,0,0.0000
1566664,01a0b1c2-7e57-7c11-8e57-000000000001,01a0d76c-a53d-76a2-8c24-b9305de133da,ACTIVE,-283712,-3390616,2308280,0,0,0,0,0.0000
1566666,01a0b1c2-7e57-7c11-8e57-000000000001,01a0d76c-a53d-76a2-8c24-b9355d75a8b0,ACTIVE,1250000,250000,-2165064,0,0,0,0,0.0000
1566666,01a0b1c2-7e57-7c11-8e57-000000000001,01a0d76c-a53d-76a2-8c24-b9305de133da,ACTIVE,-283712,-3390616,2308280,0,0,0,0,0.0000
1566668,01a0b1c2-7e57-7c11-8e57-000000000001,01a0d76c-a53d-76a2-8c24-b9355d75a8b0,ACTIVE,1250000,250000,-2165064,0,0,0,0,0.0000
1566668,01a0b1c2-7e57-7c11-8e57-000000000001,01a0d76c-a53d-76a2-8c24-b9305de133da,ACTIVE,-283712,-3390616,2308280,0,0,0,0,0.0000
1566670,01a0b1c2-7e57-7c11-8e57-000000000001,01a0d76c-a53d-76a2-8c24-b9355d75a8b0,ACTIVE,1250000,250000,-2165064,0,0,0,0,0.0000
1566670,01a0b1c2-7e57-7c11-8e57-000000000001,01a0d76c-a53d-76a2-8c24-b9305de133da,ACTIVE,-283712,-3390616,2308280,0,0,0,0,0.0000
1566672,01a0b1c2-7e57-7c11-8e57-000000000001,01a0d76c-a53d-76a2-8c24-b9355d75a8b0,ACTIVE,1250000,250000,-2165064,0,0,0,0,0.0000
1566672,01a0b1c2-7e57-7c11-8e57-000000000001,01a0d76c-a53d-76a2-8c24-b9305de133da,ACTIVE,-283712,-3390616,2308280,0,0,0,0,0.0000
1566674,01a0b1c2-7e57-7c11-8e57-000000000001,01a0d76c-a53d-76a2-8c24-b9355d75a8b0,ACTIVE,1250000,250000,-2165064,0,0,0,0,0.0000
1566674,01a0b1c2-7e57-7c11-8e57-000000000001,01a0d76c-a53d-76a2-8c24-b9305de133da,ACTIVE,-283712,-3390616,2308280,0,0,0,0,0.0000
1566676,01a0b1c2-7e57-7c11-8e57-000000000001,01a0d76c-a53d-76a2-8c24-b9355d75a8b0,ACTIVE,1250000,250000,-2165064,0,0,0,0,0.0000
1566676,01a0b1c2-7e57-7c11-8e57-000000000001,01a0d76c-a53d-76a2-8c24-b9305de133da,ACTIVE,-283712,-3390616,2308280,0,0,0,0,0.0000
1566678,01a0b1c2-7e57-7c11-8e57-000000000001,01a0d76c-a53d-76a2-8c24-b9355d75a8b0,ACTIVE,1250000,250000,-2165064,0,0,0,0,0.0000
1566678,01a0b1c2-7e57-7c11-8e57-000000000001,01a0d76c-a53d-76a2-8c24-b9305de133da,ACTIVE,-283712,-3390616,2308280,0,0,0,0,0.0000
1566680,01a0b1c2-7e57-7c11-8e57-000000000001,01a0d76c-a53d-76a2-8c24-b9355d75a8b0,ACTIVE,1250000,250000,-2165064,0,0,0,0,0.0000
1566680,01a0b1c2-7e57-7c11-8e57-000000000001,01a0d76c-a53d-76a2-8c24-b9305de133da,ACTIVE,-283712,-3390616,2308280,0,0,0,0,0.0000
1566682,01a0b1c2-7e57-7c11-8e57-000000000001,01a0d76c-a53d-76a2-8c24-b9355d75a8b0,ACTIVE,1250000,250000,-2165064,0,0,0,0,0.0000
1566682,01a0b1c2-7e57-7c11-8e57-000000000001,01a0d76c-a53d-76a2-8c24-b9305de133da,ACTIVE,-283712,-3390616,2308280,0,0,0,0,0.0000
1566684,01a0b1c2-7e57-7c11-8e57-000000000001,01a0d76c-a53d-76a2-8c24-b9355d75a8b0,ACTIVE,1250000,250000,-2165064,0,0,0,0,0.0000
1566684,01a0b1c2-7e57-7c11-8e57-000000000001,01a0d76c-a53d-76a2-8c24-b9305de133da,ACTIVE,-283712,-3390616,2308280,0,0,0,0,0.0000
1566686,01a0b1c2-7e57-7c11-8e57-000000000001,01a0d76c-a53d-76a2-8c24-b9355d75a8b0,ACTIVE,1250000,250000,-2165064,0,0,0,0,0.0000
1566686,01a0b1c2-7e57-7c11-8e57-000000000001,01a0d76c-a53d-76a2-8c24-b9305de133da,ACTIVE,-283712,-3390616,2308280,0,0,0,0,0.0000
1566688,01a0b1c2-7e57-7c11-8e57-000000000001,01a0d76c-a53d-76a2-8c24-b9355d75a8b0,ACTIVE,1250000,250000,-2165064,0,0,0,0,0.0000
1566688,01a0b1c2-7e57-7c11-8e57-000000000001,01a0d76c-a53d-76a2-8c24-b9305de133da,ACTIVE,-283712,-3390616,2308280,0,0,0,0,0.0000
1566690,01a0b1c2-7e57-7c11-8e57-000000000001,01a0d76c-a53d-76a2-8c24-b9355d75a8b0,ACTIVE,1250000,250000,-2165064,0,0,0,0,0.0000
1566690,01a0b1c2-7e57-7c11-8e57-000000000001,01a0d76c-a53d-76a2-8c24-b9305de133da,ACTIVE,-283712,-3390616,2308280,0,0,0,0,0.0000
1566692,01a0b1c2-7e57-7c11-8e57-000000000001,01a0d76c-a53d-76a2-8c24-b9355d75a8b0,ACTIVE,1250000,250000,-2165064,0,0,0,0,0.0000
1566692,01a0b1c2-7e57-7c11-8e57-000000000001,01a0d76c-a53d-76a2-8c24-b9305de133da,ACTIVE,-283712,-3390616,2308280,0,0,0,0,0.0000
1566694,01a0b1c2-7e57-7c11-8e57-000000000001,01a0d76c-a53d-76a2-8c24-b9355d75a8b0,ACTIVE,1250000,250000,-2165064,0,0,0,0,0.0000
1566694,01a0b1c2-7e57-7c11-8e57-000000000001,01a0d76c-a53d-76a2-8c24-b9305de133da,ACTIVE,-283712,-3390616,2308280,0,0,0,0,0.0000
1566696,01a0b1c2-7e57-7c11-8e57-000000000001,01a0d76c-a53d-76a2-8c24-b9355d75a8b0,ACTIVE,1250000,250000,-2165064,0,0,0,0,0.0000
1566696,01a0b1c2-7e57-7c11-8e57-000000000001,01a0d76c-a53d-76a2-8c24-b9305de133da,ACTIVE,-283712,-3390616,2308280,0,0,0,0,0.0000
1566698,01a0b1c2-7e57-7c11-8e57-000000000001,01a0d76c-a53d-76a2-8c24-b9355d75a8b0,ACTIVE,1250000,250000,-2165064,0,0,0,0,0.0000
1566698,01a0b1c2-7e57-7c11-8e57-000000000001,01a0d76c-a53d-76a2-8c24-b9305de133da,ACTIVE,-283712,-3390616,2308280,0,0,0,0,0.0000
1566700,01a0b1c2-7e57-7c11-8e57-000000000001,01a0d76c-a53d-76a2-8c24-b9355d75a8b0,ACTIVE,1250000,250000,-2165064,0,0,0,0,0.0000
1566700,01a0b1c2-7e57-7c11-8e57-000000000001,01a0d76c-a53d-76a2-8c24-b9305de133da,ACTIVE,-283712,-3390616,2308280,0,0,0,0,0.0000
1566702,01a0b1c2-7e57-7c11-8e57-000000000001,01a0d76c-a53d-76a2-8c24-b9355d75a8b0,ACTIVE,1250000,250000,-2165064,0,0,0,0,0.0000
1566702,01a0b1c2-7e57-7c11-8e57-000000000001,01a0d76c-a53d-76a2-8c24-b9305de133da,ACTIVE,-283712,-3390616,2308280,0,0,0,0,0.0000
1566704,01a0b1c2-7e57-7c11-8e57-000000000001,01a0d76c-a53d-76a2-8c24-b9355d75a8b0,ACTIVE,1250000,250000,-2165064,0,0,0,0,0.0000
1566704,01a0b1c2-7e57-7c11-8e57-000000000001,01a0d76c-a53d-76a2-8c24-b9305de133da,ACTIVE,-283712,-3390616,2308280,0,0,0,0,0.0000
1566706,01a0b1c2-7e57-7c11-8e57-000000000001,01a0d76c-a53d-76a2-8c24-b9355d75a8b0,ACTIVE,1250000,250000,-2165064,0,0,0,0,0.0000
1566706,01a0b1c2-7e57-7c11-8e57-000000000001,01a0d76c-a53d-76a2-8c24-b9305de133da,ACTIVE,-283712,-3390616,2308280,0,0,0,0,0.0000
1566708,01a0b1c2-7e57-7c11-8e57-000000000001,01a0d76c-a53d-76a2-8c24-b9355d75a8b0,ACTIVE,1250000,250000,-2165064,0,0,0,0,0.0000
1566708,01a0b1c2-7e57-7c11-8e57-000000000001,01a0d76c-a53d-76a2-8c24-b9305de133da,ACTIVE,-283712,-3390616,2308280,0,0,0,0,0.0000
1566710,01a0b1c2-7e57-7c11-8e57-000000000001,01a0d76c-a53d-76a2-8c24-b9355d75a8b0,ACTIVE,1250000,250000,-2165064,0,0,0,0,0.0000
1566710,01a0b1c2-7e57-7c11-8e57-000000000001,01a0d76c-a53d-76a2-8c24-b9305de133da,ACTIVE,-283712,-3390616,2308280,0,0,0,0,0.0000
1566712,01a0b1c2-7e57-7c11-8e57-000000000001,01a0d76c-a53d-76a2-8c24-b9355d75a8b0,ACTIVE,1250000,250000,-2165064,0,0,0,0,0.0000
1566712,01a0b1c2-7e57-7c11-8e57-000000000001,01a0d76c-a53d-76a2-8c24-b9305de133da,ACTIVE,-283712,-3390616,2308280,0,0,0,0,0.0000
1566714,01a0b1c2-7e57-7c11-8e57-000000000001,01a0d76c-a53d-76a2-8c24-b9355d75a8b0,ACTIVE,1250000,250000,-2165064,0,0,0,0,0.0000
1566714,01a0b1c2-7e57-7c11-8e57-000000000001,01a0d76c-a53d-76a2-8c24-b9305de133da,ACTIVE,-283712,-3390616,2308280,0,0,0,0,0.0000
1566716,01a0b1c2-7e57-7c11-8e57-000000000001,01a0d76c-a53d-76a2-8c24-b9355d75a8b0,ACTIVE,1250000,250000,-2165064,0,0,0,0,0.0000
1566716,01a0b1c2-7e57-7c11-8e57-000000000001,01a0d76c-a53d-76a2-8c24-b9305de133da,ACTIVE,-283712,-3390616,2308280,0,0,0,0,0.0000
1566718,01a0b1c2-7e57-7c11-8e57-000000000001,01a0d76c-a53d-76a2-8c24-b9355d75a8b0,ACTIVE,1250000,250000,-2165064,0,0,0,0,0.0000
1566718,01a0b1c2-7e57-7c11-8e57-000000000001,01a0d76c-a53d-76a2-8c24-b9305de133da,ACTIVE,-283712,-3390616,2308280,0,0,0,0,0.0000
1566720,01a0b1c2-7e57-7c11-8e57-000000000001,01a0d76c-a53d-76a2-8c24-b9355d75a8b0,ACTIVE,1250000,250000,-2165064,0,0,0,0,0.0000
1566720,01a0b1c2-7e57-7c11-8e57-000000000001,01a0d76c-a53d-76a2-8c24-b9305de133da,ACTIVE,-283712,-3390616,2308280,0,0,0,0,0.0000
1566722,01a0b1c2-7e57-7c11-8e57-000000000001,01a0d76c-a53d-76a2-8c24-b9355d75a8b0,ACTIVE,1250000,250000,-2165064,0,0,0,0,0.0000
1566722,01a0b1c2-7e57-7c11-8e57-000000000001,01a0d76c-a53d-76a2-8c24-b9305de133da,ACTIVE,-283712,-3390616,2308280,0,0,0,0,0.0000
1566724,01a0b1c2-7e57-7c11-8e57-000000000001,01a0d76c-a53d-76a2-8c24-b9355d75a8b0,ACTIVE,1250000,250000,-2165064,0,0,0,0,0.0000
1566724,01a0b1c2-7e57-7c11-8e57-000000000001,01a0d76c-a53d-76a2-8c24-b9305de133da,ACTIVE,-283712,-3390616,2308280,0,0,0,0,0.0000
1566726,01a0b1c2-7e57-7c11-8e57-000000000001,01a0d76c-a53d-76a2-8c24-b9355d75a8b0,ACTIVE,1250000,250000,-2165064,0,0,0,0,0.0000
1566726,01a0b1c2-7e57-7c11-8e57-000000000001,01a0d76c-a53d-76a2-8c24-b9305de133da,ACTIVE,-283712,-3390616,2308280,0,0,0,0,0.0000
1566728,01a0b1c2-7e57-7c11-8e57-000000000001,01a0d76c-a53d-76a2-8c24-b9355d75a8b0,ACTIVE,1250000,250000,-2165064,0,0,0,0,0.0000
1566728,01a0b1c2-7e57-7c11-8e57-000000000001,01a0d76c-a53d-76a2-8c24-b9305de133da,ACTIVE,-283712,-3390616,2308280,0,0,0,0,0.0000
1566730,01a0b1c2-7e57-7c11-8e57-000000000001,01a0d76c-a53d-76a2-8c24-b9355d75a8b0,ACTIVE,1250000,250000,-2165064,0,0,0,0,0.0000
1566730,01a0b1c2-7e57-7c11-8e57-000000000001,01a0d76c-a53d-76a2-8c24-b9305de133da,ACTIVE,-283712,-3390616,2308280,0,0,0,0,0.0000
1566732,01a0b1c2-7e57-7c11-8e57-000000000001,01a0d76c-a53d-76a2-8c24-b9355d75a8b0,ACTIVE,1250000,250000,-2165064,0,0,0,0,0.0000
1566732,01a0b1c2-7e57-7c11-8e57-000000000001,01a0d76c-a53d-76a2-8c24-b9305de133da,ACTIVE,-283712,-3390616,2308280,0,0,0,0,0.0000
1566734,01a0b1c2-7e57-7c11-8e57-000000000001,01a0d76c-a53d-76a2-8c24-b9355d75a8b0,ACTIVE,1250000,250000,-2165064,0,0,0,0,0.0000
1566734,01a0b1c2-7e57-7c11-8e57-000000000001,01a0d76c-a53d-76a2-8c24-b9305de133da,ACTIVE,-283712,-3390616,2308280,0,0,0,0,0.0000
1566736,01a0b1c2-7e57-7c11-8e57-000000000001,01a0d76c-a53d-76a2-8c24-b9355d75a8b0,ACTIVE,1250000,250000,-2165064,0,0,0,0,0.0000
1566736,01a0b1c2-7e57-7c11-8e57-000000000001,01a0d76c-a53d-76a2-8c24-b9305de133da,ACTIVE,-283712,-3390616,2308280,0,0,0,0,0.0000
1566738,01a0b1c2-7e57-7c11-8e57-000000000001,01a0d76c-a53d-76a2-8c24-b9355d75a8b0,ACTIVE,1250000,250000,-2165064,0,0,0,0,0.0000
1566738,01a0b1c2-7e57-7c11-8e57-000000000001,01a0d76c-a53d-76a2-8c24-b9305de133da,ACTIVE,-283712,-3390616,2308280,0,0,0,0,0.0000
1566740,01a0b1c2-7e57-7c11-8e57-000000000001,01a0d76c-a53d-76a2-8c24-b9355d75a8b0,ACTIVE,1250000,250000,-2165064,0,0,0,0,0.0000
1566740,01a0b1c2-7e57-7c11-8e57-000000000001,01a0d76c-a53d-76a2-8c24-b9305de133da,ACTIVE,-283712,-3390616,2308280,0,0,0,0,0.0000
1566742,01a0b1c2-7e57-7c11-8e57-000000000001,01a0d76c-a53d-76a2-8c24-b9355d75a8b0,ACTIVE,1250000,250000,-2165064,0,0,0,0,0.0000
1566742,01a0b1c2-7e57-7c11-8e57-000000000001,01a0d76c-a53d-76a2-8c24-b9305de133da,ACTIVE,-283712,-3390616,2308280,0,0,0,0,0.0000
1566744,01a0b1c2-7e57-7c11-8e57-000000000001,01a0d76c-a53d-76a2-8c24-b9355d75a8b0,ACTIVE,1250000,250000,-2165064,0,0,0,0,0.0000
1566744,01a0b1c2-7e57-7c11-8e57-000000000001,01a0d76c-a53d-76a2-8c24-b9305de133da,ACTIVE,-283712,-3390616,2308280,0,0,0,0,0.0000
1566746,01a0b1c2-7e57-7c11-8e57-000000000001,01a0d76c-a53d-76a2-8c24-b9355d75a8b0,ACTIVE,1250000,250000,-2165064,0,0,0,0,0.0000
1566746,01a0b1c2-7e57-7c11-8e57-000000000001,01a0d76c-a53d-76a2-8c24-b9305de133da,ACTIVE,-283712,-3390616,2308280,0,0,0,0,0.0000
1566748,01a0b1c2-7e57-7c11-8e57-000000000001,01a0d76c-a53d-76a2-8c24-b9355d75a8b0,ACTIVE,1250000,250000,-2165064,0,0,0,0,0.0000
1566748,01a0b1c2-7e57-7c11-8e57-000000000001,01a0d76c-a53d-76a2-8c24-b9305de133da,ACTIVE,-283712,-3390616,2308280,0,0,0,0,0.0000
1566750,01a0b1c2-7e57-7c11-8e57-000000000001,01a0d76c-a53d-76a2-8c24-b9355d75a8b0,ACTIVE,1250000,250000,-2165064,0,0,0,0,0.0000
1566750,01a0b1c2-7e57-7c11-8e57-000000000001,01a0d76c-a53d-76a2-8c24-b9305de133da,ACTIVE,-283712,-3390616,2308280,0,0,0,0,0.0000
1566752,01a0b1c2-7e57-7c11-8e57-000000000001,01a0d76c-a53d-76a2-8c24-b9355d75a8b0,ACTIVE,1250000,250000,-2165064,0,0,0,0,0.0000
1566752,01a0b1c2-7e57-7c11-8e57-000000000001,01a0d76c-a53d-76a2-8c24-b9305de133da,ACTIVE,-283712,-3390616,2308280,0,0,0,0,0.0000
1566754,01a0b1c2-7e57-7c11-8e57-000000000001,01a0d76c-a53d-76a2-8c24-b9355d75a8b0,ACTIVE,1250000,250000,-2165064,0,0,0,0,0.0000
1566754,01a0b1c2-7e57-7c11-8e57-000000000001,01a0d76c-a53d-76a2-8c24-b9305de133da,ACTIVE,-283712,-3390616,2308280,0,0,0,0,0.0000
1566756,01a0b1c2-7e57-7c11-8e57-000000000001,01a0d76c-a53d-76a2-8c24-b9355d75a8b0,ACTIVE,1250000,250000,-2165064,0,0,0,0,0.0000
1566756,01a0b1c2-7e57-7c11-8e57-000000000001,01a0d76c-a53d-76a2-8c24-b9305de133da,ACTIVE,-283712,-3390616,2308280,0,0,0,0,0.0000
1566758,01a0b1c2-7e57-7c11-8e57-000000000001,01a0d76c-a53d-76a2-8c24-b9355d75a8b0,ACTIVE,1250000,250000,-2165064,0,0,0,0,0.0000
1566758,01a0b1c2-7e57-7c11-8e57-000000000001,01a0d76c-a53d-76a2-8c24-b9305de133da,ACTIVE,-283712,-3390616,2308280,0,0,0,0,0.0000
1566760,01a0b1c2-7e57-7c11-8e57-000000000001,01a0d76c-a53d-76a2-8c24-b9355d75a8b0,ACTIVE,1250000,250000,-2165064,0,0,0,0,0.0000
1566760,01a0b1c2-7e57-7c11-8e57-000000000001,01a0d76c-a53d-76a2-8c24-b9305de133da,ACTIVE,-283712,-3390616,2308280,0,0,0,0,0.0000
1566762,01a0b1c2-7e57-7c11-8e57-000000000001,01a0d76c-a53d-76a2-8c24-b9355d75a8b0,ACTIVE,1250000,250000,-2165064,0,0,0,0,0.0000
1566762,01a0b1c2-7e57-7c11-8e57-000000000001,01a0d76c-a53d-76a2-8c24-b9305de133da,ACTIVE,-283712,-3390616,2308280,0,0,0,0,0.0000
1566764,01a0b1c2-7e57-7c11-8e57-000000000001,01a0d76c-a53d-76a2-8c24-b9355d75a8b0,ACTIVE,1250000,250000,-2165064,0,0,0,0,0.0000
1566764,01a0b1c2-7e57-7c11-8e57-000000000001,01a0d76c-a53d-76a2-8c24-b9305de133da,ACTIVE,-283712,-3390616,2308280,0,0,0,0,0.0000
1566766,01a0b1c2-7e57-7c11-8e57-000000000001,01a0d76c-a53d-76a2-8c24-b9355d75a8b0,ACTIVE,1250000,250000,-2165064,0,0,0,0,0.0000
1566766,01a0b1c2-7e57-7c11-8e57-000000000001,01a0d76c-a53d-76a2-8c24-b9305de133da,ACTIVE,-283712,-3390616,2308280,0,0,0,0,0.0000
1566768,01a0b1c2-7e57-7c11-8e57-000000000001,01a0d76c-a53d-76a2-8c24-b9355d75a8b0,ACTIVE,1250000,250000,-2165064,0,0,0,0,0.0000
1566768,01a0b1c2-7e57-7c11-8e57-000000000001,01a0d76c-a53d-76a2-8c24-b9305de133da,ACTIVE,-283712,-3390616,2308280,0,0,0,0,0.0000
1566770,01a0b1c2-7e57-7c11-8e57-000000000001,01a0d76c-a53d-76a2-8c24-b9355d75a8b0,ACTIVE,1250000,250000,-2165064,0,0,0,0,0.0000
1566770,01a0b1c2-7e57-7c11-8e57-000000000001,01a0d76c-a53d-76a2-8c24-b9305de133da,ACTIVE,-283712,-3390616,2308280,0,0,0,0,0.0000
1566772,01a0b1c2-7e57-7c11-8e57-000000000001,01a0d76c-a53d-76a2-8c24-b9355d75a8b0,ACTIVE,1250000,250000,-2165064,0,0,0,0,0.0000
1566772,01a0b1c2-7e57-7c11-8e57-000000000001,01a0d76c-a53d-76a2-8c24-b9305de133da,ACTIVE,-283712,-3390616,2308280,0,0,0,0,0.0000
1566774,01a0b1c2-7e57-7c11-8e57-000000000001,01a0d76c-a53d-76a2-8c24-b9355d75a8b0,ACTIVE,1250000,250000,-2165064,0,0,0,0,0.0000
1566774,01a0b1c2-7e57-7c11-8e57-000000000001,01a0d76c-a53d-76a2-8c24-b9305de133da,ACTIVE,-283712,-3390616,2308280,0,0,0,0,0.0000
1566776,01a0b1c2-7e57-7c11-8e57-000000000001,01a0d76c-a53d-76a2-8c24-b9355d75a8b0,ACTIVE,1250000,250000,-2165064,0,0,0,0,0.0000
1566776,01a0b1c2-7e57-7c11-8e57-000000000001,01a0d76c-a53d-76a2-8c24-b9305de133da,ACTIVE,-283712,-3390616,2308280,0,0,0,0,0.0000
1566778,01a0b1c2-7e57-7c11-8e57-000000000001,01a0d76c-a53d-76a2-8c24-b9355d75a8b0,ACTIVE,1250000,250000,-2165064,0,0,0,0,0.0000
1566778,01a0b1c2-7e57-7c11-8e57-000000000001,01a0d76c-a53d-76a2-8c24-b9305de133da,ACTIVE,-283712,-3390616,2308280,0,0,0,0,0.0000
1566780,01a0b1c2-7e57-7c11-8e57-000000000001,01a0d76c-a53d-76a2-8c24-b9355d75a8b0,ACTIVE,1250000,250000,-2165064,0,0,0,0,0.0000
1566780,01a0b1c2-7e57-7c11-8e57-000000000001,01a0d76c-a53d-76a2-8c24-b9305de133da,ACTIVE,-283712,-3390616,2308280,0,0,0,0,0.0000
1566782,01a0b1c2-7e57-7c11-8e57-000000000001,01a0d76c-a53d-76a2-8c24-b9355d75a8b0,ACTIVE,1250000,250000,-2165064,0,0,0,0,0.0000
1566782,01a0b1c2-7e57-7c11-8e57-000000000001,01a0d76c-a53d-76a2-8c24-b9305de133da,ACTIVE,-283712,-3390616,2308280,0,0,0,0,0.0000
1566784,01a0b1c2-7e57-7c11-8e57-000000000001,01a0d76c-a53d-76a2-8c24-b9355d75a8b0,ACTIVE,1250000,250000,-2165064,0,0,0,0,0.0000
1566784,01a0b1c2-7e57-7c11-8e57-000000000001,01a0d76c-a53d-76a2-8c24-b9305de133da,ACTIVE,-283712,-3390616,2308280,0,0,0,0,0.0000
1566786,01a0b1c2-7e57-7c11-8e57-000000000001,01a0d76c-a53d-76a2-8c24-b9355d75a8b0,ACTIVE,1250000,250000,-2165064,0,0,0,0,0.0000
1566786,01a0b1c2-7e57-7c11-8e57-000000000001,01a0d76c-a53d-76a2-8c24-b9305de133da,ACTIVE,-283712,-3390616,2308280,0,0,0,0,0.0000
1566788,01a0b1c2-7e57-7c11-8e57-000000000001,01a0d76c-a53d-76a2-8c24-b9355d75a8b0,ACTIVE,1250000,250000,-2165064,0,0,0,0,0.0000
1566788,01a0b1c2-7e57-7c11-8e57-000000000001,01a0d76c-a53d-76a2-8c24-b9305de133da,ACTIVE,-283712,-3390616,2308280,0,0,0,0,0.0000
1566790,01a0b1c2-7e57-7c11-8e57-000000000001,01a0d76c-a53d-76a2-8c24-b9355d75a8b0,ACTIVE,1250000,250000,-2165064,0,0,0,0,0.0000
1566790,01a0b1c2-7e57-7c11-8e57-000000000001,01a0d76c-a53d-76a2-8c24-b9305de133da,ACTIVE,-283712,-3390616,2308280,0,0,0,0,0.0000
1566792,01a0b1c2-7e57-7c11-8e57-000000000001,01a0d76c-a53d-76a2-8c24-b9355d75a8b0,ACTIVE,1250000,250000,-2165064,0,0,0,0,0.0000
1566792,01a0b1c2-7e57-7c11-8e57-000000000001,01a0d76c-a53d-76a2-8c24-b9305de133da,ACTIVE,-283712,-3390616,2308280,0,0,0,0,0.0000
1566794,01a0b1c2-7e57-7c11-8e57-000000000001,01a0d76c-a53d-76a2-8c24-b9355d75a8b0,ACTIVE,1250000,250000,-2165064,0,0,0,0,0.0000
1566794,01a0b1c2-7e57-7c11-8e57-000000000001,01a0d76c-a53d-76a2-8c24-b9305de133da,ACTIVE,-283712,-3390616,2308280,0,0,0,0,0.0000
1566796,01a0b1c2-7e57-7c11-8e57-000000000001,01a0d76c-a53d-76a2-8c24-b9355d75a8b0,ACTIVE,1250000,250000,-2165064,0,0,0,0,0.0000
1566796,01a0b1c2-7e57-7c11-8e57-000000000001,01a0d76c-a53d-76a2-8c24-b9305de133da,ACTIVE,-283712,-3390616,2308280,0,0,0,0,0.0000
1566798,01a0b1c2-7e57-7c11-8e57-000000000001,01a0d76c-a53d-76a2-8c24-b9355d75a8b0,ACTIVE,1250000,250000,-2165064,0,0,0,0,0.0000
1566798,01a0b1c2-7e57-7c11-8e57-000000000001,01a0d76c-a53d-76a2-8c24-b9305de133da,ACTIVE,-283712,-3390616,2308280,0,0,0,0,0.0000
1566800,01a0b1c2-7e57-7c11-8e57-000000000001,01a0d76c-a53d-76a2-8c24-b9355d75a8b0,ACTIVE,1250000,250000,-2165064,0,0,0,0,0.0000
1566800,01a0b1c2-7e57-7c11-8e57-000000000001,01a0d76c-a53d-76a2-8c24-b9305de133da,ACTIVE,-283712,-3390616,2308280,0,0,0,0,0.0000
1566802,01a0b1c2-7e57-7c11-8e57-000000000001,01a0d76c-a53d-76a2-8c24-b9355d75a8b0,ACTIVE,1250000,250000,-2165064,0,0,0,0,0.0000
1566802,01a0b1c2-7e57-7c11-8e57-000000000001,01a0d76c-a53d-76a2-8c24-b9305de133da,ACTIVE,-283712,-3390616,2308280,0,0,0,0,0.0000
1566804,01a0b1c2-7e57-7c11-8e57-000000000001,01a0d76c-a53d-76a2-8c24-b9355d75a8b0,ACTIVE,1250000,250000,-2165064,0,0,0,0,0.0000
1566804,01a0b1c2-7e57-7c11-8e57-000000000001,01a0d76c-a53d-76a2-8c24-b9305de133da,ACTIVE,-283712,-3390616,2308280,0,0,0,0,0.0000
1566806,01a0b1c2-7e57-7c11-8e57-000000000001,01a0d76c-a53d-76a2-8c24-b9355d75a8b0,ACTIVE,1250000,250000,-2165064,0,0,0,0,0.0000
1566806,01a0b1c2-7e57-7c11-8e57-000000000001,01a0d76c-a53d-76a2-8c24-b9305de133da,ACTIVE,-283712,-3390616,2308280,0,0,0,0,0.0000
1566808,01a0b1c2-7e57-7c11-8e57-000000000001,01a0d76c-a53d-76a2-8c24-b9355d75a8b0,ACTIVE,1250000,250000,-2165064,0,0,0,0,0.0000
1566808,01a0b1c2-7e57-7c11-8e57-000000000001,01a0d76c-a53d-76a2-8c24-b9305de133da,ACTIVE,-283712,-3390616,2308280,0,0,0,0,0.0000
1566810,01a0b1c2-7e57-7c11-8e57-000000000001,01a0d76c-a53d-76a2-8c24-b9355d75a8b0,ACTIVE,1250000,250000,-2165064,0,0,0,0,0.0000
1566810,01a0b1c2-7e57-7c11-8e57-000000000001,01a0d76c-a53d-76a2-8c24-b9305de133da,ACTIVE,-283712,-3390616,2308280,0,0,0,0,0.0000
1566812,01a0b1c2-7e57-7c11-8e57-000000000001,01a0d76c-a53d-76a2-8c24-b9355d75a8b0,ACTIVE,1250000,250000,-2165064,0,0,0,0,0.0000
1566812,01a0b1c2-7e57-7c11-8e57-000000000001,01a0d76c-a53d-76a2-8c24-b9305de133da,ACTIVE,-283712,-3390616,2308280,0,0,0,0,0.0000
1566814,01a0b1c2-7e57-7c11-8e57-000000000001,01a0d76c-a53d-76a2-8c24-b9355d75a8b0,ACTIVE,1250000,250000,-2165064,0,0,0,0,0.0000
1566814,01a0b1c2-7e57-7c11-8e57-000000000001,01a0d76c-a53d-76a2-8c24-b9305de133da,ACTIVE,-283712,-3390616,2308280,0,0,0,0,0.0000
1566816,01a0b1c2-7e57-7c11-8e57-000000000001,01a0d76c-a53d-76a2-8c24-b9355d75a8b0,ACTIVE,1250000,250000,-2165064,0,0,0,0,0.0000
1566816,01a0b1c2-7e57-7c11-8e57-000000000001,01a0d76c-a53d-76a2-8c24-b9305de133da,ACTIVE,-283712,-3390616,2308280,0,0,0,0,0.0000
1566818,01a0b1c2-7e57-7c11-8e57-000000000001,01a0d76c-a53d-76a2-8c24-b9355d75a8b0,ACTIVE,1250000,250000,-2165064,0,0,0,0,0.0000
1566818,01a0b1c2-7e57-7c11-8e57-000000000001,01a0d76c-a53d-76a2-8c24-b9305de133da,ACTIVE,-283712,-3390616,2308280,0,0,0,0,0.0000
1566820,01a0b1c2-7e57-7c11-8e57-000000000001,01a0d76c-a53d-76a2-8c24-b9355d75a8b0,ACTIVE,1250000,250000,-2165064,0,0,0,0,0.0000
1566820,01a0b1c2-7e57-7c11-8e57-000000000001,01a0d76c-a53d-76a2-8c24-b9305de133da,ACTIVE,-283712,-3390616,2308280,0,0,0,0,0.0000
1566822,01a0b1c2-7e57-7c11-8e57-000000000001,01a0d76c-a53d-76a2-8c24-b9355d75a8b0,ACTIVE,1250000,250000,-2165064,0,0,0,0,0.0000
1566822,01a0b1c2-7e57-7c11-8e57-000000000001,01a0d76c-a53d-76a2-8c24-b9305de133da,ACTIVE,-283712,-3390616,2308280,0,0,0,0,0.0000
1566824,01a0b1c2-7e57-7c11-8e57-000000000001,01a0d76c-a53d-76a2-8c24-b9355d75a8b0,ACTIVE,1250000,250000,-2165064,0,0,0,0,0.0000
1566824,01a0b1c2-7e57-7c11-8e57-000000000001,01a0d76c-a53d-76a2-8c24-b9305de133da,ACTIVE,-283712,-3390616,2308280,0,0,0,0,0.0000
1566826,01a0b1c2-7e57-7c11-8e57-000000000001,01a0d76c-a53d-76a2-8c24-b9355d75a8b0,ACTIVE,1250000,250000,-2165064,0,0,0,0,0.0000
1566826,01a0b1c2-7e57-7c11-8e57-000000000001,01a0d76c-a53d-76a2-8c24-b9305de133da,ACTIVE,-283712,-3390616,2308280,0,0,0,0,0.0000
1566828,01a0b1c2-7e57-7c11-8e57-000000000001,01a0d76c-a53d-76a2-8c24-b9355d75a8b0,ACTIVE,1250000,250000,-2165064,0,0,0,0,0.0000
1566828,01a0b1c2-7e57-7c11-8e57-000000000001,01a0d76c-a53d-76a2-8c24-b9305de133da,ACTIVE,-283712,-3390616,2308280,0,0,0,0,0.0000
1566830,01a0b1c2-7e57-7c11-8e57-000000000001,01a0d76c-a53d-76a2-8c24-b9355d75a8b0,ACTIVE,1250000,250000,-2165064,0,0,0,0,0.0000
1566830,01a0b1c2-7e57-7c11-8e57-000000000001,01a0d76c-a53d-76a2-8c24-b9305de133da,ACTIVE,-283712,-3390616,2308280,0,0,0,0,0.0000
1566832,01a0b1c2-7e57-7c11-8e57-000000000001,01a0d76c-a53d-76a2-8c24-b9355d75a8b0,ACTIVE,1250000,250000,-2165064,0,0,0,0,0.0000
1566832,01a0b1c2-7e57-7c11-8e57-000000000001,01a0d76c-a53d-76a2-8c24-b9305de133da,ACTIVE,-283712,-3390616,2308280,0,0,0,0,0.0000
1566834,01a0b1c2-7e57-7c11-8e57-000000000001,01a0d76c-a53d-76a2-8c24-b9355d75a8b0,ACTIVE,1250000,250000,-2165064,0,0,0,0,0.0000
1566834,01a0b1c2-7e57-7c11-8e57-000000000001,01a0d76c-a53d-76a2-8c24-b9305de133da,ACTIVE,-283712,-3390616,2308280,0,0,0,0,0.0000
1566836,01a0b1c2-7e57-7c11-8e57-000000000001,01a0d76c-a53d-76a2-8c24-b9355d75a8b0,ACTIVE,1250000,250000,-2165064,0,0,0,0,0.0000
1566836,01a0b1c2-7e57-7c11-8e57-000000000001,01a0d76c-a53d-76a2-8c24-b9305de133da,ACTIVE,-283712,-3390616,2308280,0,0,0,0,0.0000
1566838,01a0b1c2-7e57-7c11-8e57-000000000001,01a0d76c-a53d-76a2-8c24-b9355d75a8b0,ACTIVE,1250000,250000,-2165064,0,0,0,0,0.0000
1566838,01a0b1c2-7e57-7c11-8e57-000000000001,01a0d76c-a53d-76a2-8c24-b9305de133da,ACTIVE,-283712,-3390616,2308280,0,0,0,0,0.0000
1566840,01a0b1c2-7e57-7c11-8e57-000000000001,01a0d76c-a53d-76a2-8c24-b9355d75a8b0,ACTIVE,1250000,250000,-2165064,0,0,0,0,0.0000
1566840,01a0b1c2-7e57-7c11-8e57-000000000001,01a0d76c-a53d-76a2-8c24-b9305de133da,ACTIVE,-283712,-3390616,2308280,0,0,0,0,0.0000
1566842,01a0b1c2-7e57-7c11-8e57-000000000001,01a0d76c-a53d-76a2-8c24-b9355d75a8b0,ACTIVE,1250000,250000,-2165064,0,0,0,0,0.0000
1566842,01a0b1c2-7e57-7c11-8e57-000000000001,01a0d76c-a53d-76a2-8c24-b9305de133da,ACTIVE,-283712,-3390616,2308280,0,0,0,0,0.0000
1566844,01a0b1c2-7e57-7c11-8e57-000000000001,01a0d76c-a53d-76a2-8c24-b9355d75a8b0,ACTIVE,1250000,250000,-2165064,0,0,0,0,0.0000
1566844,01a0b1c2-7e57-7c11-8e57-000000000001,01a0d76c-a53d-76a2-8c24-b9305de133da,ACTIVE,-283712,-3390616,2308280,0,0,0,0,0.0000
1566846,01a0b1c2-7e57-7c11-8e57-000000000001,01a0d76c-a53d-76a2-8c24-b9355d75a8b0,ACTIVE,1250000,250000,-2165064,0,0,0,0,0.0000
1566846,01a0b1c2-7e57-7c11-8e57-000000000001,01a0d76c-a53d-76a2-8c24-b9305de133da,ACTIVE,-283712,-3390616,2308280,0,0,0,0,0.0000
1566848,01a0b1c2-7e57-7c11-8e57-000000000001,01a0d76c-a53d-76a2-8c24-b9355d75a8b0,ACTIVE,1250000,250000,-2165064,0,0,0,0,0.0000
1566848,01a0b1c2-7e57-7c11-8e57-000000000001,01a0d76c-a53d-76a2-8c24-b9305de133da,ACTIVE,-283712,-3390616,2308280,0,0,0,0,0.0000
1566850,01a0b1c2-7e57-7c11-8e57-000000000001,01a0d76c-a53d-76a2-8c24-b9355d75a8b0,ACTIVE,1250000,250000,-2165064,0,0,0,0,0.0000
1566850,01a0b1c2-7e57-7c11-8e57-000000000001,01a0d76c-a53d-76a2-8c24-b9305de133da,ACTIVE,-283712,-3390616,2308280,0,0,0,0,0.0000
1566852,01a0b1c2-7e57-7c11-8e57-000000000001,01a0d76c-a53d-76a2-8c24-b9355d75a8b0,ACTIVE,1250000,250000,-2165064,0,0,0,0,0.0000
1566852,01a0b1c2-7e57-7c11-8e57-000000000001,01a0d76c-a53d-76a2-8c24-b9305de133da,ACTIVE,-283712,-3390616,2308280,0,0,0,0,0.0000
1566854,01a0b1c2-7e57-7c11-8e57-000000000001,01a0d76c-a53d-76a2-8c24-b9355d75a8b0,ACTIVE,1250000,250000,-2165064,0,0,0,0,0.0000
1566854,01a0b1c2-7e57-7c11-8e57-000000000001,01a0d76c-a53d-76a2-8c24-b9305de133da,ACTIVE,-283712,-3390616,2308280,0,0,0,0,0.0000
1566856,01a0b1c2-7e57-7c11-8e57-000000000001,01a0d76c-a53d-76a2-8c24-b9355d75a8b0,ACTIVE,1250000,250000,-2165064,0,0,0,0,0.0000
1566856,01a0b1c2-7e57-7c11-8e57-000000000001,01a0d76c-a53d-76a2-8c24-b9305de133da,ACTIVE,-283712,-3390616,2308280,0,0,0,0,0.0000
1566858,01a0b1c2-7e57-7c11-8e57-000000000001,01a0d76c-a53d-76a2-8c24-b9355d75a8b0,ACTIVE,1250000,250000,-2165064,0,0,0,0,0.0000
1566858,01a0b1c2-7e57-7c11-8e57-000000000001,01a0d76c-a53d-76a2-8c24-b9305de133da,ACTIVE,-283712,-3390616,2308280,0,0,0,0,0.0000
1566860,01a0b1c2-7e57-7c11-8e57-000000000001,01a0d76c-a53d-76a2-8c24-b9355d75a8b0,ACTIVE,1250000,250000,-2165064,0,0,0,0,0.0000
1566860,01a0b1c2-7e57-7c11-8e57-000000000001,01a0d76c-a53d-76a2-8c24-b9305de133da,ACTIVE,-283712,-3390616,2308280,0,0,0,0,0.0000
1566862,01a0b1c2-7e57-7c11-8e57-000000000001,01a0d76c-a53d-76a2-8c24-b9355d75a8b0,ACTIVE,1250000,250000,-2165064,0,0,0,0,0.0000
1566862,01a0b1c2-7e57-7c11-8e57-000000000001,01a0d76c-a53d-76a2-8c24-b9305de133da,ACTIVE,-283712,-3390616,2308280,0,0,0,0,0.0000
1566864,01a0b1c2-7e57-7c11-8e57-000000000001,01a0d76c-a53d-76a2-8c24-b9355d75a8b0,ACTIVE,1250000,250000,-2165064,0,0,0,0,0.0000
1566864,01a0b1c2-7e57-7c11-8e57-000000000001,01a0d76c-a53d-76a2-8c24-b9305de133da,ACTIVE,-283712,-3390616,2308280,0,0,0,0,0.0000
1566866,01a0b1c2-7e57-7c11-8e57-000000000001,01a0d76c-a53d-76a2-8c24-b9355d75a8b0,ACTIVE,1250000,250000,-2165064,0,0,0,0,0.0000
1566866,01a0b1c2-7e57-7c11-8e57-000000000001,01a0d76c-a53d-76a2-8c24-b9305de133da,ACTIVE,-283712,-3390616,2308280,0,0,0,0,0.0000
1566868,01a0b1c2-7e57-7c11-8e57-000000000001,01a0d76c-a53d-76a2-8c24-b9355d75a8b0,ACTIVE,1250000,250000,-2165064,0,0,0,0,0.0000
1566868,01a0b1c2-7e57-7c11-8e57-000000000001,01a0d76c-a53d-76a2-8c24-b9305de133da,ACTIVE,-283712,-3390616,2308280,0,0,0,0,0.0000
1566870,01a0b1c2-7e57-7c11-8e57-000000000001,01a0d76c-a53d-76a2-8c24-b9355d75a8b0,ACTIVE,1250000,250000,-2165064,0,0,0,0,0.0000
1566870,01a0b1c2-7e57-7c11-8e57-000000000001,01a0d76c-a53d-76a2-8c24-b9305de133da,ACTIVE,-283712,-3390616,2308280,0,0,0,0,0.0000
1566872,01a0b1c2-7e57-7c11-8e57-000000000001,01a0d76c-a53d-76a2-8c24-b9355d75a8b0,ACTIVE,1250000,250000,-2165064,0,0,0,0,0.0000
1566872,01a0b1c2-7e57-7c11-8e57-000000000001,01a0d76c-a53d-76a2-8c24-b9305de133da,ACTIVE,-283712,-3390616,2308280,0,0,0,0,0.0000
1566874,01a0b1c2-7e57-7c11-8e57-000000000001,01a0d76c-a53d-76a2-8c24-b9355d75a8b0,ACTIVE,1250000,250000,-2165064,0,0,0,0,0.0000
1566874,01a0b1c2-7e57-7c11-8e57-000000000001,01a0d76c-a53d-76a2-8c24-b9305de133da,ACTIVE,-283712,-3390616,2308280,0,0,0,0,0.0000
1566876,01a0b1c2-7e57-7c11-8e57-000000000001,01a0d76c-a53d-76a2-8c24-b9355d75a8b0,ACTIVE,1250000,250000,-2165064,0,0,0,0,0.0000
1566876,01a0b1c2-7e57-7c11-8e57-000000000001,01a0d76c-a53d-76a2-8c24-b9305de133da,ACTIVE,-283712,-3390616,2308280,0,0,0,0,0.0000
1566878,01a0b1c2-7e57-7c11-8e57-000000000001,01a0d76c-a53d-76a2-8c24-b9355d75a8b0,ACTIVE,1250000,250000,-2165064,0,0,0,0,0.0000
1566878,01a0b1c2-7e57-7c11-8e57-000000000001,01a0d76c-a53d-76a2-8c24-b9305de133da,ACTIVE,-283712,-3390616,2308280,0,0,0,0,0.0000
1566880,01a0b1c2-7e57-7c11-8e57-000000000001,01a0d76c-a53d-76a2-8c24-b9355d75a8b0,ACTIVE,1250000,250000,-2165064,0,0,0,0,0.0000
1566880,01a0b1c2-7e57-7c11-8e57-000000000001,01a0d76c-a53d-76a2-8c24-b9305de133da,ACTIVE,-283712,-3390616,2308280,0,0,0,0,0.0000
1566882,01a0b1c2-7e57-7c11-8e57-000000000001,01a0d76c-a53d-76a2-8c24-b9355d75a8b0,ACTIVE,1250000,250000,-2165064,0,0,0,0,0.0000
1566882,01a0b1c2-7e57-7c11-8e57-000000000001,01a0d76c-a53d-76a2-8c24-b9305de133da,ACTIVE,-283712,-3390616,2308280,0,0,0,0,0.0000
1566884,01a0b1c2-7e57-7c11-8e57-000000000001,01a0d76c-a53d-76a2-8c24-b9355d75a8b0,ACTIVE,1250000,250000,-2165064,0,0,0,0,0.0000
1566884,01a0b1c2-7e57-7c11-8e57-000000000001,01a0d76c-a53d-76a2-8c24-b9305de133da,ACTIVE,-283712,-3390616,2308280,0,0,0,0,0.0000
1566886,01a0b1c2-7e57-7c11-8e57-000000000001,01a0d76c-a53d-76a2-8c24-b9355d75a8b0,ACTIVE,1250000,250000,-2165064,0,0,0,0,0.0000
1566886,01a0b1c2-7e57-7c11-8e57-000000000001,01a0d76c-a53d-76a2-8c24-b9305de133da,ACTIVE,-283712,-3390616,2308280,0,0,0,0,0.0000
1566888,01a0b1c2-7e57-7c11-8e57-000000000001,01a0d76c-a53d-76a2-8c24-b9355d75a8b0,ACTIVE,1250000,250000,-2165064,0,0,0,0,0.0000
1566888,01a0b1c2-7e57-7c11-8e57-000000000001,01a0d76c-a53d-76a2-8c24-b9305de133da,ACTIVE,-283712,-3390616,2308280,0,0,0,0,0.0000
1566890,01a0b1c2-7e57-7c11-8e57-000000000001,01a0d76c-a53d-76a2-8c24-b9355d75a8b0,ACTIVE,1250000,250000,-2165064,0,0,0,0,0.0000
1566890,01a0b1c2-7e57-7c11-8e57-000000000001,01a0d76c-a53d-76a2-8c24-b9305de133da,ACTIVE,-283712,-3390616,2308280,0,0,0,0,0.0000
1566892,01a0b1c2-7e57-7c11-8e57-000000000001,01a0d76c-a53d-76a2-8c24-b9355d75a8b0,ACTIVE,1250000,250000,-2165064,0,0,0,0,0.0000
1566892,01a0b1c2-7e57-7c11-8e57-000000000001,01a0d76c-a53d-76a2-8c24-b9305de133da,ACTIVE,-283712,-3390616,2308280,0,0,0,0,0.0000
1566894,01a0b1c2-7e57-7c11-8e57-000000000001,01a0d76c-a53d-76a2-8c24-b9355d75a8b0,ACTIVE,1250000,250000,-2165064,0,0,0,0,0.0000
1566894,01a0b1c2-7e57-7c11-8e57-000000000001,01a0d76c-a53d-76a2-8c24-b9305de133da,ACTIVE,-283712,-3390616,2308280,0,0,0,0,0.0000
1566896,01a0b1c2-7e57-7c11-8e57-000000000001,01a0d76c-a53d-76a2-8c24-b9355d75a8b0,ACTIVE,1250000,250000,-2165064,0,0,0,0,0.0000
1566896,01a0b1c2-7e57-7c11-8e57-000000000001,01a0d76c-a53d-76a2-8c24-b9305de133da,ACTIVE,-283712,-3390616,2308280,0,0,0,0,0.0000
1566898,01a0b1c2-7e57-7c11-8e57-000000000001,01a0d76c-a53d-76a2-8c24-b9355d75a8b0,ACTIVE,1250000,250000,-2165064,0,0,0,0,0.0000
1566898,01a0b1c2-7e57-7c11-8e57-000000000001,01a0d76c-a53d-76a2-8c24-b9305de133da,ACTIVE,-283712,-3390616,2308280,0,0,0,0,0.0000
1566900,01a0b1c2-7e57-7c11-8e57-000000000001,01a0d76c-a53d-76a2-8c24-b9355d75a8b0,ACTIVE,1250000,250000,-2165064,0,0,0,0,0.0000
1566900,01a0b1c2-7e57-7c11-8e57-000000000001,01a0d76c-a53d-76a2-8c24-b9305de133da,ACTIVE,-283712,-3390616,2308280,0,0,0,0,0.0000
1566902,01a0b1c2-7e57-7c11-8e57-000000000001,01a0d76c-a53d-76a2-8c24-b9355d75a8b0,ACTIVE,1250000,250000,-2165064,0,0,0,0,0.0000
1566902,01a0b1c2-7e57-7c11-8e57-000000000001,01a0d76c-a53d-76a2-8c24-b9305de133da,ACTIVE,-283712,-3390616,2308280,0,0,0,0,0.0000
1566904,01a0b1c2-7e57-7c11-8e57-000000000001,01a0d76c-a53d-76a2-8c24-b9355d75a8b0,ACTIVE,1250000,250000,-2165064,0,0,0,0,0.0000
1566904,01a0b1c2-7e57-7c11-8e57-000000000001,01a0d76c-a53d-76a2-8c24-b9305de133da,ACTIVE,-283712,-3390616,2308280,0,0,0,0,0.0000
1566906,01a0b1c2-7e57-7c11-8e57-000000000001,01a0d76c-a53d-76a2-8c24-b9355d75a8b0,ACTIVE,1250000,250000,-2165064,0,0,0,0,0.0000
1566906,01a0b1c2-7e57-7c11-8e57-000000000001,01a0d76c-a53d-76a2-8c24-b9305de133da,ACTIVE,-283712,-3390616,2308280,0,0,0,0,0.0000
1566908,01a0b1c2-7e57-7c11-8e57-000000000001,01a0d76c-a53d-76a2-8c24-b9355d75a8b0,ACTIVE,1250000,250000,-2165064,0,0,0,0,0.0000
1566908,01a0b1c2-7e57-7c11-8e57-000000000001,01a0d76c-a53d-76a2-8c24-b9305de133da,ACTIVE,-283712,-3390616,2308280,0,0,0,0,0.0000
1566910,01a0b1c2-7e57-7c11-8e57-000000000001,01a0d76c-a53d-76a2-8c24-b9355d75a8b0,ACTIVE,1250000,250000,-2165064,0,0,0,0,0.0000
1566910,01a0b1c2-7e57-7c11-8e57-000000000001,01a0d76c-a53d-76a2-8c24-b9305de133da,ACTIVE,-283712,-3390616,2308280,0,0,0,0,0.0000
1566912,01a0b1c2-7e57-7c11-8e57-000000000001,01a0d76c-a53d-76a2-8c24-b9355d75a8b0,ACTIVE,1250000,250000,-2165064,0,0,0,0,0.0000
1566912,01a0b1c2-7e57-7c11-8e57-000000000001,01a0d76c-a53d-76a2-8c24-b9305de133da,ACTIVE,-283712,-3390616,2308280,0,0,0,0,0.0000
1566914,01a0b1c2-7e57-7c11-8e57-000000000001,01a0d76c-a53d-76a2-8c24-b9355d75a8b0,ACTIVE,1250000,250000,-2165064,0,0,0,0,0.0000
1566914,01a0b1c2-7e57-7c11-8e57-000000000001,01a0d76c-a53d-76a2-8c24-b9305de133da,ACTIVE,-283712,-3390616,2308280,0,0,0,0,0.0000
1566916,01a0b1c2-7e57-7c11-8e57-000000000001,01a0d76c-a53d-76a2-8c24-b9355d75a8b0,ACTIVE,1250000,250000,-2165064,0,0,0,0,0.0000
1566916,01a0b1c2-7e57-7c11-8e57-000000000001,01a0d76c-a53d-76a2-8c24-b9305de133da,ACTIVE,-283712,-3390616,2308280,0,0,0,0,0.0000
1566918,01a0b1c2-7e57-7c11-8e57-000000000001,01a0d76c-a53d-76a2-8c24-b9355d75a8b0,ACTIVE,1250000,250000,-2165064,0,0,0,0,0.0000
1566918,01a0b1c2-7e57-7c11-8e57-000000000001,01a0d76c-a53d-76a2-8c24-b9305de133da,ACTIVE,-283712,-3390616,2308280,0,0,0,0,0.0000
1566920,01a0b1c2-7e57-7c11-8e57-000000000001,01a0d76c-a53d-76a2-8c24-b9355d75a8b0,ACTIVE,1250000,250000,-2165064,0,0,0,0,0.0000
1566920,01a0b1c2-7e57-7c11-8e57-000000000001,01a0d76c-a53d-76a2-8c24-b9305de133da,ACTIVE,-283712,-3390616,2308280,0,0,0,0,0.0000
1566922,01a0b1c2-7e57-7c11-8e57-000000000001,01a0d76c-a53d-76a2-8c24-b9355d75a8b0,ACTIVE,1250000,250000,-2165064,0,0,0,0,0.0000
1566922,01a0b1c2-7e57-7c11-8e57-000000000001,01a0d76c-a53d-76a2-8c24-b9305de133da,ACTIVE,-283712,-3390616,2308280,0,0,0,0,0.0000
1566924,01a0b1c2-7e57-7c11-8e57-000000000001,01a0d76c-a53d-76a2-8c24-b9355d75a8b0,ACTIVE,1250000,250000,-2165064,0,0,0,0,0.0000
1566924,01a0b1c2-7e57-7c11-8e57-000000000001,01a0d76c-a53d-76a2-8c24-b9305de133da,ACTIVE,-283712,-3390616,2308280,0,0,0,0,0.0000
1566926,01a0b1c2-7e57-7c11-8e57-000000000001,01a0d76c-a53d-76a2-8c24-b9355d75a8b0,ACTIVE,1250000,250000,-2165064,0,0,0,0,0.0000
1566926,01a0b1c2-7e57-7c11-8e57-000000000001,01a0d76c-a53d-76a2-8c24-b9305de133da,ACTIVE,-283712,-3390616,2308280,0,0,0,0,0.0000
1566928,01a0b1c2-7e57-7c11-8e57-000000000001,01a0d76c-a53d-76a2-8c24-b9355d75a8b0,ACTIVE,1250000,250000,-2165064,0,0,0,0,0.0000
1566928,01a0b1c2-7e57-7c11-8e57-000000000001,01a0d76c-a53d-76a2-8c24-b9305de133da,ACTIVE,-283712,-3390616,2308280,0,0,0,0,0.0000
1566930,01a0b1c2-7e57-7c11-8e57-000000000001,01a0d76c-a53d-76a2-8c24-b9355d75a8b0,ACTIVE,1250000,250000,-2165064,0,0,0,0,0.0000
1566930,01a0b1c2-7e57-7c11-8e57-000000000001,01a0d76c-a53d-76a2-8c24-b9305de133da,ACTIVE,-283712,-3390616,2308280,0,0,0,0,0.0000
1566932,01a0b1c2-7e57-7c11-8e57-000000000001,01a0d76c-a53d-76a2-8c24-b9355d75a8b0,ACTIVE,1250000,250000,-2165064,0,0,0,0,0.0000
1566932,01a0b1c2-7e57-7c11-8e57-000000000001,01a0d76c-a53d-76a2-8c24-b9305de133da,ACTIVE,-283712,-3390616,2308280,0,0,0,0,0.0000
1566934,01a0b1c2-7e57-7c11-8e57-000000000001,01a0d76c-a53d-76a2-8c24-b9355d75a8b0,ACTIVE,1250000,250000,-2165064,0,0,0,0,0.0000
1566934,01a0b1c2-7e57-7c11-8e57-000000000001,01a0d76c-a53d-76a2-8c24-b9305de133da,ACTIVE,-283712,-3390616,2308280,0,0,0,0,0.0000
1566936,01a0b1c2-7e57-7c11-8e57-000000000001,01a0d76c-a53d-76a2-8c24-b9355d75a8b0,ACTIVE,1250000,250000,-2165064,0,0,0,0,0.0000
1566936,01a0b1c2-7e57-7c11-8e57-000000000001,01a0d76c-a53d-76a2-8c24-b9305de133da,ACTIVE,-283712,-3390616,2308280,0,0,0,0,0.0000
1566938,01a0b1c2-7e57-7c11-8e57-000000000001,01a0d76c-a53d-76a2-8c24-b9355d75a8b0,ACTIVE,1250000,250000,-2165064,0,0,0,0,0.0000
1566938,01a0b1c2-7e57-7c11-8e57-000000000001,01a0d76c-a53d-76a2-8c24-b9305de133da,ACTIVE,-283712,-3390616,2308280,0,0,0,0,0.0000
1566940,01a0b1c2-7e57-7c11-8e57-000000000001,01a0d76c-a53d-76a2-8c24-b9355d75a8b0,ACTIVE,1250000,250000,-2165064,0,0,0,0,0.0000
1566940,01a0b1c2-7e57-7c11-8e57-000000000001,01a0d76c-a53d-76a2-8c24-b9305de133da,ACTIVE,-283712,-3390616,2308280,0,0,0,0,0.0000
1566942,01a0b1c2-7e57-7c11-8e57-000000000001,01a0d76c-a53d-76a2-8c24-b9355d75a8b0,ACTIVE,1250000,250000,-2165064,0,0,0,0,0.0000
1566942,01a0b1c2-7e57-7c11-8e57-000000000001,01a0d76c-a53d-76a2-8c24-b9305de133da,ACTIVE,-283712,-3390616,2308280,0,0,0,0,0.0000
1566944,01a0b1c2-7e57-7c11-8e57-000000000001,01a0d76c-a53d-76a2-8c24-b9355d75a8b0,ACTIVE,1250000,250000,-2165064,0,0,0,0,0.0000
1566944,01a0b1c2-7e57-7c11-8e57-000000000001,01a0d76c-a53d-76a2-8c24-b9305de133da,ACTIVE,-283712,-3390616,2308280,0,0,0,0,0.0000
1566946,01a0b1c2-7e57-7c11-8e57-000000000001,01a0d76c-a53d-76a2-8c24-b9355d75a8b0,ACTIVE,1250000,250000,-2165064,0,0,0,0,0.0000
1566946,01a0b1c2-7e57-7c11-8e57-000000000001,01a0d76c-a53d-76a2-8c24-b9305de133da,ACTIVE,-283712,-3390616,2308280,0,0,0,0,0.0000
1566948,01a0b1c2-7e57-7c11-8e57-000000000001,01a0d76c-a53d-76a2-8c24-b9355d75a8b0,ACTIVE,1250000,250000,-2165064,0,0,0,0,0.0000
1566948,01a0b1c2-7e57-7c11-8e57-000000000001,01a0d76c-a53d-76a2-8c24-b9305de133da,ACTIVE,-283712,-3390616,2308280,0,0,0,0,0.0000
1566950,01a0b1c2-7e57-7c11-8e57-000000000001,01a0d76c-a53d-76a2-8c24-b9355d75a8b0,ACTIVE,1250000,250000,-2165064,0,0,0,0,0.0000
1566950,01a0b1c2-7e57-7c11-8e57-000000000001,01a0d76c-a53d-76a2-8c24-b9305de133da,ACTIVE,-283712,-3390616,2308280,0,0,0,0,0.0000
1566952,01a0b1c2-7e57-7c11-8e57-000000000001,01a0d76c-a53d-76a2-8c24-b9355d75a8b0,ACTIVE,1250000,250000,-2165064,0,0,0,0,0.0000
1566952,01a0b1c2-7e57-7c11-8e57-000000000001,01a0d76c-a53d-76a2-8c24-b9305de133da,ACTIVE,-283712,-3390616,2308280,0,0,0,0,0.0000
1566954,01a0b1c2-7e57-7c11-8e57-000000000001,01a0d76c-a53d-76a2-8c24-b9355d75a8b0,ACTIVE,1250000,250000,-2165064,0,0,0,0,0.0000
1566954,01a0b1c2-7e57-7c11-8e57-000000000001,01a0d76c-a53d-76a2-8c24-b9305de133da,ACTIVE,-283712,-3390616,2308280,0,0,0,0,0.0000
1566956,01a0b1c2-7e57-7c11-8e57-000000000001,01a0d76c-a53d-76a2-8c24-b9355d75a8b0,ACTIVE,1250000,250000,-2165064,0,0,0,0,0.0000
1566956,01a0b1c2-7e57-7c11-8e57-000000000001,01a0d76c-a53d-76a2-8c24-b9305de133da,ACTIVE,-283712,-3390616,2308280,0,0,0,0,0.0000
1566958,01a0b1c2-7e57-7c11-8e57-000000000001,01a0d76c-a53d-76a2-8c24-b9355d75a8b0,ACTIVE,1250000,250000,-2165064,0,0,0,0,0.0000
1566958,01a0b1c2-7e57-7c11-8e57-000000000001,01a0d76c-a53d-76a2-8c24-b9305de133da,ACTIVE,-283712,-3390616,2308280,0,0,0,0,0.0000
1566960,01a0b1c2-7e57-7c11-8e57-000000000001,01a0d76c-a53d-76a2-8c24-b9355d75a8b0,ACTIVE,1250000,250000,-2165064,0,0,0,0,0.0000
1566960,01a0b1c2-7e57-7c11-8e57-000000000001,01a0d76c-a53d-76a2-8c24-b9305de133da,ACTIVE,-283712,-3390616,2308280,0,0,0,0,0.0000
1566962,01a0b1c2-7e57-7c11-8e57-000000000001,01a0d76c-a53d-76a2-8c24-b9355d75a8b0,ACTIVE,1250000,250000,-2165064,0,0,0,0,0.0000
1566962,01a0b1c2-7e57-7c11-8e57-000000000001,01a0d76c-a53d-76a2-8c24-b9305de133da,ACTIVE,-283712,-3390616,2308280,0,0,0,0,0.0000
1566964,01a0b1c2-7e57-7c11-8e57-000000000001,01a0d76c-a53d-76a2-8c24-b9355d75a8b0,ACTIVE,1250000,250000,-2165064,0,0,0,0,0.0000
1566964,01a0b1c2-7e57-7c11-8e57-000000000001,01a0d76c-a53d-76a2-8c24-b9305de133da,ACTIVE,-283712,-3390616,2308280,0,0,0,0,0.0000
1566966,01a0b1c2-7e57-7c11-8e57-000000000001,01a0d76c-a53d-76a2-8c24-b9355d75a8b0,ACTIVE,1250000,250000,-2165064,0,0,0,0,0.0000
1566966,01a0b1c2-7e57-7c11-8e57-000000000001,01a0d76c-a53d-76a2-8c24-b9305de133da,ACTIVE,-283712,-3390616,2308280,0,0,0,0,0.0000
1566968,01a0b1c2-7e57-7c11-8e57-000000000001,01a0d76c-a53d-76a2-8c24-b9355d75a8b0,ACTIVE,1250000,250000,-2165064,0,0,0,0,0.0000
1566968,01a0b1c2-7e57-7c11-8e57-000000000001,01a0d76c-a53d-76a2-8c24-b9305de133da,ACTIVE,-283712,-3390616,2308280,0,0,0,0,0.0000
1566970,01a0b1c2-7e57-7c11-8e57-000000000001,01a0d76c-a53d-76a2-8c24-b9355d75a8b0,ACTIVE,1250000,250000,-2165064,0,0,0,0,0.0000
1566970,01a0b1c2-7e57-7c11-8e57-000000000001,01a0d76c-a53d-76a2-8c24-b9305de133da,ACTIVE,-283712,-3390616,2308280,0,0,0,0,0.0000
1566972,01a0b1c2-7e57-7c11-8e57-000000000001,01a0d76c-a53d-76a2-8c24-b9355d75a8b0,ACTIVE,1250000,250000,-2165064,0,0,0,0,0.0000
1566972,01a0b1c2-7e57-7c11-8e57-000000000001,01a0d76c-a53d-76a2-8c24-b9305de133da,ACTIVE,-283712,-3390616,2308280,0,0,0,0,0.0000
1566974,01a0b1c2-7e57-7c11-8e57-000000000001,01a0d76c-a53d-76a2-8c24-b9355d75a8b0,ACTIVE,1250000,250000,-2165064,0,0,0,0,0.0000
1566974,01a0b1c2-7e57-7c11-8e57-000000000001,01a0d76c-a53d-76a2-8c24-b9305de133da,ACTIVE,-283712,-3390616,2308280,0,0,0,0,0.0000
1566976,01a0b1c2-7e57-7c11-8e57-000000000001,01a0d76c-a53d-76a2-8c24-b9355d75a8b0,ACTIVE,1250000,250000,-2165064,0,0,0,0,0.0000
1566976,01a0b1c2-7e57-7c11-8e57-000000000001,01a0d76c-a53d-76a2-8c24-b9305de133da,ACTIVE,-283712,-3390616,2308280,0,0,0,0,0.0000
1566978,01a0b1c2-7e57-7c11-8e57-000000000001,01a0d76c-a53d-76a2-8c24-b9355d75a8b0,ACTIVE,1250000,250000,-2165064,0,0,0,0,0.0000
1566978,01a0b1c2-7e57-7c11-8e57-000000000001,01a0d76c-a53d-76a2-8c24-b9305de133da,ACTIVE,-283712,-3390616,2308280,0,0,0,0,0.0000
1566980,01a0b1c2-7e57-7c11-8e57-000000000001,01a0d76c-a53d-76a2-8c24-b9355d75a8b0,ACTIVE,1250000,250000,-2165064,0,0,0,0,0.0000
1566980,01a0b1c2-7e57-7c11-8e57-000000000001,01a0d76c-a53d-76a2-8c24-b9305de133da,ACTIVE,-283712,-3390616,2308280,0,0,0,0,0.0000
1566982,01a0b1c2-7e57-7c11-8e57-000000000001,01a0d76c-a53d-76a2-8c24-b9355d75a8b0,ACTIVE,1250000,250000,-2165064,0,0,0,0,0.0000
1566982,01a0b1c2-7e57-7c11-8e57-000000000001,01a0d76c-a53d-76a2-8c24-b9305de133da,ACTIVE,-283712,-3390616,2308280,0,0,0,0,0.0000
1566984,01a0b1c2-7e57-7c11-8e57-000000000001,01a0d76c-a53d-76a2-8c24-b9355d75a8b0,ACTIVE,1250000,250000,-2165064,0,0,0,0,0.0000
1566984,01a0b1c2-7e57-7c11-8e57-000000000001,01a0d76c-a53d-76a2-8c24-b9305de133da,ACTIVE,-283712,-3390616,2308280,0,0,0,0,0.0000
1566986,01a0b1c2-7e57-7c11-8e57-000000000001,01a0d76c-a53d-76a2-8c24-b9355d75a8b0,ACTIVE,1250000,250000,-2165064,0,0,0,0,0.0000
1566986,01a0b1c2-7e57-7c11-8e57-000000000001,01a0d76c-a53d-76a2-8c24-b9305de133da,ACTIVE,-283712,-3390616,2308280,0,0,0,0,0.0000
1566988,01a0b1c2-7e57-7c11-8e57-000000000001,01a0d76c-a53d-76a2-8c24-b9355d75a8b0,ACTIVE,1250000,250000,-2165064,0,0,0,0,0.0000
1566988,01a0b1c2-7e57-7c11-8e57-000000000001,01a0d76c-a53d-76a2-8c24-b9305de133da,ACTIVE,-283712,-3390616,2308280,0,0,0,0,0.0000
1566990,01a0b1c2-7e57-7c11-8e57-000000000001,01a0d76c-a53d-76a2-8c24-b9355d75a8b0,ACTIVE,1250000,250000,-2165064,0,0,0,0,0.0000
1566990,01a0b1c2-7e57-7c11-8e57-000000000001,01a0d76c-a53d-76a2-8c24-b9305de133da,ACTIVE,-283712,-3390616,2308280,0,0,0,0,0.0000
1566992,01a0b1c2-7e57-7c11-8e57-000000000001,01a0d76c-a53d-76a2-8c24-b9355d75a8b0,ACTIVE,1250000,250000,-2165064,0,0,0,0,0.0000
1566992,01a0b1c2-7e57-7c11-8e57-000000000001,01a0d76c-a53d-76a2-8c24-b9305de133da,ACTIVE,-283712,-3390616,2308280,0,0,0,0,0.0000
1566994,01a0b1c2-7e57-7c11-8e57-000000000001,01a0d76c-a53d-76a2-8c24-b9355d75a8b0,ACTIVE,1250000,250000,-2165064,0,0,0,0,0.0000
1566994,01a0b1c2-7e57-7c11-8e57-000000000001,01a0d76c-a53d-76a2-8c24-b9305de133da,ACTIVE,-283712,-3390616,2308280,0,0,0,0,0.0000
1566996,01a0b1c2-7e57-7c11-8e57-000000000001,01a0d76c-a53d-76a2-8c24-b9355d75a8b0,ACTIVE,1250000,250000,-2165064,0,0,0,0,0.0000
1566996,01a0b1c2-7e57-7c11-8e57-000000000001,01a0d76c-a53d-76a2-8c24-b9305de133da,ACTIVE,-283712,-3390616,2308280,0,0,0,0,0.0000
1566998,01a0b1c2-7e57-7c11-8e57-000000000001,01a0d76c-a53d-76a2-8c24-b9355d75a8b0,ACTIVE,1250000,250000,-2165064,0,0,0,0,0.0000
1566998,01a0b1c2-7e57-7c11-8e57-000000000001,01a0d76c-a53d-76a2-8c24-b9305de133da,ACTIVE,-283712,-3390616,2308280,0,0,0,0,0.0000
1567000,01a0b1c2-7e57-7c11-8e57-000000000001,01a0d76c-a53d-76a2-8c24-b9355d75a8b0,ACTIVE,1250000,250000,-2165064,0,0,0,0,0.0000
1567000,01a0b1c2-7e57-7c11-8e57-000000000001,01a0d76c-a53d-76a2-8c24-b9305de133da,ACTIVE,-283712,-3390616,2308280,0,0,0,0,0.0000
1567002,01a0b1c2-7e57-7c11-8e57-000000000001,01a0d76c-a53d-76a2-8c24-b9355d75a8b0,ACTIVE,1250000,250000,-2165064,0,0,0,0,0.0000
1567002,01a0b1c2-7e57-7c11-8e57-000000000001,01a0d76c-a53d-76a2-8c24-b9305de133da,ACTIVE,-283712,-3390616,2308280,0,0,0,0,0.0000
1567004,01a0b1c2-7e57-7c11-8e57-000000000001,01a0d76c-a53d-76a2-8c24-b9355d75a8b0,ACTIVE,1250000,250000,-2165064,0,0,0,0,0.0000
1567004,01a0b1c2-7e57-7c11-8e57-000000000001,01a0d76c-a53d-76a2-8c24-b9305de133da,ACTIVE,-283712,-3390616,2308280,0,0,0,0,0.0000
1567006,01a0b1c2-7e57-7c11-8e57-000000000001,01a0d76c-a53d-76a2-8c24-b9355d75a8b0,ACTIVE,1250000,250000,-2165064,0,0,0,0,0.0000
1567006,01a0b1c2-7e57-7c11-8e57-000000000001,01a0d76c-a53d-76a2-8c24-b9305de133da,ACTIVE,-283712,-3390616,2308280,0,0,0,0,0.0000
1567008,01a0b1c2-7e57-7c11-8e57-000000000001,01a0d76c-a53d-76a2-8c24-b9355d75a8b0,ACTIVE,1250000,250000,-2165064,0,0,0,0,0.0000
1567008,01a0b1c2-7e57-7c11-8e57-000000000001,01a0d76c-a53d-76a2-8c24-b9305de133da,ACTIVE,-283712,-3390616,2308280,0,0,0,0,0.0000
1567010,01a0b1c2-7e57-7c11-8e57-000000000001,01a0d76c-a53d-76a2-8c24-b9355d75a8b0,ACTIVE,1250000,250000,-2165064,0,0,0,0,0.0000
1567010,01a0b1c2-7e57-7c11-8e57-000000000001,01a0d76c-a53d-76a2-8c24-b9305de133da,ACTIVE,-283712,-3390616,2308280,0,0,0,0,0.0000
1567012,01a0b1c2-7e57-7c11-8e57-000000000001,01a0d76c-a53d-76a2-8c24-b9355d75a8b0,ACTIVE,1250000,250000,-2165064,0,0,0,0,0.0000
1567012,01a0b1c2-7e57-7c11-8e57-000000000001,01a0d76c-a53d-76a2-8c24-b9305de133da,ACTIVE,-283712,-3390616,2308280,0,0,0,0,0.0000
1567014,01a0b1c2-7e57-7c11-8e57-000000000001,01a0d76c-a53d-76a2-8c24-b9355d75a8b0,ACTIVE,1250000,250000,-2165064,0,0,0,0,0.0000
1567014,01a0b1c2-7e57-7c11-8e57-000000000001,01a0d76c-a53d-76a2-8c24-b9305de133da,ACTIVE,-283712,-3390616,2308280,0,0,0,0,0.0000
1567016,01a0b1c2-7e57-7c11-8e57-000000000001,01a0d76c-a53d-76a2-8c24-b9355d75a8b0,ACTIVE,1250000,250000,-2165064,0,0,0,0,0.0000
1567016,01a0b1c2-7e57-7c11-8e57-000000000001,01a0d76c-a53d-76a2-8c24-b9305de133da,ACTIVE,-283712,-3390616,2308280,0,0,0,0,0.0000
1567018,01a0b1c2-7e57-7c11-8e57-000000000001,01a0d76c-a53d-76a2-8c24-b9355d75a8b0,ACTIVE,1250000,250000,-2165064,0,0,0,0,0.0000
1567018,01a0b1c2-7e57-7c11-8e57-000000000001,01a0d76c-a53d-76a2-8c24-b9305de133da,ACTIVE,-283712,-3390616,2308280,0,0,0,0,0.0000
