tick,observer_actor_id,ship_id,presence,px_mm,py_mm,pz_mm,vx_mm_s,vy_mm_s,vz_mm_s
350920,01a0b1c2-b010-7000-8000-000000000000,01a0bf0f-82ab-7769-983f-45fca21fae0a,ACTIVE,0,-250000,2500000,0,0,0
350922,01a0b1c2-b010-7000-8000-000000000000,01a0bf0f-82ab-7769-983f-45fca21fae0a,ACTIVE,0,-250000,2500000,0,0,0
350924,01a0b1c2-b010-7000-8000-000000000000,01a0bf0f-82ab-7769-983f-45fca21fae0a,ACTIVE,0,-250000,2500000,0,0,0
350926,01a0b1c2-b010-7000-8000-000000000000,01a0bf0f-82ab-7769-983f-45fca21fae0a,ACTIVE,0,-250000,2500000,0,0,0
350928,01a0b1c2-b010-7000-8000-000000000000,01a0bf0f-82ab-7769-983f-45fca21fae0a,ACTIVE,0,-250000,2500000,0,0,0
350930,01a0b1c2-b010-7000-8000-000000000000,01a0bf0f-82ab-7769-983f-45fca21fae0a,ACTIVE,0,-250000,2500000,0,0,0
350932,01a0b1c2-b010-7000-8000-000000000000,01a0bf0f-82ab-7769-983f-45fca21fae0a,ACTIVE,0,-250000,2500000,0,0,0
350934,01a0b1c2-b010-7000-8000-000000000000,01a0bf0f-82ab-7769-983f-45fca21fae0a,ACTIVE,0,-250000,2500000,0,0,0
350936,01a0b1c2-b010-7000-8000-000000000000,01a0bf0f-82ab-7769-983f-45fca21fae0a,ACTIVE,0,-250000,2500000,0,0,0
350938,01a0b1c2-b010-7000-8000-000000000000,01a0bf0f-82ab-7769-983f-45fca21fae0a,ACTIVE,0,-250000,2500000,0,0,0
350940,01a0b1c2-b010-7000-8000-000000000000,01a0bf0f-82ab-7769-983f-45fca21fae0a,ACTIVE,0,-250000,2500000,0,0,0
350942,01a0b1c2-b010-7000-8000-000000000000,01a0bf0f-82ab-7769-983f-45fca21fae0a,ACTIVE,0,-250000,2500000,0,0,0
350944,01a0b1c2-b010-7000-8000-000000000000,01a0bf0f-82ab-7769-983f-45fca21fae0a,ACTIVE,0,-250000,2500000,0,0,0
350944,01a0b1c2-b010-7000-8000-000000000000,01a0bf0f-878c-766d-8e01-d6e11e6ed23b,ACTIVE,2500000,250000,0,0,0,0
350946,01a0b1c2-b010-7000-8000-000000000000,01a0bf0f-82ab-7769-983f-45fca21fae0a,ACTIVE,0,-250000,2500000,0,0,0
350946,01a0b1c2-b010-7000-8000-000000000000,01a0bf0f-878c-766d-8e01-d6e11e6ed23b,ACTIVE,2500000,250000,0,0,0,0
350948,01a0b1c2-b010-7000-8000-000000000000,01a0bf0f-82ab-7769-983f-45fca21fae0a,ACTIVE,0,-250000,2500000,0,0,0
350948,01a0b1c2-b010-7000-8000-000000000000,01a0bf0f-878c-766d-8e01-d6e11e6ed23b,ACTIVE,2500000,250000,0,0,0,0
350950,01a0b1c2-b010-7000-8000-000000000000,01a0bf0f-82ab-7769-983f-45fca21fae0a,ACTIVE,0,-250000,2500000,0,0,0
350950,01a0b1c2-b010-7000-8000-000000000000,01a0bf0f-878c-766d-8e01-d6e11e6ed23b,ACTIVE,2500000,250000,0,0,0,0
350952,01a0b1c2-b010-7000-8000-000000000000,01a0bf0f-82ab-7769-983f-45fca21fae0a,ACTIVE,0,-250000,2500000,0,0,0
350952,01a0b1c2-b010-7000-8000-000000000000,01a0bf0f-878c-766d-8e01-d6e11e6ed23b,ACTIVE,2500000,250000,0,0,0,0
350954,01a0b1c2-b010-7000-8000-000000000000,01a0bf0f-82ab-7769-983f-45fca21fae0a,ACTIVE,0,-250000,2500000,0,0,0
350954,01a0b1c2-b010-7000-8000-000000000000,01a0bf0f-878c-766d-8e01-d6e11e6ed23b,ACTIVE,2500000,250000,0,0,0,0
350956,01a0b1c2-b010-7000-8000-000000000000,01a0bf0f-82ab-7769-983f-45fca21fae0a,ACTIVE,0,-250000,2500000,0,0,0
350956,01a0b1c2-b010-7000-8000-000000000000,01a0bf0f-878c-766d-8e01-d6e11e6ed23b,ACTIVE,2500000,250000,0,0,0,0
350958,01a0b1c2-b010-7000-8000-000000000000,01a0bf0f-82ab-7769-983f-45fca21fae0a,ACTIVE,0,-250000,2500000,0,0,0
350958,01a0b1c2-b010-7000-8000-000000000000,01a0bf0f-878c-766d-8e01-d6e11e6ed23b,ACTIVE,2500000,250000,0,0,0,0
350960,01a0b1c2-b010-7000-8000-000000000000,01a0bf0f-82ab-7769-983f-45fca21fae0a,ACTIVE,0,-250000,2500000,0,0,0
350960,01a0b1c2-b010-7000-8000-000000000000,01a0bf0f-878c-766d-8e01-d6e11e6ed23b,ACTIVE,2500000,250000,0,0,0,0
350962,01a0b1c2-b010-7000-8000-000000000000,01a0bf0f-82ab-7769-983f-45fca21fae0a,ACTIVE,0,-250000,2500000,0,0,0
350962,01a0b1c2-b010-7000-8000-000000000000,01a0bf0f-878c-766d-8e01-d6e11e6ed23b,ACTIVE,2500000,250000,0,0,0,0
350964,01a0b1c2-b010-7000-8000-000000000000,01a0bf0f-82ab-7769-983f-45fca21fae0a,ACTIVE,0,-250000,2500000,0,0,0
350964,01a0b1c2-b010-7000-8000-000000000000,01a0bf0f-878c-766d-8e01-d6e11e6ed23b,ACTIVE,2500000,250000,0,0,0,0
350966,01a0b1c2-b010-7000-8000-000000000000,01a0bf0f-82ab-7769-983f-45fca21fae0a,ACTIVE,0,-250000,2500000,0,0,0
350966,01a0b1c2-b010-7000-8000-000000000000,01a0bf0f-878c-766d-8e01-d6e11e6ed23b,ACTIVE,2500000,250000,0,0,0,0
350968,01a0b1c2-b010-7000-8000-000000000000,01a0bf0f-82ab-7769-983f-45fca21fae0a,ACTIVE,0,-250000,2500000,0,0,0
350968,01a0b1c2-b010-7000-8000-000000000000,01a0bf0f-878c-766d-8e01-d6e11e6ed23b,ACTIVE,2500000,250000,0,0,0,0
350970,01a0b1c2-b010-7000-8000-000000000000,01a0bf0f-82ab-7769-983f-45fca21fae0a,ACTIVE,0,-250000,2500000,0,0,0
350970,01a0b1c2-b010-7000-8000-000000000000,01a0bf0f-878c-766d-8e01-d6e11e6ed23b,ACTIVE,2500000,250000,0,0,0,0
350970,01a0b1c2-b010-7000-8000-000000000000,01a0bf0f-8c6e-75e9-93bb-936cf39e95cf,ACTIVE,-2165064,-250000,-1250000,0,0,0
350972,01a0b1c2-b010-7000-8000-000000000000,01a0bf0f-82ab-7769-983f-45fca21fae0a,ACTIVE,0,-250000,2500000,0,0,0
350972,01a0b1c2-b010-7000-8000-000000000000,01a0bf0f-878c-766d-8e01-d6e11e6ed23b,ACTIVE,2500000,250000,0,0,0,0
350972,01a0b1c2-b010-7000-8000-000000000000,01a0bf0f-8c6e-75e9-93bb-936cf39e95cf,ACTIVE,-2165064,-250000,-1250000,0,0,0
350974,01a0b1c2-b010-7000-8000-000000000000,01a0bf0f-82ab-7769-983f-45fca21fae0a,ACTIVE,0,-250000,2500000,0,0,0
350974,01a0b1c2-b010-7000-8000-000000000000,01a0bf0f-878c-766d-8e01-d6e11e6ed23b,ACTIVE,2500000,250000,0,0,0,0
350974,01a0b1c2-b010-7000-8000-000000000000,01a0bf0f-8c6e-75e9-93bb-936cf39e95cf,ACTIVE,-2165064,-250000,-1250000,0,0,0
350976,01a0b1c2-b010-7000-8000-000000000000,01a0bf0f-82ab-7769-983f-45fca21fae0a,ACTIVE,0,-250000,2500000,0,0,0
350976,01a0b1c2-b010-7000-8000-000000000000,01a0bf0f-878c-766d-8e01-d6e11e6ed23b,ACTIVE,2500000,250000,0,0,0,0
350976,01a0b1c2-b010-7000-8000-000000000000,01a0bf0f-8c6e-75e9-93bb-936cf39e95cf,ACTIVE,-2165064,-250000,-1250000,0,0,0
350978,01a0b1c2-b010-7000-8000-000000000000,01a0bf0f-82ab-7769-983f-45fca21fae0a,ACTIVE,0,-250000,2500000,0,0,0
350978,01a0b1c2-b010-7000-8000-000000000000,01a0bf0f-878c-766d-8e01-d6e11e6ed23b,ACTIVE,2500000,250000,0,0,0,0
350978,01a0b1c2-b010-7000-8000-000000000000,01a0bf0f-8c6e-75e9-93bb-936cf39e95cf,ACTIVE,-2165064,-250000,-1250000,0,0,0
350980,01a0b1c2-b010-7000-8000-000000000000,01a0bf0f-82ab-7769-983f-45fca21fae0a,ACTIVE,0,-250000,2500000,0,0,0
350980,01a0b1c2-b010-7000-8000-000000000000,01a0bf0f-878c-766d-8e01-d6e11e6ed23b,ACTIVE,2500000,250000,0,0,0,0
350980,01a0b1c2-b010-7000-8000-000000000000,01a0bf0f-8c6e-75e9-93bb-936cf39e95cf,ACTIVE,-2165064,-250000,-1250000,0,0,0
350982,01a0b1c2-b010-7000-8000-000000000000,01a0bf0f-82ab-7769-983f-45fca21fae0a,ACTIVE,0,-250000,2500000,0,0,0
350982,01a0b1c2-b010-7000-8000-000000000000,01a0bf0f-878c-766d-8e01-d6e11e6ed23b,ACTIVE,2500000,250000,0,0,0,0
350982,01a0b1c2-b010-7000-8000-000000000000,01a0bf0f-8c6e-75e9-93bb-936cf39e95cf,ACTIVE,-2165064,-250000,-1250000,0,0,0
350984,01a0b1c2-b010-7000-8000-000000000000,01a0bf0f-82ab-7769-983f-45fca21fae0a,ACTIVE,0,-250000,2500000,0,0,0
350984,01a0b1c2-b010-7000-8000-000000000000,01a0bf0f-878c-766d-8e01-d6e11e6ed23b,ACTIVE,2500000,250000,0,0,0,0
350984,01a0b1c2-b010-7000-8000-000000000000,01a0bf0f-8c6e-75e9-93bb-936cf39e95cf,ACTIVE,-2165064,-250000,-1250000,0,0,0
350986,01a0b1c2-b010-7000-8000-000000000000,01a0bf0f-82ab-7769-983f-45fca21fae0a,ACTIVE,0,-250000,2500000,0,0,0
350986,01a0b1c2-b010-7000-8000-000000000000,01a0bf0f-878c-766d-8e01-d6e11e6ed23b,ACTIVE,2500000,250000,0,0,0,0
350986,01a0b1c2-b010-7000-8000-000000000000,01a0bf0f-8c6e-75e9-93bb-936cf39e95cf,ACTIVE,-2165064,-250000,-1250000,0,0,0
350988,01a0b1c2-b010-7000-8000-000000000000,01a0bf0f-82ab-7769-983f-45fca21fae0a,ACTIVE,0,-250000,2500000,0,0,0
350988,01a0b1c2-b010-7000-8000-000000000000,01a0bf0f-878c-766d-8e01-d6e11e6ed23b,ACTIVE,2500000,250000,0,0,0,0
350988,01a0b1c2-b010-7000-8000-000000000000,01a0bf0f-8c6e-75e9-93bb-936cf39e95cf,ACTIVE,-2165064,-250000,-1250000,0,0,0
350990,01a0b1c2-b010-7000-8000-000000000000,01a0bf0f-82ab-7769-983f-45fca21fae0a,ACTIVE,0,-250000,2500000,0,0,0
350990,01a0b1c2-b010-7000-8000-000000000000,01a0bf0f-878c-766d-8e01-d6e11e6ed23b,ACTIVE,2500000,250000,0,0,0,0
350990,01a0b1c2-b010-7000-8000-000000000000,01a0bf0f-8c6e-75e9-93bb-936cf39e95cf,ACTIVE,-2165064,-250000,-1250000,0,0,0
350992,01a0b1c2-b010-7000-8000-000000000000,01a0bf0f-82ab-7769-983f-45fca21fae0a,ACTIVE,0,-250000,2500000,0,0,0
350992,01a0b1c2-b010-7000-8000-000000000000,01a0bf0f-878c-766d-8e01-d6e11e6ed23b,ACTIVE,2500000,250000,0,0,0,0
350992,01a0b1c2-b010-7000-8000-000000000000,01a0bf0f-8c6e-75e9-93bb-936cf39e95cf,ACTIVE,-2165064,-250000,-1250000,0,0,0
350994,01a0b1c2-b010-7000-8000-000000000000,01a0bf0f-82ab-7769-983f-45fca21fae0a,ACTIVE,0,-250000,2500000,0,0,0
350994,01a0b1c2-b010-7000-8000-000000000000,01a0bf0f-878c-766d-8e01-d6e11e6ed23b,ACTIVE,2500000,250000,0,0,0,0
350994,01a0b1c2-b010-7000-8000-000000000000,01a0bf0f-8c6e-75e9-93bb-936cf39e95cf,ACTIVE,-2165064,-250000,-1250000,0,0,0
350994,01a0b1c2-b010-7000-8000-000000000000,01a0bf0f-9150-7093-94cd-6272941f015e,ACTIVE,-2500000,250000,0,0,0,0
350996,01a0b1c2-b010-7000-8000-000000000000,01a0bf0f-82ab-7769-983f-45fca21fae0a,ACTIVE,0,-250000,2500000,0,0,0
350996,01a0b1c2-b010-7000-8000-000000000000,01a0bf0f-878c-766d-8e01-d6e11e6ed23b,ACTIVE,2500000,250000,0,0,0,0
350996,01a0b1c2-b010-7000-8000-000000000000,01a0bf0f-8c6e-75e9-93bb-936cf39e95cf,ACTIVE,-2165064,-250000,-1250000,0,0,0
350996,01a0b1c2-b010-7000-8000-000000000000,01a0bf0f-9150-7093-94cd-6272941f015e,ACTIVE,-2500000,250000,0,0,0,0
350998,01a0b1c2-b010-7000-8000-000000000000,01a0bf0f-82ab-7769-983f-45fca21fae0a,ACTIVE,0,-250000,2500000,0,0,0
350998,01a0b1c2-b010-7000-8000-000000000000,01a0bf0f-878c-766d-8e01-d6e11e6ed23b,ACTIVE,2500000,250000,0,0,0,0
350998,01a0b1c2-b010-7000-8000-000000000000,01a0bf0f-8c6e-75e9-93bb-936cf39e95cf,ACTIVE,-2165064,-250000,-1250000,0,0,0
350998,01a0b1c2-b010-7000-8000-000000000000,01a0bf0f-9150-7093-94cd-6272941f015e,ACTIVE,-2500000,250000,0,0,0,0
351000,01a0b1c2-b010-7000-8000-000000000000,01a0bf0f-82ab-7769-983f-45fca21fae0a,ACTIVE,0,-250000,2500000,0,0,0
351000,01a0b1c2-b010-7000-8000-000000000000,01a0bf0f-878c-766d-8e01-d6e11e6ed23b,ACTIVE,2500000,250000,0,0,0,0
351000,01a0b1c2-b010-7000-8000-000000000000,01a0bf0f-8c6e-75e9-93bb-936cf39e95cf,ACTIVE,-2165064,-250000,-1250000,0,0,0
351000,01a0b1c2-b010-7000-8000-000000000000,01a0bf0f-9150-7093-94cd-6272941f015e,ACTIVE,-2500000,250000,0,0,0,0
351002,01a0b1c2-b010-7000-8000-000000000000,01a0bf0f-82ab-7769-983f-45fca21fae0a,ACTIVE,0,-250000,2500000,0,0,0
351002,01a0b1c2-b010-7000-8000-000000000000,01a0bf0f-878c-766d-8e01-d6e11e6ed23b,ACTIVE,2500000,250000,0,0,0,0
351002,01a0b1c2-b010-7000-8000-000000000000,01a0bf0f-8c6e-75e9-93bb-936cf39e95cf,ACTIVE,-2165064,-250000,-1250000,0,0,0
351002,01a0b1c2-b010-7000-8000-000000000000,01a0bf0f-9150-7093-94cd-6272941f015e,ACTIVE,-2500000,250000,0,0,0,0
351004,01a0b1c2-b010-7000-8000-000000000000,01a0bf0f-82ab-7769-983f-45fca21fae0a,ACTIVE,0,-250000,2500000,0,0,0
351004,01a0b1c2-b010-7000-8000-000000000000,01a0bf0f-878c-766d-8e01-d6e11e6ed23b,ACTIVE,2500000,250000,0,0,0,0
351004,01a0b1c2-b010-7000-8000-000000000000,01a0bf0f-8c6e-75e9-93bb-936cf39e95cf,ACTIVE,-2165064,-250000,-1250000,0,0,0
351004,01a0b1c2-b010-7000-8000-000000000000,01a0bf0f-9150-7093-94cd-6272941f015e,ACTIVE,-2500000,250000,0,0,0,0
351006,01a0b1c2-b010-7000-8000-000000000000,01a0bf0f-82ab-7769-983f-45fca21fae0a,ACTIVE,0,-250000,2500000,0,0,0
351006,01a0b1c2-b010-7000-8000-000000000000,01a0bf0f-878c-766d-8e01-d6e11e6ed23b,ACTIVE,2500000,250000,0,0,0,0
351006,01a0b1c2-b010-7000-8000-000000000000,01a0bf0f-8c6e-75e9-93bb-936cf39e95cf,ACTIVE,-2165064,-250000,-1250000,0,0,0
351006,01a0b1c2-b010-7000-8000-000000000000,01a0bf0f-9150-7093-94cd-6272941f015e,ACTIVE,-2500000,250000,0,0,0,0
351008,01a0b1c2-b010-7000-8000-000000000000,01a0bf0f-82ab-7769-983f-45fca21fae0a,ACTIVE,0,-250000,2500000,0,0,0
351008,01a0b1c2-b010-7000-8000-000000000000,01a0bf0f-878c-766d-8e01-d6e11e6ed23b,ACTIVE,2500000,250000,0,0,0,0
351008,01a0b1c2-b010-7000-8000-000000000000,01a0bf0f-8c6e-75e9-93bb-936cf39e95cf,ACTIVE,-2165064,-250000,-1250000,0,0,0
351008,01a0b1c2-b010-7000-8000-000000000000,01a0bf0f-9150-7093-94cd-6272941f015e,ACTIVE,-2500000,250000,0,0,0,0
351010,01a0b1c2-b010-7000-8000-000000000000,01a0bf0f-82ab-7769-983f-45fca21fae0a,ACTIVE,0,-250000,2500000,0,0,0
351010,01a0b1c2-b010-7000-8000-000000000000,01a0bf0f-878c-766d-8e01-d6e11e6ed23b,ACTIVE,2500000,250000,0,0,0,0
351010,01a0b1c2-b010-7000-8000-000000000000,01a0bf0f-8c6e-75e9-93bb-936cf39e95cf,ACTIVE,-2165064,-250000,-1250000,0,0,0
351010,01a0b1c2-b010-7000-8000-000000000000,01a0bf0f-9150-7093-94cd-6272941f015e,ACTIVE,-2500000,250000,0,0,0,0
351012,01a0b1c2-b010-7000-8000-000000000000,01a0bf0f-82ab-7769-983f-45fca21fae0a,ACTIVE,0,-250000,2500000,0,0,0
351012,01a0b1c2-b010-7000-8000-000000000000,01a0bf0f-878c-766d-8e01-d6e11e6ed23b,ACTIVE,2500000,250000,0,0,0,0
351012,01a0b1c2-b010-7000-8000-000000000000,01a0bf0f-8c6e-75e9-93bb-936cf39e95cf,ACTIVE,-2165064,-250000,-1250000,0,0,0
351012,01a0b1c2-b010-7000-8000-000000000000,01a0bf0f-9150-7093-94cd-6272941f015e,ACTIVE,-2500000,250000,0,0,0,0
351014,01a0b1c2-b010-7000-8000-000000000000,01a0bf0f-82ab-7769-983f-45fca21fae0a,ACTIVE,0,-250000,2500000,0,0,0
351014,01a0b1c2-b010-7000-8000-000000000000,01a0bf0f-878c-766d-8e01-d6e11e6ed23b,ACTIVE,2500000,250000,0,0,0,0
351014,01a0b1c2-b010-7000-8000-000000000000,01a0bf0f-8c6e-75e9-93bb-936cf39e95cf,ACTIVE,-2165064,-250000,-1250000,0,0,0
351014,01a0b1c2-b010-7000-8000-000000000000,01a0bf0f-9150-7093-94cd-6272941f015e,ACTIVE,-2500000,250000,0,0,0,0
351016,01a0b1c2-b010-7000-8000-000000000000,01a0bf0f-82ab-7769-983f-45fca21fae0a,ACTIVE,0,-250000,2500000,0,0,0
351016,01a0b1c2-b010-7000-8000-000000000000,01a0bf0f-878c-766d-8e01-d6e11e6ed23b,ACTIVE,2500000,250000,0,0,0,0
351016,01a0b1c2-b010-7000-8000-000000000000,01a0bf0f-8c6e-75e9-93bb-936cf39e95cf,ACTIVE,-2165064,-250000,-1250000,0,0,0
351016,01a0b1c2-b010-7000-8000-000000000000,01a0bf0f-9150-7093-94cd-6272941f015e,ACTIVE,-2500000,250000,0,0,0,0
351018,01a0b1c2-b010-7000-8000-000000000000,01a0bf0f-82ab-7769-983f-45fca21fae0a,ACTIVE,0,-250000,2500000,0,0,0
351018,01a0b1c2-b010-7000-8000-000000000000,01a0bf0f-878c-766d-8e01-d6e11e6ed23b,ACTIVE,2500000,250000,0,0,0,0
351018,01a0b1c2-b010-7000-8000-000000000000,01a0bf0f-8c6e-75e9-93bb-936cf39e95cf,ACTIVE,-2165064,-250000,-1250000,0,0,0
351018,01a0b1c2-b010-7000-8000-000000000000,01a0bf0f-9150-7093-94cd-6272941f015e,ACTIVE,-2500000,250000,0,0,0,0
351020,01a0b1c2-b010-7000-8000-000000000000,01a0bf0f-82ab-7769-983f-45fca21fae0a,ACTIVE,0,-250000,2500000,0,0,0
351020,01a0b1c2-b010-7000-8000-000000000000,01a0bf0f-878c-766d-8e01-d6e11e6ed23b,ACTIVE,2500000,250000,0,0,0,0
351020,01a0b1c2-b010-7000-8000-000000000000,01a0bf0f-8c6e-75e9-93bb-936cf39e95cf,ACTIVE,-2165064,-250000,-1250000,0,0,0
351020,01a0b1c2-b010-7000-8000-000000000000,01a0bf0f-9150-7093-94cd-6272941f015e,ACTIVE,-2500000,250000,0,0,0,0
351022,01a0b1c2-b010-7000-8000-000000000000,01a0bf0f-82ab-7769-983f-45fca21fae0a,ACTIVE,0,-250000,2500000,0,0,0
351022,01a0b1c2-b010-7000-8000-000000000000,01a0bf0f-878c-766d-8e01-d6e11e6ed23b,ACTIVE,2500000,250000,0,0,0,0
351022,01a0b1c2-b010-7000-8000-000000000000,01a0bf0f-8c6e-75e9-93bb-936cf39e95cf,ACTIVE,-2165064,-250000,-1250000,0,0,0
351022,01a0b1c2-b010-7000-8000-000000000000,01a0bf0f-9150-7093-94cd-6272941f015e,ACTIVE,-2500000,250000,0,0,0,0
351024,01a0b1c2-b010-7000-8000-000000000000,01a0bf0f-82ab-7769-983f-45fca21fae0a,ACTIVE,0,-250000,2500000,0,0,0
351024,01a0b1c2-b010-7000-8000-000000000000,01a0bf0f-878c-766d-8e01-d6e11e6ed23b,ACTIVE,2500000,250000,0,0,0,0
351024,01a0b1c2-b010-7000-8000-000000000000,01a0bf0f-8c6e-75e9-93bb-936cf39e95cf,ACTIVE,-2165064,-250000,-1250000,0,0,0
351024,01a0b1c2-b010-7000-8000-000000000000,01a0bf0f-9150-7093-94cd-6272941f015e,ACTIVE,-2500000,250000,0,0,0,0
351026,01a0b1c2-b010-7000-8000-000000000000,01a0bf0f-82ab-7769-983f-45fca21fae0a,ACTIVE,0,-250000,2500000,0,0,0
351026,01a0b1c2-b010-7000-8000-000000000000,01a0bf0f-878c-766d-8e01-d6e11e6ed23b,ACTIVE,2500000,250000,0,0,0,0
351026,01a0b1c2-b010-7000-8000-000000000000,01a0bf0f-8c6e-75e9-93bb-936cf39e95cf,ACTIVE,-2165064,-250000,-1250000,0,0,0
351026,01a0b1c2-b010-7000-8000-000000000000,01a0bf0f-9150-7093-94cd-6272941f015e,ACTIVE,-2500000,250000,0,0,0,0
351028,01a0b1c2-b010-7000-8000-000000000000,01a0bf0f-82ab-7769-983f-45fca21fae0a,ACTIVE,0,-250000,2500000,0,0,0
351028,01a0b1c2-b010-7000-8000-000000000000,01a0bf0f-878c-766d-8e01-d6e11e6ed23b,ACTIVE,2500000,250000,0,0,0,0
351028,01a0b1c2-b010-7000-8000-000000000000,01a0bf0f-8c6e-75e9-93bb-936cf39e95cf,ACTIVE,-2165064,-250000,-1250000,0,0,0
351028,01a0b1c2-b010-7000-8000-000000000000,01a0bf0f-9150-7093-94cd-6272941f015e,ACTIVE,-2500000,250000,0,0,0,0
351030,01a0b1c2-b010-7000-8000-000000000000,01a0bf0f-82ab-7769-983f-45fca21fae0a,ACTIVE,0,-250000,2500000,0,0,0
351030,01a0b1c2-b010-7000-8000-000000000000,01a0bf0f-878c-766d-8e01-d6e11e6ed23b,ACTIVE,2500000,250000,0,0,0,0
351030,01a0b1c2-b010-7000-8000-000000000000,01a0bf0f-8c6e-75e9-93bb-936cf39e95cf,ACTIVE,-2165064,-250000,-1250000,0,0,0
351030,01a0b1c2-b010-7000-8000-000000000000,01a0bf0f-9150-7093-94cd-6272941f015e,ACTIVE,-2500000,250000,0,0,0,0
351032,01a0b1c2-b010-7000-8000-000000000000,01a0bf0f-82ab-7769-983f-45fca21fae0a,ACTIVE,0,-250000,2500000,0,0,0
351032,01a0b1c2-b010-7000-8000-000000000000,01a0bf0f-878c-766d-8e01-d6e11e6ed23b,ACTIVE,2500000,250000,0,0,0,0
351032,01a0b1c2-b010-7000-8000-000000000000,01a0bf0f-8c6e-75e9-93bb-936cf39e95cf,ACTIVE,-2165064,-250000,-1250000,0,0,0
351032,01a0b1c2-b010-7000-8000-000000000000,01a0bf0f-9150-7093-94cd-6272941f015e,ACTIVE,-2500000,250000,0,0,0,0
351034,01a0b1c2-b010-7000-8000-000000000000,01a0bf0f-82ab-7769-983f-45fca21fae0a,ACTIVE,0,-250000,2500000,0,0,0
351034,01a0b1c2-b010-7000-8000-000000000000,01a0bf0f-878c-766d-8e01-d6e11e6ed23b,ACTIVE,2500000,250000,0,0,0,0
351034,01a0b1c2-b010-7000-8000-000000000000,01a0bf0f-8c6e-75e9-93bb-936cf39e95cf,ACTIVE,-2165064,-250000,-1250000,0,0,0
351034,01a0b1c2-b010-7000-8000-000000000000,01a0bf0f-9150-7093-94cd-6272941f015e,ACTIVE,-2500000,250000,0,0,0,0
351036,01a0b1c2-b010-7000-8000-000000000000,01a0bf0f-82ab-7769-983f-45fca21fae0a,ACTIVE,0,-250000,2500000,0,0,0
351036,01a0b1c2-b010-7000-8000-000000000000,01a0bf0f-878c-766d-8e01-d6e11e6ed23b,ACTIVE,2500000,250000,0,0,0,0
351036,01a0b1c2-b010-7000-8000-000000000000,01a0bf0f-8c6e-75e9-93bb-936cf39e95cf,ACTIVE,-2165064,-250000,-1250000,0,0,0
351036,01a0b1c2-b010-7000-8000-000000000000,01a0bf0f-9150-7093-94cd-6272941f015e,ACTIVE,-2500000,250000,0,0,0,0
351038,01a0b1c2-b010-7000-8000-000000000000,01a0bf0f-82ab-7769-983f-45fca21fae0a,ACTIVE,0,-250000,2500000,0,0,0
351038,01a0b1c2-b010-7000-8000-000000000000,01a0bf0f-878c-766d-8e01-d6e11e6ed23b,ACTIVE,2500000,250000,0,0,0,0
351038,01a0b1c2-b010-7000-8000-000000000000,01a0bf0f-8c6e-75e9-93bb-936cf39e95cf,ACTIVE,-2165064,-250000,-1250000,0,0,0
351038,01a0b1c2-b010-7000-8000-000000000000,01a0bf0f-9150-7093-94cd-6272941f015e,ACTIVE,-2500000,250000,0,0,0,0
351040,01a0b1c2-b010-7000-8000-000000000000,01a0bf0f-82ab-7769-983f-45fca21fae0a,ACTIVE,0,-250000,2500000,0,0,0
351040,01a0b1c2-b010-7000-8000-000000000000,01a0bf0f-878c-766d-8e01-d6e11e6ed23b,ACTIVE,2500000,250000,0,0,0,0
351040,01a0b1c2-b010-7000-8000-000000000000,01a0bf0f-8c6e-75e9-93bb-936cf39e95cf,ACTIVE,-2165064,-250000,-1250000,0,0,0
351040,01a0b1c2-b010-7000-8000-000000000000,01a0bf0f-9150-7093-94cd-6272941f015e,ACTIVE,-2500000,250000,0,0,0,0
351042,01a0b1c2-b010-7000-8000-000000000000,01a0bf0f-82ab-7769-983f-45fca21fae0a,ACTIVE,0,-250000,2500000,0,0,0
351042,01a0b1c2-b010-7000-8000-000000000000,01a0bf0f-878c-766d-8e01-d6e11e6ed23b,ACTIVE,2500000,250000,0,0,0,0
351042,01a0b1c2-b010-7000-8000-000000000000,01a0bf0f-8c6e-75e9-93bb-936cf39e95cf,ACTIVE,-2165064,-250000,-1250000,0,0,0
351042,01a0b1c2-b010-7000-8000-000000000000,01a0bf0f-9150-7093-94cd-6272941f015e,ACTIVE,-2500000,250000,0,0,0,0
351044,01a0b1c2-b010-7000-8000-000000000000,01a0bf0f-82ab-7769-983f-45fca21fae0a,ACTIVE,0,-250000,2500000,0,0,0
351044,01a0b1c2-b010-7000-8000-000000000000,01a0bf0f-878c-766d-8e01-d6e11e6ed23b,ACTIVE,2500000,250000,0,0,0,0
351044,01a0b1c2-b010-7000-8000-000000000000,01a0bf0f-8c6e-75e9-93bb-936cf39e95cf,ACTIVE,-2165064,-250000,-1250000,0,0,0
351044,01a0b1c2-b010-7000-8000-000000000000,01a0bf0f-9150-7093-94cd-6272941f015e,ACTIVE,-2500000,250000,0,0,0,0
351046,01a0b1c2-b010-7000-8000-000000000000,01a0bf0f-82ab-7769-983f-45fca21fae0a,ACTIVE,0,-250000,2500000,0,0,0
351046,01a0b1c2-b010-7000-8000-000000000000,01a0bf0f-878c-766d-8e01-d6e11e6ed23b,ACTIVE,2500000,250000,0,0,0,0
351046,01a0b1c2-b010-7000-8000-000000000000,01a0bf0f-8c6e-75e9-93bb-936cf39e95cf,ACTIVE,-2165064,-250000,-1250000,0,0,0
351046,01a0b1c2-b010-7000-8000-000000000000,01a0bf0f-9150-7093-94cd-6272941f015e,ACTIVE,-2500000,250000,0,0,0,0
351048,01a0b1c2-b010-7000-8000-000000000000,01a0bf0f-82ab-7769-983f-45fca21fae0a,ACTIVE,0,-250000,2500000,0,0,0
351048,01a0b1c2-b010-7000-8000-000000000000,01a0bf0f-878c-766d-8e01-d6e11e6ed23b,ACTIVE,2500000,250000,0,0,0,0
351048,01a0b1c2-b010-7000-8000-000000000000,01a0bf0f-8c6e-75e9-93bb-936cf39e95cf,ACTIVE,-2165064,-250000,-1250000,0,0,0
351048,01a0b1c2-b010-7000-8000-000000000000,01a0bf0f-9150-7093-94cd-6272941f015e,ACTIVE,-2500000,250000,0,0,0,0
351050,01a0b1c2-b010-7000-8000-000000000000,01a0bf0f-82ab-7769-983f-45fca21fae0a,ACTIVE,0,-250000,2500000,0,0,0
351050,01a0b1c2-b010-7000-8000-000000000000,01a0bf0f-878c-766d-8e01-d6e11e6ed23b,ACTIVE,2500000,250000,0,0,0,0
351050,01a0b1c2-b010-7000-8000-000000000000,01a0bf0f-8c6e-75e9-93bb-936cf39e95cf,ACTIVE,-2165064,-250000,-1250000,0,0,0
351050,01a0b1c2-b010-7000-8000-000000000000,01a0bf0f-9150-7093-94cd-6272941f015e,ACTIVE,-2500000,250000,0,0,0,0
351052,01a0b1c2-b010-7000-8000-000000000000,01a0bf0f-82ab-7769-983f-45fca21fae0a,ACTIVE,0,-250000,2500000,0,0,0
351052,01a0b1c2-b010-7000-8000-000000000000,01a0bf0f-878c-766d-8e01-d6e11e6ed23b,ACTIVE,2500000,250000,0,0,0,0
351052,01a0b1c2-b010-7000-8000-000000000000,01a0bf0f-8c6e-75e9-93bb-936cf39e95cf,ACTIVE,-2165064,-250000,-1250000,0,0,0
351052,01a0b1c2-b010-7000-8000-000000000000,01a0bf0f-9150-7093-94cd-6272941f015e,ACTIVE,-2500000,250000,0,0,0,0
351054,01a0b1c2-b010-7000-8000-000000000000,01a0bf0f-82ab-7769-983f-45fca21fae0a,ACTIVE,0,-250000,2500000,0,0,0
351054,01a0b1c2-b010-7000-8000-000000000000,01a0bf0f-878c-766d-8e01-d6e11e6ed23b,ACTIVE,2500000,250000,0,0,0,0
351054,01a0b1c2-b010-7000-8000-000000000000,01a0bf0f-8c6e-75e9-93bb-936cf39e95cf,ACTIVE,-2165064,-250000,-1250000,0,0,0
351054,01a0b1c2-b010-7000-8000-000000000000,01a0bf0f-9150-7093-94cd-6272941f015e,ACTIVE,-2500000,250000,0,0,0,0
351056,01a0b1c2-b010-7000-8000-000000000000,01a0bf0f-82ab-7769-983f-45fca21fae0a,ACTIVE,0,-250000,2500000,0,0,0
351056,01a0b1c2-b010-7000-8000-000000000000,01a0bf0f-878c-766d-8e01-d6e11e6ed23b,ACTIVE,2500000,250000,0,0,0,0
351056,01a0b1c2-b010-7000-8000-000000000000,01a0bf0f-8c6e-75e9-93bb-936cf39e95cf,ACTIVE,-2165064,-250000,-1250000,0,0,0
351056,01a0b1c2-b010-7000-8000-000000000000,01a0bf0f-9150-7093-94cd-6272941f015e,ACTIVE,-2500000,250000,0,0,0,0
351058,01a0b1c2-b010-7000-8000-000000000000,01a0bf0f-82ab-7769-983f-45fca21fae0a,ACTIVE,0,-250000,2500000,0,0,0
351058,01a0b1c2-b010-7000-8000-000000000000,01a0bf0f-878c-766d-8e01-d6e11e6ed23b,ACTIVE,2500000,250000,0,0,0,0
351058,01a0b1c2-b010-7000-8000-000000000000,01a0bf0f-8c6e-75e9-93bb-936cf39e95cf,ACTIVE,-2165064,-250000,-1250000,0,0,0
351058,01a0b1c2-b010-7000-8000-000000000000,01a0bf0f-9150-7093-94cd-6272941f015e,ACTIVE,-2500000,250000,0,0,0,0
351060,01a0b1c2-b010-7000-8000-000000000000,01a0bf0f-82ab-7769-983f-45fca21fae0a,ACTIVE,0,-250000,2500000,0,0,0
351060,01a0b1c2-b010-7000-8000-000000000000,01a0bf0f-878c-766d-8e01-d6e11e6ed23b,ACTIVE,2500000,250000,0,0,0,0
351060,01a0b1c2-b010-7000-8000-000000000000,01a0bf0f-8c6e-75e9-93bb-936cf39e95cf,ACTIVE,-2165064,-250000,-1250000,0,0,0
351060,01a0b1c2-b010-7000-8000-000000000000,01a0bf0f-9150-7093-94cd-6272941f015e,ACTIVE,-2500000,250000,0,0,0,0
351062,01a0b1c2-b010-7000-8000-000000000000,01a0bf0f-82ab-7769-983f-45fca21fae0a,ACTIVE,0,-250000,2500000,0,0,0
351062,01a0b1c2-b010-7000-8000-000000000000,01a0bf0f-878c-766d-8e01-d6e11e6ed23b,ACTIVE,2500000,250000,0,0,0,0
351062,01a0b1c2-b010-7000-8000-000000000000,01a0bf0f-8c6e-75e9-93bb-936cf39e95cf,ACTIVE,-2165064,-250000,-1250000,0,0,0
351062,01a0b1c2-b010-7000-8000-000000000000,01a0bf0f-9150-7093-94cd-6272941f015e,ACTIVE,-2500000,250000,0,0,0,0
351064,01a0b1c2-b010-7000-8000-000000000000,01a0bf0f-82ab-7769-983f-45fca21fae0a,ACTIVE,0,-250000,2500000,0,0,0
351064,01a0b1c2-b010-7000-8000-000000000000,01a0bf0f-878c-766d-8e01-d6e11e6ed23b,ACTIVE,2500000,250000,0,0,0,0
351064,01a0b1c2-b010-7000-8000-000000000000,01a0bf0f-8c6e-75e9-93bb-936cf39e95cf,ACTIVE,-2165064,-250000,-1250000,0,0,0
351064,01a0b1c2-b010-7000-8000-000000000000,01a0bf0f-9150-7093-94cd-6272941f015e,ACTIVE,-2500000,250000,0,0,0,0
351066,01a0b1c2-b010-7000-8000-000000000000,01a0bf0f-82ab-7769-983f-45fca21fae0a,ACTIVE,0,-250000,2500000,0,0,0
351066,01a0b1c2-b010-7000-8000-000000000000,01a0bf0f-878c-766d-8e01-d6e11e6ed23b,ACTIVE,2500000,250000,0,0,0,0
351066,01a0b1c2-b010-7000-8000-000000000000,01a0bf0f-8c6e-75e9-93bb-936cf39e95cf,ACTIVE,-2165064,-250000,-1250000,0,0,0
351066,01a0b1c2-b010-7000-8000-000000000000,01a0bf0f-9150-7093-94cd-6272941f015e,ACTIVE,-2500000,250000,0,0,0,0
351068,01a0b1c2-b010-7000-8000-000000000000,01a0bf0f-82ab-7769-983f-45fca21fae0a,ACTIVE,0,-250000,2500000,0,0,0
351068,01a0b1c2-b010-7000-8000-000000000000,01a0bf0f-878c-766d-8e01-d6e11e6ed23b,ACTIVE,2500000,250000,0,0,0,0
351068,01a0b1c2-b010-7000-8000-000000000000,01a0bf0f-8c6e-75e9-93bb-936cf39e95cf,ACTIVE,-2165064,-250000,-1250000,0,0,0
351068,01a0b1c2-b010-7000-8000-000000000000,01a0bf0f-9150-7093-94cd-6272941f015e,ACTIVE,-2500000,250000,0,0,0,0
351070,01a0b1c2-b010-7000-8000-000000000000,01a0bf0f-82ab-7769-983f-45fca21fae0a,ACTIVE,0,-250000,2500000,0,0,0
351070,01a0b1c2-b010-7000-8000-000000000000,01a0bf0f-878c-766d-8e01-d6e11e6ed23b,ACTIVE,2500000,250000,0,0,0,0
351070,01a0b1c2-b010-7000-8000-000000000000,01a0bf0f-8c6e-75e9-93bb-936cf39e95cf,ACTIVE,-2165064,-250000,-1250000,0,0,0
351070,01a0b1c2-b010-7000-8000-000000000000,01a0bf0f-9150-7093-94cd-6272941f015e,ACTIVE,-2500000,250000,0,0,0,0
351072,01a0b1c2-b010-7000-8000-000000000000,01a0bf0f-82ab-7769-983f-45fca21fae0a,ACTIVE,0,-250000,2500000,0,0,0
351072,01a0b1c2-b010-7000-8000-000000000000,01a0bf0f-878c-766d-8e01-d6e11e6ed23b,ACTIVE,2500000,250000,0,0,0,0
351072,01a0b1c2-b010-7000-8000-000000000000,01a0bf0f-8c6e-75e9-93bb-936cf39e95cf,ACTIVE,-2165064,-250000,-1250000,0,0,0
351072,01a0b1c2-b010-7000-8000-000000000000,01a0bf0f-9150-7093-94cd-6272941f015e,ACTIVE,-2500000,250000,0,0,0,0
351074,01a0b1c2-b010-7000-8000-000000000000,01a0bf0f-82ab-7769-983f-45fca21fae0a,ACTIVE,0,-250000,2500000,0,0,0
351074,01a0b1c2-b010-7000-8000-000000000000,01a0bf0f-878c-766d-8e01-d6e11e6ed23b,ACTIVE,2500000,250000,0,0,0,0
351074,01a0b1c2-b010-7000-8000-000000000000,01a0bf0f-8c6e-75e9-93bb-936cf39e95cf,ACTIVE,-2165064,-250000,-1250000,0,0,0
351074,01a0b1c2-b010-7000-8000-000000000000,01a0bf0f-9150-7093-94cd-6272941f015e,ACTIVE,-2500000,250000,0,0,0,0
351076,01a0b1c2-b010-7000-8000-000000000000,01a0bf0f-82ab-7769-983f-45fca21fae0a,ACTIVE,0,-250000,2500000,0,0,0
351076,01a0b1c2-b010-7000-8000-000000000000,01a0bf0f-878c-766d-8e01-d6e11e6ed23b,ACTIVE,2500000,250000,0,0,0,0
351076,01a0b1c2-b010-7000-8000-000000000000,01a0bf0f-8c6e-75e9-93bb-936cf39e95cf,ACTIVE,-2165064,-250000,-1250000,0,0,0
351076,01a0b1c2-b010-7000-8000-000000000000,01a0bf0f-9150-7093-94cd-6272941f015e,ACTIVE,-2500000,250000,0,0,0,0
351078,01a0b1c2-b010-7000-8000-000000000000,01a0bf0f-82ab-7769-983f-45fca21fae0a,ACTIVE,0,-250000,2500000,0,0,0
351078,01a0b1c2-b010-7000-8000-000000000000,01a0bf0f-878c-766d-8e01-d6e11e6ed23b,ACTIVE,2500000,250000,0,0,0,0
351078,01a0b1c2-b010-7000-8000-000000000000,01a0bf0f-8c6e-75e9-93bb-936cf39e95cf,ACTIVE,-2165064,-250000,-1250000,0,0,0
351078,01a0b1c2-b010-7000-8000-000000000000,01a0bf0f-9150-7093-94cd-6272941f015e,ACTIVE,-2500000,250000,0,0,0,0
351080,01a0b1c2-b010-7000-8000-000000000000,01a0bf0f-82ab-7769-983f-45fca21fae0a,ACTIVE,0,-250000,2500000,0,0,0
351080,01a0b1c2-b010-7000-8000-000000000000,01a0bf0f-878c-766d-8e01-d6e11e6ed23b,ACTIVE,2500000,250000,0,0,0,0
351080,01a0b1c2-b010-7000-8000-000000000000,01a0bf0f-8c6e-75e9-93bb-936cf39e95cf,ACTIVE,-2165064,-250000,-1250000,0,0,0
351080,01a0b1c2-b010-7000-8000-000000000000,01a0bf0f-9150-7093-94cd-6272941f015e,ACTIVE,-2500000,250000,0,0,0,0
351082,01a0b1c2-b010-7000-8000-000000000000,01a0bf0f-82ab-7769-983f-45fca21fae0a,ACTIVE,0,-250000,2500000,0,0,0
351082,01a0b1c2-b010-7000-8000-000000000000,01a0bf0f-878c-766d-8e01-d6e11e6ed23b,ACTIVE,2500000,250000,0,0,0,0
351082,01a0b1c2-b010-7000-8000-000000000000,01a0bf0f-8c6e-75e9-93bb-936cf39e95cf,ACTIVE,-2165064,-250000,-1250000,0,0,0
351082,01a0b1c2-b010-7000-8000-000000000000,01a0bf0f-9150-7093-94cd-6272941f015e,ACTIVE,-2500000,250000,0,0,0,0
351084,01a0b1c2-b010-7000-8000-000000000000,01a0bf0f-82ab-7769-983f-45fca21fae0a,ACTIVE,0,-250000,2500000,0,0,0
351084,01a0b1c2-b010-7000-8000-000000000000,01a0bf0f-878c-766d-8e01-d6e11e6ed23b,ACTIVE,2500000,250000,0,0,0,0
351084,01a0b1c2-b010-7000-8000-000000000000,01a0bf0f-8c6e-75e9-93bb-936cf39e95cf,ACTIVE,-2165064,-250000,-1250000,0,0,0
351084,01a0b1c2-b010-7000-8000-000000000000,01a0bf0f-9150-7093-94cd-6272941f015e,ACTIVE,-2500000,250000,0,0,0,0
351086,01a0b1c2-b010-7000-8000-000000000000,01a0bf0f-82ab-7769-983f-45fca21fae0a,ACTIVE,0,-250000,2500000,0,0,0
351086,01a0b1c2-b010-7000-8000-000000000000,01a0bf0f-878c-766d-8e01-d6e11e6ed23b,ACTIVE,2500000,250000,0,0,0,0
351086,01a0b1c2-b010-7000-8000-000000000000,01a0bf0f-8c6e-75e9-93bb-936cf39e95cf,ACTIVE,-2165064,-250000,-1250000,0,0,0
351086,01a0b1c2-b010-7000-8000-000000000000,01a0bf0f-9150-7093-94cd-6272941f015e,ACTIVE,-2500000,250000,0,0,0,0
351088,01a0b1c2-b010-7000-8000-000000000000,01a0bf0f-82ab-7769-983f-45fca21fae0a,ACTIVE,0,-250000,2500000,0,0,0
351088,01a0b1c2-b010-7000-8000-000000000000,01a0bf0f-878c-766d-8e01-d6e11e6ed23b,ACTIVE,2500000,250000,0,0,0,0
351088,01a0b1c2-b010-7000-8000-000000000000,01a0bf0f-8c6e-75e9-93bb-936cf39e95cf,ACTIVE,-2165064,-250000,-1250000,0,0,0
351088,01a0b1c2-b010-7000-8000-000000000000,01a0bf0f-9150-7093-94cd-6272941f015e,ACTIVE,-2500000,250000,0,0,0,0
351090,01a0b1c2-b010-7000-8000-000000000000,01a0bf0f-82ab-7769-983f-45fca21fae0a,ACTIVE,0,-250000,2500000,0,0,0
351090,01a0b1c2-b010-7000-8000-000000000000,01a0bf0f-878c-766d-8e01-d6e11e6ed23b,ACTIVE,2500000,250000,0,0,0,0
351090,01a0b1c2-b010-7000-8000-000000000000,01a0bf0f-8c6e-75e9-93bb-936cf39e95cf,ACTIVE,-2165064,-250000,-1250000,0,0,0
351090,01a0b1c2-b010-7000-8000-000000000000,01a0bf0f-9150-7093-94cd-6272941f015e,ACTIVE,-2500000,250000,0,0,0,0
351092,01a0b1c2-b010-7000-8000-000000000000,01a0bf0f-82ab-7769-983f-45fca21fae0a,ACTIVE,0,-250000,2500000,0,0,0
351092,01a0b1c2-b010-7000-8000-000000000000,01a0bf0f-878c-766d-8e01-d6e11e6ed23b,ACTIVE,2500000,250000,0,0,0,0
351092,01a0b1c2-b010-7000-8000-000000000000,01a0bf0f-8c6e-75e9-93bb-936cf39e95cf,ACTIVE,-2165064,-250000,-1250000,0,0,0
351092,01a0b1c2-b010-7000-8000-000000000000,01a0bf0f-9150-7093-94cd-6272941f015e,ACTIVE,-2500000,250000,0,0,0,0
351094,01a0b1c2-b010-7000-8000-000000000000,01a0bf0f-82ab-7769-983f-45fca21fae0a,ACTIVE,0,-250000,2500000,0,0,0
351094,01a0b1c2-b010-7000-8000-000000000000,01a0bf0f-878c-766d-8e01-d6e11e6ed23b,ACTIVE,2500000,250000,0,0,0,0
351094,01a0b1c2-b010-7000-8000-000000000000,01a0bf0f-8c6e-75e9-93bb-936cf39e95cf,ACTIVE,-2165064,-250000,-1250000,0,0,0
351094,01a0b1c2-b010-7000-8000-000000000000,01a0bf0f-9150-7093-94cd-6272941f015e,ACTIVE,-2500000,250000,0,0,0,0
351096,01a0b1c2-b010-7000-8000-000000000000,01a0bf0f-82ab-7769-983f-45fca21fae0a,ACTIVE,0,-250000,2500000,0,0,0
351096,01a0b1c2-b010-7000-8000-000000000000,01a0bf0f-878c-766d-8e01-d6e11e6ed23b,ACTIVE,2500000,250000,0,0,0,0
351096,01a0b1c2-b010-7000-8000-000000000000,01a0bf0f-8c6e-75e9-93bb-936cf39e95cf,ACTIVE,-2165064,-250000,-1250000,0,0,0
351096,01a0b1c2-b010-7000-8000-000000000000,01a0bf0f-9150-7093-94cd-6272941f015e,ACTIVE,-2500000,250000,0,0,0,0
351098,01a0b1c2-b010-7000-8000-000000000000,01a0bf0f-82ab-7769-983f-45fca21fae0a,ACTIVE,0,-250000,2500000,0,0,0
351098,01a0b1c2-b010-7000-8000-000000000000,01a0bf0f-878c-766d-8e01-d6e11e6ed23b,ACTIVE,2500000,250000,0,0,0,0
351098,01a0b1c2-b010-7000-8000-000000000000,01a0bf0f-8c6e-75e9-93bb-936cf39e95cf,ACTIVE,-2165064,-250000,-1250000,0,0,0
351098,01a0b1c2-b010-7000-8000-000000000000,01a0bf0f-9150-7093-94cd-6272941f015e,ACTIVE,-2500000,250000,0,0,0,0
351100,01a0b1c2-b010-7000-8000-000000000000,01a0bf0f-82ab-7769-983f-45fca21fae0a,ACTIVE,0,-250000,2500000,0,0,0
351100,01a0b1c2-b010-7000-8000-000000000000,01a0bf0f-878c-766d-8e01-d6e11e6ed23b,ACTIVE,2500000,250000,0,0,0,0
351100,01a0b1c2-b010-7000-8000-000000000000,01a0bf0f-8c6e-75e9-93bb-936cf39e95cf,ACTIVE,-2165064,-250000,-1250000,0,0,0
351100,01a0b1c2-b010-7000-8000-000000000000,01a0bf0f-9150-7093-94cd-6272941f015e,ACTIVE,-2500000,250000,0,0,0,0
351102,01a0b1c2-b010-7000-8000-000000000000,01a0bf0f-82ab-7769-983f-45fca21fae0a,ACTIVE,0,-250000,2500000,0,0,0
351102,01a0b1c2-b010-7000-8000-000000000000,01a0bf0f-878c-766d-8e01-d6e11e6ed23b,ACTIVE,2500000,250000,0,0,0,0
351102,01a0b1c2-b010-7000-8000-000000000000,01a0bf0f-8c6e-75e9-93bb-936cf39e95cf,ACTIVE,-2165064,-250000,-1250000,0,0,0
351102,01a0b1c2-b010-7000-8000-000000000000,01a0bf0f-9150-7093-94cd-6272941f015e,ACTIVE,-2500000,250000,0,0,0,0
351104,01a0b1c2-b010-7000-8000-000000000000,01a0bf0f-82ab-7769-983f-45fca21fae0a,ACTIVE,0,-250000,2500000,0,0,0
351104,01a0b1c2-b010-7000-8000-000000000000,01a0bf0f-878c-766d-8e01-d6e11e6ed23b,ACTIVE,2500000,250000,0,0,0,0
351104,01a0b1c2-b010-7000-8000-000000000000,01a0bf0f-8c6e-75e9-93bb-936cf39e95cf,ACTIVE,-2165064,-250000,-1250000,0,0,0
351104,01a0b1c2-b010-7000-8000-000000000000,01a0bf0f-9150-7093-94cd-6272941f015e,ACTIVE,-2500000,250000,0,0,0,0
351106,01a0b1c2-b010-7000-8000-000000000000,01a0bf0f-82ab-7769-983f-45fca21fae0a,ACTIVE,0,-250000,2500000,0,0,0
351106,01a0b1c2-b010-7000-8000-000000000000,01a0bf0f-878c-766d-8e01-d6e11e6ed23b,ACTIVE,2500000,250000,0,0,0,0
351106,01a0b1c2-b010-7000-8000-000000000000,01a0bf0f-8c6e-75e9-93bb-936cf39e95cf,ACTIVE,-2165064,-250000,-1250000,0,0,0
351106,01a0b1c2-b010-7000-8000-000000000000,01a0bf0f-9150-7093-94cd-6272941f015e,ACTIVE,-2500000,250000,0,0,0,0
351108,01a0b1c2-b010-7000-8000-000000000000,01a0bf0f-82ab-7769-983f-45fca21fae0a,ACTIVE,0,-250000,2500000,0,0,0
351108,01a0b1c2-b010-7000-8000-000000000000,01a0bf0f-878c-766d-8e01-d6e11e6ed23b,ACTIVE,2500000,250000,0,0,0,0
351108,01a0b1c2-b010-7000-8000-000000000000,01a0bf0f-8c6e-75e9-93bb-936cf39e95cf,ACTIVE,-2165064,-250000,-1250000,0,0,0
351108,01a0b1c2-b010-7000-8000-000000000000,01a0bf0f-9150-7093-94cd-6272941f015e,ACTIVE,-2500000,250000,0,0,0,0
351110,01a0b1c2-b010-7000-8000-000000000000,01a0bf0f-82ab-7769-983f-45fca21fae0a,ACTIVE,0,-250000,2500000,0,0,0
351110,01a0b1c2-b010-7000-8000-000000000000,01a0bf0f-878c-766d-8e01-d6e11e6ed23b,ACTIVE,2500000,250000,0,0,0,0
351110,01a0b1c2-b010-7000-8000-000000000000,01a0bf0f-8c6e-75e9-93bb-936cf39e95cf,ACTIVE,-2165064,-250000,-1250000,0,0,0
351110,01a0b1c2-b010-7000-8000-000000000000,01a0bf0f-9150-7093-94cd-6272941f015e,ACTIVE,-2500000,250000,0,0,0,0
351112,01a0b1c2-b010-7000-8000-000000000000,01a0bf0f-82ab-7769-983f-45fca21fae0a,ACTIVE,0,-250000,2500000,0,0,0
351112,01a0b1c2-b010-7000-8000-000000000000,01a0bf0f-878c-766d-8e01-d6e11e6ed23b,ACTIVE,2500000,250000,0,0,0,0
351112,01a0b1c2-b010-7000-8000-000000000000,01a0bf0f-8c6e-75e9-93bb-936cf39e95cf,ACTIVE,-2165064,-250000,-1250000,0,0,0
351112,01a0b1c2-b010-7000-8000-000000000000,01a0bf0f-9150-7093-94cd-6272941f015e,ACTIVE,-2500000,250000,0,0,0,0
351114,01a0b1c2-b010-7000-8000-000000000000,01a0bf0f-82ab-7769-983f-45fca21fae0a,ACTIVE,0,-250000,2500000,0,0,0
351114,01a0b1c2-b010-7000-8000-000000000000,01a0bf0f-878c-766d-8e01-d6e11e6ed23b,ACTIVE,2500000,250000,0,0,0,0
351114,01a0b1c2-b010-7000-8000-000000000000,01a0bf0f-8c6e-75e9-93bb-936cf39e95cf,ACTIVE,-2165064,-250000,-1250000,0,0,0
351114,01a0b1c2-b010-7000-8000-000000000000,01a0bf0f-9150-7093-94cd-6272941f015e,ACTIVE,-2500000,250000,0,0,0,0
351116,01a0b1c2-b010-7000-8000-000000000000,01a0bf0f-82ab-7769-983f-45fca21fae0a,ACTIVE,0,-250000,2500000,0,0,0
351116,01a0b1c2-b010-7000-8000-000000000000,01a0bf0f-878c-766d-8e01-d6e11e6ed23b,ACTIVE,2500000,250000,0,0,0,0
351116,01a0b1c2-b010-7000-8000-000000000000,01a0bf0f-8c6e-75e9-93bb-936cf39e95cf,ACTIVE,-2165064,-250000,-1250000,0,0,0
351116,01a0b1c2-b010-7000-8000-000000000000,01a0bf0f-9150-7093-94cd-6272941f015e,ACTIVE,-2500000,250000,0,0,0,0
351118,01a0b1c2-b010-7000-8000-000000000000,01a0bf0f-82ab-7769-983f-45fca21fae0a,ACTIVE,0,-250000,2500000,0,0,0
351118,01a0b1c2-b010-7000-8000-000000000000,01a0bf0f-878c-766d-8e01-d6e11e6ed23b,ACTIVE,2500000,250000,0,0,0,0
351118,01a0b1c2-b010-7000-8000-000000000000,01a0bf0f-8c6e-75e9-93bb-936cf39e95cf,ACTIVE,-2165064,-250000,-1250000,0,0,0
351118,01a0b1c2-b010-7000-8000-000000000000,01a0bf0f-9150-7093-94cd-6272941f015e,ACTIVE,-2500000,250000,0,0,0,0
351120,01a0b1c2-b010-7000-8000-000000000000,01a0bf0f-82ab-7769-983f-45fca21fae0a,ACTIVE,0,-250000,2500000,0,0,0
351120,01a0b1c2-b010-7000-8000-000000000000,01a0bf0f-878c-766d-8e01-d6e11e6ed23b,ACTIVE,2500000,250000,0,0,0,0
351120,01a0b1c2-b010-7000-8000-000000000000,01a0bf0f-8c6e-75e9-93bb-936cf39e95cf,ACTIVE,-2165064,-250000,-1250000,0,0,0
351120,01a0b1c2-b010-7000-8000-000000000000,01a0bf0f-9150-7093-94cd-6272941f015e,ACTIVE,-2500000,250000,0,0,0,0
351122,01a0b1c2-b010-7000-8000-000000000000,01a0bf0f-82ab-7769-983f-45fca21fae0a,ACTIVE,0,-250000,2500000,0,0,0
351122,01a0b1c2-b010-7000-8000-000000000000,01a0bf0f-878c-766d-8e01-d6e11e6ed23b,ACTIVE,2500000,250000,0,0,0,0
351122,01a0b1c2-b010-7000-8000-000000000000,01a0bf0f-8c6e-75e9-93bb-936cf39e95cf,ACTIVE,-2165064,-250000,-1250000,0,0,0
351122,01a0b1c2-b010-7000-8000-000000000000,01a0bf0f-9150-7093-94cd-6272941f015e,ACTIVE,-2500000,250000,0,0,0,0
351124,01a0b1c2-b010-7000-8000-000000000000,01a0bf0f-82ab-7769-983f-45fca21fae0a,ACTIVE,0,-250000,2500000,0,0,0
351124,01a0b1c2-b010-7000-8000-000000000000,01a0bf0f-878c-766d-8e01-d6e11e6ed23b,ACTIVE,2500000,250000,0,0,0,0
351124,01a0b1c2-b010-7000-8000-000000000000,01a0bf0f-8c6e-75e9-93bb-936cf39e95cf,ACTIVE,-2165064,-250000,-1250000,0,0,0
351124,01a0b1c2-b010-7000-8000-000000000000,01a0bf0f-9150-7093-94cd-6272941f015e,ACTIVE,-2500000,250000,0,0,0,0
351126,01a0b1c2-b010-7000-8000-000000000000,01a0bf0f-82ab-7769-983f-45fca21fae0a,ACTIVE,0,-250000,2500000,0,0,0
351126,01a0b1c2-b010-7000-8000-000000000000,01a0bf0f-878c-766d-8e01-d6e11e6ed23b,ACTIVE,2500000,250000,0,0,0,0
351126,01a0b1c2-b010-7000-8000-000000000000,01a0bf0f-8c6e-75e9-93bb-936cf39e95cf,ACTIVE,-2165064,-250000,-1250000,0,0,0
351126,01a0b1c2-b010-7000-8000-000000000000,01a0bf0f-9150-7093-94cd-6272941f015e,ACTIVE,-2500000,250000,0,0,0,0
351128,01a0b1c2-b010-7000-8000-000000000000,01a0bf0f-82ab-7769-983f-45fca21fae0a,ACTIVE,0,-250000,2500000,0,0,0
351128,01a0b1c2-b010-7000-8000-000000000000,01a0bf0f-878c-766d-8e01-d6e11e6ed23b,ACTIVE,2500000,250000,0,0,0,0
351128,01a0b1c2-b010-7000-8000-000000000000,01a0bf0f-8c6e-75e9-93bb-936cf39e95cf,ACTIVE,-2165064,-250000,-1250000,0,0,0
351128,01a0b1c2-b010-7000-8000-000000000000,01a0bf0f-9150-7093-94cd-6272941f015e,ACTIVE,-2500000,250000,0,0,0,0
351130,01a0b1c2-b010-7000-8000-000000000000,01a0bf0f-82ab-7769-983f-45fca21fae0a,ACTIVE,0,-250000,2500000,0,0,0
351130,01a0b1c2-b010-7000-8000-000000000000,01a0bf0f-878c-766d-8e01-d6e11e6ed23b,ACTIVE,2500000,250000,0,0,0,0
351130,01a0b1c2-b010-7000-8000-000000000000,01a0bf0f-8c6e-75e9-93bb-936cf39e95cf,ACTIVE,-2165064,-250000,-1250000,0,0,0
351130,01a0b1c2-b010-7000-8000-000000000000,01a0bf0f-9150-7093-94cd-6272941f015e,ACTIVE,-2500000,250000,0,0,0,0
351132,01a0b1c2-b010-7000-8000-000000000000,01a0bf0f-82ab-7769-983f-45fca21fae0a,ACTIVE,0,-250000,2500000,0,0,0
351132,01a0b1c2-b010-7000-8000-000000000000,01a0bf0f-878c-766d-8e01-d6e11e6ed23b,ACTIVE,2500000,250000,0,0,0,0
351132,01a0b1c2-b010-7000-8000-000000000000,01a0bf0f-8c6e-75e9-93bb-936cf39e95cf,ACTIVE,-2165064,-250000,-1250000,0,0,0
351132,01a0b1c2-b010-7000-8000-000000000000,01a0bf0f-9150-7093-94cd-6272941f015e,ACTIVE,-2500000,250000,0,0,0,0
351134,01a0b1c2-b010-7000-8000-000000000000,01a0bf0f-82ab-7769-983f-45fca21fae0a,ACTIVE,0,-250000,2500000,0,0,0
351134,01a0b1c2-b010-7000-8000-000000000000,01a0bf0f-878c-766d-8e01-d6e11e6ed23b,ACTIVE,2500000,250000,0,0,0,0
351134,01a0b1c2-b010-7000-8000-000000000000,01a0bf0f-8c6e-75e9-93bb-936cf39e95cf,ACTIVE,-2165064,-250000,-1250000,0,0,0
351134,01a0b1c2-b010-7000-8000-000000000000,01a0bf0f-9150-7093-94cd-6272941f015e,ACTIVE,-2500000,250000,0,0,0,0
351136,01a0b1c2-b010-7000-8000-000000000000,01a0bf0f-82ab-7769-983f-45fca21fae0a,ACTIVE,0,-250000,2500000,0,0,0
351136,01a0b1c2-b010-7000-8000-000000000000,01a0bf0f-878c-766d-8e01-d6e11e6ed23b,ACTIVE,2500000,250000,0,0,0,0
351136,01a0b1c2-b010-7000-8000-000000000000,01a0bf0f-8c6e-75e9-93bb-936cf39e95cf,ACTIVE,-2165064,-250000,-1250000,0,0,0
351136,01a0b1c2-b010-7000-8000-000000000000,01a0bf0f-9150-7093-94cd-6272941f015e,ACTIVE,-2500000,250000,0,0,0,0
351138,01a0b1c2-b010-7000-8000-000000000000,01a0bf0f-82ab-7769-983f-45fca21fae0a,ACTIVE,0,-250000,2500000,0,0,0
351138,01a0b1c2-b010-7000-8000-000000000000,01a0bf0f-878c-766d-8e01-d6e11e6ed23b,ACTIVE,2500000,250000,0,0,0,0
351138,01a0b1c2-b010-7000-8000-000000000000,01a0bf0f-8c6e-75e9-93bb-936cf39e95cf,ACTIVE,-2165064,-250000,-1250000,0,0,0
351138,01a0b1c2-b010-7000-8000-000000000000,01a0bf0f-9150-7093-94cd-6272941f015e,ACTIVE,-2500000,250000,0,0,0,0
351140,01a0b1c2-b010-7000-8000-000000000000,01a0bf0f-82ab-7769-983f-45fca21fae0a,ACTIVE,0,-250000,2500000,0,0,0
351140,01a0b1c2-b010-7000-8000-000000000000,01a0bf0f-878c-766d-8e01-d6e11e6ed23b,ACTIVE,2500000,250000,0,0,0,0
351140,01a0b1c2-b010-7000-8000-000000000000,01a0bf0f-8c6e-75e9-93bb-936cf39e95cf,ACTIVE,-2165064,-250000,-1250000,0,0,0
351140,01a0b1c2-b010-7000-8000-000000000000,01a0bf0f-9150-7093-94cd-6272941f015e,ACTIVE,-2500000,250000,0,0,0,0
351142,01a0b1c2-b010-7000-8000-000000000000,01a0bf0f-82ab-7769-983f-45fca21fae0a,ACTIVE,0,-250000,2500000,0,0,0
351142,01a0b1c2-b010-7000-8000-000000000000,01a0bf0f-878c-766d-8e01-d6e11e6ed23b,ACTIVE,2500000,250000,0,0,0,0
351142,01a0b1c2-b010-7000-8000-000000000000,01a0bf0f-8c6e-75e9-93bb-936cf39e95cf,ACTIVE,-2165064,-250000,-1250000,0,0,0
351142,01a0b1c2-b010-7000-8000-000000000000,01a0bf0f-9150-7093-94cd-6272941f015e,ACTIVE,-2500000,250000,0,0,0,0
351144,01a0b1c2-b010-7000-8000-000000000000,01a0bf0f-82ab-7769-983f-45fca21fae0a,ACTIVE,0,-250000,2500000,0,0,0
351144,01a0b1c2-b010-7000-8000-000000000000,01a0bf0f-878c-766d-8e01-d6e11e6ed23b,ACTIVE,2500000,250000,0,0,0,0
351144,01a0b1c2-b010-7000-8000-000000000000,01a0bf0f-8c6e-75e9-93bb-936cf39e95cf,ACTIVE,-2165064,-250000,-1250000,0,0,0
351144,01a0b1c2-b010-7000-8000-000000000000,01a0bf0f-9150-7093-94cd-6272941f015e,ACTIVE,-2500000,250000,0,0,0,0
351146,01a0b1c2-b010-7000-8000-000000000000,01a0bf0f-82ab-7769-983f-45fca21fae0a,ACTIVE,0,-250000,2500000,0,0,0
351146,01a0b1c2-b010-7000-8000-000000000000,01a0bf0f-878c-766d-8e01-d6e11e6ed23b,ACTIVE,2500000,250000,0,0,0,0
351146,01a0b1c2-b010-7000-8000-000000000000,01a0bf0f-8c6e-75e9-93bb-936cf39e95cf,ACTIVE,-2165064,-250000,-1250000,0,0,0
351146,01a0b1c2-b010-7000-8000-000000000000,01a0bf0f-9150-7093-94cd-6272941f015e,ACTIVE,-2500000,250000,0,0,0,0
351148,01a0b1c2-b010-7000-8000-000000000000,01a0bf0f-82ab-7769-983f-45fca21fae0a,ACTIVE,0,-250000,2500000,0,0,0
351148,01a0b1c2-b010-7000-8000-000000000000,01a0bf0f-878c-766d-8e01-d6e11e6ed23b,ACTIVE,2500000,250000,0,0,0,0
351148,01a0b1c2-b010-7000-8000-000000000000,01a0bf0f-8c6e-75e9-93bb-936cf39e95cf,ACTIVE,-2165064,-250000,-1250000,0,0,0
351148,01a0b1c2-b010-7000-8000-000000000000,01a0bf0f-9150-7093-94cd-6272941f015e,ACTIVE,-2500000,250000,0,0,0,0
351150,01a0b1c2-b010-7000-8000-000000000000,01a0bf0f-82ab-7769-983f-45fca21fae0a,ACTIVE,0,-250000,2500000,0,0,0
351150,01a0b1c2-b010-7000-8000-000000000000,01a0bf0f-878c-766d-8e01-d6e11e6ed23b,ACTIVE,2500000,250000,0,0,0,0
351150,01a0b1c2-b010-7000-8000-000000000000,01a0bf0f-8c6e-75e9-93bb-936cf39e95cf,ACTIVE,-2165064,-250000,-1250000,0,0,0
351150,01a0b1c2-b010-7000-8000-000000000000,01a0bf0f-9150-7093-94cd-6272941f015e,ACTIVE,-2500000,250000,0,0,0,0
351152,01a0b1c2-b010-7000-8000-000000000000,01a0bf0f-82ab-7769-983f-45fca21fae0a,ACTIVE,0,-250000,2500000,0,0,0
351152,01a0b1c2-b010-7000-8000-000000000000,01a0bf0f-878c-766d-8e01-d6e11e6ed23b,ACTIVE,2500000,250000,0,0,0,0
351152,01a0b1c2-b010-7000-8000-000000000000,01a0bf0f-8c6e-75e9-93bb-936cf39e95cf,ACTIVE,-2165064,-250000,-1250000,0,0,0
351152,01a0b1c2-b010-7000-8000-000000000000,01a0bf0f-9150-7093-94cd-6272941f015e,ACTIVE,-2500000,250000,0,0,0,0
351154,01a0b1c2-b010-7000-8000-000000000000,01a0bf0f-82ab-7769-983f-45fca21fae0a,ACTIVE,0,-250000,2500000,0,0,0
351154,01a0b1c2-b010-7000-8000-000000000000,01a0bf0f-878c-766d-8e01-d6e11e6ed23b,ACTIVE,2500000,250000,0,0,0,0
351154,01a0b1c2-b010-7000-8000-000000000000,01a0bf0f-8c6e-75e9-93bb-936cf39e95cf,ACTIVE,-2165064,-250000,-1250000,0,0,0
351154,01a0b1c2-b010-7000-8000-000000000000,01a0bf0f-9150-7093-94cd-6272941f015e,ACTIVE,-2500000,250000,0,0,0,0
351156,01a0b1c2-b010-7000-8000-000000000000,01a0bf0f-82ab-7769-983f-45fca21fae0a,ACTIVE,0,-250000,2500000,0,0,0
351156,01a0b1c2-b010-7000-8000-000000000000,01a0bf0f-878c-766d-8e01-d6e11e6ed23b,ACTIVE,2500000,250000,0,0,0,0
351156,01a0b1c2-b010-7000-8000-000000000000,01a0bf0f-8c6e-75e9-93bb-936cf39e95cf,ACTIVE,-2165064,-250000,-1250000,0,0,0
351156,01a0b1c2-b010-7000-8000-000000000000,01a0bf0f-9150-7093-94cd-6272941f015e,ACTIVE,-2500000,250000,0,0,0,0
351158,01a0b1c2-b010-7000-8000-000000000000,01a0bf0f-82ab-7769-983f-45fca21fae0a,ACTIVE,0,-250000,2500000,0,0,0
351158,01a0b1c2-b010-7000-8000-000000000000,01a0bf0f-878c-766d-8e01-d6e11e6ed23b,ACTIVE,2500000,250000,0,0,0,0
351158,01a0b1c2-b010-7000-8000-000000000000,01a0bf0f-8c6e-75e9-93bb-936cf39e95cf,ACTIVE,-2165064,-250000,-1250000,0,0,0
351158,01a0b1c2-b010-7000-8000-000000000000,01a0bf0f-9150-7093-94cd-6272941f015e,ACTIVE,-2500000,250000,0,0,0,0
351160,01a0b1c2-b010-7000-8000-000000000000,01a0bf0f-82ab-7769-983f-45fca21fae0a,ACTIVE,0,-250000,2500000,0,0,0
351160,01a0b1c2-b010-7000-8000-000000000000,01a0bf0f-878c-766d-8e01-d6e11e6ed23b,ACTIVE,2500000,250000,0,0,0,0
351160,01a0b1c2-b010-7000-8000-000000000000,01a0bf0f-8c6e-75e9-93bb-936cf39e95cf,ACTIVE,-2165064,-250000,-1250000,0,0,0
351160,01a0b1c2-b010-7000-8000-000000000000,01a0bf0f-9150-7093-94cd-6272941f015e,ACTIVE,-2500000,250000,0,0,0,0
351162,01a0b1c2-b010-7000-8000-000000000000,01a0bf0f-82ab-7769-983f-45fca21fae0a,ACTIVE,0,-250000,2500000,0,0,0
351162,01a0b1c2-b010-7000-8000-000000000000,01a0bf0f-878c-766d-8e01-d6e11e6ed23b,ACTIVE,2500000,250000,0,0,0,0
351162,01a0b1c2-b010-7000-8000-000000000000,01a0bf0f-8c6e-75e9-93bb-936cf39e95cf,ACTIVE,-2165064,-250000,-1250000,0,0,0
351162,01a0b1c2-b010-7000-8000-000000000000,01a0bf0f-9150-7093-94cd-6272941f015e,ACTIVE,-2500000,250000,0,0,0,0
351164,01a0b1c2-b010-7000-8000-000000000000,01a0bf0f-82ab-7769-983f-45fca21fae0a,ACTIVE,0,-250000,2500000,0,0,0
351164,01a0b1c2-b010-7000-8000-000000000000,01a0bf0f-878c-766d-8e01-d6e11e6ed23b,ACTIVE,2500000,250000,0,0,0,0
351164,01a0b1c2-b010-7000-8000-000000000000,01a0bf0f-8c6e-75e9-93bb-936cf39e95cf,ACTIVE,-2165064,-250000,-1250000,0,0,0
351164,01a0b1c2-b010-7000-8000-000000000000,01a0bf0f-9150-7093-94cd-6272941f015e,ACTIVE,-2500000,250000,0,0,0,0
351166,01a0b1c2-b010-7000-8000-000000000000,01a0bf0f-82ab-7769-983f-45fca21fae0a,ACTIVE,0,-250000,2500000,0,0,0
351166,01a0b1c2-b010-7000-8000-000000000000,01a0bf0f-878c-766d-8e01-d6e11e6ed23b,ACTIVE,2500000,250000,0,0,0,0
351166,01a0b1c2-b010-7000-8000-000000000000,01a0bf0f-8c6e-75e9-93bb-936cf39e95cf,ACTIVE,-2165064,-250000,-1250000,0,0,0
351166,01a0b1c2-b010-7000-8000-000000000000,01a0bf0f-9150-7093-94cd-6272941f015e,ACTIVE,-2500000,250000,0,0,0,0
351168,01a0b1c2-b010-7000-8000-000000000000,01a0bf0f-82ab-7769-983f-45fca21fae0a,ACTIVE,0,-250000,2500000,0,0,0
351168,01a0b1c2-b010-7000-8000-000000000000,01a0bf0f-878c-766d-8e01-d6e11e6ed23b,ACTIVE,2500000,250000,0,0,0,0
351168,01a0b1c2-b010-7000-8000-000000000000,01a0bf0f-8c6e-75e9-93bb-936cf39e95cf,ACTIVE,-2165064,-250000,-1250000,0,0,0
351168,01a0b1c2-b010-7000-8000-000000000000,01a0bf0f-9150-7093-94cd-6272941f015e,ACTIVE,-2500000,250000,0,0,0,0
351170,01a0b1c2-b010-7000-8000-000000000000,01a0bf0f-82ab-7769-983f-45fca21fae0a,ACTIVE,0,-250000,2500000,0,0,0
351170,01a0b1c2-b010-7000-8000-000000000000,01a0bf0f-878c-766d-8e01-d6e11e6ed23b,ACTIVE,2500000,250000,0,0,0,0
351170,01a0b1c2-b010-7000-8000-000000000000,01a0bf0f-8c6e-75e9-93bb-936cf39e95cf,ACTIVE,-2165064,-250000,-1250000,0,0,0
351170,01a0b1c2-b010-7000-8000-000000000000,01a0bf0f-9150-7093-94cd-6272941f015e,ACTIVE,-2500000,250000,0,0,0,0
351172,01a0b1c2-b010-7000-8000-000000000000,01a0bf0f-82ab-7769-983f-45fca21fae0a,ACTIVE,0,-250000,2500000,0,0,0
351172,01a0b1c2-b010-7000-8000-000000000000,01a0bf0f-878c-766d-8e01-d6e11e6ed23b,ACTIVE,2500000,250000,0,0,0,0
351172,01a0b1c2-b010-7000-8000-000000000000,01a0bf0f-8c6e-75e9-93bb-936cf39e95cf,ACTIVE,-2165064,-250000,-1250000,0,0,0
351172,01a0b1c2-b010-7000-8000-000000000000,01a0bf0f-9150-7093-94cd-6272941f015e,ACTIVE,-2500000,250000,0,0,0,0
351174,01a0b1c2-b010-7000-8000-000000000000,01a0bf0f-82ab-7769-983f-45fca21fae0a,ACTIVE,0,-250000,2500000,0,0,0
351174,01a0b1c2-b010-7000-8000-000000000000,01a0bf0f-878c-766d-8e01-d6e11e6ed23b,ACTIVE,2500000,250000,0,0,0,0
351174,01a0b1c2-b010-7000-8000-000000000000,01a0bf0f-8c6e-75e9-93bb-936cf39e95cf,ACTIVE,-2165064,-250000,-1250000,0,0,0
351174,01a0b1c2-b010-7000-8000-000000000000,01a0bf0f-9150-7093-94cd-6272941f015e,ACTIVE,-2500000,250000,0,0,0,0
351176,01a0b1c2-b010-7000-8000-000000000000,01a0bf0f-82ab-7769-983f-45fca21fae0a,ACTIVE,0,-250000,2500000,0,0,0
351176,01a0b1c2-b010-7000-8000-000000000000,01a0bf0f-878c-766d-8e01-d6e11e6ed23b,ACTIVE,2500000,250000,0,0,0,0
351176,01a0b1c2-b010-7000-8000-000000000000,01a0bf0f-8c6e-75e9-93bb-936cf39e95cf,ACTIVE,-2165064,-250000,-1250000,0,0,0
351176,01a0b1c2-b010-7000-8000-000000000000,01a0bf0f-9150-7093-94cd-6272941f015e,ACTIVE,-2500000,250000,0,0,0,0
351178,01a0b1c2-b010-7000-8000-000000000000,01a0bf0f-82ab-7769-983f-45fca21fae0a,ACTIVE,0,-250000,2500000,0,0,0
351178,01a0b1c2-b010-7000-8000-000000000000,01a0bf0f-878c-766d-8e01-d6e11e6ed23b,ACTIVE,2500000,250000,0,0,0,0
351178,01a0b1c2-b010-7000-8000-000000000000,01a0bf0f-8c6e-75e9-93bb-936cf39e95cf,ACTIVE,-2165064,-250000,-1250000,0,0,0
351178,01a0b1c2-b010-7000-8000-000000000000,01a0bf0f-9150-7093-94cd-6272941f015e,ACTIVE,-2500000,250000,0,0,0,0
351180,01a0b1c2-b010-7000-8000-000000000000,01a0bf0f-82ab-7769-983f-45fca21fae0a,ACTIVE,0,-250000,2500000,0,0,0
351180,01a0b1c2-b010-7000-8000-000000000000,01a0bf0f-878c-766d-8e01-d6e11e6ed23b,ACTIVE,2500000,250000,0,0,0,0
351180,01a0b1c2-b010-7000-8000-000000000000,01a0bf0f-8c6e-75e9-93bb-936cf39e95cf,ACTIVE,-2165064,-250000,-1250000,0,0,0
351180,01a0b1c2-b010-7000-8000-000000000000,01a0bf0f-9150-7093-94cd-6272941f015e,ACTIVE,-2500000,250000,0,0,0,0
351182,01a0b1c2-b010-7000-8000-000000000000,01a0bf0f-82ab-7769-983f-45fca21fae0a,ACTIVE,0,-250000,2500000,0,0,0
351182,01a0b1c2-b010-7000-8000-000000000000,01a0bf0f-878c-766d-8e01-d6e11e6ed23b,ACTIVE,2500000,250000,0,0,0,0
351182,01a0b1c2-b010-7000-8000-000000000000,01a0bf0f-8c6e-75e9-93bb-936cf39e95cf,ACTIVE,-2165064,-250000,-1250000,0,0,0
351182,01a0b1c2-b010-7000-8000-000000000000,01a0bf0f-9150-7093-94cd-6272941f015e,ACTIVE,-2500000,250000,0,0,0,0
351184,01a0b1c2-b010-7000-8000-000000000000,01a0bf0f-82ab-7769-983f-45fca21fae0a,ACTIVE,0,-250000,2500000,0,0,0
351184,01a0b1c2-b010-7000-8000-000000000000,01a0bf0f-878c-766d-8e01-d6e11e6ed23b,ACTIVE,2500000,250000,0,0,0,0
351184,01a0b1c2-b010-7000-8000-000000000000,01a0bf0f-8c6e-75e9-93bb-936cf39e95cf,ACTIVE,-2165064,-250000,-1250000,0,0,0
351184,01a0b1c2-b010-7000-8000-000000000000,01a0bf0f-9150-7093-94cd-6272941f015e,ACTIVE,-2500000,250000,0,0,0,0
351186,01a0b1c2-b010-7000-8000-000000000000,01a0bf0f-82ab-7769-983f-45fca21fae0a,ACTIVE,0,-250000,2500000,0,0,0
351186,01a0b1c2-b010-7000-8000-000000000000,01a0bf0f-878c-766d-8e01-d6e11e6ed23b,ACTIVE,2500000,250000,0,0,0,0
351186,01a0b1c2-b010-7000-8000-000000000000,01a0bf0f-8c6e-75e9-93bb-936cf39e95cf,ACTIVE,-2165064,-250000,-1250000,0,0,0
351186,01a0b1c2-b010-7000-8000-000000000000,01a0bf0f-9150-7093-94cd-6272941f015e,ACTIVE,-2500000,250000,0,0,0,0
351188,01a0b1c2-b010-7000-8000-000000000000,01a0bf0f-82ab-7769-983f-45fca21fae0a,ACTIVE,0,-250000,2500000,0,0,0
351188,01a0b1c2-b010-7000-8000-000000000000,01a0bf0f-878c-766d-8e01-d6e11e6ed23b,ACTIVE,2500000,250000,0,0,0,0
351188,01a0b1c2-b010-7000-8000-000000000000,01a0bf0f-8c6e-75e9-93bb-936cf39e95cf,ACTIVE,-2165064,-250000,-1250000,0,0,0
351188,01a0b1c2-b010-7000-8000-000000000000,01a0bf0f-9150-7093-94cd-6272941f015e,ACTIVE,-2500000,250000,0,0,0,0
351190,01a0b1c2-b010-7000-8000-000000000000,01a0bf0f-82ab-7769-983f-45fca21fae0a,ACTIVE,0,-250000,2500000,0,0,0
351190,01a0b1c2-b010-7000-8000-000000000000,01a0bf0f-878c-766d-8e01-d6e11e6ed23b,ACTIVE,2500000,250000,0,0,0,0
351190,01a0b1c2-b010-7000-8000-000000000000,01a0bf0f-8c6e-75e9-93bb-936cf39e95cf,ACTIVE,-2165064,-250000,-1250000,0,0,0
351190,01a0b1c2-b010-7000-8000-000000000000,01a0bf0f-9150-7093-94cd-6272941f015e,ACTIVE,-2500000,250000,0,0,0,0
351192,01a0b1c2-b010-7000-8000-000000000000,01a0bf0f-82ab-7769-983f-45fca21fae0a,ACTIVE,0,-250000,2500000,0,0,0
351192,01a0b1c2-b010-7000-8000-000000000000,01a0bf0f-878c-766d-8e01-d6e11e6ed23b,ACTIVE,2500000,250000,0,0,0,0
351192,01a0b1c2-b010-7000-8000-000000000000,01a0bf0f-8c6e-75e9-93bb-936cf39e95cf,ACTIVE,-2165064,-250000,-1250000,0,0,0
351192,01a0b1c2-b010-7000-8000-000000000000,01a0bf0f-9150-7093-94cd-6272941f015e,ACTIVE,-2500000,250000,0,0,0,0
351194,01a0b1c2-b010-7000-8000-000000000000,01a0bf0f-82ab-7769-983f-45fca21fae0a,ACTIVE,0,-250000,2500000,0,0,0
351194,01a0b1c2-b010-7000-8000-000000000000,01a0bf0f-878c-766d-8e01-d6e11e6ed23b,ACTIVE,2500000,250000,0,0,0,0
351194,01a0b1c2-b010-7000-8000-000000000000,01a0bf0f-8c6e-75e9-93bb-936cf39e95cf,ACTIVE,-2165064,-250000,-1250000,0,0,0
351194,01a0b1c2-b010-7000-8000-000000000000,01a0bf0f-9150-7093-94cd-6272941f015e,ACTIVE,-2500000,250000,0,0,0,0
351196,01a0b1c2-b010-7000-8000-000000000000,01a0bf0f-82ab-7769-983f-45fca21fae0a,ACTIVE,0,-250000,2500000,0,0,0
351196,01a0b1c2-b010-7000-8000-000000000000,01a0bf0f-878c-766d-8e01-d6e11e6ed23b,ACTIVE,2500000,250000,0,0,0,0
351196,01a0b1c2-b010-7000-8000-000000000000,01a0bf0f-8c6e-75e9-93bb-936cf39e95cf,ACTIVE,-2165064,-250000,-1250000,0,0,0
351196,01a0b1c2-b010-7000-8000-000000000000,01a0bf0f-9150-7093-94cd-6272941f015e,ACTIVE,-2500000,250000,0,0,0,0
351198,01a0b1c2-b010-7000-8000-000000000000,01a0bf0f-82ab-7769-983f-45fca21fae0a,ACTIVE,0,-250000,2500000,0,0,0
351198,01a0b1c2-b010-7000-8000-000000000000,01a0bf0f-878c-766d-8e01-d6e11e6ed23b,ACTIVE,2500000,250000,0,0,0,0
351198,01a0b1c2-b010-7000-8000-000000000000,01a0bf0f-8c6e-75e9-93bb-936cf39e95cf,ACTIVE,-2165064,-250000,-1250000,0,0,0
351198,01a0b1c2-b010-7000-8000-000000000000,01a0bf0f-9150-7093-94cd-6272941f015e,ACTIVE,-2500000,250000,0,0,0,0
351200,01a0b1c2-b010-7000-8000-000000000000,01a0bf0f-82ab-7769-983f-45fca21fae0a,ACTIVE,0,-250000,2500000,0,0,0
351200,01a0b1c2-b010-7000-8000-000000000000,01a0bf0f-878c-766d-8e01-d6e11e6ed23b,ACTIVE,2500000,250000,0,0,0,0
351200,01a0b1c2-b010-7000-8000-000000000000,01a0bf0f-8c6e-75e9-93bb-936cf39e95cf,ACTIVE,-2165064,-250000,-1250000,0,0,0
351200,01a0b1c2-b010-7000-8000-000000000000,01a0bf0f-9150-7093-94cd-6272941f015e,ACTIVE,-2500000,250000,0,0,0,0
351202,01a0b1c2-b010-7000-8000-000000000000,01a0bf0f-82ab-7769-983f-45fca21fae0a,ACTIVE,0,-250000,2500000,0,0,0
351202,01a0b1c2-b010-7000-8000-000000000000,01a0bf0f-878c-766d-8e01-d6e11e6ed23b,ACTIVE,2500000,250000,0,0,0,0
351202,01a0b1c2-b010-7000-8000-000000000000,01a0bf0f-8c6e-75e9-93bb-936cf39e95cf,ACTIVE,-2165064,-250000,-1250000,0,0,0
351202,01a0b1c2-b010-7000-8000-000000000000,01a0bf0f-9150-7093-94cd-6272941f015e,ACTIVE,-2500000,250000,0,0,0,0
351204,01a0b1c2-b010-7000-8000-000000000000,01a0bf0f-82ab-7769-983f-45fca21fae0a,ACTIVE,0,-250000,2500000,0,0,0
351204,01a0b1c2-b010-7000-8000-000000000000,01a0bf0f-878c-766d-8e01-d6e11e6ed23b,ACTIVE,2500000,250000,0,0,0,0
351204,01a0b1c2-b010-7000-8000-000000000000,01a0bf0f-8c6e-75e9-93bb-936cf39e95cf,ACTIVE,-2165064,-250000,-1250000,0,0,0
351204,01a0b1c2-b010-7000-8000-000000000000,01a0bf0f-9150-7093-94cd-6272941f015e,ACTIVE,-2500000,250000,0,0,0,0
351206,01a0b1c2-b010-7000-8000-000000000000,01a0bf0f-82ab-7769-983f-45fca21fae0a,ACTIVE,0,-250000,2500000,0,0,0
351206,01a0b1c2-b010-7000-8000-000000000000,01a0bf0f-878c-766d-8e01-d6e11e6ed23b,ACTIVE,2500000,250000,0,0,0,0
351206,01a0b1c2-b010-7000-8000-000000000000,01a0bf0f-8c6e-75e9-93bb-936cf39e95cf,ACTIVE,-2165064,-250000,-1250000,0,0,0
351206,01a0b1c2-b010-7000-8000-000000000000,01a0bf0f-9150-7093-94cd-6272941f015e,ACTIVE,-2500000,250000,0,0,0,0
351208,01a0b1c2-b010-7000-8000-000000000000,01a0bf0f-82ab-7769-983f-45fca21fae0a,ACTIVE,0,-250000,2500000,0,0,0
351208,01a0b1c2-b010-7000-8000-000000000000,01a0bf0f-878c-766d-8e01-d6e11e6ed23b,ACTIVE,2500000,250000,0,0,0,0
351208,01a0b1c2-b010-7000-8000-000000000000,01a0bf0f-8c6e-75e9-93bb-936cf39e95cf,ACTIVE,-2165064,-250000,-1250000,0,0,0
351208,01a0b1c2-b010-7000-8000-000000000000,01a0bf0f-9150-7093-94cd-6272941f015e,ACTIVE,-2500000,250000,0,0,0,0
351210,01a0b1c2-b010-7000-8000-000000000000,01a0bf0f-82ab-7769-983f-45fca21fae0a,ACTIVE,0,-250000,2500000,0,0,0
351210,01a0b1c2-b010-7000-8000-000000000000,01a0bf0f-878c-766d-8e01-d6e11e6ed23b,ACTIVE,2500000,250000,0,0,0,0
351210,01a0b1c2-b010-7000-8000-000000000000,01a0bf0f-8c6e-75e9-93bb-936cf39e95cf,ACTIVE,-2165064,-250000,-1250000,0,0,0
351210,01a0b1c2-b010-7000-8000-000000000000,01a0bf0f-9150-7093-94cd-6272941f015e,ACTIVE,-2500000,250000,0,0,0,0
351212,01a0b1c2-b010-7000-8000-000000000000,01a0bf0f-82ab-7769-983f-45fca21fae0a,ACTIVE,0,-250000,2500000,0,0,0
351212,01a0b1c2-b010-7000-8000-000000000000,01a0bf0f-878c-766d-8e01-d6e11e6ed23b,ACTIVE,2500000,250000,0,0,0,0
351212,01a0b1c2-b010-7000-8000-000000000000,01a0bf0f-8c6e-75e9-93bb-936cf39e95cf,ACTIVE,-2165064,-250000,-1250000,0,0,0
351212,01a0b1c2-b010-7000-8000-000000000000,01a0bf0f-9150-7093-94cd-6272941f015e,ACTIVE,-2500000,250000,0,0,0,0
351214,01a0b1c2-b010-7000-8000-000000000000,01a0bf0f-82ab-7769-983f-45fca21fae0a,ACTIVE,0,-250000,2500000,0,0,0
351214,01a0b1c2-b010-7000-8000-000000000000,01a0bf0f-878c-766d-8e01-d6e11e6ed23b,ACTIVE,2500000,250000,0,0,0,0
351214,01a0b1c2-b010-7000-8000-000000000000,01a0bf0f-8c6e-75e9-93bb-936cf39e95cf,ACTIVE,-2165064,-250000,-1250000,0,0,0
351214,01a0b1c2-b010-7000-8000-000000000000,01a0bf0f-9150-7093-94cd-6272941f015e,ACTIVE,-2500000,250000,0,0,0,0
351216,01a0b1c2-b010-7000-8000-000000000000,01a0bf0f-82ab-7769-983f-45fca21fae0a,ACTIVE,0,-250000,2500000,0,0,0
351216,01a0b1c2-b010-7000-8000-000000000000,01a0bf0f-878c-766d-8e01-d6e11e6ed23b,ACTIVE,2500000,250000,0,0,0,0
351216,01a0b1c2-b010-7000-8000-000000000000,01a0bf0f-8c6e-75e9-93bb-936cf39e95cf,ACTIVE,-2165064,-250000,-1250000,0,0,0
351216,01a0b1c2-b010-7000-8000-000000000000,01a0bf0f-9150-7093-94cd-6272941f015e,ACTIVE,-2500000,250000,0,0,0,0
351218,01a0b1c2-b010-7000-8000-000000000000,01a0bf0f-82ab-7769-983f-45fca21fae0a,ACTIVE,0,-250000,2500000,0,0,0
351218,01a0b1c2-b010-7000-8000-000000000000,01a0bf0f-878c-766d-8e01-d6e11e6ed23b,ACTIVE,2500000,250000,0,0,0,0
351218,01a0b1c2-b010-7000-8000-000000000000,01a0bf0f-8c6e-75e9-93bb-936cf39e95cf,ACTIVE,-2165064,-250000,-1250000,0,0,0
351218,01a0b1c2-b010-7000-8000-000000000000,01a0bf0f-9150-7093-94cd-6272941f015e,ACTIVE,-2500000,250000,0,0,0,0
351220,01a0b1c2-b010-7000-8000-000000000000,01a0bf0f-82ab-7769-983f-45fca21fae0a,ACTIVE,0,-250000,2500000,0,0,0
351220,01a0b1c2-b010-7000-8000-000000000000,01a0bf0f-878c-766d-8e01-d6e11e6ed23b,ACTIVE,2500000,250000,0,0,0,0
351220,01a0b1c2-b010-7000-8000-000000000000,01a0bf0f-8c6e-75e9-93bb-936cf39e95cf,ACTIVE,-2165064,-250000,-1250000,0,0,0
351220,01a0b1c2-b010-7000-8000-000000000000,01a0bf0f-9150-7093-94cd-6272941f015e,ACTIVE,-2500000,250000,0,0,0,0
351222,01a0b1c2-b010-7000-8000-000000000000,01a0bf0f-82ab-7769-983f-45fca21fae0a,ACTIVE,0,-250000,2500000,0,0,0
351222,01a0b1c2-b010-7000-8000-000000000000,01a0bf0f-878c-766d-8e01-d6e11e6ed23b,ACTIVE,2500000,250000,0,0,0,0
351222,01a0b1c2-b010-7000-8000-000000000000,01a0bf0f-8c6e-75e9-93bb-936cf39e95cf,ACTIVE,-2165064,-250000,-1250000,0,0,0
351222,01a0b1c2-b010-7000-8000-000000000000,01a0bf0f-9150-7093-94cd-6272941f015e,ACTIVE,-2500000,250000,0,0,0,0
351224,01a0b1c2-b010-7000-8000-000000000000,01a0bf0f-82ab-7769-983f-45fca21fae0a,ACTIVE,0,-250000,2500000,0,0,0
351224,01a0b1c2-b010-7000-8000-000000000000,01a0bf0f-878c-766d-8e01-d6e11e6ed23b,ACTIVE,2500000,250000,0,0,0,0
351224,01a0b1c2-b010-7000-8000-000000000000,01a0bf0f-8c6e-75e9-93bb-936cf39e95cf,ACTIVE,-2165064,-250000,-1250000,0,0,0
351224,01a0b1c2-b010-7000-8000-000000000000,01a0bf0f-9150-7093-94cd-6272941f015e,ACTIVE,-2500000,250000,0,0,0,0
351226,01a0b1c2-b010-7000-8000-000000000000,01a0bf0f-82ab-7769-983f-45fca21fae0a,ACTIVE,0,-250000,2500000,0,0,0
351226,01a0b1c2-b010-7000-8000-000000000000,01a0bf0f-878c-766d-8e01-d6e11e6ed23b,ACTIVE,2500000,250000,0,0,0,0
351226,01a0b1c2-b010-7000-8000-000000000000,01a0bf0f-8c6e-75e9-93bb-936cf39e95cf,ACTIVE,-2165064,-250000,-1250000,0,0,0
351226,01a0b1c2-b010-7000-8000-000000000000,01a0bf0f-9150-7093-94cd-6272941f015e,ACTIVE,-2500000,250000,0,0,0,0
351228,01a0b1c2-b010-7000-8000-000000000000,01a0bf0f-82ab-7769-983f-45fca21fae0a,ACTIVE,0,-250000,2500000,0,0,0
351228,01a0b1c2-b010-7000-8000-000000000000,01a0bf0f-878c-766d-8e01-d6e11e6ed23b,ACTIVE,2500000,250000,0,0,0,0
351228,01a0b1c2-b010-7000-8000-000000000000,01a0bf0f-8c6e-75e9-93bb-936cf39e95cf,ACTIVE,-2165064,-250000,-1250000,0,0,0
351228,01a0b1c2-b010-7000-8000-000000000000,01a0bf0f-9150-7093-94cd-6272941f015e,ACTIVE,-2500000,250000,0,0,0,0
351230,01a0b1c2-b010-7000-8000-000000000000,01a0bf0f-82ab-7769-983f-45fca21fae0a,ACTIVE,0,-250000,2500000,0,0,0
351230,01a0b1c2-b010-7000-8000-000000000000,01a0bf0f-878c-766d-8e01-d6e11e6ed23b,ACTIVE,2500000,250000,0,0,0,0
351230,01a0b1c2-b010-7000-8000-000000000000,01a0bf0f-8c6e-75e9-93bb-936cf39e95cf,ACTIVE,-2165064,-250000,-1250000,0,0,0
351230,01a0b1c2-b010-7000-8000-000000000000,01a0bf0f-9150-7093-94cd-6272941f015e,ACTIVE,-2500000,250000,0,0,0,0
351232,01a0b1c2-b010-7000-8000-000000000000,01a0bf0f-82ab-7769-983f-45fca21fae0a,ACTIVE,0,-250000,2500000,0,0,0
351232,01a0b1c2-b010-7000-8000-000000000000,01a0bf0f-878c-766d-8e01-d6e11e6ed23b,ACTIVE,2500000,250000,0,0,0,0
351232,01a0b1c2-b010-7000-8000-000000000000,01a0bf0f-8c6e-75e9-93bb-936cf39e95cf,ACTIVE,-2165064,-250000,-1250000,0,0,0
351232,01a0b1c2-b010-7000-8000-000000000000,01a0bf0f-9150-7093-94cd-6272941f015e,ACTIVE,-2500000,250000,0,0,0,0
351234,01a0b1c2-b010-7000-8000-000000000000,01a0bf0f-82ab-7769-983f-45fca21fae0a,ACTIVE,0,-250000,2500000,0,0,0
351234,01a0b1c2-b010-7000-8000-000000000000,01a0bf0f-878c-766d-8e01-d6e11e6ed23b,ACTIVE,2500000,250000,0,0,0,0
351234,01a0b1c2-b010-7000-8000-000000000000,01a0bf0f-8c6e-75e9-93bb-936cf39e95cf,ACTIVE,-2165064,-250000,-1250000,0,0,0
351234,01a0b1c2-b010-7000-8000-000000000000,01a0bf0f-9150-7093-94cd-6272941f015e,ACTIVE,-2500000,250000,0,0,0,0
351236,01a0b1c2-b010-7000-8000-000000000000,01a0bf0f-82ab-7769-983f-45fca21fae0a,ACTIVE,0,-250000,2500000,0,0,0
351236,01a0b1c2-b010-7000-8000-000000000000,01a0bf0f-878c-766d-8e01-d6e11e6ed23b,ACTIVE,2500000,250000,0,0,0,0
351236,01a0b1c2-b010-7000-8000-000000000000,01a0bf0f-8c6e-75e9-93bb-936cf39e95cf,ACTIVE,-2165064,-250000,-1250000,0,0,0
351236,01a0b1c2-b010-7000-8000-000000000000,01a0bf0f-9150-7093-94cd-6272941f015e,ACTIVE,-2500000,250000,0,0,0,0
351238,01a0b1c2-b010-7000-8000-000000000000,01a0bf0f-82ab-7769-983f-45fca21fae0a,ACTIVE,0,-250000,2500000,0,0,0
351238,01a0b1c2-b010-7000-8000-000000000000,01a0bf0f-878c-766d-8e01-d6e11e6ed23b,ACTIVE,2500000,250000,0,0,0,0
351238,01a0b1c2-b010-7000-8000-000000000000,01a0bf0f-8c6e-75e9-93bb-936cf39e95cf,ACTIVE,-2165064,-250000,-1250000,0,0,0
351238,01a0b1c2-b010-7000-8000-000000000000,01a0bf0f-9150-7093-94cd-6272941f015e,ACTIVE,-2500000,250000,0,0,0,0
351240,01a0b1c2-b010-7000-8000-000000000000,01a0bf0f-82ab-7769-983f-45fca21fae0a,ACTIVE,0,-250000,2500000,0,0,0
351240,01a0b1c2-b010-7000-8000-000000000000,01a0bf0f-878c-766d-8e01-d6e11e6ed23b,ACTIVE,2500000,250000,0,0,0,0
351240,01a0b1c2-b010-7000-8000-000000000000,01a0bf0f-8c6e-75e9-93bb-936cf39e95cf,ACTIVE,-2165064,-250000,-1250000,0,0,0
351240,01a0b1c2-b010-7000-8000-000000000000,01a0bf0f-9150-7093-94cd-6272941f015e,ACTIVE,-2500000,250000,0,0,0,0
351242,01a0b1c2-b010-7000-8000-000000000000,01a0bf0f-82ab-7769-983f-45fca21fae0a,ACTIVE,0,-250000,2500000,0,0,0
351242,01a0b1c2-b010-7000-8000-000000000000,01a0bf0f-878c-766d-8e01-d6e11e6ed23b,ACTIVE,2500000,250000,0,0,0,0
351242,01a0b1c2-b010-7000-8000-000000000000,01a0bf0f-8c6e-75e9-93bb-936cf39e95cf,ACTIVE,-2165064,-250000,-1250000,0,0,0
351242,01a0b1c2-b010-7000-8000-000000000000,01a0bf0f-9150-7093-94cd-6272941f015e,ACTIVE,-2500000,250000,0,0,0,0
351244,01a0b1c2-b010-7000-8000-000000000000,01a0bf0f-82ab-7769-983f-45fca21fae0a,ACTIVE,0,-250000,2500000,0,0,0
351244,01a0b1c2-b010-7000-8000-000000000000,01a0bf0f-878c-766d-8e01-d6e11e6ed23b,ACTIVE,2500000,250000,0,0,0,0
351244,01a0b1c2-b010-7000-8000-000000000000,01a0bf0f-8c6e-75e9-93bb-936cf39e95cf,ACTIVE,-2165064,-250000,-1250000,0,0,0
351244,01a0b1c2-b010-7000-8000-000000000000,01a0bf0f-9150-7093-94cd-6272941f015e,ACTIVE,-2500000,250000,0,0,0,0
351246,01a0b1c2-b010-7000-8000-000000000000,01a0bf0f-82ab-7769-983f-45fca21fae0a,ACTIVE,0,-250000,2500000,0,0,0
351246,01a0b1c2-b010-7000-8000-000000000000,01a0bf0f-878c-766d-8e01-d6e11e6ed23b,ACTIVE,2500000,250000,0,0,0,0
351246,01a0b1c2-b010-7000-8000-000000000000,01a0bf0f-8c6e-75e9-93bb-936cf39e95cf,ACTIVE,-2165064,-250000,-1250000,0,0,0
351246,01a0b1c2-b010-7000-8000-000000000000,01a0bf0f-9150-7093-94cd-6272941f015e,ACTIVE,-2500000,250000,0,0,0,0
351248,01a0b1c2-b010-7000-8000-000000000000,01a0bf0f-82ab-7769-983f-45fca21fae0a,ACTIVE,0,-250000,2500000,0,0,0
351248,01a0b1c2-b010-7000-8000-000000000000,01a0bf0f-878c-766d-8e01-d6e11e6ed23b,ACTIVE,2500000,250000,0,0,0,0
351248,01a0b1c2-b010-7000-8000-000000000000,01a0bf0f-8c6e-75e9-93bb-936cf39e95cf,ACTIVE,-2165064,-250000,-1250000,0,0,0
351248,01a0b1c2-b010-7000-8000-000000000000,01a0bf0f-9150-7093-94cd-6272941f015e,ACTIVE,-2500000,250000,0,0,0,0
351250,01a0b1c2-b010-7000-8000-000000000000,01a0bf0f-82ab-7769-983f-45fca21fae0a,ACTIVE,0,-250000,2500000,0,0,0
351250,01a0b1c2-b010-7000-8000-000000000000,01a0bf0f-878c-766d-8e01-d6e11e6ed23b,ACTIVE,2500000,250000,0,0,0,0
351250,01a0b1c2-b010-7000-8000-000000000000,01a0bf0f-8c6e-75e9-93bb-936cf39e95cf,ACTIVE,-2165064,-250000,-1250000,0,0,0
351250,01a0b1c2-b010-7000-8000-000000000000,01a0bf0f-9150-7093-94cd-6272941f015e,ACTIVE,-2500000,250000,0,0,0,0
351252,01a0b1c2-b010-7000-8000-000000000000,01a0bf0f-82ab-7769-983f-45fca21fae0a,ACTIVE,0,-250000,2500000,0,0,0
351252,01a0b1c2-b010-7000-8000-000000000000,01a0bf0f-878c-766d-8e01-d6e11e6ed23b,ACTIVE,2500000,250000,0,0,0,0
351252,01a0b1c2-b010-7000-8000-000000000000,01a0bf0f-8c6e-75e9-93bb-936cf39e95cf,ACTIVE,-2165064,-250000,-1250000,0,0,0
351252,01a0b1c2-b010-7000-8000-000000000000,01a0bf0f-9150-7093-94cd-6272941f015e,ACTIVE,-2500000,250000,0,0,0,0
351254,01a0b1c2-b010-7000-8000-000000000000,01a0bf0f-82ab-7769-983f-45fca21fae0a,ACTIVE,0,-250000,2500000,0,0,0
351254,01a0b1c2-b010-7000-8000-000000000000,01a0bf0f-878c-766d-8e01-d6e11e6ed23b,ACTIVE,2500000,250000,0,0,0,0
351254,01a0b1c2-b010-7000-8000-000000000000,01a0bf0f-8c6e-75e9-93bb-936cf39e95cf,ACTIVE,-2165064,-250000,-1250000,0,0,0
351254,01a0b1c2-b010-7000-8000-000000000000,01a0bf0f-9150-7093-94cd-6272941f015e,ACTIVE,-2500000,250000,0,0,0,0
351256,01a0b1c2-b010-7000-8000-000000000000,01a0bf0f-82ab-7769-983f-45fca21fae0a,ACTIVE,0,-250000,2500000,0,0,0
351256,01a0b1c2-b010-7000-8000-000000000000,01a0bf0f-878c-766d-8e01-d6e11e6ed23b,ACTIVE,2500000,250000,0,0,0,0
351256,01a0b1c2-b010-7000-8000-000000000000,01a0bf0f-8c6e-75e9-93bb-936cf39e95cf,ACTIVE,-2165064,-250000,-1250000,0,0,0
351256,01a0b1c2-b010-7000-8000-000000000000,01a0bf0f-9150-7093-94cd-6272941f015e,ACTIVE,-2500000,250000,0,0,0,0
351258,01a0b1c2-b010-7000-8000-000000000000,01a0bf0f-82ab-7769-983f-45fca21fae0a,ACTIVE,0,-250000,2500000,0,0,0
351258,01a0b1c2-b010-7000-8000-000000000000,01a0bf0f-878c-766d-8e01-d6e11e6ed23b,ACTIVE,2500000,250000,0,0,0,0
351258,01a0b1c2-b010-7000-8000-000000000000,01a0bf0f-8c6e-75e9-93bb-936cf39e95cf,ACTIVE,-2165064,-250000,-1250000,0,0,0
351258,01a0b1c2-b010-7000-8000-000000000000,01a0bf0f-9150-7093-94cd-6272941f015e,ACTIVE,-2500000,250000,0,0,0,0
351260,01a0b1c2-b010-7000-8000-000000000000,01a0bf0f-82ab-7769-983f-45fca21fae0a,ACTIVE,0,-250000,2500000,0,0,0
351260,01a0b1c2-b010-7000-8000-000000000000,01a0bf0f-878c-766d-8e01-d6e11e6ed23b,ACTIVE,2500000,250000,0,0,0,0
351260,01a0b1c2-b010-7000-8000-000000000000,01a0bf0f-8c6e-75e9-93bb-936cf39e95cf,ACTIVE,-2165064,-250000,-1250000,0,0,0
351260,01a0b1c2-b010-7000-8000-000000000000,01a0bf0f-9150-7093-94cd-6272941f015e,ACTIVE,-2500000,250000,0,0,0,0
351262,01a0b1c2-b010-7000-8000-000000000000,01a0bf0f-82ab-7769-983f-45fca21fae0a,ACTIVE,0,-250000,2500000,0,0,0
351262,01a0b1c2-b010-7000-8000-000000000000,01a0bf0f-878c-766d-8e01-d6e11e6ed23b,ACTIVE,2500000,250000,0,0,0,0
351262,01a0b1c2-b010-7000-8000-000000000000,01a0bf0f-8c6e-75e9-93bb-936cf39e95cf,ACTIVE,-2165064,-250000,-1250000,0,0,0
351262,01a0b1c2-b010-7000-8000-000000000000,01a0bf0f-9150-7093-94cd-6272941f015e,ACTIVE,-2500000,250000,0,0,0,0
351264,01a0b1c2-b010-7000-8000-000000000000,01a0bf0f-82ab-7769-983f-45fca21fae0a,ACTIVE,0,-250000,2500000,0,0,0
351264,01a0b1c2-b010-7000-8000-000000000000,01a0bf0f-878c-766d-8e01-d6e11e6ed23b,ACTIVE,2500000,250000,0,0,0,0
351264,01a0b1c2-b010-7000-8000-000000000000,01a0bf0f-8c6e-75e9-93bb-936cf39e95cf,ACTIVE,-2165064,-250000,-1250000,0,0,0
351264,01a0b1c2-b010-7000-8000-000000000000,01a0bf0f-9150-7093-94cd-6272941f015e,ACTIVE,-2500000,250000,0,0,0,0
351266,01a0b1c2-b010-7000-8000-000000000000,01a0bf0f-82ab-7769-983f-45fca21fae0a,ACTIVE,0,-250000,2500000,0,0,0
351266,01a0b1c2-b010-7000-8000-000000000000,01a0bf0f-878c-766d-8e01-d6e11e6ed23b,ACTIVE,2500000,250000,0,0,0,0
351266,01a0b1c2-b010-7000-8000-000000000000,01a0bf0f-8c6e-75e9-93bb-936cf39e95cf,ACTIVE,-2165064,-250000,-1250000,0,0,0
351266,01a0b1c2-b010-7000-8000-000000000000,01a0bf0f-9150-7093-94cd-6272941f015e,ACTIVE,-2500000,250000,0,0,0,0
351268,01a0b1c2-b010-7000-8000-000000000000,01a0bf0f-82ab-7769-983f-45fca21fae0a,ACTIVE,0,-250000,2500000,0,0,0
351268,01a0b1c2-b010-7000-8000-000000000000,01a0bf0f-878c-766d-8e01-d6e11e6ed23b,ACTIVE,2500000,250000,0,0,0,0
351268,01a0b1c2-b010-7000-8000-000000000000,01a0bf0f-8c6e-75e9-93bb-936cf39e95cf,ACTIVE,-2165064,-250000,-1250000,0,0,0
351268,01a0b1c2-b010-7000-8000-000000000000,01a0bf0f-9150-7093-94cd-6272941f015e,ACTIVE,-2500000,250000,0,0,0,0
351270,01a0b1c2-b010-7000-8000-000000000000,01a0bf0f-82ab-7769-983f-45fca21fae0a,ACTIVE,0,-250000,2500000,0,0,0
351270,01a0b1c2-b010-7000-8000-000000000000,01a0bf0f-878c-766d-8e01-d6e11e6ed23b,ACTIVE,2500000,250000,0,0,0,0
351270,01a0b1c2-b010-7000-8000-000000000000,01a0bf0f-8c6e-75e9-93bb-936cf39e95cf,ACTIVE,-2165064,-250000,-1250000,0,0,0
351270,01a0b1c2-b010-7000-8000-000000000000,01a0bf0f-9150-7093-94cd-6272941f015e,ACTIVE,-2500000,250000,0,0,0,0
351272,01a0b1c2-b010-7000-8000-000000000000,01a0bf0f-82ab-7769-983f-45fca21fae0a,ACTIVE,0,-250000,2500000,0,0,0
351272,01a0b1c2-b010-7000-8000-000000000000,01a0bf0f-878c-766d-8e01-d6e11e6ed23b,ACTIVE,2500000,250000,0,0,0,0
351272,01a0b1c2-b010-7000-8000-000000000000,01a0bf0f-8c6e-75e9-93bb-936cf39e95cf,ACTIVE,-2165064,-250000,-1250000,0,0,0
351272,01a0b1c2-b010-7000-8000-000000000000,01a0bf0f-9150-7093-94cd-6272941f015e,ACTIVE,-2500000,250000,0,0,0,0
351274,01a0b1c2-b010-7000-8000-000000000000,01a0bf0f-82ab-7769-983f-45fca21fae0a,ACTIVE,0,-250000,2500000,0,0,0
351274,01a0b1c2-b010-7000-8000-000000000000,01a0bf0f-878c-766d-8e01-d6e11e6ed23b,ACTIVE,2500000,250000,0,0,0,0
351274,01a0b1c2-b010-7000-8000-000000000000,01a0bf0f-8c6e-75e9-93bb-936cf39e95cf,ACTIVE,-2165064,-250000,-1250000,0,0,0
351274,01a0b1c2-b010-7000-8000-000000000000,01a0bf0f-9150-7093-94cd-6272941f015e,ACTIVE,-2500000,250000,0,0,0,0
351276,01a0b1c2-b010-7000-8000-000000000000,01a0bf0f-82ab-7769-983f-45fca21fae0a,ACTIVE,0,-250000,2500000,0,0,0
351276,01a0b1c2-b010-7000-8000-000000000000,01a0bf0f-878c-766d-8e01-d6e11e6ed23b,ACTIVE,2500000,250000,0,0,0,0
351276,01a0b1c2-b010-7000-8000-000000000000,01a0bf0f-8c6e-75e9-93bb-936cf39e95cf,ACTIVE,-2165064,-250000,-1250000,0,0,0
351276,01a0b1c2-b010-7000-8000-000000000000,01a0bf0f-9150-7093-94cd-6272941f015e,ACTIVE,-2500000,250000,0,0,0,0
351278,01a0b1c2-b010-7000-8000-000000000000,01a0bf0f-82ab-7769-983f-45fca21fae0a,ACTIVE,0,-250000,2500000,0,0,0
351278,01a0b1c2-b010-7000-8000-000000000000,01a0bf0f-878c-766d-8e01-d6e11e6ed23b,ACTIVE,2500000,250000,0,0,0,0
351278,01a0b1c2-b010-7000-8000-000000000000,01a0bf0f-8c6e-75e9-93bb-936cf39e95cf,ACTIVE,-2165064,-250000,-1250000,0,0,0
351278,01a0b1c2-b010-7000-8000-000000000000,01a0bf0f-9150-7093-94cd-6272941f015e,ACTIVE,-2500000,250000,0,0,0,0
351280,01a0b1c2-b010-7000-8000-000000000000,01a0bf0f-82ab-7769-983f-45fca21fae0a,ACTIVE,0,-250000,2500000,0,0,0
351280,01a0b1c2-b010-7000-8000-000000000000,01a0bf0f-878c-766d-8e01-d6e11e6ed23b,ACTIVE,2500000,250000,0,0,0,0
351280,01a0b1c2-b010-7000-8000-000000000000,01a0bf0f-8c6e-75e9-93bb-936cf39e95cf,ACTIVE,-2165064,-250000,-1250000,0,0,0
351280,01a0b1c2-b010-7000-8000-000000000000,01a0bf0f-9150-7093-94cd-6272941f015e,ACTIVE,-2500000,250000,0,0,0,0
351282,01a0b1c2-b010-7000-8000-000000000000,01a0bf0f-82ab-7769-983f-45fca21fae0a,ACTIVE,0,-250000,2500000,0,0,0
351282,01a0b1c2-b010-7000-8000-000000000000,01a0bf0f-878c-766d-8e01-d6e11e6ed23b,ACTIVE,2500000,250000,0,0,0,0
351282,01a0b1c2-b010-7000-8000-000000000000,01a0bf0f-8c6e-75e9-93bb-936cf39e95cf,ACTIVE,-2165064,-250000,-1250000,0,0,0
351282,01a0b1c2-b010-7000-8000-000000000000,01a0bf0f-9150-7093-94cd-6272941f015e,ACTIVE,-2500000,250000,0,0,0,0
351284,01a0b1c2-b010-7000-8000-000000000000,01a0bf0f-82ab-7769-983f-45fca21fae0a,ACTIVE,0,-250000,2500000,0,0,0
351284,01a0b1c2-b010-7000-8000-000000000000,01a0bf0f-878c-766d-8e01-d6e11e6ed23b,ACTIVE,2500000,250000,0,0,0,0
351284,01a0b1c2-b010-7000-8000-000000000000,01a0bf0f-8c6e-75e9-93bb-936cf39e95cf,ACTIVE,-2165064,-250000,-1250000,0,0,0
351284,01a0b1c2-b010-7000-8000-000000000000,01a0bf0f-9150-7093-94cd-6272941f015e,ACTIVE,-2500000,250000,0,0,0,0
351286,01a0b1c2-b010-7000-8000-000000000000,01a0bf0f-82ab-7769-983f-45fca21fae0a,ACTIVE,0,-250000,2500000,0,0,0
351286,01a0b1c2-b010-7000-8000-000000000000,01a0bf0f-878c-766d-8e01-d6e11e6ed23b,ACTIVE,2500000,250000,0,0,0,0
351286,01a0b1c2-b010-7000-8000-000000000000,01a0bf0f-8c6e-75e9-93bb-936cf39e95cf,ACTIVE,-2165064,-250000,-1250000,0,0,0
351286,01a0b1c2-b010-7000-8000-000000000000,01a0bf0f-9150-7093-94cd-6272941f015e,ACTIVE,-2500000,250000,0,0,0,0
351288,01a0b1c2-b010-7000-8000-000000000000,01a0bf0f-82ab-7769-983f-45fca21fae0a,ACTIVE,0,-250000,2500000,0,0,0
351288,01a0b1c2-b010-7000-8000-000000000000,01a0bf0f-878c-766d-8e01-d6e11e6ed23b,ACTIVE,2500000,250000,0,0,0,0
351288,01a0b1c2-b010-7000-8000-000000000000,01a0bf0f-8c6e-75e9-93bb-936cf39e95cf,ACTIVE,-2165064,-250000,-1250000,0,0,0
351288,01a0b1c2-b010-7000-8000-000000000000,01a0bf0f-9150-7093-94cd-6272941f015e,ACTIVE,-2500000,250000,0,0,0,0
351290,01a0b1c2-b010-7000-8000-000000000000,01a0bf0f-82ab-7769-983f-45fca21fae0a,ACTIVE,0,-250000,2500000,0,0,0
351290,01a0b1c2-b010-7000-8000-000000000000,01a0bf0f-878c-766d-8e01-d6e11e6ed23b,ACTIVE,2500000,250000,0,0,0,0
351290,01a0b1c2-b010-7000-8000-000000000000,01a0bf0f-8c6e-75e9-93bb-936cf39e95cf,ACTIVE,-2165064,-250000,-1250000,0,0,0
351290,01a0b1c2-b010-7000-8000-000000000000,01a0bf0f-9150-7093-94cd-6272941f015e,ACTIVE,-2500000,250000,0,0,0,0
351292,01a0b1c2-b010-7000-8000-000000000000,01a0bf0f-82ab-7769-983f-45fca21fae0a,ACTIVE,0,-250000,2500000,0,0,0
351292,01a0b1c2-b010-7000-8000-000000000000,01a0bf0f-878c-766d-8e01-d6e11e6ed23b,ACTIVE,2500000,250000,0,0,0,0
351292,01a0b1c2-b010-7000-8000-000000000000,01a0bf0f-8c6e-75e9-93bb-936cf39e95cf,ACTIVE,-2165064,-250000,-1250000,0,0,0
351292,01a0b1c2-b010-7000-8000-000000000000,01a0bf0f-9150-7093-94cd-6272941f015e,ACTIVE,-2500000,250000,0,0,0,0
351294,01a0b1c2-b010-7000-8000-000000000000,01a0bf0f-82ab-7769-983f-45fca21fae0a,ACTIVE,0,-250000,2500000,0,0,0
351294,01a0b1c2-b010-7000-8000-000000000000,01a0bf0f-878c-766d-8e01-d6e11e6ed23b,ACTIVE,2500000,250000,0,0,0,0
351294,01a0b1c2-b010-7000-8000-000000000000,01a0bf0f-8c6e-75e9-93bb-936cf39e95cf,ACTIVE,-2165064,-250000,-1250000,0,0,0
351294,01a0b1c2-b010-7000-8000-000000000000,01a0bf0f-9150-7093-94cd-6272941f015e,ACTIVE,-2500000,250000,0,0,0,0
351296,01a0b1c2-b010-7000-8000-000000000000,01a0bf0f-82ab-7769-983f-45fca21fae0a,ACTIVE,0,-250000,2500000,0,0,0
351296,01a0b1c2-b010-7000-8000-000000000000,01a0bf0f-878c-766d-8e01-d6e11e6ed23b,ACTIVE,2500000,250000,0,0,0,0
351296,01a0b1c2-b010-7000-8000-000000000000,01a0bf0f-8c6e-75e9-93bb-936cf39e95cf,ACTIVE,-2165064,-250000,-1250000,0,0,0
351296,01a0b1c2-b010-7000-8000-000000000000,01a0bf0f-9150-7093-94cd-6272941f015e,ACTIVE,-2500000,250000,0,0,0,0
351298,01a0b1c2-b010-7000-8000-000000000000,01a0bf0f-82ab-7769-983f-45fca21fae0a,ACTIVE,0,-250000,2500000,0,0,0
351298,01a0b1c2-b010-7000-8000-000000000000,01a0bf0f-878c-766d-8e01-d6e11e6ed23b,ACTIVE,2500000,250000,0,0,0,0
351298,01a0b1c2-b010-7000-8000-000000000000,01a0bf0f-8c6e-75e9-93bb-936cf39e95cf,ACTIVE,-2165064,-250000,-1250000,0,0,0
351298,01a0b1c2-b010-7000-8000-000000000000,01a0bf0f-9150-7093-94cd-6272941f015e,ACTIVE,-2500000,250000,0,0,0,0
351300,01a0b1c2-b010-7000-8000-000000000000,01a0bf0f-82ab-7769-983f-45fca21fae0a,ACTIVE,0,-250000,2500000,0,0,0
351300,01a0b1c2-b010-7000-8000-000000000000,01a0bf0f-878c-766d-8e01-d6e11e6ed23b,ACTIVE,2500000,250000,0,0,0,0
351300,01a0b1c2-b010-7000-8000-000000000000,01a0bf0f-8c6e-75e9-93bb-936cf39e95cf,ACTIVE,-2165064,-250000,-1250000,0,0,0
351300,01a0b1c2-b010-7000-8000-000000000000,01a0bf0f-9150-7093-94cd-6272941f015e,ACTIVE,-2500000,250000,0,0,0,0
351302,01a0b1c2-b010-7000-8000-000000000000,01a0bf0f-82ab-7769-983f-45fca21fae0a,ACTIVE,0,-250000,2500000,0,0,0
351302,01a0b1c2-b010-7000-8000-000000000000,01a0bf0f-878c-766d-8e01-d6e11e6ed23b,ACTIVE,2500000,250000,0,0,0,0
351302,01a0b1c2-b010-7000-8000-000000000000,01a0bf0f-8c6e-75e9-93bb-936cf39e95cf,ACTIVE,-2165064,-250000,-1250000,0,0,0
351302,01a0b1c2-b010-7000-8000-000000000000,01a0bf0f-9150-7093-94cd-6272941f015e,ACTIVE,-2500000,250000,0,0,0,0
351304,01a0b1c2-b010-7000-8000-000000000000,01a0bf0f-82ab-7769-983f-45fca21fae0a,ACTIVE,0,-250000,2500000,0,0,0
351304,01a0b1c2-b010-7000-8000-000000000000,01a0bf0f-878c-766d-8e01-d6e11e6ed23b,ACTIVE,2500000,250000,0,0,0,0
351304,01a0b1c2-b010-7000-8000-000000000000,01a0bf0f-8c6e-75e9-93bb-936cf39e95cf,ACTIVE,-2165064,-250000,-1250000,0,0,0
351304,01a0b1c2-b010-7000-8000-000000000000,01a0bf0f-9150-7093-94cd-6272941f015e,ACTIVE,-2500000,250000,0,0,0,0
351306,01a0b1c2-b010-7000-8000-000000000000,01a0bf0f-82ab-7769-983f-45fca21fae0a,ACTIVE,0,-250000,2500000,0,0,0
351306,01a0b1c2-b010-7000-8000-000000000000,01a0bf0f-878c-766d-8e01-d6e11e6ed23b,ACTIVE,2500000,250000,0,0,0,0
351306,01a0b1c2-b010-7000-8000-000000000000,01a0bf0f-8c6e-75e9-93bb-936cf39e95cf,ACTIVE,-2165064,-250000,-1250000,0,0,0
351306,01a0b1c2-b010-7000-8000-000000000000,01a0bf0f-9150-7093-94cd-6272941f015e,ACTIVE,-2500000,250000,0,0,0,0
351308,01a0b1c2-b010-7000-8000-000000000000,01a0bf0f-82ab-7769-983f-45fca21fae0a,ACTIVE,0,-250000,2500000,0,0,0
351308,01a0b1c2-b010-7000-8000-000000000000,01a0bf0f-878c-766d-8e01-d6e11e6ed23b,ACTIVE,2500000,250000,0,0,0,0
351308,01a0b1c2-b010-7000-8000-000000000000,01a0bf0f-8c6e-75e9-93bb-936cf39e95cf,ACTIVE,-2165064,-250000,-1250000,0,0,0
351308,01a0b1c2-b010-7000-8000-000000000000,01a0bf0f-9150-7093-94cd-6272941f015e,ACTIVE,-2500000,250000,0,0,0,0
351310,01a0b1c2-b010-7000-8000-000000000000,01a0bf0f-82ab-7769-983f-45fca21fae0a,ACTIVE,0,-250000,2500000,0,0,0
351310,01a0b1c2-b010-7000-8000-000000000000,01a0bf0f-878c-766d-8e01-d6e11e6ed23b,ACTIVE,2500000,250000,0,0,0,0
351310,01a0b1c2-b010-7000-8000-000000000000,01a0bf0f-8c6e-75e9-93bb-936cf39e95cf,ACTIVE,-2165064,-250000,-1250000,0,0,0
351310,01a0b1c2-b010-7000-8000-000000000000,01a0bf0f-9150-7093-94cd-6272941f015e,ACTIVE,-2500000,250000,0,0,0,0
351312,01a0b1c2-b010-7000-8000-000000000000,01a0bf0f-82ab-7769-983f-45fca21fae0a,ACTIVE,0,-250000,2500000,0,0,0
351312,01a0b1c2-b010-7000-8000-000000000000,01a0bf0f-878c-766d-8e01-d6e11e6ed23b,ACTIVE,2500000,250000,0,0,0,0
351312,01a0b1c2-b010-7000-8000-000000000000,01a0bf0f-8c6e-75e9-93bb-936cf39e95cf,ACTIVE,-2165064,-250000,-1250000,0,0,0
351312,01a0b1c2-b010-7000-8000-000000000000,01a0bf0f-9150-7093-94cd-6272941f015e,ACTIVE,-2500000,250000,0,0,0,0
351314,01a0b1c2-b010-7000-8000-000000000000,01a0bf0f-82ab-7769-983f-45fca21fae0a,ACTIVE,0,-250000,2500000,0,0,0
351314,01a0b1c2-b010-7000-8000-000000000000,01a0bf0f-878c-766d-8e01-d6e11e6ed23b,ACTIVE,2500000,250000,0,0,0,0
351314,01a0b1c2-b010-7000-8000-000000000000,01a0bf0f-8c6e-75e9-93bb-936cf39e95cf,ACTIVE,-2165064,-250000,-1250000,0,0,0
351314,01a0b1c2-b010-7000-8000-000000000000,01a0bf0f-9150-7093-94cd-6272941f015e,ACTIVE,-2500000,250000,0,0,0,0
351316,01a0b1c2-b010-7000-8000-000000000000,01a0bf0f-82ab-7769-983f-45fca21fae0a,ACTIVE,0,-250000,2500000,0,0,0
351316,01a0b1c2-b010-7000-8000-000000000000,01a0bf0f-878c-766d-8e01-d6e11e6ed23b,ACTIVE,2500000,250000,0,0,0,0
351316,01a0b1c2-b010-7000-8000-000000000000,01a0bf0f-8c6e-75e9-93bb-936cf39e95cf,ACTIVE,-2165064,-250000,-1250000,0,0,0
351316,01a0b1c2-b010-7000-8000-000000000000,01a0bf0f-9150-7093-94cd-6272941f015e,ACTIVE,-2500000,250000,0,0,0,0
351318,01a0b1c2-b010-7000-8000-000000000000,01a0bf0f-82ab-7769-983f-45fca21fae0a,ACTIVE,0,-250000,2500000,0,0,0
351318,01a0b1c2-b010-7000-8000-000000000000,01a0bf0f-878c-766d-8e01-d6e11e6ed23b,ACTIVE,2500000,250000,0,0,0,0
351318,01a0b1c2-b010-7000-8000-000000000000,01a0bf0f-8c6e-75e9-93bb-936cf39e95cf,ACTIVE,-2165064,-250000,-1250000,0,0,0
351318,01a0b1c2-b010-7000-8000-000000000000,01a0bf0f-9150-7093-94cd-6272941f015e,ACTIVE,-2500000,250000,0,0,0,0
351320,01a0b1c2-b010-7000-8000-000000000000,01a0bf0f-82ab-7769-983f-45fca21fae0a,ACTIVE,0,-250000,2500000,0,0,0
351320,01a0b1c2-b010-7000-8000-000000000000,01a0bf0f-878c-766d-8e01-d6e11e6ed23b,ACTIVE,2500000,250000,0,0,0,0
351320,01a0b1c2-b010-7000-8000-000000000000,01a0bf0f-8c6e-75e9-93bb-936cf39e95cf,ACTIVE,-2165064,-250000,-1250000,0,0,0
351320,01a0b1c2-b010-7000-8000-000000000000,01a0bf0f-9150-7093-94cd-6272941f015e,ACTIVE,-2500000,250000,0,0,0,0
351322,01a0b1c2-b010-7000-8000-000000000000,01a0bf0f-82ab-7769-983f-45fca21fae0a,ACTIVE,0,-250000,2500000,0,0,0
351322,01a0b1c2-b010-7000-8000-000000000000,01a0bf0f-878c-766d-8e01-d6e11e6ed23b,ACTIVE,2500000,250000,0,0,0,0
351322,01a0b1c2-b010-7000-8000-000000000000,01a0bf0f-8c6e-75e9-93bb-936cf39e95cf,ACTIVE,-2165064,-250000,-1250000,0,0,0
351322,01a0b1c2-b010-7000-8000-000000000000,01a0bf0f-9150-7093-94cd-6272941f015e,ACTIVE,-2500000,250000,0,0,0,0
351324,01a0b1c2-b010-7000-8000-000000000000,01a0bf0f-82ab-7769-983f-45fca21fae0a,ACTIVE,0,-250000,2500000,0,0,0
351324,01a0b1c2-b010-7000-8000-000000000000,01a0bf0f-878c-766d-8e01-d6e11e6ed23b,ACTIVE,2500000,250000,0,0,0,0
351324,01a0b1c2-b010-7000-8000-000000000000,01a0bf0f-8c6e-75e9-93bb-936cf39e95cf,ACTIVE,-2165064,-250000,-1250000,0,0,0
351324,01a0b1c2-b010-7000-8000-000000000000,01a0bf0f-9150-7093-94cd-6272941f015e,ACTIVE,-2500000,250000,0,0,0,0
351326,01a0b1c2-b010-7000-8000-000000000000,01a0bf0f-82ab-7769-983f-45fca21fae0a,ACTIVE,0,-250000,2500000,0,0,0
351326,01a0b1c2-b010-7000-8000-000000000000,01a0bf0f-878c-766d-8e01-d6e11e6ed23b,ACTIVE,2500000,250000,0,0,0,0
351326,01a0b1c2-b010-7000-8000-000000000000,01a0bf0f-8c6e-75e9-93bb-936cf39e95cf,ACTIVE,-2165064,-250000,-1250000,0,0,0
351326,01a0b1c2-b010-7000-8000-000000000000,01a0bf0f-9150-7093-94cd-6272941f015e,ACTIVE,-2500000,250000,0,0,0,0
351328,01a0b1c2-b010-7000-8000-000000000000,01a0bf0f-82ab-7769-983f-45fca21fae0a,ACTIVE,0,-250000,2500000,0,0,0
351328,01a0b1c2-b010-7000-8000-000000000000,01a0bf0f-878c-766d-8e01-d6e11e6ed23b,ACTIVE,2500000,250000,0,0,0,0
351328,01a0b1c2-b010-7000-8000-000000000000,01a0bf0f-8c6e-75e9-93bb-936cf39e95cf,ACTIVE,-2165064,-250000,-1250000,0,0,0
351328,01a0b1c2-b010-7000-8000-000000000000,01a0bf0f-9150-7093-94cd-6272941f015e,ACTIVE,-2500000,250000,0,0,0,0
351330,01a0b1c2-b010-7000-8000-000000000000,01a0bf0f-82ab-7769-983f-45fca21fae0a,ACTIVE,0,-250000,2500000,0,0,0
351330,01a0b1c2-b010-7000-8000-000000000000,01a0bf0f-878c-766d-8e01-d6e11e6ed23b,ACTIVE,2500000,250000,0,0,0,0
351330,01a0b1c2-b010-7000-8000-000000000000,01a0bf0f-8c6e-75e9-93bb-936cf39e95cf,ACTIVE,-2165064,-250000,-1250000,0,0,0
351330,01a0b1c2-b010-7000-8000-000000000000,01a0bf0f-9150-7093-94cd-6272941f015e,ACTIVE,-2500000,250000,0,0,0,0
351332,01a0b1c2-b010-7000-8000-000000000000,01a0bf0f-82ab-7769-983f-45fca21fae0a,ACTIVE,0,-250000,2500000,0,0,0
351332,01a0b1c2-b010-7000-8000-000000000000,01a0bf0f-878c-766d-8e01-d6e11e6ed23b,ACTIVE,2500000,250000,0,0,0,0
351332,01a0b1c2-b010-7000-8000-000000000000,01a0bf0f-8c6e-75e9-93bb-936cf39e95cf,ACTIVE,-2165064,-250000,-1250000,0,0,0
351332,01a0b1c2-b010-7000-8000-000000000000,01a0bf0f-9150-7093-94cd-6272941f015e,ACTIVE,-2500000,250000,0,0,0,0
351334,01a0b1c2-b010-7000-8000-000000000000,01a0bf0f-82ab-7769-983f-45fca21fae0a,ACTIVE,0,-250000,2500000,0,0,0
351334,01a0b1c2-b010-7000-8000-000000000000,01a0bf0f-878c-766d-8e01-d6e11e6ed23b,ACTIVE,2500000,250000,0,0,0,0
351334,01a0b1c2-b010-7000-8000-000000000000,01a0bf0f-8c6e-75e9-93bb-936cf39e95cf,ACTIVE,-2165064,-250000,-1250000,0,0,0
351334,01a0b1c2-b010-7000-8000-000000000000,01a0bf0f-9150-7093-94cd-6272941f015e,ACTIVE,-2500000,250000,0,0,0,0
351336,01a0b1c2-b010-7000-8000-000000000000,01a0bf0f-82ab-7769-983f-45fca21fae0a,ACTIVE,0,-250000,2500000,0,0,0
351336,01a0b1c2-b010-7000-8000-000000000000,01a0bf0f-878c-766d-8e01-d6e11e6ed23b,ACTIVE,2500000,250000,0,0,0,0
351336,01a0b1c2-b010-7000-8000-000000000000,01a0bf0f-8c6e-75e9-93bb-936cf39e95cf,ACTIVE,-2165064,-250000,-1250000,0,0,0
351336,01a0b1c2-b010-7000-8000-000000000000,01a0bf0f-9150-7093-94cd-6272941f015e,ACTIVE,-2500000,250000,0,0,0,0
351338,01a0b1c2-b010-7000-8000-000000000000,01a0bf0f-82ab-7769-983f-45fca21fae0a,ACTIVE,0,-250000,2500000,0,0,0
351338,01a0b1c2-b010-7000-8000-000000000000,01a0bf0f-878c-766d-8e01-d6e11e6ed23b,ACTIVE,2500000,250000,0,0,0,0
351338,01a0b1c2-b010-7000-8000-000000000000,01a0bf0f-8c6e-75e9-93bb-936cf39e95cf,ACTIVE,-2165064,-250000,-1250000,0,0,0
351338,01a0b1c2-b010-7000-8000-000000000000,01a0bf0f-9150-7093-94cd-6272941f015e,ACTIVE,-2500000,250000,0,0,0,0
351340,01a0b1c2-b010-7000-8000-000000000000,01a0bf0f-82ab-7769-983f-45fca21fae0a,ACTIVE,0,-250000,2500000,0,0,0
351340,01a0b1c2-b010-7000-8000-000000000000,01a0bf0f-878c-766d-8e01-d6e11e6ed23b,ACTIVE,2500000,250000,0,0,0,0
351340,01a0b1c2-b010-7000-8000-000000000000,01a0bf0f-8c6e-75e9-93bb-936cf39e95cf,ACTIVE,-2165064,-250000,-1250000,0,0,0
351340,01a0b1c2-b010-7000-8000-000000000000,01a0bf0f-9150-7093-94cd-6272941f015e,ACTIVE,-2500000,250000,0,0,0,0
351342,01a0b1c2-b010-7000-8000-000000000000,01a0bf0f-82ab-7769-983f-45fca21fae0a,ACTIVE,0,-250000,2500000,0,0,0
351342,01a0b1c2-b010-7000-8000-000000000000,01a0bf0f-878c-766d-8e01-d6e11e6ed23b,ACTIVE,2500000,250000,0,0,0,0
351342,01a0b1c2-b010-7000-8000-000000000000,01a0bf0f-8c6e-75e9-93bb-936cf39e95cf,ACTIVE,-2165064,-250000,-1250000,0,0,0
351342,01a0b1c2-b010-7000-8000-000000000000,01a0bf0f-9150-7093-94cd-6272941f015e,ACTIVE,-2500000,250000,0,0,0,0
351344,01a0b1c2-b010-7000-8000-000000000000,01a0bf0f-82ab-7769-983f-45fca21fae0a,ACTIVE,0,-250000,2500000,0,0,0
351344,01a0b1c2-b010-7000-8000-000000000000,01a0bf0f-878c-766d-8e01-d6e11e6ed23b,ACTIVE,2500000,250000,0,0,0,0
351344,01a0b1c2-b010-7000-8000-000000000000,01a0bf0f-8c6e-75e9-93bb-936cf39e95cf,ACTIVE,-2165064,-250000,-1250000,0,0,0
351344,01a0b1c2-b010-7000-8000-000000000000,01a0bf0f-9150-7093-94cd-6272941f015e,ACTIVE,-2500000,250000,0,0,0,0
351346,01a0b1c2-b010-7000-8000-000000000000,01a0bf0f-82ab-7769-983f-45fca21fae0a,ACTIVE,0,-250000,2500000,0,0,0
351346,01a0b1c2-b010-7000-8000-000000000000,01a0bf0f-878c-766d-8e01-d6e11e6ed23b,ACTIVE,2500000,250000,0,0,0,0
351346,01a0b1c2-b010-7000-8000-000000000000,01a0bf0f-8c6e-75e9-93bb-936cf39e95cf,ACTIVE,-2165064,-250000,-1250000,0,0,0
351346,01a0b1c2-b010-7000-8000-000000000000,01a0bf0f-9150-7093-94cd-6272941f015e,ACTIVE,-2500000,250000,0,0,0,0
351348,01a0b1c2-b010-7000-8000-000000000000,01a0bf0f-82ab-7769-983f-45fca21fae0a,ACTIVE,0,-250000,2500000,0,0,0
351348,01a0b1c2-b010-7000-8000-000000000000,01a0bf0f-878c-766d-8e01-d6e11e6ed23b,ACTIVE,2500000,250000,0,0,0,0
351348,01a0b1c2-b010-7000-8000-000000000000,01a0bf0f-8c6e-75e9-93bb-936cf39e95cf,ACTIVE,-2165064,-250000,-1250000,0,0,0
351348,01a0b1c2-b010-7000-8000-000000000000,01a0bf0f-9150-7093-94cd-6272941f015e,ACTIVE,-2500000,250000,0,0,0,0
351350,01a0b1c2-b010-7000-8000-000000000000,01a0bf0f-82ab-7769-983f-45fca21fae0a,ACTIVE,0,-250000,2500000,0,0,0
351350,01a0b1c2-b010-7000-8000-000000000000,01a0bf0f-878c-766d-8e01-d6e11e6ed23b,ACTIVE,2500000,250000,0,0,0,0
351350,01a0b1c2-b010-7000-8000-000000000000,01a0bf0f-8c6e-75e9-93bb-936cf39e95cf,ACTIVE,-2165064,-250000,-1250000,0,0,0
351350,01a0b1c2-b010-7000-8000-000000000000,01a0bf0f-9150-7093-94cd-6272941f015e,ACTIVE,-2500000,250000,0,0,0,0
351352,01a0b1c2-b010-7000-8000-000000000000,01a0bf0f-82ab-7769-983f-45fca21fae0a,ACTIVE,0,-250000,2500000,0,0,0
351352,01a0b1c2-b010-7000-8000-000000000000,01a0bf0f-878c-766d-8e01-d6e11e6ed23b,ACTIVE,2500000,250000,0,0,0,0
351352,01a0b1c2-b010-7000-8000-000000000000,01a0bf0f-8c6e-75e9-93bb-936cf39e95cf,ACTIVE,-2165064,-250000,-1250000,0,0,0
351352,01a0b1c2-b010-7000-8000-000000000000,01a0bf0f-9150-7093-94cd-6272941f015e,ACTIVE,-2500000,250000,0,0,0,0
351354,01a0b1c2-b010-7000-8000-000000000000,01a0bf0f-82ab-7769-983f-45fca21fae0a,ACTIVE,0,-250000,2500000,0,0,0
351354,01a0b1c2-b010-7000-8000-000000000000,01a0bf0f-878c-766d-8e01-d6e11e6ed23b,ACTIVE,2500000,250000,0,0,0,0
351354,01a0b1c2-b010-7000-8000-000000000000,01a0bf0f-8c6e-75e9-93bb-936cf39e95cf,ACTIVE,-2165064,-250000,-1250000,0,0,0
351354,01a0b1c2-b010-7000-8000-000000000000,01a0bf0f-9150-7093-94cd-6272941f015e,ACTIVE,-2500000,250000,0,0,0,0
351356,01a0b1c2-b010-7000-8000-000000000000,01a0bf0f-82ab-7769-983f-45fca21fae0a,ACTIVE,0,-250000,2500000,0,0,0
351356,01a0b1c2-b010-7000-8000-000000000000,01a0bf0f-878c-766d-8e01-d6e11e6ed23b,ACTIVE,2500000,250000,0,0,0,0
351356,01a0b1c2-b010-7000-8000-000000000000,01a0bf0f-8c6e-75e9-93bb-936cf39e95cf,ACTIVE,-2165064,-250000,-1250000,0,0,0
351356,01a0b1c2-b010-7000-8000-000000000000,01a0bf0f-9150-7093-94cd-6272941f015e,ACTIVE,-2500000,250000,0,0,0,0
351358,01a0b1c2-b010-7000-8000-000000000000,01a0bf0f-82ab-7769-983f-45fca21fae0a,ACTIVE,0,-250000,2500000,0,0,0
351358,01a0b1c2-b010-7000-8000-000000000000,01a0bf0f-878c-766d-8e01-d6e11e6ed23b,ACTIVE,2500000,250000,0,0,0,0
351358,01a0b1c2-b010-7000-8000-000000000000,01a0bf0f-8c6e-75e9-93bb-936cf39e95cf,ACTIVE,-2165064,-250000,-1250000,0,0,0
351358,01a0b1c2-b010-7000-8000-000000000000,01a0bf0f-9150-7093-94cd-6272941f015e,ACTIVE,-2500000,250000,0,0,0,0
351360,01a0b1c2-b010-7000-8000-000000000000,01a0bf0f-82ab-7769-983f-45fca21fae0a,ACTIVE,0,-250000,2500000,0,0,0
351360,01a0b1c2-b010-7000-8000-000000000000,01a0bf0f-878c-766d-8e01-d6e11e6ed23b,ACTIVE,2500000,250000,0,0,0,0
351360,01a0b1c2-b010-7000-8000-000000000000,01a0bf0f-8c6e-75e9-93bb-936cf39e95cf,ACTIVE,-2165064,-250000,-1250000,0,0,0
351360,01a0b1c2-b010-7000-8000-000000000000,01a0bf0f-9150-7093-94cd-6272941f015e,ACTIVE,-2500000,250000,0,0,0,0
351362,01a0b1c2-b010-7000-8000-000000000000,01a0bf0f-82ab-7769-983f-45fca21fae0a,ACTIVE,0,-250000,2500000,0,0,0
351362,01a0b1c2-b010-7000-8000-000000000000,01a0bf0f-878c-766d-8e01-d6e11e6ed23b,ACTIVE,2500000,250000,0,0,0,0
351362,01a0b1c2-b010-7000-8000-000000000000,01a0bf0f-8c6e-75e9-93bb-936cf39e95cf,ACTIVE,-2165064,-250000,-1250000,0,0,0
351362,01a0b1c2-b010-7000-8000-000000000000,01a0bf0f-9150-7093-94cd-6272941f015e,ACTIVE,-2500000,250000,0,0,0,0
351364,01a0b1c2-b010-7000-8000-000000000000,01a0bf0f-82ab-7769-983f-45fca21fae0a,ACTIVE,0,-250000,2500000,0,0,0
351364,01a0b1c2-b010-7000-8000-000000000000,01a0bf0f-878c-766d-8e01-d6e11e6ed23b,ACTIVE,2500000,250000,0,0,0,0
351364,01a0b1c2-b010-7000-8000-000000000000,01a0bf0f-8c6e-75e9-93bb-936cf39e95cf,ACTIVE,-2165064,-250000,-1250000,0,0,0
351364,01a0b1c2-b010-7000-8000-000000000000,01a0bf0f-9150-7093-94cd-6272941f015e,ACTIVE,-2500000,250000,0,0,0,0
351366,01a0b1c2-b010-7000-8000-000000000000,01a0bf0f-82ab-7769-983f-45fca21fae0a,ACTIVE,0,-250000,2500000,0,0,0
351366,01a0b1c2-b010-7000-8000-000000000000,01a0bf0f-878c-766d-8e01-d6e11e6ed23b,ACTIVE,2500000,250000,0,0,0,0
351366,01a0b1c2-b010-7000-8000-000000000000,01a0bf0f-8c6e-75e9-93bb-936cf39e95cf,ACTIVE,-2165064,-250000,-1250000,0,0,0
351366,01a0b1c2-b010-7000-8000-000000000000,01a0bf0f-9150-7093-94cd-6272941f015e,ACTIVE,-2500000,250000,0,0,0,0
351368,01a0b1c2-b010-7000-8000-000000000000,01a0bf0f-82ab-7769-983f-45fca21fae0a,ACTIVE,0,-250000,2500000,0,0,0
351368,01a0b1c2-b010-7000-8000-000000000000,01a0bf0f-878c-766d-8e01-d6e11e6ed23b,ACTIVE,2500000,250000,0,0,0,0
351368,01a0b1c2-b010-7000-8000-000000000000,01a0bf0f-8c6e-75e9-93bb-936cf39e95cf,ACTIVE,-2165064,-250000,-1250000,0,0,0
351368,01a0b1c2-b010-7000-8000-000000000000,01a0bf0f-9150-7093-94cd-6272941f015e,ACTIVE,-2500000,250000,0,0,0,0
351370,01a0b1c2-b010-7000-8000-000000000000,01a0bf0f-82ab-7769-983f-45fca21fae0a,ACTIVE,0,-250000,2500000,0,0,0
351370,01a0b1c2-b010-7000-8000-000000000000,01a0bf0f-878c-766d-8e01-d6e11e6ed23b,ACTIVE,2500000,250000,0,0,0,0
351370,01a0b1c2-b010-7000-8000-000000000000,01a0bf0f-8c6e-75e9-93bb-936cf39e95cf,ACTIVE,-2165064,-250000,-1250000,0,0,0
351370,01a0b1c2-b010-7000-8000-000000000000,01a0bf0f-9150-7093-94cd-6272941f015e,ACTIVE,-2500000,250000,0,0,0,0
351372,01a0b1c2-b010-7000-8000-000000000000,01a0bf0f-82ab-7769-983f-45fca21fae0a,ACTIVE,0,-250000,2500000,0,0,0
351372,01a0b1c2-b010-7000-8000-000000000000,01a0bf0f-878c-766d-8e01-d6e11e6ed23b,ACTIVE,2500000,250000,0,0,0,0
351372,01a0b1c2-b010-7000-8000-000000000000,01a0bf0f-8c6e-75e9-93bb-936cf39e95cf,ACTIVE,-2165064,-250000,-1250000,0,0,0
351372,01a0b1c2-b010-7000-8000-000000000000,01a0bf0f-9150-7093-94cd-6272941f015e,ACTIVE,-2500000,250000,0,0,0,0
351374,01a0b1c2-b010-7000-8000-000000000000,01a0bf0f-82ab-7769-983f-45fca21fae0a,ACTIVE,0,-250000,2500000,0,0,0
351374,01a0b1c2-b010-7000-8000-000000000000,01a0bf0f-878c-766d-8e01-d6e11e6ed23b,ACTIVE,2500000,250000,0,0,0,0
351374,01a0b1c2-b010-7000-8000-000000000000,01a0bf0f-8c6e-75e9-93bb-936cf39e95cf,ACTIVE,-2165064,-250000,-1250000,0,0,0
351374,01a0b1c2-b010-7000-8000-000000000000,01a0bf0f-9150-7093-94cd-6272941f015e,ACTIVE,-2500000,250000,0,0,0,0
351376,01a0b1c2-b010-7000-8000-000000000000,01a0bf0f-82ab-7769-983f-45fca21fae0a,ACTIVE,0,-250000,2500000,0,0,0
351376,01a0b1c2-b010-7000-8000-000000000000,01a0bf0f-878c-766d-8e01-d6e11e6ed23b,ACTIVE,2500000,250000,0,0,0,0
351376,01a0b1c2-b010-7000-8000-000000000000,01a0bf0f-8c6e-75e9-93bb-936cf39e95cf,ACTIVE,-2165064,-250000,-1250000,0,0,0
351376,01a0b1c2-b010-7000-8000-000000000000,01a0bf0f-9150-7093-94cd-6272941f015e,ACTIVE,-2500000,250000,0,0,0,0
351378,01a0b1c2-b010-7000-8000-000000000000,01a0bf0f-82ab-7769-983f-45fca21fae0a,ACTIVE,0,-250000,2500000,0,0,0
351378,01a0b1c2-b010-7000-8000-000000000000,01a0bf0f-878c-766d-8e01-d6e11e6ed23b,ACTIVE,2500000,250000,0,0,0,0
351378,01a0b1c2-b010-7000-8000-000000000000,01a0bf0f-8c6e-75e9-93bb-936cf39e95cf,ACTIVE,-2165064,-250000,-1250000,0,0,0
351378,01a0b1c2-b010-7000-8000-000000000000,01a0bf0f-9150-7093-94cd-6272941f015e,ACTIVE,-2500000,250000,0,0,0,0
351380,01a0b1c2-b010-7000-8000-000000000000,01a0bf0f-82ab-7769-983f-45fca21fae0a,ACTIVE,0,-250000,2500000,0,0,0
351380,01a0b1c2-b010-7000-8000-000000000000,01a0bf0f-878c-766d-8e01-d6e11e6ed23b,ACTIVE,2500000,250000,0,0,0,0
351380,01a0b1c2-b010-7000-8000-000000000000,01a0bf0f-8c6e-75e9-93bb-936cf39e95cf,ACTIVE,-2165064,-250000,-1250000,0,0,0
351380,01a0b1c2-b010-7000-8000-000000000000,01a0bf0f-9150-7093-94cd-6272941f015e,ACTIVE,-2500000,250000,0,0,0,0
351382,01a0b1c2-b010-7000-8000-000000000000,01a0bf0f-82ab-7769-983f-45fca21fae0a,ACTIVE,0,-250000,2500000,0,0,0
351382,01a0b1c2-b010-7000-8000-000000000000,01a0bf0f-878c-766d-8e01-d6e11e6ed23b,ACTIVE,2500000,250000,0,0,0,0
351382,01a0b1c2-b010-7000-8000-000000000000,01a0bf0f-8c6e-75e9-93bb-936cf39e95cf,ACTIVE,-2165064,-250000,-1250000,0,0,0
351382,01a0b1c2-b010-7000-8000-000000000000,01a0bf0f-9150-7093-94cd-6272941f015e,ACTIVE,-2500000,250000,0,0,0,0
351384,01a0b1c2-b010-7000-8000-000000000000,01a0bf0f-82ab-7769-983f-45fca21fae0a,ACTIVE,0,-250000,2500000,0,0,0
351384,01a0b1c2-b010-7000-8000-000000000000,01a0bf0f-878c-766d-8e01-d6e11e6ed23b,ACTIVE,2500000,250000,0,0,0,0
351384,01a0b1c2-b010-7000-8000-000000000000,01a0bf0f-8c6e-75e9-93bb-936cf39e95cf,ACTIVE,-2165064,-250000,-1250000,0,0,0
351384,01a0b1c2-b010-7000-8000-000000000000,01a0bf0f-9150-7093-94cd-6272941f015e,ACTIVE,-2500000,250000,0,0,0,0
351386,01a0b1c2-b010-7000-8000-000000000000,01a0bf0f-82ab-7769-983f-45fca21fae0a,ACTIVE,0,-250000,2500000,0,0,0
351386,01a0b1c2-b010-7000-8000-000000000000,01a0bf0f-878c-766d-8e01-d6e11e6ed23b,ACTIVE,2500000,250000,0,0,0,0
351386,01a0b1c2-b010-7000-8000-000000000000,01a0bf0f-8c6e-75e9-93bb-936cf39e95cf,ACTIVE,-2165064,-250000,-1250000,0,0,0
351386,01a0b1c2-b010-7000-8000-000000000000,01a0bf0f-9150-7093-94cd-6272941f015e,ACTIVE,-2500000,250000,0,0,0,0
351388,01a0b1c2-b010-7000-8000-000000000000,01a0bf0f-82ab-7769-983f-45fca21fae0a,ACTIVE,0,-250000,2500000,0,0,0
351388,01a0b1c2-b010-7000-8000-000000000000,01a0bf0f-878c-766d-8e01-d6e11e6ed23b,ACTIVE,2500000,250000,0,0,0,0
351388,01a0b1c2-b010-7000-8000-000000000000,01a0bf0f-8c6e-75e9-93bb-936cf39e95cf,ACTIVE,-2165064,-250000,-1250000,0,0,0
351388,01a0b1c2-b010-7000-8000-000000000000,01a0bf0f-9150-7093-94cd-6272941f015e,ACTIVE,-2500000,250000,0,0,0,0
351390,01a0b1c2-b010-7000-8000-000000000000,01a0bf0f-82ab-7769-983f-45fca21fae0a,ACTIVE,0,-250000,2500000,0,0,0
351390,01a0b1c2-b010-7000-8000-000000000000,01a0bf0f-878c-766d-8e01-d6e11e6ed23b,ACTIVE,2500000,250000,0,0,0,0
351390,01a0b1c2-b010-7000-8000-000000000000,01a0bf0f-8c6e-75e9-93bb-936cf39e95cf,ACTIVE,-2165064,-250000,-1250000,0,0,0
351390,01a0b1c2-b010-7000-8000-000000000000,01a0bf0f-9150-7093-94cd-6272941f015e,ACTIVE,-2500000,250000,0,0,0,0
351392,01a0b1c2-b010-7000-8000-000000000000,01a0bf0f-82ab-7769-983f-45fca21fae0a,ACTIVE,0,-250000,2500000,0,0,0
351392,01a0b1c2-b010-7000-8000-000000000000,01a0bf0f-878c-766d-8e01-d6e11e6ed23b,ACTIVE,2500000,250000,0,0,0,0
351392,01a0b1c2-b010-7000-8000-000000000000,01a0bf0f-8c6e-75e9-93bb-936cf39e95cf,ACTIVE,-2165064,-250000,-1250000,0,0,0
351392,01a0b1c2-b010-7000-8000-000000000000,01a0bf0f-9150-7093-94cd-6272941f015e,ACTIVE,-2500000,250000,0,0,0,0
351394,01a0b1c2-b010-7000-8000-000000000000,01a0bf0f-82ab-7769-983f-45fca21fae0a,ACTIVE,0,-250000,2500000,0,0,0
351394,01a0b1c2-b010-7000-8000-000000000000,01a0bf0f-878c-766d-8e01-d6e11e6ed23b,ACTIVE,2500000,250000,0,0,0,0
351394,01a0b1c2-b010-7000-8000-000000000000,01a0bf0f-8c6e-75e9-93bb-936cf39e95cf,ACTIVE,-2165064,-250000,-1250000,0,0,0
351394,01a0b1c2-b010-7000-8000-000000000000,01a0bf0f-9150-7093-94cd-6272941f015e,ACTIVE,-2500000,250000,0,0,0,0
351396,01a0b1c2-b010-7000-8000-000000000000,01a0bf0f-82ab-7769-983f-45fca21fae0a,ACTIVE,0,-250000,2500000,0,0,0
351396,01a0b1c2-b010-7000-8000-000000000000,01a0bf0f-878c-766d-8e01-d6e11e6ed23b,ACTIVE,2500000,250000,0,0,0,0
351396,01a0b1c2-b010-7000-8000-000000000000,01a0bf0f-8c6e-75e9-93bb-936cf39e95cf,ACTIVE,-2165064,-250000,-1250000,0,0,0
351396,01a0b1c2-b010-7000-8000-000000000000,01a0bf0f-9150-7093-94cd-6272941f015e,ACTIVE,-2500000,250000,0,0,0,0
351398,01a0b1c2-b010-7000-8000-000000000000,01a0bf0f-82ab-7769-983f-45fca21fae0a,ACTIVE,0,-250000,2500000,0,0,0
351398,01a0b1c2-b010-7000-8000-000000000000,01a0bf0f-878c-766d-8e01-d6e11e6ed23b,ACTIVE,2500000,250000,0,0,0,0
351398,01a0b1c2-b010-7000-8000-000000000000,01a0bf0f-8c6e-75e9-93bb-936cf39e95cf,ACTIVE,-2165064,-250000,-1250000,0,0,0
351398,01a0b1c2-b010-7000-8000-000000000000,01a0bf0f-9150-7093-94cd-6272941f015e,ACTIVE,-2500000,250000,0,0,0,0
351400,01a0b1c2-b010-7000-8000-000000000000,01a0bf0f-82ab-7769-983f-45fca21fae0a,ACTIVE,0,-250000,2500000,0,0,0
351400,01a0b1c2-b010-7000-8000-000000000000,01a0bf0f-878c-766d-8e01-d6e11e6ed23b,ACTIVE,2500000,250000,0,0,0,0
351400,01a0b1c2-b010-7000-8000-000000000000,01a0bf0f-8c6e-75e9-93bb-936cf39e95cf,ACTIVE,-2165064,-250000,-1250000,0,0,0
351400,01a0b1c2-b010-7000-8000-000000000000,01a0bf0f-9150-7093-94cd-6272941f015e,ACTIVE,-2500000,250000,0,0,0,0
351402,01a0b1c2-b010-7000-8000-000000000000,01a0bf0f-82ab-7769-983f-45fca21fae0a,ACTIVE,0,-250000,2500000,0,0,0
351402,01a0b1c2-b010-7000-8000-000000000000,01a0bf0f-878c-766d-8e01-d6e11e6ed23b,ACTIVE,2500000,250000,0,0,0,0
351402,01a0b1c2-b010-7000-8000-000000000000,01a0bf0f-8c6e-75e9-93bb-936cf39e95cf,ACTIVE,-2165064,-250000,-1250000,0,0,0
351402,01a0b1c2-b010-7000-8000-000000000000,01a0bf0f-9150-7093-94cd-6272941f015e,ACTIVE,-2500000,250000,0,0,0,0
351404,01a0b1c2-b010-7000-8000-000000000000,01a0bf0f-82ab-7769-983f-45fca21fae0a,ACTIVE,0,-250000,2500000,0,0,0
351404,01a0b1c2-b010-7000-8000-000000000000,01a0bf0f-878c-766d-8e01-d6e11e6ed23b,ACTIVE,2500000,250000,0,0,0,0
351404,01a0b1c2-b010-7000-8000-000000000000,01a0bf0f-8c6e-75e9-93bb-936cf39e95cf,ACTIVE,-2165064,-250000,-1250000,0,0,0
351404,01a0b1c2-b010-7000-8000-000000000000,01a0bf0f-9150-7093-94cd-6272941f015e,ACTIVE,-2500000,250000,0,0,0,0
351406,01a0b1c2-b010-7000-8000-000000000000,01a0bf0f-82ab-7769-983f-45fca21fae0a,ACTIVE,0,-250000,2500000,0,0,0
351406,01a0b1c2-b010-7000-8000-000000000000,01a0bf0f-878c-766d-8e01-d6e11e6ed23b,ACTIVE,2500000,250000,0,0,0,0
351406,01a0b1c2-b010-7000-8000-000000000000,01a0bf0f-8c6e-75e9-93bb-936cf39e95cf,ACTIVE,-2165064,-250000,-1250000,0,0,0
351406,01a0b1c2-b010-7000-8000-000000000000,01a0bf0f-9150-7093-94cd-6272941f015e,ACTIVE,-2500000,250000,0,0,0,0
351408,01a0b1c2-b010-7000-8000-000000000000,01a0bf0f-82ab-7769-983f-45fca21fae0a,ACTIVE,0,-250000,2500000,0,0,0
351408,01a0b1c2-b010-7000-8000-000000000000,01a0bf0f-878c-766d-8e01-d6e11e6ed23b,ACTIVE,2500000,250000,0,0,0,0
351408,01a0b1c2-b010-7000-8000-000000000000,01a0bf0f-8c6e-75e9-93bb-936cf39e95cf,ACTIVE,-2165064,-250000,-1250000,0,0,0
351408,01a0b1c2-b010-7000-8000-000000000000,01a0bf0f-9150-7093-94cd-6272941f015e,ACTIVE,-2500000,250000,0,0,0,0
351410,01a0b1c2-b010-7000-8000-000000000000,01a0bf0f-82ab-7769-983f-45fca21fae0a,ACTIVE,0,-250000,2500000,0,0,0
351410,01a0b1c2-b010-7000-8000-000000000000,01a0bf0f-878c-766d-8e01-d6e11e6ed23b,ACTIVE,2500000,250000,0,0,0,0
351410,01a0b1c2-b010-7000-8000-000000000000,01a0bf0f-8c6e-75e9-93bb-936cf39e95cf,ACTIVE,-2165064,-250000,-1250000,0,0,0
351410,01a0b1c2-b010-7000-8000-000000000000,01a0bf0f-9150-7093-94cd-6272941f015e,ACTIVE,-2500000,250000,0,0,0,0
351412,01a0b1c2-b010-7000-8000-000000000000,01a0bf0f-82ab-7769-983f-45fca21fae0a,ACTIVE,0,-250000,2500000,0,0,0
351412,01a0b1c2-b010-7000-8000-000000000000,01a0bf0f-878c-766d-8e01-d6e11e6ed23b,ACTIVE,2500000,250000,0,0,0,0
351412,01a0b1c2-b010-7000-8000-000000000000,01a0bf0f-8c6e-75e9-93bb-936cf39e95cf,ACTIVE,-2165064,-250000,-1250000,0,0,0
351412,01a0b1c2-b010-7000-8000-000000000000,01a0bf0f-9150-7093-94cd-6272941f015e,ACTIVE,-2500000,250000,0,0,0,0
351414,01a0b1c2-b010-7000-8000-000000000000,01a0bf0f-82ab-7769-983f-45fca21fae0a,ACTIVE,0,-250000,2500000,0,0,0
351414,01a0b1c2-b010-7000-8000-000000000000,01a0bf0f-878c-766d-8e01-d6e11e6ed23b,ACTIVE,2500000,250000,0,0,0,0
351414,01a0b1c2-b010-7000-8000-000000000000,01a0bf0f-8c6e-75e9-93bb-936cf39e95cf,ACTIVE,-2165064,-250000,-1250000,0,0,0
351414,01a0b1c2-b010-7000-8000-000000000000,01a0bf0f-9150-7093-94cd-6272941f015e,ACTIVE,-2500000,250000,0,0,0,0
351416,01a0b1c2-b010-7000-8000-000000000000,01a0bf0f-82ab-7769-983f-45fca21fae0a,ACTIVE,0,-250000,2500000,0,0,0
351416,01a0b1c2-b010-7000-8000-000000000000,01a0bf0f-878c-766d-8e01-d6e11e6ed23b,ACTIVE,2500000,250000,0,0,0,0
351416,01a0b1c2-b010-7000-8000-000000000000,01a0bf0f-8c6e-75e9-93bb-936cf39e95cf,ACTIVE,-2165064,-250000,-1250000,0,0,0
351416,01a0b1c2-b010-7000-8000-000000000000,01a0bf0f-9150-7093-94cd-6272941f015e,ACTIVE,-2500000,250000,0,0,0,0
351418,01a0b1c2-b010-7000-8000-000000000000,01a0bf0f-82ab-7769-983f-45fca21fae0a,ACTIVE,0,-250000,2500000,0,0,0
351418,01a0b1c2-b010-7000-8000-000000000000,01a0bf0f-878c-766d-8e01-d6e11e6ed23b,ACTIVE,2500000,250000,0,0,0,0
351418,01a0b1c2-b010-7000-8000-000000000000,01a0bf0f-8c6e-75e9-93bb-936cf39e95cf,ACTIVE,-2165064,-250000,-1250000,0,0,0
351418,01a0b1c2-b010-7000-8000-000000000000,01a0bf0f-9150-7093-94cd-6272941f015e,ACTIVE,-2500000,250000,0,0,0,0
351420,01a0b1c2-b010-7000-8000-000000000000,01a0bf0f-82ab-7769-983f-45fca21fae0a,ACTIVE,0,-250000,2500000,0,0,0
351420,01a0b1c2-b010-7000-8000-000000000000,01a0bf0f-878c-766d-8e01-d6e11e6ed23b,ACTIVE,2500000,250000,0,0,0,0
351420,01a0b1c2-b010-7000-8000-000000000000,01a0bf0f-8c6e-75e9-93bb-936cf39e95cf,ACTIVE,-2165064,-250000,-1250000,0,0,0
351420,01a0b1c2-b010-7000-8000-000000000000,01a0bf0f-9150-7093-94cd-6272941f015e,ACTIVE,-2500000,250000,0,0,0,0
351422,01a0b1c2-b010-7000-8000-000000000000,01a0bf0f-82ab-7769-983f-45fca21fae0a,ACTIVE,0,-250000,2500000,0,0,0
351422,01a0b1c2-b010-7000-8000-000000000000,01a0bf0f-878c-766d-8e01-d6e11e6ed23b,ACTIVE,2500000,250000,0,0,0,0
351422,01a0b1c2-b010-7000-8000-000000000000,01a0bf0f-8c6e-75e9-93bb-936cf39e95cf,ACTIVE,-2165064,-250000,-1250000,0,0,0
351422,01a0b1c2-b010-7000-8000-000000000000,01a0bf0f-9150-7093-94cd-6272941f015e,ACTIVE,-2500000,250000,0,0,0,0
351424,01a0b1c2-b010-7000-8000-000000000000,01a0bf0f-82ab-7769-983f-45fca21fae0a,ACTIVE,0,-250000,2500000,0,0,0
351424,01a0b1c2-b010-7000-8000-000000000000,01a0bf0f-878c-766d-8e01-d6e11e6ed23b,ACTIVE,2500000,250000,0,0,0,0
351424,01a0b1c2-b010-7000-8000-000000000000,01a0bf0f-8c6e-75e9-93bb-936cf39e95cf,ACTIVE,-2165064,-250000,-1250000,0,0,0
351424,01a0b1c2-b010-7000-8000-000000000000,01a0bf0f-9150-7093-94cd-6272941f015e,ACTIVE,-2500000,250000,0,0,0,0
351426,01a0b1c2-b010-7000-8000-000000000000,01a0bf0f-82ab-7769-983f-45fca21fae0a,ACTIVE,0,-250000,2500000,0,0,0
351426,01a0b1c2-b010-7000-8000-000000000000,01a0bf0f-878c-766d-8e01-d6e11e6ed23b,ACTIVE,2500000,250000,0,0,0,0
351426,01a0b1c2-b010-7000-8000-000000000000,01a0bf0f-8c6e-75e9-93bb-936cf39e95cf,ACTIVE,-2165064,-250000,-1250000,0,0,0
351426,01a0b1c2-b010-7000-8000-000000000000,01a0bf0f-9150-7093-94cd-6272941f015e,ACTIVE,-2500000,250000,0,0,0,0
351428,01a0b1c2-b010-7000-8000-000000000000,01a0bf0f-82ab-7769-983f-45fca21fae0a,ACTIVE,0,-250000,2500000,0,0,0
351428,01a0b1c2-b010-7000-8000-000000000000,01a0bf0f-878c-766d-8e01-d6e11e6ed23b,ACTIVE,2500000,250000,0,0,0,0
351428,01a0b1c2-b010-7000-8000-000000000000,01a0bf0f-8c6e-75e9-93bb-936cf39e95cf,ACTIVE,-2165064,-250000,-1250000,0,0,0
351428,01a0b1c2-b010-7000-8000-000000000000,01a0bf0f-9150-7093-94cd-6272941f015e,ACTIVE,-2500000,250000,0,0,0,0
351430,01a0b1c2-b010-7000-8000-000000000000,01a0bf0f-82ab-7769-983f-45fca21fae0a,ACTIVE,0,-250000,2500000,0,0,0
351430,01a0b1c2-b010-7000-8000-000000000000,01a0bf0f-878c-766d-8e01-d6e11e6ed23b,ACTIVE,2500000,250000,0,0,0,0
351430,01a0b1c2-b010-7000-8000-000000000000,01a0bf0f-8c6e-75e9-93bb-936cf39e95cf,ACTIVE,-2165064,-250000,-1250000,0,0,0
351430,01a0b1c2-b010-7000-8000-000000000000,01a0bf0f-9150-7093-94cd-6272941f015e,ACTIVE,-2500000,250000,0,0,0,0
351432,01a0b1c2-b010-7000-8000-000000000000,01a0bf0f-82ab-7769-983f-45fca21fae0a,ACTIVE,0,-250000,2500000,0,0,0
351432,01a0b1c2-b010-7000-8000-000000000000,01a0bf0f-878c-766d-8e01-d6e11e6ed23b,ACTIVE,2500000,250000,0,0,0,0
351432,01a0b1c2-b010-7000-8000-000000000000,01a0bf0f-8c6e-75e9-93bb-936cf39e95cf,ACTIVE,-2165064,-250000,-1250000,0,0,0
351432,01a0b1c2-b010-7000-8000-000000000000,01a0bf0f-9150-7093-94cd-6272941f015e,ACTIVE,-2500000,250000,0,0,0,0
351434,01a0b1c2-b010-7000-8000-000000000000,01a0bf0f-82ab-7769-983f-45fca21fae0a,ACTIVE,0,-250000,2500000,0,0,0
351434,01a0b1c2-b010-7000-8000-000000000000,01a0bf0f-878c-766d-8e01-d6e11e6ed23b,ACTIVE,2500000,250000,0,0,0,0
351434,01a0b1c2-b010-7000-8000-000000000000,01a0bf0f-8c6e-75e9-93bb-936cf39e95cf,ACTIVE,-2165064,-250000,-1250000,0,0,0
351434,01a0b1c2-b010-7000-8000-000000000000,01a0bf0f-9150-7093-94cd-6272941f015e,ACTIVE,-2500000,250000,0,0,0,0
351436,01a0b1c2-b010-7000-8000-000000000000,01a0bf0f-82ab-7769-983f-45fca21fae0a,ACTIVE,0,-250000,2500000,0,0,0
351436,01a0b1c2-b010-7000-8000-000000000000,01a0bf0f-878c-766d-8e01-d6e11e6ed23b,ACTIVE,2500000,250000,0,0,0,0
351436,01a0b1c2-b010-7000-8000-000000000000,01a0bf0f-8c6e-75e9-93bb-936cf39e95cf,ACTIVE,-2165064,-250000,-1250000,0,0,0
351436,01a0b1c2-b010-7000-8000-000000000000,01a0bf0f-9150-7093-94cd-6272941f015e,ACTIVE,-2500000,250000,0,0,0,0
351438,01a0b1c2-b010-7000-8000-000000000000,01a0bf0f-82ab-7769-983f-45fca21fae0a,ACTIVE,0,-250000,2500000,0,0,0
351438,01a0b1c2-b010-7000-8000-000000000000,01a0bf0f-878c-766d-8e01-d6e11e6ed23b,ACTIVE,2500000,250000,0,0,0,0
351438,01a0b1c2-b010-7000-8000-000000000000,01a0bf0f-8c6e-75e9-93bb-936cf39e95cf,ACTIVE,-2165064,-250000,-1250000,0,0,0
351438,01a0b1c2-b010-7000-8000-000000000000,01a0bf0f-9150-7093-94cd-6272941f015e,ACTIVE,-2500000,250000,0,0,0,0
351440,01a0b1c2-b010-7000-8000-000000000000,01a0bf0f-82ab-7769-983f-45fca21fae0a,ACTIVE,0,-250000,2500000,0,0,0
351440,01a0b1c2-b010-7000-8000-000000000000,01a0bf0f-878c-766d-8e01-d6e11e6ed23b,ACTIVE,2500000,250000,0,0,0,0
351440,01a0b1c2-b010-7000-8000-000000000000,01a0bf0f-8c6e-75e9-93bb-936cf39e95cf,ACTIVE,-2165064,-250000,-1250000,0,0,0
351440,01a0b1c2-b010-7000-8000-000000000000,01a0bf0f-9150-7093-94cd-6272941f015e,ACTIVE,-2500000,250000,0,0,0,0
351442,01a0b1c2-b010-7000-8000-000000000000,01a0bf0f-82ab-7769-983f-45fca21fae0a,ACTIVE,0,-250000,2500000,0,0,0
351442,01a0b1c2-b010-7000-8000-000000000000,01a0bf0f-878c-766d-8e01-d6e11e6ed23b,ACTIVE,2500000,250000,0,0,0,0
351442,01a0b1c2-b010-7000-8000-000000000000,01a0bf0f-8c6e-75e9-93bb-936cf39e95cf,ACTIVE,-2165064,-250000,-1250000,0,0,0
351442,01a0b1c2-b010-7000-8000-000000000000,01a0bf0f-9150-7093-94cd-6272941f015e,ACTIVE,-2500000,250000,0,0,0,0
351444,01a0b1c2-b010-7000-8000-000000000000,01a0bf0f-82ab-7769-983f-45fca21fae0a,ACTIVE,0,-250000,2500000,0,0,0
351444,01a0b1c2-b010-7000-8000-000000000000,01a0bf0f-878c-766d-8e01-d6e11e6ed23b,ACTIVE,2500000,250000,0,0,0,0
351444,01a0b1c2-b010-7000-8000-000000000000,01a0bf0f-8c6e-75e9-93bb-936cf39e95cf,ACTIVE,-2165064,-250000,-1250000,0,0,0
351444,01a0b1c2-b010-7000-8000-000000000000,01a0bf0f-9150-7093-94cd-6272941f015e,ACTIVE,-2500000,250000,0,0,0,0
351446,01a0b1c2-b010-7000-8000-000000000000,01a0bf0f-82ab-7769-983f-45fca21fae0a,ACTIVE,0,-250000,2500000,0,0,0
351446,01a0b1c2-b010-7000-8000-000000000000,01a0bf0f-878c-766d-8e01-d6e11e6ed23b,ACTIVE,2500000,250000,0,0,0,0
351446,01a0b1c2-b010-7000-8000-000000000000,01a0bf0f-8c6e-75e9-93bb-936cf39e95cf,ACTIVE,-2165064,-250000,-1250000,0,0,0
351446,01a0b1c2-b010-7000-8000-000000000000,01a0bf0f-9150-7093-94cd-6272941f015e,ACTIVE,-2500000,250000,0,0,0,0
351448,01a0b1c2-b010-7000-8000-000000000000,01a0bf0f-82ab-7769-983f-45fca21fae0a,ACTIVE,0,-250000,2500000,0,0,0
351448,01a0b1c2-b010-7000-8000-000000000000,01a0bf0f-878c-766d-8e01-d6e11e6ed23b,ACTIVE,2500000,250000,0,0,0,0
351448,01a0b1c2-b010-7000-8000-000000000000,01a0bf0f-8c6e-75e9-93bb-936cf39e95cf,ACTIVE,-2165064,-250000,-1250000,0,0,0
351448,01a0b1c2-b010-7000-8000-000000000000,01a0bf0f-9150-7093-94cd-6272941f015e,ACTIVE,-2500000,250000,0,0,0,0
351450,01a0b1c2-b010-7000-8000-000000000000,01a0bf0f-82ab-7769-983f-45fca21fae0a,ACTIVE,0,-250000,2500000,0,0,0
351450,01a0b1c2-b010-7000-8000-000000000000,01a0bf0f-878c-766d-8e01-d6e11e6ed23b,ACTIVE,2500000,250000,0,0,0,0
351450,01a0b1c2-b010-7000-8000-000000000000,01a0bf0f-8c6e-75e9-93bb-936cf39e95cf,ACTIVE,-2165064,-250000,-1250000,0,0,0
351450,01a0b1c2-b010-7000-8000-000000000000,01a0bf0f-9150-7093-94cd-6272941f015e,ACTIVE,-2500000,250000,0,0,0,0
350944,01a0b1c2-b010-7000-8000-000000000001,01a0bf0f-82ab-7769-983f-45fca21fae0a,ACTIVE,0,-250000,2500000,0,0,0
350944,01a0b1c2-b010-7000-8000-000000000001,01a0bf0f-878c-766d-8e01-d6e11e6ed23b,ACTIVE,2500000,250000,0,0,0,0
350946,01a0b1c2-b010-7000-8000-000000000001,01a0bf0f-82ab-7769-983f-45fca21fae0a,ACTIVE,0,-250000,2500000,0,0,0
350946,01a0b1c2-b010-7000-8000-000000000001,01a0bf0f-878c-766d-8e01-d6e11e6ed23b,ACTIVE,2500000,250000,0,0,0,0
350948,01a0b1c2-b010-7000-8000-000000000001,01a0bf0f-82ab-7769-983f-45fca21fae0a,ACTIVE,0,-250000,2500000,0,0,0
350948,01a0b1c2-b010-7000-8000-000000000001,01a0bf0f-878c-766d-8e01-d6e11e6ed23b,ACTIVE,2500000,250000,0,0,0,0
350950,01a0b1c2-b010-7000-8000-000000000001,01a0bf0f-82ab-7769-983f-45fca21fae0a,ACTIVE,0,-250000,2500000,0,0,0
350950,01a0b1c2-b010-7000-8000-000000000001,01a0bf0f-878c-766d-8e01-d6e11e6ed23b,ACTIVE,2500000,250000,0,0,0,0
350952,01a0b1c2-b010-7000-8000-000000000001,01a0bf0f-82ab-7769-983f-45fca21fae0a,ACTIVE,0,-250000,2500000,0,0,0
350952,01a0b1c2-b010-7000-8000-000000000001,01a0bf0f-878c-766d-8e01-d6e11e6ed23b,ACTIVE,2500000,250000,0,0,0,0
350954,01a0b1c2-b010-7000-8000-000000000001,01a0bf0f-82ab-7769-983f-45fca21fae0a,ACTIVE,0,-250000,2500000,0,0,0
350954,01a0b1c2-b010-7000-8000-000000000001,01a0bf0f-878c-766d-8e01-d6e11e6ed23b,ACTIVE,2500000,250000,0,0,0,0
350956,01a0b1c2-b010-7000-8000-000000000001,01a0bf0f-82ab-7769-983f-45fca21fae0a,ACTIVE,0,-250000,2500000,0,0,0
350956,01a0b1c2-b010-7000-8000-000000000001,01a0bf0f-878c-766d-8e01-d6e11e6ed23b,ACTIVE,2500000,250000,0,0,0,0
350958,01a0b1c2-b010-7000-8000-000000000001,01a0bf0f-82ab-7769-983f-45fca21fae0a,ACTIVE,0,-250000,2500000,0,0,0
350958,01a0b1c2-b010-7000-8000-000000000001,01a0bf0f-878c-766d-8e01-d6e11e6ed23b,ACTIVE,2500000,250000,0,0,0,0
350960,01a0b1c2-b010-7000-8000-000000000001,01a0bf0f-82ab-7769-983f-45fca21fae0a,ACTIVE,0,-250000,2500000,0,0,0
350960,01a0b1c2-b010-7000-8000-000000000001,01a0bf0f-878c-766d-8e01-d6e11e6ed23b,ACTIVE,2500000,250000,0,0,0,0
350962,01a0b1c2-b010-7000-8000-000000000001,01a0bf0f-82ab-7769-983f-45fca21fae0a,ACTIVE,0,-250000,2500000,0,0,0
350962,01a0b1c2-b010-7000-8000-000000000001,01a0bf0f-878c-766d-8e01-d6e11e6ed23b,ACTIVE,2500000,250000,0,0,0,0
350964,01a0b1c2-b010-7000-8000-000000000001,01a0bf0f-82ab-7769-983f-45fca21fae0a,ACTIVE,0,-250000,2500000,0,0,0
350964,01a0b1c2-b010-7000-8000-000000000001,01a0bf0f-878c-766d-8e01-d6e11e6ed23b,ACTIVE,2500000,250000,0,0,0,0
350966,01a0b1c2-b010-7000-8000-000000000001,01a0bf0f-82ab-7769-983f-45fca21fae0a,ACTIVE,0,-250000,2500000,0,0,0
350966,01a0b1c2-b010-7000-8000-000000000001,01a0bf0f-878c-766d-8e01-d6e11e6ed23b,ACTIVE,2500000,250000,0,0,0,0
350968,01a0b1c2-b010-7000-8000-000000000001,01a0bf0f-82ab-7769-983f-45fca21fae0a,ACTIVE,0,-250000,2500000,0,0,0
350968,01a0b1c2-b010-7000-8000-000000000001,01a0bf0f-878c-766d-8e01-d6e11e6ed23b,ACTIVE,2500000,250000,0,0,0,0
350970,01a0b1c2-b010-7000-8000-000000000001,01a0bf0f-82ab-7769-983f-45fca21fae0a,ACTIVE,0,-250000,2500000,0,0,0
350970,01a0b1c2-b010-7000-8000-000000000001,01a0bf0f-878c-766d-8e01-d6e11e6ed23b,ACTIVE,2500000,250000,0,0,0,0
350970,01a0b1c2-b010-7000-8000-000000000001,01a0bf0f-8c6e-75e9-93bb-936cf39e95cf,ACTIVE,-2165064,-250000,-1250000,0,0,0
350972,01a0b1c2-b010-7000-8000-000000000001,01a0bf0f-82ab-7769-983f-45fca21fae0a,ACTIVE,0,-250000,2500000,0,0,0
350972,01a0b1c2-b010-7000-8000-000000000001,01a0bf0f-878c-766d-8e01-d6e11e6ed23b,ACTIVE,2500000,250000,0,0,0,0
350972,01a0b1c2-b010-7000-8000-000000000001,01a0bf0f-8c6e-75e9-93bb-936cf39e95cf,ACTIVE,-2165064,-250000,-1250000,0,0,0
350974,01a0b1c2-b010-7000-8000-000000000001,01a0bf0f-82ab-7769-983f-45fca21fae0a,ACTIVE,0,-250000,2500000,0,0,0
350974,01a0b1c2-b010-7000-8000-000000000001,01a0bf0f-878c-766d-8e01-d6e11e6ed23b,ACTIVE,2500000,250000,0,0,0,0
350974,01a0b1c2-b010-7000-8000-000000000001,01a0bf0f-8c6e-75e9-93bb-936cf39e95cf,ACTIVE,-2165064,-250000,-1250000,0,0,0
350976,01a0b1c2-b010-7000-8000-000000000001,01a0bf0f-82ab-7769-983f-45fca21fae0a,ACTIVE,0,-250000,2500000,0,0,0
350976,01a0b1c2-b010-7000-8000-000000000001,01a0bf0f-878c-766d-8e01-d6e11e6ed23b,ACTIVE,2500000,250000,0,0,0,0
350976,01a0b1c2-b010-7000-8000-000000000001,01a0bf0f-8c6e-75e9-93bb-936cf39e95cf,ACTIVE,-2165064,-250000,-1250000,0,0,0
350978,01a0b1c2-b010-7000-8000-000000000001,01a0bf0f-82ab-7769-983f-45fca21fae0a,ACTIVE,0,-250000,2500000,0,0,0
350978,01a0b1c2-b010-7000-8000-000000000001,01a0bf0f-878c-766d-8e01-d6e11e6ed23b,ACTIVE,2500000,250000,0,0,0,0
350978,01a0b1c2-b010-7000-8000-000000000001,01a0bf0f-8c6e-75e9-93bb-936cf39e95cf,ACTIVE,-2165064,-250000,-1250000,0,0,0
350980,01a0b1c2-b010-7000-8000-000000000001,01a0bf0f-82ab-7769-983f-45fca21fae0a,ACTIVE,0,-250000,2500000,0,0,0
350980,01a0b1c2-b010-7000-8000-000000000001,01a0bf0f-878c-766d-8e01-d6e11e6ed23b,ACTIVE,2500000,250000,0,0,0,0
350980,01a0b1c2-b010-7000-8000-000000000001,01a0bf0f-8c6e-75e9-93bb-936cf39e95cf,ACTIVE,-2165064,-250000,-1250000,0,0,0
350982,01a0b1c2-b010-7000-8000-000000000001,01a0bf0f-82ab-7769-983f-45fca21fae0a,ACTIVE,0,-250000,2500000,0,0,0
350982,01a0b1c2-b010-7000-8000-000000000001,01a0bf0f-878c-766d-8e01-d6e11e6ed23b,ACTIVE,2500000,250000,0,0,0,0
350982,01a0b1c2-b010-7000-8000-000000000001,01a0bf0f-8c6e-75e9-93bb-936cf39e95cf,ACTIVE,-2165064,-250000,-1250000,0,0,0
350984,01a0b1c2-b010-7000-8000-000000000001,01a0bf0f-82ab-7769-983f-45fca21fae0a,ACTIVE,0,-250000,2500000,0,0,0
350984,01a0b1c2-b010-7000-8000-000000000001,01a0bf0f-878c-766d-8e01-d6e11e6ed23b,ACTIVE,2500000,250000,0,0,0,0
350984,01a0b1c2-b010-7000-8000-000000000001,01a0bf0f-8c6e-75e9-93bb-936cf39e95cf,ACTIVE,-2165064,-250000,-1250000,0,0,0
350986,01a0b1c2-b010-7000-8000-000000000001,01a0bf0f-82ab-7769-983f-45fca21fae0a,ACTIVE,0,-250000,2500000,0,0,0
350986,01a0b1c2-b010-7000-8000-000000000001,01a0bf0f-878c-766d-8e01-d6e11e6ed23b,ACTIVE,2500000,250000,0,0,0,0
350986,01a0b1c2-b010-7000-8000-000000000001,01a0bf0f-8c6e-75e9-93bb-936cf39e95cf,ACTIVE,-2165064,-250000,-1250000,0,0,0
350988,01a0b1c2-b010-7000-8000-000000000001,01a0bf0f-82ab-7769-983f-45fca21fae0a,ACTIVE,0,-250000,2500000,0,0,0
350988,01a0b1c2-b010-7000-8000-000000000001,01a0bf0f-878c-766d-8e01-d6e11e6ed23b,ACTIVE,2500000,250000,0,0,0,0
350988,01a0b1c2-b010-7000-8000-000000000001,01a0bf0f-8c6e-75e9-93bb-936cf39e95cf,ACTIVE,-2165064,-250000,-1250000,0,0,0
350990,01a0b1c2-b010-7000-8000-000000000001,01a0bf0f-82ab-7769-983f-45fca21fae0a,ACTIVE,0,-250000,2500000,0,0,0
350990,01a0b1c2-b010-7000-8000-000000000001,01a0bf0f-878c-766d-8e01-d6e11e6ed23b,ACTIVE,2500000,250000,0,0,0,0
350990,01a0b1c2-b010-7000-8000-000000000001,01a0bf0f-8c6e-75e9-93bb-936cf39e95cf,ACTIVE,-2165064,-250000,-1250000,0,0,0
350992,01a0b1c2-b010-7000-8000-000000000001,01a0bf0f-82ab-7769-983f-45fca21fae0a,ACTIVE,0,-250000,2500000,0,0,0
350992,01a0b1c2-b010-7000-8000-000000000001,01a0bf0f-878c-766d-8e01-d6e11e6ed23b,ACTIVE,2500000,250000,0,0,0,0
350992,01a0b1c2-b010-7000-8000-000000000001,01a0bf0f-8c6e-75e9-93bb-936cf39e95cf,ACTIVE,-2165064,-250000,-1250000,0,0,0
350994,01a0b1c2-b010-7000-8000-000000000001,01a0bf0f-82ab-7769-983f-45fca21fae0a,ACTIVE,0,-250000,2500000,0,0,0
350994,01a0b1c2-b010-7000-8000-000000000001,01a0bf0f-878c-766d-8e01-d6e11e6ed23b,ACTIVE,2500000,250000,0,0,0,0
350994,01a0b1c2-b010-7000-8000-000000000001,01a0bf0f-8c6e-75e9-93bb-936cf39e95cf,ACTIVE,-2165064,-250000,-1250000,0,0,0
350994,01a0b1c2-b010-7000-8000-000000000001,01a0bf0f-9150-7093-94cd-6272941f015e,ACTIVE,-2500000,250000,0,0,0,0
350996,01a0b1c2-b010-7000-8000-000000000001,01a0bf0f-82ab-7769-983f-45fca21fae0a,ACTIVE,0,-250000,2500000,0,0,0
350996,01a0b1c2-b010-7000-8000-000000000001,01a0bf0f-878c-766d-8e01-d6e11e6ed23b,ACTIVE,2500000,250000,0,0,0,0
350996,01a0b1c2-b010-7000-8000-000000000001,01a0bf0f-8c6e-75e9-93bb-936cf39e95cf,ACTIVE,-2165064,-250000,-1250000,0,0,0
350996,01a0b1c2-b010-7000-8000-000000000001,01a0bf0f-9150-7093-94cd-6272941f015e,ACTIVE,-2500000,250000,0,0,0,0
350998,01a0b1c2-b010-7000-8000-000000000001,01a0bf0f-82ab-7769-983f-45fca21fae0a,ACTIVE,0,-250000,2500000,0,0,0
350998,01a0b1c2-b010-7000-8000-000000000001,01a0bf0f-878c-766d-8e01-d6e11e6ed23b,ACTIVE,2500000,250000,0,0,0,0
350998,01a0b1c2-b010-7000-8000-000000000001,01a0bf0f-8c6e-75e9-93bb-936cf39e95cf,ACTIVE,-2165064,-250000,-1250000,0,0,0
350998,01a0b1c2-b010-7000-8000-000000000001,01a0bf0f-9150-7093-94cd-6272941f015e,ACTIVE,-2500000,250000,0,0,0,0
351000,01a0b1c2-b010-7000-8000-000000000001,01a0bf0f-82ab-7769-983f-45fca21fae0a,ACTIVE,0,-250000,2500000,0,0,0
351000,01a0b1c2-b010-7000-8000-000000000001,01a0bf0f-878c-766d-8e01-d6e11e6ed23b,ACTIVE,2500000,250000,0,0,0,0
351000,01a0b1c2-b010-7000-8000-000000000001,01a0bf0f-8c6e-75e9-93bb-936cf39e95cf,ACTIVE,-2165064,-250000,-1250000,0,0,0
351000,01a0b1c2-b010-7000-8000-000000000001,01a0bf0f-9150-7093-94cd-6272941f015e,ACTIVE,-2500000,250000,0,0,0,0
351002,01a0b1c2-b010-7000-8000-000000000001,01a0bf0f-82ab-7769-983f-45fca21fae0a,ACTIVE,0,-250000,2500000,0,0,0
351002,01a0b1c2-b010-7000-8000-000000000001,01a0bf0f-878c-766d-8e01-d6e11e6ed23b,ACTIVE,2500000,250000,0,0,0,0
351002,01a0b1c2-b010-7000-8000-000000000001,01a0bf0f-8c6e-75e9-93bb-936cf39e95cf,ACTIVE,-2165064,-250000,-1250000,0,0,0
351002,01a0b1c2-b010-7000-8000-000000000001,01a0bf0f-9150-7093-94cd-6272941f015e,ACTIVE,-2500000,250000,0,0,0,0
351004,01a0b1c2-b010-7000-8000-000000000001,01a0bf0f-82ab-7769-983f-45fca21fae0a,ACTIVE,0,-250000,2500000,0,0,0
351004,01a0b1c2-b010-7000-8000-000000000001,01a0bf0f-878c-766d-8e01-d6e11e6ed23b,ACTIVE,2500000,250000,0,0,0,0
351004,01a0b1c2-b010-7000-8000-000000000001,01a0bf0f-8c6e-75e9-93bb-936cf39e95cf,ACTIVE,-2165064,-250000,-1250000,0,0,0
351004,01a0b1c2-b010-7000-8000-000000000001,01a0bf0f-9150-7093-94cd-6272941f015e,ACTIVE,-2500000,250000,0,0,0,0
351006,01a0b1c2-b010-7000-8000-000000000001,01a0bf0f-82ab-7769-983f-45fca21fae0a,ACTIVE,0,-250000,2500000,0,0,0
351006,01a0b1c2-b010-7000-8000-000000000001,01a0bf0f-878c-766d-8e01-d6e11e6ed23b,ACTIVE,2500000,250000,0,0,0,0
351006,01a0b1c2-b010-7000-8000-000000000001,01a0bf0f-8c6e-75e9-93bb-936cf39e95cf,ACTIVE,-2165064,-250000,-1250000,0,0,0
351006,01a0b1c2-b010-7000-8000-000000000001,01a0bf0f-9150-7093-94cd-6272941f015e,ACTIVE,-2500000,250000,0,0,0,0
351008,01a0b1c2-b010-7000-8000-000000000001,01a0bf0f-82ab-7769-983f-45fca21fae0a,ACTIVE,0,-250000,2500000,0,0,0
351008,01a0b1c2-b010-7000-8000-000000000001,01a0bf0f-878c-766d-8e01-d6e11e6ed23b,ACTIVE,2500000,250000,0,0,0,0
351008,01a0b1c2-b010-7000-8000-000000000001,01a0bf0f-8c6e-75e9-93bb-936cf39e95cf,ACTIVE,-2165064,-250000,-1250000,0,0,0
351008,01a0b1c2-b010-7000-8000-000000000001,01a0bf0f-9150-7093-94cd-6272941f015e,ACTIVE,-2500000,250000,0,0,0,0
351010,01a0b1c2-b010-7000-8000-000000000001,01a0bf0f-82ab-7769-983f-45fca21fae0a,ACTIVE,0,-250000,2500000,0,0,0
351010,01a0b1c2-b010-7000-8000-000000000001,01a0bf0f-878c-766d-8e01-d6e11e6ed23b,ACTIVE,2500000,250000,0,0,0,0
351010,01a0b1c2-b010-7000-8000-000000000001,01a0bf0f-8c6e-75e9-93bb-936cf39e95cf,ACTIVE,-2165064,-250000,-1250000,0,0,0
351010,01a0b1c2-b010-7000-8000-000000000001,01a0bf0f-9150-7093-94cd-6272941f015e,ACTIVE,-2500000,250000,0,0,0,0
351012,01a0b1c2-b010-7000-8000-000000000001,01a0bf0f-82ab-7769-983f-45fca21fae0a,ACTIVE,0,-250000,2500000,0,0,0
351012,01a0b1c2-b010-7000-8000-000000000001,01a0bf0f-878c-766d-8e01-d6e11e6ed23b,ACTIVE,2500000,250000,0,0,0,0
351012,01a0b1c2-b010-7000-8000-000000000001,01a0bf0f-8c6e-75e9-93bb-936cf39e95cf,ACTIVE,-2165064,-250000,-1250000,0,0,0
351012,01a0b1c2-b010-7000-8000-000000000001,01a0bf0f-9150-7093-94cd-6272941f015e,ACTIVE,-2500000,250000,0,0,0,0
351014,01a0b1c2-b010-7000-8000-000000000001,01a0bf0f-82ab-7769-983f-45fca21fae0a,ACTIVE,0,-250000,2500000,0,0,0
351014,01a0b1c2-b010-7000-8000-000000000001,01a0bf0f-878c-766d-8e01-d6e11e6ed23b,ACTIVE,2500000,250000,0,0,0,0
351014,01a0b1c2-b010-7000-8000-000000000001,01a0bf0f-8c6e-75e9-93bb-936cf39e95cf,ACTIVE,-2165064,-250000,-1250000,0,0,0
351014,01a0b1c2-b010-7000-8000-000000000001,01a0bf0f-9150-7093-94cd-6272941f015e,ACTIVE,-2500000,250000,0,0,0,0
351016,01a0b1c2-b010-7000-8000-000000000001,01a0bf0f-82ab-7769-983f-45fca21fae0a,ACTIVE,0,-250000,2500000,0,0,0
351016,01a0b1c2-b010-7000-8000-000000000001,01a0bf0f-878c-766d-8e01-d6e11e6ed23b,ACTIVE,2500000,250000,0,0,0,0
351016,01a0b1c2-b010-7000-8000-000000000001,01a0bf0f-8c6e-75e9-93bb-936cf39e95cf,ACTIVE,-2165064,-250000,-1250000,0,0,0
351016,01a0b1c2-b010-7000-8000-000000000001,01a0bf0f-9150-7093-94cd-6272941f015e,ACTIVE,-2500000,250000,0,0,0,0
351018,01a0b1c2-b010-7000-8000-000000000001,01a0bf0f-82ab-7769-983f-45fca21fae0a,ACTIVE,0,-250000,2500000,0,0,0
351018,01a0b1c2-b010-7000-8000-000000000001,01a0bf0f-878c-766d-8e01-d6e11e6ed23b,ACTIVE,2500000,250000,0,0,0,0
351018,01a0b1c2-b010-7000-8000-000000000001,01a0bf0f-8c6e-75e9-93bb-936cf39e95cf,ACTIVE,-2165064,-250000,-1250000,0,0,0
351018,01a0b1c2-b010-7000-8000-000000000001,01a0bf0f-9150-7093-94cd-6272941f015e,ACTIVE,-2500000,250000,0,0,0,0
351020,01a0b1c2-b010-7000-8000-000000000001,01a0bf0f-82ab-7769-983f-45fca21fae0a,ACTIVE,0,-250000,2500000,0,0,0
351020,01a0b1c2-b010-7000-8000-000000000001,01a0bf0f-878c-766d-8e01-d6e11e6ed23b,ACTIVE,2500000,250000,0,0,0,0
351020,01a0b1c2-b010-7000-8000-000000000001,01a0bf0f-8c6e-75e9-93bb-936cf39e95cf,ACTIVE,-2165064,-250000,-1250000,0,0,0
351020,01a0b1c2-b010-7000-8000-000000000001,01a0bf0f-9150-7093-94cd-6272941f015e,ACTIVE,-2500000,250000,0,0,0,0
351022,01a0b1c2-b010-7000-8000-000000000001,01a0bf0f-82ab-7769-983f-45fca21fae0a,ACTIVE,0,-250000,2500000,0,0,0
351022,01a0b1c2-b010-7000-8000-000000000001,01a0bf0f-878c-766d-8e01-d6e11e6ed23b,ACTIVE,2500000,250000,0,0,0,0
351022,01a0b1c2-b010-7000-8000-000000000001,01a0bf0f-8c6e-75e9-93bb-936cf39e95cf,ACTIVE,-2165064,-250000,-1250000,0,0,0
351022,01a0b1c2-b010-7000-8000-000000000001,01a0bf0f-9150-7093-94cd-6272941f015e,ACTIVE,-2500000,250000,0,0,0,0
351024,01a0b1c2-b010-7000-8000-000000000001,01a0bf0f-82ab-7769-983f-45fca21fae0a,ACTIVE,0,-250000,2500000,0,0,0
351024,01a0b1c2-b010-7000-8000-000000000001,01a0bf0f-878c-766d-8e01-d6e11e6ed23b,ACTIVE,2500000,250000,0,0,0,0
351024,01a0b1c2-b010-7000-8000-000000000001,01a0bf0f-8c6e-75e9-93bb-936cf39e95cf,ACTIVE,-2165064,-250000,-1250000,0,0,0
351024,01a0b1c2-b010-7000-8000-000000000001,01a0bf0f-9150-7093-94cd-6272941f015e,ACTIVE,-2500000,250000,0,0,0,0
351026,01a0b1c2-b010-7000-8000-000000000001,01a0bf0f-82ab-7769-983f-45fca21fae0a,ACTIVE,0,-250000,2500000,0,0,0
351026,01a0b1c2-b010-7000-8000-000000000001,01a0bf0f-878c-766d-8e01-d6e11e6ed23b,ACTIVE,2500000,250000,0,0,0,0
351026,01a0b1c2-b010-7000-8000-000000000001,01a0bf0f-8c6e-75e9-93bb-936cf39e95cf,ACTIVE,-2165064,-250000,-1250000,0,0,0
351026,01a0b1c2-b010-7000-8000-000000000001,01a0bf0f-9150-7093-94cd-6272941f015e,ACTIVE,-2500000,250000,0,0,0,0
351028,01a0b1c2-b010-7000-8000-000000000001,01a0bf0f-82ab-7769-983f-45fca21fae0a,ACTIVE,0,-250000,2500000,0,0,0
351028,01a0b1c2-b010-7000-8000-000000000001,01a0bf0f-878c-766d-8e01-d6e11e6ed23b,ACTIVE,2500000,250000,0,0,0,0
351028,01a0b1c2-b010-7000-8000-000000000001,01a0bf0f-8c6e-75e9-93bb-936cf39e95cf,ACTIVE,-2165064,-250000,-1250000,0,0,0
351028,01a0b1c2-b010-7000-8000-000000000001,01a0bf0f-9150-7093-94cd-6272941f015e,ACTIVE,-2500000,250000,0,0,0,0
351030,01a0b1c2-b010-7000-8000-000000000001,01a0bf0f-82ab-7769-983f-45fca21fae0a,ACTIVE,0,-250000,2500000,0,0,0
351030,01a0b1c2-b010-7000-8000-000000000001,01a0bf0f-878c-766d-8e01-d6e11e6ed23b,ACTIVE,2500000,250000,0,0,0,0
351030,01a0b1c2-b010-7000-8000-000000000001,01a0bf0f-8c6e-75e9-93bb-936cf39e95cf,ACTIVE,-2165064,-250000,-1250000,0,0,0
351030,01a0b1c2-b010-7000-8000-000000000001,01a0bf0f-9150-7093-94cd-6272941f015e,ACTIVE,-2500000,250000,0,0,0,0
351032,01a0b1c2-b010-7000-8000-000000000001,01a0bf0f-82ab-7769-983f-45fca21fae0a,ACTIVE,0,-250000,2500000,0,0,0
351032,01a0b1c2-b010-7000-8000-000000000001,01a0bf0f-878c-766d-8e01-d6e11e6ed23b,ACTIVE,2500000,250000,0,0,0,0
351032,01a0b1c2-b010-7000-8000-000000000001,01a0bf0f-8c6e-75e9-93bb-936cf39e95cf,ACTIVE,-2165064,-250000,-1250000,0,0,0
351032,01a0b1c2-b010-7000-8000-000000000001,01a0bf0f-9150-7093-94cd-6272941f015e,ACTIVE,-2500000,250000,0,0,0,0
351034,01a0b1c2-b010-7000-8000-000000000001,01a0bf0f-82ab-7769-983f-45fca21fae0a,ACTIVE,0,-250000,2500000,0,0,0
351034,01a0b1c2-b010-7000-8000-000000000001,01a0bf0f-878c-766d-8e01-d6e11e6ed23b,ACTIVE,2500000,250000,0,0,0,0
351034,01a0b1c2-b010-7000-8000-000000000001,01a0bf0f-8c6e-75e9-93bb-936cf39e95cf,ACTIVE,-2165064,-250000,-1250000,0,0,0
351034,01a0b1c2-b010-7000-8000-000000000001,01a0bf0f-9150-7093-94cd-6272941f015e,ACTIVE,-2500000,250000,0,0,0,0
351036,01a0b1c2-b010-7000-8000-000000000001,01a0bf0f-82ab-7769-983f-45fca21fae0a,ACTIVE,0,-250000,2500000,0,0,0
351036,01a0b1c2-b010-7000-8000-000000000001,01a0bf0f-878c-766d-8e01-d6e11e6ed23b,ACTIVE,2500000,250000,0,0,0,0
351036,01a0b1c2-b010-7000-8000-000000000001,01a0bf0f-8c6e-75e9-93bb-936cf39e95cf,ACTIVE,-2165064,-250000,-1250000,0,0,0
351036,01a0b1c2-b010-7000-8000-000000000001,01a0bf0f-9150-7093-94cd-6272941f015e,ACTIVE,-2500000,250000,0,0,0,0
351038,01a0b1c2-b010-7000-8000-000000000001,01a0bf0f-82ab-7769-983f-45fca21fae0a,ACTIVE,0,-250000,2500000,0,0,0
351038,01a0b1c2-b010-7000-8000-000000000001,01a0bf0f-878c-766d-8e01-d6e11e6ed23b,ACTIVE,2500000,250000,0,0,0,0
351038,01a0b1c2-b010-7000-8000-000000000001,01a0bf0f-8c6e-75e9-93bb-936cf39e95cf,ACTIVE,-2165064,-250000,-1250000,0,0,0
351038,01a0b1c2-b010-7000-8000-000000000001,01a0bf0f-9150-7093-94cd-6272941f015e,ACTIVE,-2500000,250000,0,0,0,0
351040,01a0b1c2-b010-7000-8000-000000000001,01a0bf0f-82ab-7769-983f-45fca21fae0a,ACTIVE,0,-250000,2500000,0,0,0
351040,01a0b1c2-b010-7000-8000-000000000001,01a0bf0f-878c-766d-8e01-d6e11e6ed23b,ACTIVE,2500000,250000,0,0,0,0
351040,01a0b1c2-b010-7000-8000-000000000001,01a0bf0f-8c6e-75e9-93bb-936cf39e95cf,ACTIVE,-2165064,-250000,-1250000,0,0,0
351040,01a0b1c2-b010-7000-8000-000000000001,01a0bf0f-9150-7093-94cd-6272941f015e,ACTIVE,-2500000,250000,0,0,0,0
351042,01a0b1c2-b010-7000-8000-000000000001,01a0bf0f-82ab-7769-983f-45fca21fae0a,ACTIVE,0,-250000,2500000,0,0,0
351042,01a0b1c2-b010-7000-8000-000000000001,01a0bf0f-878c-766d-8e01-d6e11e6ed23b,ACTIVE,2500000,250000,0,0,0,0
351042,01a0b1c2-b010-7000-8000-000000000001,01a0bf0f-8c6e-75e9-93bb-936cf39e95cf,ACTIVE,-2165064,-250000,-1250000,0,0,0
351042,01a0b1c2-b010-7000-8000-000000000001,01a0bf0f-9150-7093-94cd-6272941f015e,ACTIVE,-2500000,250000,0,0,0,0
351044,01a0b1c2-b010-7000-8000-000000000001,01a0bf0f-82ab-7769-983f-45fca21fae0a,ACTIVE,0,-250000,2500000,0,0,0
351044,01a0b1c2-b010-7000-8000-000000000001,01a0bf0f-878c-766d-8e01-d6e11e6ed23b,ACTIVE,2500000,250000,0,0,0,0
351044,01a0b1c2-b010-7000-8000-000000000001,01a0bf0f-8c6e-75e9-93bb-936cf39e95cf,ACTIVE,-2165064,-250000,-1250000,0,0,0
351044,01a0b1c2-b010-7000-8000-000000000001,01a0bf0f-9150-7093-94cd-6272941f015e,ACTIVE,-2500000,250000,0,0,0,0
351046,01a0b1c2-b010-7000-8000-000000000001,01a0bf0f-82ab-7769-983f-45fca21fae0a,ACTIVE,0,-250000,2500000,0,0,0
351046,01a0b1c2-b010-7000-8000-000000000001,01a0bf0f-878c-766d-8e01-d6e11e6ed23b,ACTIVE,2500000,250000,0,0,0,0
351046,01a0b1c2-b010-7000-8000-000000000001,01a0bf0f-8c6e-75e9-93bb-936cf39e95cf,ACTIVE,-2165064,-250000,-1250000,0,0,0
351046,01a0b1c2-b010-7000-8000-000000000001,01a0bf0f-9150-7093-94cd-6272941f015e,ACTIVE,-2500000,250000,0,0,0,0
351048,01a0b1c2-b010-7000-8000-000000000001,01a0bf0f-82ab-7769-983f-45fca21fae0a,ACTIVE,0,-250000,2500000,0,0,0
351048,01a0b1c2-b010-7000-8000-000000000001,01a0bf0f-878c-766d-8e01-d6e11e6ed23b,ACTIVE,2500000,250000,0,0,0,0
351048,01a0b1c2-b010-7000-8000-000000000001,01a0bf0f-8c6e-75e9-93bb-936cf39e95cf,ACTIVE,-2165064,-250000,-1250000,0,0,0
351048,01a0b1c2-b010-7000-8000-000000000001,01a0bf0f-9150-7093-94cd-6272941f015e,ACTIVE,-2500000,250000,0,0,0,0
351050,01a0b1c2-b010-7000-8000-000000000001,01a0bf0f-82ab-7769-983f-45fca21fae0a,ACTIVE,0,-250000,2500000,0,0,0
351050,01a0b1c2-b010-7000-8000-000000000001,01a0bf0f-878c-766d-8e01-d6e11e6ed23b,ACTIVE,2500000,250000,0,0,0,0
351050,01a0b1c2-b010-7000-8000-000000000001,01a0bf0f-8c6e-75e9-93bb-936cf39e95cf,ACTIVE,-2165064,-250000,-1250000,0,0,0
351050,01a0b1c2-b010-7000-8000-000000000001,01a0bf0f-9150-7093-94cd-6272941f015e,ACTIVE,-2500000,250000,0,0,0,0
351052,01a0b1c2-b010-7000-8000-000000000001,01a0bf0f-82ab-7769-983f-45fca21fae0a,ACTIVE,0,-250000,2500000,0,0,0
351052,01a0b1c2-b010-7000-8000-000000000001,01a0bf0f-878c-766d-8e01-d6e11e6ed23b,ACTIVE,2500000,250000,0,0,0,0
351052,01a0b1c2-b010-7000-8000-000000000001,01a0bf0f-8c6e-75e9-93bb-936cf39e95cf,ACTIVE,-2165064,-250000,-1250000,0,0,0
351052,01a0b1c2-b010-7000-8000-000000000001,01a0bf0f-9150-7093-94cd-6272941f015e,ACTIVE,-2500000,250000,0,0,0,0
351054,01a0b1c2-b010-7000-8000-000000000001,01a0bf0f-82ab-7769-983f-45fca21fae0a,ACTIVE,0,-250000,2500000,0,0,0
351054,01a0b1c2-b010-7000-8000-000000000001,01a0bf0f-878c-766d-8e01-d6e11e6ed23b,ACTIVE,2500000,250000,0,0,0,0
351054,01a0b1c2-b010-7000-8000-000000000001,01a0bf0f-8c6e-75e9-93bb-936cf39e95cf,ACTIVE,-2165064,-250000,-1250000,0,0,0
351054,01a0b1c2-b010-7000-8000-000000000001,01a0bf0f-9150-7093-94cd-6272941f015e,ACTIVE,-2500000,250000,0,0,0,0
351056,01a0b1c2-b010-7000-8000-000000000001,01a0bf0f-82ab-7769-983f-45fca21fae0a,ACTIVE,0,-250000,2500000,0,0,0
351056,01a0b1c2-b010-7000-8000-000000000001,01a0bf0f-878c-766d-8e01-d6e11e6ed23b,ACTIVE,2500000,250000,0,0,0,0
351056,01a0b1c2-b010-7000-8000-000000000001,01a0bf0f-8c6e-75e9-93bb-936cf39e95cf,ACTIVE,-2165064,-250000,-1250000,0,0,0
351056,01a0b1c2-b010-7000-8000-000000000001,01a0bf0f-9150-7093-94cd-6272941f015e,ACTIVE,-2500000,250000,0,0,0,0
351058,01a0b1c2-b010-7000-8000-000000000001,01a0bf0f-82ab-7769-983f-45fca21fae0a,ACTIVE,0,-250000,2500000,0,0,0
351058,01a0b1c2-b010-7000-8000-000000000001,01a0bf0f-878c-766d-8e01-d6e11e6ed23b,ACTIVE,2500000,250000,0,0,0,0
351058,01a0b1c2-b010-7000-8000-000000000001,01a0bf0f-8c6e-75e9-93bb-936cf39e95cf,ACTIVE,-2165064,-250000,-1250000,0,0,0
351058,01a0b1c2-b010-7000-8000-000000000001,01a0bf0f-9150-7093-94cd-6272941f015e,ACTIVE,-2500000,250000,0,0,0,0
351060,01a0b1c2-b010-7000-8000-000000000001,01a0bf0f-82ab-7769-983f-45fca21fae0a,ACTIVE,0,-250000,2500000,0,0,0
351060,01a0b1c2-b010-7000-8000-000000000001,01a0bf0f-878c-766d-8e01-d6e11e6ed23b,ACTIVE,2500000,250000,0,0,0,0
351060,01a0b1c2-b010-7000-8000-000000000001,01a0bf0f-8c6e-75e9-93bb-936cf39e95cf,ACTIVE,-2165064,-250000,-1250000,0,0,0
351060,01a0b1c2-b010-7000-8000-000000000001,01a0bf0f-9150-7093-94cd-6272941f015e,ACTIVE,-2500000,250000,0,0,0,0
351062,01a0b1c2-b010-7000-8000-000000000001,01a0bf0f-82ab-7769-983f-45fca21fae0a,ACTIVE,0,-250000,2500000,0,0,0
351062,01a0b1c2-b010-7000-8000-000000000001,01a0bf0f-878c-766d-8e01-d6e11e6ed23b,ACTIVE,2500000,250000,0,0,0,0
351062,01a0b1c2-b010-7000-8000-000000000001,01a0bf0f-8c6e-75e9-93bb-936cf39e95cf,ACTIVE,-2165064,-250000,-1250000,0,0,0
351062,01a0b1c2-b010-7000-8000-000000000001,01a0bf0f-9150-7093-94cd-6272941f015e,ACTIVE,-2500000,250000,0,0,0,0
351064,01a0b1c2-b010-7000-8000-000000000001,01a0bf0f-82ab-7769-983f-45fca21fae0a,ACTIVE,0,-250000,2500000,0,0,0
351064,01a0b1c2-b010-7000-8000-000000000001,01a0bf0f-878c-766d-8e01-d6e11e6ed23b,ACTIVE,2500000,250000,0,0,0,0
351064,01a0b1c2-b010-7000-8000-000000000001,01a0bf0f-8c6e-75e9-93bb-936cf39e95cf,ACTIVE,-2165064,-250000,-1250000,0,0,0
351064,01a0b1c2-b010-7000-8000-000000000001,01a0bf0f-9150-7093-94cd-6272941f015e,ACTIVE,-2500000,250000,0,0,0,0
351066,01a0b1c2-b010-7000-8000-000000000001,01a0bf0f-82ab-7769-983f-45fca21fae0a,ACTIVE,0,-250000,2500000,0,0,0
351066,01a0b1c2-b010-7000-8000-000000000001,01a0bf0f-878c-766d-8e01-d6e11e6ed23b,ACTIVE,2500000,250000,0,0,0,0
351066,01a0b1c2-b010-7000-8000-000000000001,01a0bf0f-8c6e-75e9-93bb-936cf39e95cf,ACTIVE,-2165064,-250000,-1250000,0,0,0
351066,01a0b1c2-b010-7000-8000-000000000001,01a0bf0f-9150-7093-94cd-6272941f015e,ACTIVE,-2500000,250000,0,0,0,0
351068,01a0b1c2-b010-7000-8000-000000000001,01a0bf0f-82ab-7769-983f-45fca21fae0a,ACTIVE,0,-250000,2500000,0,0,0
351068,01a0b1c2-b010-7000-8000-000000000001,01a0bf0f-878c-766d-8e01-d6e11e6ed23b,ACTIVE,2500000,250000,0,0,0,0
351068,01a0b1c2-b010-7000-8000-000000000001,01a0bf0f-8c6e-75e9-93bb-936cf39e95cf,ACTIVE,-2165064,-250000,-1250000,0,0,0
351068,01a0b1c2-b010-7000-8000-000000000001,01a0bf0f-9150-7093-94cd-6272941f015e,ACTIVE,-2500000,250000,0,0,0,0
351070,01a0b1c2-b010-7000-8000-000000000001,01a0bf0f-82ab-7769-983f-45fca21fae0a,ACTIVE,0,-250000,2500000,0,0,0
351070,01a0b1c2-b010-7000-8000-000000000001,01a0bf0f-878c-766d-8e01-d6e11e6ed23b,ACTIVE,2500000,250000,0,0,0,0
351070,01a0b1c2-b010-7000-8000-000000000001,01a0bf0f-8c6e-75e9-93bb-936cf39e95cf,ACTIVE,-2165064,-250000,-1250000,0,0,0
351070,01a0b1c2-b010-7000-8000-000000000001,01a0bf0f-9150-7093-94cd-6272941f015e,ACTIVE,-2500000,250000,0,0,0,0
351072,01a0b1c2-b010-7000-8000-000000000001,01a0bf0f-82ab-7769-983f-45fca21fae0a,ACTIVE,0,-250000,2500000,0,0,0
351072,01a0b1c2-b010-7000-8000-000000000001,01a0bf0f-878c-766d-8e01-d6e11e6ed23b,ACTIVE,2500000,250000,0,0,0,0
351072,01a0b1c2-b010-7000-8000-000000000001,01a0bf0f-8c6e-75e9-93bb-936cf39e95cf,ACTIVE,-2165064,-250000,-1250000,0,0,0
351072,01a0b1c2-b010-7000-8000-000000000001,01a0bf0f-9150-7093-94cd-6272941f015e,ACTIVE,-2500000,250000,0,0,0,0
351074,01a0b1c2-b010-7000-8000-000000000001,01a0bf0f-82ab-7769-983f-45fca21fae0a,ACTIVE,0,-250000,2500000,0,0,0
351074,01a0b1c2-b010-7000-8000-000000000001,01a0bf0f-878c-766d-8e01-d6e11e6ed23b,ACTIVE,2500000,250000,0,0,0,0
351074,01a0b1c2-b010-7000-8000-000000000001,01a0bf0f-8c6e-75e9-93bb-936cf39e95cf,ACTIVE,-2165064,-250000,-1250000,0,0,0
351074,01a0b1c2-b010-7000-8000-000000000001,01a0bf0f-9150-7093-94cd-6272941f015e,ACTIVE,-2500000,250000,0,0,0,0
351076,01a0b1c2-b010-7000-8000-000000000001,01a0bf0f-82ab-7769-983f-45fca21fae0a,ACTIVE,0,-250000,2500000,0,0,0
351076,01a0b1c2-b010-7000-8000-000000000001,01a0bf0f-878c-766d-8e01-d6e11e6ed23b,ACTIVE,2500000,250000,0,0,0,0
351076,01a0b1c2-b010-7000-8000-000000000001,01a0bf0f-8c6e-75e9-93bb-936cf39e95cf,ACTIVE,-2165064,-250000,-1250000,0,0,0
351076,01a0b1c2-b010-7000-8000-000000000001,01a0bf0f-9150-7093-94cd-6272941f015e,ACTIVE,-2500000,250000,0,0,0,0
351078,01a0b1c2-b010-7000-8000-000000000001,01a0bf0f-82ab-7769-983f-45fca21fae0a,ACTIVE,0,-250000,2500000,0,0,0
351078,01a0b1c2-b010-7000-8000-000000000001,01a0bf0f-878c-766d-8e01-d6e11e6ed23b,ACTIVE,2500000,250000,0,0,0,0
351078,01a0b1c2-b010-7000-8000-000000000001,01a0bf0f-8c6e-75e9-93bb-936cf39e95cf,ACTIVE,-2165064,-250000,-1250000,0,0,0
351078,01a0b1c2-b010-7000-8000-000000000001,01a0bf0f-9150-7093-94cd-6272941f015e,ACTIVE,-2500000,250000,0,0,0,0
351080,01a0b1c2-b010-7000-8000-000000000001,01a0bf0f-82ab-7769-983f-45fca21fae0a,ACTIVE,0,-250000,2500000,0,0,0
351080,01a0b1c2-b010-7000-8000-000000000001,01a0bf0f-878c-766d-8e01-d6e11e6ed23b,ACTIVE,2500000,250000,0,0,0,0
351080,01a0b1c2-b010-7000-8000-000000000001,01a0bf0f-8c6e-75e9-93bb-936cf39e95cf,ACTIVE,-2165064,-250000,-1250000,0,0,0
351080,01a0b1c2-b010-7000-8000-000000000001,01a0bf0f-9150-7093-94cd-6272941f015e,ACTIVE,-2500000,250000,0,0,0,0
351082,01a0b1c2-b010-7000-8000-000000000001,01a0bf0f-82ab-7769-983f-45fca21fae0a,ACTIVE,0,-250000,2500000,0,0,0
351082,01a0b1c2-b010-7000-8000-000000000001,01a0bf0f-878c-766d-8e01-d6e11e6ed23b,ACTIVE,2500000,250000,0,0,0,0
351082,01a0b1c2-b010-7000-8000-000000000001,01a0bf0f-8c6e-75e9-93bb-936cf39e95cf,ACTIVE,-2165064,-250000,-1250000,0,0,0
351082,01a0b1c2-b010-7000-8000-000000000001,01a0bf0f-9150-7093-94cd-6272941f015e,ACTIVE,-2500000,250000,0,0,0,0
351084,01a0b1c2-b010-7000-8000-000000000001,01a0bf0f-82ab-7769-983f-45fca21fae0a,ACTIVE,0,-250000,2500000,0,0,0
351084,01a0b1c2-b010-7000-8000-000000000001,01a0bf0f-878c-766d-8e01-d6e11e6ed23b,ACTIVE,2500000,250000,0,0,0,0
351084,01a0b1c2-b010-7000-8000-000000000001,01a0bf0f-8c6e-75e9-93bb-936cf39e95cf,ACTIVE,-2165064,-250000,-1250000,0,0,0
351084,01a0b1c2-b010-7000-8000-000000000001,01a0bf0f-9150-7093-94cd-6272941f015e,ACTIVE,-2500000,250000,0,0,0,0
351086,01a0b1c2-b010-7000-8000-000000000001,01a0bf0f-82ab-7769-983f-45fca21fae0a,ACTIVE,0,-250000,2500000,0,0,0
351086,01a0b1c2-b010-7000-8000-000000000001,01a0bf0f-878c-766d-8e01-d6e11e6ed23b,ACTIVE,2500000,250000,0,0,0,0
351086,01a0b1c2-b010-7000-8000-000000000001,01a0bf0f-8c6e-75e9-93bb-936cf39e95cf,ACTIVE,-2165064,-250000,-1250000,0,0,0
351086,01a0b1c2-b010-7000-8000-000000000001,01a0bf0f-9150-7093-94cd-6272941f015e,ACTIVE,-2500000,250000,0,0,0,0
351088,01a0b1c2-b010-7000-8000-000000000001,01a0bf0f-82ab-7769-983f-45fca21fae0a,ACTIVE,0,-250000,2500000,0,0,0
351088,01a0b1c2-b010-7000-8000-000000000001,01a0bf0f-878c-766d-8e01-d6e11e6ed23b,ACTIVE,2500000,250000,0,0,0,0
351088,01a0b1c2-b010-7000-8000-000000000001,01a0bf0f-8c6e-75e9-93bb-936cf39e95cf,ACTIVE,-2165064,-250000,-1250000,0,0,0
351088,01a0b1c2-b010-7000-8000-000000000001,01a0bf0f-9150-7093-94cd-6272941f015e,ACTIVE,-2500000,250000,0,0,0,0
351090,01a0b1c2-b010-7000-8000-000000000001,01a0bf0f-82ab-7769-983f-45fca21fae0a,ACTIVE,0,-250000,2500000,0,0,0
351090,01a0b1c2-b010-7000-8000-000000000001,01a0bf0f-878c-766d-8e01-d6e11e6ed23b,ACTIVE,2500000,250000,0,0,0,0
351090,01a0b1c2-b010-7000-8000-000000000001,01a0bf0f-8c6e-75e9-93bb-936cf39e95cf,ACTIVE,-2165064,-250000,-1250000,0,0,0
351090,01a0b1c2-b010-7000-8000-000000000001,01a0bf0f-9150-7093-94cd-6272941f015e,ACTIVE,-2500000,250000,0,0,0,0
351092,01a0b1c2-b010-7000-8000-000000000001,01a0bf0f-82ab-7769-983f-45fca21fae0a,ACTIVE,0,-250000,2500000,0,0,0
351092,01a0b1c2-b010-7000-8000-000000000001,01a0bf0f-878c-766d-8e01-d6e11e6ed23b,ACTIVE,2500000,250000,0,0,0,0
351092,01a0b1c2-b010-7000-8000-000000000001,01a0bf0f-8c6e-75e9-93bb-936cf39e95cf,ACTIVE,-2165064,-250000,-1250000,0,0,0
351092,01a0b1c2-b010-7000-8000-000000000001,01a0bf0f-9150-7093-94cd-6272941f015e,ACTIVE,-2500000,250000,0,0,0,0
351094,01a0b1c2-b010-7000-8000-000000000001,01a0bf0f-82ab-7769-983f-45fca21fae0a,ACTIVE,0,-250000,2500000,0,0,0
351094,01a0b1c2-b010-7000-8000-000000000001,01a0bf0f-878c-766d-8e01-d6e11e6ed23b,ACTIVE,2500000,250000,0,0,0,0
351094,01a0b1c2-b010-7000-8000-000000000001,01a0bf0f-8c6e-75e9-93bb-936cf39e95cf,ACTIVE,-2165064,-250000,-1250000,0,0,0
351094,01a0b1c2-b010-7000-8000-000000000001,01a0bf0f-9150-7093-94cd-6272941f015e,ACTIVE,-2500000,250000,0,0,0,0
351096,01a0b1c2-b010-7000-8000-000000000001,01a0bf0f-82ab-7769-983f-45fca21fae0a,ACTIVE,0,-250000,2500000,0,0,0
351096,01a0b1c2-b010-7000-8000-000000000001,01a0bf0f-878c-766d-8e01-d6e11e6ed23b,ACTIVE,2500000,250000,0,0,0,0
351096,01a0b1c2-b010-7000-8000-000000000001,01a0bf0f-8c6e-75e9-93bb-936cf39e95cf,ACTIVE,-2165064,-250000,-1250000,0,0,0
351096,01a0b1c2-b010-7000-8000-000000000001,01a0bf0f-9150-7093-94cd-6272941f015e,ACTIVE,-2500000,250000,0,0,0,0
351098,01a0b1c2-b010-7000-8000-000000000001,01a0bf0f-82ab-7769-983f-45fca21fae0a,ACTIVE,0,-250000,2500000,0,0,0
351098,01a0b1c2-b010-7000-8000-000000000001,01a0bf0f-878c-766d-8e01-d6e11e6ed23b,ACTIVE,2500000,250000,0,0,0,0
351098,01a0b1c2-b010-7000-8000-000000000001,01a0bf0f-8c6e-75e9-93bb-936cf39e95cf,ACTIVE,-2165064,-250000,-1250000,0,0,0
351098,01a0b1c2-b010-7000-8000-000000000001,01a0bf0f-9150-7093-94cd-6272941f015e,ACTIVE,-2500000,250000,0,0,0,0
351100,01a0b1c2-b010-7000-8000-000000000001,01a0bf0f-82ab-7769-983f-45fca21fae0a,ACTIVE,0,-250000,2500000,0,0,0
351100,01a0b1c2-b010-7000-8000-000000000001,01a0bf0f-878c-766d-8e01-d6e11e6ed23b,ACTIVE,2500000,250000,0,0,0,0
351100,01a0b1c2-b010-7000-8000-000000000001,01a0bf0f-8c6e-75e9-93bb-936cf39e95cf,ACTIVE,-2165064,-250000,-1250000,0,0,0
351100,01a0b1c2-b010-7000-8000-000000000001,01a0bf0f-9150-7093-94cd-6272941f015e,ACTIVE,-2500000,250000,0,0,0,0
351102,01a0b1c2-b010-7000-8000-000000000001,01a0bf0f-82ab-7769-983f-45fca21fae0a,ACTIVE,0,-250000,2500000,0,0,0
351102,01a0b1c2-b010-7000-8000-000000000001,01a0bf0f-878c-766d-8e01-d6e11e6ed23b,ACTIVE,2500000,250000,0,0,0,0
351102,01a0b1c2-b010-7000-8000-000000000001,01a0bf0f-8c6e-75e9-93bb-936cf39e95cf,ACTIVE,-2165064,-250000,-1250000,0,0,0
351102,01a0b1c2-b010-7000-8000-000000000001,01a0bf0f-9150-7093-94cd-6272941f015e,ACTIVE,-2500000,250000,0,0,0,0
351104,01a0b1c2-b010-7000-8000-000000000001,01a0bf0f-82ab-7769-983f-45fca21fae0a,ACTIVE,0,-250000,2500000,0,0,0
351104,01a0b1c2-b010-7000-8000-000000000001,01a0bf0f-878c-766d-8e01-d6e11e6ed23b,ACTIVE,2500000,250000,0,0,0,0
351104,01a0b1c2-b010-7000-8000-000000000001,01a0bf0f-8c6e-75e9-93bb-936cf39e95cf,ACTIVE,-2165064,-250000,-1250000,0,0,0
351104,01a0b1c2-b010-7000-8000-000000000001,01a0bf0f-9150-7093-94cd-6272941f015e,ACTIVE,-2500000,250000,0,0,0,0
351106,01a0b1c2-b010-7000-8000-000000000001,01a0bf0f-82ab-7769-983f-45fca21fae0a,ACTIVE,0,-250000,2500000,0,0,0
351106,01a0b1c2-b010-7000-8000-000000000001,01a0bf0f-878c-766d-8e01-d6e11e6ed23b,ACTIVE,2500000,250000,0,0,0,0
351106,01a0b1c2-b010-7000-8000-000000000001,01a0bf0f-8c6e-75e9-93bb-936cf39e95cf,ACTIVE,-2165064,-250000,-1250000,0,0,0
351106,01a0b1c2-b010-7000-8000-000000000001,01a0bf0f-9150-7093-94cd-6272941f015e,ACTIVE,-2500000,250000,0,0,0,0
351108,01a0b1c2-b010-7000-8000-000000000001,01a0bf0f-82ab-7769-983f-45fca21fae0a,ACTIVE,0,-250000,2500000,0,0,0
351108,01a0b1c2-b010-7000-8000-000000000001,01a0bf0f-878c-766d-8e01-d6e11e6ed23b,ACTIVE,2500000,250000,0,0,0,0
351108,01a0b1c2-b010-7000-8000-000000000001,01a0bf0f-8c6e-75e9-93bb-936cf39e95cf,ACTIVE,-2165064,-250000,-1250000,0,0,0
351108,01a0b1c2-b010-7000-8000-000000000001,01a0bf0f-9150-7093-94cd-6272941f015e,ACTIVE,-2500000,250000,0,0,0,0
351110,01a0b1c2-b010-7000-8000-000000000001,01a0bf0f-82ab-7769-983f-45fca21fae0a,ACTIVE,0,-250000,2500000,0,0,0
351110,01a0b1c2-b010-7000-8000-000000000001,01a0bf0f-878c-766d-8e01-d6e11e6ed23b,ACTIVE,2500000,250000,0,0,0,0
351110,01a0b1c2-b010-7000-8000-000000000001,01a0bf0f-8c6e-75e9-93bb-936cf39e95cf,ACTIVE,-2165064,-250000,-1250000,0,0,0
351110,01a0b1c2-b010-7000-8000-000000000001,01a0bf0f-9150-7093-94cd-6272941f015e,ACTIVE,-2500000,250000,0,0,0,0
351112,01a0b1c2-b010-7000-8000-000000000001,01a0bf0f-82ab-7769-983f-45fca21fae0a,ACTIVE,0,-250000,2500000,0,0,0
351112,01a0b1c2-b010-7000-8000-000000000001,01a0bf0f-878c-766d-8e01-d6e11e6ed23b,ACTIVE,2500000,250000,0,0,0,0
351112,01a0b1c2-b010-7000-8000-000000000001,01a0bf0f-8c6e-75e9-93bb-936cf39e95cf,ACTIVE,-2165064,-250000,-1250000,0,0,0
351112,01a0b1c2-b010-7000-8000-000000000001,01a0bf0f-9150-7093-94cd-6272941f015e,ACTIVE,-2500000,250000,0,0,0,0
351114,01a0b1c2-b010-7000-8000-000000000001,01a0bf0f-82ab-7769-983f-45fca21fae0a,ACTIVE,0,-250000,2500000,0,0,0
351114,01a0b1c2-b010-7000-8000-000000000001,01a0bf0f-878c-766d-8e01-d6e11e6ed23b,ACTIVE,2500000,250000,0,0,0,0
351114,01a0b1c2-b010-7000-8000-000000000001,01a0bf0f-8c6e-75e9-93bb-936cf39e95cf,ACTIVE,-2165064,-250000,-1250000,0,0,0
351114,01a0b1c2-b010-7000-8000-000000000001,01a0bf0f-9150-7093-94cd-6272941f015e,ACTIVE,-2500000,250000,0,0,0,0
351116,01a0b1c2-b010-7000-8000-000000000001,01a0bf0f-82ab-7769-983f-45fca21fae0a,ACTIVE,0,-250000,2500000,0,0,0
351116,01a0b1c2-b010-7000-8000-000000000001,01a0bf0f-878c-766d-8e01-d6e11e6ed23b,ACTIVE,2500000,250000,0,0,0,0
351116,01a0b1c2-b010-7000-8000-000000000001,01a0bf0f-8c6e-75e9-93bb-936cf39e95cf,ACTIVE,-2165064,-250000,-1250000,0,0,0
351116,01a0b1c2-b010-7000-8000-000000000001,01a0bf0f-9150-7093-94cd-6272941f015e,ACTIVE,-2500000,250000,0,0,0,0
351118,01a0b1c2-b010-7000-8000-000000000001,01a0bf0f-82ab-7769-983f-45fca21fae0a,ACTIVE,0,-250000,2500000,0,0,0
351118,01a0b1c2-b010-7000-8000-000000000001,01a0bf0f-878c-766d-8e01-d6e11e6ed23b,ACTIVE,2500000,250000,0,0,0,0
351118,01a0b1c2-b010-7000-8000-000000000001,01a0bf0f-8c6e-75e9-93bb-936cf39e95cf,ACTIVE,-2165064,-250000,-1250000,0,0,0
351118,01a0b1c2-b010-7000-8000-000000000001,01a0bf0f-9150-7093-94cd-6272941f015e,ACTIVE,-2500000,250000,0,0,0,0
351120,01a0b1c2-b010-7000-8000-000000000001,01a0bf0f-82ab-7769-983f-45fca21fae0a,ACTIVE,0,-250000,2500000,0,0,0
351120,01a0b1c2-b010-7000-8000-000000000001,01a0bf0f-878c-766d-8e01-d6e11e6ed23b,ACTIVE,2500000,250000,0,0,0,0
351120,01a0b1c2-b010-7000-8000-000000000001,01a0bf0f-8c6e-75e9-93bb-936cf39e95cf,ACTIVE,-2165064,-250000,-1250000,0,0,0
351120,01a0b1c2-b010-7000-8000-000000000001,01a0bf0f-9150-7093-94cd-6272941f015e,ACTIVE,-2500000,250000,0,0,0,0
351122,01a0b1c2-b010-7000-8000-000000000001,01a0bf0f-82ab-7769-983f-45fca21fae0a,ACTIVE,0,-250000,2500000,0,0,0
351122,01a0b1c2-b010-7000-8000-000000000001,01a0bf0f-878c-766d-8e01-d6e11e6ed23b,ACTIVE,2500000,250000,0,0,0,0
351122,01a0b1c2-b010-7000-8000-000000000001,01a0bf0f-8c6e-75e9-93bb-936cf39e95cf,ACTIVE,-2165064,-250000,-1250000,0,0,0
351122,01a0b1c2-b010-7000-8000-000000000001,01a0bf0f-9150-7093-94cd-6272941f015e,ACTIVE,-2500000,250000,0,0,0,0
351124,01a0b1c2-b010-7000-8000-000000000001,01a0bf0f-82ab-7769-983f-45fca21fae0a,ACTIVE,0,-250000,2500000,0,0,0
351124,01a0b1c2-b010-7000-8000-000000000001,01a0bf0f-878c-766d-8e01-d6e11e6ed23b,ACTIVE,2500000,250000,0,0,0,0
351124,01a0b1c2-b010-7000-8000-000000000001,01a0bf0f-8c6e-75e9-93bb-936cf39e95cf,ACTIVE,-2165064,-250000,-1250000,0,0,0
351124,01a0b1c2-b010-7000-8000-000000000001,01a0bf0f-9150-7093-94cd-6272941f015e,ACTIVE,-2500000,250000,0,0,0,0
351126,01a0b1c2-b010-7000-8000-000000000001,01a0bf0f-82ab-7769-983f-45fca21fae0a,ACTIVE,0,-250000,2500000,0,0,0
351126,01a0b1c2-b010-7000-8000-000000000001,01a0bf0f-878c-766d-8e01-d6e11e6ed23b,ACTIVE,2500000,250000,0,0,0,0
351126,01a0b1c2-b010-7000-8000-000000000001,01a0bf0f-8c6e-75e9-93bb-936cf39e95cf,ACTIVE,-2165064,-250000,-1250000,0,0,0
351126,01a0b1c2-b010-7000-8000-000000000001,01a0bf0f-9150-7093-94cd-6272941f015e,ACTIVE,-2500000,250000,0,0,0,0
351128,01a0b1c2-b010-7000-8000-000000000001,01a0bf0f-82ab-7769-983f-45fca21fae0a,ACTIVE,0,-250000,2500000,0,0,0
351128,01a0b1c2-b010-7000-8000-000000000001,01a0bf0f-878c-766d-8e01-d6e11e6ed23b,ACTIVE,2500000,250000,0,0,0,0
351128,01a0b1c2-b010-7000-8000-000000000001,01a0bf0f-8c6e-75e9-93bb-936cf39e95cf,ACTIVE,-2165064,-250000,-1250000,0,0,0
351128,01a0b1c2-b010-7000-8000-000000000001,01a0bf0f-9150-7093-94cd-6272941f015e,ACTIVE,-2500000,250000,0,0,0,0
351130,01a0b1c2-b010-7000-8000-000000000001,01a0bf0f-82ab-7769-983f-45fca21fae0a,ACTIVE,0,-250000,2500000,0,0,0
351130,01a0b1c2-b010-7000-8000-000000000001,01a0bf0f-878c-766d-8e01-d6e11e6ed23b,ACTIVE,2500000,250000,0,0,0,0
351130,01a0b1c2-b010-7000-8000-000000000001,01a0bf0f-8c6e-75e9-93bb-936cf39e95cf,ACTIVE,-2165064,-250000,-1250000,0,0,0
351130,01a0b1c2-b010-7000-8000-000000000001,01a0bf0f-9150-7093-94cd-6272941f015e,ACTIVE,-2500000,250000,0,0,0,0
351132,01a0b1c2-b010-7000-8000-000000000001,01a0bf0f-82ab-7769-983f-45fca21fae0a,ACTIVE,0,-250000,2500000,0,0,0
351132,01a0b1c2-b010-7000-8000-000000000001,01a0bf0f-878c-766d-8e01-d6e11e6ed23b,ACTIVE,2500000,250000,0,0,0,0
351132,01a0b1c2-b010-7000-8000-000000000001,01a0bf0f-8c6e-75e9-93bb-936cf39e95cf,ACTIVE,-2165064,-250000,-1250000,0,0,0
351132,01a0b1c2-b010-7000-8000-000000000001,01a0bf0f-9150-7093-94cd-6272941f015e,ACTIVE,-2500000,250000,0,0,0,0
351134,01a0b1c2-b010-7000-8000-000000000001,01a0bf0f-82ab-7769-983f-45fca21fae0a,ACTIVE,0,-250000,2500000,0,0,0
351134,01a0b1c2-b010-7000-8000-000000000001,01a0bf0f-878c-766d-8e01-d6e11e6ed23b,ACTIVE,2500000,250000,0,0,0,0
351134,01a0b1c2-b010-7000-8000-000000000001,01a0bf0f-8c6e-75e9-93bb-936cf39e95cf,ACTIVE,-2165064,-250000,-1250000,0,0,0
351134,01a0b1c2-b010-7000-8000-000000000001,01a0bf0f-9150-7093-94cd-6272941f015e,ACTIVE,-2500000,250000,0,0,0,0
351136,01a0b1c2-b010-7000-8000-000000000001,01a0bf0f-82ab-7769-983f-45fca21fae0a,ACTIVE,0,-250000,2500000,0,0,0
351136,01a0b1c2-b010-7000-8000-000000000001,01a0bf0f-878c-766d-8e01-d6e11e6ed23b,ACTIVE,2500000,250000,0,0,0,0
351136,01a0b1c2-b010-7000-8000-000000000001,01a0bf0f-8c6e-75e9-93bb-936cf39e95cf,ACTIVE,-2165064,-250000,-1250000,0,0,0
351136,01a0b1c2-b010-7000-8000-000000000001,01a0bf0f-9150-7093-94cd-6272941f015e,ACTIVE,-2500000,250000,0,0,0,0
351138,01a0b1c2-b010-7000-8000-000000000001,01a0bf0f-82ab-7769-983f-45fca21fae0a,ACTIVE,0,-250000,2500000,0,0,0
351138,01a0b1c2-b010-7000-8000-000000000001,01a0bf0f-878c-766d-8e01-d6e11e6ed23b,ACTIVE,2500000,250000,0,0,0,0
351138,01a0b1c2-b010-7000-8000-000000000001,01a0bf0f-8c6e-75e9-93bb-936cf39e95cf,ACTIVE,-2165064,-250000,-1250000,0,0,0
351138,01a0b1c2-b010-7000-8000-000000000001,01a0bf0f-9150-7093-94cd-6272941f015e,ACTIVE,-2500000,250000,0,0,0,0
351140,01a0b1c2-b010-7000-8000-000000000001,01a0bf0f-82ab-7769-983f-45fca21fae0a,ACTIVE,0,-250000,2500000,0,0,0
351140,01a0b1c2-b010-7000-8000-000000000001,01a0bf0f-878c-766d-8e01-d6e11e6ed23b,ACTIVE,2500000,250000,0,0,0,0
351140,01a0b1c2-b010-7000-8000-000000000001,01a0bf0f-8c6e-75e9-93bb-936cf39e95cf,ACTIVE,-2165064,-250000,-1250000,0,0,0
351140,01a0b1c2-b010-7000-8000-000000000001,01a0bf0f-9150-7093-94cd-6272941f015e,ACTIVE,-2500000,250000,0,0,0,0
351142,01a0b1c2-b010-7000-8000-000000000001,01a0bf0f-82ab-7769-983f-45fca21fae0a,ACTIVE,0,-250000,2500000,0,0,0
351142,01a0b1c2-b010-7000-8000-000000000001,01a0bf0f-878c-766d-8e01-d6e11e6ed23b,ACTIVE,2500000,250000,0,0,0,0
351142,01a0b1c2-b010-7000-8000-000000000001,01a0bf0f-8c6e-75e9-93bb-936cf39e95cf,ACTIVE,-2165064,-250000,-1250000,0,0,0
351142,01a0b1c2-b010-7000-8000-000000000001,01a0bf0f-9150-7093-94cd-6272941f015e,ACTIVE,-2500000,250000,0,0,0,0
351144,01a0b1c2-b010-7000-8000-000000000001,01a0bf0f-82ab-7769-983f-45fca21fae0a,ACTIVE,0,-250000,2500000,0,0,0
351144,01a0b1c2-b010-7000-8000-000000000001,01a0bf0f-878c-766d-8e01-d6e11e6ed23b,ACTIVE,2500000,250000,0,0,0,0
351144,01a0b1c2-b010-7000-8000-000000000001,01a0bf0f-8c6e-75e9-93bb-936cf39e95cf,ACTIVE,-2165064,-250000,-1250000,0,0,0
351144,01a0b1c2-b010-7000-8000-000000000001,01a0bf0f-9150-7093-94cd-6272941f015e,ACTIVE,-2500000,250000,0,0,0,0
351146,01a0b1c2-b010-7000-8000-000000000001,01a0bf0f-82ab-7769-983f-45fca21fae0a,ACTIVE,0,-250000,2500000,0,0,0
351146,01a0b1c2-b010-7000-8000-000000000001,01a0bf0f-878c-766d-8e01-d6e11e6ed23b,ACTIVE,2500000,250000,0,0,0,0
351146,01a0b1c2-b010-7000-8000-000000000001,01a0bf0f-8c6e-75e9-93bb-936cf39e95cf,ACTIVE,-2165064,-250000,-1250000,0,0,0
351146,01a0b1c2-b010-7000-8000-000000000001,01a0bf0f-9150-7093-94cd-6272941f015e,ACTIVE,-2500000,250000,0,0,0,0
351148,01a0b1c2-b010-7000-8000-000000000001,01a0bf0f-82ab-7769-983f-45fca21fae0a,ACTIVE,0,-250000,2500000,0,0,0
351148,01a0b1c2-b010-7000-8000-000000000001,01a0bf0f-878c-766d-8e01-d6e11e6ed23b,ACTIVE,2500000,250000,0,0,0,0
351148,01a0b1c2-b010-7000-8000-000000000001,01a0bf0f-8c6e-75e9-93bb-936cf39e95cf,ACTIVE,-2165064,-250000,-1250000,0,0,0
351148,01a0b1c2-b010-7000-8000-000000000001,01a0bf0f-9150-7093-94cd-6272941f015e,ACTIVE,-2500000,250000,0,0,0,0
351150,01a0b1c2-b010-7000-8000-000000000001,01a0bf0f-82ab-7769-983f-45fca21fae0a,ACTIVE,0,-250000,2500000,0,0,0
351150,01a0b1c2-b010-7000-8000-000000000001,01a0bf0f-878c-766d-8e01-d6e11e6ed23b,ACTIVE,2500000,250000,0,0,0,0
351150,01a0b1c2-b010-7000-8000-000000000001,01a0bf0f-8c6e-75e9-93bb-936cf39e95cf,ACTIVE,-2165064,-250000,-1250000,0,0,0
351150,01a0b1c2-b010-7000-8000-000000000001,01a0bf0f-9150-7093-94cd-6272941f015e,ACTIVE,-2500000,250000,0,0,0,0
351152,01a0b1c2-b010-7000-8000-000000000001,01a0bf0f-82ab-7769-983f-45fca21fae0a,ACTIVE,0,-250000,2500000,0,0,0
351152,01a0b1c2-b010-7000-8000-000000000001,01a0bf0f-878c-766d-8e01-d6e11e6ed23b,ACTIVE,2500000,250000,0,0,0,0
351152,01a0b1c2-b010-7000-8000-000000000001,01a0bf0f-8c6e-75e9-93bb-936cf39e95cf,ACTIVE,-2165064,-250000,-1250000,0,0,0
351152,01a0b1c2-b010-7000-8000-000000000001,01a0bf0f-9150-7093-94cd-6272941f015e,ACTIVE,-2500000,250000,0,0,0,0
351154,01a0b1c2-b010-7000-8000-000000000001,01a0bf0f-82ab-7769-983f-45fca21fae0a,ACTIVE,0,-250000,2500000,0,0,0
351154,01a0b1c2-b010-7000-8000-000000000001,01a0bf0f-878c-766d-8e01-d6e11e6ed23b,ACTIVE,2500000,250000,0,0,0,0
351154,01a0b1c2-b010-7000-8000-000000000001,01a0bf0f-8c6e-75e9-93bb-936cf39e95cf,ACTIVE,-2165064,-250000,-1250000,0,0,0
351154,01a0b1c2-b010-7000-8000-000000000001,01a0bf0f-9150-7093-94cd-6272941f015e,ACTIVE,-2500000,250000,0,0,0,0
351156,01a0b1c2-b010-7000-8000-000000000001,01a0bf0f-82ab-7769-983f-45fca21fae0a,ACTIVE,0,-250000,2500000,0,0,0
351156,01a0b1c2-b010-7000-8000-000000000001,01a0bf0f-878c-766d-8e01-d6e11e6ed23b,ACTIVE,2500000,250000,0,0,0,0
351156,01a0b1c2-b010-7000-8000-000000000001,01a0bf0f-8c6e-75e9-93bb-936cf39e95cf,ACTIVE,-2165064,-250000,-1250000,0,0,0
351156,01a0b1c2-b010-7000-8000-000000000001,01a0bf0f-9150-7093-94cd-6272941f015e,ACTIVE,-2500000,250000,0,0,0,0
351158,01a0b1c2-b010-7000-8000-000000000001,01a0bf0f-82ab-7769-983f-45fca21fae0a,ACTIVE,0,-250000,2500000,0,0,0
351158,01a0b1c2-b010-7000-8000-000000000001,01a0bf0f-878c-766d-8e01-d6e11e6ed23b,ACTIVE,2500000,250000,0,0,0,0
351158,01a0b1c2-b010-7000-8000-000000000001,01a0bf0f-8c6e-75e9-93bb-936cf39e95cf,ACTIVE,-2165064,-250000,-1250000,0,0,0
351158,01a0b1c2-b010-7000-8000-000000000001,01a0bf0f-9150-7093-94cd-6272941f015e,ACTIVE,-2500000,250000,0,0,0,0
351160,01a0b1c2-b010-7000-8000-000000000001,01a0bf0f-82ab-7769-983f-45fca21fae0a,ACTIVE,0,-250000,2500000,0,0,0
351160,01a0b1c2-b010-7000-8000-000000000001,01a0bf0f-878c-766d-8e01-d6e11e6ed23b,ACTIVE,2500000,250000,0,0,0,0
351160,01a0b1c2-b010-7000-8000-000000000001,01a0bf0f-8c6e-75e9-93bb-936cf39e95cf,ACTIVE,-2165064,-250000,-1250000,0,0,0
351160,01a0b1c2-b010-7000-8000-000000000001,01a0bf0f-9150-7093-94cd-6272941f015e,ACTIVE,-2500000,250000,0,0,0,0
351162,01a0b1c2-b010-7000-8000-000000000001,01a0bf0f-82ab-7769-983f-45fca21fae0a,ACTIVE,0,-250000,2500000,0,0,0
351162,01a0b1c2-b010-7000-8000-000000000001,01a0bf0f-878c-766d-8e01-d6e11e6ed23b,ACTIVE,2500000,250000,0,0,0,0
351162,01a0b1c2-b010-7000-8000-000000000001,01a0bf0f-8c6e-75e9-93bb-936cf39e95cf,ACTIVE,-2165064,-250000,-1250000,0,0,0
351162,01a0b1c2-b010-7000-8000-000000000001,01a0bf0f-9150-7093-94cd-6272941f015e,ACTIVE,-2500000,250000,0,0,0,0
351164,01a0b1c2-b010-7000-8000-000000000001,01a0bf0f-82ab-7769-983f-45fca21fae0a,ACTIVE,0,-250000,2500000,0,0,0
351164,01a0b1c2-b010-7000-8000-000000000001,01a0bf0f-878c-766d-8e01-d6e11e6ed23b,ACTIVE,2500000,250000,0,0,0,0
351164,01a0b1c2-b010-7000-8000-000000000001,01a0bf0f-8c6e-75e9-93bb-936cf39e95cf,ACTIVE,-2165064,-250000,-1250000,0,0,0
351164,01a0b1c2-b010-7000-8000-000000000001,01a0bf0f-9150-7093-94cd-6272941f015e,ACTIVE,-2500000,250000,0,0,0,0
351166,01a0b1c2-b010-7000-8000-000000000001,01a0bf0f-82ab-7769-983f-45fca21fae0a,ACTIVE,0,-250000,2500000,0,0,0
351166,01a0b1c2-b010-7000-8000-000000000001,01a0bf0f-878c-766d-8e01-d6e11e6ed23b,ACTIVE,2500000,250000,0,0,0,0
351166,01a0b1c2-b010-7000-8000-000000000001,01a0bf0f-8c6e-75e9-93bb-936cf39e95cf,ACTIVE,-2165064,-250000,-1250000,0,0,0
351166,01a0b1c2-b010-7000-8000-000000000001,01a0bf0f-9150-7093-94cd-6272941f015e,ACTIVE,-2500000,250000,0,0,0,0
351168,01a0b1c2-b010-7000-8000-000000000001,01a0bf0f-82ab-7769-983f-45fca21fae0a,ACTIVE,0,-250000,2500000,0,0,0
351168,01a0b1c2-b010-7000-8000-000000000001,01a0bf0f-878c-766d-8e01-d6e11e6ed23b,ACTIVE,2500000,250000,0,0,0,0
351168,01a0b1c2-b010-7000-8000-000000000001,01a0bf0f-8c6e-75e9-93bb-936cf39e95cf,ACTIVE,-2165064,-250000,-1250000,0,0,0
351168,01a0b1c2-b010-7000-8000-000000000001,01a0bf0f-9150-7093-94cd-6272941f015e,ACTIVE,-2500000,250000,0,0,0,0
351170,01a0b1c2-b010-7000-8000-000000000001,01a0bf0f-82ab-7769-983f-45fca21fae0a,ACTIVE,0,-250000,2500000,0,0,0
351170,01a0b1c2-b010-7000-8000-000000000001,01a0bf0f-878c-766d-8e01-d6e11e6ed23b,ACTIVE,2500000,250000,0,0,0,0
351170,01a0b1c2-b010-7000-8000-000000000001,01a0bf0f-8c6e-75e9-93bb-936cf39e95cf,ACTIVE,-2165064,-250000,-1250000,0,0,0
351170,01a0b1c2-b010-7000-8000-000000000001,01a0bf0f-9150-7093-94cd-6272941f015e,ACTIVE,-2500000,250000,0,0,0,0
351172,01a0b1c2-b010-7000-8000-000000000001,01a0bf0f-82ab-7769-983f-45fca21fae0a,ACTIVE,0,-250000,2500000,0,0,0
351172,01a0b1c2-b010-7000-8000-000000000001,01a0bf0f-878c-766d-8e01-d6e11e6ed23b,ACTIVE,2500000,250000,0,0,0,0
351172,01a0b1c2-b010-7000-8000-000000000001,01a0bf0f-8c6e-75e9-93bb-936cf39e95cf,ACTIVE,-2165064,-250000,-1250000,0,0,0
351172,01a0b1c2-b010-7000-8000-000000000001,01a0bf0f-9150-7093-94cd-6272941f015e,ACTIVE,-2500000,250000,0,0,0,0
351174,01a0b1c2-b010-7000-8000-000000000001,01a0bf0f-82ab-7769-983f-45fca21fae0a,ACTIVE,0,-250000,2500000,0,0,0
351174,01a0b1c2-b010-7000-8000-000000000001,01a0bf0f-878c-766d-8e01-d6e11e6ed23b,ACTIVE,2500000,250000,0,0,0,0
351174,01a0b1c2-b010-7000-8000-000000000001,01a0bf0f-8c6e-75e9-93bb-936cf39e95cf,ACTIVE,-2165064,-250000,-1250000,0,0,0
351174,01a0b1c2-b010-7000-8000-000000000001,01a0bf0f-9150-7093-94cd-6272941f015e,ACTIVE,-2500000,250000,0,0,0,0
351176,01a0b1c2-b010-7000-8000-000000000001,01a0bf0f-82ab-7769-983f-45fca21fae0a,ACTIVE,0,-250000,2500000,0,0,0
351176,01a0b1c2-b010-7000-8000-000000000001,01a0bf0f-878c-766d-8e01-d6e11e6ed23b,ACTIVE,2500000,250000,0,0,0,0
351176,01a0b1c2-b010-7000-8000-000000000001,01a0bf0f-8c6e-75e9-93bb-936cf39e95cf,ACTIVE,-2165064,-250000,-1250000,0,0,0
351176,01a0b1c2-b010-7000-8000-000000000001,01a0bf0f-9150-7093-94cd-6272941f015e,ACTIVE,-2500000,250000,0,0,0,0
351178,01a0b1c2-b010-7000-8000-000000000001,01a0bf0f-82ab-7769-983f-45fca21fae0a,ACTIVE,0,-250000,2500000,0,0,0
351178,01a0b1c2-b010-7000-8000-000000000001,01a0bf0f-878c-766d-8e01-d6e11e6ed23b,ACTIVE,2500000,250000,0,0,0,0
351178,01a0b1c2-b010-7000-8000-000000000001,01a0bf0f-8c6e-75e9-93bb-936cf39e95cf,ACTIVE,-2165064,-250000,-1250000,0,0,0
351178,01a0b1c2-b010-7000-8000-000000000001,01a0bf0f-9150-7093-94cd-6272941f015e,ACTIVE,-2500000,250000,0,0,0,0
351180,01a0b1c2-b010-7000-8000-000000000001,01a0bf0f-82ab-7769-983f-45fca21fae0a,ACTIVE,0,-250000,2500000,0,0,0
351180,01a0b1c2-b010-7000-8000-000000000001,01a0bf0f-878c-766d-8e01-d6e11e6ed23b,ACTIVE,2500000,250000,0,0,0,0
351180,01a0b1c2-b010-7000-8000-000000000001,01a0bf0f-8c6e-75e9-93bb-936cf39e95cf,ACTIVE,-2165064,-250000,-1250000,0,0,0
351180,01a0b1c2-b010-7000-8000-000000000001,01a0bf0f-9150-7093-94cd-6272941f015e,ACTIVE,-2500000,250000,0,0,0,0
351182,01a0b1c2-b010-7000-8000-000000000001,01a0bf0f-82ab-7769-983f-45fca21fae0a,ACTIVE,0,-250000,2500000,0,0,0
351182,01a0b1c2-b010-7000-8000-000000000001,01a0bf0f-878c-766d-8e01-d6e11e6ed23b,ACTIVE,2500000,250000,0,0,0,0
351182,01a0b1c2-b010-7000-8000-000000000001,01a0bf0f-8c6e-75e9-93bb-936cf39e95cf,ACTIVE,-2165064,-250000,-1250000,0,0,0
351182,01a0b1c2-b010-7000-8000-000000000001,01a0bf0f-9150-7093-94cd-6272941f015e,ACTIVE,-2500000,250000,0,0,0,0
351184,01a0b1c2-b010-7000-8000-000000000001,01a0bf0f-82ab-7769-983f-45fca21fae0a,ACTIVE,0,-250000,2500000,0,0,0
351184,01a0b1c2-b010-7000-8000-000000000001,01a0bf0f-878c-766d-8e01-d6e11e6ed23b,ACTIVE,2500000,250000,0,0,0,0
351184,01a0b1c2-b010-7000-8000-000000000001,01a0bf0f-8c6e-75e9-93bb-936cf39e95cf,ACTIVE,-2165064,-250000,-1250000,0,0,0
351184,01a0b1c2-b010-7000-8000-000000000001,01a0bf0f-9150-7093-94cd-6272941f015e,ACTIVE,-2500000,250000,0,0,0,0
351186,01a0b1c2-b010-7000-8000-000000000001,01a0bf0f-82ab-7769-983f-45fca21fae0a,ACTIVE,0,-250000,2500000,0,0,0
351186,01a0b1c2-b010-7000-8000-000000000001,01a0bf0f-878c-766d-8e01-d6e11e6ed23b,ACTIVE,2500000,250000,0,0,0,0
351186,01a0b1c2-b010-7000-8000-000000000001,01a0bf0f-8c6e-75e9-93bb-936cf39e95cf,ACTIVE,-2165064,-250000,-1250000,0,0,0
351186,01a0b1c2-b010-7000-8000-000000000001,01a0bf0f-9150-7093-94cd-6272941f015e,ACTIVE,-2500000,250000,0,0,0,0
351188,01a0b1c2-b010-7000-8000-000000000001,01a0bf0f-82ab-7769-983f-45fca21fae0a,ACTIVE,0,-250000,2500000,0,0,0
351188,01a0b1c2-b010-7000-8000-000000000001,01a0bf0f-878c-766d-8e01-d6e11e6ed23b,ACTIVE,2500000,250000,0,0,0,0
351188,01a0b1c2-b010-7000-8000-000000000001,01a0bf0f-8c6e-75e9-93bb-936cf39e95cf,ACTIVE,-2165064,-250000,-1250000,0,0,0
351188,01a0b1c2-b010-7000-8000-000000000001,01a0bf0f-9150-7093-94cd-6272941f015e,ACTIVE,-2500000,250000,0,0,0,0
351190,01a0b1c2-b010-7000-8000-000000000001,01a0bf0f-82ab-7769-983f-45fca21fae0a,ACTIVE,0,-250000,2500000,0,0,0
351190,01a0b1c2-b010-7000-8000-000000000001,01a0bf0f-878c-766d-8e01-d6e11e6ed23b,ACTIVE,2500000,250000,0,0,0,0
351190,01a0b1c2-b010-7000-8000-000000000001,01a0bf0f-8c6e-75e9-93bb-936cf39e95cf,ACTIVE,-2165064,-250000,-1250000,0,0,0
351190,01a0b1c2-b010-7000-8000-000000000001,01a0bf0f-9150-7093-94cd-6272941f015e,ACTIVE,-2500000,250000,0,0,0,0
351192,01a0b1c2-b010-7000-8000-000000000001,01a0bf0f-82ab-7769-983f-45fca21fae0a,ACTIVE,0,-250000,2500000,0,0,0
351192,01a0b1c2-b010-7000-8000-000000000001,01a0bf0f-878c-766d-8e01-d6e11e6ed23b,ACTIVE,2500000,250000,0,0,0,0
351192,01a0b1c2-b010-7000-8000-000000000001,01a0bf0f-8c6e-75e9-93bb-936cf39e95cf,ACTIVE,-2165064,-250000,-1250000,0,0,0
351192,01a0b1c2-b010-7000-8000-000000000001,01a0bf0f-9150-7093-94cd-6272941f015e,ACTIVE,-2500000,250000,0,0,0,0
351194,01a0b1c2-b010-7000-8000-000000000001,01a0bf0f-82ab-7769-983f-45fca21fae0a,ACTIVE,0,-250000,2500000,0,0,0
351194,01a0b1c2-b010-7000-8000-000000000001,01a0bf0f-878c-766d-8e01-d6e11e6ed23b,ACTIVE,2500000,250000,0,0,0,0
351194,01a0b1c2-b010-7000-8000-000000000001,01a0bf0f-8c6e-75e9-93bb-936cf39e95cf,ACTIVE,-2165064,-250000,-1250000,0,0,0
351194,01a0b1c2-b010-7000-8000-000000000001,01a0bf0f-9150-7093-94cd-6272941f015e,ACTIVE,-2500000,250000,0,0,0,0
351196,01a0b1c2-b010-7000-8000-000000000001,01a0bf0f-82ab-7769-983f-45fca21fae0a,ACTIVE,0,-250000,2500000,0,0,0
351196,01a0b1c2-b010-7000-8000-000000000001,01a0bf0f-878c-766d-8e01-d6e11e6ed23b,ACTIVE,2500000,250000,0,0,0,0
351196,01a0b1c2-b010-7000-8000-000000000001,01a0bf0f-8c6e-75e9-93bb-936cf39e95cf,ACTIVE,-2165064,-250000,-1250000,0,0,0
351196,01a0b1c2-b010-7000-8000-000000000001,01a0bf0f-9150-7093-94cd-6272941f015e,ACTIVE,-2500000,250000,0,0,0,0
351198,01a0b1c2-b010-7000-8000-000000000001,01a0bf0f-82ab-7769-983f-45fca21fae0a,ACTIVE,0,-250000,2500000,0,0,0
351198,01a0b1c2-b010-7000-8000-000000000001,01a0bf0f-878c-766d-8e01-d6e11e6ed23b,ACTIVE,2500000,250000,0,0,0,0
351198,01a0b1c2-b010-7000-8000-000000000001,01a0bf0f-8c6e-75e9-93bb-936cf39e95cf,ACTIVE,-2165064,-250000,-1250000,0,0,0
351198,01a0b1c2-b010-7000-8000-000000000001,01a0bf0f-9150-7093-94cd-6272941f015e,ACTIVE,-2500000,250000,0,0,0,0
351200,01a0b1c2-b010-7000-8000-000000000001,01a0bf0f-82ab-7769-983f-45fca21fae0a,ACTIVE,0,-250000,2500000,0,0,0
351200,01a0b1c2-b010-7000-8000-000000000001,01a0bf0f-878c-766d-8e01-d6e11e6ed23b,ACTIVE,2500000,250000,0,0,0,0
351200,01a0b1c2-b010-7000-8000-000000000001,01a0bf0f-8c6e-75e9-93bb-936cf39e95cf,ACTIVE,-2165064,-250000,-1250000,0,0,0
351200,01a0b1c2-b010-7000-8000-000000000001,01a0bf0f-9150-7093-94cd-6272941f015e,ACTIVE,-2500000,250000,0,0,0,0
351202,01a0b1c2-b010-7000-8000-000000000001,01a0bf0f-82ab-7769-983f-45fca21fae0a,ACTIVE,0,-250000,2500000,0,0,0
351202,01a0b1c2-b010-7000-8000-000000000001,01a0bf0f-878c-766d-8e01-d6e11e6ed23b,ACTIVE,2500000,250000,0,0,0,0
351202,01a0b1c2-b010-7000-8000-000000000001,01a0bf0f-8c6e-75e9-93bb-936cf39e95cf,ACTIVE,-2165064,-250000,-1250000,0,0,0
351202,01a0b1c2-b010-7000-8000-000000000001,01a0bf0f-9150-7093-94cd-6272941f015e,ACTIVE,-2500000,250000,0,0,0,0
351204,01a0b1c2-b010-7000-8000-000000000001,01a0bf0f-82ab-7769-983f-45fca21fae0a,ACTIVE,0,-250000,2500000,0,0,0
351204,01a0b1c2-b010-7000-8000-000000000001,01a0bf0f-878c-766d-8e01-d6e11e6ed23b,ACTIVE,2500000,250000,0,0,0,0
351204,01a0b1c2-b010-7000-8000-000000000001,01a0bf0f-8c6e-75e9-93bb-936cf39e95cf,ACTIVE,-2165064,-250000,-1250000,0,0,0
351204,01a0b1c2-b010-7000-8000-000000000001,01a0bf0f-9150-7093-94cd-6272941f015e,ACTIVE,-2500000,250000,0,0,0,0
351206,01a0b1c2-b010-7000-8000-000000000001,01a0bf0f-82ab-7769-983f-45fca21fae0a,ACTIVE,0,-250000,2500000,0,0,0
351206,01a0b1c2-b010-7000-8000-000000000001,01a0bf0f-878c-766d-8e01-d6e11e6ed23b,ACTIVE,2500000,250000,0,0,0,0
351206,01a0b1c2-b010-7000-8000-000000000001,01a0bf0f-8c6e-75e9-93bb-936cf39e95cf,ACTIVE,-2165064,-250000,-1250000,0,0,0
351206,01a0b1c2-b010-7000-8000-000000000001,01a0bf0f-9150-7093-94cd-6272941f015e,ACTIVE,-2500000,250000,0,0,0,0
351208,01a0b1c2-b010-7000-8000-000000000001,01a0bf0f-82ab-7769-983f-45fca21fae0a,ACTIVE,0,-250000,2500000,0,0,0
351208,01a0b1c2-b010-7000-8000-000000000001,01a0bf0f-878c-766d-8e01-d6e11e6ed23b,ACTIVE,2500000,250000,0,0,0,0
351208,01a0b1c2-b010-7000-8000-000000000001,01a0bf0f-8c6e-75e9-93bb-936cf39e95cf,ACTIVE,-2165064,-250000,-1250000,0,0,0
351208,01a0b1c2-b010-7000-8000-000000000001,01a0bf0f-9150-7093-94cd-6272941f015e,ACTIVE,-2500000,250000,0,0,0,0
351210,01a0b1c2-b010-7000-8000-000000000001,01a0bf0f-82ab-7769-983f-45fca21fae0a,ACTIVE,0,-250000,2500000,0,0,0
351210,01a0b1c2-b010-7000-8000-000000000001,01a0bf0f-878c-766d-8e01-d6e11e6ed23b,ACTIVE,2500000,250000,0,0,0,0
351210,01a0b1c2-b010-7000-8000-000000000001,01a0bf0f-8c6e-75e9-93bb-936cf39e95cf,ACTIVE,-2165064,-250000,-1250000,0,0,0
351210,01a0b1c2-b010-7000-8000-000000000001,01a0bf0f-9150-7093-94cd-6272941f015e,ACTIVE,-2500000,250000,0,0,0,0
351212,01a0b1c2-b010-7000-8000-000000000001,01a0bf0f-82ab-7769-983f-45fca21fae0a,ACTIVE,0,-250000,2500000,0,0,0
351212,01a0b1c2-b010-7000-8000-000000000001,01a0bf0f-878c-766d-8e01-d6e11e6ed23b,ACTIVE,2500000,250000,0,0,0,0
351212,01a0b1c2-b010-7000-8000-000000000001,01a0bf0f-8c6e-75e9-93bb-936cf39e95cf,ACTIVE,-2165064,-250000,-1250000,0,0,0
351212,01a0b1c2-b010-7000-8000-000000000001,01a0bf0f-9150-7093-94cd-6272941f015e,ACTIVE,-2500000,250000,0,0,0,0
351214,01a0b1c2-b010-7000-8000-000000000001,01a0bf0f-82ab-7769-983f-45fca21fae0a,ACTIVE,0,-250000,2500000,0,0,0
351214,01a0b1c2-b010-7000-8000-000000000001,01a0bf0f-878c-766d-8e01-d6e11e6ed23b,ACTIVE,2500000,250000,0,0,0,0
351214,01a0b1c2-b010-7000-8000-000000000001,01a0bf0f-8c6e-75e9-93bb-936cf39e95cf,ACTIVE,-2165064,-250000,-1250000,0,0,0
351214,01a0b1c2-b010-7000-8000-000000000001,01a0bf0f-9150-7093-94cd-6272941f015e,ACTIVE,-2500000,250000,0,0,0,0
351216,01a0b1c2-b010-7000-8000-000000000001,01a0bf0f-82ab-7769-983f-45fca21fae0a,ACTIVE,0,-250000,2500000,0,0,0
351216,01a0b1c2-b010-7000-8000-000000000001,01a0bf0f-878c-766d-8e01-d6e11e6ed23b,ACTIVE,2500000,250000,0,0,0,0
351216,01a0b1c2-b010-7000-8000-000000000001,01a0bf0f-8c6e-75e9-93bb-936cf39e95cf,ACTIVE,-2165064,-250000,-1250000,0,0,0
351216,01a0b1c2-b010-7000-8000-000000000001,01a0bf0f-9150-7093-94cd-6272941f015e,ACTIVE,-2500000,250000,0,0,0,0
351218,01a0b1c2-b010-7000-8000-000000000001,01a0bf0f-82ab-7769-983f-45fca21fae0a,ACTIVE,0,-250000,2500000,0,0,0
351218,01a0b1c2-b010-7000-8000-000000000001,01a0bf0f-878c-766d-8e01-d6e11e6ed23b,ACTIVE,2500000,250000,0,0,0,0
351218,01a0b1c2-b010-7000-8000-000000000001,01a0bf0f-8c6e-75e9-93bb-936cf39e95cf,ACTIVE,-2165064,-250000,-1250000,0,0,0
351218,01a0b1c2-b010-7000-8000-000000000001,01a0bf0f-9150-7093-94cd-6272941f015e,ACTIVE,-2500000,250000,0,0,0,0
351220,01a0b1c2-b010-7000-8000-000000000001,01a0bf0f-82ab-7769-983f-45fca21fae0a,ACTIVE,0,-250000,2500000,0,0,0
351220,01a0b1c2-b010-7000-8000-000000000001,01a0bf0f-878c-766d-8e01-d6e11e6ed23b,ACTIVE,2500000,250000,0,0,0,0
351220,01a0b1c2-b010-7000-8000-000000000001,01a0bf0f-8c6e-75e9-93bb-936cf39e95cf,ACTIVE,-2165064,-250000,-1250000,0,0,0
351220,01a0b1c2-b010-7000-8000-000000000001,01a0bf0f-9150-7093-94cd-6272941f015e,ACTIVE,-2500000,250000,0,0,0,0
351222,01a0b1c2-b010-7000-8000-000000000001,01a0bf0f-82ab-7769-983f-45fca21fae0a,ACTIVE,0,-250000,2500000,0,0,0
351222,01a0b1c2-b010-7000-8000-000000000001,01a0bf0f-878c-766d-8e01-d6e11e6ed23b,ACTIVE,2500000,250000,0,0,0,0
351222,01a0b1c2-b010-7000-8000-000000000001,01a0bf0f-8c6e-75e9-93bb-936cf39e95cf,ACTIVE,-2165064,-250000,-1250000,0,0,0
351222,01a0b1c2-b010-7000-8000-000000000001,01a0bf0f-9150-7093-94cd-6272941f015e,ACTIVE,-2500000,250000,0,0,0,0
351224,01a0b1c2-b010-7000-8000-000000000001,01a0bf0f-82ab-7769-983f-45fca21fae0a,ACTIVE,0,-250000,2500000,0,0,0
351224,01a0b1c2-b010-7000-8000-000000000001,01a0bf0f-878c-766d-8e01-d6e11e6ed23b,ACTIVE,2500000,250000,0,0,0,0
351224,01a0b1c2-b010-7000-8000-000000000001,01a0bf0f-8c6e-75e9-93bb-936cf39e95cf,ACTIVE,-2165064,-250000,-1250000,0,0,0
351224,01a0b1c2-b010-7000-8000-000000000001,01a0bf0f-9150-7093-94cd-6272941f015e,ACTIVE,-2500000,250000,0,0,0,0
351226,01a0b1c2-b010-7000-8000-000000000001,01a0bf0f-82ab-7769-983f-45fca21fae0a,ACTIVE,0,-250000,2500000,0,0,0
351226,01a0b1c2-b010-7000-8000-000000000001,01a0bf0f-878c-766d-8e01-d6e11e6ed23b,ACTIVE,2500000,250000,0,0,0,0
351226,01a0b1c2-b010-7000-8000-000000000001,01a0bf0f-8c6e-75e9-93bb-936cf39e95cf,ACTIVE,-2165064,-250000,-1250000,0,0,0
351226,01a0b1c2-b010-7000-8000-000000000001,01a0bf0f-9150-7093-94cd-6272941f015e,ACTIVE,-2500000,250000,0,0,0,0
351228,01a0b1c2-b010-7000-8000-000000000001,01a0bf0f-82ab-7769-983f-45fca21fae0a,ACTIVE,0,-250000,2500000,0,0,0
351228,01a0b1c2-b010-7000-8000-000000000001,01a0bf0f-878c-766d-8e01-d6e11e6ed23b,ACTIVE,2500000,250000,0,0,0,0
351228,01a0b1c2-b010-7000-8000-000000000001,01a0bf0f-8c6e-75e9-93bb-936cf39e95cf,ACTIVE,-2165064,-250000,-1250000,0,0,0
351228,01a0b1c2-b010-7000-8000-000000000001,01a0bf0f-9150-7093-94cd-6272941f015e,ACTIVE,-2500000,250000,0,0,0,0
351230,01a0b1c2-b010-7000-8000-000000000001,01a0bf0f-82ab-7769-983f-45fca21fae0a,ACTIVE,0,-250000,2500000,0,0,0
351230,01a0b1c2-b010-7000-8000-000000000001,01a0bf0f-878c-766d-8e01-d6e11e6ed23b,ACTIVE,2500000,250000,0,0,0,0
351230,01a0b1c2-b010-7000-8000-000000000001,01a0bf0f-8c6e-75e9-93bb-936cf39e95cf,ACTIVE,-2165064,-250000,-1250000,0,0,0
351230,01a0b1c2-b010-7000-8000-000000000001,01a0bf0f-9150-7093-94cd-6272941f015e,ACTIVE,-2500000,250000,0,0,0,0
351232,01a0b1c2-b010-7000-8000-000000000001,01a0bf0f-82ab-7769-983f-45fca21fae0a,ACTIVE,0,-250000,2500000,0,0,0
351232,01a0b1c2-b010-7000-8000-000000000001,01a0bf0f-878c-766d-8e01-d6e11e6ed23b,ACTIVE,2500000,250000,0,0,0,0
351232,01a0b1c2-b010-7000-8000-000000000001,01a0bf0f-8c6e-75e9-93bb-936cf39e95cf,ACTIVE,-2165064,-250000,-1250000,0,0,0
351232,01a0b1c2-b010-7000-8000-000000000001,01a0bf0f-9150-7093-94cd-6272941f015e,ACTIVE,-2500000,250000,0,0,0,0
351234,01a0b1c2-b010-7000-8000-000000000001,01a0bf0f-82ab-7769-983f-45fca21fae0a,ACTIVE,0,-250000,2500000,0,0,0
351234,01a0b1c2-b010-7000-8000-000000000001,01a0bf0f-878c-766d-8e01-d6e11e6ed23b,ACTIVE,2500000,250000,0,0,0,0
351234,01a0b1c2-b010-7000-8000-000000000001,01a0bf0f-8c6e-75e9-93bb-936cf39e95cf,ACTIVE,-2165064,-250000,-1250000,0,0,0
351234,01a0b1c2-b010-7000-8000-000000000001,01a0bf0f-9150-7093-94cd-6272941f015e,ACTIVE,-2500000,250000,0,0,0,0
351236,01a0b1c2-b010-7000-8000-000000000001,01a0bf0f-82ab-7769-983f-45fca21fae0a,ACTIVE,0,-250000,2500000,0,0,0
351236,01a0b1c2-b010-7000-8000-000000000001,01a0bf0f-878c-766d-8e01-d6e11e6ed23b,ACTIVE,2500000,250000,0,0,0,0
351236,01a0b1c2-b010-7000-8000-000000000001,01a0bf0f-8c6e-75e9-93bb-936cf39e95cf,ACTIVE,-2165064,-250000,-1250000,0,0,0
351236,01a0b1c2-b010-7000-8000-000000000001,01a0bf0f-9150-7093-94cd-6272941f015e,ACTIVE,-2500000,250000,0,0,0,0
351238,01a0b1c2-b010-7000-8000-000000000001,01a0bf0f-82ab-7769-983f-45fca21fae0a,ACTIVE,0,-250000,2500000,0,0,0
351238,01a0b1c2-b010-7000-8000-000000000001,01a0bf0f-878c-766d-8e01-d6e11e6ed23b,ACTIVE,2500000,250000,0,0,0,0
351238,01a0b1c2-b010-7000-8000-000000000001,01a0bf0f-8c6e-75e9-93bb-936cf39e95cf,ACTIVE,-2165064,-250000,-1250000,0,0,0
351238,01a0b1c2-b010-7000-8000-000000000001,01a0bf0f-9150-7093-94cd-6272941f015e,ACTIVE,-2500000,250000,0,0,0,0
351240,01a0b1c2-b010-7000-8000-000000000001,01a0bf0f-82ab-7769-983f-45fca21fae0a,ACTIVE,0,-250000,2500000,0,0,0
351240,01a0b1c2-b010-7000-8000-000000000001,01a0bf0f-878c-766d-8e01-d6e11e6ed23b,ACTIVE,2500000,250000,0,0,0,0
351240,01a0b1c2-b010-7000-8000-000000000001,01a0bf0f-8c6e-75e9-93bb-936cf39e95cf,ACTIVE,-2165064,-250000,-1250000,0,0,0
351240,01a0b1c2-b010-7000-8000-000000000001,01a0bf0f-9150-7093-94cd-6272941f015e,ACTIVE,-2500000,250000,0,0,0,0
351242,01a0b1c2-b010-7000-8000-000000000001,01a0bf0f-82ab-7769-983f-45fca21fae0a,ACTIVE,0,-250000,2500000,0,0,0
351242,01a0b1c2-b010-7000-8000-000000000001,01a0bf0f-878c-766d-8e01-d6e11e6ed23b,ACTIVE,2500000,250000,0,0,0,0
351242,01a0b1c2-b010-7000-8000-000000000001,01a0bf0f-8c6e-75e9-93bb-936cf39e95cf,ACTIVE,-2165064,-250000,-1250000,0,0,0
351242,01a0b1c2-b010-7000-8000-000000000001,01a0bf0f-9150-7093-94cd-6272941f015e,ACTIVE,-2500000,250000,0,0,0,0
351244,01a0b1c2-b010-7000-8000-000000000001,01a0bf0f-82ab-7769-983f-45fca21fae0a,ACTIVE,0,-250000,2500000,0,0,0
351244,01a0b1c2-b010-7000-8000-000000000001,01a0bf0f-878c-766d-8e01-d6e11e6ed23b,ACTIVE,2500000,250000,0,0,0,0
351244,01a0b1c2-b010-7000-8000-000000000001,01a0bf0f-8c6e-75e9-93bb-936cf39e95cf,ACTIVE,-2165064,-250000,-1250000,0,0,0
351244,01a0b1c2-b010-7000-8000-000000000001,01a0bf0f-9150-7093-94cd-6272941f015e,ACTIVE,-2500000,250000,0,0,0,0
351246,01a0b1c2-b010-7000-8000-000000000001,01a0bf0f-82ab-7769-983f-45fca21fae0a,ACTIVE,0,-250000,2500000,0,0,0
351246,01a0b1c2-b010-7000-8000-000000000001,01a0bf0f-878c-766d-8e01-d6e11e6ed23b,ACTIVE,2500000,250000,0,0,0,0
351246,01a0b1c2-b010-7000-8000-000000000001,01a0bf0f-8c6e-75e9-93bb-936cf39e95cf,ACTIVE,-2165064,-250000,-1250000,0,0,0
351246,01a0b1c2-b010-7000-8000-000000000001,01a0bf0f-9150-7093-94cd-6272941f015e,ACTIVE,-2500000,250000,0,0,0,0
351248,01a0b1c2-b010-7000-8000-000000000001,01a0bf0f-82ab-7769-983f-45fca21fae0a,ACTIVE,0,-250000,2500000,0,0,0
351248,01a0b1c2-b010-7000-8000-000000000001,01a0bf0f-878c-766d-8e01-d6e11e6ed23b,ACTIVE,2500000,250000,0,0,0,0
351248,01a0b1c2-b010-7000-8000-000000000001,01a0bf0f-8c6e-75e9-93bb-936cf39e95cf,ACTIVE,-2165064,-250000,-1250000,0,0,0
351248,01a0b1c2-b010-7000-8000-000000000001,01a0bf0f-9150-7093-94cd-6272941f015e,ACTIVE,-2500000,250000,0,0,0,0
351250,01a0b1c2-b010-7000-8000-000000000001,01a0bf0f-82ab-7769-983f-45fca21fae0a,ACTIVE,0,-250000,2500000,0,0,0
351250,01a0b1c2-b010-7000-8000-000000000001,01a0bf0f-878c-766d-8e01-d6e11e6ed23b,ACTIVE,2500000,250000,0,0,0,0
351250,01a0b1c2-b010-7000-8000-000000000001,01a0bf0f-8c6e-75e9-93bb-936cf39e95cf,ACTIVE,-2165064,-250000,-1250000,0,0,0
351250,01a0b1c2-b010-7000-8000-000000000001,01a0bf0f-9150-7093-94cd-6272941f015e,ACTIVE,-2500000,250000,0,0,0,0
351252,01a0b1c2-b010-7000-8000-000000000001,01a0bf0f-82ab-7769-983f-45fca21fae0a,ACTIVE,0,-250000,2500000,0,0,0
351252,01a0b1c2-b010-7000-8000-000000000001,01a0bf0f-878c-766d-8e01-d6e11e6ed23b,ACTIVE,2500000,250000,0,0,0,0
351252,01a0b1c2-b010-7000-8000-000000000001,01a0bf0f-8c6e-75e9-93bb-936cf39e95cf,ACTIVE,-2165064,-250000,-1250000,0,0,0
351252,01a0b1c2-b010-7000-8000-000000000001,01a0bf0f-9150-7093-94cd-6272941f015e,ACTIVE,-2500000,250000,0,0,0,0
351254,01a0b1c2-b010-7000-8000-000000000001,01a0bf0f-82ab-7769-983f-45fca21fae0a,ACTIVE,0,-250000,2500000,0,0,0
351254,01a0b1c2-b010-7000-8000-000000000001,01a0bf0f-878c-766d-8e01-d6e11e6ed23b,ACTIVE,2500000,250000,0,0,0,0
351254,01a0b1c2-b010-7000-8000-000000000001,01a0bf0f-8c6e-75e9-93bb-936cf39e95cf,ACTIVE,-2165064,-250000,-1250000,0,0,0
351254,01a0b1c2-b010-7000-8000-000000000001,01a0bf0f-9150-7093-94cd-6272941f015e,ACTIVE,-2500000,250000,0,0,0,0
351256,01a0b1c2-b010-7000-8000-000000000001,01a0bf0f-82ab-7769-983f-45fca21fae0a,ACTIVE,0,-250000,2500000,0,0,0
351256,01a0b1c2-b010-7000-8000-000000000001,01a0bf0f-878c-766d-8e01-d6e11e6ed23b,ACTIVE,2500000,250000,0,0,0,0
351256,01a0b1c2-b010-7000-8000-000000000001,01a0bf0f-8c6e-75e9-93bb-936cf39e95cf,ACTIVE,-2165064,-250000,-1250000,0,0,0
351256,01a0b1c2-b010-7000-8000-000000000001,01a0bf0f-9150-7093-94cd-6272941f015e,ACTIVE,-2500000,250000,0,0,0,0
351258,01a0b1c2-b010-7000-8000-000000000001,01a0bf0f-82ab-7769-983f-45fca21fae0a,ACTIVE,0,-250000,2500000,0,0,0
351258,01a0b1c2-b010-7000-8000-000000000001,01a0bf0f-878c-766d-8e01-d6e11e6ed23b,ACTIVE,2500000,250000,0,0,0,0
351258,01a0b1c2-b010-7000-8000-000000000001,01a0bf0f-8c6e-75e9-93bb-936cf39e95cf,ACTIVE,-2165064,-250000,-1250000,0,0,0
351258,01a0b1c2-b010-7000-8000-000000000001,01a0bf0f-9150-7093-94cd-6272941f015e,ACTIVE,-2500000,250000,0,0,0,0
351260,01a0b1c2-b010-7000-8000-000000000001,01a0bf0f-82ab-7769-983f-45fca21fae0a,ACTIVE,0,-250000,2500000,0,0,0
351260,01a0b1c2-b010-7000-8000-000000000001,01a0bf0f-878c-766d-8e01-d6e11e6ed23b,ACTIVE,2500000,250000,0,0,0,0
351260,01a0b1c2-b010-7000-8000-000000000001,01a0bf0f-8c6e-75e9-93bb-936cf39e95cf,ACTIVE,-2165064,-250000,-1250000,0,0,0
351260,01a0b1c2-b010-7000-8000-000000000001,01a0bf0f-9150-7093-94cd-6272941f015e,ACTIVE,-2500000,250000,0,0,0,0
351262,01a0b1c2-b010-7000-8000-000000000001,01a0bf0f-82ab-7769-983f-45fca21fae0a,ACTIVE,0,-250000,2500000,0,0,0
351262,01a0b1c2-b010-7000-8000-000000000001,01a0bf0f-878c-766d-8e01-d6e11e6ed23b,ACTIVE,2500000,250000,0,0,0,0
351262,01a0b1c2-b010-7000-8000-000000000001,01a0bf0f-8c6e-75e9-93bb-936cf39e95cf,ACTIVE,-2165064,-250000,-1250000,0,0,0
351262,01a0b1c2-b010-7000-8000-000000000001,01a0bf0f-9150-7093-94cd-6272941f015e,ACTIVE,-2500000,250000,0,0,0,0
351264,01a0b1c2-b010-7000-8000-000000000001,01a0bf0f-82ab-7769-983f-45fca21fae0a,ACTIVE,0,-250000,2500000,0,0,0
351264,01a0b1c2-b010-7000-8000-000000000001,01a0bf0f-878c-766d-8e01-d6e11e6ed23b,ACTIVE,2500000,250000,0,0,0,0
351264,01a0b1c2-b010-7000-8000-000000000001,01a0bf0f-8c6e-75e9-93bb-936cf39e95cf,ACTIVE,-2165064,-250000,-1250000,0,0,0
351264,01a0b1c2-b010-7000-8000-000000000001,01a0bf0f-9150-7093-94cd-6272941f015e,ACTIVE,-2500000,250000,0,0,0,0
351266,01a0b1c2-b010-7000-8000-000000000001,01a0bf0f-82ab-7769-983f-45fca21fae0a,ACTIVE,0,-250000,2500000,0,0,0
351266,01a0b1c2-b010-7000-8000-000000000001,01a0bf0f-878c-766d-8e01-d6e11e6ed23b,ACTIVE,2500000,250000,0,0,0,0
351266,01a0b1c2-b010-7000-8000-000000000001,01a0bf0f-8c6e-75e9-93bb-936cf39e95cf,ACTIVE,-2165064,-250000,-1250000,0,0,0
351266,01a0b1c2-b010-7000-8000-000000000001,01a0bf0f-9150-7093-94cd-6272941f015e,ACTIVE,-2500000,250000,0,0,0,0
351268,01a0b1c2-b010-7000-8000-000000000001,01a0bf0f-82ab-7769-983f-45fca21fae0a,ACTIVE,0,-250000,2500000,0,0,0
351268,01a0b1c2-b010-7000-8000-000000000001,01a0bf0f-878c-766d-8e01-d6e11e6ed23b,ACTIVE,2500000,250000,0,0,0,0
351268,01a0b1c2-b010-7000-8000-000000000001,01a0bf0f-8c6e-75e9-93bb-936cf39e95cf,ACTIVE,-2165064,-250000,-1250000,0,0,0
351268,01a0b1c2-b010-7000-8000-000000000001,01a0bf0f-9150-7093-94cd-6272941f015e,ACTIVE,-2500000,250000,0,0,0,0
351270,01a0b1c2-b010-7000-8000-000000000001,01a0bf0f-82ab-7769-983f-45fca21fae0a,ACTIVE,0,-250000,2500000,0,0,0
351270,01a0b1c2-b010-7000-8000-000000000001,01a0bf0f-878c-766d-8e01-d6e11e6ed23b,ACTIVE,2500000,250000,0,0,0,0
351270,01a0b1c2-b010-7000-8000-000000000001,01a0bf0f-8c6e-75e9-93bb-936cf39e95cf,ACTIVE,-2165064,-250000,-1250000,0,0,0
351270,01a0b1c2-b010-7000-8000-000000000001,01a0bf0f-9150-7093-94cd-6272941f015e,ACTIVE,-2500000,250000,0,0,0,0
351272,01a0b1c2-b010-7000-8000-000000000001,01a0bf0f-82ab-7769-983f-45fca21fae0a,ACTIVE,0,-250000,2500000,0,0,0
351272,01a0b1c2-b010-7000-8000-000000000001,01a0bf0f-878c-766d-8e01-d6e11e6ed23b,ACTIVE,2500000,250000,0,0,0,0
351272,01a0b1c2-b010-7000-8000-000000000001,01a0bf0f-8c6e-75e9-93bb-936cf39e95cf,ACTIVE,-2165064,-250000,-1250000,0,0,0
351272,01a0b1c2-b010-7000-8000-000000000001,01a0bf0f-9150-7093-94cd-6272941f015e,ACTIVE,-2500000,250000,0,0,0,0
351274,01a0b1c2-b010-7000-8000-000000000001,01a0bf0f-82ab-7769-983f-45fca21fae0a,ACTIVE,0,-250000,2500000,0,0,0
351274,01a0b1c2-b010-7000-8000-000000000001,01a0bf0f-878c-766d-8e01-d6e11e6ed23b,ACTIVE,2500000,250000,0,0,0,0
351274,01a0b1c2-b010-7000-8000-000000000001,01a0bf0f-8c6e-75e9-93bb-936cf39e95cf,ACTIVE,-2165064,-250000,-1250000,0,0,0
351274,01a0b1c2-b010-7000-8000-000000000001,01a0bf0f-9150-7093-94cd-6272941f015e,ACTIVE,-2500000,250000,0,0,0,0
351276,01a0b1c2-b010-7000-8000-000000000001,01a0bf0f-82ab-7769-983f-45fca21fae0a,ACTIVE,0,-250000,2500000,0,0,0
351276,01a0b1c2-b010-7000-8000-000000000001,01a0bf0f-878c-766d-8e01-d6e11e6ed23b,ACTIVE,2500000,250000,0,0,0,0
351276,01a0b1c2-b010-7000-8000-000000000001,01a0bf0f-8c6e-75e9-93bb-936cf39e95cf,ACTIVE,-2165064,-250000,-1250000,0,0,0
351276,01a0b1c2-b010-7000-8000-000000000001,01a0bf0f-9150-7093-94cd-6272941f015e,ACTIVE,-2500000,250000,0,0,0,0
351278,01a0b1c2-b010-7000-8000-000000000001,01a0bf0f-82ab-7769-983f-45fca21fae0a,ACTIVE,0,-250000,2500000,0,0,0
351278,01a0b1c2-b010-7000-8000-000000000001,01a0bf0f-878c-766d-8e01-d6e11e6ed23b,ACTIVE,2500000,250000,0,0,0,0
351278,01a0b1c2-b010-7000-8000-000000000001,01a0bf0f-8c6e-75e9-93bb-936cf39e95cf,ACTIVE,-2165064,-250000,-1250000,0,0,0
351278,01a0b1c2-b010-7000-8000-000000000001,01a0bf0f-9150-7093-94cd-6272941f015e,ACTIVE,-2500000,250000,0,0,0,0
351280,01a0b1c2-b010-7000-8000-000000000001,01a0bf0f-82ab-7769-983f-45fca21fae0a,ACTIVE,0,-250000,2500000,0,0,0
351280,01a0b1c2-b010-7000-8000-000000000001,01a0bf0f-878c-766d-8e01-d6e11e6ed23b,ACTIVE,2500000,250000,0,0,0,0
351280,01a0b1c2-b010-7000-8000-000000000001,01a0bf0f-8c6e-75e9-93bb-936cf39e95cf,ACTIVE,-2165064,-250000,-1250000,0,0,0
351280,01a0b1c2-b010-7000-8000-000000000001,01a0bf0f-9150-7093-94cd-6272941f015e,ACTIVE,-2500000,250000,0,0,0,0
351282,01a0b1c2-b010-7000-8000-000000000001,01a0bf0f-82ab-7769-983f-45fca21fae0a,ACTIVE,0,-250000,2500000,0,0,0
351282,01a0b1c2-b010-7000-8000-000000000001,01a0bf0f-878c-766d-8e01-d6e11e6ed23b,ACTIVE,2500000,250000,0,0,0,0
351282,01a0b1c2-b010-7000-8000-000000000001,01a0bf0f-8c6e-75e9-93bb-936cf39e95cf,ACTIVE,-2165064,-250000,-1250000,0,0,0
351282,01a0b1c2-b010-7000-8000-000000000001,01a0bf0f-9150-7093-94cd-6272941f015e,ACTIVE,-2500000,250000,0,0,0,0
351284,01a0b1c2-b010-7000-8000-000000000001,01a0bf0f-82ab-7769-983f-45fca21fae0a,ACTIVE,0,-250000,2500000,0,0,0
351284,01a0b1c2-b010-7000-8000-000000000001,01a0bf0f-878c-766d-8e01-d6e11e6ed23b,ACTIVE,2500000,250000,0,0,0,0
351284,01a0b1c2-b010-7000-8000-000000000001,01a0bf0f-8c6e-75e9-93bb-936cf39e95cf,ACTIVE,-2165064,-250000,-1250000,0,0,0
351284,01a0b1c2-b010-7000-8000-000000000001,01a0bf0f-9150-7093-94cd-6272941f015e,ACTIVE,-2500000,250000,0,0,0,0
351286,01a0b1c2-b010-7000-8000-000000000001,01a0bf0f-82ab-7769-983f-45fca21fae0a,ACTIVE,0,-250000,2500000,0,0,0
351286,01a0b1c2-b010-7000-8000-000000000001,01a0bf0f-878c-766d-8e01-d6e11e6ed23b,ACTIVE,2500000,250000,0,0,0,0
351286,01a0b1c2-b010-7000-8000-000000000001,01a0bf0f-8c6e-75e9-93bb-936cf39e95cf,ACTIVE,-2165064,-250000,-1250000,0,0,0
351286,01a0b1c2-b010-7000-8000-000000000001,01a0bf0f-9150-7093-94cd-6272941f015e,ACTIVE,-2500000,250000,0,0,0,0
351288,01a0b1c2-b010-7000-8000-000000000001,01a0bf0f-82ab-7769-983f-45fca21fae0a,ACTIVE,0,-250000,2500000,0,0,0
351288,01a0b1c2-b010-7000-8000-000000000001,01a0bf0f-878c-766d-8e01-d6e11e6ed23b,ACTIVE,2500000,250000,0,0,0,0
351288,01a0b1c2-b010-7000-8000-000000000001,01a0bf0f-8c6e-75e9-93bb-936cf39e95cf,ACTIVE,-2165064,-250000,-1250000,0,0,0
351288,01a0b1c2-b010-7000-8000-000000000001,01a0bf0f-9150-7093-94cd-6272941f015e,ACTIVE,-2500000,250000,0,0,0,0
351290,01a0b1c2-b010-7000-8000-000000000001,01a0bf0f-82ab-7769-983f-45fca21fae0a,ACTIVE,0,-250000,2500000,0,0,0
351290,01a0b1c2-b010-7000-8000-000000000001,01a0bf0f-878c-766d-8e01-d6e11e6ed23b,ACTIVE,2500000,250000,0,0,0,0
351290,01a0b1c2-b010-7000-8000-000000000001,01a0bf0f-8c6e-75e9-93bb-936cf39e95cf,ACTIVE,-2165064,-250000,-1250000,0,0,0
351290,01a0b1c2-b010-7000-8000-000000000001,01a0bf0f-9150-7093-94cd-6272941f015e,ACTIVE,-2500000,250000,0,0,0,0
351292,01a0b1c2-b010-7000-8000-000000000001,01a0bf0f-82ab-7769-983f-45fca21fae0a,ACTIVE,0,-250000,2500000,0,0,0
351292,01a0b1c2-b010-7000-8000-000000000001,01a0bf0f-878c-766d-8e01-d6e11e6ed23b,ACTIVE,2500000,250000,0,0,0,0
351292,01a0b1c2-b010-7000-8000-000000000001,01a0bf0f-8c6e-75e9-93bb-936cf39e95cf,ACTIVE,-2165064,-250000,-1250000,0,0,0
351292,01a0b1c2-b010-7000-8000-000000000001,01a0bf0f-9150-7093-94cd-6272941f015e,ACTIVE,-2500000,250000,0,0,0,0
351294,01a0b1c2-b010-7000-8000-000000000001,01a0bf0f-82ab-7769-983f-45fca21fae0a,ACTIVE,0,-250000,2500000,0,0,0
351294,01a0b1c2-b010-7000-8000-000000000001,01a0bf0f-878c-766d-8e01-d6e11e6ed23b,ACTIVE,2500000,250000,0,0,0,0
351294,01a0b1c2-b010-7000-8000-000000000001,01a0bf0f-8c6e-75e9-93bb-936cf39e95cf,ACTIVE,-2165064,-250000,-1250000,0,0,0
351294,01a0b1c2-b010-7000-8000-000000000001,01a0bf0f-9150-7093-94cd-6272941f015e,ACTIVE,-2500000,250000,0,0,0,0
351296,01a0b1c2-b010-7000-8000-000000000001,01a0bf0f-82ab-7769-983f-45fca21fae0a,ACTIVE,0,-250000,2500000,0,0,0
351296,01a0b1c2-b010-7000-8000-000000000001,01a0bf0f-878c-766d-8e01-d6e11e6ed23b,ACTIVE,2500000,250000,0,0,0,0
351296,01a0b1c2-b010-7000-8000-000000000001,01a0bf0f-8c6e-75e9-93bb-936cf39e95cf,ACTIVE,-2165064,-250000,-1250000,0,0,0
351296,01a0b1c2-b010-7000-8000-000000000001,01a0bf0f-9150-7093-94cd-6272941f015e,ACTIVE,-2500000,250000,0,0,0,0
351298,01a0b1c2-b010-7000-8000-000000000001,01a0bf0f-82ab-7769-983f-45fca21fae0a,ACTIVE,0,-250000,2500000,0,0,0
351298,01a0b1c2-b010-7000-8000-000000000001,01a0bf0f-878c-766d-8e01-d6e11e6ed23b,ACTIVE,2500000,250000,0,0,0,0
351298,01a0b1c2-b010-7000-8000-000000000001,01a0bf0f-8c6e-75e9-93bb-936cf39e95cf,ACTIVE,-2165064,-250000,-1250000,0,0,0
351298,01a0b1c2-b010-7000-8000-000000000001,01a0bf0f-9150-7093-94cd-6272941f015e,ACTIVE,-2500000,250000,0,0,0,0
351300,01a0b1c2-b010-7000-8000-000000000001,01a0bf0f-82ab-7769-983f-45fca21fae0a,ACTIVE,0,-250000,2500000,0,0,0
351300,01a0b1c2-b010-7000-8000-000000000001,01a0bf0f-878c-766d-8e01-d6e11e6ed23b,ACTIVE,2500000,250000,0,0,0,0
351300,01a0b1c2-b010-7000-8000-000000000001,01a0bf0f-8c6e-75e9-93bb-936cf39e95cf,ACTIVE,-2165064,-250000,-1250000,0,0,0
351300,01a0b1c2-b010-7000-8000-000000000001,01a0bf0f-9150-7093-94cd-6272941f015e,ACTIVE,-2500000,250000,0,0,0,0
351302,01a0b1c2-b010-7000-8000-000000000001,01a0bf0f-82ab-7769-983f-45fca21fae0a,ACTIVE,0,-250000,2500000,0,0,0
351302,01a0b1c2-b010-7000-8000-000000000001,01a0bf0f-878c-766d-8e01-d6e11e6ed23b,ACTIVE,2500000,250000,0,0,0,0
351302,01a0b1c2-b010-7000-8000-000000000001,01a0bf0f-8c6e-75e9-93bb-936cf39e95cf,ACTIVE,-2165064,-250000,-1250000,0,0,0
351302,01a0b1c2-b010-7000-8000-000000000001,01a0bf0f-9150-7093-94cd-6272941f015e,ACTIVE,-2500000,250000,0,0,0,0
351304,01a0b1c2-b010-7000-8000-000000000001,01a0bf0f-82ab-7769-983f-45fca21fae0a,ACTIVE,0,-250000,2500000,0,0,0
351304,01a0b1c2-b010-7000-8000-000000000001,01a0bf0f-878c-766d-8e01-d6e11e6ed23b,ACTIVE,2500000,250000,0,0,0,0
351304,01a0b1c2-b010-7000-8000-000000000001,01a0bf0f-8c6e-75e9-93bb-936cf39e95cf,ACTIVE,-2165064,-250000,-1250000,0,0,0
351304,01a0b1c2-b010-7000-8000-000000000001,01a0bf0f-9150-7093-94cd-6272941f015e,ACTIVE,-2500000,250000,0,0,0,0
351306,01a0b1c2-b010-7000-8000-000000000001,01a0bf0f-82ab-7769-983f-45fca21fae0a,ACTIVE,0,-250000,2500000,0,0,0
351306,01a0b1c2-b010-7000-8000-000000000001,01a0bf0f-878c-766d-8e01-d6e11e6ed23b,ACTIVE,2500000,250000,0,0,0,0
351306,01a0b1c2-b010-7000-8000-000000000001,01a0bf0f-8c6e-75e9-93bb-936cf39e95cf,ACTIVE,-2165064,-250000,-1250000,0,0,0
351306,01a0b1c2-b010-7000-8000-000000000001,01a0bf0f-9150-7093-94cd-6272941f015e,ACTIVE,-2500000,250000,0,0,0,0
351308,01a0b1c2-b010-7000-8000-000000000001,01a0bf0f-82ab-7769-983f-45fca21fae0a,ACTIVE,0,-250000,2500000,0,0,0
351308,01a0b1c2-b010-7000-8000-000000000001,01a0bf0f-878c-766d-8e01-d6e11e6ed23b,ACTIVE,2500000,250000,0,0,0,0
351308,01a0b1c2-b010-7000-8000-000000000001,01a0bf0f-8c6e-75e9-93bb-936cf39e95cf,ACTIVE,-2165064,-250000,-1250000,0,0,0
351308,01a0b1c2-b010-7000-8000-000000000001,01a0bf0f-9150-7093-94cd-6272941f015e,ACTIVE,-2500000,250000,0,0,0,0
351310,01a0b1c2-b010-7000-8000-000000000001,01a0bf0f-82ab-7769-983f-45fca21fae0a,ACTIVE,0,-250000,2500000,0,0,0
351310,01a0b1c2-b010-7000-8000-000000000001,01a0bf0f-878c-766d-8e01-d6e11e6ed23b,ACTIVE,2500000,250000,0,0,0,0
351310,01a0b1c2-b010-7000-8000-000000000001,01a0bf0f-8c6e-75e9-93bb-936cf39e95cf,ACTIVE,-2165064,-250000,-1250000,0,0,0
351310,01a0b1c2-b010-7000-8000-000000000001,01a0bf0f-9150-7093-94cd-6272941f015e,ACTIVE,-2500000,250000,0,0,0,0
351312,01a0b1c2-b010-7000-8000-000000000001,01a0bf0f-82ab-7769-983f-45fca21fae0a,ACTIVE,0,-250000,2500000,0,0,0
351312,01a0b1c2-b010-7000-8000-000000000001,01a0bf0f-878c-766d-8e01-d6e11e6ed23b,ACTIVE,2500000,250000,0,0,0,0
351312,01a0b1c2-b010-7000-8000-000000000001,01a0bf0f-8c6e-75e9-93bb-936cf39e95cf,ACTIVE,-2165064,-250000,-1250000,0,0,0
351312,01a0b1c2-b010-7000-8000-000000000001,01a0bf0f-9150-7093-94cd-6272941f015e,ACTIVE,-2500000,250000,0,0,0,0
351314,01a0b1c2-b010-7000-8000-000000000001,01a0bf0f-82ab-7769-983f-45fca21fae0a,ACTIVE,0,-250000,2500000,0,0,0
351314,01a0b1c2-b010-7000-8000-000000000001,01a0bf0f-878c-766d-8e01-d6e11e6ed23b,ACTIVE,2500000,250000,0,0,0,0
351314,01a0b1c2-b010-7000-8000-000000000001,01a0bf0f-8c6e-75e9-93bb-936cf39e95cf,ACTIVE,-2165064,-250000,-1250000,0,0,0
351314,01a0b1c2-b010-7000-8000-000000000001,01a0bf0f-9150-7093-94cd-6272941f015e,ACTIVE,-2500000,250000,0,0,0,0
351316,01a0b1c2-b010-7000-8000-000000000001,01a0bf0f-82ab-7769-983f-45fca21fae0a,ACTIVE,0,-250000,2500000,0,0,0
351316,01a0b1c2-b010-7000-8000-000000000001,01a0bf0f-878c-766d-8e01-d6e11e6ed23b,ACTIVE,2500000,250000,0,0,0,0
351316,01a0b1c2-b010-7000-8000-000000000001,01a0bf0f-8c6e-75e9-93bb-936cf39e95cf,ACTIVE,-2165064,-250000,-1250000,0,0,0
351316,01a0b1c2-b010-7000-8000-000000000001,01a0bf0f-9150-7093-94cd-6272941f015e,ACTIVE,-2500000,250000,0,0,0,0
351318,01a0b1c2-b010-7000-8000-000000000001,01a0bf0f-82ab-7769-983f-45fca21fae0a,ACTIVE,0,-250000,2500000,0,0,0
351318,01a0b1c2-b010-7000-8000-000000000001,01a0bf0f-878c-766d-8e01-d6e11e6ed23b,ACTIVE,2500000,250000,0,0,0,0
351318,01a0b1c2-b010-7000-8000-000000000001,01a0bf0f-8c6e-75e9-93bb-936cf39e95cf,ACTIVE,-2165064,-250000,-1250000,0,0,0
351318,01a0b1c2-b010-7000-8000-000000000001,01a0bf0f-9150-7093-94cd-6272941f015e,ACTIVE,-2500000,250000,0,0,0,0
351320,01a0b1c2-b010-7000-8000-000000000001,01a0bf0f-82ab-7769-983f-45fca21fae0a,ACTIVE,0,-250000,2500000,0,0,0
351320,01a0b1c2-b010-7000-8000-000000000001,01a0bf0f-878c-766d-8e01-d6e11e6ed23b,ACTIVE,2500000,250000,0,0,0,0
351320,01a0b1c2-b010-7000-8000-000000000001,01a0bf0f-8c6e-75e9-93bb-936cf39e95cf,ACTIVE,-2165064,-250000,-1250000,0,0,0
351320,01a0b1c2-b010-7000-8000-000000000001,01a0bf0f-9150-7093-94cd-6272941f015e,ACTIVE,-2500000,250000,0,0,0,0
351322,01a0b1c2-b010-7000-8000-000000000001,01a0bf0f-82ab-7769-983f-45fca21fae0a,ACTIVE,0,-250000,2500000,0,0,0
351322,01a0b1c2-b010-7000-8000-000000000001,01a0bf0f-878c-766d-8e01-d6e11e6ed23b,ACTIVE,2500000,250000,0,0,0,0
351322,01a0b1c2-b010-7000-8000-000000000001,01a0bf0f-8c6e-75e9-93bb-936cf39e95cf,ACTIVE,-2165064,-250000,-1250000,0,0,0
351322,01a0b1c2-b010-7000-8000-000000000001,01a0bf0f-9150-7093-94cd-6272941f015e,ACTIVE,-2500000,250000,0,0,0,0
351324,01a0b1c2-b010-7000-8000-000000000001,01a0bf0f-82ab-7769-983f-45fca21fae0a,ACTIVE,0,-250000,2500000,0,0,0
351324,01a0b1c2-b010-7000-8000-000000000001,01a0bf0f-878c-766d-8e01-d6e11e6ed23b,ACTIVE,2500000,250000,0,0,0,0
351324,01a0b1c2-b010-7000-8000-000000000001,01a0bf0f-8c6e-75e9-93bb-936cf39e95cf,ACTIVE,-2165064,-250000,-1250000,0,0,0
351324,01a0b1c2-b010-7000-8000-000000000001,01a0bf0f-9150-7093-94cd-6272941f015e,ACTIVE,-2500000,250000,0,0,0,0
351326,01a0b1c2-b010-7000-8000-000000000001,01a0bf0f-82ab-7769-983f-45fca21fae0a,ACTIVE,0,-250000,2500000,0,0,0
351326,01a0b1c2-b010-7000-8000-000000000001,01a0bf0f-878c-766d-8e01-d6e11e6ed23b,ACTIVE,2500000,250000,0,0,0,0
351326,01a0b1c2-b010-7000-8000-000000000001,01a0bf0f-8c6e-75e9-93bb-936cf39e95cf,ACTIVE,-2165064,-250000,-1250000,0,0,0
351326,01a0b1c2-b010-7000-8000-000000000001,01a0bf0f-9150-7093-94cd-6272941f015e,ACTIVE,-2500000,250000,0,0,0,0
351328,01a0b1c2-b010-7000-8000-000000000001,01a0bf0f-82ab-7769-983f-45fca21fae0a,ACTIVE,0,-250000,2500000,0,0,0
351328,01a0b1c2-b010-7000-8000-000000000001,01a0bf0f-878c-766d-8e01-d6e11e6ed23b,ACTIVE,2500000,250000,0,0,0,0
351328,01a0b1c2-b010-7000-8000-000000000001,01a0bf0f-8c6e-75e9-93bb-936cf39e95cf,ACTIVE,-2165064,-250000,-1250000,0,0,0
351328,01a0b1c2-b010-7000-8000-000000000001,01a0bf0f-9150-7093-94cd-6272941f015e,ACTIVE,-2500000,250000,0,0,0,0
351330,01a0b1c2-b010-7000-8000-000000000001,01a0bf0f-82ab-7769-983f-45fca21fae0a,ACTIVE,0,-250000,2500000,0,0,0
351330,01a0b1c2-b010-7000-8000-000000000001,01a0bf0f-878c-766d-8e01-d6e11e6ed23b,ACTIVE,2500000,250000,0,0,0,0
351330,01a0b1c2-b010-7000-8000-000000000001,01a0bf0f-8c6e-75e9-93bb-936cf39e95cf,ACTIVE,-2165064,-250000,-1250000,0,0,0
351330,01a0b1c2-b010-7000-8000-000000000001,01a0bf0f-9150-7093-94cd-6272941f015e,ACTIVE,-2500000,250000,0,0,0,0
351332,01a0b1c2-b010-7000-8000-000000000001,01a0bf0f-82ab-7769-983f-45fca21fae0a,ACTIVE,0,-250000,2500000,0,0,0
351332,01a0b1c2-b010-7000-8000-000000000001,01a0bf0f-878c-766d-8e01-d6e11e6ed23b,ACTIVE,2500000,250000,0,0,0,0
351332,01a0b1c2-b010-7000-8000-000000000001,01a0bf0f-8c6e-75e9-93bb-936cf39e95cf,ACTIVE,-2165064,-250000,-1250000,0,0,0
351332,01a0b1c2-b010-7000-8000-000000000001,01a0bf0f-9150-7093-94cd-6272941f015e,ACTIVE,-2500000,250000,0,0,0,0
351334,01a0b1c2-b010-7000-8000-000000000001,01a0bf0f-82ab-7769-983f-45fca21fae0a,ACTIVE,0,-250000,2500000,0,0,0
351334,01a0b1c2-b010-7000-8000-000000000001,01a0bf0f-878c-766d-8e01-d6e11e6ed23b,ACTIVE,2500000,250000,0,0,0,0
351334,01a0b1c2-b010-7000-8000-000000000001,01a0bf0f-8c6e-75e9-93bb-936cf39e95cf,ACTIVE,-2165064,-250000,-1250000,0,0,0
351334,01a0b1c2-b010-7000-8000-000000000001,01a0bf0f-9150-7093-94cd-6272941f015e,ACTIVE,-2500000,250000,0,0,0,0
351336,01a0b1c2-b010-7000-8000-000000000001,01a0bf0f-82ab-7769-983f-45fca21fae0a,ACTIVE,0,-250000,2500000,0,0,0
351336,01a0b1c2-b010-7000-8000-000000000001,01a0bf0f-878c-766d-8e01-d6e11e6ed23b,ACTIVE,2500000,250000,0,0,0,0
351336,01a0b1c2-b010-7000-8000-000000000001,01a0bf0f-8c6e-75e9-93bb-936cf39e95cf,ACTIVE,-2165064,-250000,-1250000,0,0,0
351336,01a0b1c2-b010-7000-8000-000000000001,01a0bf0f-9150-7093-94cd-6272941f015e,ACTIVE,-2500000,250000,0,0,0,0
351338,01a0b1c2-b010-7000-8000-000000000001,01a0bf0f-82ab-7769-983f-45fca21fae0a,ACTIVE,0,-250000,2500000,0,0,0
351338,01a0b1c2-b010-7000-8000-000000000001,01a0bf0f-878c-766d-8e01-d6e11e6ed23b,ACTIVE,2500000,250000,0,0,0,0
351338,01a0b1c2-b010-7000-8000-000000000001,01a0bf0f-8c6e-75e9-93bb-936cf39e95cf,ACTIVE,-2165064,-250000,-1250000,0,0,0
351338,01a0b1c2-b010-7000-8000-000000000001,01a0bf0f-9150-7093-94cd-6272941f015e,ACTIVE,-2500000,250000,0,0,0,0
351340,01a0b1c2-b010-7000-8000-000000000001,01a0bf0f-82ab-7769-983f-45fca21fae0a,ACTIVE,0,-250000,2500000,0,0,0
351340,01a0b1c2-b010-7000-8000-000000000001,01a0bf0f-878c-766d-8e01-d6e11e6ed23b,ACTIVE,2500000,250000,0,0,0,0
351340,01a0b1c2-b010-7000-8000-000000000001,01a0bf0f-8c6e-75e9-93bb-936cf39e95cf,ACTIVE,-2165064,-250000,-1250000,0,0,0
351340,01a0b1c2-b010-7000-8000-000000000001,01a0bf0f-9150-7093-94cd-6272941f015e,ACTIVE,-2500000,250000,0,0,0,0
351342,01a0b1c2-b010-7000-8000-000000000001,01a0bf0f-82ab-7769-983f-45fca21fae0a,ACTIVE,0,-250000,2500000,0,0,0
351342,01a0b1c2-b010-7000-8000-000000000001,01a0bf0f-878c-766d-8e01-d6e11e6ed23b,ACTIVE,2500000,250000,0,0,0,0
351342,01a0b1c2-b010-7000-8000-000000000001,01a0bf0f-8c6e-75e9-93bb-936cf39e95cf,ACTIVE,-2165064,-250000,-1250000,0,0,0
351342,01a0b1c2-b010-7000-8000-000000000001,01a0bf0f-9150-7093-94cd-6272941f015e,ACTIVE,-2500000,250000,0,0,0,0
351344,01a0b1c2-b010-7000-8000-000000000001,01a0bf0f-82ab-7769-983f-45fca21fae0a,ACTIVE,0,-250000,2500000,0,0,0
351344,01a0b1c2-b010-7000-8000-000000000001,01a0bf0f-878c-766d-8e01-d6e11e6ed23b,ACTIVE,2500000,250000,0,0,0,0
351344,01a0b1c2-b010-7000-8000-000000000001,01a0bf0f-8c6e-75e9-93bb-936cf39e95cf,ACTIVE,-2165064,-250000,-1250000,0,0,0
351344,01a0b1c2-b010-7000-8000-000000000001,01a0bf0f-9150-7093-94cd-6272941f015e,ACTIVE,-2500000,250000,0,0,0,0
351346,01a0b1c2-b010-7000-8000-000000000001,01a0bf0f-82ab-7769-983f-45fca21fae0a,ACTIVE,0,-250000,2500000,0,0,0
351346,01a0b1c2-b010-7000-8000-000000000001,01a0bf0f-878c-766d-8e01-d6e11e6ed23b,ACTIVE,2500000,250000,0,0,0,0
351346,01a0b1c2-b010-7000-8000-000000000001,01a0bf0f-8c6e-75e9-93bb-936cf39e95cf,ACTIVE,-2165064,-250000,-1250000,0,0,0
351346,01a0b1c2-b010-7000-8000-000000000001,01a0bf0f-9150-7093-94cd-6272941f015e,ACTIVE,-2500000,250000,0,0,0,0
351348,01a0b1c2-b010-7000-8000-000000000001,01a0bf0f-82ab-7769-983f-45fca21fae0a,ACTIVE,0,-250000,2500000,0,0,0
351348,01a0b1c2-b010-7000-8000-000000000001,01a0bf0f-878c-766d-8e01-d6e11e6ed23b,ACTIVE,2500000,250000,0,0,0,0
351348,01a0b1c2-b010-7000-8000-000000000001,01a0bf0f-8c6e-75e9-93bb-936cf39e95cf,ACTIVE,-2165064,-250000,-1250000,0,0,0
351348,01a0b1c2-b010-7000-8000-000000000001,01a0bf0f-9150-7093-94cd-6272941f015e,ACTIVE,-2500000,250000,0,0,0,0
351350,01a0b1c2-b010-7000-8000-000000000001,01a0bf0f-82ab-7769-983f-45fca21fae0a,ACTIVE,0,-250000,2500000,0,0,0
351350,01a0b1c2-b010-7000-8000-000000000001,01a0bf0f-878c-766d-8e01-d6e11e6ed23b,ACTIVE,2500000,250000,0,0,0,0
351350,01a0b1c2-b010-7000-8000-000000000001,01a0bf0f-8c6e-75e9-93bb-936cf39e95cf,ACTIVE,-2165064,-250000,-1250000,0,0,0
351350,01a0b1c2-b010-7000-8000-000000000001,01a0bf0f-9150-7093-94cd-6272941f015e,ACTIVE,-2500000,250000,0,0,0,0
351352,01a0b1c2-b010-7000-8000-000000000001,01a0bf0f-82ab-7769-983f-45fca21fae0a,ACTIVE,0,-250000,2500000,0,0,0
351352,01a0b1c2-b010-7000-8000-000000000001,01a0bf0f-878c-766d-8e01-d6e11e6ed23b,ACTIVE,2500000,250000,0,0,0,0
351352,01a0b1c2-b010-7000-8000-000000000001,01a0bf0f-8c6e-75e9-93bb-936cf39e95cf,ACTIVE,-2165064,-250000,-1250000,0,0,0
351352,01a0b1c2-b010-7000-8000-000000000001,01a0bf0f-9150-7093-94cd-6272941f015e,ACTIVE,-2500000,250000,0,0,0,0
351354,01a0b1c2-b010-7000-8000-000000000001,01a0bf0f-82ab-7769-983f-45fca21fae0a,ACTIVE,0,-250000,2500000,0,0,0
351354,01a0b1c2-b010-7000-8000-000000000001,01a0bf0f-878c-766d-8e01-d6e11e6ed23b,ACTIVE,2500000,250000,0,0,0,0
351354,01a0b1c2-b010-7000-8000-000000000001,01a0bf0f-8c6e-75e9-93bb-936cf39e95cf,ACTIVE,-2165064,-250000,-1250000,0,0,0
351354,01a0b1c2-b010-7000-8000-000000000001,01a0bf0f-9150-7093-94cd-6272941f015e,ACTIVE,-2500000,250000,0,0,0,0
351356,01a0b1c2-b010-7000-8000-000000000001,01a0bf0f-82ab-7769-983f-45fca21fae0a,ACTIVE,0,-250000,2500000,0,0,0
351356,01a0b1c2-b010-7000-8000-000000000001,01a0bf0f-878c-766d-8e01-d6e11e6ed23b,ACTIVE,2500000,250000,0,0,0,0
351356,01a0b1c2-b010-7000-8000-000000000001,01a0bf0f-8c6e-75e9-93bb-936cf39e95cf,ACTIVE,-2165064,-250000,-1250000,0,0,0
351356,01a0b1c2-b010-7000-8000-000000000001,01a0bf0f-9150-7093-94cd-6272941f015e,ACTIVE,-2500000,250000,0,0,0,0
351358,01a0b1c2-b010-7000-8000-000000000001,01a0bf0f-82ab-7769-983f-45fca21fae0a,ACTIVE,0,-250000,2500000,0,0,0
351358,01a0b1c2-b010-7000-8000-000000000001,01a0bf0f-878c-766d-8e01-d6e11e6ed23b,ACTIVE,2500000,250000,0,0,0,0
351358,01a0b1c2-b010-7000-8000-000000000001,01a0bf0f-8c6e-75e9-93bb-936cf39e95cf,ACTIVE,-2165064,-250000,-1250000,0,0,0
351358,01a0b1c2-b010-7000-8000-000000000001,01a0bf0f-9150-7093-94cd-6272941f015e,ACTIVE,-2500000,250000,0,0,0,0
351360,01a0b1c2-b010-7000-8000-000000000001,01a0bf0f-82ab-7769-983f-45fca21fae0a,ACTIVE,0,-250000,2500000,0,0,0
351360,01a0b1c2-b010-7000-8000-000000000001,01a0bf0f-878c-766d-8e01-d6e11e6ed23b,ACTIVE,2500000,250000,0,0,0,0
351360,01a0b1c2-b010-7000-8000-000000000001,01a0bf0f-8c6e-75e9-93bb-936cf39e95cf,ACTIVE,-2165064,-250000,-1250000,0,0,0
351360,01a0b1c2-b010-7000-8000-000000000001,01a0bf0f-9150-7093-94cd-6272941f015e,ACTIVE,-2500000,250000,0,0,0,0
351362,01a0b1c2-b010-7000-8000-000000000001,01a0bf0f-82ab-7769-983f-45fca21fae0a,ACTIVE,0,-250000,2500000,0,0,0
351362,01a0b1c2-b010-7000-8000-000000000001,01a0bf0f-878c-766d-8e01-d6e11e6ed23b,ACTIVE,2500000,250000,0,0,0,0
351362,01a0b1c2-b010-7000-8000-000000000001,01a0bf0f-8c6e-75e9-93bb-936cf39e95cf,ACTIVE,-2165064,-250000,-1250000,0,0,0
351362,01a0b1c2-b010-7000-8000-000000000001,01a0bf0f-9150-7093-94cd-6272941f015e,ACTIVE,-2500000,250000,0,0,0,0
351364,01a0b1c2-b010-7000-8000-000000000001,01a0bf0f-82ab-7769-983f-45fca21fae0a,ACTIVE,0,-250000,2500000,0,0,0
351364,01a0b1c2-b010-7000-8000-000000000001,01a0bf0f-878c-766d-8e01-d6e11e6ed23b,ACTIVE,2500000,250000,0,0,0,0
351364,01a0b1c2-b010-7000-8000-000000000001,01a0bf0f-8c6e-75e9-93bb-936cf39e95cf,ACTIVE,-2165064,-250000,-1250000,0,0,0
351364,01a0b1c2-b010-7000-8000-000000000001,01a0bf0f-9150-7093-94cd-6272941f015e,ACTIVE,-2500000,250000,0,0,0,0
351366,01a0b1c2-b010-7000-8000-000000000001,01a0bf0f-82ab-7769-983f-45fca21fae0a,ACTIVE,0,-250000,2500000,0,0,0
351366,01a0b1c2-b010-7000-8000-000000000001,01a0bf0f-878c-766d-8e01-d6e11e6ed23b,ACTIVE,2500000,250000,0,0,0,0
351366,01a0b1c2-b010-7000-8000-000000000001,01a0bf0f-8c6e-75e9-93bb-936cf39e95cf,ACTIVE,-2165064,-250000,-1250000,0,0,0
351366,01a0b1c2-b010-7000-8000-000000000001,01a0bf0f-9150-7093-94cd-6272941f015e,ACTIVE,-2500000,250000,0,0,0,0
351368,01a0b1c2-b010-7000-8000-000000000001,01a0bf0f-82ab-7769-983f-45fca21fae0a,ACTIVE,0,-250000,2500000,0,0,0
351368,01a0b1c2-b010-7000-8000-000000000001,01a0bf0f-878c-766d-8e01-d6e11e6ed23b,ACTIVE,2500000,250000,0,0,0,0
351368,01a0b1c2-b010-7000-8000-000000000001,01a0bf0f-8c6e-75e9-93bb-936cf39e95cf,ACTIVE,-2165064,-250000,-1250000,0,0,0
351368,01a0b1c2-b010-7000-8000-000000000001,01a0bf0f-9150-7093-94cd-6272941f015e,ACTIVE,-2500000,250000,0,0,0,0
351370,01a0b1c2-b010-7000-8000-000000000001,01a0bf0f-82ab-7769-983f-45fca21fae0a,ACTIVE,0,-250000,2500000,0,0,0
351370,01a0b1c2-b010-7000-8000-000000000001,01a0bf0f-878c-766d-8e01-d6e11e6ed23b,ACTIVE,2500000,250000,0,0,0,0
351370,01a0b1c2-b010-7000-8000-000000000001,01a0bf0f-8c6e-75e9-93bb-936cf39e95cf,ACTIVE,-2165064,-250000,-1250000,0,0,0
351370,01a0b1c2-b010-7000-8000-000000000001,01a0bf0f-9150-7093-94cd-6272941f015e,ACTIVE,-2500000,250000,0,0,0,0
351372,01a0b1c2-b010-7000-8000-000000000001,01a0bf0f-82ab-7769-983f-45fca21fae0a,ACTIVE,0,-250000,2500000,0,0,0
351372,01a0b1c2-b010-7000-8000-000000000001,01a0bf0f-878c-766d-8e01-d6e11e6ed23b,ACTIVE,2500000,250000,0,0,0,0
351372,01a0b1c2-b010-7000-8000-000000000001,01a0bf0f-8c6e-75e9-93bb-936cf39e95cf,ACTIVE,-2165064,-250000,-1250000,0,0,0
351372,01a0b1c2-b010-7000-8000-000000000001,01a0bf0f-9150-7093-94cd-6272941f015e,ACTIVE,-2500000,250000,0,0,0,0
351374,01a0b1c2-b010-7000-8000-000000000001,01a0bf0f-82ab-7769-983f-45fca21fae0a,ACTIVE,0,-250000,2500000,0,0,0
351374,01a0b1c2-b010-7000-8000-000000000001,01a0bf0f-878c-766d-8e01-d6e11e6ed23b,ACTIVE,2500000,250000,0,0,0,0
351374,01a0b1c2-b010-7000-8000-000000000001,01a0bf0f-8c6e-75e9-93bb-936cf39e95cf,ACTIVE,-2165064,-250000,-1250000,0,0,0
351374,01a0b1c2-b010-7000-8000-000000000001,01a0bf0f-9150-7093-94cd-6272941f015e,ACTIVE,-2500000,250000,0,0,0,0
351376,01a0b1c2-b010-7000-8000-000000000001,01a0bf0f-82ab-7769-983f-45fca21fae0a,ACTIVE,0,-250000,2500000,0,0,0
351376,01a0b1c2-b010-7000-8000-000000000001,01a0bf0f-878c-766d-8e01-d6e11e6ed23b,ACTIVE,2500000,250000,0,0,0,0
351376,01a0b1c2-b010-7000-8000-000000000001,01a0bf0f-8c6e-75e9-93bb-936cf39e95cf,ACTIVE,-2165064,-250000,-1250000,0,0,0
351376,01a0b1c2-b010-7000-8000-000000000001,01a0bf0f-9150-7093-94cd-6272941f015e,ACTIVE,-2500000,250000,0,0,0,0
351378,01a0b1c2-b010-7000-8000-000000000001,01a0bf0f-82ab-7769-983f-45fca21fae0a,ACTIVE,0,-250000,2500000,0,0,0
351378,01a0b1c2-b010-7000-8000-000000000001,01a0bf0f-878c-766d-8e01-d6e11e6ed23b,ACTIVE,2500000,250000,0,0,0,0
351378,01a0b1c2-b010-7000-8000-000000000001,01a0bf0f-8c6e-75e9-93bb-936cf39e95cf,ACTIVE,-2165064,-250000,-1250000,0,0,0
351378,01a0b1c2-b010-7000-8000-000000000001,01a0bf0f-9150-7093-94cd-6272941f015e,ACTIVE,-2500000,250000,0,0,0,0
351380,01a0b1c2-b010-7000-8000-000000000001,01a0bf0f-82ab-7769-983f-45fca21fae0a,ACTIVE,0,-250000,2500000,0,0,0
351380,01a0b1c2-b010-7000-8000-000000000001,01a0bf0f-878c-766d-8e01-d6e11e6ed23b,ACTIVE,2500000,250000,0,0,0,0
351380,01a0b1c2-b010-7000-8000-000000000001,01a0bf0f-8c6e-75e9-93bb-936cf39e95cf,ACTIVE,-2165064,-250000,-1250000,0,0,0
351380,01a0b1c2-b010-7000-8000-000000000001,01a0bf0f-9150-7093-94cd-6272941f015e,ACTIVE,-2500000,250000,0,0,0,0
351382,01a0b1c2-b010-7000-8000-000000000001,01a0bf0f-82ab-7769-983f-45fca21fae0a,ACTIVE,0,-250000,2500000,0,0,0
351382,01a0b1c2-b010-7000-8000-000000000001,01a0bf0f-878c-766d-8e01-d6e11e6ed23b,ACTIVE,2500000,250000,0,0,0,0
351382,01a0b1c2-b010-7000-8000-000000000001,01a0bf0f-8c6e-75e9-93bb-936cf39e95cf,ACTIVE,-2165064,-250000,-1250000,0,0,0
351382,01a0b1c2-b010-7000-8000-000000000001,01a0bf0f-9150-7093-94cd-6272941f015e,ACTIVE,-2500000,250000,0,0,0,0
351384,01a0b1c2-b010-7000-8000-000000000001,01a0bf0f-82ab-7769-983f-45fca21fae0a,ACTIVE,0,-250000,2500000,0,0,0
351384,01a0b1c2-b010-7000-8000-000000000001,01a0bf0f-878c-766d-8e01-d6e11e6ed23b,ACTIVE,2500000,250000,0,0,0,0
351384,01a0b1c2-b010-7000-8000-000000000001,01a0bf0f-8c6e-75e9-93bb-936cf39e95cf,ACTIVE,-2165064,-250000,-1250000,0,0,0
351384,01a0b1c2-b010-7000-8000-000000000001,01a0bf0f-9150-7093-94cd-6272941f015e,ACTIVE,-2500000,250000,0,0,0,0
351386,01a0b1c2-b010-7000-8000-000000000001,01a0bf0f-82ab-7769-983f-45fca21fae0a,ACTIVE,0,-250000,2500000,0,0,0
351386,01a0b1c2-b010-7000-8000-000000000001,01a0bf0f-878c-766d-8e01-d6e11e6ed23b,ACTIVE,2500000,250000,0,0,0,0
351386,01a0b1c2-b010-7000-8000-000000000001,01a0bf0f-8c6e-75e9-93bb-936cf39e95cf,ACTIVE,-2165064,-250000,-1250000,0,0,0
351386,01a0b1c2-b010-7000-8000-000000000001,01a0bf0f-9150-7093-94cd-6272941f015e,ACTIVE,-2500000,250000,0,0,0,0
351388,01a0b1c2-b010-7000-8000-000000000001,01a0bf0f-82ab-7769-983f-45fca21fae0a,ACTIVE,0,-250000,2500000,0,0,0
351388,01a0b1c2-b010-7000-8000-000000000001,01a0bf0f-878c-766d-8e01-d6e11e6ed23b,ACTIVE,2500000,250000,0,0,0,0
351388,01a0b1c2-b010-7000-8000-000000000001,01a0bf0f-8c6e-75e9-93bb-936cf39e95cf,ACTIVE,-2165064,-250000,-1250000,0,0,0
351388,01a0b1c2-b010-7000-8000-000000000001,01a0bf0f-9150-7093-94cd-6272941f015e,ACTIVE,-2500000,250000,0,0,0,0
351390,01a0b1c2-b010-7000-8000-000000000001,01a0bf0f-82ab-7769-983f-45fca21fae0a,ACTIVE,0,-250000,2500000,0,0,0
351390,01a0b1c2-b010-7000-8000-000000000001,01a0bf0f-878c-766d-8e01-d6e11e6ed23b,ACTIVE,2500000,250000,0,0,0,0
351390,01a0b1c2-b010-7000-8000-000000000001,01a0bf0f-8c6e-75e9-93bb-936cf39e95cf,ACTIVE,-2165064,-250000,-1250000,0,0,0
351390,01a0b1c2-b010-7000-8000-000000000001,01a0bf0f-9150-7093-94cd-6272941f015e,ACTIVE,-2500000,250000,0,0,0,0
351392,01a0b1c2-b010-7000-8000-000000000001,01a0bf0f-82ab-7769-983f-45fca21fae0a,ACTIVE,0,-250000,2500000,0,0,0
351392,01a0b1c2-b010-7000-8000-000000000001,01a0bf0f-878c-766d-8e01-d6e11e6ed23b,ACTIVE,2500000,250000,0,0,0,0
351392,01a0b1c2-b010-7000-8000-000000000001,01a0bf0f-8c6e-75e9-93bb-936cf39e95cf,ACTIVE,-2165064,-250000,-1250000,0,0,0
351392,01a0b1c2-b010-7000-8000-000000000001,01a0bf0f-9150-7093-94cd-6272941f015e,ACTIVE,-2500000,250000,0,0,0,0
351394,01a0b1c2-b010-7000-8000-000000000001,01a0bf0f-82ab-7769-983f-45fca21fae0a,ACTIVE,0,-250000,2500000,0,0,0
351394,01a0b1c2-b010-7000-8000-000000000001,01a0bf0f-878c-766d-8e01-d6e11e6ed23b,ACTIVE,2500000,250000,0,0,0,0
351394,01a0b1c2-b010-7000-8000-000000000001,01a0bf0f-8c6e-75e9-93bb-936cf39e95cf,ACTIVE,-2165064,-250000,-1250000,0,0,0
351394,01a0b1c2-b010-7000-8000-000000000001,01a0bf0f-9150-7093-94cd-6272941f015e,ACTIVE,-2500000,250000,0,0,0,0
351396,01a0b1c2-b010-7000-8000-000000000001,01a0bf0f-82ab-7769-983f-45fca21fae0a,ACTIVE,0,-250000,2500000,0,0,0
351396,01a0b1c2-b010-7000-8000-000000000001,01a0bf0f-878c-766d-8e01-d6e11e6ed23b,ACTIVE,2500000,250000,0,0,0,0
351396,01a0b1c2-b010-7000-8000-000000000001,01a0bf0f-8c6e-75e9-93bb-936cf39e95cf,ACTIVE,-2165064,-250000,-1250000,0,0,0
351396,01a0b1c2-b010-7000-8000-000000000001,01a0bf0f-9150-7093-94cd-6272941f015e,ACTIVE,-2500000,250000,0,0,0,0
351398,01a0b1c2-b010-7000-8000-000000000001,01a0bf0f-82ab-7769-983f-45fca21fae0a,ACTIVE,0,-250000,2500000,0,0,0
351398,01a0b1c2-b010-7000-8000-000000000001,01a0bf0f-878c-766d-8e01-d6e11e6ed23b,ACTIVE,2500000,250000,0,0,0,0
351398,01a0b1c2-b010-7000-8000-000000000001,01a0bf0f-8c6e-75e9-93bb-936cf39e95cf,ACTIVE,-2165064,-250000,-1250000,0,0,0
351398,01a0b1c2-b010-7000-8000-000000000001,01a0bf0f-9150-7093-94cd-6272941f015e,ACTIVE,-2500000,250000,0,0,0,0
351400,01a0b1c2-b010-7000-8000-000000000001,01a0bf0f-82ab-7769-983f-45fca21fae0a,ACTIVE,0,-250000,2500000,0,0,0
351400,01a0b1c2-b010-7000-8000-000000000001,01a0bf0f-878c-766d-8e01-d6e11e6ed23b,ACTIVE,2500000,250000,0,0,0,0
351400,01a0b1c2-b010-7000-8000-000000000001,01a0bf0f-8c6e-75e9-93bb-936cf39e95cf,ACTIVE,-2165064,-250000,-1250000,0,0,0
351400,01a0b1c2-b010-7000-8000-000000000001,01a0bf0f-9150-7093-94cd-6272941f015e,ACTIVE,-2500000,250000,0,0,0,0
351402,01a0b1c2-b010-7000-8000-000000000001,01a0bf0f-82ab-7769-983f-45fca21fae0a,ACTIVE,0,-250000,2500000,0,0,0
351402,01a0b1c2-b010-7000-8000-000000000001,01a0bf0f-878c-766d-8e01-d6e11e6ed23b,ACTIVE,2500000,250000,0,0,0,0
351402,01a0b1c2-b010-7000-8000-000000000001,01a0bf0f-8c6e-75e9-93bb-936cf39e95cf,ACTIVE,-2165064,-250000,-1250000,0,0,0
351402,01a0b1c2-b010-7000-8000-000000000001,01a0bf0f-9150-7093-94cd-6272941f015e,ACTIVE,-2500000,250000,0,0,0,0
351404,01a0b1c2-b010-7000-8000-000000000001,01a0bf0f-82ab-7769-983f-45fca21fae0a,ACTIVE,0,-250000,2500000,0,0,0
351404,01a0b1c2-b010-7000-8000-000000000001,01a0bf0f-878c-766d-8e01-d6e11e6ed23b,ACTIVE,2500000,250000,0,0,0,0
351404,01a0b1c2-b010-7000-8000-000000000001,01a0bf0f-8c6e-75e9-93bb-936cf39e95cf,ACTIVE,-2165064,-250000,-1250000,0,0,0
351404,01a0b1c2-b010-7000-8000-000000000001,01a0bf0f-9150-7093-94cd-6272941f015e,ACTIVE,-2500000,250000,0,0,0,0
351406,01a0b1c2-b010-7000-8000-000000000001,01a0bf0f-82ab-7769-983f-45fca21fae0a,ACTIVE,0,-250000,2500000,0,0,0
351406,01a0b1c2-b010-7000-8000-000000000001,01a0bf0f-878c-766d-8e01-d6e11e6ed23b,ACTIVE,2500000,250000,0,0,0,0
351406,01a0b1c2-b010-7000-8000-000000000001,01a0bf0f-8c6e-75e9-93bb-936cf39e95cf,ACTIVE,-2165064,-250000,-1250000,0,0,0
351406,01a0b1c2-b010-7000-8000-000000000001,01a0bf0f-9150-7093-94cd-6272941f015e,ACTIVE,-2500000,250000,0,0,0,0
351408,01a0b1c2-b010-7000-8000-000000000001,01a0bf0f-82ab-7769-983f-45fca21fae0a,ACTIVE,0,-250000,2500000,0,0,0
351408,01a0b1c2-b010-7000-8000-000000000001,01a0bf0f-878c-766d-8e01-d6e11e6ed23b,ACTIVE,2500000,250000,0,0,0,0
351408,01a0b1c2-b010-7000-8000-000000000001,01a0bf0f-8c6e-75e9-93bb-936cf39e95cf,ACTIVE,-2165064,-250000,-1250000,0,0,0
351408,01a0b1c2-b010-7000-8000-000000000001,01a0bf0f-9150-7093-94cd-6272941f015e,ACTIVE,-2500000,250000,0,0,0,0
351410,01a0b1c2-b010-7000-8000-000000000001,01a0bf0f-82ab-7769-983f-45fca21fae0a,ACTIVE,0,-250000,2500000,0,0,0
351410,01a0b1c2-b010-7000-8000-000000000001,01a0bf0f-878c-766d-8e01-d6e11e6ed23b,ACTIVE,2500000,250000,0,0,0,0
351410,01a0b1c2-b010-7000-8000-000000000001,01a0bf0f-8c6e-75e9-93bb-936cf39e95cf,ACTIVE,-2165064,-250000,-1250000,0,0,0
351410,01a0b1c2-b010-7000-8000-000000000001,01a0bf0f-9150-7093-94cd-6272941f015e,ACTIVE,-2500000,250000,0,0,0,0
351412,01a0b1c2-b010-7000-8000-000000000001,01a0bf0f-82ab-7769-983f-45fca21fae0a,ACTIVE,0,-250000,2500000,0,0,0
351412,01a0b1c2-b010-7000-8000-000000000001,01a0bf0f-878c-766d-8e01-d6e11e6ed23b,ACTIVE,2500000,250000,0,0,0,0
351412,01a0b1c2-b010-7000-8000-000000000001,01a0bf0f-8c6e-75e9-93bb-936cf39e95cf,ACTIVE,-2165064,-250000,-1250000,0,0,0
351412,01a0b1c2-b010-7000-8000-000000000001,01a0bf0f-9150-7093-94cd-6272941f015e,ACTIVE,-2500000,250000,0,0,0,0
351414,01a0b1c2-b010-7000-8000-000000000001,01a0bf0f-82ab-7769-983f-45fca21fae0a,ACTIVE,0,-250000,2500000,0,0,0
351414,01a0b1c2-b010-7000-8000-000000000001,01a0bf0f-878c-766d-8e01-d6e11e6ed23b,ACTIVE,2500000,250000,0,0,0,0
351414,01a0b1c2-b010-7000-8000-000000000001,01a0bf0f-8c6e-75e9-93bb-936cf39e95cf,ACTIVE,-2165064,-250000,-1250000,0,0,0
351414,01a0b1c2-b010-7000-8000-000000000001,01a0bf0f-9150-7093-94cd-6272941f015e,ACTIVE,-2500000,250000,0,0,0,0
351416,01a0b1c2-b010-7000-8000-000000000001,01a0bf0f-82ab-7769-983f-45fca21fae0a,ACTIVE,0,-250000,2500000,0,0,0
351416,01a0b1c2-b010-7000-8000-000000000001,01a0bf0f-878c-766d-8e01-d6e11e6ed23b,ACTIVE,2500000,250000,0,0,0,0
351416,01a0b1c2-b010-7000-8000-000000000001,01a0bf0f-8c6e-75e9-93bb-936cf39e95cf,ACTIVE,-2165064,-250000,-1250000,0,0,0
351416,01a0b1c2-b010-7000-8000-000000000001,01a0bf0f-9150-7093-94cd-6272941f015e,ACTIVE,-2500000,250000,0,0,0,0
351418,01a0b1c2-b010-7000-8000-000000000001,01a0bf0f-82ab-7769-983f-45fca21fae0a,ACTIVE,0,-250000,2500000,0,0,0
351418,01a0b1c2-b010-7000-8000-000000000001,01a0bf0f-878c-766d-8e01-d6e11e6ed23b,ACTIVE,2500000,250000,0,0,0,0
351418,01a0b1c2-b010-7000-8000-000000000001,01a0bf0f-8c6e-75e9-93bb-936cf39e95cf,ACTIVE,-2165064,-250000,-1250000,0,0,0
351418,01a0b1c2-b010-7000-8000-000000000001,01a0bf0f-9150-7093-94cd-6272941f015e,ACTIVE,-2500000,250000,0,0,0,0
351420,01a0b1c2-b010-7000-8000-000000000001,01a0bf0f-82ab-7769-983f-45fca21fae0a,ACTIVE,0,-250000,2500000,0,0,0
351420,01a0b1c2-b010-7000-8000-000000000001,01a0bf0f-878c-766d-8e01-d6e11e6ed23b,ACTIVE,2500000,250000,0,0,0,0
351420,01a0b1c2-b010-7000-8000-000000000001,01a0bf0f-8c6e-75e9-93bb-936cf39e95cf,ACTIVE,-2165064,-250000,-1250000,0,0,0
351420,01a0b1c2-b010-7000-8000-000000000001,01a0bf0f-9150-7093-94cd-6272941f015e,ACTIVE,-2500000,250000,0,0,0,0
351422,01a0b1c2-b010-7000-8000-000000000001,01a0bf0f-82ab-7769-983f-45fca21fae0a,ACTIVE,0,-250000,2500000,0,0,0
351422,01a0b1c2-b010-7000-8000-000000000001,01a0bf0f-878c-766d-8e01-d6e11e6ed23b,ACTIVE,2500000,250000,0,0,0,0
351422,01a0b1c2-b010-7000-8000-000000000001,01a0bf0f-8c6e-75e9-93bb-936cf39e95cf,ACTIVE,-2165064,-250000,-1250000,0,0,0
351422,01a0b1c2-b010-7000-8000-000000000001,01a0bf0f-9150-7093-94cd-6272941f015e,ACTIVE,-2500000,250000,0,0,0,0
351424,01a0b1c2-b010-7000-8000-000000000001,01a0bf0f-82ab-7769-983f-45fca21fae0a,ACTIVE,0,-250000,2500000,0,0,0
351424,01a0b1c2-b010-7000-8000-000000000001,01a0bf0f-878c-766d-8e01-d6e11e6ed23b,ACTIVE,2500000,250000,0,0,0,0
351424,01a0b1c2-b010-7000-8000-000000000001,01a0bf0f-8c6e-75e9-93bb-936cf39e95cf,ACTIVE,-2165064,-250000,-1250000,0,0,0
351424,01a0b1c2-b010-7000-8000-000000000001,01a0bf0f-9150-7093-94cd-6272941f015e,ACTIVE,-2500000,250000,0,0,0,0
351426,01a0b1c2-b010-7000-8000-000000000001,01a0bf0f-82ab-7769-983f-45fca21fae0a,ACTIVE,0,-250000,2500000,0,0,0
351426,01a0b1c2-b010-7000-8000-000000000001,01a0bf0f-878c-766d-8e01-d6e11e6ed23b,ACTIVE,2500000,250000,0,0,0,0
351426,01a0b1c2-b010-7000-8000-000000000001,01a0bf0f-8c6e-75e9-93bb-936cf39e95cf,ACTIVE,-2165064,-250000,-1250000,0,0,0
351426,01a0b1c2-b010-7000-8000-000000000001,01a0bf0f-9150-7093-94cd-6272941f015e,ACTIVE,-2500000,250000,0,0,0,0
351428,01a0b1c2-b010-7000-8000-000000000001,01a0bf0f-82ab-7769-983f-45fca21fae0a,ACTIVE,0,-250000,2500000,0,0,0
351428,01a0b1c2-b010-7000-8000-000000000001,01a0bf0f-878c-766d-8e01-d6e11e6ed23b,ACTIVE,2500000,250000,0,0,0,0
351428,01a0b1c2-b010-7000-8000-000000000001,01a0bf0f-8c6e-75e9-93bb-936cf39e95cf,ACTIVE,-2165064,-250000,-1250000,0,0,0
351428,01a0b1c2-b010-7000-8000-000000000001,01a0bf0f-9150-7093-94cd-6272941f015e,ACTIVE,-2500000,250000,0,0,0,0
351430,01a0b1c2-b010-7000-8000-000000000001,01a0bf0f-82ab-7769-983f-45fca21fae0a,ACTIVE,0,-250000,2500000,0,0,0
351430,01a0b1c2-b010-7000-8000-000000000001,01a0bf0f-878c-766d-8e01-d6e11e6ed23b,ACTIVE,2500000,250000,0,0,0,0
351430,01a0b1c2-b010-7000-8000-000000000001,01a0bf0f-8c6e-75e9-93bb-936cf39e95cf,ACTIVE,-2165064,-250000,-1250000,0,0,0
351430,01a0b1c2-b010-7000-8000-000000000001,01a0bf0f-9150-7093-94cd-6272941f015e,ACTIVE,-2500000,250000,0,0,0,0
351432,01a0b1c2-b010-7000-8000-000000000001,01a0bf0f-82ab-7769-983f-45fca21fae0a,ACTIVE,0,-250000,2500000,0,0,0
351432,01a0b1c2-b010-7000-8000-000000000001,01a0bf0f-878c-766d-8e01-d6e11e6ed23b,ACTIVE,2500000,250000,0,0,0,0
351432,01a0b1c2-b010-7000-8000-000000000001,01a0bf0f-8c6e-75e9-93bb-936cf39e95cf,ACTIVE,-2165064,-250000,-1250000,0,0,0
351432,01a0b1c2-b010-7000-8000-000000000001,01a0bf0f-9150-7093-94cd-6272941f015e,ACTIVE,-2500000,250000,0,0,0,0
351434,01a0b1c2-b010-7000-8000-000000000001,01a0bf0f-82ab-7769-983f-45fca21fae0a,ACTIVE,0,-250000,2500000,0,0,0
351434,01a0b1c2-b010-7000-8000-000000000001,01a0bf0f-878c-766d-8e01-d6e11e6ed23b,ACTIVE,2500000,250000,0,0,0,0
351434,01a0b1c2-b010-7000-8000-000000000001,01a0bf0f-8c6e-75e9-93bb-936cf39e95cf,ACTIVE,-2165064,-250000,-1250000,0,0,0
351434,01a0b1c2-b010-7000-8000-000000000001,01a0bf0f-9150-7093-94cd-6272941f015e,ACTIVE,-2500000,250000,0,0,0,0
351436,01a0b1c2-b010-7000-8000-000000000001,01a0bf0f-82ab-7769-983f-45fca21fae0a,ACTIVE,0,-250000,2500000,0,0,0
351436,01a0b1c2-b010-7000-8000-000000000001,01a0bf0f-878c-766d-8e01-d6e11e6ed23b,ACTIVE,2500000,250000,0,0,0,0
351436,01a0b1c2-b010-7000-8000-000000000001,01a0bf0f-8c6e-75e9-93bb-936cf39e95cf,ACTIVE,-2165064,-250000,-1250000,0,0,0
351436,01a0b1c2-b010-7000-8000-000000000001,01a0bf0f-9150-7093-94cd-6272941f015e,ACTIVE,-2500000,250000,0,0,0,0
351438,01a0b1c2-b010-7000-8000-000000000001,01a0bf0f-82ab-7769-983f-45fca21fae0a,ACTIVE,0,-250000,2500000,0,0,0
351438,01a0b1c2-b010-7000-8000-000000000001,01a0bf0f-878c-766d-8e01-d6e11e6ed23b,ACTIVE,2500000,250000,0,0,0,0
351438,01a0b1c2-b010-7000-8000-000000000001,01a0bf0f-8c6e-75e9-93bb-936cf39e95cf,ACTIVE,-2165064,-250000,-1250000,0,0,0
351438,01a0b1c2-b010-7000-8000-000000000001,01a0bf0f-9150-7093-94cd-6272941f015e,ACTIVE,-2500000,250000,0,0,0,0
351440,01a0b1c2-b010-7000-8000-000000000001,01a0bf0f-82ab-7769-983f-45fca21fae0a,ACTIVE,0,-250000,2500000,0,0,0
351440,01a0b1c2-b010-7000-8000-000000000001,01a0bf0f-878c-766d-8e01-d6e11e6ed23b,ACTIVE,2500000,250000,0,0,0,0
351440,01a0b1c2-b010-7000-8000-000000000001,01a0bf0f-8c6e-75e9-93bb-936cf39e95cf,ACTIVE,-2165064,-250000,-1250000,0,0,0
351440,01a0b1c2-b010-7000-8000-000000000001,01a0bf0f-9150-7093-94cd-6272941f015e,ACTIVE,-2500000,250000,0,0,0,0
351442,01a0b1c2-b010-7000-8000-000000000001,01a0bf0f-82ab-7769-983f-45fca21fae0a,ACTIVE,0,-250000,2500000,0,0,0
351442,01a0b1c2-b010-7000-8000-000000000001,01a0bf0f-878c-766d-8e01-d6e11e6ed23b,ACTIVE,2500000,250000,0,0,0,0
351442,01a0b1c2-b010-7000-8000-000000000001,01a0bf0f-8c6e-75e9-93bb-936cf39e95cf,ACTIVE,-2165064,-250000,-1250000,0,0,0
351442,01a0b1c2-b010-7000-8000-000000000001,01a0bf0f-9150-7093-94cd-6272941f015e,ACTIVE,-2500000,250000,0,0,0,0
351444,01a0b1c2-b010-7000-8000-000000000001,01a0bf0f-82ab-7769-983f-45fca21fae0a,ACTIVE,0,-250000,2500000,0,0,0
351444,01a0b1c2-b010-7000-8000-000000000001,01a0bf0f-878c-766d-8e01-d6e11e6ed23b,ACTIVE,2500000,250000,0,0,0,0
351444,01a0b1c2-b010-7000-8000-000000000001,01a0bf0f-8c6e-75e9-93bb-936cf39e95cf,ACTIVE,-2165064,-250000,-1250000,0,0,0
351444,01a0b1c2-b010-7000-8000-000000000001,01a0bf0f-9150-7093-94cd-6272941f015e,ACTIVE,-2500000,250000,0,0,0,0
351446,01a0b1c2-b010-7000-8000-000000000001,01a0bf0f-82ab-7769-983f-45fca21fae0a,ACTIVE,0,-250000,2500000,0,0,0
351446,01a0b1c2-b010-7000-8000-000000000001,01a0bf0f-878c-766d-8e01-d6e11e6ed23b,ACTIVE,2500000,250000,0,0,0,0
351446,01a0b1c2-b010-7000-8000-000000000001,01a0bf0f-8c6e-75e9-93bb-936cf39e95cf,ACTIVE,-2165064,-250000,-1250000,0,0,0
351446,01a0b1c2-b010-7000-8000-000000000001,01a0bf0f-9150-7093-94cd-6272941f015e,ACTIVE,-2500000,250000,0,0,0,0
351448,01a0b1c2-b010-7000-8000-000000000001,01a0bf0f-82ab-7769-983f-45fca21fae0a,ACTIVE,0,-250000,2500000,0,0,0
351448,01a0b1c2-b010-7000-8000-000000000001,01a0bf0f-878c-766d-8e01-d6e11e6ed23b,ACTIVE,2500000,250000,0,0,0,0
351448,01a0b1c2-b010-7000-8000-000000000001,01a0bf0f-8c6e-75e9-93bb-936cf39e95cf,ACTIVE,-2165064,-250000,-1250000,0,0,0
351448,01a0b1c2-b010-7000-8000-000000000001,01a0bf0f-9150-7093-94cd-6272941f015e,ACTIVE,-2500000,250000,0,0,0,0
351450,01a0b1c2-b010-7000-8000-000000000001,01a0bf0f-82ab-7769-983f-45fca21fae0a,ACTIVE,0,-250000,2500000,0,0,0
351450,01a0b1c2-b010-7000-8000-000000000001,01a0bf0f-878c-766d-8e01-d6e11e6ed23b,ACTIVE,2500000,250000,0,0,0,0
351450,01a0b1c2-b010-7000-8000-000000000001,01a0bf0f-8c6e-75e9-93bb-936cf39e95cf,ACTIVE,-2165064,-250000,-1250000,0,0,0
351450,01a0b1c2-b010-7000-8000-000000000001,01a0bf0f-9150-7093-94cd-6272941f015e,ACTIVE,-2500000,250000,0,0,0,0
351452,01a0b1c2-b010-7000-8000-000000000001,01a0bf0f-82ab-7769-983f-45fca21fae0a,LINGERING,0,-250000,2500000,0,0,0
351452,01a0b1c2-b010-7000-8000-000000000001,01a0bf0f-878c-766d-8e01-d6e11e6ed23b,ACTIVE,2500000,250000,0,0,0,0
351452,01a0b1c2-b010-7000-8000-000000000001,01a0bf0f-8c6e-75e9-93bb-936cf39e95cf,ACTIVE,-2165064,-250000,-1250000,0,0,0
351452,01a0b1c2-b010-7000-8000-000000000001,01a0bf0f-9150-7093-94cd-6272941f015e,ACTIVE,-2500000,250000,0,0,0,0
351454,01a0b1c2-b010-7000-8000-000000000001,01a0bf0f-82ab-7769-983f-45fca21fae0a,LINGERING,0,-250000,2500000,0,0,0
351454,01a0b1c2-b010-7000-8000-000000000001,01a0bf0f-878c-766d-8e01-d6e11e6ed23b,ACTIVE,2500000,250000,0,0,0,0
351454,01a0b1c2-b010-7000-8000-000000000001,01a0bf0f-8c6e-75e9-93bb-936cf39e95cf,ACTIVE,-2165064,-250000,-1250000,0,0,0
351454,01a0b1c2-b010-7000-8000-000000000001,01a0bf0f-9150-7093-94cd-6272941f015e,ACTIVE,-2500000,250000,0,0,0,0
351456,01a0b1c2-b010-7000-8000-000000000001,01a0bf0f-82ab-7769-983f-45fca21fae0a,LINGERING,0,-250000,2500000,0,0,0
351456,01a0b1c2-b010-7000-8000-000000000001,01a0bf0f-878c-766d-8e01-d6e11e6ed23b,ACTIVE,2500000,250000,0,0,0,0
351456,01a0b1c2-b010-7000-8000-000000000001,01a0bf0f-8c6e-75e9-93bb-936cf39e95cf,ACTIVE,-2165064,-250000,-1250000,0,0,0
351456,01a0b1c2-b010-7000-8000-000000000001,01a0bf0f-9150-7093-94cd-6272941f015e,ACTIVE,-2500000,250000,0,0,0,0
351458,01a0b1c2-b010-7000-8000-000000000001,01a0bf0f-82ab-7769-983f-45fca21fae0a,LINGERING,0,-250000,2500000,0,0,0
351458,01a0b1c2-b010-7000-8000-000000000001,01a0bf0f-878c-766d-8e01-d6e11e6ed23b,ACTIVE,2500000,250000,0,0,0,0
351458,01a0b1c2-b010-7000-8000-000000000001,01a0bf0f-8c6e-75e9-93bb-936cf39e95cf,ACTIVE,-2165064,-250000,-1250000,0,0,0
351458,01a0b1c2-b010-7000-8000-000000000001,01a0bf0f-9150-7093-94cd-6272941f015e,ACTIVE,-2500000,250000,0,0,0,0
351460,01a0b1c2-b010-7000-8000-000000000001,01a0bf0f-82ab-7769-983f-45fca21fae0a,LINGERING,0,-250000,2500000,0,0,0
351460,01a0b1c2-b010-7000-8000-000000000001,01a0bf0f-878c-766d-8e01-d6e11e6ed23b,ACTIVE,2500000,250000,0,0,0,0
351460,01a0b1c2-b010-7000-8000-000000000001,01a0bf0f-8c6e-75e9-93bb-936cf39e95cf,ACTIVE,-2165064,-250000,-1250000,0,0,0
351460,01a0b1c2-b010-7000-8000-000000000001,01a0bf0f-9150-7093-94cd-6272941f015e,ACTIVE,-2500000,250000,0,0,0,0
351462,01a0b1c2-b010-7000-8000-000000000001,01a0bf0f-82ab-7769-983f-45fca21fae0a,LINGERING,0,-250000,2500000,0,0,0
351462,01a0b1c2-b010-7000-8000-000000000001,01a0bf0f-878c-766d-8e01-d6e11e6ed23b,ACTIVE,2500000,250000,0,0,0,0
351462,01a0b1c2-b010-7000-8000-000000000001,01a0bf0f-8c6e-75e9-93bb-936cf39e95cf,ACTIVE,-2165064,-250000,-1250000,0,0,0
351462,01a0b1c2-b010-7000-8000-000000000001,01a0bf0f-9150-7093-94cd-6272941f015e,ACTIVE,-2500000,250000,0,0,0,0
351464,01a0b1c2-b010-7000-8000-000000000001,01a0bf0f-82ab-7769-983f-45fca21fae0a,LINGERING,0,-250000,2500000,0,0,0
351464,01a0b1c2-b010-7000-8000-000000000001,01a0bf0f-878c-766d-8e01-d6e11e6ed23b,ACTIVE,2500000,250000,0,0,0,0
351464,01a0b1c2-b010-7000-8000-000000000001,01a0bf0f-8c6e-75e9-93bb-936cf39e95cf,ACTIVE,-2165064,-250000,-1250000,0,0,0
351464,01a0b1c2-b010-7000-8000-000000000001,01a0bf0f-9150-7093-94cd-6272941f015e,ACTIVE,-2500000,250000,0,0,0,0
351466,01a0b1c2-b010-7000-8000-000000000001,01a0bf0f-82ab-7769-983f-45fca21fae0a,LINGERING,0,-250000,2500000,0,0,0
351466,01a0b1c2-b010-7000-8000-000000000001,01a0bf0f-878c-766d-8e01-d6e11e6ed23b,ACTIVE,2500000,250000,0,0,0,0
351466,01a0b1c2-b010-7000-8000-000000000001,01a0bf0f-8c6e-75e9-93bb-936cf39e95cf,ACTIVE,-2165064,-250000,-1250000,0,0,0
351466,01a0b1c2-b010-7000-8000-000000000001,01a0bf0f-9150-7093-94cd-6272941f015e,ACTIVE,-2500000,250000,0,0,0,0
351468,01a0b1c2-b010-7000-8000-000000000001,01a0bf0f-82ab-7769-983f-45fca21fae0a,LINGERING,0,-250000,2500000,0,0,0
351468,01a0b1c2-b010-7000-8000-000000000001,01a0bf0f-878c-766d-8e01-d6e11e6ed23b,ACTIVE,2500000,250000,0,0,0,0
351468,01a0b1c2-b010-7000-8000-000000000001,01a0bf0f-8c6e-75e9-93bb-936cf39e95cf,ACTIVE,-2165064,-250000,-1250000,0,0,0
351468,01a0b1c2-b010-7000-8000-000000000001,01a0bf0f-9150-7093-94cd-6272941f015e,ACTIVE,-2500000,250000,0,0,0,0
351470,01a0b1c2-b010-7000-8000-000000000001,01a0bf0f-82ab-7769-983f-45fca21fae0a,LINGERING,0,-250000,2500000,0,0,0
351470,01a0b1c2-b010-7000-8000-000000000001,01a0bf0f-878c-766d-8e01-d6e11e6ed23b,ACTIVE,2500000,250000,0,0,0,0
351470,01a0b1c2-b010-7000-8000-000000000001,01a0bf0f-8c6e-75e9-93bb-936cf39e95cf,ACTIVE,-2165064,-250000,-1250000,0,0,0
351470,01a0b1c2-b010-7000-8000-000000000001,01a0bf0f-9150-7093-94cd-6272941f015e,ACTIVE,-2500000,250000,0,0,0,0
351472,01a0b1c2-b010-7000-8000-000000000001,01a0bf0f-82ab-7769-983f-45fca21fae0a,LINGERING,0,-250000,2500000,0,0,0
351472,01a0b1c2-b010-7000-8000-000000000001,01a0bf0f-878c-766d-8e01-d6e11e6ed23b,ACTIVE,2500000,250000,0,0,0,0
351472,01a0b1c2-b010-7000-8000-000000000001,01a0bf0f-8c6e-75e9-93bb-936cf39e95cf,ACTIVE,-2165064,-250000,-1250000,0,0,0
351472,01a0b1c2-b010-7000-8000-000000000001,01a0bf0f-9150-7093-94cd-6272941f015e,ACTIVE,-2500000,250000,0,0,0,0
351474,01a0b1c2-b010-7000-8000-000000000001,01a0bf0f-82ab-7769-983f-45fca21fae0a,LINGERING,0,-250000,2500000,0,0,0
351474,01a0b1c2-b010-7000-8000-000000000001,01a0bf0f-878c-766d-8e01-d6e11e6ed23b,ACTIVE,2500000,250000,0,0,0,0
351474,01a0b1c2-b010-7000-8000-000000000001,01a0bf0f-8c6e-75e9-93bb-936cf39e95cf,ACTIVE,-2165064,-250000,-1250000,0,0,0
351474,01a0b1c2-b010-7000-8000-000000000001,01a0bf0f-9150-7093-94cd-6272941f015e,ACTIVE,-2500000,250000,0,0,0,0
351476,01a0b1c2-b010-7000-8000-000000000001,01a0bf0f-82ab-7769-983f-45fca21fae0a,LINGERING,0,-250000,2500000,0,0,0
351476,01a0b1c2-b010-7000-8000-000000000001,01a0bf0f-878c-766d-8e01-d6e11e6ed23b,ACTIVE,2500000,250000,0,0,0,0
351476,01a0b1c2-b010-7000-8000-000000000001,01a0bf0f-8c6e-75e9-93bb-936cf39e95cf,ACTIVE,-2165064,-250000,-1250000,0,0,0
351476,01a0b1c2-b010-7000-8000-000000000001,01a0bf0f-9150-7093-94cd-6272941f015e,ACTIVE,-2500000,250000,0,0,0,0
350970,01a0b1c2-b010-7000-8000-000000000002,01a0bf0f-82ab-7769-983f-45fca21fae0a,ACTIVE,0,-250000,2500000,0,0,0
350970,01a0b1c2-b010-7000-8000-000000000002,01a0bf0f-878c-766d-8e01-d6e11e6ed23b,ACTIVE,2500000,250000,0,0,0,0
350970,01a0b1c2-b010-7000-8000-000000000002,01a0bf0f-8c6e-75e9-93bb-936cf39e95cf,ACTIVE,-2165064,-250000,-1250000,0,0,0
350972,01a0b1c2-b010-7000-8000-000000000002,01a0bf0f-82ab-7769-983f-45fca21fae0a,ACTIVE,0,-250000,2500000,0,0,0
350972,01a0b1c2-b010-7000-8000-000000000002,01a0bf0f-878c-766d-8e01-d6e11e6ed23b,ACTIVE,2500000,250000,0,0,0,0
350972,01a0b1c2-b010-7000-8000-000000000002,01a0bf0f-8c6e-75e9-93bb-936cf39e95cf,ACTIVE,-2165064,-250000,-1250000,0,0,0
350974,01a0b1c2-b010-7000-8000-000000000002,01a0bf0f-82ab-7769-983f-45fca21fae0a,ACTIVE,0,-250000,2500000,0,0,0
350974,01a0b1c2-b010-7000-8000-000000000002,01a0bf0f-878c-766d-8e01-d6e11e6ed23b,ACTIVE,2500000,250000,0,0,0,0
350974,01a0b1c2-b010-7000-8000-000000000002,01a0bf0f-8c6e-75e9-93bb-936cf39e95cf,ACTIVE,-2165064,-250000,-1250000,0,0,0
350976,01a0b1c2-b010-7000-8000-000000000002,01a0bf0f-82ab-7769-983f-45fca21fae0a,ACTIVE,0,-250000,2500000,0,0,0
350976,01a0b1c2-b010-7000-8000-000000000002,01a0bf0f-878c-766d-8e01-d6e11e6ed23b,ACTIVE,2500000,250000,0,0,0,0
350976,01a0b1c2-b010-7000-8000-000000000002,01a0bf0f-8c6e-75e9-93bb-936cf39e95cf,ACTIVE,-2165064,-250000,-1250000,0,0,0
350978,01a0b1c2-b010-7000-8000-000000000002,01a0bf0f-82ab-7769-983f-45fca21fae0a,ACTIVE,0,-250000,2500000,0,0,0
350978,01a0b1c2-b010-7000-8000-000000000002,01a0bf0f-878c-766d-8e01-d6e11e6ed23b,ACTIVE,2500000,250000,0,0,0,0
350978,01a0b1c2-b010-7000-8000-000000000002,01a0bf0f-8c6e-75e9-93bb-936cf39e95cf,ACTIVE,-2165064,-250000,-1250000,0,0,0
350980,01a0b1c2-b010-7000-8000-000000000002,01a0bf0f-82ab-7769-983f-45fca21fae0a,ACTIVE,0,-250000,2500000,0,0,0
350980,01a0b1c2-b010-7000-8000-000000000002,01a0bf0f-878c-766d-8e01-d6e11e6ed23b,ACTIVE,2500000,250000,0,0,0,0
350980,01a0b1c2-b010-7000-8000-000000000002,01a0bf0f-8c6e-75e9-93bb-936cf39e95cf,ACTIVE,-2165064,-250000,-1250000,0,0,0
350982,01a0b1c2-b010-7000-8000-000000000002,01a0bf0f-82ab-7769-983f-45fca21fae0a,ACTIVE,0,-250000,2500000,0,0,0
350982,01a0b1c2-b010-7000-8000-000000000002,01a0bf0f-878c-766d-8e01-d6e11e6ed23b,ACTIVE,2500000,250000,0,0,0,0
350982,01a0b1c2-b010-7000-8000-000000000002,01a0bf0f-8c6e-75e9-93bb-936cf39e95cf,ACTIVE,-2165064,-250000,-1250000,0,0,0
350984,01a0b1c2-b010-7000-8000-000000000002,01a0bf0f-82ab-7769-983f-45fca21fae0a,ACTIVE,0,-250000,2500000,0,0,0
350984,01a0b1c2-b010-7000-8000-000000000002,01a0bf0f-878c-766d-8e01-d6e11e6ed23b,ACTIVE,2500000,250000,0,0,0,0
350984,01a0b1c2-b010-7000-8000-000000000002,01a0bf0f-8c6e-75e9-93bb-936cf39e95cf,ACTIVE,-2165064,-250000,-1250000,0,0,0
350986,01a0b1c2-b010-7000-8000-000000000002,01a0bf0f-82ab-7769-983f-45fca21fae0a,ACTIVE,0,-250000,2500000,0,0,0
350986,01a0b1c2-b010-7000-8000-000000000002,01a0bf0f-878c-766d-8e01-d6e11e6ed23b,ACTIVE,2500000,250000,0,0,0,0
350986,01a0b1c2-b010-7000-8000-000000000002,01a0bf0f-8c6e-75e9-93bb-936cf39e95cf,ACTIVE,-2165064,-250000,-1250000,0,0,0
350988,01a0b1c2-b010-7000-8000-000000000002,01a0bf0f-82ab-7769-983f-45fca21fae0a,ACTIVE,0,-250000,2500000,0,0,0
350988,01a0b1c2-b010-7000-8000-000000000002,01a0bf0f-878c-766d-8e01-d6e11e6ed23b,ACTIVE,2500000,250000,0,0,0,0
350988,01a0b1c2-b010-7000-8000-000000000002,01a0bf0f-8c6e-75e9-93bb-936cf39e95cf,ACTIVE,-2165064,-250000,-1250000,0,0,0
350990,01a0b1c2-b010-7000-8000-000000000002,01a0bf0f-82ab-7769-983f-45fca21fae0a,ACTIVE,0,-250000,2500000,0,0,0
350990,01a0b1c2-b010-7000-8000-000000000002,01a0bf0f-878c-766d-8e01-d6e11e6ed23b,ACTIVE,2500000,250000,0,0,0,0
350990,01a0b1c2-b010-7000-8000-000000000002,01a0bf0f-8c6e-75e9-93bb-936cf39e95cf,ACTIVE,-2165064,-250000,-1250000,0,0,0
350992,01a0b1c2-b010-7000-8000-000000000002,01a0bf0f-82ab-7769-983f-45fca21fae0a,ACTIVE,0,-250000,2500000,0,0,0
350992,01a0b1c2-b010-7000-8000-000000000002,01a0bf0f-878c-766d-8e01-d6e11e6ed23b,ACTIVE,2500000,250000,0,0,0,0
350992,01a0b1c2-b010-7000-8000-000000000002,01a0bf0f-8c6e-75e9-93bb-936cf39e95cf,ACTIVE,-2165064,-250000,-1250000,0,0,0
350994,01a0b1c2-b010-7000-8000-000000000002,01a0bf0f-82ab-7769-983f-45fca21fae0a,ACTIVE,0,-250000,2500000,0,0,0
350994,01a0b1c2-b010-7000-8000-000000000002,01a0bf0f-878c-766d-8e01-d6e11e6ed23b,ACTIVE,2500000,250000,0,0,0,0
350994,01a0b1c2-b010-7000-8000-000000000002,01a0bf0f-8c6e-75e9-93bb-936cf39e95cf,ACTIVE,-2165064,-250000,-1250000,0,0,0
350994,01a0b1c2-b010-7000-8000-000000000002,01a0bf0f-9150-7093-94cd-6272941f015e,ACTIVE,-2500000,250000,0,0,0,0
350996,01a0b1c2-b010-7000-8000-000000000002,01a0bf0f-82ab-7769-983f-45fca21fae0a,ACTIVE,0,-250000,2500000,0,0,0
350996,01a0b1c2-b010-7000-8000-000000000002,01a0bf0f-878c-766d-8e01-d6e11e6ed23b,ACTIVE,2500000,250000,0,0,0,0
350996,01a0b1c2-b010-7000-8000-000000000002,01a0bf0f-8c6e-75e9-93bb-936cf39e95cf,ACTIVE,-2165064,-250000,-1250000,0,0,0
350996,01a0b1c2-b010-7000-8000-000000000002,01a0bf0f-9150-7093-94cd-6272941f015e,ACTIVE,-2500000,250000,0,0,0,0
350998,01a0b1c2-b010-7000-8000-000000000002,01a0bf0f-82ab-7769-983f-45fca21fae0a,ACTIVE,0,-250000,2500000,0,0,0
350998,01a0b1c2-b010-7000-8000-000000000002,01a0bf0f-878c-766d-8e01-d6e11e6ed23b,ACTIVE,2500000,250000,0,0,0,0
350998,01a0b1c2-b010-7000-8000-000000000002,01a0bf0f-8c6e-75e9-93bb-936cf39e95cf,ACTIVE,-2165064,-250000,-1250000,0,0,0
350998,01a0b1c2-b010-7000-8000-000000000002,01a0bf0f-9150-7093-94cd-6272941f015e,ACTIVE,-2500000,250000,0,0,0,0
351000,01a0b1c2-b010-7000-8000-000000000002,01a0bf0f-82ab-7769-983f-45fca21fae0a,ACTIVE,0,-250000,2500000,0,0,0
351000,01a0b1c2-b010-7000-8000-000000000002,01a0bf0f-878c-766d-8e01-d6e11e6ed23b,ACTIVE,2500000,250000,0,0,0,0
351000,01a0b1c2-b010-7000-8000-000000000002,01a0bf0f-8c6e-75e9-93bb-936cf39e95cf,ACTIVE,-2165064,-250000,-1250000,0,0,0
351000,01a0b1c2-b010-7000-8000-000000000002,01a0bf0f-9150-7093-94cd-6272941f015e,ACTIVE,-2500000,250000,0,0,0,0
351002,01a0b1c2-b010-7000-8000-000000000002,01a0bf0f-82ab-7769-983f-45fca21fae0a,ACTIVE,0,-250000,2500000,0,0,0
351002,01a0b1c2-b010-7000-8000-000000000002,01a0bf0f-878c-766d-8e01-d6e11e6ed23b,ACTIVE,2500000,250000,0,0,0,0
351002,01a0b1c2-b010-7000-8000-000000000002,01a0bf0f-8c6e-75e9-93bb-936cf39e95cf,ACTIVE,-2165064,-250000,-1250000,0,0,0
351002,01a0b1c2-b010-7000-8000-000000000002,01a0bf0f-9150-7093-94cd-6272941f015e,ACTIVE,-2500000,250000,0,0,0,0
351004,01a0b1c2-b010-7000-8000-000000000002,01a0bf0f-82ab-7769-983f-45fca21fae0a,ACTIVE,0,-250000,2500000,0,0,0
351004,01a0b1c2-b010-7000-8000-000000000002,01a0bf0f-878c-766d-8e01-d6e11e6ed23b,ACTIVE,2500000,250000,0,0,0,0
351004,01a0b1c2-b010-7000-8000-000000000002,01a0bf0f-8c6e-75e9-93bb-936cf39e95cf,ACTIVE,-2165064,-250000,-1250000,0,0,0
351004,01a0b1c2-b010-7000-8000-000000000002,01a0bf0f-9150-7093-94cd-6272941f015e,ACTIVE,-2500000,250000,0,0,0,0
351006,01a0b1c2-b010-7000-8000-000000000002,01a0bf0f-82ab-7769-983f-45fca21fae0a,ACTIVE,0,-250000,2500000,0,0,0
351006,01a0b1c2-b010-7000-8000-000000000002,01a0bf0f-878c-766d-8e01-d6e11e6ed23b,ACTIVE,2500000,250000,0,0,0,0
351006,01a0b1c2-b010-7000-8000-000000000002,01a0bf0f-8c6e-75e9-93bb-936cf39e95cf,ACTIVE,-2165064,-250000,-1250000,0,0,0
351006,01a0b1c2-b010-7000-8000-000000000002,01a0bf0f-9150-7093-94cd-6272941f015e,ACTIVE,-2500000,250000,0,0,0,0
351008,01a0b1c2-b010-7000-8000-000000000002,01a0bf0f-82ab-7769-983f-45fca21fae0a,ACTIVE,0,-250000,2500000,0,0,0
351008,01a0b1c2-b010-7000-8000-000000000002,01a0bf0f-878c-766d-8e01-d6e11e6ed23b,ACTIVE,2500000,250000,0,0,0,0
351008,01a0b1c2-b010-7000-8000-000000000002,01a0bf0f-8c6e-75e9-93bb-936cf39e95cf,ACTIVE,-2165064,-250000,-1250000,0,0,0
351008,01a0b1c2-b010-7000-8000-000000000002,01a0bf0f-9150-7093-94cd-6272941f015e,ACTIVE,-2500000,250000,0,0,0,0
351010,01a0b1c2-b010-7000-8000-000000000002,01a0bf0f-82ab-7769-983f-45fca21fae0a,ACTIVE,0,-250000,2500000,0,0,0
351010,01a0b1c2-b010-7000-8000-000000000002,01a0bf0f-878c-766d-8e01-d6e11e6ed23b,ACTIVE,2500000,250000,0,0,0,0
351010,01a0b1c2-b010-7000-8000-000000000002,01a0bf0f-8c6e-75e9-93bb-936cf39e95cf,ACTIVE,-2165064,-250000,-1250000,0,0,0
351010,01a0b1c2-b010-7000-8000-000000000002,01a0bf0f-9150-7093-94cd-6272941f015e,ACTIVE,-2500000,250000,0,0,0,0
351012,01a0b1c2-b010-7000-8000-000000000002,01a0bf0f-82ab-7769-983f-45fca21fae0a,ACTIVE,0,-250000,2500000,0,0,0
351012,01a0b1c2-b010-7000-8000-000000000002,01a0bf0f-878c-766d-8e01-d6e11e6ed23b,ACTIVE,2500000,250000,0,0,0,0
351012,01a0b1c2-b010-7000-8000-000000000002,01a0bf0f-8c6e-75e9-93bb-936cf39e95cf,ACTIVE,-2165064,-250000,-1250000,0,0,0
351012,01a0b1c2-b010-7000-8000-000000000002,01a0bf0f-9150-7093-94cd-6272941f015e,ACTIVE,-2500000,250000,0,0,0,0
351014,01a0b1c2-b010-7000-8000-000000000002,01a0bf0f-82ab-7769-983f-45fca21fae0a,ACTIVE,0,-250000,2500000,0,0,0
351014,01a0b1c2-b010-7000-8000-000000000002,01a0bf0f-878c-766d-8e01-d6e11e6ed23b,ACTIVE,2500000,250000,0,0,0,0
351014,01a0b1c2-b010-7000-8000-000000000002,01a0bf0f-8c6e-75e9-93bb-936cf39e95cf,ACTIVE,-2165064,-250000,-1250000,0,0,0
351014,01a0b1c2-b010-7000-8000-000000000002,01a0bf0f-9150-7093-94cd-6272941f015e,ACTIVE,-2500000,250000,0,0,0,0
351016,01a0b1c2-b010-7000-8000-000000000002,01a0bf0f-82ab-7769-983f-45fca21fae0a,ACTIVE,0,-250000,2500000,0,0,0
351016,01a0b1c2-b010-7000-8000-000000000002,01a0bf0f-878c-766d-8e01-d6e11e6ed23b,ACTIVE,2500000,250000,0,0,0,0
351016,01a0b1c2-b010-7000-8000-000000000002,01a0bf0f-8c6e-75e9-93bb-936cf39e95cf,ACTIVE,-2165064,-250000,-1250000,0,0,0
351016,01a0b1c2-b010-7000-8000-000000000002,01a0bf0f-9150-7093-94cd-6272941f015e,ACTIVE,-2500000,250000,0,0,0,0
351018,01a0b1c2-b010-7000-8000-000000000002,01a0bf0f-82ab-7769-983f-45fca21fae0a,ACTIVE,0,-250000,2500000,0,0,0
351018,01a0b1c2-b010-7000-8000-000000000002,01a0bf0f-878c-766d-8e01-d6e11e6ed23b,ACTIVE,2500000,250000,0,0,0,0
351018,01a0b1c2-b010-7000-8000-000000000002,01a0bf0f-8c6e-75e9-93bb-936cf39e95cf,ACTIVE,-2165064,-250000,-1250000,0,0,0
351018,01a0b1c2-b010-7000-8000-000000000002,01a0bf0f-9150-7093-94cd-6272941f015e,ACTIVE,-2500000,250000,0,0,0,0
351020,01a0b1c2-b010-7000-8000-000000000002,01a0bf0f-82ab-7769-983f-45fca21fae0a,ACTIVE,0,-250000,2500000,0,0,0
351020,01a0b1c2-b010-7000-8000-000000000002,01a0bf0f-878c-766d-8e01-d6e11e6ed23b,ACTIVE,2500000,250000,0,0,0,0
351020,01a0b1c2-b010-7000-8000-000000000002,01a0bf0f-8c6e-75e9-93bb-936cf39e95cf,ACTIVE,-2165064,-250000,-1250000,0,0,0
351020,01a0b1c2-b010-7000-8000-000000000002,01a0bf0f-9150-7093-94cd-6272941f015e,ACTIVE,-2500000,250000,0,0,0,0
351022,01a0b1c2-b010-7000-8000-000000000002,01a0bf0f-82ab-7769-983f-45fca21fae0a,ACTIVE,0,-250000,2500000,0,0,0
351022,01a0b1c2-b010-7000-8000-000000000002,01a0bf0f-878c-766d-8e01-d6e11e6ed23b,ACTIVE,2500000,250000,0,0,0,0
351022,01a0b1c2-b010-7000-8000-000000000002,01a0bf0f-8c6e-75e9-93bb-936cf39e95cf,ACTIVE,-2165064,-250000,-1250000,0,0,0
351022,01a0b1c2-b010-7000-8000-000000000002,01a0bf0f-9150-7093-94cd-6272941f015e,ACTIVE,-2500000,250000,0,0,0,0
351024,01a0b1c2-b010-7000-8000-000000000002,01a0bf0f-82ab-7769-983f-45fca21fae0a,ACTIVE,0,-250000,2500000,0,0,0
351024,01a0b1c2-b010-7000-8000-000000000002,01a0bf0f-878c-766d-8e01-d6e11e6ed23b,ACTIVE,2500000,250000,0,0,0,0
351024,01a0b1c2-b010-7000-8000-000000000002,01a0bf0f-8c6e-75e9-93bb-936cf39e95cf,ACTIVE,-2165064,-250000,-1250000,0,0,0
351024,01a0b1c2-b010-7000-8000-000000000002,01a0bf0f-9150-7093-94cd-6272941f015e,ACTIVE,-2500000,250000,0,0,0,0
351026,01a0b1c2-b010-7000-8000-000000000002,01a0bf0f-82ab-7769-983f-45fca21fae0a,ACTIVE,0,-250000,2500000,0,0,0
351026,01a0b1c2-b010-7000-8000-000000000002,01a0bf0f-878c-766d-8e01-d6e11e6ed23b,ACTIVE,2500000,250000,0,0,0,0
351026,01a0b1c2-b010-7000-8000-000000000002,01a0bf0f-8c6e-75e9-93bb-936cf39e95cf,ACTIVE,-2165064,-250000,-1250000,0,0,0
351026,01a0b1c2-b010-7000-8000-000000000002,01a0bf0f-9150-7093-94cd-6272941f015e,ACTIVE,-2500000,250000,0,0,0,0
351028,01a0b1c2-b010-7000-8000-000000000002,01a0bf0f-82ab-7769-983f-45fca21fae0a,ACTIVE,0,-250000,2500000,0,0,0
351028,01a0b1c2-b010-7000-8000-000000000002,01a0bf0f-878c-766d-8e01-d6e11e6ed23b,ACTIVE,2500000,250000,0,0,0,0
351028,01a0b1c2-b010-7000-8000-000000000002,01a0bf0f-8c6e-75e9-93bb-936cf39e95cf,ACTIVE,-2165064,-250000,-1250000,0,0,0
351028,01a0b1c2-b010-7000-8000-000000000002,01a0bf0f-9150-7093-94cd-6272941f015e,ACTIVE,-2500000,250000,0,0,0,0
351030,01a0b1c2-b010-7000-8000-000000000002,01a0bf0f-82ab-7769-983f-45fca21fae0a,ACTIVE,0,-250000,2500000,0,0,0
351030,01a0b1c2-b010-7000-8000-000000000002,01a0bf0f-878c-766d-8e01-d6e11e6ed23b,ACTIVE,2500000,250000,0,0,0,0
351030,01a0b1c2-b010-7000-8000-000000000002,01a0bf0f-8c6e-75e9-93bb-936cf39e95cf,ACTIVE,-2165064,-250000,-1250000,0,0,0
351030,01a0b1c2-b010-7000-8000-000000000002,01a0bf0f-9150-7093-94cd-6272941f015e,ACTIVE,-2500000,250000,0,0,0,0
351032,01a0b1c2-b010-7000-8000-000000000002,01a0bf0f-82ab-7769-983f-45fca21fae0a,ACTIVE,0,-250000,2500000,0,0,0
351032,01a0b1c2-b010-7000-8000-000000000002,01a0bf0f-878c-766d-8e01-d6e11e6ed23b,ACTIVE,2500000,250000,0,0,0,0
351032,01a0b1c2-b010-7000-8000-000000000002,01a0bf0f-8c6e-75e9-93bb-936cf39e95cf,ACTIVE,-2165064,-250000,-1250000,0,0,0
351032,01a0b1c2-b010-7000-8000-000000000002,01a0bf0f-9150-7093-94cd-6272941f015e,ACTIVE,-2500000,250000,0,0,0,0
351034,01a0b1c2-b010-7000-8000-000000000002,01a0bf0f-82ab-7769-983f-45fca21fae0a,ACTIVE,0,-250000,2500000,0,0,0
351034,01a0b1c2-b010-7000-8000-000000000002,01a0bf0f-878c-766d-8e01-d6e11e6ed23b,ACTIVE,2500000,250000,0,0,0,0
351034,01a0b1c2-b010-7000-8000-000000000002,01a0bf0f-8c6e-75e9-93bb-936cf39e95cf,ACTIVE,-2165064,-250000,-1250000,0,0,0
351034,01a0b1c2-b010-7000-8000-000000000002,01a0bf0f-9150-7093-94cd-6272941f015e,ACTIVE,-2500000,250000,0,0,0,0
351036,01a0b1c2-b010-7000-8000-000000000002,01a0bf0f-82ab-7769-983f-45fca21fae0a,ACTIVE,0,-250000,2500000,0,0,0
351036,01a0b1c2-b010-7000-8000-000000000002,01a0bf0f-878c-766d-8e01-d6e11e6ed23b,ACTIVE,2500000,250000,0,0,0,0
351036,01a0b1c2-b010-7000-8000-000000000002,01a0bf0f-8c6e-75e9-93bb-936cf39e95cf,ACTIVE,-2165064,-250000,-1250000,0,0,0
351036,01a0b1c2-b010-7000-8000-000000000002,01a0bf0f-9150-7093-94cd-6272941f015e,ACTIVE,-2500000,250000,0,0,0,0
351038,01a0b1c2-b010-7000-8000-000000000002,01a0bf0f-82ab-7769-983f-45fca21fae0a,ACTIVE,0,-250000,2500000,0,0,0
351038,01a0b1c2-b010-7000-8000-000000000002,01a0bf0f-878c-766d-8e01-d6e11e6ed23b,ACTIVE,2500000,250000,0,0,0,0
351038,01a0b1c2-b010-7000-8000-000000000002,01a0bf0f-8c6e-75e9-93bb-936cf39e95cf,ACTIVE,-2165064,-250000,-1250000,0,0,0
351038,01a0b1c2-b010-7000-8000-000000000002,01a0bf0f-9150-7093-94cd-6272941f015e,ACTIVE,-2500000,250000,0,0,0,0
351040,01a0b1c2-b010-7000-8000-000000000002,01a0bf0f-82ab-7769-983f-45fca21fae0a,ACTIVE,0,-250000,2500000,0,0,0
351040,01a0b1c2-b010-7000-8000-000000000002,01a0bf0f-878c-766d-8e01-d6e11e6ed23b,ACTIVE,2500000,250000,0,0,0,0
351040,01a0b1c2-b010-7000-8000-000000000002,01a0bf0f-8c6e-75e9-93bb-936cf39e95cf,ACTIVE,-2165064,-250000,-1250000,0,0,0
351040,01a0b1c2-b010-7000-8000-000000000002,01a0bf0f-9150-7093-94cd-6272941f015e,ACTIVE,-2500000,250000,0,0,0,0
351042,01a0b1c2-b010-7000-8000-000000000002,01a0bf0f-82ab-7769-983f-45fca21fae0a,ACTIVE,0,-250000,2500000,0,0,0
351042,01a0b1c2-b010-7000-8000-000000000002,01a0bf0f-878c-766d-8e01-d6e11e6ed23b,ACTIVE,2500000,250000,0,0,0,0
351042,01a0b1c2-b010-7000-8000-000000000002,01a0bf0f-8c6e-75e9-93bb-936cf39e95cf,ACTIVE,-2165064,-250000,-1250000,0,0,0
351042,01a0b1c2-b010-7000-8000-000000000002,01a0bf0f-9150-7093-94cd-6272941f015e,ACTIVE,-2500000,250000,0,0,0,0
351044,01a0b1c2-b010-7000-8000-000000000002,01a0bf0f-82ab-7769-983f-45fca21fae0a,ACTIVE,0,-250000,2500000,0,0,0
351044,01a0b1c2-b010-7000-8000-000000000002,01a0bf0f-878c-766d-8e01-d6e11e6ed23b,ACTIVE,2500000,250000,0,0,0,0
351044,01a0b1c2-b010-7000-8000-000000000002,01a0bf0f-8c6e-75e9-93bb-936cf39e95cf,ACTIVE,-2165064,-250000,-1250000,0,0,0
351044,01a0b1c2-b010-7000-8000-000000000002,01a0bf0f-9150-7093-94cd-6272941f015e,ACTIVE,-2500000,250000,0,0,0,0
351046,01a0b1c2-b010-7000-8000-000000000002,01a0bf0f-82ab-7769-983f-45fca21fae0a,ACTIVE,0,-250000,2500000,0,0,0
351046,01a0b1c2-b010-7000-8000-000000000002,01a0bf0f-878c-766d-8e01-d6e11e6ed23b,ACTIVE,2500000,250000,0,0,0,0
351046,01a0b1c2-b010-7000-8000-000000000002,01a0bf0f-8c6e-75e9-93bb-936cf39e95cf,ACTIVE,-2165064,-250000,-1250000,0,0,0
351046,01a0b1c2-b010-7000-8000-000000000002,01a0bf0f-9150-7093-94cd-6272941f015e,ACTIVE,-2500000,250000,0,0,0,0
351048,01a0b1c2-b010-7000-8000-000000000002,01a0bf0f-82ab-7769-983f-45fca21fae0a,ACTIVE,0,-250000,2500000,0,0,0
351048,01a0b1c2-b010-7000-8000-000000000002,01a0bf0f-878c-766d-8e01-d6e11e6ed23b,ACTIVE,2500000,250000,0,0,0,0
351048,01a0b1c2-b010-7000-8000-000000000002,01a0bf0f-8c6e-75e9-93bb-936cf39e95cf,ACTIVE,-2165064,-250000,-1250000,0,0,0
351048,01a0b1c2-b010-7000-8000-000000000002,01a0bf0f-9150-7093-94cd-6272941f015e,ACTIVE,-2500000,250000,0,0,0,0
351050,01a0b1c2-b010-7000-8000-000000000002,01a0bf0f-82ab-7769-983f-45fca21fae0a,ACTIVE,0,-250000,2500000,0,0,0
351050,01a0b1c2-b010-7000-8000-000000000002,01a0bf0f-878c-766d-8e01-d6e11e6ed23b,ACTIVE,2500000,250000,0,0,0,0
351050,01a0b1c2-b010-7000-8000-000000000002,01a0bf0f-8c6e-75e9-93bb-936cf39e95cf,ACTIVE,-2165064,-250000,-1250000,0,0,0
351050,01a0b1c2-b010-7000-8000-000000000002,01a0bf0f-9150-7093-94cd-6272941f015e,ACTIVE,-2500000,250000,0,0,0,0
351052,01a0b1c2-b010-7000-8000-000000000002,01a0bf0f-82ab-7769-983f-45fca21fae0a,ACTIVE,0,-250000,2500000,0,0,0
351052,01a0b1c2-b010-7000-8000-000000000002,01a0bf0f-878c-766d-8e01-d6e11e6ed23b,ACTIVE,2500000,250000,0,0,0,0
351052,01a0b1c2-b010-7000-8000-000000000002,01a0bf0f-8c6e-75e9-93bb-936cf39e95cf,ACTIVE,-2165064,-250000,-1250000,0,0,0
351052,01a0b1c2-b010-7000-8000-000000000002,01a0bf0f-9150-7093-94cd-6272941f015e,ACTIVE,-2500000,250000,0,0,0,0
351054,01a0b1c2-b010-7000-8000-000000000002,01a0bf0f-82ab-7769-983f-45fca21fae0a,ACTIVE,0,-250000,2500000,0,0,0
351054,01a0b1c2-b010-7000-8000-000000000002,01a0bf0f-878c-766d-8e01-d6e11e6ed23b,ACTIVE,2500000,250000,0,0,0,0
351054,01a0b1c2-b010-7000-8000-000000000002,01a0bf0f-8c6e-75e9-93bb-936cf39e95cf,ACTIVE,-2165064,-250000,-1250000,0,0,0
351054,01a0b1c2-b010-7000-8000-000000000002,01a0bf0f-9150-7093-94cd-6272941f015e,ACTIVE,-2500000,250000,0,0,0,0
351056,01a0b1c2-b010-7000-8000-000000000002,01a0bf0f-82ab-7769-983f-45fca21fae0a,ACTIVE,0,-250000,2500000,0,0,0
351056,01a0b1c2-b010-7000-8000-000000000002,01a0bf0f-878c-766d-8e01-d6e11e6ed23b,ACTIVE,2500000,250000,0,0,0,0
351056,01a0b1c2-b010-7000-8000-000000000002,01a0bf0f-8c6e-75e9-93bb-936cf39e95cf,ACTIVE,-2165064,-250000,-1250000,0,0,0
351056,01a0b1c2-b010-7000-8000-000000000002,01a0bf0f-9150-7093-94cd-6272941f015e,ACTIVE,-2500000,250000,0,0,0,0
351058,01a0b1c2-b010-7000-8000-000000000002,01a0bf0f-82ab-7769-983f-45fca21fae0a,ACTIVE,0,-250000,2500000,0,0,0
351058,01a0b1c2-b010-7000-8000-000000000002,01a0bf0f-878c-766d-8e01-d6e11e6ed23b,ACTIVE,2500000,250000,0,0,0,0
351058,01a0b1c2-b010-7000-8000-000000000002,01a0bf0f-8c6e-75e9-93bb-936cf39e95cf,ACTIVE,-2165064,-250000,-1250000,0,0,0
351058,01a0b1c2-b010-7000-8000-000000000002,01a0bf0f-9150-7093-94cd-6272941f015e,ACTIVE,-2500000,250000,0,0,0,0
351060,01a0b1c2-b010-7000-8000-000000000002,01a0bf0f-82ab-7769-983f-45fca21fae0a,ACTIVE,0,-250000,2500000,0,0,0
351060,01a0b1c2-b010-7000-8000-000000000002,01a0bf0f-878c-766d-8e01-d6e11e6ed23b,ACTIVE,2500000,250000,0,0,0,0
351060,01a0b1c2-b010-7000-8000-000000000002,01a0bf0f-8c6e-75e9-93bb-936cf39e95cf,ACTIVE,-2165064,-250000,-1250000,0,0,0
351060,01a0b1c2-b010-7000-8000-000000000002,01a0bf0f-9150-7093-94cd-6272941f015e,ACTIVE,-2500000,250000,0,0,0,0
351062,01a0b1c2-b010-7000-8000-000000000002,01a0bf0f-82ab-7769-983f-45fca21fae0a,ACTIVE,0,-250000,2500000,0,0,0
351062,01a0b1c2-b010-7000-8000-000000000002,01a0bf0f-878c-766d-8e01-d6e11e6ed23b,ACTIVE,2500000,250000,0,0,0,0
351062,01a0b1c2-b010-7000-8000-000000000002,01a0bf0f-8c6e-75e9-93bb-936cf39e95cf,ACTIVE,-2165064,-250000,-1250000,0,0,0
351062,01a0b1c2-b010-7000-8000-000000000002,01a0bf0f-9150-7093-94cd-6272941f015e,ACTIVE,-2500000,250000,0,0,0,0
351064,01a0b1c2-b010-7000-8000-000000000002,01a0bf0f-82ab-7769-983f-45fca21fae0a,ACTIVE,0,-250000,2500000,0,0,0
351064,01a0b1c2-b010-7000-8000-000000000002,01a0bf0f-878c-766d-8e01-d6e11e6ed23b,ACTIVE,2500000,250000,0,0,0,0
351064,01a0b1c2-b010-7000-8000-000000000002,01a0bf0f-8c6e-75e9-93bb-936cf39e95cf,ACTIVE,-2165064,-250000,-1250000,0,0,0
351064,01a0b1c2-b010-7000-8000-000000000002,01a0bf0f-9150-7093-94cd-6272941f015e,ACTIVE,-2500000,250000,0,0,0,0
351066,01a0b1c2-b010-7000-8000-000000000002,01a0bf0f-82ab-7769-983f-45fca21fae0a,ACTIVE,0,-250000,2500000,0,0,0
351066,01a0b1c2-b010-7000-8000-000000000002,01a0bf0f-878c-766d-8e01-d6e11e6ed23b,ACTIVE,2500000,250000,0,0,0,0
351066,01a0b1c2-b010-7000-8000-000000000002,01a0bf0f-8c6e-75e9-93bb-936cf39e95cf,ACTIVE,-2165064,-250000,-1250000,0,0,0
351066,01a0b1c2-b010-7000-8000-000000000002,01a0bf0f-9150-7093-94cd-6272941f015e,ACTIVE,-2500000,250000,0,0,0,0
351068,01a0b1c2-b010-7000-8000-000000000002,01a0bf0f-82ab-7769-983f-45fca21fae0a,ACTIVE,0,-250000,2500000,0,0,0
351068,01a0b1c2-b010-7000-8000-000000000002,01a0bf0f-878c-766d-8e01-d6e11e6ed23b,ACTIVE,2500000,250000,0,0,0,0
351068,01a0b1c2-b010-7000-8000-000000000002,01a0bf0f-8c6e-75e9-93bb-936cf39e95cf,ACTIVE,-2165064,-250000,-1250000,0,0,0
351068,01a0b1c2-b010-7000-8000-000000000002,01a0bf0f-9150-7093-94cd-6272941f015e,ACTIVE,-2500000,250000,0,0,0,0
351070,01a0b1c2-b010-7000-8000-000000000002,01a0bf0f-82ab-7769-983f-45fca21fae0a,ACTIVE,0,-250000,2500000,0,0,0
351070,01a0b1c2-b010-7000-8000-000000000002,01a0bf0f-878c-766d-8e01-d6e11e6ed23b,ACTIVE,2500000,250000,0,0,0,0
351070,01a0b1c2-b010-7000-8000-000000000002,01a0bf0f-8c6e-75e9-93bb-936cf39e95cf,ACTIVE,-2165064,-250000,-1250000,0,0,0
351070,01a0b1c2-b010-7000-8000-000000000002,01a0bf0f-9150-7093-94cd-6272941f015e,ACTIVE,-2500000,250000,0,0,0,0
351072,01a0b1c2-b010-7000-8000-000000000002,01a0bf0f-82ab-7769-983f-45fca21fae0a,ACTIVE,0,-250000,2500000,0,0,0
351072,01a0b1c2-b010-7000-8000-000000000002,01a0bf0f-878c-766d-8e01-d6e11e6ed23b,ACTIVE,2500000,250000,0,0,0,0
351072,01a0b1c2-b010-7000-8000-000000000002,01a0bf0f-8c6e-75e9-93bb-936cf39e95cf,ACTIVE,-2165064,-250000,-1250000,0,0,0
351072,01a0b1c2-b010-7000-8000-000000000002,01a0bf0f-9150-7093-94cd-6272941f015e,ACTIVE,-2500000,250000,0,0,0,0
351074,01a0b1c2-b010-7000-8000-000000000002,01a0bf0f-82ab-7769-983f-45fca21fae0a,ACTIVE,0,-250000,2500000,0,0,0
351074,01a0b1c2-b010-7000-8000-000000000002,01a0bf0f-878c-766d-8e01-d6e11e6ed23b,ACTIVE,2500000,250000,0,0,0,0
351074,01a0b1c2-b010-7000-8000-000000000002,01a0bf0f-8c6e-75e9-93bb-936cf39e95cf,ACTIVE,-2165064,-250000,-1250000,0,0,0
351074,01a0b1c2-b010-7000-8000-000000000002,01a0bf0f-9150-7093-94cd-6272941f015e,ACTIVE,-2500000,250000,0,0,0,0
351076,01a0b1c2-b010-7000-8000-000000000002,01a0bf0f-82ab-7769-983f-45fca21fae0a,ACTIVE,0,-250000,2500000,0,0,0
351076,01a0b1c2-b010-7000-8000-000000000002,01a0bf0f-878c-766d-8e01-d6e11e6ed23b,ACTIVE,2500000,250000,0,0,0,0
351076,01a0b1c2-b010-7000-8000-000000000002,01a0bf0f-8c6e-75e9-93bb-936cf39e95cf,ACTIVE,-2165064,-250000,-1250000,0,0,0
351076,01a0b1c2-b010-7000-8000-000000000002,01a0bf0f-9150-7093-94cd-6272941f015e,ACTIVE,-2500000,250000,0,0,0,0
351078,01a0b1c2-b010-7000-8000-000000000002,01a0bf0f-82ab-7769-983f-45fca21fae0a,ACTIVE,0,-250000,2500000,0,0,0
351078,01a0b1c2-b010-7000-8000-000000000002,01a0bf0f-878c-766d-8e01-d6e11e6ed23b,ACTIVE,2500000,250000,0,0,0,0
351078,01a0b1c2-b010-7000-8000-000000000002,01a0bf0f-8c6e-75e9-93bb-936cf39e95cf,ACTIVE,-2165064,-250000,-1250000,0,0,0
351078,01a0b1c2-b010-7000-8000-000000000002,01a0bf0f-9150-7093-94cd-6272941f015e,ACTIVE,-2500000,250000,0,0,0,0
351080,01a0b1c2-b010-7000-8000-000000000002,01a0bf0f-82ab-7769-983f-45fca21fae0a,ACTIVE,0,-250000,2500000,0,0,0
351080,01a0b1c2-b010-7000-8000-000000000002,01a0bf0f-878c-766d-8e01-d6e11e6ed23b,ACTIVE,2500000,250000,0,0,0,0
351080,01a0b1c2-b010-7000-8000-000000000002,01a0bf0f-8c6e-75e9-93bb-936cf39e95cf,ACTIVE,-2165064,-250000,-1250000,0,0,0
351080,01a0b1c2-b010-7000-8000-000000000002,01a0bf0f-9150-7093-94cd-6272941f015e,ACTIVE,-2500000,250000,0,0,0,0
351082,01a0b1c2-b010-7000-8000-000000000002,01a0bf0f-82ab-7769-983f-45fca21fae0a,ACTIVE,0,-250000,2500000,0,0,0
351082,01a0b1c2-b010-7000-8000-000000000002,01a0bf0f-878c-766d-8e01-d6e11e6ed23b,ACTIVE,2500000,250000,0,0,0,0
351082,01a0b1c2-b010-7000-8000-000000000002,01a0bf0f-8c6e-75e9-93bb-936cf39e95cf,ACTIVE,-2165064,-250000,-1250000,0,0,0
351082,01a0b1c2-b010-7000-8000-000000000002,01a0bf0f-9150-7093-94cd-6272941f015e,ACTIVE,-2500000,250000,0,0,0,0
351084,01a0b1c2-b010-7000-8000-000000000002,01a0bf0f-82ab-7769-983f-45fca21fae0a,ACTIVE,0,-250000,2500000,0,0,0
351084,01a0b1c2-b010-7000-8000-000000000002,01a0bf0f-878c-766d-8e01-d6e11e6ed23b,ACTIVE,2500000,250000,0,0,0,0
351084,01a0b1c2-b010-7000-8000-000000000002,01a0bf0f-8c6e-75e9-93bb-936cf39e95cf,ACTIVE,-2165064,-250000,-1250000,0,0,0
351084,01a0b1c2-b010-7000-8000-000000000002,01a0bf0f-9150-7093-94cd-6272941f015e,ACTIVE,-2500000,250000,0,0,0,0
351086,01a0b1c2-b010-7000-8000-000000000002,01a0bf0f-82ab-7769-983f-45fca21fae0a,ACTIVE,0,-250000,2500000,0,0,0
351086,01a0b1c2-b010-7000-8000-000000000002,01a0bf0f-878c-766d-8e01-d6e11e6ed23b,ACTIVE,2500000,250000,0,0,0,0
351086,01a0b1c2-b010-7000-8000-000000000002,01a0bf0f-8c6e-75e9-93bb-936cf39e95cf,ACTIVE,-2165064,-250000,-1250000,0,0,0
351086,01a0b1c2-b010-7000-8000-000000000002,01a0bf0f-9150-7093-94cd-6272941f015e,ACTIVE,-2500000,250000,0,0,0,0
351088,01a0b1c2-b010-7000-8000-000000000002,01a0bf0f-82ab-7769-983f-45fca21fae0a,ACTIVE,0,-250000,2500000,0,0,0
351088,01a0b1c2-b010-7000-8000-000000000002,01a0bf0f-878c-766d-8e01-d6e11e6ed23b,ACTIVE,2500000,250000,0,0,0,0
351088,01a0b1c2-b010-7000-8000-000000000002,01a0bf0f-8c6e-75e9-93bb-936cf39e95cf,ACTIVE,-2165064,-250000,-1250000,0,0,0
351088,01a0b1c2-b010-7000-8000-000000000002,01a0bf0f-9150-7093-94cd-6272941f015e,ACTIVE,-2500000,250000,0,0,0,0
351090,01a0b1c2-b010-7000-8000-000000000002,01a0bf0f-82ab-7769-983f-45fca21fae0a,ACTIVE,0,-250000,2500000,0,0,0
351090,01a0b1c2-b010-7000-8000-000000000002,01a0bf0f-878c-766d-8e01-d6e11e6ed23b,ACTIVE,2500000,250000,0,0,0,0
351090,01a0b1c2-b010-7000-8000-000000000002,01a0bf0f-8c6e-75e9-93bb-936cf39e95cf,ACTIVE,-2165064,-250000,-1250000,0,0,0
351090,01a0b1c2-b010-7000-8000-000000000002,01a0bf0f-9150-7093-94cd-6272941f015e,ACTIVE,-2500000,250000,0,0,0,0
351092,01a0b1c2-b010-7000-8000-000000000002,01a0bf0f-82ab-7769-983f-45fca21fae0a,ACTIVE,0,-250000,2500000,0,0,0
351092,01a0b1c2-b010-7000-8000-000000000002,01a0bf0f-878c-766d-8e01-d6e11e6ed23b,ACTIVE,2500000,250000,0,0,0,0
351092,01a0b1c2-b010-7000-8000-000000000002,01a0bf0f-8c6e-75e9-93bb-936cf39e95cf,ACTIVE,-2165064,-250000,-1250000,0,0,0
351092,01a0b1c2-b010-7000-8000-000000000002,01a0bf0f-9150-7093-94cd-6272941f015e,ACTIVE,-2500000,250000,0,0,0,0
351094,01a0b1c2-b010-7000-8000-000000000002,01a0bf0f-82ab-7769-983f-45fca21fae0a,ACTIVE,0,-250000,2500000,0,0,0
351094,01a0b1c2-b010-7000-8000-000000000002,01a0bf0f-878c-766d-8e01-d6e11e6ed23b,ACTIVE,2500000,250000,0,0,0,0
351094,01a0b1c2-b010-7000-8000-000000000002,01a0bf0f-8c6e-75e9-93bb-936cf39e95cf,ACTIVE,-2165064,-250000,-1250000,0,0,0
351094,01a0b1c2-b010-7000-8000-000000000002,01a0bf0f-9150-7093-94cd-6272941f015e,ACTIVE,-2500000,250000,0,0,0,0
351096,01a0b1c2-b010-7000-8000-000000000002,01a0bf0f-82ab-7769-983f-45fca21fae0a,ACTIVE,0,-250000,2500000,0,0,0
351096,01a0b1c2-b010-7000-8000-000000000002,01a0bf0f-878c-766d-8e01-d6e11e6ed23b,ACTIVE,2500000,250000,0,0,0,0
351096,01a0b1c2-b010-7000-8000-000000000002,01a0bf0f-8c6e-75e9-93bb-936cf39e95cf,ACTIVE,-2165064,-250000,-1250000,0,0,0
351096,01a0b1c2-b010-7000-8000-000000000002,01a0bf0f-9150-7093-94cd-6272941f015e,ACTIVE,-2500000,250000,0,0,0,0
351098,01a0b1c2-b010-7000-8000-000000000002,01a0bf0f-82ab-7769-983f-45fca21fae0a,ACTIVE,0,-250000,2500000,0,0,0
351098,01a0b1c2-b010-7000-8000-000000000002,01a0bf0f-878c-766d-8e01-d6e11e6ed23b,ACTIVE,2500000,250000,0,0,0,0
351098,01a0b1c2-b010-7000-8000-000000000002,01a0bf0f-8c6e-75e9-93bb-936cf39e95cf,ACTIVE,-2165064,-250000,-1250000,0,0,0
351098,01a0b1c2-b010-7000-8000-000000000002,01a0bf0f-9150-7093-94cd-6272941f015e,ACTIVE,-2500000,250000,0,0,0,0
351100,01a0b1c2-b010-7000-8000-000000000002,01a0bf0f-82ab-7769-983f-45fca21fae0a,ACTIVE,0,-250000,2500000,0,0,0
351100,01a0b1c2-b010-7000-8000-000000000002,01a0bf0f-878c-766d-8e01-d6e11e6ed23b,ACTIVE,2500000,250000,0,0,0,0
351100,01a0b1c2-b010-7000-8000-000000000002,01a0bf0f-8c6e-75e9-93bb-936cf39e95cf,ACTIVE,-2165064,-250000,-1250000,0,0,0
351100,01a0b1c2-b010-7000-8000-000000000002,01a0bf0f-9150-7093-94cd-6272941f015e,ACTIVE,-2500000,250000,0,0,0,0
351102,01a0b1c2-b010-7000-8000-000000000002,01a0bf0f-82ab-7769-983f-45fca21fae0a,ACTIVE,0,-250000,2500000,0,0,0
351102,01a0b1c2-b010-7000-8000-000000000002,01a0bf0f-878c-766d-8e01-d6e11e6ed23b,ACTIVE,2500000,250000,0,0,0,0
351102,01a0b1c2-b010-7000-8000-000000000002,01a0bf0f-8c6e-75e9-93bb-936cf39e95cf,ACTIVE,-2165064,-250000,-1250000,0,0,0
351102,01a0b1c2-b010-7000-8000-000000000002,01a0bf0f-9150-7093-94cd-6272941f015e,ACTIVE,-2500000,250000,0,0,0,0
351104,01a0b1c2-b010-7000-8000-000000000002,01a0bf0f-82ab-7769-983f-45fca21fae0a,ACTIVE,0,-250000,2500000,0,0,0
351104,01a0b1c2-b010-7000-8000-000000000002,01a0bf0f-878c-766d-8e01-d6e11e6ed23b,ACTIVE,2500000,250000,0,0,0,0
351104,01a0b1c2-b010-7000-8000-000000000002,01a0bf0f-8c6e-75e9-93bb-936cf39e95cf,ACTIVE,-2165064,-250000,-1250000,0,0,0
351104,01a0b1c2-b010-7000-8000-000000000002,01a0bf0f-9150-7093-94cd-6272941f015e,ACTIVE,-2500000,250000,0,0,0,0
351106,01a0b1c2-b010-7000-8000-000000000002,01a0bf0f-82ab-7769-983f-45fca21fae0a,ACTIVE,0,-250000,2500000,0,0,0
351106,01a0b1c2-b010-7000-8000-000000000002,01a0bf0f-878c-766d-8e01-d6e11e6ed23b,ACTIVE,2500000,250000,0,0,0,0
351106,01a0b1c2-b010-7000-8000-000000000002,01a0bf0f-8c6e-75e9-93bb-936cf39e95cf,ACTIVE,-2165064,-250000,-1250000,0,0,0
351106,01a0b1c2-b010-7000-8000-000000000002,01a0bf0f-9150-7093-94cd-6272941f015e,ACTIVE,-2500000,250000,0,0,0,0
351108,01a0b1c2-b010-7000-8000-000000000002,01a0bf0f-82ab-7769-983f-45fca21fae0a,ACTIVE,0,-250000,2500000,0,0,0
351108,01a0b1c2-b010-7000-8000-000000000002,01a0bf0f-878c-766d-8e01-d6e11e6ed23b,ACTIVE,2500000,250000,0,0,0,0
351108,01a0b1c2-b010-7000-8000-000000000002,01a0bf0f-8c6e-75e9-93bb-936cf39e95cf,ACTIVE,-2165064,-250000,-1250000,0,0,0
351108,01a0b1c2-b010-7000-8000-000000000002,01a0bf0f-9150-7093-94cd-6272941f015e,ACTIVE,-2500000,250000,0,0,0,0
351110,01a0b1c2-b010-7000-8000-000000000002,01a0bf0f-82ab-7769-983f-45fca21fae0a,ACTIVE,0,-250000,2500000,0,0,0
351110,01a0b1c2-b010-7000-8000-000000000002,01a0bf0f-878c-766d-8e01-d6e11e6ed23b,ACTIVE,2500000,250000,0,0,0,0
351110,01a0b1c2-b010-7000-8000-000000000002,01a0bf0f-8c6e-75e9-93bb-936cf39e95cf,ACTIVE,-2165064,-250000,-1250000,0,0,0
351110,01a0b1c2-b010-7000-8000-000000000002,01a0bf0f-9150-7093-94cd-6272941f015e,ACTIVE,-2500000,250000,0,0,0,0
351112,01a0b1c2-b010-7000-8000-000000000002,01a0bf0f-82ab-7769-983f-45fca21fae0a,ACTIVE,0,-250000,2500000,0,0,0
351112,01a0b1c2-b010-7000-8000-000000000002,01a0bf0f-878c-766d-8e01-d6e11e6ed23b,ACTIVE,2500000,250000,0,0,0,0
351112,01a0b1c2-b010-7000-8000-000000000002,01a0bf0f-8c6e-75e9-93bb-936cf39e95cf,ACTIVE,-2165064,-250000,-1250000,0,0,0
351112,01a0b1c2-b010-7000-8000-000000000002,01a0bf0f-9150-7093-94cd-6272941f015e,ACTIVE,-2500000,250000,0,0,0,0
351114,01a0b1c2-b010-7000-8000-000000000002,01a0bf0f-82ab-7769-983f-45fca21fae0a,ACTIVE,0,-250000,2500000,0,0,0
351114,01a0b1c2-b010-7000-8000-000000000002,01a0bf0f-878c-766d-8e01-d6e11e6ed23b,ACTIVE,2500000,250000,0,0,0,0
351114,01a0b1c2-b010-7000-8000-000000000002,01a0bf0f-8c6e-75e9-93bb-936cf39e95cf,ACTIVE,-2165064,-250000,-1250000,0,0,0
351114,01a0b1c2-b010-7000-8000-000000000002,01a0bf0f-9150-7093-94cd-6272941f015e,ACTIVE,-2500000,250000,0,0,0,0
351116,01a0b1c2-b010-7000-8000-000000000002,01a0bf0f-82ab-7769-983f-45fca21fae0a,ACTIVE,0,-250000,2500000,0,0,0
351116,01a0b1c2-b010-7000-8000-000000000002,01a0bf0f-878c-766d-8e01-d6e11e6ed23b,ACTIVE,2500000,250000,0,0,0,0
351116,01a0b1c2-b010-7000-8000-000000000002,01a0bf0f-8c6e-75e9-93bb-936cf39e95cf,ACTIVE,-2165064,-250000,-1250000,0,0,0
351116,01a0b1c2-b010-7000-8000-000000000002,01a0bf0f-9150-7093-94cd-6272941f015e,ACTIVE,-2500000,250000,0,0,0,0
351118,01a0b1c2-b010-7000-8000-000000000002,01a0bf0f-82ab-7769-983f-45fca21fae0a,ACTIVE,0,-250000,2500000,0,0,0
351118,01a0b1c2-b010-7000-8000-000000000002,01a0bf0f-878c-766d-8e01-d6e11e6ed23b,ACTIVE,2500000,250000,0,0,0,0
351118,01a0b1c2-b010-7000-8000-000000000002,01a0bf0f-8c6e-75e9-93bb-936cf39e95cf,ACTIVE,-2165064,-250000,-1250000,0,0,0
351118,01a0b1c2-b010-7000-8000-000000000002,01a0bf0f-9150-7093-94cd-6272941f015e,ACTIVE,-2500000,250000,0,0,0,0
351120,01a0b1c2-b010-7000-8000-000000000002,01a0bf0f-82ab-7769-983f-45fca21fae0a,ACTIVE,0,-250000,2500000,0,0,0
351120,01a0b1c2-b010-7000-8000-000000000002,01a0bf0f-878c-766d-8e01-d6e11e6ed23b,ACTIVE,2500000,250000,0,0,0,0
351120,01a0b1c2-b010-7000-8000-000000000002,01a0bf0f-8c6e-75e9-93bb-936cf39e95cf,ACTIVE,-2165064,-250000,-1250000,0,0,0
351120,01a0b1c2-b010-7000-8000-000000000002,01a0bf0f-9150-7093-94cd-6272941f015e,ACTIVE,-2500000,250000,0,0,0,0
351122,01a0b1c2-b010-7000-8000-000000000002,01a0bf0f-82ab-7769-983f-45fca21fae0a,ACTIVE,0,-250000,2500000,0,0,0
351122,01a0b1c2-b010-7000-8000-000000000002,01a0bf0f-878c-766d-8e01-d6e11e6ed23b,ACTIVE,2500000,250000,0,0,0,0
351122,01a0b1c2-b010-7000-8000-000000000002,01a0bf0f-8c6e-75e9-93bb-936cf39e95cf,ACTIVE,-2165064,-250000,-1250000,0,0,0
351122,01a0b1c2-b010-7000-8000-000000000002,01a0bf0f-9150-7093-94cd-6272941f015e,ACTIVE,-2500000,250000,0,0,0,0
351124,01a0b1c2-b010-7000-8000-000000000002,01a0bf0f-82ab-7769-983f-45fca21fae0a,ACTIVE,0,-250000,2500000,0,0,0
351124,01a0b1c2-b010-7000-8000-000000000002,01a0bf0f-878c-766d-8e01-d6e11e6ed23b,ACTIVE,2500000,250000,0,0,0,0
351124,01a0b1c2-b010-7000-8000-000000000002,01a0bf0f-8c6e-75e9-93bb-936cf39e95cf,ACTIVE,-2165064,-250000,-1250000,0,0,0
351124,01a0b1c2-b010-7000-8000-000000000002,01a0bf0f-9150-7093-94cd-6272941f015e,ACTIVE,-2500000,250000,0,0,0,0
351126,01a0b1c2-b010-7000-8000-000000000002,01a0bf0f-82ab-7769-983f-45fca21fae0a,ACTIVE,0,-250000,2500000,0,0,0
351126,01a0b1c2-b010-7000-8000-000000000002,01a0bf0f-878c-766d-8e01-d6e11e6ed23b,ACTIVE,2500000,250000,0,0,0,0
351126,01a0b1c2-b010-7000-8000-000000000002,01a0bf0f-8c6e-75e9-93bb-936cf39e95cf,ACTIVE,-2165064,-250000,-1250000,0,0,0
351126,01a0b1c2-b010-7000-8000-000000000002,01a0bf0f-9150-7093-94cd-6272941f015e,ACTIVE,-2500000,250000,0,0,0,0
351128,01a0b1c2-b010-7000-8000-000000000002,01a0bf0f-82ab-7769-983f-45fca21fae0a,ACTIVE,0,-250000,2500000,0,0,0
351128,01a0b1c2-b010-7000-8000-000000000002,01a0bf0f-878c-766d-8e01-d6e11e6ed23b,ACTIVE,2500000,250000,0,0,0,0
351128,01a0b1c2-b010-7000-8000-000000000002,01a0bf0f-8c6e-75e9-93bb-936cf39e95cf,ACTIVE,-2165064,-250000,-1250000,0,0,0
351128,01a0b1c2-b010-7000-8000-000000000002,01a0bf0f-9150-7093-94cd-6272941f015e,ACTIVE,-2500000,250000,0,0,0,0
351130,01a0b1c2-b010-7000-8000-000000000002,01a0bf0f-82ab-7769-983f-45fca21fae0a,ACTIVE,0,-250000,2500000,0,0,0
351130,01a0b1c2-b010-7000-8000-000000000002,01a0bf0f-878c-766d-8e01-d6e11e6ed23b,ACTIVE,2500000,250000,0,0,0,0
351130,01a0b1c2-b010-7000-8000-000000000002,01a0bf0f-8c6e-75e9-93bb-936cf39e95cf,ACTIVE,-2165064,-250000,-1250000,0,0,0
351130,01a0b1c2-b010-7000-8000-000000000002,01a0bf0f-9150-7093-94cd-6272941f015e,ACTIVE,-2500000,250000,0,0,0,0
351132,01a0b1c2-b010-7000-8000-000000000002,01a0bf0f-82ab-7769-983f-45fca21fae0a,ACTIVE,0,-250000,2500000,0,0,0
351132,01a0b1c2-b010-7000-8000-000000000002,01a0bf0f-878c-766d-8e01-d6e11e6ed23b,ACTIVE,2500000,250000,0,0,0,0
351132,01a0b1c2-b010-7000-8000-000000000002,01a0bf0f-8c6e-75e9-93bb-936cf39e95cf,ACTIVE,-2165064,-250000,-1250000,0,0,0
351132,01a0b1c2-b010-7000-8000-000000000002,01a0bf0f-9150-7093-94cd-6272941f015e,ACTIVE,-2500000,250000,0,0,0,0
351134,01a0b1c2-b010-7000-8000-000000000002,01a0bf0f-82ab-7769-983f-45fca21fae0a,ACTIVE,0,-250000,2500000,0,0,0
351134,01a0b1c2-b010-7000-8000-000000000002,01a0bf0f-878c-766d-8e01-d6e11e6ed23b,ACTIVE,2500000,250000,0,0,0,0
351134,01a0b1c2-b010-7000-8000-000000000002,01a0bf0f-8c6e-75e9-93bb-936cf39e95cf,ACTIVE,-2165064,-250000,-1250000,0,0,0
351134,01a0b1c2-b010-7000-8000-000000000002,01a0bf0f-9150-7093-94cd-6272941f015e,ACTIVE,-2500000,250000,0,0,0,0
351136,01a0b1c2-b010-7000-8000-000000000002,01a0bf0f-82ab-7769-983f-45fca21fae0a,ACTIVE,0,-250000,2500000,0,0,0
351136,01a0b1c2-b010-7000-8000-000000000002,01a0bf0f-878c-766d-8e01-d6e11e6ed23b,ACTIVE,2500000,250000,0,0,0,0
351136,01a0b1c2-b010-7000-8000-000000000002,01a0bf0f-8c6e-75e9-93bb-936cf39e95cf,ACTIVE,-2165064,-250000,-1250000,0,0,0
351136,01a0b1c2-b010-7000-8000-000000000002,01a0bf0f-9150-7093-94cd-6272941f015e,ACTIVE,-2500000,250000,0,0,0,0
351138,01a0b1c2-b010-7000-8000-000000000002,01a0bf0f-82ab-7769-983f-45fca21fae0a,ACTIVE,0,-250000,2500000,0,0,0
351138,01a0b1c2-b010-7000-8000-000000000002,01a0bf0f-878c-766d-8e01-d6e11e6ed23b,ACTIVE,2500000,250000,0,0,0,0
351138,01a0b1c2-b010-7000-8000-000000000002,01a0bf0f-8c6e-75e9-93bb-936cf39e95cf,ACTIVE,-2165064,-250000,-1250000,0,0,0
351138,01a0b1c2-b010-7000-8000-000000000002,01a0bf0f-9150-7093-94cd-6272941f015e,ACTIVE,-2500000,250000,0,0,0,0
351140,01a0b1c2-b010-7000-8000-000000000002,01a0bf0f-82ab-7769-983f-45fca21fae0a,ACTIVE,0,-250000,2500000,0,0,0
351140,01a0b1c2-b010-7000-8000-000000000002,01a0bf0f-878c-766d-8e01-d6e11e6ed23b,ACTIVE,2500000,250000,0,0,0,0
351140,01a0b1c2-b010-7000-8000-000000000002,01a0bf0f-8c6e-75e9-93bb-936cf39e95cf,ACTIVE,-2165064,-250000,-1250000,0,0,0
351140,01a0b1c2-b010-7000-8000-000000000002,01a0bf0f-9150-7093-94cd-6272941f015e,ACTIVE,-2500000,250000,0,0,0,0
351142,01a0b1c2-b010-7000-8000-000000000002,01a0bf0f-82ab-7769-983f-45fca21fae0a,ACTIVE,0,-250000,2500000,0,0,0
351142,01a0b1c2-b010-7000-8000-000000000002,01a0bf0f-878c-766d-8e01-d6e11e6ed23b,ACTIVE,2500000,250000,0,0,0,0
351142,01a0b1c2-b010-7000-8000-000000000002,01a0bf0f-8c6e-75e9-93bb-936cf39e95cf,ACTIVE,-2165064,-250000,-1250000,0,0,0
351142,01a0b1c2-b010-7000-8000-000000000002,01a0bf0f-9150-7093-94cd-6272941f015e,ACTIVE,-2500000,250000,0,0,0,0
351144,01a0b1c2-b010-7000-8000-000000000002,01a0bf0f-82ab-7769-983f-45fca21fae0a,ACTIVE,0,-250000,2500000,0,0,0
351144,01a0b1c2-b010-7000-8000-000000000002,01a0bf0f-878c-766d-8e01-d6e11e6ed23b,ACTIVE,2500000,250000,0,0,0,0
351144,01a0b1c2-b010-7000-8000-000000000002,01a0bf0f-8c6e-75e9-93bb-936cf39e95cf,ACTIVE,-2165064,-250000,-1250000,0,0,0
351144,01a0b1c2-b010-7000-8000-000000000002,01a0bf0f-9150-7093-94cd-6272941f015e,ACTIVE,-2500000,250000,0,0,0,0
351146,01a0b1c2-b010-7000-8000-000000000002,01a0bf0f-82ab-7769-983f-45fca21fae0a,ACTIVE,0,-250000,2500000,0,0,0
351146,01a0b1c2-b010-7000-8000-000000000002,01a0bf0f-878c-766d-8e01-d6e11e6ed23b,ACTIVE,2500000,250000,0,0,0,0
351146,01a0b1c2-b010-7000-8000-000000000002,01a0bf0f-8c6e-75e9-93bb-936cf39e95cf,ACTIVE,-2165064,-250000,-1250000,0,0,0
351146,01a0b1c2-b010-7000-8000-000000000002,01a0bf0f-9150-7093-94cd-6272941f015e,ACTIVE,-2500000,250000,0,0,0,0
351148,01a0b1c2-b010-7000-8000-000000000002,01a0bf0f-82ab-7769-983f-45fca21fae0a,ACTIVE,0,-250000,2500000,0,0,0
351148,01a0b1c2-b010-7000-8000-000000000002,01a0bf0f-878c-766d-8e01-d6e11e6ed23b,ACTIVE,2500000,250000,0,0,0,0
351148,01a0b1c2-b010-7000-8000-000000000002,01a0bf0f-8c6e-75e9-93bb-936cf39e95cf,ACTIVE,-2165064,-250000,-1250000,0,0,0
351148,01a0b1c2-b010-7000-8000-000000000002,01a0bf0f-9150-7093-94cd-6272941f015e,ACTIVE,-2500000,250000,0,0,0,0
351150,01a0b1c2-b010-7000-8000-000000000002,01a0bf0f-82ab-7769-983f-45fca21fae0a,ACTIVE,0,-250000,2500000,0,0,0
351150,01a0b1c2-b010-7000-8000-000000000002,01a0bf0f-878c-766d-8e01-d6e11e6ed23b,ACTIVE,2500000,250000,0,0,0,0
351150,01a0b1c2-b010-7000-8000-000000000002,01a0bf0f-8c6e-75e9-93bb-936cf39e95cf,ACTIVE,-2165064,-250000,-1250000,0,0,0
351150,01a0b1c2-b010-7000-8000-000000000002,01a0bf0f-9150-7093-94cd-6272941f015e,ACTIVE,-2500000,250000,0,0,0,0
351152,01a0b1c2-b010-7000-8000-000000000002,01a0bf0f-82ab-7769-983f-45fca21fae0a,ACTIVE,0,-250000,2500000,0,0,0
351152,01a0b1c2-b010-7000-8000-000000000002,01a0bf0f-878c-766d-8e01-d6e11e6ed23b,ACTIVE,2500000,250000,0,0,0,0
351152,01a0b1c2-b010-7000-8000-000000000002,01a0bf0f-8c6e-75e9-93bb-936cf39e95cf,ACTIVE,-2165064,-250000,-1250000,0,0,0
351152,01a0b1c2-b010-7000-8000-000000000002,01a0bf0f-9150-7093-94cd-6272941f015e,ACTIVE,-2500000,250000,0,0,0,0
351154,01a0b1c2-b010-7000-8000-000000000002,01a0bf0f-82ab-7769-983f-45fca21fae0a,ACTIVE,0,-250000,2500000,0,0,0
351154,01a0b1c2-b010-7000-8000-000000000002,01a0bf0f-878c-766d-8e01-d6e11e6ed23b,ACTIVE,2500000,250000,0,0,0,0
351154,01a0b1c2-b010-7000-8000-000000000002,01a0bf0f-8c6e-75e9-93bb-936cf39e95cf,ACTIVE,-2165064,-250000,-1250000,0,0,0
351154,01a0b1c2-b010-7000-8000-000000000002,01a0bf0f-9150-7093-94cd-6272941f015e,ACTIVE,-2500000,250000,0,0,0,0
351156,01a0b1c2-b010-7000-8000-000000000002,01a0bf0f-82ab-7769-983f-45fca21fae0a,ACTIVE,0,-250000,2500000,0,0,0
351156,01a0b1c2-b010-7000-8000-000000000002,01a0bf0f-878c-766d-8e01-d6e11e6ed23b,ACTIVE,2500000,250000,0,0,0,0
351156,01a0b1c2-b010-7000-8000-000000000002,01a0bf0f-8c6e-75e9-93bb-936cf39e95cf,ACTIVE,-2165064,-250000,-1250000,0,0,0
351156,01a0b1c2-b010-7000-8000-000000000002,01a0bf0f-9150-7093-94cd-6272941f015e,ACTIVE,-2500000,250000,0,0,0,0
351158,01a0b1c2-b010-7000-8000-000000000002,01a0bf0f-82ab-7769-983f-45fca21fae0a,ACTIVE,0,-250000,2500000,0,0,0
351158,01a0b1c2-b010-7000-8000-000000000002,01a0bf0f-878c-766d-8e01-d6e11e6ed23b,ACTIVE,2500000,250000,0,0,0,0
351158,01a0b1c2-b010-7000-8000-000000000002,01a0bf0f-8c6e-75e9-93bb-936cf39e95cf,ACTIVE,-2165064,-250000,-1250000,0,0,0
351158,01a0b1c2-b010-7000-8000-000000000002,01a0bf0f-9150-7093-94cd-6272941f015e,ACTIVE,-2500000,250000,0,0,0,0
351160,01a0b1c2-b010-7000-8000-000000000002,01a0bf0f-82ab-7769-983f-45fca21fae0a,ACTIVE,0,-250000,2500000,0,0,0
351160,01a0b1c2-b010-7000-8000-000000000002,01a0bf0f-878c-766d-8e01-d6e11e6ed23b,ACTIVE,2500000,250000,0,0,0,0
351160,01a0b1c2-b010-7000-8000-000000000002,01a0bf0f-8c6e-75e9-93bb-936cf39e95cf,ACTIVE,-2165064,-250000,-1250000,0,0,0
351160,01a0b1c2-b010-7000-8000-000000000002,01a0bf0f-9150-7093-94cd-6272941f015e,ACTIVE,-2500000,250000,0,0,0,0
351162,01a0b1c2-b010-7000-8000-000000000002,01a0bf0f-82ab-7769-983f-45fca21fae0a,ACTIVE,0,-250000,2500000,0,0,0
351162,01a0b1c2-b010-7000-8000-000000000002,01a0bf0f-878c-766d-8e01-d6e11e6ed23b,ACTIVE,2500000,250000,0,0,0,0
351162,01a0b1c2-b010-7000-8000-000000000002,01a0bf0f-8c6e-75e9-93bb-936cf39e95cf,ACTIVE,-2165064,-250000,-1250000,0,0,0
351162,01a0b1c2-b010-7000-8000-000000000002,01a0bf0f-9150-7093-94cd-6272941f015e,ACTIVE,-2500000,250000,0,0,0,0
351164,01a0b1c2-b010-7000-8000-000000000002,01a0bf0f-82ab-7769-983f-45fca21fae0a,ACTIVE,0,-250000,2500000,0,0,0
351164,01a0b1c2-b010-7000-8000-000000000002,01a0bf0f-878c-766d-8e01-d6e11e6ed23b,ACTIVE,2500000,250000,0,0,0,0
351164,01a0b1c2-b010-7000-8000-000000000002,01a0bf0f-8c6e-75e9-93bb-936cf39e95cf,ACTIVE,-2165064,-250000,-1250000,0,0,0
351164,01a0b1c2-b010-7000-8000-000000000002,01a0bf0f-9150-7093-94cd-6272941f015e,ACTIVE,-2500000,250000,0,0,0,0
351166,01a0b1c2-b010-7000-8000-000000000002,01a0bf0f-82ab-7769-983f-45fca21fae0a,ACTIVE,0,-250000,2500000,0,0,0
351166,01a0b1c2-b010-7000-8000-000000000002,01a0bf0f-878c-766d-8e01-d6e11e6ed23b,ACTIVE,2500000,250000,0,0,0,0
351166,01a0b1c2-b010-7000-8000-000000000002,01a0bf0f-8c6e-75e9-93bb-936cf39e95cf,ACTIVE,-2165064,-250000,-1250000,0,0,0
351166,01a0b1c2-b010-7000-8000-000000000002,01a0bf0f-9150-7093-94cd-6272941f015e,ACTIVE,-2500000,250000,0,0,0,0
351168,01a0b1c2-b010-7000-8000-000000000002,01a0bf0f-82ab-7769-983f-45fca21fae0a,ACTIVE,0,-250000,2500000,0,0,0
351168,01a0b1c2-b010-7000-8000-000000000002,01a0bf0f-878c-766d-8e01-d6e11e6ed23b,ACTIVE,2500000,250000,0,0,0,0
351168,01a0b1c2-b010-7000-8000-000000000002,01a0bf0f-8c6e-75e9-93bb-936cf39e95cf,ACTIVE,-2165064,-250000,-1250000,0,0,0
351168,01a0b1c2-b010-7000-8000-000000000002,01a0bf0f-9150-7093-94cd-6272941f015e,ACTIVE,-2500000,250000,0,0,0,0
351170,01a0b1c2-b010-7000-8000-000000000002,01a0bf0f-82ab-7769-983f-45fca21fae0a,ACTIVE,0,-250000,2500000,0,0,0
351170,01a0b1c2-b010-7000-8000-000000000002,01a0bf0f-878c-766d-8e01-d6e11e6ed23b,ACTIVE,2500000,250000,0,0,0,0
351170,01a0b1c2-b010-7000-8000-000000000002,01a0bf0f-8c6e-75e9-93bb-936cf39e95cf,ACTIVE,-2165064,-250000,-1250000,0,0,0
351170,01a0b1c2-b010-7000-8000-000000000002,01a0bf0f-9150-7093-94cd-6272941f015e,ACTIVE,-2500000,250000,0,0,0,0
351172,01a0b1c2-b010-7000-8000-000000000002,01a0bf0f-82ab-7769-983f-45fca21fae0a,ACTIVE,0,-250000,2500000,0,0,0
351172,01a0b1c2-b010-7000-8000-000000000002,01a0bf0f-878c-766d-8e01-d6e11e6ed23b,ACTIVE,2500000,250000,0,0,0,0
351172,01a0b1c2-b010-7000-8000-000000000002,01a0bf0f-8c6e-75e9-93bb-936cf39e95cf,ACTIVE,-2165064,-250000,-1250000,0,0,0
351172,01a0b1c2-b010-7000-8000-000000000002,01a0bf0f-9150-7093-94cd-6272941f015e,ACTIVE,-2500000,250000,0,0,0,0
351174,01a0b1c2-b010-7000-8000-000000000002,01a0bf0f-82ab-7769-983f-45fca21fae0a,ACTIVE,0,-250000,2500000,0,0,0
351174,01a0b1c2-b010-7000-8000-000000000002,01a0bf0f-878c-766d-8e01-d6e11e6ed23b,ACTIVE,2500000,250000,0,0,0,0
351174,01a0b1c2-b010-7000-8000-000000000002,01a0bf0f-8c6e-75e9-93bb-936cf39e95cf,ACTIVE,-2165064,-250000,-1250000,0,0,0
351174,01a0b1c2-b010-7000-8000-000000000002,01a0bf0f-9150-7093-94cd-6272941f015e,ACTIVE,-2500000,250000,0,0,0,0
351176,01a0b1c2-b010-7000-8000-000000000002,01a0bf0f-82ab-7769-983f-45fca21fae0a,ACTIVE,0,-250000,2500000,0,0,0
351176,01a0b1c2-b010-7000-8000-000000000002,01a0bf0f-878c-766d-8e01-d6e11e6ed23b,ACTIVE,2500000,250000,0,0,0,0
351176,01a0b1c2-b010-7000-8000-000000000002,01a0bf0f-8c6e-75e9-93bb-936cf39e95cf,ACTIVE,-2165064,-250000,-1250000,0,0,0
351176,01a0b1c2-b010-7000-8000-000000000002,01a0bf0f-9150-7093-94cd-6272941f015e,ACTIVE,-2500000,250000,0,0,0,0
351178,01a0b1c2-b010-7000-8000-000000000002,01a0bf0f-82ab-7769-983f-45fca21fae0a,ACTIVE,0,-250000,2500000,0,0,0
351178,01a0b1c2-b010-7000-8000-000000000002,01a0bf0f-878c-766d-8e01-d6e11e6ed23b,ACTIVE,2500000,250000,0,0,0,0
351178,01a0b1c2-b010-7000-8000-000000000002,01a0bf0f-8c6e-75e9-93bb-936cf39e95cf,ACTIVE,-2165064,-250000,-1250000,0,0,0
351178,01a0b1c2-b010-7000-8000-000000000002,01a0bf0f-9150-7093-94cd-6272941f015e,ACTIVE,-2500000,250000,0,0,0,0
351180,01a0b1c2-b010-7000-8000-000000000002,01a0bf0f-82ab-7769-983f-45fca21fae0a,ACTIVE,0,-250000,2500000,0,0,0
351180,01a0b1c2-b010-7000-8000-000000000002,01a0bf0f-878c-766d-8e01-d6e11e6ed23b,ACTIVE,2500000,250000,0,0,0,0
351180,01a0b1c2-b010-7000-8000-000000000002,01a0bf0f-8c6e-75e9-93bb-936cf39e95cf,ACTIVE,-2165064,-250000,-1250000,0,0,0
351180,01a0b1c2-b010-7000-8000-000000000002,01a0bf0f-9150-7093-94cd-6272941f015e,ACTIVE,-2500000,250000,0,0,0,0
351182,01a0b1c2-b010-7000-8000-000000000002,01a0bf0f-82ab-7769-983f-45fca21fae0a,ACTIVE,0,-250000,2500000,0,0,0
351182,01a0b1c2-b010-7000-8000-000000000002,01a0bf0f-878c-766d-8e01-d6e11e6ed23b,ACTIVE,2500000,250000,0,0,0,0
351182,01a0b1c2-b010-7000-8000-000000000002,01a0bf0f-8c6e-75e9-93bb-936cf39e95cf,ACTIVE,-2165064,-250000,-1250000,0,0,0
351182,01a0b1c2-b010-7000-8000-000000000002,01a0bf0f-9150-7093-94cd-6272941f015e,ACTIVE,-2500000,250000,0,0,0,0
351184,01a0b1c2-b010-7000-8000-000000000002,01a0bf0f-82ab-7769-983f-45fca21fae0a,ACTIVE,0,-250000,2500000,0,0,0
351184,01a0b1c2-b010-7000-8000-000000000002,01a0bf0f-878c-766d-8e01-d6e11e6ed23b,ACTIVE,2500000,250000,0,0,0,0
351184,01a0b1c2-b010-7000-8000-000000000002,01a0bf0f-8c6e-75e9-93bb-936cf39e95cf,ACTIVE,-2165064,-250000,-1250000,0,0,0
351184,01a0b1c2-b010-7000-8000-000000000002,01a0bf0f-9150-7093-94cd-6272941f015e,ACTIVE,-2500000,250000,0,0,0,0
351186,01a0b1c2-b010-7000-8000-000000000002,01a0bf0f-82ab-7769-983f-45fca21fae0a,ACTIVE,0,-250000,2500000,0,0,0
351186,01a0b1c2-b010-7000-8000-000000000002,01a0bf0f-878c-766d-8e01-d6e11e6ed23b,ACTIVE,2500000,250000,0,0,0,0
351186,01a0b1c2-b010-7000-8000-000000000002,01a0bf0f-8c6e-75e9-93bb-936cf39e95cf,ACTIVE,-2165064,-250000,-1250000,0,0,0
351186,01a0b1c2-b010-7000-8000-000000000002,01a0bf0f-9150-7093-94cd-6272941f015e,ACTIVE,-2500000,250000,0,0,0,0
351188,01a0b1c2-b010-7000-8000-000000000002,01a0bf0f-82ab-7769-983f-45fca21fae0a,ACTIVE,0,-250000,2500000,0,0,0
351188,01a0b1c2-b010-7000-8000-000000000002,01a0bf0f-878c-766d-8e01-d6e11e6ed23b,ACTIVE,2500000,250000,0,0,0,0
351188,01a0b1c2-b010-7000-8000-000000000002,01a0bf0f-8c6e-75e9-93bb-936cf39e95cf,ACTIVE,-2165064,-250000,-1250000,0,0,0
351188,01a0b1c2-b010-7000-8000-000000000002,01a0bf0f-9150-7093-94cd-6272941f015e,ACTIVE,-2500000,250000,0,0,0,0
351190,01a0b1c2-b010-7000-8000-000000000002,01a0bf0f-82ab-7769-983f-45fca21fae0a,ACTIVE,0,-250000,2500000,0,0,0
351190,01a0b1c2-b010-7000-8000-000000000002,01a0bf0f-878c-766d-8e01-d6e11e6ed23b,ACTIVE,2500000,250000,0,0,0,0
351190,01a0b1c2-b010-7000-8000-000000000002,01a0bf0f-8c6e-75e9-93bb-936cf39e95cf,ACTIVE,-2165064,-250000,-1250000,0,0,0
351190,01a0b1c2-b010-7000-8000-000000000002,01a0bf0f-9150-7093-94cd-6272941f015e,ACTIVE,-2500000,250000,0,0,0,0
351192,01a0b1c2-b010-7000-8000-000000000002,01a0bf0f-82ab-7769-983f-45fca21fae0a,ACTIVE,0,-250000,2500000,0,0,0
351192,01a0b1c2-b010-7000-8000-000000000002,01a0bf0f-878c-766d-8e01-d6e11e6ed23b,ACTIVE,2500000,250000,0,0,0,0
351192,01a0b1c2-b010-7000-8000-000000000002,01a0bf0f-8c6e-75e9-93bb-936cf39e95cf,ACTIVE,-2165064,-250000,-1250000,0,0,0
351192,01a0b1c2-b010-7000-8000-000000000002,01a0bf0f-9150-7093-94cd-6272941f015e,ACTIVE,-2500000,250000,0,0,0,0
351194,01a0b1c2-b010-7000-8000-000000000002,01a0bf0f-82ab-7769-983f-45fca21fae0a,ACTIVE,0,-250000,2500000,0,0,0
351194,01a0b1c2-b010-7000-8000-000000000002,01a0bf0f-878c-766d-8e01-d6e11e6ed23b,ACTIVE,2500000,250000,0,0,0,0
351194,01a0b1c2-b010-7000-8000-000000000002,01a0bf0f-8c6e-75e9-93bb-936cf39e95cf,ACTIVE,-2165064,-250000,-1250000,0,0,0
351194,01a0b1c2-b010-7000-8000-000000000002,01a0bf0f-9150-7093-94cd-6272941f015e,ACTIVE,-2500000,250000,0,0,0,0
351196,01a0b1c2-b010-7000-8000-000000000002,01a0bf0f-82ab-7769-983f-45fca21fae0a,ACTIVE,0,-250000,2500000,0,0,0
351196,01a0b1c2-b010-7000-8000-000000000002,01a0bf0f-878c-766d-8e01-d6e11e6ed23b,ACTIVE,2500000,250000,0,0,0,0
351196,01a0b1c2-b010-7000-8000-000000000002,01a0bf0f-8c6e-75e9-93bb-936cf39e95cf,ACTIVE,-2165064,-250000,-1250000,0,0,0
351196,01a0b1c2-b010-7000-8000-000000000002,01a0bf0f-9150-7093-94cd-6272941f015e,ACTIVE,-2500000,250000,0,0,0,0
351198,01a0b1c2-b010-7000-8000-000000000002,01a0bf0f-82ab-7769-983f-45fca21fae0a,ACTIVE,0,-250000,2500000,0,0,0
351198,01a0b1c2-b010-7000-8000-000000000002,01a0bf0f-878c-766d-8e01-d6e11e6ed23b,ACTIVE,2500000,250000,0,0,0,0
351198,01a0b1c2-b010-7000-8000-000000000002,01a0bf0f-8c6e-75e9-93bb-936cf39e95cf,ACTIVE,-2165064,-250000,-1250000,0,0,0
351198,01a0b1c2-b010-7000-8000-000000000002,01a0bf0f-9150-7093-94cd-6272941f015e,ACTIVE,-2500000,250000,0,0,0,0
351200,01a0b1c2-b010-7000-8000-000000000002,01a0bf0f-82ab-7769-983f-45fca21fae0a,ACTIVE,0,-250000,2500000,0,0,0
351200,01a0b1c2-b010-7000-8000-000000000002,01a0bf0f-878c-766d-8e01-d6e11e6ed23b,ACTIVE,2500000,250000,0,0,0,0
351200,01a0b1c2-b010-7000-8000-000000000002,01a0bf0f-8c6e-75e9-93bb-936cf39e95cf,ACTIVE,-2165064,-250000,-1250000,0,0,0
351200,01a0b1c2-b010-7000-8000-000000000002,01a0bf0f-9150-7093-94cd-6272941f015e,ACTIVE,-2500000,250000,0,0,0,0
351202,01a0b1c2-b010-7000-8000-000000000002,01a0bf0f-82ab-7769-983f-45fca21fae0a,ACTIVE,0,-250000,2500000,0,0,0
351202,01a0b1c2-b010-7000-8000-000000000002,01a0bf0f-878c-766d-8e01-d6e11e6ed23b,ACTIVE,2500000,250000,0,0,0,0
351202,01a0b1c2-b010-7000-8000-000000000002,01a0bf0f-8c6e-75e9-93bb-936cf39e95cf,ACTIVE,-2165064,-250000,-1250000,0,0,0
351202,01a0b1c2-b010-7000-8000-000000000002,01a0bf0f-9150-7093-94cd-6272941f015e,ACTIVE,-2500000,250000,0,0,0,0
351204,01a0b1c2-b010-7000-8000-000000000002,01a0bf0f-82ab-7769-983f-45fca21fae0a,ACTIVE,0,-250000,2500000,0,0,0
351204,01a0b1c2-b010-7000-8000-000000000002,01a0bf0f-878c-766d-8e01-d6e11e6ed23b,ACTIVE,2500000,250000,0,0,0,0
351204,01a0b1c2-b010-7000-8000-000000000002,01a0bf0f-8c6e-75e9-93bb-936cf39e95cf,ACTIVE,-2165064,-250000,-1250000,0,0,0
351204,01a0b1c2-b010-7000-8000-000000000002,01a0bf0f-9150-7093-94cd-6272941f015e,ACTIVE,-2500000,250000,0,0,0,0
351206,01a0b1c2-b010-7000-8000-000000000002,01a0bf0f-82ab-7769-983f-45fca21fae0a,ACTIVE,0,-250000,2500000,0,0,0
351206,01a0b1c2-b010-7000-8000-000000000002,01a0bf0f-878c-766d-8e01-d6e11e6ed23b,ACTIVE,2500000,250000,0,0,0,0
351206,01a0b1c2-b010-7000-8000-000000000002,01a0bf0f-8c6e-75e9-93bb-936cf39e95cf,ACTIVE,-2165064,-250000,-1250000,0,0,0
351206,01a0b1c2-b010-7000-8000-000000000002,01a0bf0f-9150-7093-94cd-6272941f015e,ACTIVE,-2500000,250000,0,0,0,0
351208,01a0b1c2-b010-7000-8000-000000000002,01a0bf0f-82ab-7769-983f-45fca21fae0a,ACTIVE,0,-250000,2500000,0,0,0
351208,01a0b1c2-b010-7000-8000-000000000002,01a0bf0f-878c-766d-8e01-d6e11e6ed23b,ACTIVE,2500000,250000,0,0,0,0
351208,01a0b1c2-b010-7000-8000-000000000002,01a0bf0f-8c6e-75e9-93bb-936cf39e95cf,ACTIVE,-2165064,-250000,-1250000,0,0,0
351208,01a0b1c2-b010-7000-8000-000000000002,01a0bf0f-9150-7093-94cd-6272941f015e,ACTIVE,-2500000,250000,0,0,0,0
351210,01a0b1c2-b010-7000-8000-000000000002,01a0bf0f-82ab-7769-983f-45fca21fae0a,ACTIVE,0,-250000,2500000,0,0,0
351210,01a0b1c2-b010-7000-8000-000000000002,01a0bf0f-878c-766d-8e01-d6e11e6ed23b,ACTIVE,2500000,250000,0,0,0,0
351210,01a0b1c2-b010-7000-8000-000000000002,01a0bf0f-8c6e-75e9-93bb-936cf39e95cf,ACTIVE,-2165064,-250000,-1250000,0,0,0
351210,01a0b1c2-b010-7000-8000-000000000002,01a0bf0f-9150-7093-94cd-6272941f015e,ACTIVE,-2500000,250000,0,0,0,0
351212,01a0b1c2-b010-7000-8000-000000000002,01a0bf0f-82ab-7769-983f-45fca21fae0a,ACTIVE,0,-250000,2500000,0,0,0
351212,01a0b1c2-b010-7000-8000-000000000002,01a0bf0f-878c-766d-8e01-d6e11e6ed23b,ACTIVE,2500000,250000,0,0,0,0
351212,01a0b1c2-b010-7000-8000-000000000002,01a0bf0f-8c6e-75e9-93bb-936cf39e95cf,ACTIVE,-2165064,-250000,-1250000,0,0,0
351212,01a0b1c2-b010-7000-8000-000000000002,01a0bf0f-9150-7093-94cd-6272941f015e,ACTIVE,-2500000,250000,0,0,0,0
351214,01a0b1c2-b010-7000-8000-000000000002,01a0bf0f-82ab-7769-983f-45fca21fae0a,ACTIVE,0,-250000,2500000,0,0,0
351214,01a0b1c2-b010-7000-8000-000000000002,01a0bf0f-878c-766d-8e01-d6e11e6ed23b,ACTIVE,2500000,250000,0,0,0,0
351214,01a0b1c2-b010-7000-8000-000000000002,01a0bf0f-8c6e-75e9-93bb-936cf39e95cf,ACTIVE,-2165064,-250000,-1250000,0,0,0
351214,01a0b1c2-b010-7000-8000-000000000002,01a0bf0f-9150-7093-94cd-6272941f015e,ACTIVE,-2500000,250000,0,0,0,0
351216,01a0b1c2-b010-7000-8000-000000000002,01a0bf0f-82ab-7769-983f-45fca21fae0a,ACTIVE,0,-250000,2500000,0,0,0
351216,01a0b1c2-b010-7000-8000-000000000002,01a0bf0f-878c-766d-8e01-d6e11e6ed23b,ACTIVE,2500000,250000,0,0,0,0
351216,01a0b1c2-b010-7000-8000-000000000002,01a0bf0f-8c6e-75e9-93bb-936cf39e95cf,ACTIVE,-2165064,-250000,-1250000,0,0,0
351216,01a0b1c2-b010-7000-8000-000000000002,01a0bf0f-9150-7093-94cd-6272941f015e,ACTIVE,-2500000,250000,0,0,0,0
351218,01a0b1c2-b010-7000-8000-000000000002,01a0bf0f-82ab-7769-983f-45fca21fae0a,ACTIVE,0,-250000,2500000,0,0,0
351218,01a0b1c2-b010-7000-8000-000000000002,01a0bf0f-878c-766d-8e01-d6e11e6ed23b,ACTIVE,2500000,250000,0,0,0,0
351218,01a0b1c2-b010-7000-8000-000000000002,01a0bf0f-8c6e-75e9-93bb-936cf39e95cf,ACTIVE,-2165064,-250000,-1250000,0,0,0
351218,01a0b1c2-b010-7000-8000-000000000002,01a0bf0f-9150-7093-94cd-6272941f015e,ACTIVE,-2500000,250000,0,0,0,0
351220,01a0b1c2-b010-7000-8000-000000000002,01a0bf0f-82ab-7769-983f-45fca21fae0a,ACTIVE,0,-250000,2500000,0,0,0
351220,01a0b1c2-b010-7000-8000-000000000002,01a0bf0f-878c-766d-8e01-d6e11e6ed23b,ACTIVE,2500000,250000,0,0,0,0
351220,01a0b1c2-b010-7000-8000-000000000002,01a0bf0f-8c6e-75e9-93bb-936cf39e95cf,ACTIVE,-2165064,-250000,-1250000,0,0,0
351220,01a0b1c2-b010-7000-8000-000000000002,01a0bf0f-9150-7093-94cd-6272941f015e,ACTIVE,-2500000,250000,0,0,0,0
351222,01a0b1c2-b010-7000-8000-000000000002,01a0bf0f-82ab-7769-983f-45fca21fae0a,ACTIVE,0,-250000,2500000,0,0,0
351222,01a0b1c2-b010-7000-8000-000000000002,01a0bf0f-878c-766d-8e01-d6e11e6ed23b,ACTIVE,2500000,250000,0,0,0,0
351222,01a0b1c2-b010-7000-8000-000000000002,01a0bf0f-8c6e-75e9-93bb-936cf39e95cf,ACTIVE,-2165064,-250000,-1250000,0,0,0
351222,01a0b1c2-b010-7000-8000-000000000002,01a0bf0f-9150-7093-94cd-6272941f015e,ACTIVE,-2500000,250000,0,0,0,0
351224,01a0b1c2-b010-7000-8000-000000000002,01a0bf0f-82ab-7769-983f-45fca21fae0a,ACTIVE,0,-250000,2500000,0,0,0
351224,01a0b1c2-b010-7000-8000-000000000002,01a0bf0f-878c-766d-8e01-d6e11e6ed23b,ACTIVE,2500000,250000,0,0,0,0
351224,01a0b1c2-b010-7000-8000-000000000002,01a0bf0f-8c6e-75e9-93bb-936cf39e95cf,ACTIVE,-2165064,-250000,-1250000,0,0,0
351224,01a0b1c2-b010-7000-8000-000000000002,01a0bf0f-9150-7093-94cd-6272941f015e,ACTIVE,-2500000,250000,0,0,0,0
351226,01a0b1c2-b010-7000-8000-000000000002,01a0bf0f-82ab-7769-983f-45fca21fae0a,ACTIVE,0,-250000,2500000,0,0,0
351226,01a0b1c2-b010-7000-8000-000000000002,01a0bf0f-878c-766d-8e01-d6e11e6ed23b,ACTIVE,2500000,250000,0,0,0,0
351226,01a0b1c2-b010-7000-8000-000000000002,01a0bf0f-8c6e-75e9-93bb-936cf39e95cf,ACTIVE,-2165064,-250000,-1250000,0,0,0
351226,01a0b1c2-b010-7000-8000-000000000002,01a0bf0f-9150-7093-94cd-6272941f015e,ACTIVE,-2500000,250000,0,0,0,0
351228,01a0b1c2-b010-7000-8000-000000000002,01a0bf0f-82ab-7769-983f-45fca21fae0a,ACTIVE,0,-250000,2500000,0,0,0
351228,01a0b1c2-b010-7000-8000-000000000002,01a0bf0f-878c-766d-8e01-d6e11e6ed23b,ACTIVE,2500000,250000,0,0,0,0
351228,01a0b1c2-b010-7000-8000-000000000002,01a0bf0f-8c6e-75e9-93bb-936cf39e95cf,ACTIVE,-2165064,-250000,-1250000,0,0,0
351228,01a0b1c2-b010-7000-8000-000000000002,01a0bf0f-9150-7093-94cd-6272941f015e,ACTIVE,-2500000,250000,0,0,0,0
351230,01a0b1c2-b010-7000-8000-000000000002,01a0bf0f-82ab-7769-983f-45fca21fae0a,ACTIVE,0,-250000,2500000,0,0,0
351230,01a0b1c2-b010-7000-8000-000000000002,01a0bf0f-878c-766d-8e01-d6e11e6ed23b,ACTIVE,2500000,250000,0,0,0,0
351230,01a0b1c2-b010-7000-8000-000000000002,01a0bf0f-8c6e-75e9-93bb-936cf39e95cf,ACTIVE,-2165064,-250000,-1250000,0,0,0
351230,01a0b1c2-b010-7000-8000-000000000002,01a0bf0f-9150-7093-94cd-6272941f015e,ACTIVE,-2500000,250000,0,0,0,0
351232,01a0b1c2-b010-7000-8000-000000000002,01a0bf0f-82ab-7769-983f-45fca21fae0a,ACTIVE,0,-250000,2500000,0,0,0
351232,01a0b1c2-b010-7000-8000-000000000002,01a0bf0f-878c-766d-8e01-d6e11e6ed23b,ACTIVE,2500000,250000,0,0,0,0
351232,01a0b1c2-b010-7000-8000-000000000002,01a0bf0f-8c6e-75e9-93bb-936cf39e95cf,ACTIVE,-2165064,-250000,-1250000,0,0,0
351232,01a0b1c2-b010-7000-8000-000000000002,01a0bf0f-9150-7093-94cd-6272941f015e,ACTIVE,-2500000,250000,0,0,0,0
351234,01a0b1c2-b010-7000-8000-000000000002,01a0bf0f-82ab-7769-983f-45fca21fae0a,ACTIVE,0,-250000,2500000,0,0,0
351234,01a0b1c2-b010-7000-8000-000000000002,01a0bf0f-878c-766d-8e01-d6e11e6ed23b,ACTIVE,2500000,250000,0,0,0,0
351234,01a0b1c2-b010-7000-8000-000000000002,01a0bf0f-8c6e-75e9-93bb-936cf39e95cf,ACTIVE,-2165064,-250000,-1250000,0,0,0
351234,01a0b1c2-b010-7000-8000-000000000002,01a0bf0f-9150-7093-94cd-6272941f015e,ACTIVE,-2500000,250000,0,0,0,0
351236,01a0b1c2-b010-7000-8000-000000000002,01a0bf0f-82ab-7769-983f-45fca21fae0a,ACTIVE,0,-250000,2500000,0,0,0
351236,01a0b1c2-b010-7000-8000-000000000002,01a0bf0f-878c-766d-8e01-d6e11e6ed23b,ACTIVE,2500000,250000,0,0,0,0
351236,01a0b1c2-b010-7000-8000-000000000002,01a0bf0f-8c6e-75e9-93bb-936cf39e95cf,ACTIVE,-2165064,-250000,-1250000,0,0,0
351236,01a0b1c2-b010-7000-8000-000000000002,01a0bf0f-9150-7093-94cd-6272941f015e,ACTIVE,-2500000,250000,0,0,0,0
351238,01a0b1c2-b010-7000-8000-000000000002,01a0bf0f-82ab-7769-983f-45fca21fae0a,ACTIVE,0,-250000,2500000,0,0,0
351238,01a0b1c2-b010-7000-8000-000000000002,01a0bf0f-878c-766d-8e01-d6e11e6ed23b,ACTIVE,2500000,250000,0,0,0,0
351238,01a0b1c2-b010-7000-8000-000000000002,01a0bf0f-8c6e-75e9-93bb-936cf39e95cf,ACTIVE,-2165064,-250000,-1250000,0,0,0
351238,01a0b1c2-b010-7000-8000-000000000002,01a0bf0f-9150-7093-94cd-6272941f015e,ACTIVE,-2500000,250000,0,0,0,0
351240,01a0b1c2-b010-7000-8000-000000000002,01a0bf0f-82ab-7769-983f-45fca21fae0a,ACTIVE,0,-250000,2500000,0,0,0
351240,01a0b1c2-b010-7000-8000-000000000002,01a0bf0f-878c-766d-8e01-d6e11e6ed23b,ACTIVE,2500000,250000,0,0,0,0
351240,01a0b1c2-b010-7000-8000-000000000002,01a0bf0f-8c6e-75e9-93bb-936cf39e95cf,ACTIVE,-2165064,-250000,-1250000,0,0,0
351240,01a0b1c2-b010-7000-8000-000000000002,01a0bf0f-9150-7093-94cd-6272941f015e,ACTIVE,-2500000,250000,0,0,0,0
351242,01a0b1c2-b010-7000-8000-000000000002,01a0bf0f-82ab-7769-983f-45fca21fae0a,ACTIVE,0,-250000,2500000,0,0,0
351242,01a0b1c2-b010-7000-8000-000000000002,01a0bf0f-878c-766d-8e01-d6e11e6ed23b,ACTIVE,2500000,250000,0,0,0,0
351242,01a0b1c2-b010-7000-8000-000000000002,01a0bf0f-8c6e-75e9-93bb-936cf39e95cf,ACTIVE,-2165064,-250000,-1250000,0,0,0
351242,01a0b1c2-b010-7000-8000-000000000002,01a0bf0f-9150-7093-94cd-6272941f015e,ACTIVE,-2500000,250000,0,0,0,0
351244,01a0b1c2-b010-7000-8000-000000000002,01a0bf0f-82ab-7769-983f-45fca21fae0a,ACTIVE,0,-250000,2500000,0,0,0
351244,01a0b1c2-b010-7000-8000-000000000002,01a0bf0f-878c-766d-8e01-d6e11e6ed23b,ACTIVE,2500000,250000,0,0,0,0
351244,01a0b1c2-b010-7000-8000-000000000002,01a0bf0f-8c6e-75e9-93bb-936cf39e95cf,ACTIVE,-2165064,-250000,-1250000,0,0,0
351244,01a0b1c2-b010-7000-8000-000000000002,01a0bf0f-9150-7093-94cd-6272941f015e,ACTIVE,-2500000,250000,0,0,0,0
351246,01a0b1c2-b010-7000-8000-000000000002,01a0bf0f-82ab-7769-983f-45fca21fae0a,ACTIVE,0,-250000,2500000,0,0,0
351246,01a0b1c2-b010-7000-8000-000000000002,01a0bf0f-878c-766d-8e01-d6e11e6ed23b,ACTIVE,2500000,250000,0,0,0,0
351246,01a0b1c2-b010-7000-8000-000000000002,01a0bf0f-8c6e-75e9-93bb-936cf39e95cf,ACTIVE,-2165064,-250000,-1250000,0,0,0
351246,01a0b1c2-b010-7000-8000-000000000002,01a0bf0f-9150-7093-94cd-6272941f015e,ACTIVE,-2500000,250000,0,0,0,0
351248,01a0b1c2-b010-7000-8000-000000000002,01a0bf0f-82ab-7769-983f-45fca21fae0a,ACTIVE,0,-250000,2500000,0,0,0
351248,01a0b1c2-b010-7000-8000-000000000002,01a0bf0f-878c-766d-8e01-d6e11e6ed23b,ACTIVE,2500000,250000,0,0,0,0
351248,01a0b1c2-b010-7000-8000-000000000002,01a0bf0f-8c6e-75e9-93bb-936cf39e95cf,ACTIVE,-2165064,-250000,-1250000,0,0,0
351248,01a0b1c2-b010-7000-8000-000000000002,01a0bf0f-9150-7093-94cd-6272941f015e,ACTIVE,-2500000,250000,0,0,0,0
351250,01a0b1c2-b010-7000-8000-000000000002,01a0bf0f-82ab-7769-983f-45fca21fae0a,ACTIVE,0,-250000,2500000,0,0,0
351250,01a0b1c2-b010-7000-8000-000000000002,01a0bf0f-878c-766d-8e01-d6e11e6ed23b,ACTIVE,2500000,250000,0,0,0,0
351250,01a0b1c2-b010-7000-8000-000000000002,01a0bf0f-8c6e-75e9-93bb-936cf39e95cf,ACTIVE,-2165064,-250000,-1250000,0,0,0
351250,01a0b1c2-b010-7000-8000-000000000002,01a0bf0f-9150-7093-94cd-6272941f015e,ACTIVE,-2500000,250000,0,0,0,0
351252,01a0b1c2-b010-7000-8000-000000000002,01a0bf0f-82ab-7769-983f-45fca21fae0a,ACTIVE,0,-250000,2500000,0,0,0
351252,01a0b1c2-b010-7000-8000-000000000002,01a0bf0f-878c-766d-8e01-d6e11e6ed23b,ACTIVE,2500000,250000,0,0,0,0
351252,01a0b1c2-b010-7000-8000-000000000002,01a0bf0f-8c6e-75e9-93bb-936cf39e95cf,ACTIVE,-2165064,-250000,-1250000,0,0,0
351252,01a0b1c2-b010-7000-8000-000000000002,01a0bf0f-9150-7093-94cd-6272941f015e,ACTIVE,-2500000,250000,0,0,0,0
351254,01a0b1c2-b010-7000-8000-000000000002,01a0bf0f-82ab-7769-983f-45fca21fae0a,ACTIVE,0,-250000,2500000,0,0,0
351254,01a0b1c2-b010-7000-8000-000000000002,01a0bf0f-878c-766d-8e01-d6e11e6ed23b,ACTIVE,2500000,250000,0,0,0,0
351254,01a0b1c2-b010-7000-8000-000000000002,01a0bf0f-8c6e-75e9-93bb-936cf39e95cf,ACTIVE,-2165064,-250000,-1250000,0,0,0
351254,01a0b1c2-b010-7000-8000-000000000002,01a0bf0f-9150-7093-94cd-6272941f015e,ACTIVE,-2500000,250000,0,0,0,0
351256,01a0b1c2-b010-7000-8000-000000000002,01a0bf0f-82ab-7769-983f-45fca21fae0a,ACTIVE,0,-250000,2500000,0,0,0
351256,01a0b1c2-b010-7000-8000-000000000002,01a0bf0f-878c-766d-8e01-d6e11e6ed23b,ACTIVE,2500000,250000,0,0,0,0
351256,01a0b1c2-b010-7000-8000-000000000002,01a0bf0f-8c6e-75e9-93bb-936cf39e95cf,ACTIVE,-2165064,-250000,-1250000,0,0,0
351256,01a0b1c2-b010-7000-8000-000000000002,01a0bf0f-9150-7093-94cd-6272941f015e,ACTIVE,-2500000,250000,0,0,0,0
351258,01a0b1c2-b010-7000-8000-000000000002,01a0bf0f-82ab-7769-983f-45fca21fae0a,ACTIVE,0,-250000,2500000,0,0,0
351258,01a0b1c2-b010-7000-8000-000000000002,01a0bf0f-878c-766d-8e01-d6e11e6ed23b,ACTIVE,2500000,250000,0,0,0,0
351258,01a0b1c2-b010-7000-8000-000000000002,01a0bf0f-8c6e-75e9-93bb-936cf39e95cf,ACTIVE,-2165064,-250000,-1250000,0,0,0
351258,01a0b1c2-b010-7000-8000-000000000002,01a0bf0f-9150-7093-94cd-6272941f015e,ACTIVE,-2500000,250000,0,0,0,0
351260,01a0b1c2-b010-7000-8000-000000000002,01a0bf0f-82ab-7769-983f-45fca21fae0a,ACTIVE,0,-250000,2500000,0,0,0
351260,01a0b1c2-b010-7000-8000-000000000002,01a0bf0f-878c-766d-8e01-d6e11e6ed23b,ACTIVE,2500000,250000,0,0,0,0
351260,01a0b1c2-b010-7000-8000-000000000002,01a0bf0f-8c6e-75e9-93bb-936cf39e95cf,ACTIVE,-2165064,-250000,-1250000,0,0,0
351260,01a0b1c2-b010-7000-8000-000000000002,01a0bf0f-9150-7093-94cd-6272941f015e,ACTIVE,-2500000,250000,0,0,0,0
351262,01a0b1c2-b010-7000-8000-000000000002,01a0bf0f-82ab-7769-983f-45fca21fae0a,ACTIVE,0,-250000,2500000,0,0,0
351262,01a0b1c2-b010-7000-8000-000000000002,01a0bf0f-878c-766d-8e01-d6e11e6ed23b,ACTIVE,2500000,250000,0,0,0,0
351262,01a0b1c2-b010-7000-8000-000000000002,01a0bf0f-8c6e-75e9-93bb-936cf39e95cf,ACTIVE,-2165064,-250000,-1250000,0,0,0
351262,01a0b1c2-b010-7000-8000-000000000002,01a0bf0f-9150-7093-94cd-6272941f015e,ACTIVE,-2500000,250000,0,0,0,0
351264,01a0b1c2-b010-7000-8000-000000000002,01a0bf0f-82ab-7769-983f-45fca21fae0a,ACTIVE,0,-250000,2500000,0,0,0
351264,01a0b1c2-b010-7000-8000-000000000002,01a0bf0f-878c-766d-8e01-d6e11e6ed23b,ACTIVE,2500000,250000,0,0,0,0
351264,01a0b1c2-b010-7000-8000-000000000002,01a0bf0f-8c6e-75e9-93bb-936cf39e95cf,ACTIVE,-2165064,-250000,-1250000,0,0,0
351264,01a0b1c2-b010-7000-8000-000000000002,01a0bf0f-9150-7093-94cd-6272941f015e,ACTIVE,-2500000,250000,0,0,0,0
351266,01a0b1c2-b010-7000-8000-000000000002,01a0bf0f-82ab-7769-983f-45fca21fae0a,ACTIVE,0,-250000,2500000,0,0,0
351266,01a0b1c2-b010-7000-8000-000000000002,01a0bf0f-878c-766d-8e01-d6e11e6ed23b,ACTIVE,2500000,250000,0,0,0,0
351266,01a0b1c2-b010-7000-8000-000000000002,01a0bf0f-8c6e-75e9-93bb-936cf39e95cf,ACTIVE,-2165064,-250000,-1250000,0,0,0
351266,01a0b1c2-b010-7000-8000-000000000002,01a0bf0f-9150-7093-94cd-6272941f015e,ACTIVE,-2500000,250000,0,0,0,0
351268,01a0b1c2-b010-7000-8000-000000000002,01a0bf0f-82ab-7769-983f-45fca21fae0a,ACTIVE,0,-250000,2500000,0,0,0
351268,01a0b1c2-b010-7000-8000-000000000002,01a0bf0f-878c-766d-8e01-d6e11e6ed23b,ACTIVE,2500000,250000,0,0,0,0
351268,01a0b1c2-b010-7000-8000-000000000002,01a0bf0f-8c6e-75e9-93bb-936cf39e95cf,ACTIVE,-2165064,-250000,-1250000,0,0,0
351268,01a0b1c2-b010-7000-8000-000000000002,01a0bf0f-9150-7093-94cd-6272941f015e,ACTIVE,-2500000,250000,0,0,0,0
351270,01a0b1c2-b010-7000-8000-000000000002,01a0bf0f-82ab-7769-983f-45fca21fae0a,ACTIVE,0,-250000,2500000,0,0,0
351270,01a0b1c2-b010-7000-8000-000000000002,01a0bf0f-878c-766d-8e01-d6e11e6ed23b,ACTIVE,2500000,250000,0,0,0,0
351270,01a0b1c2-b010-7000-8000-000000000002,01a0bf0f-8c6e-75e9-93bb-936cf39e95cf,ACTIVE,-2165064,-250000,-1250000,0,0,0
351270,01a0b1c2-b010-7000-8000-000000000002,01a0bf0f-9150-7093-94cd-6272941f015e,ACTIVE,-2500000,250000,0,0,0,0
351272,01a0b1c2-b010-7000-8000-000000000002,01a0bf0f-82ab-7769-983f-45fca21fae0a,ACTIVE,0,-250000,2500000,0,0,0
351272,01a0b1c2-b010-7000-8000-000000000002,01a0bf0f-878c-766d-8e01-d6e11e6ed23b,ACTIVE,2500000,250000,0,0,0,0
351272,01a0b1c2-b010-7000-8000-000000000002,01a0bf0f-8c6e-75e9-93bb-936cf39e95cf,ACTIVE,-2165064,-250000,-1250000,0,0,0
351272,01a0b1c2-b010-7000-8000-000000000002,01a0bf0f-9150-7093-94cd-6272941f015e,ACTIVE,-2500000,250000,0,0,0,0
351274,01a0b1c2-b010-7000-8000-000000000002,01a0bf0f-82ab-7769-983f-45fca21fae0a,ACTIVE,0,-250000,2500000,0,0,0
351274,01a0b1c2-b010-7000-8000-000000000002,01a0bf0f-878c-766d-8e01-d6e11e6ed23b,ACTIVE,2500000,250000,0,0,0,0
351274,01a0b1c2-b010-7000-8000-000000000002,01a0bf0f-8c6e-75e9-93bb-936cf39e95cf,ACTIVE,-2165064,-250000,-1250000,0,0,0
351274,01a0b1c2-b010-7000-8000-000000000002,01a0bf0f-9150-7093-94cd-6272941f015e,ACTIVE,-2500000,250000,0,0,0,0
351276,01a0b1c2-b010-7000-8000-000000000002,01a0bf0f-82ab-7769-983f-45fca21fae0a,ACTIVE,0,-250000,2500000,0,0,0
351276,01a0b1c2-b010-7000-8000-000000000002,01a0bf0f-878c-766d-8e01-d6e11e6ed23b,ACTIVE,2500000,250000,0,0,0,0
351276,01a0b1c2-b010-7000-8000-000000000002,01a0bf0f-8c6e-75e9-93bb-936cf39e95cf,ACTIVE,-2165064,-250000,-1250000,0,0,0
351276,01a0b1c2-b010-7000-8000-000000000002,01a0bf0f-9150-7093-94cd-6272941f015e,ACTIVE,-2500000,250000,0,0,0,0
351278,01a0b1c2-b010-7000-8000-000000000002,01a0bf0f-82ab-7769-983f-45fca21fae0a,ACTIVE,0,-250000,2500000,0,0,0
351278,01a0b1c2-b010-7000-8000-000000000002,01a0bf0f-878c-766d-8e01-d6e11e6ed23b,ACTIVE,2500000,250000,0,0,0,0
351278,01a0b1c2-b010-7000-8000-000000000002,01a0bf0f-8c6e-75e9-93bb-936cf39e95cf,ACTIVE,-2165064,-250000,-1250000,0,0,0
351278,01a0b1c2-b010-7000-8000-000000000002,01a0bf0f-9150-7093-94cd-6272941f015e,ACTIVE,-2500000,250000,0,0,0,0
351280,01a0b1c2-b010-7000-8000-000000000002,01a0bf0f-82ab-7769-983f-45fca21fae0a,ACTIVE,0,-250000,2500000,0,0,0
351280,01a0b1c2-b010-7000-8000-000000000002,01a0bf0f-878c-766d-8e01-d6e11e6ed23b,ACTIVE,2500000,250000,0,0,0,0
351280,01a0b1c2-b010-7000-8000-000000000002,01a0bf0f-8c6e-75e9-93bb-936cf39e95cf,ACTIVE,-2165064,-250000,-1250000,0,0,0
351280,01a0b1c2-b010-7000-8000-000000000002,01a0bf0f-9150-7093-94cd-6272941f015e,ACTIVE,-2500000,250000,0,0,0,0
351282,01a0b1c2-b010-7000-8000-000000000002,01a0bf0f-82ab-7769-983f-45fca21fae0a,ACTIVE,0,-250000,2500000,0,0,0
351282,01a0b1c2-b010-7000-8000-000000000002,01a0bf0f-878c-766d-8e01-d6e11e6ed23b,ACTIVE,2500000,250000,0,0,0,0
351282,01a0b1c2-b010-7000-8000-000000000002,01a0bf0f-8c6e-75e9-93bb-936cf39e95cf,ACTIVE,-2165064,-250000,-1250000,0,0,0
351282,01a0b1c2-b010-7000-8000-000000000002,01a0bf0f-9150-7093-94cd-6272941f015e,ACTIVE,-2500000,250000,0,0,0,0
351284,01a0b1c2-b010-7000-8000-000000000002,01a0bf0f-82ab-7769-983f-45fca21fae0a,ACTIVE,0,-250000,2500000,0,0,0
351284,01a0b1c2-b010-7000-8000-000000000002,01a0bf0f-878c-766d-8e01-d6e11e6ed23b,ACTIVE,2500000,250000,0,0,0,0
351284,01a0b1c2-b010-7000-8000-000000000002,01a0bf0f-8c6e-75e9-93bb-936cf39e95cf,ACTIVE,-2165064,-250000,-1250000,0,0,0
351284,01a0b1c2-b010-7000-8000-000000000002,01a0bf0f-9150-7093-94cd-6272941f015e,ACTIVE,-2500000,250000,0,0,0,0
351286,01a0b1c2-b010-7000-8000-000000000002,01a0bf0f-82ab-7769-983f-45fca21fae0a,ACTIVE,0,-250000,2500000,0,0,0
351286,01a0b1c2-b010-7000-8000-000000000002,01a0bf0f-878c-766d-8e01-d6e11e6ed23b,ACTIVE,2500000,250000,0,0,0,0
351286,01a0b1c2-b010-7000-8000-000000000002,01a0bf0f-8c6e-75e9-93bb-936cf39e95cf,ACTIVE,-2165064,-250000,-1250000,0,0,0
351286,01a0b1c2-b010-7000-8000-000000000002,01a0bf0f-9150-7093-94cd-6272941f015e,ACTIVE,-2500000,250000,0,0,0,0
351288,01a0b1c2-b010-7000-8000-000000000002,01a0bf0f-82ab-7769-983f-45fca21fae0a,ACTIVE,0,-250000,2500000,0,0,0
351288,01a0b1c2-b010-7000-8000-000000000002,01a0bf0f-878c-766d-8e01-d6e11e6ed23b,ACTIVE,2500000,250000,0,0,0,0
351288,01a0b1c2-b010-7000-8000-000000000002,01a0bf0f-8c6e-75e9-93bb-936cf39e95cf,ACTIVE,-2165064,-250000,-1250000,0,0,0
351288,01a0b1c2-b010-7000-8000-000000000002,01a0bf0f-9150-7093-94cd-6272941f015e,ACTIVE,-2500000,250000,0,0,0,0
351290,01a0b1c2-b010-7000-8000-000000000002,01a0bf0f-82ab-7769-983f-45fca21fae0a,ACTIVE,0,-250000,2500000,0,0,0
351290,01a0b1c2-b010-7000-8000-000000000002,01a0bf0f-878c-766d-8e01-d6e11e6ed23b,ACTIVE,2500000,250000,0,0,0,0
351290,01a0b1c2-b010-7000-8000-000000000002,01a0bf0f-8c6e-75e9-93bb-936cf39e95cf,ACTIVE,-2165064,-250000,-1250000,0,0,0
351290,01a0b1c2-b010-7000-8000-000000000002,01a0bf0f-9150-7093-94cd-6272941f015e,ACTIVE,-2500000,250000,0,0,0,0
351292,01a0b1c2-b010-7000-8000-000000000002,01a0bf0f-82ab-7769-983f-45fca21fae0a,ACTIVE,0,-250000,2500000,0,0,0
351292,01a0b1c2-b010-7000-8000-000000000002,01a0bf0f-878c-766d-8e01-d6e11e6ed23b,ACTIVE,2500000,250000,0,0,0,0
351292,01a0b1c2-b010-7000-8000-000000000002,01a0bf0f-8c6e-75e9-93bb-936cf39e95cf,ACTIVE,-2165064,-250000,-1250000,0,0,0
351292,01a0b1c2-b010-7000-8000-000000000002,01a0bf0f-9150-7093-94cd-6272941f015e,ACTIVE,-2500000,250000,0,0,0,0
351294,01a0b1c2-b010-7000-8000-000000000002,01a0bf0f-82ab-7769-983f-45fca21fae0a,ACTIVE,0,-250000,2500000,0,0,0
351294,01a0b1c2-b010-7000-8000-000000000002,01a0bf0f-878c-766d-8e01-d6e11e6ed23b,ACTIVE,2500000,250000,0,0,0,0
351294,01a0b1c2-b010-7000-8000-000000000002,01a0bf0f-8c6e-75e9-93bb-936cf39e95cf,ACTIVE,-2165064,-250000,-1250000,0,0,0
351294,01a0b1c2-b010-7000-8000-000000000002,01a0bf0f-9150-7093-94cd-6272941f015e,ACTIVE,-2500000,250000,0,0,0,0
351296,01a0b1c2-b010-7000-8000-000000000002,01a0bf0f-82ab-7769-983f-45fca21fae0a,ACTIVE,0,-250000,2500000,0,0,0
351296,01a0b1c2-b010-7000-8000-000000000002,01a0bf0f-878c-766d-8e01-d6e11e6ed23b,ACTIVE,2500000,250000,0,0,0,0
351296,01a0b1c2-b010-7000-8000-000000000002,01a0bf0f-8c6e-75e9-93bb-936cf39e95cf,ACTIVE,-2165064,-250000,-1250000,0,0,0
351296,01a0b1c2-b010-7000-8000-000000000002,01a0bf0f-9150-7093-94cd-6272941f015e,ACTIVE,-2500000,250000,0,0,0,0
351298,01a0b1c2-b010-7000-8000-000000000002,01a0bf0f-82ab-7769-983f-45fca21fae0a,ACTIVE,0,-250000,2500000,0,0,0
351298,01a0b1c2-b010-7000-8000-000000000002,01a0bf0f-878c-766d-8e01-d6e11e6ed23b,ACTIVE,2500000,250000,0,0,0,0
351298,01a0b1c2-b010-7000-8000-000000000002,01a0bf0f-8c6e-75e9-93bb-936cf39e95cf,ACTIVE,-2165064,-250000,-1250000,0,0,0
351298,01a0b1c2-b010-7000-8000-000000000002,01a0bf0f-9150-7093-94cd-6272941f015e,ACTIVE,-2500000,250000,0,0,0,0
351300,01a0b1c2-b010-7000-8000-000000000002,01a0bf0f-82ab-7769-983f-45fca21fae0a,ACTIVE,0,-250000,2500000,0,0,0
351300,01a0b1c2-b010-7000-8000-000000000002,01a0bf0f-878c-766d-8e01-d6e11e6ed23b,ACTIVE,2500000,250000,0,0,0,0
351300,01a0b1c2-b010-7000-8000-000000000002,01a0bf0f-8c6e-75e9-93bb-936cf39e95cf,ACTIVE,-2165064,-250000,-1250000,0,0,0
351300,01a0b1c2-b010-7000-8000-000000000002,01a0bf0f-9150-7093-94cd-6272941f015e,ACTIVE,-2500000,250000,0,0,0,0
351302,01a0b1c2-b010-7000-8000-000000000002,01a0bf0f-82ab-7769-983f-45fca21fae0a,ACTIVE,0,-250000,2500000,0,0,0
351302,01a0b1c2-b010-7000-8000-000000000002,01a0bf0f-878c-766d-8e01-d6e11e6ed23b,ACTIVE,2500000,250000,0,0,0,0
351302,01a0b1c2-b010-7000-8000-000000000002,01a0bf0f-8c6e-75e9-93bb-936cf39e95cf,ACTIVE,-2165064,-250000,-1250000,0,0,0
351302,01a0b1c2-b010-7000-8000-000000000002,01a0bf0f-9150-7093-94cd-6272941f015e,ACTIVE,-2500000,250000,0,0,0,0
351304,01a0b1c2-b010-7000-8000-000000000002,01a0bf0f-82ab-7769-983f-45fca21fae0a,ACTIVE,0,-250000,2500000,0,0,0
351304,01a0b1c2-b010-7000-8000-000000000002,01a0bf0f-878c-766d-8e01-d6e11e6ed23b,ACTIVE,2500000,250000,0,0,0,0
351304,01a0b1c2-b010-7000-8000-000000000002,01a0bf0f-8c6e-75e9-93bb-936cf39e95cf,ACTIVE,-2165064,-250000,-1250000,0,0,0
351304,01a0b1c2-b010-7000-8000-000000000002,01a0bf0f-9150-7093-94cd-6272941f015e,ACTIVE,-2500000,250000,0,0,0,0
351306,01a0b1c2-b010-7000-8000-000000000002,01a0bf0f-82ab-7769-983f-45fca21fae0a,ACTIVE,0,-250000,2500000,0,0,0
351306,01a0b1c2-b010-7000-8000-000000000002,01a0bf0f-878c-766d-8e01-d6e11e6ed23b,ACTIVE,2500000,250000,0,0,0,0
351306,01a0b1c2-b010-7000-8000-000000000002,01a0bf0f-8c6e-75e9-93bb-936cf39e95cf,ACTIVE,-2165064,-250000,-1250000,0,0,0
351306,01a0b1c2-b010-7000-8000-000000000002,01a0bf0f-9150-7093-94cd-6272941f015e,ACTIVE,-2500000,250000,0,0,0,0
351308,01a0b1c2-b010-7000-8000-000000000002,01a0bf0f-82ab-7769-983f-45fca21fae0a,ACTIVE,0,-250000,2500000,0,0,0
351308,01a0b1c2-b010-7000-8000-000000000002,01a0bf0f-878c-766d-8e01-d6e11e6ed23b,ACTIVE,2500000,250000,0,0,0,0
351308,01a0b1c2-b010-7000-8000-000000000002,01a0bf0f-8c6e-75e9-93bb-936cf39e95cf,ACTIVE,-2165064,-250000,-1250000,0,0,0
351308,01a0b1c2-b010-7000-8000-000000000002,01a0bf0f-9150-7093-94cd-6272941f015e,ACTIVE,-2500000,250000,0,0,0,0
351310,01a0b1c2-b010-7000-8000-000000000002,01a0bf0f-82ab-7769-983f-45fca21fae0a,ACTIVE,0,-250000,2500000,0,0,0
351310,01a0b1c2-b010-7000-8000-000000000002,01a0bf0f-878c-766d-8e01-d6e11e6ed23b,ACTIVE,2500000,250000,0,0,0,0
351310,01a0b1c2-b010-7000-8000-000000000002,01a0bf0f-8c6e-75e9-93bb-936cf39e95cf,ACTIVE,-2165064,-250000,-1250000,0,0,0
351310,01a0b1c2-b010-7000-8000-000000000002,01a0bf0f-9150-7093-94cd-6272941f015e,ACTIVE,-2500000,250000,0,0,0,0
351312,01a0b1c2-b010-7000-8000-000000000002,01a0bf0f-82ab-7769-983f-45fca21fae0a,ACTIVE,0,-250000,2500000,0,0,0
351312,01a0b1c2-b010-7000-8000-000000000002,01a0bf0f-878c-766d-8e01-d6e11e6ed23b,ACTIVE,2500000,250000,0,0,0,0
351312,01a0b1c2-b010-7000-8000-000000000002,01a0bf0f-8c6e-75e9-93bb-936cf39e95cf,ACTIVE,-2165064,-250000,-1250000,0,0,0
351312,01a0b1c2-b010-7000-8000-000000000002,01a0bf0f-9150-7093-94cd-6272941f015e,ACTIVE,-2500000,250000,0,0,0,0
351314,01a0b1c2-b010-7000-8000-000000000002,01a0bf0f-82ab-7769-983f-45fca21fae0a,ACTIVE,0,-250000,2500000,0,0,0
351314,01a0b1c2-b010-7000-8000-000000000002,01a0bf0f-878c-766d-8e01-d6e11e6ed23b,ACTIVE,2500000,250000,0,0,0,0
351314,01a0b1c2-b010-7000-8000-000000000002,01a0bf0f-8c6e-75e9-93bb-936cf39e95cf,ACTIVE,-2165064,-250000,-1250000,0,0,0
351314,01a0b1c2-b010-7000-8000-000000000002,01a0bf0f-9150-7093-94cd-6272941f015e,ACTIVE,-2500000,250000,0,0,0,0
351316,01a0b1c2-b010-7000-8000-000000000002,01a0bf0f-82ab-7769-983f-45fca21fae0a,ACTIVE,0,-250000,2500000,0,0,0
351316,01a0b1c2-b010-7000-8000-000000000002,01a0bf0f-878c-766d-8e01-d6e11e6ed23b,ACTIVE,2500000,250000,0,0,0,0
351316,01a0b1c2-b010-7000-8000-000000000002,01a0bf0f-8c6e-75e9-93bb-936cf39e95cf,ACTIVE,-2165064,-250000,-1250000,0,0,0
351316,01a0b1c2-b010-7000-8000-000000000002,01a0bf0f-9150-7093-94cd-6272941f015e,ACTIVE,-2500000,250000,0,0,0,0
351318,01a0b1c2-b010-7000-8000-000000000002,01a0bf0f-82ab-7769-983f-45fca21fae0a,ACTIVE,0,-250000,2500000,0,0,0
351318,01a0b1c2-b010-7000-8000-000000000002,01a0bf0f-878c-766d-8e01-d6e11e6ed23b,ACTIVE,2500000,250000,0,0,0,0
351318,01a0b1c2-b010-7000-8000-000000000002,01a0bf0f-8c6e-75e9-93bb-936cf39e95cf,ACTIVE,-2165064,-250000,-1250000,0,0,0
351318,01a0b1c2-b010-7000-8000-000000000002,01a0bf0f-9150-7093-94cd-6272941f015e,ACTIVE,-2500000,250000,0,0,0,0
351320,01a0b1c2-b010-7000-8000-000000000002,01a0bf0f-82ab-7769-983f-45fca21fae0a,ACTIVE,0,-250000,2500000,0,0,0
351320,01a0b1c2-b010-7000-8000-000000000002,01a0bf0f-878c-766d-8e01-d6e11e6ed23b,ACTIVE,2500000,250000,0,0,0,0
351320,01a0b1c2-b010-7000-8000-000000000002,01a0bf0f-8c6e-75e9-93bb-936cf39e95cf,ACTIVE,-2165064,-250000,-1250000,0,0,0
351320,01a0b1c2-b010-7000-8000-000000000002,01a0bf0f-9150-7093-94cd-6272941f015e,ACTIVE,-2500000,250000,0,0,0,0
351322,01a0b1c2-b010-7000-8000-000000000002,01a0bf0f-82ab-7769-983f-45fca21fae0a,ACTIVE,0,-250000,2500000,0,0,0
351322,01a0b1c2-b010-7000-8000-000000000002,01a0bf0f-878c-766d-8e01-d6e11e6ed23b,ACTIVE,2500000,250000,0,0,0,0
351322,01a0b1c2-b010-7000-8000-000000000002,01a0bf0f-8c6e-75e9-93bb-936cf39e95cf,ACTIVE,-2165064,-250000,-1250000,0,0,0
351322,01a0b1c2-b010-7000-8000-000000000002,01a0bf0f-9150-7093-94cd-6272941f015e,ACTIVE,-2500000,250000,0,0,0,0
351324,01a0b1c2-b010-7000-8000-000000000002,01a0bf0f-82ab-7769-983f-45fca21fae0a,ACTIVE,0,-250000,2500000,0,0,0
351324,01a0b1c2-b010-7000-8000-000000000002,01a0bf0f-878c-766d-8e01-d6e11e6ed23b,ACTIVE,2500000,250000,0,0,0,0
351324,01a0b1c2-b010-7000-8000-000000000002,01a0bf0f-8c6e-75e9-93bb-936cf39e95cf,ACTIVE,-2165064,-250000,-1250000,0,0,0
351324,01a0b1c2-b010-7000-8000-000000000002,01a0bf0f-9150-7093-94cd-6272941f015e,ACTIVE,-2500000,250000,0,0,0,0
351326,01a0b1c2-b010-7000-8000-000000000002,01a0bf0f-82ab-7769-983f-45fca21fae0a,ACTIVE,0,-250000,2500000,0,0,0
351326,01a0b1c2-b010-7000-8000-000000000002,01a0bf0f-878c-766d-8e01-d6e11e6ed23b,ACTIVE,2500000,250000,0,0,0,0
351326,01a0b1c2-b010-7000-8000-000000000002,01a0bf0f-8c6e-75e9-93bb-936cf39e95cf,ACTIVE,-2165064,-250000,-1250000,0,0,0
351326,01a0b1c2-b010-7000-8000-000000000002,01a0bf0f-9150-7093-94cd-6272941f015e,ACTIVE,-2500000,250000,0,0,0,0
351328,01a0b1c2-b010-7000-8000-000000000002,01a0bf0f-82ab-7769-983f-45fca21fae0a,ACTIVE,0,-250000,2500000,0,0,0
351328,01a0b1c2-b010-7000-8000-000000000002,01a0bf0f-878c-766d-8e01-d6e11e6ed23b,ACTIVE,2500000,250000,0,0,0,0
351328,01a0b1c2-b010-7000-8000-000000000002,01a0bf0f-8c6e-75e9-93bb-936cf39e95cf,ACTIVE,-2165064,-250000,-1250000,0,0,0
351328,01a0b1c2-b010-7000-8000-000000000002,01a0bf0f-9150-7093-94cd-6272941f015e,ACTIVE,-2500000,250000,0,0,0,0
351330,01a0b1c2-b010-7000-8000-000000000002,01a0bf0f-82ab-7769-983f-45fca21fae0a,ACTIVE,0,-250000,2500000,0,0,0
351330,01a0b1c2-b010-7000-8000-000000000002,01a0bf0f-878c-766d-8e01-d6e11e6ed23b,ACTIVE,2500000,250000,0,0,0,0
351330,01a0b1c2-b010-7000-8000-000000000002,01a0bf0f-8c6e-75e9-93bb-936cf39e95cf,ACTIVE,-2165064,-250000,-1250000,0,0,0
351330,01a0b1c2-b010-7000-8000-000000000002,01a0bf0f-9150-7093-94cd-6272941f015e,ACTIVE,-2500000,250000,0,0,0,0
351332,01a0b1c2-b010-7000-8000-000000000002,01a0bf0f-82ab-7769-983f-45fca21fae0a,ACTIVE,0,-250000,2500000,0,0,0
351332,01a0b1c2-b010-7000-8000-000000000002,01a0bf0f-878c-766d-8e01-d6e11e6ed23b,ACTIVE,2500000,250000,0,0,0,0
351332,01a0b1c2-b010-7000-8000-000000000002,01a0bf0f-8c6e-75e9-93bb-936cf39e95cf,ACTIVE,-2165064,-250000,-1250000,0,0,0
351332,01a0b1c2-b010-7000-8000-000000000002,01a0bf0f-9150-7093-94cd-6272941f015e,ACTIVE,-2500000,250000,0,0,0,0
351334,01a0b1c2-b010-7000-8000-000000000002,01a0bf0f-82ab-7769-983f-45fca21fae0a,ACTIVE,0,-250000,2500000,0,0,0
351334,01a0b1c2-b010-7000-8000-000000000002,01a0bf0f-878c-766d-8e01-d6e11e6ed23b,ACTIVE,2500000,250000,0,0,0,0
351334,01a0b1c2-b010-7000-8000-000000000002,01a0bf0f-8c6e-75e9-93bb-936cf39e95cf,ACTIVE,-2165064,-250000,-1250000,0,0,0
351334,01a0b1c2-b010-7000-8000-000000000002,01a0bf0f-9150-7093-94cd-6272941f015e,ACTIVE,-2500000,250000,0,0,0,0
351336,01a0b1c2-b010-7000-8000-000000000002,01a0bf0f-82ab-7769-983f-45fca21fae0a,ACTIVE,0,-250000,2500000,0,0,0
351336,01a0b1c2-b010-7000-8000-000000000002,01a0bf0f-878c-766d-8e01-d6e11e6ed23b,ACTIVE,2500000,250000,0,0,0,0
351336,01a0b1c2-b010-7000-8000-000000000002,01a0bf0f-8c6e-75e9-93bb-936cf39e95cf,ACTIVE,-2165064,-250000,-1250000,0,0,0
351336,01a0b1c2-b010-7000-8000-000000000002,01a0bf0f-9150-7093-94cd-6272941f015e,ACTIVE,-2500000,250000,0,0,0,0
351338,01a0b1c2-b010-7000-8000-000000000002,01a0bf0f-82ab-7769-983f-45fca21fae0a,ACTIVE,0,-250000,2500000,0,0,0
351338,01a0b1c2-b010-7000-8000-000000000002,01a0bf0f-878c-766d-8e01-d6e11e6ed23b,ACTIVE,2500000,250000,0,0,0,0
351338,01a0b1c2-b010-7000-8000-000000000002,01a0bf0f-8c6e-75e9-93bb-936cf39e95cf,ACTIVE,-2165064,-250000,-1250000,0,0,0
351338,01a0b1c2-b010-7000-8000-000000000002,01a0bf0f-9150-7093-94cd-6272941f015e,ACTIVE,-2500000,250000,0,0,0,0
351340,01a0b1c2-b010-7000-8000-000000000002,01a0bf0f-82ab-7769-983f-45fca21fae0a,ACTIVE,0,-250000,2500000,0,0,0
351340,01a0b1c2-b010-7000-8000-000000000002,01a0bf0f-878c-766d-8e01-d6e11e6ed23b,ACTIVE,2500000,250000,0,0,0,0
351340,01a0b1c2-b010-7000-8000-000000000002,01a0bf0f-8c6e-75e9-93bb-936cf39e95cf,ACTIVE,-2165064,-250000,-1250000,0,0,0
351340,01a0b1c2-b010-7000-8000-000000000002,01a0bf0f-9150-7093-94cd-6272941f015e,ACTIVE,-2500000,250000,0,0,0,0
351342,01a0b1c2-b010-7000-8000-000000000002,01a0bf0f-82ab-7769-983f-45fca21fae0a,ACTIVE,0,-250000,2500000,0,0,0
351342,01a0b1c2-b010-7000-8000-000000000002,01a0bf0f-878c-766d-8e01-d6e11e6ed23b,ACTIVE,2500000,250000,0,0,0,0
351342,01a0b1c2-b010-7000-8000-000000000002,01a0bf0f-8c6e-75e9-93bb-936cf39e95cf,ACTIVE,-2165064,-250000,-1250000,0,0,0
351342,01a0b1c2-b010-7000-8000-000000000002,01a0bf0f-9150-7093-94cd-6272941f015e,ACTIVE,-2500000,250000,0,0,0,0
351344,01a0b1c2-b010-7000-8000-000000000002,01a0bf0f-82ab-7769-983f-45fca21fae0a,ACTIVE,0,-250000,2500000,0,0,0
351344,01a0b1c2-b010-7000-8000-000000000002,01a0bf0f-878c-766d-8e01-d6e11e6ed23b,ACTIVE,2500000,250000,0,0,0,0
351344,01a0b1c2-b010-7000-8000-000000000002,01a0bf0f-8c6e-75e9-93bb-936cf39e95cf,ACTIVE,-2165064,-250000,-1250000,0,0,0
351344,01a0b1c2-b010-7000-8000-000000000002,01a0bf0f-9150-7093-94cd-6272941f015e,ACTIVE,-2500000,250000,0,0,0,0
351346,01a0b1c2-b010-7000-8000-000000000002,01a0bf0f-82ab-7769-983f-45fca21fae0a,ACTIVE,0,-250000,2500000,0,0,0
351346,01a0b1c2-b010-7000-8000-000000000002,01a0bf0f-878c-766d-8e01-d6e11e6ed23b,ACTIVE,2500000,250000,0,0,0,0
351346,01a0b1c2-b010-7000-8000-000000000002,01a0bf0f-8c6e-75e9-93bb-936cf39e95cf,ACTIVE,-2165064,-250000,-1250000,0,0,0
351346,01a0b1c2-b010-7000-8000-000000000002,01a0bf0f-9150-7093-94cd-6272941f015e,ACTIVE,-2500000,250000,0,0,0,0
351348,01a0b1c2-b010-7000-8000-000000000002,01a0bf0f-82ab-7769-983f-45fca21fae0a,ACTIVE,0,-250000,2500000,0,0,0
351348,01a0b1c2-b010-7000-8000-000000000002,01a0bf0f-878c-766d-8e01-d6e11e6ed23b,ACTIVE,2500000,250000,0,0,0,0
351348,01a0b1c2-b010-7000-8000-000000000002,01a0bf0f-8c6e-75e9-93bb-936cf39e95cf,ACTIVE,-2165064,-250000,-1250000,0,0,0
351348,01a0b1c2-b010-7000-8000-000000000002,01a0bf0f-9150-7093-94cd-6272941f015e,ACTIVE,-2500000,250000,0,0,0,0
351350,01a0b1c2-b010-7000-8000-000000000002,01a0bf0f-82ab-7769-983f-45fca21fae0a,ACTIVE,0,-250000,2500000,0,0,0
351350,01a0b1c2-b010-7000-8000-000000000002,01a0bf0f-878c-766d-8e01-d6e11e6ed23b,ACTIVE,2500000,250000,0,0,0,0
351350,01a0b1c2-b010-7000-8000-000000000002,01a0bf0f-8c6e-75e9-93bb-936cf39e95cf,ACTIVE,-2165064,-250000,-1250000,0,0,0
351350,01a0b1c2-b010-7000-8000-000000000002,01a0bf0f-9150-7093-94cd-6272941f015e,ACTIVE,-2500000,250000,0,0,0,0
351352,01a0b1c2-b010-7000-8000-000000000002,01a0bf0f-82ab-7769-983f-45fca21fae0a,ACTIVE,0,-250000,2500000,0,0,0
351352,01a0b1c2-b010-7000-8000-000000000002,01a0bf0f-878c-766d-8e01-d6e11e6ed23b,ACTIVE,2500000,250000,0,0,0,0
351352,01a0b1c2-b010-7000-8000-000000000002,01a0bf0f-8c6e-75e9-93bb-936cf39e95cf,ACTIVE,-2165064,-250000,-1250000,0,0,0
351352,01a0b1c2-b010-7000-8000-000000000002,01a0bf0f-9150-7093-94cd-6272941f015e,ACTIVE,-2500000,250000,0,0,0,0
351354,01a0b1c2-b010-7000-8000-000000000002,01a0bf0f-82ab-7769-983f-45fca21fae0a,ACTIVE,0,-250000,2500000,0,0,0
351354,01a0b1c2-b010-7000-8000-000000000002,01a0bf0f-878c-766d-8e01-d6e11e6ed23b,ACTIVE,2500000,250000,0,0,0,0
351354,01a0b1c2-b010-7000-8000-000000000002,01a0bf0f-8c6e-75e9-93bb-936cf39e95cf,ACTIVE,-2165064,-250000,-1250000,0,0,0
351354,01a0b1c2-b010-7000-8000-000000000002,01a0bf0f-9150-7093-94cd-6272941f015e,ACTIVE,-2500000,250000,0,0,0,0
351356,01a0b1c2-b010-7000-8000-000000000002,01a0bf0f-82ab-7769-983f-45fca21fae0a,ACTIVE,0,-250000,2500000,0,0,0
351356,01a0b1c2-b010-7000-8000-000000000002,01a0bf0f-878c-766d-8e01-d6e11e6ed23b,ACTIVE,2500000,250000,0,0,0,0
351356,01a0b1c2-b010-7000-8000-000000000002,01a0bf0f-8c6e-75e9-93bb-936cf39e95cf,ACTIVE,-2165064,-250000,-1250000,0,0,0
351356,01a0b1c2-b010-7000-8000-000000000002,01a0bf0f-9150-7093-94cd-6272941f015e,ACTIVE,-2500000,250000,0,0,0,0
351358,01a0b1c2-b010-7000-8000-000000000002,01a0bf0f-82ab-7769-983f-45fca21fae0a,ACTIVE,0,-250000,2500000,0,0,0
351358,01a0b1c2-b010-7000-8000-000000000002,01a0bf0f-878c-766d-8e01-d6e11e6ed23b,ACTIVE,2500000,250000,0,0,0,0
351358,01a0b1c2-b010-7000-8000-000000000002,01a0bf0f-8c6e-75e9-93bb-936cf39e95cf,ACTIVE,-2165064,-250000,-1250000,0,0,0
351358,01a0b1c2-b010-7000-8000-000000000002,01a0bf0f-9150-7093-94cd-6272941f015e,ACTIVE,-2500000,250000,0,0,0,0
351360,01a0b1c2-b010-7000-8000-000000000002,01a0bf0f-82ab-7769-983f-45fca21fae0a,ACTIVE,0,-250000,2500000,0,0,0
351360,01a0b1c2-b010-7000-8000-000000000002,01a0bf0f-878c-766d-8e01-d6e11e6ed23b,ACTIVE,2500000,250000,0,0,0,0
351360,01a0b1c2-b010-7000-8000-000000000002,01a0bf0f-8c6e-75e9-93bb-936cf39e95cf,ACTIVE,-2165064,-250000,-1250000,0,0,0
351360,01a0b1c2-b010-7000-8000-000000000002,01a0bf0f-9150-7093-94cd-6272941f015e,ACTIVE,-2500000,250000,0,0,0,0
351362,01a0b1c2-b010-7000-8000-000000000002,01a0bf0f-82ab-7769-983f-45fca21fae0a,ACTIVE,0,-250000,2500000,0,0,0
351362,01a0b1c2-b010-7000-8000-000000000002,01a0bf0f-878c-766d-8e01-d6e11e6ed23b,ACTIVE,2500000,250000,0,0,0,0
351362,01a0b1c2-b010-7000-8000-000000000002,01a0bf0f-8c6e-75e9-93bb-936cf39e95cf,ACTIVE,-2165064,-250000,-1250000,0,0,0
351362,01a0b1c2-b010-7000-8000-000000000002,01a0bf0f-9150-7093-94cd-6272941f015e,ACTIVE,-2500000,250000,0,0,0,0
351364,01a0b1c2-b010-7000-8000-000000000002,01a0bf0f-82ab-7769-983f-45fca21fae0a,ACTIVE,0,-250000,2500000,0,0,0
351364,01a0b1c2-b010-7000-8000-000000000002,01a0bf0f-878c-766d-8e01-d6e11e6ed23b,ACTIVE,2500000,250000,0,0,0,0
351364,01a0b1c2-b010-7000-8000-000000000002,01a0bf0f-8c6e-75e9-93bb-936cf39e95cf,ACTIVE,-2165064,-250000,-1250000,0,0,0
351364,01a0b1c2-b010-7000-8000-000000000002,01a0bf0f-9150-7093-94cd-6272941f015e,ACTIVE,-2500000,250000,0,0,0,0
351366,01a0b1c2-b010-7000-8000-000000000002,01a0bf0f-82ab-7769-983f-45fca21fae0a,ACTIVE,0,-250000,2500000,0,0,0
351366,01a0b1c2-b010-7000-8000-000000000002,01a0bf0f-878c-766d-8e01-d6e11e6ed23b,ACTIVE,2500000,250000,0,0,0,0
351366,01a0b1c2-b010-7000-8000-000000000002,01a0bf0f-8c6e-75e9-93bb-936cf39e95cf,ACTIVE,-2165064,-250000,-1250000,0,0,0
351366,01a0b1c2-b010-7000-8000-000000000002,01a0bf0f-9150-7093-94cd-6272941f015e,ACTIVE,-2500000,250000,0,0,0,0
351368,01a0b1c2-b010-7000-8000-000000000002,01a0bf0f-82ab-7769-983f-45fca21fae0a,ACTIVE,0,-250000,2500000,0,0,0
351368,01a0b1c2-b010-7000-8000-000000000002,01a0bf0f-878c-766d-8e01-d6e11e6ed23b,ACTIVE,2500000,250000,0,0,0,0
351368,01a0b1c2-b010-7000-8000-000000000002,01a0bf0f-8c6e-75e9-93bb-936cf39e95cf,ACTIVE,-2165064,-250000,-1250000,0,0,0
351368,01a0b1c2-b010-7000-8000-000000000002,01a0bf0f-9150-7093-94cd-6272941f015e,ACTIVE,-2500000,250000,0,0,0,0
351370,01a0b1c2-b010-7000-8000-000000000002,01a0bf0f-82ab-7769-983f-45fca21fae0a,ACTIVE,0,-250000,2500000,0,0,0
351370,01a0b1c2-b010-7000-8000-000000000002,01a0bf0f-878c-766d-8e01-d6e11e6ed23b,ACTIVE,2500000,250000,0,0,0,0
351370,01a0b1c2-b010-7000-8000-000000000002,01a0bf0f-8c6e-75e9-93bb-936cf39e95cf,ACTIVE,-2165064,-250000,-1250000,0,0,0
351370,01a0b1c2-b010-7000-8000-000000000002,01a0bf0f-9150-7093-94cd-6272941f015e,ACTIVE,-2500000,250000,0,0,0,0
351372,01a0b1c2-b010-7000-8000-000000000002,01a0bf0f-82ab-7769-983f-45fca21fae0a,ACTIVE,0,-250000,2500000,0,0,0
351372,01a0b1c2-b010-7000-8000-000000000002,01a0bf0f-878c-766d-8e01-d6e11e6ed23b,ACTIVE,2500000,250000,0,0,0,0
351372,01a0b1c2-b010-7000-8000-000000000002,01a0bf0f-8c6e-75e9-93bb-936cf39e95cf,ACTIVE,-2165064,-250000,-1250000,0,0,0
351372,01a0b1c2-b010-7000-8000-000000000002,01a0bf0f-9150-7093-94cd-6272941f015e,ACTIVE,-2500000,250000,0,0,0,0
351374,01a0b1c2-b010-7000-8000-000000000002,01a0bf0f-82ab-7769-983f-45fca21fae0a,ACTIVE,0,-250000,2500000,0,0,0
351374,01a0b1c2-b010-7000-8000-000000000002,01a0bf0f-878c-766d-8e01-d6e11e6ed23b,ACTIVE,2500000,250000,0,0,0,0
351374,01a0b1c2-b010-7000-8000-000000000002,01a0bf0f-8c6e-75e9-93bb-936cf39e95cf,ACTIVE,-2165064,-250000,-1250000,0,0,0
351374,01a0b1c2-b010-7000-8000-000000000002,01a0bf0f-9150-7093-94cd-6272941f015e,ACTIVE,-2500000,250000,0,0,0,0
351376,01a0b1c2-b010-7000-8000-000000000002,01a0bf0f-82ab-7769-983f-45fca21fae0a,ACTIVE,0,-250000,2500000,0,0,0
351376,01a0b1c2-b010-7000-8000-000000000002,01a0bf0f-878c-766d-8e01-d6e11e6ed23b,ACTIVE,2500000,250000,0,0,0,0
351376,01a0b1c2-b010-7000-8000-000000000002,01a0bf0f-8c6e-75e9-93bb-936cf39e95cf,ACTIVE,-2165064,-250000,-1250000,0,0,0
351376,01a0b1c2-b010-7000-8000-000000000002,01a0bf0f-9150-7093-94cd-6272941f015e,ACTIVE,-2500000,250000,0,0,0,0
351378,01a0b1c2-b010-7000-8000-000000000002,01a0bf0f-82ab-7769-983f-45fca21fae0a,ACTIVE,0,-250000,2500000,0,0,0
351378,01a0b1c2-b010-7000-8000-000000000002,01a0bf0f-878c-766d-8e01-d6e11e6ed23b,ACTIVE,2500000,250000,0,0,0,0
351378,01a0b1c2-b010-7000-8000-000000000002,01a0bf0f-8c6e-75e9-93bb-936cf39e95cf,ACTIVE,-2165064,-250000,-1250000,0,0,0
351378,01a0b1c2-b010-7000-8000-000000000002,01a0bf0f-9150-7093-94cd-6272941f015e,ACTIVE,-2500000,250000,0,0,0,0
351380,01a0b1c2-b010-7000-8000-000000000002,01a0bf0f-82ab-7769-983f-45fca21fae0a,ACTIVE,0,-250000,2500000,0,0,0
351380,01a0b1c2-b010-7000-8000-000000000002,01a0bf0f-878c-766d-8e01-d6e11e6ed23b,ACTIVE,2500000,250000,0,0,0,0
351380,01a0b1c2-b010-7000-8000-000000000002,01a0bf0f-8c6e-75e9-93bb-936cf39e95cf,ACTIVE,-2165064,-250000,-1250000,0,0,0
351380,01a0b1c2-b010-7000-8000-000000000002,01a0bf0f-9150-7093-94cd-6272941f015e,ACTIVE,-2500000,250000,0,0,0,0
351382,01a0b1c2-b010-7000-8000-000000000002,01a0bf0f-82ab-7769-983f-45fca21fae0a,ACTIVE,0,-250000,2500000,0,0,0
351382,01a0b1c2-b010-7000-8000-000000000002,01a0bf0f-878c-766d-8e01-d6e11e6ed23b,ACTIVE,2500000,250000,0,0,0,0
351382,01a0b1c2-b010-7000-8000-000000000002,01a0bf0f-8c6e-75e9-93bb-936cf39e95cf,ACTIVE,-2165064,-250000,-1250000,0,0,0
351382,01a0b1c2-b010-7000-8000-000000000002,01a0bf0f-9150-7093-94cd-6272941f015e,ACTIVE,-2500000,250000,0,0,0,0
351384,01a0b1c2-b010-7000-8000-000000000002,01a0bf0f-82ab-7769-983f-45fca21fae0a,ACTIVE,0,-250000,2500000,0,0,0
351384,01a0b1c2-b010-7000-8000-000000000002,01a0bf0f-878c-766d-8e01-d6e11e6ed23b,ACTIVE,2500000,250000,0,0,0,0
351384,01a0b1c2-b010-7000-8000-000000000002,01a0bf0f-8c6e-75e9-93bb-936cf39e95cf,ACTIVE,-2165064,-250000,-1250000,0,0,0
351384,01a0b1c2-b010-7000-8000-000000000002,01a0bf0f-9150-7093-94cd-6272941f015e,ACTIVE,-2500000,250000,0,0,0,0
351386,01a0b1c2-b010-7000-8000-000000000002,01a0bf0f-82ab-7769-983f-45fca21fae0a,ACTIVE,0,-250000,2500000,0,0,0
351386,01a0b1c2-b010-7000-8000-000000000002,01a0bf0f-878c-766d-8e01-d6e11e6ed23b,ACTIVE,2500000,250000,0,0,0,0
351386,01a0b1c2-b010-7000-8000-000000000002,01a0bf0f-8c6e-75e9-93bb-936cf39e95cf,ACTIVE,-2165064,-250000,-1250000,0,0,0
351386,01a0b1c2-b010-7000-8000-000000000002,01a0bf0f-9150-7093-94cd-6272941f015e,ACTIVE,-2500000,250000,0,0,0,0
351388,01a0b1c2-b010-7000-8000-000000000002,01a0bf0f-82ab-7769-983f-45fca21fae0a,ACTIVE,0,-250000,2500000,0,0,0
351388,01a0b1c2-b010-7000-8000-000000000002,01a0bf0f-878c-766d-8e01-d6e11e6ed23b,ACTIVE,2500000,250000,0,0,0,0
351388,01a0b1c2-b010-7000-8000-000000000002,01a0bf0f-8c6e-75e9-93bb-936cf39e95cf,ACTIVE,-2165064,-250000,-1250000,0,0,0
351388,01a0b1c2-b010-7000-8000-000000000002,01a0bf0f-9150-7093-94cd-6272941f015e,ACTIVE,-2500000,250000,0,0,0,0
351390,01a0b1c2-b010-7000-8000-000000000002,01a0bf0f-82ab-7769-983f-45fca21fae0a,ACTIVE,0,-250000,2500000,0,0,0
351390,01a0b1c2-b010-7000-8000-000000000002,01a0bf0f-878c-766d-8e01-d6e11e6ed23b,ACTIVE,2500000,250000,0,0,0,0
351390,01a0b1c2-b010-7000-8000-000000000002,01a0bf0f-8c6e-75e9-93bb-936cf39e95cf,ACTIVE,-2165064,-250000,-1250000,0,0,0
351390,01a0b1c2-b010-7000-8000-000000000002,01a0bf0f-9150-7093-94cd-6272941f015e,ACTIVE,-2500000,250000,0,0,0,0
351392,01a0b1c2-b010-7000-8000-000000000002,01a0bf0f-82ab-7769-983f-45fca21fae0a,ACTIVE,0,-250000,2500000,0,0,0
351392,01a0b1c2-b010-7000-8000-000000000002,01a0bf0f-878c-766d-8e01-d6e11e6ed23b,ACTIVE,2500000,250000,0,0,0,0
351392,01a0b1c2-b010-7000-8000-000000000002,01a0bf0f-8c6e-75e9-93bb-936cf39e95cf,ACTIVE,-2165064,-250000,-1250000,0,0,0
351392,01a0b1c2-b010-7000-8000-000000000002,01a0bf0f-9150-7093-94cd-6272941f015e,ACTIVE,-2500000,250000,0,0,0,0
351394,01a0b1c2-b010-7000-8000-000000000002,01a0bf0f-82ab-7769-983f-45fca21fae0a,ACTIVE,0,-250000,2500000,0,0,0
351394,01a0b1c2-b010-7000-8000-000000000002,01a0bf0f-878c-766d-8e01-d6e11e6ed23b,ACTIVE,2500000,250000,0,0,0,0
351394,01a0b1c2-b010-7000-8000-000000000002,01a0bf0f-8c6e-75e9-93bb-936cf39e95cf,ACTIVE,-2165064,-250000,-1250000,0,0,0
351394,01a0b1c2-b010-7000-8000-000000000002,01a0bf0f-9150-7093-94cd-6272941f015e,ACTIVE,-2500000,250000,0,0,0,0
351396,01a0b1c2-b010-7000-8000-000000000002,01a0bf0f-82ab-7769-983f-45fca21fae0a,ACTIVE,0,-250000,2500000,0,0,0
351396,01a0b1c2-b010-7000-8000-000000000002,01a0bf0f-878c-766d-8e01-d6e11e6ed23b,ACTIVE,2500000,250000,0,0,0,0
351396,01a0b1c2-b010-7000-8000-000000000002,01a0bf0f-8c6e-75e9-93bb-936cf39e95cf,ACTIVE,-2165064,-250000,-1250000,0,0,0
351396,01a0b1c2-b010-7000-8000-000000000002,01a0bf0f-9150-7093-94cd-6272941f015e,ACTIVE,-2500000,250000,0,0,0,0
351398,01a0b1c2-b010-7000-8000-000000000002,01a0bf0f-82ab-7769-983f-45fca21fae0a,ACTIVE,0,-250000,2500000,0,0,0
351398,01a0b1c2-b010-7000-8000-000000000002,01a0bf0f-878c-766d-8e01-d6e11e6ed23b,ACTIVE,2500000,250000,0,0,0,0
351398,01a0b1c2-b010-7000-8000-000000000002,01a0bf0f-8c6e-75e9-93bb-936cf39e95cf,ACTIVE,-2165064,-250000,-1250000,0,0,0
351398,01a0b1c2-b010-7000-8000-000000000002,01a0bf0f-9150-7093-94cd-6272941f015e,ACTIVE,-2500000,250000,0,0,0,0
351400,01a0b1c2-b010-7000-8000-000000000002,01a0bf0f-82ab-7769-983f-45fca21fae0a,ACTIVE,0,-250000,2500000,0,0,0
351400,01a0b1c2-b010-7000-8000-000000000002,01a0bf0f-878c-766d-8e01-d6e11e6ed23b,ACTIVE,2500000,250000,0,0,0,0
351400,01a0b1c2-b010-7000-8000-000000000002,01a0bf0f-8c6e-75e9-93bb-936cf39e95cf,ACTIVE,-2165064,-250000,-1250000,0,0,0
351400,01a0b1c2-b010-7000-8000-000000000002,01a0bf0f-9150-7093-94cd-6272941f015e,ACTIVE,-2500000,250000,0,0,0,0
351402,01a0b1c2-b010-7000-8000-000000000002,01a0bf0f-82ab-7769-983f-45fca21fae0a,ACTIVE,0,-250000,2500000,0,0,0
351402,01a0b1c2-b010-7000-8000-000000000002,01a0bf0f-878c-766d-8e01-d6e11e6ed23b,ACTIVE,2500000,250000,0,0,0,0
351402,01a0b1c2-b010-7000-8000-000000000002,01a0bf0f-8c6e-75e9-93bb-936cf39e95cf,ACTIVE,-2165064,-250000,-1250000,0,0,0
351402,01a0b1c2-b010-7000-8000-000000000002,01a0bf0f-9150-7093-94cd-6272941f015e,ACTIVE,-2500000,250000,0,0,0,0
351404,01a0b1c2-b010-7000-8000-000000000002,01a0bf0f-82ab-7769-983f-45fca21fae0a,ACTIVE,0,-250000,2500000,0,0,0
351404,01a0b1c2-b010-7000-8000-000000000002,01a0bf0f-878c-766d-8e01-d6e11e6ed23b,ACTIVE,2500000,250000,0,0,0,0
351404,01a0b1c2-b010-7000-8000-000000000002,01a0bf0f-8c6e-75e9-93bb-936cf39e95cf,ACTIVE,-2165064,-250000,-1250000,0,0,0
351404,01a0b1c2-b010-7000-8000-000000000002,01a0bf0f-9150-7093-94cd-6272941f015e,ACTIVE,-2500000,250000,0,0,0,0
351406,01a0b1c2-b010-7000-8000-000000000002,01a0bf0f-82ab-7769-983f-45fca21fae0a,ACTIVE,0,-250000,2500000,0,0,0
351406,01a0b1c2-b010-7000-8000-000000000002,01a0bf0f-878c-766d-8e01-d6e11e6ed23b,ACTIVE,2500000,250000,0,0,0,0
351406,01a0b1c2-b010-7000-8000-000000000002,01a0bf0f-8c6e-75e9-93bb-936cf39e95cf,ACTIVE,-2165064,-250000,-1250000,0,0,0
351406,01a0b1c2-b010-7000-8000-000000000002,01a0bf0f-9150-7093-94cd-6272941f015e,ACTIVE,-2500000,250000,0,0,0,0
351408,01a0b1c2-b010-7000-8000-000000000002,01a0bf0f-82ab-7769-983f-45fca21fae0a,ACTIVE,0,-250000,2500000,0,0,0
351408,01a0b1c2-b010-7000-8000-000000000002,01a0bf0f-878c-766d-8e01-d6e11e6ed23b,ACTIVE,2500000,250000,0,0,0,0
351408,01a0b1c2-b010-7000-8000-000000000002,01a0bf0f-8c6e-75e9-93bb-936cf39e95cf,ACTIVE,-2165064,-250000,-1250000,0,0,0
351408,01a0b1c2-b010-7000-8000-000000000002,01a0bf0f-9150-7093-94cd-6272941f015e,ACTIVE,-2500000,250000,0,0,0,0
351410,01a0b1c2-b010-7000-8000-000000000002,01a0bf0f-82ab-7769-983f-45fca21fae0a,ACTIVE,0,-250000,2500000,0,0,0
351410,01a0b1c2-b010-7000-8000-000000000002,01a0bf0f-878c-766d-8e01-d6e11e6ed23b,ACTIVE,2500000,250000,0,0,0,0
351410,01a0b1c2-b010-7000-8000-000000000002,01a0bf0f-8c6e-75e9-93bb-936cf39e95cf,ACTIVE,-2165064,-250000,-1250000,0,0,0
351410,01a0b1c2-b010-7000-8000-000000000002,01a0bf0f-9150-7093-94cd-6272941f015e,ACTIVE,-2500000,250000,0,0,0,0
351412,01a0b1c2-b010-7000-8000-000000000002,01a0bf0f-82ab-7769-983f-45fca21fae0a,ACTIVE,0,-250000,2500000,0,0,0
351412,01a0b1c2-b010-7000-8000-000000000002,01a0bf0f-878c-766d-8e01-d6e11e6ed23b,ACTIVE,2500000,250000,0,0,0,0
351412,01a0b1c2-b010-7000-8000-000000000002,01a0bf0f-8c6e-75e9-93bb-936cf39e95cf,ACTIVE,-2165064,-250000,-1250000,0,0,0
351412,01a0b1c2-b010-7000-8000-000000000002,01a0bf0f-9150-7093-94cd-6272941f015e,ACTIVE,-2500000,250000,0,0,0,0
351414,01a0b1c2-b010-7000-8000-000000000002,01a0bf0f-82ab-7769-983f-45fca21fae0a,ACTIVE,0,-250000,2500000,0,0,0
351414,01a0b1c2-b010-7000-8000-000000000002,01a0bf0f-878c-766d-8e01-d6e11e6ed23b,ACTIVE,2500000,250000,0,0,0,0
351414,01a0b1c2-b010-7000-8000-000000000002,01a0bf0f-8c6e-75e9-93bb-936cf39e95cf,ACTIVE,-2165064,-250000,-1250000,0,0,0
351414,01a0b1c2-b010-7000-8000-000000000002,01a0bf0f-9150-7093-94cd-6272941f015e,ACTIVE,-2500000,250000,0,0,0,0
351416,01a0b1c2-b010-7000-8000-000000000002,01a0bf0f-82ab-7769-983f-45fca21fae0a,ACTIVE,0,-250000,2500000,0,0,0
351416,01a0b1c2-b010-7000-8000-000000000002,01a0bf0f-878c-766d-8e01-d6e11e6ed23b,ACTIVE,2500000,250000,0,0,0,0
351416,01a0b1c2-b010-7000-8000-000000000002,01a0bf0f-8c6e-75e9-93bb-936cf39e95cf,ACTIVE,-2165064,-250000,-1250000,0,0,0
351416,01a0b1c2-b010-7000-8000-000000000002,01a0bf0f-9150-7093-94cd-6272941f015e,ACTIVE,-2500000,250000,0,0,0,0
351418,01a0b1c2-b010-7000-8000-000000000002,01a0bf0f-82ab-7769-983f-45fca21fae0a,ACTIVE,0,-250000,2500000,0,0,0
351418,01a0b1c2-b010-7000-8000-000000000002,01a0bf0f-878c-766d-8e01-d6e11e6ed23b,ACTIVE,2500000,250000,0,0,0,0
351418,01a0b1c2-b010-7000-8000-000000000002,01a0bf0f-8c6e-75e9-93bb-936cf39e95cf,ACTIVE,-2165064,-250000,-1250000,0,0,0
351418,01a0b1c2-b010-7000-8000-000000000002,01a0bf0f-9150-7093-94cd-6272941f015e,ACTIVE,-2500000,250000,0,0,0,0
351420,01a0b1c2-b010-7000-8000-000000000002,01a0bf0f-82ab-7769-983f-45fca21fae0a,ACTIVE,0,-250000,2500000,0,0,0
351420,01a0b1c2-b010-7000-8000-000000000002,01a0bf0f-878c-766d-8e01-d6e11e6ed23b,ACTIVE,2500000,250000,0,0,0,0
351420,01a0b1c2-b010-7000-8000-000000000002,01a0bf0f-8c6e-75e9-93bb-936cf39e95cf,ACTIVE,-2165064,-250000,-1250000,0,0,0
351420,01a0b1c2-b010-7000-8000-000000000002,01a0bf0f-9150-7093-94cd-6272941f015e,ACTIVE,-2500000,250000,0,0,0,0
351422,01a0b1c2-b010-7000-8000-000000000002,01a0bf0f-82ab-7769-983f-45fca21fae0a,ACTIVE,0,-250000,2500000,0,0,0
351422,01a0b1c2-b010-7000-8000-000000000002,01a0bf0f-878c-766d-8e01-d6e11e6ed23b,ACTIVE,2500000,250000,0,0,0,0
351422,01a0b1c2-b010-7000-8000-000000000002,01a0bf0f-8c6e-75e9-93bb-936cf39e95cf,ACTIVE,-2165064,-250000,-1250000,0,0,0
351422,01a0b1c2-b010-7000-8000-000000000002,01a0bf0f-9150-7093-94cd-6272941f015e,ACTIVE,-2500000,250000,0,0,0,0
351424,01a0b1c2-b010-7000-8000-000000000002,01a0bf0f-82ab-7769-983f-45fca21fae0a,ACTIVE,0,-250000,2500000,0,0,0
351424,01a0b1c2-b010-7000-8000-000000000002,01a0bf0f-878c-766d-8e01-d6e11e6ed23b,ACTIVE,2500000,250000,0,0,0,0
351424,01a0b1c2-b010-7000-8000-000000000002,01a0bf0f-8c6e-75e9-93bb-936cf39e95cf,ACTIVE,-2165064,-250000,-1250000,0,0,0
351424,01a0b1c2-b010-7000-8000-000000000002,01a0bf0f-9150-7093-94cd-6272941f015e,ACTIVE,-2500000,250000,0,0,0,0
351426,01a0b1c2-b010-7000-8000-000000000002,01a0bf0f-82ab-7769-983f-45fca21fae0a,ACTIVE,0,-250000,2500000,0,0,0
351426,01a0b1c2-b010-7000-8000-000000000002,01a0bf0f-878c-766d-8e01-d6e11e6ed23b,ACTIVE,2500000,250000,0,0,0,0
351426,01a0b1c2-b010-7000-8000-000000000002,01a0bf0f-8c6e-75e9-93bb-936cf39e95cf,ACTIVE,-2165064,-250000,-1250000,0,0,0
351426,01a0b1c2-b010-7000-8000-000000000002,01a0bf0f-9150-7093-94cd-6272941f015e,ACTIVE,-2500000,250000,0,0,0,0
351428,01a0b1c2-b010-7000-8000-000000000002,01a0bf0f-82ab-7769-983f-45fca21fae0a,ACTIVE,0,-250000,2500000,0,0,0
351428,01a0b1c2-b010-7000-8000-000000000002,01a0bf0f-878c-766d-8e01-d6e11e6ed23b,ACTIVE,2500000,250000,0,0,0,0
351428,01a0b1c2-b010-7000-8000-000000000002,01a0bf0f-8c6e-75e9-93bb-936cf39e95cf,ACTIVE,-2165064,-250000,-1250000,0,0,0
351428,01a0b1c2-b010-7000-8000-000000000002,01a0bf0f-9150-7093-94cd-6272941f015e,ACTIVE,-2500000,250000,0,0,0,0
351430,01a0b1c2-b010-7000-8000-000000000002,01a0bf0f-82ab-7769-983f-45fca21fae0a,ACTIVE,0,-250000,2500000,0,0,0
351430,01a0b1c2-b010-7000-8000-000000000002,01a0bf0f-878c-766d-8e01-d6e11e6ed23b,ACTIVE,2500000,250000,0,0,0,0
351430,01a0b1c2-b010-7000-8000-000000000002,01a0bf0f-8c6e-75e9-93bb-936cf39e95cf,ACTIVE,-2165064,-250000,-1250000,0,0,0
351430,01a0b1c2-b010-7000-8000-000000000002,01a0bf0f-9150-7093-94cd-6272941f015e,ACTIVE,-2500000,250000,0,0,0,0
351432,01a0b1c2-b010-7000-8000-000000000002,01a0bf0f-82ab-7769-983f-45fca21fae0a,ACTIVE,0,-250000,2500000,0,0,0
351432,01a0b1c2-b010-7000-8000-000000000002,01a0bf0f-878c-766d-8e01-d6e11e6ed23b,ACTIVE,2500000,250000,0,0,0,0
351432,01a0b1c2-b010-7000-8000-000000000002,01a0bf0f-8c6e-75e9-93bb-936cf39e95cf,ACTIVE,-2165064,-250000,-1250000,0,0,0
351432,01a0b1c2-b010-7000-8000-000000000002,01a0bf0f-9150-7093-94cd-6272941f015e,ACTIVE,-2500000,250000,0,0,0,0
351434,01a0b1c2-b010-7000-8000-000000000002,01a0bf0f-82ab-7769-983f-45fca21fae0a,ACTIVE,0,-250000,2500000,0,0,0
351434,01a0b1c2-b010-7000-8000-000000000002,01a0bf0f-878c-766d-8e01-d6e11e6ed23b,ACTIVE,2500000,250000,0,0,0,0
351434,01a0b1c2-b010-7000-8000-000000000002,01a0bf0f-8c6e-75e9-93bb-936cf39e95cf,ACTIVE,-2165064,-250000,-1250000,0,0,0
351434,01a0b1c2-b010-7000-8000-000000000002,01a0bf0f-9150-7093-94cd-6272941f015e,ACTIVE,-2500000,250000,0,0,0,0
351436,01a0b1c2-b010-7000-8000-000000000002,01a0bf0f-82ab-7769-983f-45fca21fae0a,ACTIVE,0,-250000,2500000,0,0,0
351436,01a0b1c2-b010-7000-8000-000000000002,01a0bf0f-878c-766d-8e01-d6e11e6ed23b,ACTIVE,2500000,250000,0,0,0,0
351436,01a0b1c2-b010-7000-8000-000000000002,01a0bf0f-8c6e-75e9-93bb-936cf39e95cf,ACTIVE,-2165064,-250000,-1250000,0,0,0
351436,01a0b1c2-b010-7000-8000-000000000002,01a0bf0f-9150-7093-94cd-6272941f015e,ACTIVE,-2500000,250000,0,0,0,0
351438,01a0b1c2-b010-7000-8000-000000000002,01a0bf0f-82ab-7769-983f-45fca21fae0a,ACTIVE,0,-250000,2500000,0,0,0
351438,01a0b1c2-b010-7000-8000-000000000002,01a0bf0f-878c-766d-8e01-d6e11e6ed23b,ACTIVE,2500000,250000,0,0,0,0
351438,01a0b1c2-b010-7000-8000-000000000002,01a0bf0f-8c6e-75e9-93bb-936cf39e95cf,ACTIVE,-2165064,-250000,-1250000,0,0,0
351438,01a0b1c2-b010-7000-8000-000000000002,01a0bf0f-9150-7093-94cd-6272941f015e,ACTIVE,-2500000,250000,0,0,0,0
351440,01a0b1c2-b010-7000-8000-000000000002,01a0bf0f-82ab-7769-983f-45fca21fae0a,ACTIVE,0,-250000,2500000,0,0,0
351440,01a0b1c2-b010-7000-8000-000000000002,01a0bf0f-878c-766d-8e01-d6e11e6ed23b,ACTIVE,2500000,250000,0,0,0,0
351440,01a0b1c2-b010-7000-8000-000000000002,01a0bf0f-8c6e-75e9-93bb-936cf39e95cf,ACTIVE,-2165064,-250000,-1250000,0,0,0
351440,01a0b1c2-b010-7000-8000-000000000002,01a0bf0f-9150-7093-94cd-6272941f015e,ACTIVE,-2500000,250000,0,0,0,0
351442,01a0b1c2-b010-7000-8000-000000000002,01a0bf0f-82ab-7769-983f-45fca21fae0a,ACTIVE,0,-250000,2500000,0,0,0
351442,01a0b1c2-b010-7000-8000-000000000002,01a0bf0f-878c-766d-8e01-d6e11e6ed23b,ACTIVE,2500000,250000,0,0,0,0
351442,01a0b1c2-b010-7000-8000-000000000002,01a0bf0f-8c6e-75e9-93bb-936cf39e95cf,ACTIVE,-2165064,-250000,-1250000,0,0,0
351442,01a0b1c2-b010-7000-8000-000000000002,01a0bf0f-9150-7093-94cd-6272941f015e,ACTIVE,-2500000,250000,0,0,0,0
351444,01a0b1c2-b010-7000-8000-000000000002,01a0bf0f-82ab-7769-983f-45fca21fae0a,ACTIVE,0,-250000,2500000,0,0,0
351444,01a0b1c2-b010-7000-8000-000000000002,01a0bf0f-878c-766d-8e01-d6e11e6ed23b,ACTIVE,2500000,250000,0,0,0,0
351444,01a0b1c2-b010-7000-8000-000000000002,01a0bf0f-8c6e-75e9-93bb-936cf39e95cf,ACTIVE,-2165064,-250000,-1250000,0,0,0
351444,01a0b1c2-b010-7000-8000-000000000002,01a0bf0f-9150-7093-94cd-6272941f015e,ACTIVE,-2500000,250000,0,0,0,0
351446,01a0b1c2-b010-7000-8000-000000000002,01a0bf0f-82ab-7769-983f-45fca21fae0a,ACTIVE,0,-250000,2500000,0,0,0
351446,01a0b1c2-b010-7000-8000-000000000002,01a0bf0f-878c-766d-8e01-d6e11e6ed23b,ACTIVE,2500000,250000,0,0,0,0
351446,01a0b1c2-b010-7000-8000-000000000002,01a0bf0f-8c6e-75e9-93bb-936cf39e95cf,ACTIVE,-2165064,-250000,-1250000,0,0,0
351446,01a0b1c2-b010-7000-8000-000000000002,01a0bf0f-9150-7093-94cd-6272941f015e,ACTIVE,-2500000,250000,0,0,0,0
351448,01a0b1c2-b010-7000-8000-000000000002,01a0bf0f-82ab-7769-983f-45fca21fae0a,ACTIVE,0,-250000,2500000,0,0,0
351448,01a0b1c2-b010-7000-8000-000000000002,01a0bf0f-878c-766d-8e01-d6e11e6ed23b,ACTIVE,2500000,250000,0,0,0,0
351448,01a0b1c2-b010-7000-8000-000000000002,01a0bf0f-8c6e-75e9-93bb-936cf39e95cf,ACTIVE,-2165064,-250000,-1250000,0,0,0
351448,01a0b1c2-b010-7000-8000-000000000002,01a0bf0f-9150-7093-94cd-6272941f015e,ACTIVE,-2500000,250000,0,0,0,0
351450,01a0b1c2-b010-7000-8000-000000000002,01a0bf0f-82ab-7769-983f-45fca21fae0a,ACTIVE,0,-250000,2500000,0,0,0
351450,01a0b1c2-b010-7000-8000-000000000002,01a0bf0f-878c-766d-8e01-d6e11e6ed23b,ACTIVE,2500000,250000,0,0,0,0
351450,01a0b1c2-b010-7000-8000-000000000002,01a0bf0f-8c6e-75e9-93bb-936cf39e95cf,ACTIVE,-2165064,-250000,-1250000,0,0,0
351450,01a0b1c2-b010-7000-8000-000000000002,01a0bf0f-9150-7093-94cd-6272941f015e,ACTIVE,-2500000,250000,0,0,0,0
351452,01a0b1c2-b010-7000-8000-000000000002,01a0bf0f-82ab-7769-983f-45fca21fae0a,LINGERING,0,-250000,2500000,0,0,0
351452,01a0b1c2-b010-7000-8000-000000000002,01a0bf0f-878c-766d-8e01-d6e11e6ed23b,ACTIVE,2500000,250000,0,0,0,0
351452,01a0b1c2-b010-7000-8000-000000000002,01a0bf0f-8c6e-75e9-93bb-936cf39e95cf,ACTIVE,-2165064,-250000,-1250000,0,0,0
351452,01a0b1c2-b010-7000-8000-000000000002,01a0bf0f-9150-7093-94cd-6272941f015e,ACTIVE,-2500000,250000,0,0,0,0
351454,01a0b1c2-b010-7000-8000-000000000002,01a0bf0f-82ab-7769-983f-45fca21fae0a,LINGERING,0,-250000,2500000,0,0,0
351454,01a0b1c2-b010-7000-8000-000000000002,01a0bf0f-878c-766d-8e01-d6e11e6ed23b,ACTIVE,2500000,250000,0,0,0,0
351454,01a0b1c2-b010-7000-8000-000000000002,01a0bf0f-8c6e-75e9-93bb-936cf39e95cf,ACTIVE,-2165064,-250000,-1250000,0,0,0
351454,01a0b1c2-b010-7000-8000-000000000002,01a0bf0f-9150-7093-94cd-6272941f015e,ACTIVE,-2500000,250000,0,0,0,0
351456,01a0b1c2-b010-7000-8000-000000000002,01a0bf0f-82ab-7769-983f-45fca21fae0a,LINGERING,0,-250000,2500000,0,0,0
351456,01a0b1c2-b010-7000-8000-000000000002,01a0bf0f-878c-766d-8e01-d6e11e6ed23b,ACTIVE,2500000,250000,0,0,0,0
351456,01a0b1c2-b010-7000-8000-000000000002,01a0bf0f-8c6e-75e9-93bb-936cf39e95cf,ACTIVE,-2165064,-250000,-1250000,0,0,0
351456,01a0b1c2-b010-7000-8000-000000000002,01a0bf0f-9150-7093-94cd-6272941f015e,ACTIVE,-2500000,250000,0,0,0,0
351458,01a0b1c2-b010-7000-8000-000000000002,01a0bf0f-82ab-7769-983f-45fca21fae0a,LINGERING,0,-250000,2500000,0,0,0
351458,01a0b1c2-b010-7000-8000-000000000002,01a0bf0f-878c-766d-8e01-d6e11e6ed23b,ACTIVE,2500000,250000,0,0,0,0
351458,01a0b1c2-b010-7000-8000-000000000002,01a0bf0f-8c6e-75e9-93bb-936cf39e95cf,ACTIVE,-2165064,-250000,-1250000,0,0,0
351458,01a0b1c2-b010-7000-8000-000000000002,01a0bf0f-9150-7093-94cd-6272941f015e,ACTIVE,-2500000,250000,0,0,0,0
351460,01a0b1c2-b010-7000-8000-000000000002,01a0bf0f-82ab-7769-983f-45fca21fae0a,LINGERING,0,-250000,2500000,0,0,0
351460,01a0b1c2-b010-7000-8000-000000000002,01a0bf0f-878c-766d-8e01-d6e11e6ed23b,ACTIVE,2500000,250000,0,0,0,0
351460,01a0b1c2-b010-7000-8000-000000000002,01a0bf0f-8c6e-75e9-93bb-936cf39e95cf,ACTIVE,-2165064,-250000,-1250000,0,0,0
351460,01a0b1c2-b010-7000-8000-000000000002,01a0bf0f-9150-7093-94cd-6272941f015e,ACTIVE,-2500000,250000,0,0,0,0
351462,01a0b1c2-b010-7000-8000-000000000002,01a0bf0f-82ab-7769-983f-45fca21fae0a,LINGERING,0,-250000,2500000,0,0,0
351462,01a0b1c2-b010-7000-8000-000000000002,01a0bf0f-878c-766d-8e01-d6e11e6ed23b,ACTIVE,2500000,250000,0,0,0,0
351462,01a0b1c2-b010-7000-8000-000000000002,01a0bf0f-8c6e-75e9-93bb-936cf39e95cf,ACTIVE,-2165064,-250000,-1250000,0,0,0
351462,01a0b1c2-b010-7000-8000-000000000002,01a0bf0f-9150-7093-94cd-6272941f015e,ACTIVE,-2500000,250000,0,0,0,0
351464,01a0b1c2-b010-7000-8000-000000000002,01a0bf0f-82ab-7769-983f-45fca21fae0a,LINGERING,0,-250000,2500000,0,0,0
351464,01a0b1c2-b010-7000-8000-000000000002,01a0bf0f-878c-766d-8e01-d6e11e6ed23b,ACTIVE,2500000,250000,0,0,0,0
351464,01a0b1c2-b010-7000-8000-000000000002,01a0bf0f-8c6e-75e9-93bb-936cf39e95cf,ACTIVE,-2165064,-250000,-1250000,0,0,0
351464,01a0b1c2-b010-7000-8000-000000000002,01a0bf0f-9150-7093-94cd-6272941f015e,ACTIVE,-2500000,250000,0,0,0,0
351466,01a0b1c2-b010-7000-8000-000000000002,01a0bf0f-82ab-7769-983f-45fca21fae0a,LINGERING,0,-250000,2500000,0,0,0
351466,01a0b1c2-b010-7000-8000-000000000002,01a0bf0f-878c-766d-8e01-d6e11e6ed23b,ACTIVE,2500000,250000,0,0,0,0
351466,01a0b1c2-b010-7000-8000-000000000002,01a0bf0f-8c6e-75e9-93bb-936cf39e95cf,ACTIVE,-2165064,-250000,-1250000,0,0,0
351466,01a0b1c2-b010-7000-8000-000000000002,01a0bf0f-9150-7093-94cd-6272941f015e,ACTIVE,-2500000,250000,0,0,0,0
351468,01a0b1c2-b010-7000-8000-000000000002,01a0bf0f-82ab-7769-983f-45fca21fae0a,LINGERING,0,-250000,2500000,0,0,0
351468,01a0b1c2-b010-7000-8000-000000000002,01a0bf0f-878c-766d-8e01-d6e11e6ed23b,ACTIVE,2500000,250000,0,0,0,0
351468,01a0b1c2-b010-7000-8000-000000000002,01a0bf0f-8c6e-75e9-93bb-936cf39e95cf,ACTIVE,-2165064,-250000,-1250000,0,0,0
351468,01a0b1c2-b010-7000-8000-000000000002,01a0bf0f-9150-7093-94cd-6272941f015e,ACTIVE,-2500000,250000,0,0,0,0
351470,01a0b1c2-b010-7000-8000-000000000002,01a0bf0f-82ab-7769-983f-45fca21fae0a,LINGERING,0,-250000,2500000,0,0,0
351470,01a0b1c2-b010-7000-8000-000000000002,01a0bf0f-878c-766d-8e01-d6e11e6ed23b,ACTIVE,2500000,250000,0,0,0,0
351470,01a0b1c2-b010-7000-8000-000000000002,01a0bf0f-8c6e-75e9-93bb-936cf39e95cf,ACTIVE,-2165064,-250000,-1250000,0,0,0
351470,01a0b1c2-b010-7000-8000-000000000002,01a0bf0f-9150-7093-94cd-6272941f015e,ACTIVE,-2500000,250000,0,0,0,0
351472,01a0b1c2-b010-7000-8000-000000000002,01a0bf0f-82ab-7769-983f-45fca21fae0a,LINGERING,0,-250000,2500000,0,0,0
351472,01a0b1c2-b010-7000-8000-000000000002,01a0bf0f-878c-766d-8e01-d6e11e6ed23b,ACTIVE,2500000,250000,0,0,0,0
351472,01a0b1c2-b010-7000-8000-000000000002,01a0bf0f-8c6e-75e9-93bb-936cf39e95cf,ACTIVE,-2165064,-250000,-1250000,0,0,0
351472,01a0b1c2-b010-7000-8000-000000000002,01a0bf0f-9150-7093-94cd-6272941f015e,ACTIVE,-2500000,250000,0,0,0,0
351474,01a0b1c2-b010-7000-8000-000000000002,01a0bf0f-82ab-7769-983f-45fca21fae0a,LINGERING,0,-250000,2500000,0,0,0
351474,01a0b1c2-b010-7000-8000-000000000002,01a0bf0f-878c-766d-8e01-d6e11e6ed23b,ACTIVE,2500000,250000,0,0,0,0
351474,01a0b1c2-b010-7000-8000-000000000002,01a0bf0f-8c6e-75e9-93bb-936cf39e95cf,ACTIVE,-2165064,-250000,-1250000,0,0,0
351474,01a0b1c2-b010-7000-8000-000000000002,01a0bf0f-9150-7093-94cd-6272941f015e,ACTIVE,-2500000,250000,0,0,0,0
351476,01a0b1c2-b010-7000-8000-000000000002,01a0bf0f-82ab-7769-983f-45fca21fae0a,LINGERING,0,-250000,2500000,0,0,0
351476,01a0b1c2-b010-7000-8000-000000000002,01a0bf0f-878c-766d-8e01-d6e11e6ed23b,ACTIVE,2500000,250000,0,0,0,0
351476,01a0b1c2-b010-7000-8000-000000000002,01a0bf0f-8c6e-75e9-93bb-936cf39e95cf,ACTIVE,-2165064,-250000,-1250000,0,0,0
351476,01a0b1c2-b010-7000-8000-000000000002,01a0bf0f-9150-7093-94cd-6272941f015e,ACTIVE,-2500000,250000,0,0,0,0
351478,01a0b1c2-b010-7000-8000-000000000002,01a0bf0f-82ab-7769-983f-45fca21fae0a,LINGERING,0,-250000,2500000,0,0,0
351478,01a0b1c2-b010-7000-8000-000000000002,01a0bf0f-878c-766d-8e01-d6e11e6ed23b,LINGERING,2500000,250000,0,0,0,0
351478,01a0b1c2-b010-7000-8000-000000000002,01a0bf0f-8c6e-75e9-93bb-936cf39e95cf,ACTIVE,-2165064,-250000,-1250000,0,0,0
351478,01a0b1c2-b010-7000-8000-000000000002,01a0bf0f-9150-7093-94cd-6272941f015e,ACTIVE,-2500000,250000,0,0,0,0
351480,01a0b1c2-b010-7000-8000-000000000002,01a0bf0f-82ab-7769-983f-45fca21fae0a,LINGERING,0,-250000,2500000,0,0,0
351480,01a0b1c2-b010-7000-8000-000000000002,01a0bf0f-878c-766d-8e01-d6e11e6ed23b,LINGERING,2500000,250000,0,0,0,0
351480,01a0b1c2-b010-7000-8000-000000000002,01a0bf0f-8c6e-75e9-93bb-936cf39e95cf,ACTIVE,-2165064,-250000,-1250000,0,0,0
351480,01a0b1c2-b010-7000-8000-000000000002,01a0bf0f-9150-7093-94cd-6272941f015e,ACTIVE,-2500000,250000,0,0,0,0
351482,01a0b1c2-b010-7000-8000-000000000002,01a0bf0f-82ab-7769-983f-45fca21fae0a,LINGERING,0,-250000,2500000,0,0,0
351482,01a0b1c2-b010-7000-8000-000000000002,01a0bf0f-878c-766d-8e01-d6e11e6ed23b,LINGERING,2500000,250000,0,0,0,0
351482,01a0b1c2-b010-7000-8000-000000000002,01a0bf0f-8c6e-75e9-93bb-936cf39e95cf,ACTIVE,-2165064,-250000,-1250000,0,0,0
351482,01a0b1c2-b010-7000-8000-000000000002,01a0bf0f-9150-7093-94cd-6272941f015e,ACTIVE,-2500000,250000,0,0,0,0
351484,01a0b1c2-b010-7000-8000-000000000002,01a0bf0f-82ab-7769-983f-45fca21fae0a,LINGERING,0,-250000,2500000,0,0,0
351484,01a0b1c2-b010-7000-8000-000000000002,01a0bf0f-878c-766d-8e01-d6e11e6ed23b,LINGERING,2500000,250000,0,0,0,0
351484,01a0b1c2-b010-7000-8000-000000000002,01a0bf0f-8c6e-75e9-93bb-936cf39e95cf,ACTIVE,-2165064,-250000,-1250000,0,0,0
351484,01a0b1c2-b010-7000-8000-000000000002,01a0bf0f-9150-7093-94cd-6272941f015e,ACTIVE,-2500000,250000,0,0,0,0
351486,01a0b1c2-b010-7000-8000-000000000002,01a0bf0f-82ab-7769-983f-45fca21fae0a,LINGERING,0,-250000,2500000,0,0,0
351486,01a0b1c2-b010-7000-8000-000000000002,01a0bf0f-878c-766d-8e01-d6e11e6ed23b,LINGERING,2500000,250000,0,0,0,0
351486,01a0b1c2-b010-7000-8000-000000000002,01a0bf0f-8c6e-75e9-93bb-936cf39e95cf,ACTIVE,-2165064,-250000,-1250000,0,0,0
351486,01a0b1c2-b010-7000-8000-000000000002,01a0bf0f-9150-7093-94cd-6272941f015e,ACTIVE,-2500000,250000,0,0,0,0
351488,01a0b1c2-b010-7000-8000-000000000002,01a0bf0f-82ab-7769-983f-45fca21fae0a,LINGERING,0,-250000,2500000,0,0,0
351488,01a0b1c2-b010-7000-8000-000000000002,01a0bf0f-878c-766d-8e01-d6e11e6ed23b,LINGERING,2500000,250000,0,0,0,0
351488,01a0b1c2-b010-7000-8000-000000000002,01a0bf0f-8c6e-75e9-93bb-936cf39e95cf,ACTIVE,-2165064,-250000,-1250000,0,0,0
351488,01a0b1c2-b010-7000-8000-000000000002,01a0bf0f-9150-7093-94cd-6272941f015e,ACTIVE,-2500000,250000,0,0,0,0
351490,01a0b1c2-b010-7000-8000-000000000002,01a0bf0f-82ab-7769-983f-45fca21fae0a,LINGERING,0,-250000,2500000,0,0,0
351490,01a0b1c2-b010-7000-8000-000000000002,01a0bf0f-878c-766d-8e01-d6e11e6ed23b,LINGERING,2500000,250000,0,0,0,0
351490,01a0b1c2-b010-7000-8000-000000000002,01a0bf0f-8c6e-75e9-93bb-936cf39e95cf,ACTIVE,-2165064,-250000,-1250000,0,0,0
351490,01a0b1c2-b010-7000-8000-000000000002,01a0bf0f-9150-7093-94cd-6272941f015e,ACTIVE,-2500000,250000,0,0,0,0
351492,01a0b1c2-b010-7000-8000-000000000002,01a0bf0f-82ab-7769-983f-45fca21fae0a,LINGERING,0,-250000,2500000,0,0,0
351492,01a0b1c2-b010-7000-8000-000000000002,01a0bf0f-878c-766d-8e01-d6e11e6ed23b,LINGERING,2500000,250000,0,0,0,0
351492,01a0b1c2-b010-7000-8000-000000000002,01a0bf0f-8c6e-75e9-93bb-936cf39e95cf,ACTIVE,-2165064,-250000,-1250000,0,0,0
351492,01a0b1c2-b010-7000-8000-000000000002,01a0bf0f-9150-7093-94cd-6272941f015e,ACTIVE,-2500000,250000,0,0,0,0
351494,01a0b1c2-b010-7000-8000-000000000002,01a0bf0f-82ab-7769-983f-45fca21fae0a,LINGERING,0,-250000,2500000,0,0,0
351494,01a0b1c2-b010-7000-8000-000000000002,01a0bf0f-878c-766d-8e01-d6e11e6ed23b,LINGERING,2500000,250000,0,0,0,0
351494,01a0b1c2-b010-7000-8000-000000000002,01a0bf0f-8c6e-75e9-93bb-936cf39e95cf,ACTIVE,-2165064,-250000,-1250000,0,0,0
351494,01a0b1c2-b010-7000-8000-000000000002,01a0bf0f-9150-7093-94cd-6272941f015e,ACTIVE,-2500000,250000,0,0,0,0
351496,01a0b1c2-b010-7000-8000-000000000002,01a0bf0f-82ab-7769-983f-45fca21fae0a,LINGERING,0,-250000,2500000,0,0,0
351496,01a0b1c2-b010-7000-8000-000000000002,01a0bf0f-878c-766d-8e01-d6e11e6ed23b,LINGERING,2500000,250000,0,0,0,0
351496,01a0b1c2-b010-7000-8000-000000000002,01a0bf0f-8c6e-75e9-93bb-936cf39e95cf,ACTIVE,-2165064,-250000,-1250000,0,0,0
351496,01a0b1c2-b010-7000-8000-000000000002,01a0bf0f-9150-7093-94cd-6272941f015e,ACTIVE,-2500000,250000,0,0,0,0
351498,01a0b1c2-b010-7000-8000-000000000002,01a0bf0f-82ab-7769-983f-45fca21fae0a,LINGERING,0,-250000,2500000,0,0,0
351498,01a0b1c2-b010-7000-8000-000000000002,01a0bf0f-878c-766d-8e01-d6e11e6ed23b,LINGERING,2500000,250000,0,0,0,0
351498,01a0b1c2-b010-7000-8000-000000000002,01a0bf0f-8c6e-75e9-93bb-936cf39e95cf,ACTIVE,-2165064,-250000,-1250000,0,0,0
351498,01a0b1c2-b010-7000-8000-000000000002,01a0bf0f-9150-7093-94cd-6272941f015e,ACTIVE,-2500000,250000,0,0,0,0
350994,01a0b1c2-b010-7000-8000-000000000003,01a0bf0f-82ab-7769-983f-45fca21fae0a,ACTIVE,0,-250000,2500000,0,0,0
350994,01a0b1c2-b010-7000-8000-000000000003,01a0bf0f-878c-766d-8e01-d6e11e6ed23b,ACTIVE,2500000,250000,0,0,0,0
350994,01a0b1c2-b010-7000-8000-000000000003,01a0bf0f-8c6e-75e9-93bb-936cf39e95cf,ACTIVE,-2165064,-250000,-1250000,0,0,0
350994,01a0b1c2-b010-7000-8000-000000000003,01a0bf0f-9150-7093-94cd-6272941f015e,ACTIVE,-2500000,250000,0,0,0,0
350996,01a0b1c2-b010-7000-8000-000000000003,01a0bf0f-82ab-7769-983f-45fca21fae0a,ACTIVE,0,-250000,2500000,0,0,0
350996,01a0b1c2-b010-7000-8000-000000000003,01a0bf0f-878c-766d-8e01-d6e11e6ed23b,ACTIVE,2500000,250000,0,0,0,0
350996,01a0b1c2-b010-7000-8000-000000000003,01a0bf0f-8c6e-75e9-93bb-936cf39e95cf,ACTIVE,-2165064,-250000,-1250000,0,0,0
350996,01a0b1c2-b010-7000-8000-000000000003,01a0bf0f-9150-7093-94cd-6272941f015e,ACTIVE,-2500000,250000,0,0,0,0
350998,01a0b1c2-b010-7000-8000-000000000003,01a0bf0f-82ab-7769-983f-45fca21fae0a,ACTIVE,0,-250000,2500000,0,0,0
350998,01a0b1c2-b010-7000-8000-000000000003,01a0bf0f-878c-766d-8e01-d6e11e6ed23b,ACTIVE,2500000,250000,0,0,0,0
350998,01a0b1c2-b010-7000-8000-000000000003,01a0bf0f-8c6e-75e9-93bb-936cf39e95cf,ACTIVE,-2165064,-250000,-1250000,0,0,0
350998,01a0b1c2-b010-7000-8000-000000000003,01a0bf0f-9150-7093-94cd-6272941f015e,ACTIVE,-2500000,250000,0,0,0,0
351000,01a0b1c2-b010-7000-8000-000000000003,01a0bf0f-82ab-7769-983f-45fca21fae0a,ACTIVE,0,-250000,2500000,0,0,0
351000,01a0b1c2-b010-7000-8000-000000000003,01a0bf0f-878c-766d-8e01-d6e11e6ed23b,ACTIVE,2500000,250000,0,0,0,0
351000,01a0b1c2-b010-7000-8000-000000000003,01a0bf0f-8c6e-75e9-93bb-936cf39e95cf,ACTIVE,-2165064,-250000,-1250000,0,0,0
351000,01a0b1c2-b010-7000-8000-000000000003,01a0bf0f-9150-7093-94cd-6272941f015e,ACTIVE,-2500000,250000,0,0,0,0
351002,01a0b1c2-b010-7000-8000-000000000003,01a0bf0f-82ab-7769-983f-45fca21fae0a,ACTIVE,0,-250000,2500000,0,0,0
351002,01a0b1c2-b010-7000-8000-000000000003,01a0bf0f-878c-766d-8e01-d6e11e6ed23b,ACTIVE,2500000,250000,0,0,0,0
351002,01a0b1c2-b010-7000-8000-000000000003,01a0bf0f-8c6e-75e9-93bb-936cf39e95cf,ACTIVE,-2165064,-250000,-1250000,0,0,0
351002,01a0b1c2-b010-7000-8000-000000000003,01a0bf0f-9150-7093-94cd-6272941f015e,ACTIVE,-2500000,250000,0,0,0,0
351004,01a0b1c2-b010-7000-8000-000000000003,01a0bf0f-82ab-7769-983f-45fca21fae0a,ACTIVE,0,-250000,2500000,0,0,0
351004,01a0b1c2-b010-7000-8000-000000000003,01a0bf0f-878c-766d-8e01-d6e11e6ed23b,ACTIVE,2500000,250000,0,0,0,0
351004,01a0b1c2-b010-7000-8000-000000000003,01a0bf0f-8c6e-75e9-93bb-936cf39e95cf,ACTIVE,-2165064,-250000,-1250000,0,0,0
351004,01a0b1c2-b010-7000-8000-000000000003,01a0bf0f-9150-7093-94cd-6272941f015e,ACTIVE,-2500000,250000,0,0,0,0
351006,01a0b1c2-b010-7000-8000-000000000003,01a0bf0f-82ab-7769-983f-45fca21fae0a,ACTIVE,0,-250000,2500000,0,0,0
351006,01a0b1c2-b010-7000-8000-000000000003,01a0bf0f-878c-766d-8e01-d6e11e6ed23b,ACTIVE,2500000,250000,0,0,0,0
351006,01a0b1c2-b010-7000-8000-000000000003,01a0bf0f-8c6e-75e9-93bb-936cf39e95cf,ACTIVE,-2165064,-250000,-1250000,0,0,0
351006,01a0b1c2-b010-7000-8000-000000000003,01a0bf0f-9150-7093-94cd-6272941f015e,ACTIVE,-2500000,250000,0,0,0,0
351008,01a0b1c2-b010-7000-8000-000000000003,01a0bf0f-82ab-7769-983f-45fca21fae0a,ACTIVE,0,-250000,2500000,0,0,0
351008,01a0b1c2-b010-7000-8000-000000000003,01a0bf0f-878c-766d-8e01-d6e11e6ed23b,ACTIVE,2500000,250000,0,0,0,0
351008,01a0b1c2-b010-7000-8000-000000000003,01a0bf0f-8c6e-75e9-93bb-936cf39e95cf,ACTIVE,-2165064,-250000,-1250000,0,0,0
351008,01a0b1c2-b010-7000-8000-000000000003,01a0bf0f-9150-7093-94cd-6272941f015e,ACTIVE,-2500000,250000,0,0,0,0
351010,01a0b1c2-b010-7000-8000-000000000003,01a0bf0f-82ab-7769-983f-45fca21fae0a,ACTIVE,0,-250000,2500000,0,0,0
351010,01a0b1c2-b010-7000-8000-000000000003,01a0bf0f-878c-766d-8e01-d6e11e6ed23b,ACTIVE,2500000,250000,0,0,0,0
351010,01a0b1c2-b010-7000-8000-000000000003,01a0bf0f-8c6e-75e9-93bb-936cf39e95cf,ACTIVE,-2165064,-250000,-1250000,0,0,0
351010,01a0b1c2-b010-7000-8000-000000000003,01a0bf0f-9150-7093-94cd-6272941f015e,ACTIVE,-2500000,250000,0,0,0,0
351012,01a0b1c2-b010-7000-8000-000000000003,01a0bf0f-82ab-7769-983f-45fca21fae0a,ACTIVE,0,-250000,2500000,0,0,0
351012,01a0b1c2-b010-7000-8000-000000000003,01a0bf0f-878c-766d-8e01-d6e11e6ed23b,ACTIVE,2500000,250000,0,0,0,0
351012,01a0b1c2-b010-7000-8000-000000000003,01a0bf0f-8c6e-75e9-93bb-936cf39e95cf,ACTIVE,-2165064,-250000,-1250000,0,0,0
351012,01a0b1c2-b010-7000-8000-000000000003,01a0bf0f-9150-7093-94cd-6272941f015e,ACTIVE,-2500000,250000,0,0,0,0
351014,01a0b1c2-b010-7000-8000-000000000003,01a0bf0f-82ab-7769-983f-45fca21fae0a,ACTIVE,0,-250000,2500000,0,0,0
351014,01a0b1c2-b010-7000-8000-000000000003,01a0bf0f-878c-766d-8e01-d6e11e6ed23b,ACTIVE,2500000,250000,0,0,0,0
351014,01a0b1c2-b010-7000-8000-000000000003,01a0bf0f-8c6e-75e9-93bb-936cf39e95cf,ACTIVE,-2165064,-250000,-1250000,0,0,0
351014,01a0b1c2-b010-7000-8000-000000000003,01a0bf0f-9150-7093-94cd-6272941f015e,ACTIVE,-2500000,250000,0,0,0,0
351016,01a0b1c2-b010-7000-8000-000000000003,01a0bf0f-82ab-7769-983f-45fca21fae0a,ACTIVE,0,-250000,2500000,0,0,0
351016,01a0b1c2-b010-7000-8000-000000000003,01a0bf0f-878c-766d-8e01-d6e11e6ed23b,ACTIVE,2500000,250000,0,0,0,0
351016,01a0b1c2-b010-7000-8000-000000000003,01a0bf0f-8c6e-75e9-93bb-936cf39e95cf,ACTIVE,-2165064,-250000,-1250000,0,0,0
351016,01a0b1c2-b010-7000-8000-000000000003,01a0bf0f-9150-7093-94cd-6272941f015e,ACTIVE,-2500000,250000,0,0,0,0
351018,01a0b1c2-b010-7000-8000-000000000003,01a0bf0f-82ab-7769-983f-45fca21fae0a,ACTIVE,0,-250000,2500000,0,0,0
351018,01a0b1c2-b010-7000-8000-000000000003,01a0bf0f-878c-766d-8e01-d6e11e6ed23b,ACTIVE,2500000,250000,0,0,0,0
351018,01a0b1c2-b010-7000-8000-000000000003,01a0bf0f-8c6e-75e9-93bb-936cf39e95cf,ACTIVE,-2165064,-250000,-1250000,0,0,0
351018,01a0b1c2-b010-7000-8000-000000000003,01a0bf0f-9150-7093-94cd-6272941f015e,ACTIVE,-2500000,250000,0,0,0,0
351020,01a0b1c2-b010-7000-8000-000000000003,01a0bf0f-82ab-7769-983f-45fca21fae0a,ACTIVE,0,-250000,2500000,0,0,0
351020,01a0b1c2-b010-7000-8000-000000000003,01a0bf0f-878c-766d-8e01-d6e11e6ed23b,ACTIVE,2500000,250000,0,0,0,0
351020,01a0b1c2-b010-7000-8000-000000000003,01a0bf0f-8c6e-75e9-93bb-936cf39e95cf,ACTIVE,-2165064,-250000,-1250000,0,0,0
351020,01a0b1c2-b010-7000-8000-000000000003,01a0bf0f-9150-7093-94cd-6272941f015e,ACTIVE,-2500000,250000,0,0,0,0
351022,01a0b1c2-b010-7000-8000-000000000003,01a0bf0f-82ab-7769-983f-45fca21fae0a,ACTIVE,0,-250000,2500000,0,0,0
351022,01a0b1c2-b010-7000-8000-000000000003,01a0bf0f-878c-766d-8e01-d6e11e6ed23b,ACTIVE,2500000,250000,0,0,0,0
351022,01a0b1c2-b010-7000-8000-000000000003,01a0bf0f-8c6e-75e9-93bb-936cf39e95cf,ACTIVE,-2165064,-250000,-1250000,0,0,0
351022,01a0b1c2-b010-7000-8000-000000000003,01a0bf0f-9150-7093-94cd-6272941f015e,ACTIVE,-2500000,250000,0,0,0,0
351024,01a0b1c2-b010-7000-8000-000000000003,01a0bf0f-82ab-7769-983f-45fca21fae0a,ACTIVE,0,-250000,2500000,0,0,0
351024,01a0b1c2-b010-7000-8000-000000000003,01a0bf0f-878c-766d-8e01-d6e11e6ed23b,ACTIVE,2500000,250000,0,0,0,0
351024,01a0b1c2-b010-7000-8000-000000000003,01a0bf0f-8c6e-75e9-93bb-936cf39e95cf,ACTIVE,-2165064,-250000,-1250000,0,0,0
351024,01a0b1c2-b010-7000-8000-000000000003,01a0bf0f-9150-7093-94cd-6272941f015e,ACTIVE,-2500000,250000,0,0,0,0
351026,01a0b1c2-b010-7000-8000-000000000003,01a0bf0f-82ab-7769-983f-45fca21fae0a,ACTIVE,0,-250000,2500000,0,0,0
351026,01a0b1c2-b010-7000-8000-000000000003,01a0bf0f-878c-766d-8e01-d6e11e6ed23b,ACTIVE,2500000,250000,0,0,0,0
351026,01a0b1c2-b010-7000-8000-000000000003,01a0bf0f-8c6e-75e9-93bb-936cf39e95cf,ACTIVE,-2165064,-250000,-1250000,0,0,0
351026,01a0b1c2-b010-7000-8000-000000000003,01a0bf0f-9150-7093-94cd-6272941f015e,ACTIVE,-2500000,250000,0,0,0,0
351028,01a0b1c2-b010-7000-8000-000000000003,01a0bf0f-82ab-7769-983f-45fca21fae0a,ACTIVE,0,-250000,2500000,0,0,0
351028,01a0b1c2-b010-7000-8000-000000000003,01a0bf0f-878c-766d-8e01-d6e11e6ed23b,ACTIVE,2500000,250000,0,0,0,0
351028,01a0b1c2-b010-7000-8000-000000000003,01a0bf0f-8c6e-75e9-93bb-936cf39e95cf,ACTIVE,-2165064,-250000,-1250000,0,0,0
351028,01a0b1c2-b010-7000-8000-000000000003,01a0bf0f-9150-7093-94cd-6272941f015e,ACTIVE,-2500000,250000,0,0,0,0
351030,01a0b1c2-b010-7000-8000-000000000003,01a0bf0f-82ab-7769-983f-45fca21fae0a,ACTIVE,0,-250000,2500000,0,0,0
351030,01a0b1c2-b010-7000-8000-000000000003,01a0bf0f-878c-766d-8e01-d6e11e6ed23b,ACTIVE,2500000,250000,0,0,0,0
351030,01a0b1c2-b010-7000-8000-000000000003,01a0bf0f-8c6e-75e9-93bb-936cf39e95cf,ACTIVE,-2165064,-250000,-1250000,0,0,0
351030,01a0b1c2-b010-7000-8000-000000000003,01a0bf0f-9150-7093-94cd-6272941f015e,ACTIVE,-2500000,250000,0,0,0,0
351032,01a0b1c2-b010-7000-8000-000000000003,01a0bf0f-82ab-7769-983f-45fca21fae0a,ACTIVE,0,-250000,2500000,0,0,0
351032,01a0b1c2-b010-7000-8000-000000000003,01a0bf0f-878c-766d-8e01-d6e11e6ed23b,ACTIVE,2500000,250000,0,0,0,0
351032,01a0b1c2-b010-7000-8000-000000000003,01a0bf0f-8c6e-75e9-93bb-936cf39e95cf,ACTIVE,-2165064,-250000,-1250000,0,0,0
351032,01a0b1c2-b010-7000-8000-000000000003,01a0bf0f-9150-7093-94cd-6272941f015e,ACTIVE,-2500000,250000,0,0,0,0
351034,01a0b1c2-b010-7000-8000-000000000003,01a0bf0f-82ab-7769-983f-45fca21fae0a,ACTIVE,0,-250000,2500000,0,0,0
351034,01a0b1c2-b010-7000-8000-000000000003,01a0bf0f-878c-766d-8e01-d6e11e6ed23b,ACTIVE,2500000,250000,0,0,0,0
351034,01a0b1c2-b010-7000-8000-000000000003,01a0bf0f-8c6e-75e9-93bb-936cf39e95cf,ACTIVE,-2165064,-250000,-1250000,0,0,0
351034,01a0b1c2-b010-7000-8000-000000000003,01a0bf0f-9150-7093-94cd-6272941f015e,ACTIVE,-2500000,250000,0,0,0,0
351036,01a0b1c2-b010-7000-8000-000000000003,01a0bf0f-82ab-7769-983f-45fca21fae0a,ACTIVE,0,-250000,2500000,0,0,0
351036,01a0b1c2-b010-7000-8000-000000000003,01a0bf0f-878c-766d-8e01-d6e11e6ed23b,ACTIVE,2500000,250000,0,0,0,0
351036,01a0b1c2-b010-7000-8000-000000000003,01a0bf0f-8c6e-75e9-93bb-936cf39e95cf,ACTIVE,-2165064,-250000,-1250000,0,0,0
351036,01a0b1c2-b010-7000-8000-000000000003,01a0bf0f-9150-7093-94cd-6272941f015e,ACTIVE,-2500000,250000,0,0,0,0
351038,01a0b1c2-b010-7000-8000-000000000003,01a0bf0f-82ab-7769-983f-45fca21fae0a,ACTIVE,0,-250000,2500000,0,0,0
351038,01a0b1c2-b010-7000-8000-000000000003,01a0bf0f-878c-766d-8e01-d6e11e6ed23b,ACTIVE,2500000,250000,0,0,0,0
351038,01a0b1c2-b010-7000-8000-000000000003,01a0bf0f-8c6e-75e9-93bb-936cf39e95cf,ACTIVE,-2165064,-250000,-1250000,0,0,0
351038,01a0b1c2-b010-7000-8000-000000000003,01a0bf0f-9150-7093-94cd-6272941f015e,ACTIVE,-2500000,250000,0,0,0,0
351040,01a0b1c2-b010-7000-8000-000000000003,01a0bf0f-82ab-7769-983f-45fca21fae0a,ACTIVE,0,-250000,2500000,0,0,0
351040,01a0b1c2-b010-7000-8000-000000000003,01a0bf0f-878c-766d-8e01-d6e11e6ed23b,ACTIVE,2500000,250000,0,0,0,0
351040,01a0b1c2-b010-7000-8000-000000000003,01a0bf0f-8c6e-75e9-93bb-936cf39e95cf,ACTIVE,-2165064,-250000,-1250000,0,0,0
351040,01a0b1c2-b010-7000-8000-000000000003,01a0bf0f-9150-7093-94cd-6272941f015e,ACTIVE,-2500000,250000,0,0,0,0
351042,01a0b1c2-b010-7000-8000-000000000003,01a0bf0f-82ab-7769-983f-45fca21fae0a,ACTIVE,0,-250000,2500000,0,0,0
351042,01a0b1c2-b010-7000-8000-000000000003,01a0bf0f-878c-766d-8e01-d6e11e6ed23b,ACTIVE,2500000,250000,0,0,0,0
351042,01a0b1c2-b010-7000-8000-000000000003,01a0bf0f-8c6e-75e9-93bb-936cf39e95cf,ACTIVE,-2165064,-250000,-1250000,0,0,0
351042,01a0b1c2-b010-7000-8000-000000000003,01a0bf0f-9150-7093-94cd-6272941f015e,ACTIVE,-2500000,250000,0,0,0,0
351044,01a0b1c2-b010-7000-8000-000000000003,01a0bf0f-82ab-7769-983f-45fca21fae0a,ACTIVE,0,-250000,2500000,0,0,0
351044,01a0b1c2-b010-7000-8000-000000000003,01a0bf0f-878c-766d-8e01-d6e11e6ed23b,ACTIVE,2500000,250000,0,0,0,0
351044,01a0b1c2-b010-7000-8000-000000000003,01a0bf0f-8c6e-75e9-93bb-936cf39e95cf,ACTIVE,-2165064,-250000,-1250000,0,0,0
351044,01a0b1c2-b010-7000-8000-000000000003,01a0bf0f-9150-7093-94cd-6272941f015e,ACTIVE,-2500000,250000,0,0,0,0
351046,01a0b1c2-b010-7000-8000-000000000003,01a0bf0f-82ab-7769-983f-45fca21fae0a,ACTIVE,0,-250000,2500000,0,0,0
351046,01a0b1c2-b010-7000-8000-000000000003,01a0bf0f-878c-766d-8e01-d6e11e6ed23b,ACTIVE,2500000,250000,0,0,0,0
351046,01a0b1c2-b010-7000-8000-000000000003,01a0bf0f-8c6e-75e9-93bb-936cf39e95cf,ACTIVE,-2165064,-250000,-1250000,0,0,0
351046,01a0b1c2-b010-7000-8000-000000000003,01a0bf0f-9150-7093-94cd-6272941f015e,ACTIVE,-2500000,250000,0,0,0,0
351048,01a0b1c2-b010-7000-8000-000000000003,01a0bf0f-82ab-7769-983f-45fca21fae0a,ACTIVE,0,-250000,2500000,0,0,0
351048,01a0b1c2-b010-7000-8000-000000000003,01a0bf0f-878c-766d-8e01-d6e11e6ed23b,ACTIVE,2500000,250000,0,0,0,0
351048,01a0b1c2-b010-7000-8000-000000000003,01a0bf0f-8c6e-75e9-93bb-936cf39e95cf,ACTIVE,-2165064,-250000,-1250000,0,0,0
351048,01a0b1c2-b010-7000-8000-000000000003,01a0bf0f-9150-7093-94cd-6272941f015e,ACTIVE,-2500000,250000,0,0,0,0
351050,01a0b1c2-b010-7000-8000-000000000003,01a0bf0f-82ab-7769-983f-45fca21fae0a,ACTIVE,0,-250000,2500000,0,0,0
351050,01a0b1c2-b010-7000-8000-000000000003,01a0bf0f-878c-766d-8e01-d6e11e6ed23b,ACTIVE,2500000,250000,0,0,0,0
351050,01a0b1c2-b010-7000-8000-000000000003,01a0bf0f-8c6e-75e9-93bb-936cf39e95cf,ACTIVE,-2165064,-250000,-1250000,0,0,0
351050,01a0b1c2-b010-7000-8000-000000000003,01a0bf0f-9150-7093-94cd-6272941f015e,ACTIVE,-2500000,250000,0,0,0,0
351052,01a0b1c2-b010-7000-8000-000000000003,01a0bf0f-82ab-7769-983f-45fca21fae0a,ACTIVE,0,-250000,2500000,0,0,0
351052,01a0b1c2-b010-7000-8000-000000000003,01a0bf0f-878c-766d-8e01-d6e11e6ed23b,ACTIVE,2500000,250000,0,0,0,0
351052,01a0b1c2-b010-7000-8000-000000000003,01a0bf0f-8c6e-75e9-93bb-936cf39e95cf,ACTIVE,-2165064,-250000,-1250000,0,0,0
351052,01a0b1c2-b010-7000-8000-000000000003,01a0bf0f-9150-7093-94cd-6272941f015e,ACTIVE,-2500000,250000,0,0,0,0
351054,01a0b1c2-b010-7000-8000-000000000003,01a0bf0f-82ab-7769-983f-45fca21fae0a,ACTIVE,0,-250000,2500000,0,0,0
351054,01a0b1c2-b010-7000-8000-000000000003,01a0bf0f-878c-766d-8e01-d6e11e6ed23b,ACTIVE,2500000,250000,0,0,0,0
351054,01a0b1c2-b010-7000-8000-000000000003,01a0bf0f-8c6e-75e9-93bb-936cf39e95cf,ACTIVE,-2165064,-250000,-1250000,0,0,0
351054,01a0b1c2-b010-7000-8000-000000000003,01a0bf0f-9150-7093-94cd-6272941f015e,ACTIVE,-2500000,250000,0,0,0,0
351056,01a0b1c2-b010-7000-8000-000000000003,01a0bf0f-82ab-7769-983f-45fca21fae0a,ACTIVE,0,-250000,2500000,0,0,0
351056,01a0b1c2-b010-7000-8000-000000000003,01a0bf0f-878c-766d-8e01-d6e11e6ed23b,ACTIVE,2500000,250000,0,0,0,0
351056,01a0b1c2-b010-7000-8000-000000000003,01a0bf0f-8c6e-75e9-93bb-936cf39e95cf,ACTIVE,-2165064,-250000,-1250000,0,0,0
351056,01a0b1c2-b010-7000-8000-000000000003,01a0bf0f-9150-7093-94cd-6272941f015e,ACTIVE,-2500000,250000,0,0,0,0
351058,01a0b1c2-b010-7000-8000-000000000003,01a0bf0f-82ab-7769-983f-45fca21fae0a,ACTIVE,0,-250000,2500000,0,0,0
351058,01a0b1c2-b010-7000-8000-000000000003,01a0bf0f-878c-766d-8e01-d6e11e6ed23b,ACTIVE,2500000,250000,0,0,0,0
351058,01a0b1c2-b010-7000-8000-000000000003,01a0bf0f-8c6e-75e9-93bb-936cf39e95cf,ACTIVE,-2165064,-250000,-1250000,0,0,0
351058,01a0b1c2-b010-7000-8000-000000000003,01a0bf0f-9150-7093-94cd-6272941f015e,ACTIVE,-2500000,250000,0,0,0,0
351060,01a0b1c2-b010-7000-8000-000000000003,01a0bf0f-82ab-7769-983f-45fca21fae0a,ACTIVE,0,-250000,2500000,0,0,0
351060,01a0b1c2-b010-7000-8000-000000000003,01a0bf0f-878c-766d-8e01-d6e11e6ed23b,ACTIVE,2500000,250000,0,0,0,0
351060,01a0b1c2-b010-7000-8000-000000000003,01a0bf0f-8c6e-75e9-93bb-936cf39e95cf,ACTIVE,-2165064,-250000,-1250000,0,0,0
351060,01a0b1c2-b010-7000-8000-000000000003,01a0bf0f-9150-7093-94cd-6272941f015e,ACTIVE,-2500000,250000,0,0,0,0
351062,01a0b1c2-b010-7000-8000-000000000003,01a0bf0f-82ab-7769-983f-45fca21fae0a,ACTIVE,0,-250000,2500000,0,0,0
351062,01a0b1c2-b010-7000-8000-000000000003,01a0bf0f-878c-766d-8e01-d6e11e6ed23b,ACTIVE,2500000,250000,0,0,0,0
351062,01a0b1c2-b010-7000-8000-000000000003,01a0bf0f-8c6e-75e9-93bb-936cf39e95cf,ACTIVE,-2165064,-250000,-1250000,0,0,0
351062,01a0b1c2-b010-7000-8000-000000000003,01a0bf0f-9150-7093-94cd-6272941f015e,ACTIVE,-2500000,250000,0,0,0,0
351064,01a0b1c2-b010-7000-8000-000000000003,01a0bf0f-82ab-7769-983f-45fca21fae0a,ACTIVE,0,-250000,2500000,0,0,0
351064,01a0b1c2-b010-7000-8000-000000000003,01a0bf0f-878c-766d-8e01-d6e11e6ed23b,ACTIVE,2500000,250000,0,0,0,0
351064,01a0b1c2-b010-7000-8000-000000000003,01a0bf0f-8c6e-75e9-93bb-936cf39e95cf,ACTIVE,-2165064,-250000,-1250000,0,0,0
351064,01a0b1c2-b010-7000-8000-000000000003,01a0bf0f-9150-7093-94cd-6272941f015e,ACTIVE,-2500000,250000,0,0,0,0
351066,01a0b1c2-b010-7000-8000-000000000003,01a0bf0f-82ab-7769-983f-45fca21fae0a,ACTIVE,0,-250000,2500000,0,0,0
351066,01a0b1c2-b010-7000-8000-000000000003,01a0bf0f-878c-766d-8e01-d6e11e6ed23b,ACTIVE,2500000,250000,0,0,0,0
351066,01a0b1c2-b010-7000-8000-000000000003,01a0bf0f-8c6e-75e9-93bb-936cf39e95cf,ACTIVE,-2165064,-250000,-1250000,0,0,0
351066,01a0b1c2-b010-7000-8000-000000000003,01a0bf0f-9150-7093-94cd-6272941f015e,ACTIVE,-2500000,250000,0,0,0,0
351068,01a0b1c2-b010-7000-8000-000000000003,01a0bf0f-82ab-7769-983f-45fca21fae0a,ACTIVE,0,-250000,2500000,0,0,0
351068,01a0b1c2-b010-7000-8000-000000000003,01a0bf0f-878c-766d-8e01-d6e11e6ed23b,ACTIVE,2500000,250000,0,0,0,0
351068,01a0b1c2-b010-7000-8000-000000000003,01a0bf0f-8c6e-75e9-93bb-936cf39e95cf,ACTIVE,-2165064,-250000,-1250000,0,0,0
351068,01a0b1c2-b010-7000-8000-000000000003,01a0bf0f-9150-7093-94cd-6272941f015e,ACTIVE,-2500000,250000,0,0,0,0
351070,01a0b1c2-b010-7000-8000-000000000003,01a0bf0f-82ab-7769-983f-45fca21fae0a,ACTIVE,0,-250000,2500000,0,0,0
351070,01a0b1c2-b010-7000-8000-000000000003,01a0bf0f-878c-766d-8e01-d6e11e6ed23b,ACTIVE,2500000,250000,0,0,0,0
351070,01a0b1c2-b010-7000-8000-000000000003,01a0bf0f-8c6e-75e9-93bb-936cf39e95cf,ACTIVE,-2165064,-250000,-1250000,0,0,0
351070,01a0b1c2-b010-7000-8000-000000000003,01a0bf0f-9150-7093-94cd-6272941f015e,ACTIVE,-2500000,250000,0,0,0,0
351072,01a0b1c2-b010-7000-8000-000000000003,01a0bf0f-82ab-7769-983f-45fca21fae0a,ACTIVE,0,-250000,2500000,0,0,0
351072,01a0b1c2-b010-7000-8000-000000000003,01a0bf0f-878c-766d-8e01-d6e11e6ed23b,ACTIVE,2500000,250000,0,0,0,0
351072,01a0b1c2-b010-7000-8000-000000000003,01a0bf0f-8c6e-75e9-93bb-936cf39e95cf,ACTIVE,-2165064,-250000,-1250000,0,0,0
351072,01a0b1c2-b010-7000-8000-000000000003,01a0bf0f-9150-7093-94cd-6272941f015e,ACTIVE,-2500000,250000,0,0,0,0
351074,01a0b1c2-b010-7000-8000-000000000003,01a0bf0f-82ab-7769-983f-45fca21fae0a,ACTIVE,0,-250000,2500000,0,0,0
351074,01a0b1c2-b010-7000-8000-000000000003,01a0bf0f-878c-766d-8e01-d6e11e6ed23b,ACTIVE,2500000,250000,0,0,0,0
351074,01a0b1c2-b010-7000-8000-000000000003,01a0bf0f-8c6e-75e9-93bb-936cf39e95cf,ACTIVE,-2165064,-250000,-1250000,0,0,0
351074,01a0b1c2-b010-7000-8000-000000000003,01a0bf0f-9150-7093-94cd-6272941f015e,ACTIVE,-2500000,250000,0,0,0,0
351076,01a0b1c2-b010-7000-8000-000000000003,01a0bf0f-82ab-7769-983f-45fca21fae0a,ACTIVE,0,-250000,2500000,0,0,0
351076,01a0b1c2-b010-7000-8000-000000000003,01a0bf0f-878c-766d-8e01-d6e11e6ed23b,ACTIVE,2500000,250000,0,0,0,0
351076,01a0b1c2-b010-7000-8000-000000000003,01a0bf0f-8c6e-75e9-93bb-936cf39e95cf,ACTIVE,-2165064,-250000,-1250000,0,0,0
351076,01a0b1c2-b010-7000-8000-000000000003,01a0bf0f-9150-7093-94cd-6272941f015e,ACTIVE,-2500000,250000,0,0,0,0
351078,01a0b1c2-b010-7000-8000-000000000003,01a0bf0f-82ab-7769-983f-45fca21fae0a,ACTIVE,0,-250000,2500000,0,0,0
351078,01a0b1c2-b010-7000-8000-000000000003,01a0bf0f-878c-766d-8e01-d6e11e6ed23b,ACTIVE,2500000,250000,0,0,0,0
351078,01a0b1c2-b010-7000-8000-000000000003,01a0bf0f-8c6e-75e9-93bb-936cf39e95cf,ACTIVE,-2165064,-250000,-1250000,0,0,0
351078,01a0b1c2-b010-7000-8000-000000000003,01a0bf0f-9150-7093-94cd-6272941f015e,ACTIVE,-2500000,250000,0,0,0,0
351080,01a0b1c2-b010-7000-8000-000000000003,01a0bf0f-82ab-7769-983f-45fca21fae0a,ACTIVE,0,-250000,2500000,0,0,0
351080,01a0b1c2-b010-7000-8000-000000000003,01a0bf0f-878c-766d-8e01-d6e11e6ed23b,ACTIVE,2500000,250000,0,0,0,0
351080,01a0b1c2-b010-7000-8000-000000000003,01a0bf0f-8c6e-75e9-93bb-936cf39e95cf,ACTIVE,-2165064,-250000,-1250000,0,0,0
351080,01a0b1c2-b010-7000-8000-000000000003,01a0bf0f-9150-7093-94cd-6272941f015e,ACTIVE,-2500000,250000,0,0,0,0
351082,01a0b1c2-b010-7000-8000-000000000003,01a0bf0f-82ab-7769-983f-45fca21fae0a,ACTIVE,0,-250000,2500000,0,0,0
351082,01a0b1c2-b010-7000-8000-000000000003,01a0bf0f-878c-766d-8e01-d6e11e6ed23b,ACTIVE,2500000,250000,0,0,0,0
351082,01a0b1c2-b010-7000-8000-000000000003,01a0bf0f-8c6e-75e9-93bb-936cf39e95cf,ACTIVE,-2165064,-250000,-1250000,0,0,0
351082,01a0b1c2-b010-7000-8000-000000000003,01a0bf0f-9150-7093-94cd-6272941f015e,ACTIVE,-2500000,250000,0,0,0,0
351084,01a0b1c2-b010-7000-8000-000000000003,01a0bf0f-82ab-7769-983f-45fca21fae0a,ACTIVE,0,-250000,2500000,0,0,0
351084,01a0b1c2-b010-7000-8000-000000000003,01a0bf0f-878c-766d-8e01-d6e11e6ed23b,ACTIVE,2500000,250000,0,0,0,0
351084,01a0b1c2-b010-7000-8000-000000000003,01a0bf0f-8c6e-75e9-93bb-936cf39e95cf,ACTIVE,-2165064,-250000,-1250000,0,0,0
351084,01a0b1c2-b010-7000-8000-000000000003,01a0bf0f-9150-7093-94cd-6272941f015e,ACTIVE,-2500000,250000,0,0,0,0
351086,01a0b1c2-b010-7000-8000-000000000003,01a0bf0f-82ab-7769-983f-45fca21fae0a,ACTIVE,0,-250000,2500000,0,0,0
351086,01a0b1c2-b010-7000-8000-000000000003,01a0bf0f-878c-766d-8e01-d6e11e6ed23b,ACTIVE,2500000,250000,0,0,0,0
351086,01a0b1c2-b010-7000-8000-000000000003,01a0bf0f-8c6e-75e9-93bb-936cf39e95cf,ACTIVE,-2165064,-250000,-1250000,0,0,0
351086,01a0b1c2-b010-7000-8000-000000000003,01a0bf0f-9150-7093-94cd-6272941f015e,ACTIVE,-2500000,250000,0,0,0,0
351088,01a0b1c2-b010-7000-8000-000000000003,01a0bf0f-82ab-7769-983f-45fca21fae0a,ACTIVE,0,-250000,2500000,0,0,0
351088,01a0b1c2-b010-7000-8000-000000000003,01a0bf0f-878c-766d-8e01-d6e11e6ed23b,ACTIVE,2500000,250000,0,0,0,0
351088,01a0b1c2-b010-7000-8000-000000000003,01a0bf0f-8c6e-75e9-93bb-936cf39e95cf,ACTIVE,-2165064,-250000,-1250000,0,0,0
351088,01a0b1c2-b010-7000-8000-000000000003,01a0bf0f-9150-7093-94cd-6272941f015e,ACTIVE,-2500000,250000,0,0,0,0
351090,01a0b1c2-b010-7000-8000-000000000003,01a0bf0f-82ab-7769-983f-45fca21fae0a,ACTIVE,0,-250000,2500000,0,0,0
351090,01a0b1c2-b010-7000-8000-000000000003,01a0bf0f-878c-766d-8e01-d6e11e6ed23b,ACTIVE,2500000,250000,0,0,0,0
351090,01a0b1c2-b010-7000-8000-000000000003,01a0bf0f-8c6e-75e9-93bb-936cf39e95cf,ACTIVE,-2165064,-250000,-1250000,0,0,0
351090,01a0b1c2-b010-7000-8000-000000000003,01a0bf0f-9150-7093-94cd-6272941f015e,ACTIVE,-2500000,250000,0,0,0,0
351092,01a0b1c2-b010-7000-8000-000000000003,01a0bf0f-82ab-7769-983f-45fca21fae0a,ACTIVE,0,-250000,2500000,0,0,0
351092,01a0b1c2-b010-7000-8000-000000000003,01a0bf0f-878c-766d-8e01-d6e11e6ed23b,ACTIVE,2500000,250000,0,0,0,0
351092,01a0b1c2-b010-7000-8000-000000000003,01a0bf0f-8c6e-75e9-93bb-936cf39e95cf,ACTIVE,-2165064,-250000,-1250000,0,0,0
351092,01a0b1c2-b010-7000-8000-000000000003,01a0bf0f-9150-7093-94cd-6272941f015e,ACTIVE,-2500000,250000,0,0,0,0
351094,01a0b1c2-b010-7000-8000-000000000003,01a0bf0f-82ab-7769-983f-45fca21fae0a,ACTIVE,0,-250000,2500000,0,0,0
351094,01a0b1c2-b010-7000-8000-000000000003,01a0bf0f-878c-766d-8e01-d6e11e6ed23b,ACTIVE,2500000,250000,0,0,0,0
351094,01a0b1c2-b010-7000-8000-000000000003,01a0bf0f-8c6e-75e9-93bb-936cf39e95cf,ACTIVE,-2165064,-250000,-1250000,0,0,0
351094,01a0b1c2-b010-7000-8000-000000000003,01a0bf0f-9150-7093-94cd-6272941f015e,ACTIVE,-2500000,250000,0,0,0,0
351096,01a0b1c2-b010-7000-8000-000000000003,01a0bf0f-82ab-7769-983f-45fca21fae0a,ACTIVE,0,-250000,2500000,0,0,0
351096,01a0b1c2-b010-7000-8000-000000000003,01a0bf0f-878c-766d-8e01-d6e11e6ed23b,ACTIVE,2500000,250000,0,0,0,0
351096,01a0b1c2-b010-7000-8000-000000000003,01a0bf0f-8c6e-75e9-93bb-936cf39e95cf,ACTIVE,-2165064,-250000,-1250000,0,0,0
351096,01a0b1c2-b010-7000-8000-000000000003,01a0bf0f-9150-7093-94cd-6272941f015e,ACTIVE,-2500000,250000,0,0,0,0
351098,01a0b1c2-b010-7000-8000-000000000003,01a0bf0f-82ab-7769-983f-45fca21fae0a,ACTIVE,0,-250000,2500000,0,0,0
351098,01a0b1c2-b010-7000-8000-000000000003,01a0bf0f-878c-766d-8e01-d6e11e6ed23b,ACTIVE,2500000,250000,0,0,0,0
351098,01a0b1c2-b010-7000-8000-000000000003,01a0bf0f-8c6e-75e9-93bb-936cf39e95cf,ACTIVE,-2165064,-250000,-1250000,0,0,0
351098,01a0b1c2-b010-7000-8000-000000000003,01a0bf0f-9150-7093-94cd-6272941f015e,ACTIVE,-2500000,250000,0,0,0,0
351100,01a0b1c2-b010-7000-8000-000000000003,01a0bf0f-82ab-7769-983f-45fca21fae0a,ACTIVE,0,-250000,2500000,0,0,0
351100,01a0b1c2-b010-7000-8000-000000000003,01a0bf0f-878c-766d-8e01-d6e11e6ed23b,ACTIVE,2500000,250000,0,0,0,0
351100,01a0b1c2-b010-7000-8000-000000000003,01a0bf0f-8c6e-75e9-93bb-936cf39e95cf,ACTIVE,-2165064,-250000,-1250000,0,0,0
351100,01a0b1c2-b010-7000-8000-000000000003,01a0bf0f-9150-7093-94cd-6272941f015e,ACTIVE,-2500000,250000,0,0,0,0
351102,01a0b1c2-b010-7000-8000-000000000003,01a0bf0f-82ab-7769-983f-45fca21fae0a,ACTIVE,0,-250000,2500000,0,0,0
351102,01a0b1c2-b010-7000-8000-000000000003,01a0bf0f-878c-766d-8e01-d6e11e6ed23b,ACTIVE,2500000,250000,0,0,0,0
351102,01a0b1c2-b010-7000-8000-000000000003,01a0bf0f-8c6e-75e9-93bb-936cf39e95cf,ACTIVE,-2165064,-250000,-1250000,0,0,0
351102,01a0b1c2-b010-7000-8000-000000000003,01a0bf0f-9150-7093-94cd-6272941f015e,ACTIVE,-2500000,250000,0,0,0,0
351104,01a0b1c2-b010-7000-8000-000000000003,01a0bf0f-82ab-7769-983f-45fca21fae0a,ACTIVE,0,-250000,2500000,0,0,0
351104,01a0b1c2-b010-7000-8000-000000000003,01a0bf0f-878c-766d-8e01-d6e11e6ed23b,ACTIVE,2500000,250000,0,0,0,0
351104,01a0b1c2-b010-7000-8000-000000000003,01a0bf0f-8c6e-75e9-93bb-936cf39e95cf,ACTIVE,-2165064,-250000,-1250000,0,0,0
351104,01a0b1c2-b010-7000-8000-000000000003,01a0bf0f-9150-7093-94cd-6272941f015e,ACTIVE,-2500000,250000,0,0,0,0
351106,01a0b1c2-b010-7000-8000-000000000003,01a0bf0f-82ab-7769-983f-45fca21fae0a,ACTIVE,0,-250000,2500000,0,0,0
351106,01a0b1c2-b010-7000-8000-000000000003,01a0bf0f-878c-766d-8e01-d6e11e6ed23b,ACTIVE,2500000,250000,0,0,0,0
351106,01a0b1c2-b010-7000-8000-000000000003,01a0bf0f-8c6e-75e9-93bb-936cf39e95cf,ACTIVE,-2165064,-250000,-1250000,0,0,0
351106,01a0b1c2-b010-7000-8000-000000000003,01a0bf0f-9150-7093-94cd-6272941f015e,ACTIVE,-2500000,250000,0,0,0,0
351108,01a0b1c2-b010-7000-8000-000000000003,01a0bf0f-82ab-7769-983f-45fca21fae0a,ACTIVE,0,-250000,2500000,0,0,0
351108,01a0b1c2-b010-7000-8000-000000000003,01a0bf0f-878c-766d-8e01-d6e11e6ed23b,ACTIVE,2500000,250000,0,0,0,0
351108,01a0b1c2-b010-7000-8000-000000000003,01a0bf0f-8c6e-75e9-93bb-936cf39e95cf,ACTIVE,-2165064,-250000,-1250000,0,0,0
351108,01a0b1c2-b010-7000-8000-000000000003,01a0bf0f-9150-7093-94cd-6272941f015e,ACTIVE,-2500000,250000,0,0,0,0
351110,01a0b1c2-b010-7000-8000-000000000003,01a0bf0f-82ab-7769-983f-45fca21fae0a,ACTIVE,0,-250000,2500000,0,0,0
351110,01a0b1c2-b010-7000-8000-000000000003,01a0bf0f-878c-766d-8e01-d6e11e6ed23b,ACTIVE,2500000,250000,0,0,0,0
351110,01a0b1c2-b010-7000-8000-000000000003,01a0bf0f-8c6e-75e9-93bb-936cf39e95cf,ACTIVE,-2165064,-250000,-1250000,0,0,0
351110,01a0b1c2-b010-7000-8000-000000000003,01a0bf0f-9150-7093-94cd-6272941f015e,ACTIVE,-2500000,250000,0,0,0,0
351112,01a0b1c2-b010-7000-8000-000000000003,01a0bf0f-82ab-7769-983f-45fca21fae0a,ACTIVE,0,-250000,2500000,0,0,0
351112,01a0b1c2-b010-7000-8000-000000000003,01a0bf0f-878c-766d-8e01-d6e11e6ed23b,ACTIVE,2500000,250000,0,0,0,0
351112,01a0b1c2-b010-7000-8000-000000000003,01a0bf0f-8c6e-75e9-93bb-936cf39e95cf,ACTIVE,-2165064,-250000,-1250000,0,0,0
351112,01a0b1c2-b010-7000-8000-000000000003,01a0bf0f-9150-7093-94cd-6272941f015e,ACTIVE,-2500000,250000,0,0,0,0
351114,01a0b1c2-b010-7000-8000-000000000003,01a0bf0f-82ab-7769-983f-45fca21fae0a,ACTIVE,0,-250000,2500000,0,0,0
351114,01a0b1c2-b010-7000-8000-000000000003,01a0bf0f-878c-766d-8e01-d6e11e6ed23b,ACTIVE,2500000,250000,0,0,0,0
351114,01a0b1c2-b010-7000-8000-000000000003,01a0bf0f-8c6e-75e9-93bb-936cf39e95cf,ACTIVE,-2165064,-250000,-1250000,0,0,0
351114,01a0b1c2-b010-7000-8000-000000000003,01a0bf0f-9150-7093-94cd-6272941f015e,ACTIVE,-2500000,250000,0,0,0,0
351116,01a0b1c2-b010-7000-8000-000000000003,01a0bf0f-82ab-7769-983f-45fca21fae0a,ACTIVE,0,-250000,2500000,0,0,0
351116,01a0b1c2-b010-7000-8000-000000000003,01a0bf0f-878c-766d-8e01-d6e11e6ed23b,ACTIVE,2500000,250000,0,0,0,0
351116,01a0b1c2-b010-7000-8000-000000000003,01a0bf0f-8c6e-75e9-93bb-936cf39e95cf,ACTIVE,-2165064,-250000,-1250000,0,0,0
351116,01a0b1c2-b010-7000-8000-000000000003,01a0bf0f-9150-7093-94cd-6272941f015e,ACTIVE,-2500000,250000,0,0,0,0
351118,01a0b1c2-b010-7000-8000-000000000003,01a0bf0f-82ab-7769-983f-45fca21fae0a,ACTIVE,0,-250000,2500000,0,0,0
351118,01a0b1c2-b010-7000-8000-000000000003,01a0bf0f-878c-766d-8e01-d6e11e6ed23b,ACTIVE,2500000,250000,0,0,0,0
351118,01a0b1c2-b010-7000-8000-000000000003,01a0bf0f-8c6e-75e9-93bb-936cf39e95cf,ACTIVE,-2165064,-250000,-1250000,0,0,0
351118,01a0b1c2-b010-7000-8000-000000000003,01a0bf0f-9150-7093-94cd-6272941f015e,ACTIVE,-2500000,250000,0,0,0,0
351120,01a0b1c2-b010-7000-8000-000000000003,01a0bf0f-82ab-7769-983f-45fca21fae0a,ACTIVE,0,-250000,2500000,0,0,0
351120,01a0b1c2-b010-7000-8000-000000000003,01a0bf0f-878c-766d-8e01-d6e11e6ed23b,ACTIVE,2500000,250000,0,0,0,0
351120,01a0b1c2-b010-7000-8000-000000000003,01a0bf0f-8c6e-75e9-93bb-936cf39e95cf,ACTIVE,-2165064,-250000,-1250000,0,0,0
351120,01a0b1c2-b010-7000-8000-000000000003,01a0bf0f-9150-7093-94cd-6272941f015e,ACTIVE,-2500000,250000,0,0,0,0
351122,01a0b1c2-b010-7000-8000-000000000003,01a0bf0f-82ab-7769-983f-45fca21fae0a,ACTIVE,0,-250000,2500000,0,0,0
351122,01a0b1c2-b010-7000-8000-000000000003,01a0bf0f-878c-766d-8e01-d6e11e6ed23b,ACTIVE,2500000,250000,0,0,0,0
351122,01a0b1c2-b010-7000-8000-000000000003,01a0bf0f-8c6e-75e9-93bb-936cf39e95cf,ACTIVE,-2165064,-250000,-1250000,0,0,0
351122,01a0b1c2-b010-7000-8000-000000000003,01a0bf0f-9150-7093-94cd-6272941f015e,ACTIVE,-2500000,250000,0,0,0,0
351124,01a0b1c2-b010-7000-8000-000000000003,01a0bf0f-82ab-7769-983f-45fca21fae0a,ACTIVE,0,-250000,2500000,0,0,0
351124,01a0b1c2-b010-7000-8000-000000000003,01a0bf0f-878c-766d-8e01-d6e11e6ed23b,ACTIVE,2500000,250000,0,0,0,0
351124,01a0b1c2-b010-7000-8000-000000000003,01a0bf0f-8c6e-75e9-93bb-936cf39e95cf,ACTIVE,-2165064,-250000,-1250000,0,0,0
351124,01a0b1c2-b010-7000-8000-000000000003,01a0bf0f-9150-7093-94cd-6272941f015e,ACTIVE,-2500000,250000,0,0,0,0
351126,01a0b1c2-b010-7000-8000-000000000003,01a0bf0f-82ab-7769-983f-45fca21fae0a,ACTIVE,0,-250000,2500000,0,0,0
351126,01a0b1c2-b010-7000-8000-000000000003,01a0bf0f-878c-766d-8e01-d6e11e6ed23b,ACTIVE,2500000,250000,0,0,0,0
351126,01a0b1c2-b010-7000-8000-000000000003,01a0bf0f-8c6e-75e9-93bb-936cf39e95cf,ACTIVE,-2165064,-250000,-1250000,0,0,0
351126,01a0b1c2-b010-7000-8000-000000000003,01a0bf0f-9150-7093-94cd-6272941f015e,ACTIVE,-2500000,250000,0,0,0,0
351128,01a0b1c2-b010-7000-8000-000000000003,01a0bf0f-82ab-7769-983f-45fca21fae0a,ACTIVE,0,-250000,2500000,0,0,0
351128,01a0b1c2-b010-7000-8000-000000000003,01a0bf0f-878c-766d-8e01-d6e11e6ed23b,ACTIVE,2500000,250000,0,0,0,0
351128,01a0b1c2-b010-7000-8000-000000000003,01a0bf0f-8c6e-75e9-93bb-936cf39e95cf,ACTIVE,-2165064,-250000,-1250000,0,0,0
351128,01a0b1c2-b010-7000-8000-000000000003,01a0bf0f-9150-7093-94cd-6272941f015e,ACTIVE,-2500000,250000,0,0,0,0
351130,01a0b1c2-b010-7000-8000-000000000003,01a0bf0f-82ab-7769-983f-45fca21fae0a,ACTIVE,0,-250000,2500000,0,0,0
351130,01a0b1c2-b010-7000-8000-000000000003,01a0bf0f-878c-766d-8e01-d6e11e6ed23b,ACTIVE,2500000,250000,0,0,0,0
351130,01a0b1c2-b010-7000-8000-000000000003,01a0bf0f-8c6e-75e9-93bb-936cf39e95cf,ACTIVE,-2165064,-250000,-1250000,0,0,0
351130,01a0b1c2-b010-7000-8000-000000000003,01a0bf0f-9150-7093-94cd-6272941f015e,ACTIVE,-2500000,250000,0,0,0,0
351132,01a0b1c2-b010-7000-8000-000000000003,01a0bf0f-82ab-7769-983f-45fca21fae0a,ACTIVE,0,-250000,2500000,0,0,0
351132,01a0b1c2-b010-7000-8000-000000000003,01a0bf0f-878c-766d-8e01-d6e11e6ed23b,ACTIVE,2500000,250000,0,0,0,0
351132,01a0b1c2-b010-7000-8000-000000000003,01a0bf0f-8c6e-75e9-93bb-936cf39e95cf,ACTIVE,-2165064,-250000,-1250000,0,0,0
351132,01a0b1c2-b010-7000-8000-000000000003,01a0bf0f-9150-7093-94cd-6272941f015e,ACTIVE,-2500000,250000,0,0,0,0
351134,01a0b1c2-b010-7000-8000-000000000003,01a0bf0f-82ab-7769-983f-45fca21fae0a,ACTIVE,0,-250000,2500000,0,0,0
351134,01a0b1c2-b010-7000-8000-000000000003,01a0bf0f-878c-766d-8e01-d6e11e6ed23b,ACTIVE,2500000,250000,0,0,0,0
351134,01a0b1c2-b010-7000-8000-000000000003,01a0bf0f-8c6e-75e9-93bb-936cf39e95cf,ACTIVE,-2165064,-250000,-1250000,0,0,0
351134,01a0b1c2-b010-7000-8000-000000000003,01a0bf0f-9150-7093-94cd-6272941f015e,ACTIVE,-2500000,250000,0,0,0,0
351136,01a0b1c2-b010-7000-8000-000000000003,01a0bf0f-82ab-7769-983f-45fca21fae0a,ACTIVE,0,-250000,2500000,0,0,0
351136,01a0b1c2-b010-7000-8000-000000000003,01a0bf0f-878c-766d-8e01-d6e11e6ed23b,ACTIVE,2500000,250000,0,0,0,0
351136,01a0b1c2-b010-7000-8000-000000000003,01a0bf0f-8c6e-75e9-93bb-936cf39e95cf,ACTIVE,-2165064,-250000,-1250000,0,0,0
351136,01a0b1c2-b010-7000-8000-000000000003,01a0bf0f-9150-7093-94cd-6272941f015e,ACTIVE,-2500000,250000,0,0,0,0
351138,01a0b1c2-b010-7000-8000-000000000003,01a0bf0f-82ab-7769-983f-45fca21fae0a,ACTIVE,0,-250000,2500000,0,0,0
351138,01a0b1c2-b010-7000-8000-000000000003,01a0bf0f-878c-766d-8e01-d6e11e6ed23b,ACTIVE,2500000,250000,0,0,0,0
351138,01a0b1c2-b010-7000-8000-000000000003,01a0bf0f-8c6e-75e9-93bb-936cf39e95cf,ACTIVE,-2165064,-250000,-1250000,0,0,0
351138,01a0b1c2-b010-7000-8000-000000000003,01a0bf0f-9150-7093-94cd-6272941f015e,ACTIVE,-2500000,250000,0,0,0,0
351140,01a0b1c2-b010-7000-8000-000000000003,01a0bf0f-82ab-7769-983f-45fca21fae0a,ACTIVE,0,-250000,2500000,0,0,0
351140,01a0b1c2-b010-7000-8000-000000000003,01a0bf0f-878c-766d-8e01-d6e11e6ed23b,ACTIVE,2500000,250000,0,0,0,0
351140,01a0b1c2-b010-7000-8000-000000000003,01a0bf0f-8c6e-75e9-93bb-936cf39e95cf,ACTIVE,-2165064,-250000,-1250000,0,0,0
351140,01a0b1c2-b010-7000-8000-000000000003,01a0bf0f-9150-7093-94cd-6272941f015e,ACTIVE,-2500000,250000,0,0,0,0
351142,01a0b1c2-b010-7000-8000-000000000003,01a0bf0f-82ab-7769-983f-45fca21fae0a,ACTIVE,0,-250000,2500000,0,0,0
351142,01a0b1c2-b010-7000-8000-000000000003,01a0bf0f-878c-766d-8e01-d6e11e6ed23b,ACTIVE,2500000,250000,0,0,0,0
351142,01a0b1c2-b010-7000-8000-000000000003,01a0bf0f-8c6e-75e9-93bb-936cf39e95cf,ACTIVE,-2165064,-250000,-1250000,0,0,0
351142,01a0b1c2-b010-7000-8000-000000000003,01a0bf0f-9150-7093-94cd-6272941f015e,ACTIVE,-2500000,250000,0,0,0,0
351144,01a0b1c2-b010-7000-8000-000000000003,01a0bf0f-82ab-7769-983f-45fca21fae0a,ACTIVE,0,-250000,2500000,0,0,0
351144,01a0b1c2-b010-7000-8000-000000000003,01a0bf0f-878c-766d-8e01-d6e11e6ed23b,ACTIVE,2500000,250000,0,0,0,0
351144,01a0b1c2-b010-7000-8000-000000000003,01a0bf0f-8c6e-75e9-93bb-936cf39e95cf,ACTIVE,-2165064,-250000,-1250000,0,0,0
351144,01a0b1c2-b010-7000-8000-000000000003,01a0bf0f-9150-7093-94cd-6272941f015e,ACTIVE,-2500000,250000,0,0,0,0
351146,01a0b1c2-b010-7000-8000-000000000003,01a0bf0f-82ab-7769-983f-45fca21fae0a,ACTIVE,0,-250000,2500000,0,0,0
351146,01a0b1c2-b010-7000-8000-000000000003,01a0bf0f-878c-766d-8e01-d6e11e6ed23b,ACTIVE,2500000,250000,0,0,0,0
351146,01a0b1c2-b010-7000-8000-000000000003,01a0bf0f-8c6e-75e9-93bb-936cf39e95cf,ACTIVE,-2165064,-250000,-1250000,0,0,0
351146,01a0b1c2-b010-7000-8000-000000000003,01a0bf0f-9150-7093-94cd-6272941f015e,ACTIVE,-2500000,250000,0,0,0,0
351148,01a0b1c2-b010-7000-8000-000000000003,01a0bf0f-82ab-7769-983f-45fca21fae0a,ACTIVE,0,-250000,2500000,0,0,0
351148,01a0b1c2-b010-7000-8000-000000000003,01a0bf0f-878c-766d-8e01-d6e11e6ed23b,ACTIVE,2500000,250000,0,0,0,0
351148,01a0b1c2-b010-7000-8000-000000000003,01a0bf0f-8c6e-75e9-93bb-936cf39e95cf,ACTIVE,-2165064,-250000,-1250000,0,0,0
351148,01a0b1c2-b010-7000-8000-000000000003,01a0bf0f-9150-7093-94cd-6272941f015e,ACTIVE,-2500000,250000,0,0,0,0
351150,01a0b1c2-b010-7000-8000-000000000003,01a0bf0f-82ab-7769-983f-45fca21fae0a,ACTIVE,0,-250000,2500000,0,0,0
351150,01a0b1c2-b010-7000-8000-000000000003,01a0bf0f-878c-766d-8e01-d6e11e6ed23b,ACTIVE,2500000,250000,0,0,0,0
351150,01a0b1c2-b010-7000-8000-000000000003,01a0bf0f-8c6e-75e9-93bb-936cf39e95cf,ACTIVE,-2165064,-250000,-1250000,0,0,0
351150,01a0b1c2-b010-7000-8000-000000000003,01a0bf0f-9150-7093-94cd-6272941f015e,ACTIVE,-2500000,250000,0,0,0,0
351152,01a0b1c2-b010-7000-8000-000000000003,01a0bf0f-82ab-7769-983f-45fca21fae0a,ACTIVE,0,-250000,2500000,0,0,0
351152,01a0b1c2-b010-7000-8000-000000000003,01a0bf0f-878c-766d-8e01-d6e11e6ed23b,ACTIVE,2500000,250000,0,0,0,0
351152,01a0b1c2-b010-7000-8000-000000000003,01a0bf0f-8c6e-75e9-93bb-936cf39e95cf,ACTIVE,-2165064,-250000,-1250000,0,0,0
351152,01a0b1c2-b010-7000-8000-000000000003,01a0bf0f-9150-7093-94cd-6272941f015e,ACTIVE,-2500000,250000,0,0,0,0
351154,01a0b1c2-b010-7000-8000-000000000003,01a0bf0f-82ab-7769-983f-45fca21fae0a,ACTIVE,0,-250000,2500000,0,0,0
351154,01a0b1c2-b010-7000-8000-000000000003,01a0bf0f-878c-766d-8e01-d6e11e6ed23b,ACTIVE,2500000,250000,0,0,0,0
351154,01a0b1c2-b010-7000-8000-000000000003,01a0bf0f-8c6e-75e9-93bb-936cf39e95cf,ACTIVE,-2165064,-250000,-1250000,0,0,0
351154,01a0b1c2-b010-7000-8000-000000000003,01a0bf0f-9150-7093-94cd-6272941f015e,ACTIVE,-2500000,250000,0,0,0,0
351156,01a0b1c2-b010-7000-8000-000000000003,01a0bf0f-82ab-7769-983f-45fca21fae0a,ACTIVE,0,-250000,2500000,0,0,0
351156,01a0b1c2-b010-7000-8000-000000000003,01a0bf0f-878c-766d-8e01-d6e11e6ed23b,ACTIVE,2500000,250000,0,0,0,0
351156,01a0b1c2-b010-7000-8000-000000000003,01a0bf0f-8c6e-75e9-93bb-936cf39e95cf,ACTIVE,-2165064,-250000,-1250000,0,0,0
351156,01a0b1c2-b010-7000-8000-000000000003,01a0bf0f-9150-7093-94cd-6272941f015e,ACTIVE,-2500000,250000,0,0,0,0
351158,01a0b1c2-b010-7000-8000-000000000003,01a0bf0f-82ab-7769-983f-45fca21fae0a,ACTIVE,0,-250000,2500000,0,0,0
351158,01a0b1c2-b010-7000-8000-000000000003,01a0bf0f-878c-766d-8e01-d6e11e6ed23b,ACTIVE,2500000,250000,0,0,0,0
351158,01a0b1c2-b010-7000-8000-000000000003,01a0bf0f-8c6e-75e9-93bb-936cf39e95cf,ACTIVE,-2165064,-250000,-1250000,0,0,0
351158,01a0b1c2-b010-7000-8000-000000000003,01a0bf0f-9150-7093-94cd-6272941f015e,ACTIVE,-2500000,250000,0,0,0,0
351160,01a0b1c2-b010-7000-8000-000000000003,01a0bf0f-82ab-7769-983f-45fca21fae0a,ACTIVE,0,-250000,2500000,0,0,0
351160,01a0b1c2-b010-7000-8000-000000000003,01a0bf0f-878c-766d-8e01-d6e11e6ed23b,ACTIVE,2500000,250000,0,0,0,0
351160,01a0b1c2-b010-7000-8000-000000000003,01a0bf0f-8c6e-75e9-93bb-936cf39e95cf,ACTIVE,-2165064,-250000,-1250000,0,0,0
351160,01a0b1c2-b010-7000-8000-000000000003,01a0bf0f-9150-7093-94cd-6272941f015e,ACTIVE,-2500000,250000,0,0,0,0
351162,01a0b1c2-b010-7000-8000-000000000003,01a0bf0f-82ab-7769-983f-45fca21fae0a,ACTIVE,0,-250000,2500000,0,0,0
351162,01a0b1c2-b010-7000-8000-000000000003,01a0bf0f-878c-766d-8e01-d6e11e6ed23b,ACTIVE,2500000,250000,0,0,0,0
351162,01a0b1c2-b010-7000-8000-000000000003,01a0bf0f-8c6e-75e9-93bb-936cf39e95cf,ACTIVE,-2165064,-250000,-1250000,0,0,0
351162,01a0b1c2-b010-7000-8000-000000000003,01a0bf0f-9150-7093-94cd-6272941f015e,ACTIVE,-2500000,250000,0,0,0,0
351164,01a0b1c2-b010-7000-8000-000000000003,01a0bf0f-82ab-7769-983f-45fca21fae0a,ACTIVE,0,-250000,2500000,0,0,0
351164,01a0b1c2-b010-7000-8000-000000000003,01a0bf0f-878c-766d-8e01-d6e11e6ed23b,ACTIVE,2500000,250000,0,0,0,0
351164,01a0b1c2-b010-7000-8000-000000000003,01a0bf0f-8c6e-75e9-93bb-936cf39e95cf,ACTIVE,-2165064,-250000,-1250000,0,0,0
351164,01a0b1c2-b010-7000-8000-000000000003,01a0bf0f-9150-7093-94cd-6272941f015e,ACTIVE,-2500000,250000,0,0,0,0
351166,01a0b1c2-b010-7000-8000-000000000003,01a0bf0f-82ab-7769-983f-45fca21fae0a,ACTIVE,0,-250000,2500000,0,0,0
351166,01a0b1c2-b010-7000-8000-000000000003,01a0bf0f-878c-766d-8e01-d6e11e6ed23b,ACTIVE,2500000,250000,0,0,0,0
351166,01a0b1c2-b010-7000-8000-000000000003,01a0bf0f-8c6e-75e9-93bb-936cf39e95cf,ACTIVE,-2165064,-250000,-1250000,0,0,0
351166,01a0b1c2-b010-7000-8000-000000000003,01a0bf0f-9150-7093-94cd-6272941f015e,ACTIVE,-2500000,250000,0,0,0,0
351168,01a0b1c2-b010-7000-8000-000000000003,01a0bf0f-82ab-7769-983f-45fca21fae0a,ACTIVE,0,-250000,2500000,0,0,0
351168,01a0b1c2-b010-7000-8000-000000000003,01a0bf0f-878c-766d-8e01-d6e11e6ed23b,ACTIVE,2500000,250000,0,0,0,0
351168,01a0b1c2-b010-7000-8000-000000000003,01a0bf0f-8c6e-75e9-93bb-936cf39e95cf,ACTIVE,-2165064,-250000,-1250000,0,0,0
351168,01a0b1c2-b010-7000-8000-000000000003,01a0bf0f-9150-7093-94cd-6272941f015e,ACTIVE,-2500000,250000,0,0,0,0
351170,01a0b1c2-b010-7000-8000-000000000003,01a0bf0f-82ab-7769-983f-45fca21fae0a,ACTIVE,0,-250000,2500000,0,0,0
351170,01a0b1c2-b010-7000-8000-000000000003,01a0bf0f-878c-766d-8e01-d6e11e6ed23b,ACTIVE,2500000,250000,0,0,0,0
351170,01a0b1c2-b010-7000-8000-000000000003,01a0bf0f-8c6e-75e9-93bb-936cf39e95cf,ACTIVE,-2165064,-250000,-1250000,0,0,0
351170,01a0b1c2-b010-7000-8000-000000000003,01a0bf0f-9150-7093-94cd-6272941f015e,ACTIVE,-2500000,250000,0,0,0,0
351172,01a0b1c2-b010-7000-8000-000000000003,01a0bf0f-82ab-7769-983f-45fca21fae0a,ACTIVE,0,-250000,2500000,0,0,0
351172,01a0b1c2-b010-7000-8000-000000000003,01a0bf0f-878c-766d-8e01-d6e11e6ed23b,ACTIVE,2500000,250000,0,0,0,0
351172,01a0b1c2-b010-7000-8000-000000000003,01a0bf0f-8c6e-75e9-93bb-936cf39e95cf,ACTIVE,-2165064,-250000,-1250000,0,0,0
351172,01a0b1c2-b010-7000-8000-000000000003,01a0bf0f-9150-7093-94cd-6272941f015e,ACTIVE,-2500000,250000,0,0,0,0
351174,01a0b1c2-b010-7000-8000-000000000003,01a0bf0f-82ab-7769-983f-45fca21fae0a,ACTIVE,0,-250000,2500000,0,0,0
351174,01a0b1c2-b010-7000-8000-000000000003,01a0bf0f-878c-766d-8e01-d6e11e6ed23b,ACTIVE,2500000,250000,0,0,0,0
351174,01a0b1c2-b010-7000-8000-000000000003,01a0bf0f-8c6e-75e9-93bb-936cf39e95cf,ACTIVE,-2165064,-250000,-1250000,0,0,0
351174,01a0b1c2-b010-7000-8000-000000000003,01a0bf0f-9150-7093-94cd-6272941f015e,ACTIVE,-2500000,250000,0,0,0,0
351176,01a0b1c2-b010-7000-8000-000000000003,01a0bf0f-82ab-7769-983f-45fca21fae0a,ACTIVE,0,-250000,2500000,0,0,0
351176,01a0b1c2-b010-7000-8000-000000000003,01a0bf0f-878c-766d-8e01-d6e11e6ed23b,ACTIVE,2500000,250000,0,0,0,0
351176,01a0b1c2-b010-7000-8000-000000000003,01a0bf0f-8c6e-75e9-93bb-936cf39e95cf,ACTIVE,-2165064,-250000,-1250000,0,0,0
351176,01a0b1c2-b010-7000-8000-000000000003,01a0bf0f-9150-7093-94cd-6272941f015e,ACTIVE,-2500000,250000,0,0,0,0
351178,01a0b1c2-b010-7000-8000-000000000003,01a0bf0f-82ab-7769-983f-45fca21fae0a,ACTIVE,0,-250000,2500000,0,0,0
351178,01a0b1c2-b010-7000-8000-000000000003,01a0bf0f-878c-766d-8e01-d6e11e6ed23b,ACTIVE,2500000,250000,0,0,0,0
351178,01a0b1c2-b010-7000-8000-000000000003,01a0bf0f-8c6e-75e9-93bb-936cf39e95cf,ACTIVE,-2165064,-250000,-1250000,0,0,0
351178,01a0b1c2-b010-7000-8000-000000000003,01a0bf0f-9150-7093-94cd-6272941f015e,ACTIVE,-2500000,250000,0,0,0,0
351180,01a0b1c2-b010-7000-8000-000000000003,01a0bf0f-82ab-7769-983f-45fca21fae0a,ACTIVE,0,-250000,2500000,0,0,0
351180,01a0b1c2-b010-7000-8000-000000000003,01a0bf0f-878c-766d-8e01-d6e11e6ed23b,ACTIVE,2500000,250000,0,0,0,0
351180,01a0b1c2-b010-7000-8000-000000000003,01a0bf0f-8c6e-75e9-93bb-936cf39e95cf,ACTIVE,-2165064,-250000,-1250000,0,0,0
351180,01a0b1c2-b010-7000-8000-000000000003,01a0bf0f-9150-7093-94cd-6272941f015e,ACTIVE,-2500000,250000,0,0,0,0
351182,01a0b1c2-b010-7000-8000-000000000003,01a0bf0f-82ab-7769-983f-45fca21fae0a,ACTIVE,0,-250000,2500000,0,0,0
351182,01a0b1c2-b010-7000-8000-000000000003,01a0bf0f-878c-766d-8e01-d6e11e6ed23b,ACTIVE,2500000,250000,0,0,0,0
351182,01a0b1c2-b010-7000-8000-000000000003,01a0bf0f-8c6e-75e9-93bb-936cf39e95cf,ACTIVE,-2165064,-250000,-1250000,0,0,0
351182,01a0b1c2-b010-7000-8000-000000000003,01a0bf0f-9150-7093-94cd-6272941f015e,ACTIVE,-2500000,250000,0,0,0,0
351184,01a0b1c2-b010-7000-8000-000000000003,01a0bf0f-82ab-7769-983f-45fca21fae0a,ACTIVE,0,-250000,2500000,0,0,0
351184,01a0b1c2-b010-7000-8000-000000000003,01a0bf0f-878c-766d-8e01-d6e11e6ed23b,ACTIVE,2500000,250000,0,0,0,0
351184,01a0b1c2-b010-7000-8000-000000000003,01a0bf0f-8c6e-75e9-93bb-936cf39e95cf,ACTIVE,-2165064,-250000,-1250000,0,0,0
351184,01a0b1c2-b010-7000-8000-000000000003,01a0bf0f-9150-7093-94cd-6272941f015e,ACTIVE,-2500000,250000,0,0,0,0
351186,01a0b1c2-b010-7000-8000-000000000003,01a0bf0f-82ab-7769-983f-45fca21fae0a,ACTIVE,0,-250000,2500000,0,0,0
351186,01a0b1c2-b010-7000-8000-000000000003,01a0bf0f-878c-766d-8e01-d6e11e6ed23b,ACTIVE,2500000,250000,0,0,0,0
351186,01a0b1c2-b010-7000-8000-000000000003,01a0bf0f-8c6e-75e9-93bb-936cf39e95cf,ACTIVE,-2165064,-250000,-1250000,0,0,0
351186,01a0b1c2-b010-7000-8000-000000000003,01a0bf0f-9150-7093-94cd-6272941f015e,ACTIVE,-2500000,250000,0,0,0,0
351188,01a0b1c2-b010-7000-8000-000000000003,01a0bf0f-82ab-7769-983f-45fca21fae0a,ACTIVE,0,-250000,2500000,0,0,0
351188,01a0b1c2-b010-7000-8000-000000000003,01a0bf0f-878c-766d-8e01-d6e11e6ed23b,ACTIVE,2500000,250000,0,0,0,0
351188,01a0b1c2-b010-7000-8000-000000000003,01a0bf0f-8c6e-75e9-93bb-936cf39e95cf,ACTIVE,-2165064,-250000,-1250000,0,0,0
351188,01a0b1c2-b010-7000-8000-000000000003,01a0bf0f-9150-7093-94cd-6272941f015e,ACTIVE,-2500000,250000,0,0,0,0
351190,01a0b1c2-b010-7000-8000-000000000003,01a0bf0f-82ab-7769-983f-45fca21fae0a,ACTIVE,0,-250000,2500000,0,0,0
351190,01a0b1c2-b010-7000-8000-000000000003,01a0bf0f-878c-766d-8e01-d6e11e6ed23b,ACTIVE,2500000,250000,0,0,0,0
351190,01a0b1c2-b010-7000-8000-000000000003,01a0bf0f-8c6e-75e9-93bb-936cf39e95cf,ACTIVE,-2165064,-250000,-1250000,0,0,0
351190,01a0b1c2-b010-7000-8000-000000000003,01a0bf0f-9150-7093-94cd-6272941f015e,ACTIVE,-2500000,250000,0,0,0,0
351192,01a0b1c2-b010-7000-8000-000000000003,01a0bf0f-82ab-7769-983f-45fca21fae0a,ACTIVE,0,-250000,2500000,0,0,0
351192,01a0b1c2-b010-7000-8000-000000000003,01a0bf0f-878c-766d-8e01-d6e11e6ed23b,ACTIVE,2500000,250000,0,0,0,0
351192,01a0b1c2-b010-7000-8000-000000000003,01a0bf0f-8c6e-75e9-93bb-936cf39e95cf,ACTIVE,-2165064,-250000,-1250000,0,0,0
351192,01a0b1c2-b010-7000-8000-000000000003,01a0bf0f-9150-7093-94cd-6272941f015e,ACTIVE,-2500000,250000,0,0,0,0
351194,01a0b1c2-b010-7000-8000-000000000003,01a0bf0f-82ab-7769-983f-45fca21fae0a,ACTIVE,0,-250000,2500000,0,0,0
351194,01a0b1c2-b010-7000-8000-000000000003,01a0bf0f-878c-766d-8e01-d6e11e6ed23b,ACTIVE,2500000,250000,0,0,0,0
351194,01a0b1c2-b010-7000-8000-000000000003,01a0bf0f-8c6e-75e9-93bb-936cf39e95cf,ACTIVE,-2165064,-250000,-1250000,0,0,0
351194,01a0b1c2-b010-7000-8000-000000000003,01a0bf0f-9150-7093-94cd-6272941f015e,ACTIVE,-2500000,250000,0,0,0,0
351196,01a0b1c2-b010-7000-8000-000000000003,01a0bf0f-82ab-7769-983f-45fca21fae0a,ACTIVE,0,-250000,2500000,0,0,0
351196,01a0b1c2-b010-7000-8000-000000000003,01a0bf0f-878c-766d-8e01-d6e11e6ed23b,ACTIVE,2500000,250000,0,0,0,0
351196,01a0b1c2-b010-7000-8000-000000000003,01a0bf0f-8c6e-75e9-93bb-936cf39e95cf,ACTIVE,-2165064,-250000,-1250000,0,0,0
351196,01a0b1c2-b010-7000-8000-000000000003,01a0bf0f-9150-7093-94cd-6272941f015e,ACTIVE,-2500000,250000,0,0,0,0
351198,01a0b1c2-b010-7000-8000-000000000003,01a0bf0f-82ab-7769-983f-45fca21fae0a,ACTIVE,0,-250000,2500000,0,0,0
351198,01a0b1c2-b010-7000-8000-000000000003,01a0bf0f-878c-766d-8e01-d6e11e6ed23b,ACTIVE,2500000,250000,0,0,0,0
351198,01a0b1c2-b010-7000-8000-000000000003,01a0bf0f-8c6e-75e9-93bb-936cf39e95cf,ACTIVE,-2165064,-250000,-1250000,0,0,0
351198,01a0b1c2-b010-7000-8000-000000000003,01a0bf0f-9150-7093-94cd-6272941f015e,ACTIVE,-2500000,250000,0,0,0,0
351200,01a0b1c2-b010-7000-8000-000000000003,01a0bf0f-82ab-7769-983f-45fca21fae0a,ACTIVE,0,-250000,2500000,0,0,0
351200,01a0b1c2-b010-7000-8000-000000000003,01a0bf0f-878c-766d-8e01-d6e11e6ed23b,ACTIVE,2500000,250000,0,0,0,0
351200,01a0b1c2-b010-7000-8000-000000000003,01a0bf0f-8c6e-75e9-93bb-936cf39e95cf,ACTIVE,-2165064,-250000,-1250000,0,0,0
351200,01a0b1c2-b010-7000-8000-000000000003,01a0bf0f-9150-7093-94cd-6272941f015e,ACTIVE,-2500000,250000,0,0,0,0
351202,01a0b1c2-b010-7000-8000-000000000003,01a0bf0f-82ab-7769-983f-45fca21fae0a,ACTIVE,0,-250000,2500000,0,0,0
351202,01a0b1c2-b010-7000-8000-000000000003,01a0bf0f-878c-766d-8e01-d6e11e6ed23b,ACTIVE,2500000,250000,0,0,0,0
351202,01a0b1c2-b010-7000-8000-000000000003,01a0bf0f-8c6e-75e9-93bb-936cf39e95cf,ACTIVE,-2165064,-250000,-1250000,0,0,0
351202,01a0b1c2-b010-7000-8000-000000000003,01a0bf0f-9150-7093-94cd-6272941f015e,ACTIVE,-2500000,250000,0,0,0,0
351204,01a0b1c2-b010-7000-8000-000000000003,01a0bf0f-82ab-7769-983f-45fca21fae0a,ACTIVE,0,-250000,2500000,0,0,0
351204,01a0b1c2-b010-7000-8000-000000000003,01a0bf0f-878c-766d-8e01-d6e11e6ed23b,ACTIVE,2500000,250000,0,0,0,0
351204,01a0b1c2-b010-7000-8000-000000000003,01a0bf0f-8c6e-75e9-93bb-936cf39e95cf,ACTIVE,-2165064,-250000,-1250000,0,0,0
351204,01a0b1c2-b010-7000-8000-000000000003,01a0bf0f-9150-7093-94cd-6272941f015e,ACTIVE,-2500000,250000,0,0,0,0
351206,01a0b1c2-b010-7000-8000-000000000003,01a0bf0f-82ab-7769-983f-45fca21fae0a,ACTIVE,0,-250000,2500000,0,0,0
351206,01a0b1c2-b010-7000-8000-000000000003,01a0bf0f-878c-766d-8e01-d6e11e6ed23b,ACTIVE,2500000,250000,0,0,0,0
351206,01a0b1c2-b010-7000-8000-000000000003,01a0bf0f-8c6e-75e9-93bb-936cf39e95cf,ACTIVE,-2165064,-250000,-1250000,0,0,0
351206,01a0b1c2-b010-7000-8000-000000000003,01a0bf0f-9150-7093-94cd-6272941f015e,ACTIVE,-2500000,250000,0,0,0,0
351208,01a0b1c2-b010-7000-8000-000000000003,01a0bf0f-82ab-7769-983f-45fca21fae0a,ACTIVE,0,-250000,2500000,0,0,0
351208,01a0b1c2-b010-7000-8000-000000000003,01a0bf0f-878c-766d-8e01-d6e11e6ed23b,ACTIVE,2500000,250000,0,0,0,0
351208,01a0b1c2-b010-7000-8000-000000000003,01a0bf0f-8c6e-75e9-93bb-936cf39e95cf,ACTIVE,-2165064,-250000,-1250000,0,0,0
351208,01a0b1c2-b010-7000-8000-000000000003,01a0bf0f-9150-7093-94cd-6272941f015e,ACTIVE,-2500000,250000,0,0,0,0
351210,01a0b1c2-b010-7000-8000-000000000003,01a0bf0f-82ab-7769-983f-45fca21fae0a,ACTIVE,0,-250000,2500000,0,0,0
351210,01a0b1c2-b010-7000-8000-000000000003,01a0bf0f-878c-766d-8e01-d6e11e6ed23b,ACTIVE,2500000,250000,0,0,0,0
351210,01a0b1c2-b010-7000-8000-000000000003,01a0bf0f-8c6e-75e9-93bb-936cf39e95cf,ACTIVE,-2165064,-250000,-1250000,0,0,0
351210,01a0b1c2-b010-7000-8000-000000000003,01a0bf0f-9150-7093-94cd-6272941f015e,ACTIVE,-2500000,250000,0,0,0,0
351212,01a0b1c2-b010-7000-8000-000000000003,01a0bf0f-82ab-7769-983f-45fca21fae0a,ACTIVE,0,-250000,2500000,0,0,0
351212,01a0b1c2-b010-7000-8000-000000000003,01a0bf0f-878c-766d-8e01-d6e11e6ed23b,ACTIVE,2500000,250000,0,0,0,0
351212,01a0b1c2-b010-7000-8000-000000000003,01a0bf0f-8c6e-75e9-93bb-936cf39e95cf,ACTIVE,-2165064,-250000,-1250000,0,0,0
351212,01a0b1c2-b010-7000-8000-000000000003,01a0bf0f-9150-7093-94cd-6272941f015e,ACTIVE,-2500000,250000,0,0,0,0
351214,01a0b1c2-b010-7000-8000-000000000003,01a0bf0f-82ab-7769-983f-45fca21fae0a,ACTIVE,0,-250000,2500000,0,0,0
351214,01a0b1c2-b010-7000-8000-000000000003,01a0bf0f-878c-766d-8e01-d6e11e6ed23b,ACTIVE,2500000,250000,0,0,0,0
351214,01a0b1c2-b010-7000-8000-000000000003,01a0bf0f-8c6e-75e9-93bb-936cf39e95cf,ACTIVE,-2165064,-250000,-1250000,0,0,0
351214,01a0b1c2-b010-7000-8000-000000000003,01a0bf0f-9150-7093-94cd-6272941f015e,ACTIVE,-2500000,250000,0,0,0,0
351216,01a0b1c2-b010-7000-8000-000000000003,01a0bf0f-82ab-7769-983f-45fca21fae0a,ACTIVE,0,-250000,2500000,0,0,0
351216,01a0b1c2-b010-7000-8000-000000000003,01a0bf0f-878c-766d-8e01-d6e11e6ed23b,ACTIVE,2500000,250000,0,0,0,0
351216,01a0b1c2-b010-7000-8000-000000000003,01a0bf0f-8c6e-75e9-93bb-936cf39e95cf,ACTIVE,-2165064,-250000,-1250000,0,0,0
351216,01a0b1c2-b010-7000-8000-000000000003,01a0bf0f-9150-7093-94cd-6272941f015e,ACTIVE,-2500000,250000,0,0,0,0
351218,01a0b1c2-b010-7000-8000-000000000003,01a0bf0f-82ab-7769-983f-45fca21fae0a,ACTIVE,0,-250000,2500000,0,0,0
351218,01a0b1c2-b010-7000-8000-000000000003,01a0bf0f-878c-766d-8e01-d6e11e6ed23b,ACTIVE,2500000,250000,0,0,0,0
351218,01a0b1c2-b010-7000-8000-000000000003,01a0bf0f-8c6e-75e9-93bb-936cf39e95cf,ACTIVE,-2165064,-250000,-1250000,0,0,0
351218,01a0b1c2-b010-7000-8000-000000000003,01a0bf0f-9150-7093-94cd-6272941f015e,ACTIVE,-2500000,250000,0,0,0,0
351220,01a0b1c2-b010-7000-8000-000000000003,01a0bf0f-82ab-7769-983f-45fca21fae0a,ACTIVE,0,-250000,2500000,0,0,0
351220,01a0b1c2-b010-7000-8000-000000000003,01a0bf0f-878c-766d-8e01-d6e11e6ed23b,ACTIVE,2500000,250000,0,0,0,0
351220,01a0b1c2-b010-7000-8000-000000000003,01a0bf0f-8c6e-75e9-93bb-936cf39e95cf,ACTIVE,-2165064,-250000,-1250000,0,0,0
351220,01a0b1c2-b010-7000-8000-000000000003,01a0bf0f-9150-7093-94cd-6272941f015e,ACTIVE,-2500000,250000,0,0,0,0
351222,01a0b1c2-b010-7000-8000-000000000003,01a0bf0f-82ab-7769-983f-45fca21fae0a,ACTIVE,0,-250000,2500000,0,0,0
351222,01a0b1c2-b010-7000-8000-000000000003,01a0bf0f-878c-766d-8e01-d6e11e6ed23b,ACTIVE,2500000,250000,0,0,0,0
351222,01a0b1c2-b010-7000-8000-000000000003,01a0bf0f-8c6e-75e9-93bb-936cf39e95cf,ACTIVE,-2165064,-250000,-1250000,0,0,0
351222,01a0b1c2-b010-7000-8000-000000000003,01a0bf0f-9150-7093-94cd-6272941f015e,ACTIVE,-2500000,250000,0,0,0,0
351224,01a0b1c2-b010-7000-8000-000000000003,01a0bf0f-82ab-7769-983f-45fca21fae0a,ACTIVE,0,-250000,2500000,0,0,0
351224,01a0b1c2-b010-7000-8000-000000000003,01a0bf0f-878c-766d-8e01-d6e11e6ed23b,ACTIVE,2500000,250000,0,0,0,0
351224,01a0b1c2-b010-7000-8000-000000000003,01a0bf0f-8c6e-75e9-93bb-936cf39e95cf,ACTIVE,-2165064,-250000,-1250000,0,0,0
351224,01a0b1c2-b010-7000-8000-000000000003,01a0bf0f-9150-7093-94cd-6272941f015e,ACTIVE,-2500000,250000,0,0,0,0
351226,01a0b1c2-b010-7000-8000-000000000003,01a0bf0f-82ab-7769-983f-45fca21fae0a,ACTIVE,0,-250000,2500000,0,0,0
351226,01a0b1c2-b010-7000-8000-000000000003,01a0bf0f-878c-766d-8e01-d6e11e6ed23b,ACTIVE,2500000,250000,0,0,0,0
351226,01a0b1c2-b010-7000-8000-000000000003,01a0bf0f-8c6e-75e9-93bb-936cf39e95cf,ACTIVE,-2165064,-250000,-1250000,0,0,0
351226,01a0b1c2-b010-7000-8000-000000000003,01a0bf0f-9150-7093-94cd-6272941f015e,ACTIVE,-2500000,250000,0,0,0,0
351228,01a0b1c2-b010-7000-8000-000000000003,01a0bf0f-82ab-7769-983f-45fca21fae0a,ACTIVE,0,-250000,2500000,0,0,0
351228,01a0b1c2-b010-7000-8000-000000000003,01a0bf0f-878c-766d-8e01-d6e11e6ed23b,ACTIVE,2500000,250000,0,0,0,0
351228,01a0b1c2-b010-7000-8000-000000000003,01a0bf0f-8c6e-75e9-93bb-936cf39e95cf,ACTIVE,-2165064,-250000,-1250000,0,0,0
351228,01a0b1c2-b010-7000-8000-000000000003,01a0bf0f-9150-7093-94cd-6272941f015e,ACTIVE,-2500000,250000,0,0,0,0
351230,01a0b1c2-b010-7000-8000-000000000003,01a0bf0f-82ab-7769-983f-45fca21fae0a,ACTIVE,0,-250000,2500000,0,0,0
351230,01a0b1c2-b010-7000-8000-000000000003,01a0bf0f-878c-766d-8e01-d6e11e6ed23b,ACTIVE,2500000,250000,0,0,0,0
351230,01a0b1c2-b010-7000-8000-000000000003,01a0bf0f-8c6e-75e9-93bb-936cf39e95cf,ACTIVE,-2165064,-250000,-1250000,0,0,0
351230,01a0b1c2-b010-7000-8000-000000000003,01a0bf0f-9150-7093-94cd-6272941f015e,ACTIVE,-2500000,250000,0,0,0,0
351232,01a0b1c2-b010-7000-8000-000000000003,01a0bf0f-82ab-7769-983f-45fca21fae0a,ACTIVE,0,-250000,2500000,0,0,0
351232,01a0b1c2-b010-7000-8000-000000000003,01a0bf0f-878c-766d-8e01-d6e11e6ed23b,ACTIVE,2500000,250000,0,0,0,0
351232,01a0b1c2-b010-7000-8000-000000000003,01a0bf0f-8c6e-75e9-93bb-936cf39e95cf,ACTIVE,-2165064,-250000,-1250000,0,0,0
351232,01a0b1c2-b010-7000-8000-000000000003,01a0bf0f-9150-7093-94cd-6272941f015e,ACTIVE,-2500000,250000,0,0,0,0
351234,01a0b1c2-b010-7000-8000-000000000003,01a0bf0f-82ab-7769-983f-45fca21fae0a,ACTIVE,0,-250000,2500000,0,0,0
351234,01a0b1c2-b010-7000-8000-000000000003,01a0bf0f-878c-766d-8e01-d6e11e6ed23b,ACTIVE,2500000,250000,0,0,0,0
351234,01a0b1c2-b010-7000-8000-000000000003,01a0bf0f-8c6e-75e9-93bb-936cf39e95cf,ACTIVE,-2165064,-250000,-1250000,0,0,0
351234,01a0b1c2-b010-7000-8000-000000000003,01a0bf0f-9150-7093-94cd-6272941f015e,ACTIVE,-2500000,250000,0,0,0,0
351236,01a0b1c2-b010-7000-8000-000000000003,01a0bf0f-82ab-7769-983f-45fca21fae0a,ACTIVE,0,-250000,2500000,0,0,0
351236,01a0b1c2-b010-7000-8000-000000000003,01a0bf0f-878c-766d-8e01-d6e11e6ed23b,ACTIVE,2500000,250000,0,0,0,0
351236,01a0b1c2-b010-7000-8000-000000000003,01a0bf0f-8c6e-75e9-93bb-936cf39e95cf,ACTIVE,-2165064,-250000,-1250000,0,0,0
351236,01a0b1c2-b010-7000-8000-000000000003,01a0bf0f-9150-7093-94cd-6272941f015e,ACTIVE,-2500000,250000,0,0,0,0
351238,01a0b1c2-b010-7000-8000-000000000003,01a0bf0f-82ab-7769-983f-45fca21fae0a,ACTIVE,0,-250000,2500000,0,0,0
351238,01a0b1c2-b010-7000-8000-000000000003,01a0bf0f-878c-766d-8e01-d6e11e6ed23b,ACTIVE,2500000,250000,0,0,0,0
351238,01a0b1c2-b010-7000-8000-000000000003,01a0bf0f-8c6e-75e9-93bb-936cf39e95cf,ACTIVE,-2165064,-250000,-1250000,0,0,0
351238,01a0b1c2-b010-7000-8000-000000000003,01a0bf0f-9150-7093-94cd-6272941f015e,ACTIVE,-2500000,250000,0,0,0,0
351240,01a0b1c2-b010-7000-8000-000000000003,01a0bf0f-82ab-7769-983f-45fca21fae0a,ACTIVE,0,-250000,2500000,0,0,0
351240,01a0b1c2-b010-7000-8000-000000000003,01a0bf0f-878c-766d-8e01-d6e11e6ed23b,ACTIVE,2500000,250000,0,0,0,0
351240,01a0b1c2-b010-7000-8000-000000000003,01a0bf0f-8c6e-75e9-93bb-936cf39e95cf,ACTIVE,-2165064,-250000,-1250000,0,0,0
351240,01a0b1c2-b010-7000-8000-000000000003,01a0bf0f-9150-7093-94cd-6272941f015e,ACTIVE,-2500000,250000,0,0,0,0
351242,01a0b1c2-b010-7000-8000-000000000003,01a0bf0f-82ab-7769-983f-45fca21fae0a,ACTIVE,0,-250000,2500000,0,0,0
351242,01a0b1c2-b010-7000-8000-000000000003,01a0bf0f-878c-766d-8e01-d6e11e6ed23b,ACTIVE,2500000,250000,0,0,0,0
351242,01a0b1c2-b010-7000-8000-000000000003,01a0bf0f-8c6e-75e9-93bb-936cf39e95cf,ACTIVE,-2165064,-250000,-1250000,0,0,0
351242,01a0b1c2-b010-7000-8000-000000000003,01a0bf0f-9150-7093-94cd-6272941f015e,ACTIVE,-2500000,250000,0,0,0,0
351244,01a0b1c2-b010-7000-8000-000000000003,01a0bf0f-82ab-7769-983f-45fca21fae0a,ACTIVE,0,-250000,2500000,0,0,0
351244,01a0b1c2-b010-7000-8000-000000000003,01a0bf0f-878c-766d-8e01-d6e11e6ed23b,ACTIVE,2500000,250000,0,0,0,0
351244,01a0b1c2-b010-7000-8000-000000000003,01a0bf0f-8c6e-75e9-93bb-936cf39e95cf,ACTIVE,-2165064,-250000,-1250000,0,0,0
351244,01a0b1c2-b010-7000-8000-000000000003,01a0bf0f-9150-7093-94cd-6272941f015e,ACTIVE,-2500000,250000,0,0,0,0
351246,01a0b1c2-b010-7000-8000-000000000003,01a0bf0f-82ab-7769-983f-45fca21fae0a,ACTIVE,0,-250000,2500000,0,0,0
351246,01a0b1c2-b010-7000-8000-000000000003,01a0bf0f-878c-766d-8e01-d6e11e6ed23b,ACTIVE,2500000,250000,0,0,0,0
351246,01a0b1c2-b010-7000-8000-000000000003,01a0bf0f-8c6e-75e9-93bb-936cf39e95cf,ACTIVE,-2165064,-250000,-1250000,0,0,0
351246,01a0b1c2-b010-7000-8000-000000000003,01a0bf0f-9150-7093-94cd-6272941f015e,ACTIVE,-2500000,250000,0,0,0,0
351248,01a0b1c2-b010-7000-8000-000000000003,01a0bf0f-82ab-7769-983f-45fca21fae0a,ACTIVE,0,-250000,2500000,0,0,0
351248,01a0b1c2-b010-7000-8000-000000000003,01a0bf0f-878c-766d-8e01-d6e11e6ed23b,ACTIVE,2500000,250000,0,0,0,0
351248,01a0b1c2-b010-7000-8000-000000000003,01a0bf0f-8c6e-75e9-93bb-936cf39e95cf,ACTIVE,-2165064,-250000,-1250000,0,0,0
351248,01a0b1c2-b010-7000-8000-000000000003,01a0bf0f-9150-7093-94cd-6272941f015e,ACTIVE,-2500000,250000,0,0,0,0
351250,01a0b1c2-b010-7000-8000-000000000003,01a0bf0f-82ab-7769-983f-45fca21fae0a,ACTIVE,0,-250000,2500000,0,0,0
351250,01a0b1c2-b010-7000-8000-000000000003,01a0bf0f-878c-766d-8e01-d6e11e6ed23b,ACTIVE,2500000,250000,0,0,0,0
351250,01a0b1c2-b010-7000-8000-000000000003,01a0bf0f-8c6e-75e9-93bb-936cf39e95cf,ACTIVE,-2165064,-250000,-1250000,0,0,0
351250,01a0b1c2-b010-7000-8000-000000000003,01a0bf0f-9150-7093-94cd-6272941f015e,ACTIVE,-2500000,250000,0,0,0,0
351252,01a0b1c2-b010-7000-8000-000000000003,01a0bf0f-82ab-7769-983f-45fca21fae0a,ACTIVE,0,-250000,2500000,0,0,0
351252,01a0b1c2-b010-7000-8000-000000000003,01a0bf0f-878c-766d-8e01-d6e11e6ed23b,ACTIVE,2500000,250000,0,0,0,0
351252,01a0b1c2-b010-7000-8000-000000000003,01a0bf0f-8c6e-75e9-93bb-936cf39e95cf,ACTIVE,-2165064,-250000,-1250000,0,0,0
351252,01a0b1c2-b010-7000-8000-000000000003,01a0bf0f-9150-7093-94cd-6272941f015e,ACTIVE,-2500000,250000,0,0,0,0
351254,01a0b1c2-b010-7000-8000-000000000003,01a0bf0f-82ab-7769-983f-45fca21fae0a,ACTIVE,0,-250000,2500000,0,0,0
351254,01a0b1c2-b010-7000-8000-000000000003,01a0bf0f-878c-766d-8e01-d6e11e6ed23b,ACTIVE,2500000,250000,0,0,0,0
351254,01a0b1c2-b010-7000-8000-000000000003,01a0bf0f-8c6e-75e9-93bb-936cf39e95cf,ACTIVE,-2165064,-250000,-1250000,0,0,0
351254,01a0b1c2-b010-7000-8000-000000000003,01a0bf0f-9150-7093-94cd-6272941f015e,ACTIVE,-2500000,250000,0,0,0,0
351256,01a0b1c2-b010-7000-8000-000000000003,01a0bf0f-82ab-7769-983f-45fca21fae0a,ACTIVE,0,-250000,2500000,0,0,0
351256,01a0b1c2-b010-7000-8000-000000000003,01a0bf0f-878c-766d-8e01-d6e11e6ed23b,ACTIVE,2500000,250000,0,0,0,0
351256,01a0b1c2-b010-7000-8000-000000000003,01a0bf0f-8c6e-75e9-93bb-936cf39e95cf,ACTIVE,-2165064,-250000,-1250000,0,0,0
351256,01a0b1c2-b010-7000-8000-000000000003,01a0bf0f-9150-7093-94cd-6272941f015e,ACTIVE,-2500000,250000,0,0,0,0
351258,01a0b1c2-b010-7000-8000-000000000003,01a0bf0f-82ab-7769-983f-45fca21fae0a,ACTIVE,0,-250000,2500000,0,0,0
351258,01a0b1c2-b010-7000-8000-000000000003,01a0bf0f-878c-766d-8e01-d6e11e6ed23b,ACTIVE,2500000,250000,0,0,0,0
351258,01a0b1c2-b010-7000-8000-000000000003,01a0bf0f-8c6e-75e9-93bb-936cf39e95cf,ACTIVE,-2165064,-250000,-1250000,0,0,0
351258,01a0b1c2-b010-7000-8000-000000000003,01a0bf0f-9150-7093-94cd-6272941f015e,ACTIVE,-2500000,250000,0,0,0,0
351260,01a0b1c2-b010-7000-8000-000000000003,01a0bf0f-82ab-7769-983f-45fca21fae0a,ACTIVE,0,-250000,2500000,0,0,0
351260,01a0b1c2-b010-7000-8000-000000000003,01a0bf0f-878c-766d-8e01-d6e11e6ed23b,ACTIVE,2500000,250000,0,0,0,0
351260,01a0b1c2-b010-7000-8000-000000000003,01a0bf0f-8c6e-75e9-93bb-936cf39e95cf,ACTIVE,-2165064,-250000,-1250000,0,0,0
351260,01a0b1c2-b010-7000-8000-000000000003,01a0bf0f-9150-7093-94cd-6272941f015e,ACTIVE,-2500000,250000,0,0,0,0
351262,01a0b1c2-b010-7000-8000-000000000003,01a0bf0f-82ab-7769-983f-45fca21fae0a,ACTIVE,0,-250000,2500000,0,0,0
351262,01a0b1c2-b010-7000-8000-000000000003,01a0bf0f-878c-766d-8e01-d6e11e6ed23b,ACTIVE,2500000,250000,0,0,0,0
351262,01a0b1c2-b010-7000-8000-000000000003,01a0bf0f-8c6e-75e9-93bb-936cf39e95cf,ACTIVE,-2165064,-250000,-1250000,0,0,0
351262,01a0b1c2-b010-7000-8000-000000000003,01a0bf0f-9150-7093-94cd-6272941f015e,ACTIVE,-2500000,250000,0,0,0,0
351264,01a0b1c2-b010-7000-8000-000000000003,01a0bf0f-82ab-7769-983f-45fca21fae0a,ACTIVE,0,-250000,2500000,0,0,0
351264,01a0b1c2-b010-7000-8000-000000000003,01a0bf0f-878c-766d-8e01-d6e11e6ed23b,ACTIVE,2500000,250000,0,0,0,0
351264,01a0b1c2-b010-7000-8000-000000000003,01a0bf0f-8c6e-75e9-93bb-936cf39e95cf,ACTIVE,-2165064,-250000,-1250000,0,0,0
351264,01a0b1c2-b010-7000-8000-000000000003,01a0bf0f-9150-7093-94cd-6272941f015e,ACTIVE,-2500000,250000,0,0,0,0
351266,01a0b1c2-b010-7000-8000-000000000003,01a0bf0f-82ab-7769-983f-45fca21fae0a,ACTIVE,0,-250000,2500000,0,0,0
351266,01a0b1c2-b010-7000-8000-000000000003,01a0bf0f-878c-766d-8e01-d6e11e6ed23b,ACTIVE,2500000,250000,0,0,0,0
351266,01a0b1c2-b010-7000-8000-000000000003,01a0bf0f-8c6e-75e9-93bb-936cf39e95cf,ACTIVE,-2165064,-250000,-1250000,0,0,0
351266,01a0b1c2-b010-7000-8000-000000000003,01a0bf0f-9150-7093-94cd-6272941f015e,ACTIVE,-2500000,250000,0,0,0,0
351268,01a0b1c2-b010-7000-8000-000000000003,01a0bf0f-82ab-7769-983f-45fca21fae0a,ACTIVE,0,-250000,2500000,0,0,0
351268,01a0b1c2-b010-7000-8000-000000000003,01a0bf0f-878c-766d-8e01-d6e11e6ed23b,ACTIVE,2500000,250000,0,0,0,0
351268,01a0b1c2-b010-7000-8000-000000000003,01a0bf0f-8c6e-75e9-93bb-936cf39e95cf,ACTIVE,-2165064,-250000,-1250000,0,0,0
351268,01a0b1c2-b010-7000-8000-000000000003,01a0bf0f-9150-7093-94cd-6272941f015e,ACTIVE,-2500000,250000,0,0,0,0
351270,01a0b1c2-b010-7000-8000-000000000003,01a0bf0f-82ab-7769-983f-45fca21fae0a,ACTIVE,0,-250000,2500000,0,0,0
351270,01a0b1c2-b010-7000-8000-000000000003,01a0bf0f-878c-766d-8e01-d6e11e6ed23b,ACTIVE,2500000,250000,0,0,0,0
351270,01a0b1c2-b010-7000-8000-000000000003,01a0bf0f-8c6e-75e9-93bb-936cf39e95cf,ACTIVE,-2165064,-250000,-1250000,0,0,0
351270,01a0b1c2-b010-7000-8000-000000000003,01a0bf0f-9150-7093-94cd-6272941f015e,ACTIVE,-2500000,250000,0,0,0,0
351272,01a0b1c2-b010-7000-8000-000000000003,01a0bf0f-82ab-7769-983f-45fca21fae0a,ACTIVE,0,-250000,2500000,0,0,0
351272,01a0b1c2-b010-7000-8000-000000000003,01a0bf0f-878c-766d-8e01-d6e11e6ed23b,ACTIVE,2500000,250000,0,0,0,0
351272,01a0b1c2-b010-7000-8000-000000000003,01a0bf0f-8c6e-75e9-93bb-936cf39e95cf,ACTIVE,-2165064,-250000,-1250000,0,0,0
351272,01a0b1c2-b010-7000-8000-000000000003,01a0bf0f-9150-7093-94cd-6272941f015e,ACTIVE,-2500000,250000,0,0,0,0
351274,01a0b1c2-b010-7000-8000-000000000003,01a0bf0f-82ab-7769-983f-45fca21fae0a,ACTIVE,0,-250000,2500000,0,0,0
351274,01a0b1c2-b010-7000-8000-000000000003,01a0bf0f-878c-766d-8e01-d6e11e6ed23b,ACTIVE,2500000,250000,0,0,0,0
351274,01a0b1c2-b010-7000-8000-000000000003,01a0bf0f-8c6e-75e9-93bb-936cf39e95cf,ACTIVE,-2165064,-250000,-1250000,0,0,0
351274,01a0b1c2-b010-7000-8000-000000000003,01a0bf0f-9150-7093-94cd-6272941f015e,ACTIVE,-2500000,250000,0,0,0,0
351276,01a0b1c2-b010-7000-8000-000000000003,01a0bf0f-82ab-7769-983f-45fca21fae0a,ACTIVE,0,-250000,2500000,0,0,0
351276,01a0b1c2-b010-7000-8000-000000000003,01a0bf0f-878c-766d-8e01-d6e11e6ed23b,ACTIVE,2500000,250000,0,0,0,0
351276,01a0b1c2-b010-7000-8000-000000000003,01a0bf0f-8c6e-75e9-93bb-936cf39e95cf,ACTIVE,-2165064,-250000,-1250000,0,0,0
351276,01a0b1c2-b010-7000-8000-000000000003,01a0bf0f-9150-7093-94cd-6272941f015e,ACTIVE,-2500000,250000,0,0,0,0
351278,01a0b1c2-b010-7000-8000-000000000003,01a0bf0f-82ab-7769-983f-45fca21fae0a,ACTIVE,0,-250000,2500000,0,0,0
351278,01a0b1c2-b010-7000-8000-000000000003,01a0bf0f-878c-766d-8e01-d6e11e6ed23b,ACTIVE,2500000,250000,0,0,0,0
351278,01a0b1c2-b010-7000-8000-000000000003,01a0bf0f-8c6e-75e9-93bb-936cf39e95cf,ACTIVE,-2165064,-250000,-1250000,0,0,0
351278,01a0b1c2-b010-7000-8000-000000000003,01a0bf0f-9150-7093-94cd-6272941f015e,ACTIVE,-2500000,250000,0,0,0,0
351280,01a0b1c2-b010-7000-8000-000000000003,01a0bf0f-82ab-7769-983f-45fca21fae0a,ACTIVE,0,-250000,2500000,0,0,0
351280,01a0b1c2-b010-7000-8000-000000000003,01a0bf0f-878c-766d-8e01-d6e11e6ed23b,ACTIVE,2500000,250000,0,0,0,0
351280,01a0b1c2-b010-7000-8000-000000000003,01a0bf0f-8c6e-75e9-93bb-936cf39e95cf,ACTIVE,-2165064,-250000,-1250000,0,0,0
351280,01a0b1c2-b010-7000-8000-000000000003,01a0bf0f-9150-7093-94cd-6272941f015e,ACTIVE,-2500000,250000,0,0,0,0
351282,01a0b1c2-b010-7000-8000-000000000003,01a0bf0f-82ab-7769-983f-45fca21fae0a,ACTIVE,0,-250000,2500000,0,0,0
351282,01a0b1c2-b010-7000-8000-000000000003,01a0bf0f-878c-766d-8e01-d6e11e6ed23b,ACTIVE,2500000,250000,0,0,0,0
351282,01a0b1c2-b010-7000-8000-000000000003,01a0bf0f-8c6e-75e9-93bb-936cf39e95cf,ACTIVE,-2165064,-250000,-1250000,0,0,0
351282,01a0b1c2-b010-7000-8000-000000000003,01a0bf0f-9150-7093-94cd-6272941f015e,ACTIVE,-2500000,250000,0,0,0,0
351284,01a0b1c2-b010-7000-8000-000000000003,01a0bf0f-82ab-7769-983f-45fca21fae0a,ACTIVE,0,-250000,2500000,0,0,0
351284,01a0b1c2-b010-7000-8000-000000000003,01a0bf0f-878c-766d-8e01-d6e11e6ed23b,ACTIVE,2500000,250000,0,0,0,0
351284,01a0b1c2-b010-7000-8000-000000000003,01a0bf0f-8c6e-75e9-93bb-936cf39e95cf,ACTIVE,-2165064,-250000,-1250000,0,0,0
351284,01a0b1c2-b010-7000-8000-000000000003,01a0bf0f-9150-7093-94cd-6272941f015e,ACTIVE,-2500000,250000,0,0,0,0
351286,01a0b1c2-b010-7000-8000-000000000003,01a0bf0f-82ab-7769-983f-45fca21fae0a,ACTIVE,0,-250000,2500000,0,0,0
351286,01a0b1c2-b010-7000-8000-000000000003,01a0bf0f-878c-766d-8e01-d6e11e6ed23b,ACTIVE,2500000,250000,0,0,0,0
351286,01a0b1c2-b010-7000-8000-000000000003,01a0bf0f-8c6e-75e9-93bb-936cf39e95cf,ACTIVE,-2165064,-250000,-1250000,0,0,0
351286,01a0b1c2-b010-7000-8000-000000000003,01a0bf0f-9150-7093-94cd-6272941f015e,ACTIVE,-2500000,250000,0,0,0,0
351288,01a0b1c2-b010-7000-8000-000000000003,01a0bf0f-82ab-7769-983f-45fca21fae0a,ACTIVE,0,-250000,2500000,0,0,0
351288,01a0b1c2-b010-7000-8000-000000000003,01a0bf0f-878c-766d-8e01-d6e11e6ed23b,ACTIVE,2500000,250000,0,0,0,0
351288,01a0b1c2-b010-7000-8000-000000000003,01a0bf0f-8c6e-75e9-93bb-936cf39e95cf,ACTIVE,-2165064,-250000,-1250000,0,0,0
351288,01a0b1c2-b010-7000-8000-000000000003,01a0bf0f-9150-7093-94cd-6272941f015e,ACTIVE,-2500000,250000,0,0,0,0
351290,01a0b1c2-b010-7000-8000-000000000003,01a0bf0f-82ab-7769-983f-45fca21fae0a,ACTIVE,0,-250000,2500000,0,0,0
351290,01a0b1c2-b010-7000-8000-000000000003,01a0bf0f-878c-766d-8e01-d6e11e6ed23b,ACTIVE,2500000,250000,0,0,0,0
351290,01a0b1c2-b010-7000-8000-000000000003,01a0bf0f-8c6e-75e9-93bb-936cf39e95cf,ACTIVE,-2165064,-250000,-1250000,0,0,0
351290,01a0b1c2-b010-7000-8000-000000000003,01a0bf0f-9150-7093-94cd-6272941f015e,ACTIVE,-2500000,250000,0,0,0,0
351292,01a0b1c2-b010-7000-8000-000000000003,01a0bf0f-82ab-7769-983f-45fca21fae0a,ACTIVE,0,-250000,2500000,0,0,0
351292,01a0b1c2-b010-7000-8000-000000000003,01a0bf0f-878c-766d-8e01-d6e11e6ed23b,ACTIVE,2500000,250000,0,0,0,0
351292,01a0b1c2-b010-7000-8000-000000000003,01a0bf0f-8c6e-75e9-93bb-936cf39e95cf,ACTIVE,-2165064,-250000,-1250000,0,0,0
351292,01a0b1c2-b010-7000-8000-000000000003,01a0bf0f-9150-7093-94cd-6272941f015e,ACTIVE,-2500000,250000,0,0,0,0
351294,01a0b1c2-b010-7000-8000-000000000003,01a0bf0f-82ab-7769-983f-45fca21fae0a,ACTIVE,0,-250000,2500000,0,0,0
351294,01a0b1c2-b010-7000-8000-000000000003,01a0bf0f-878c-766d-8e01-d6e11e6ed23b,ACTIVE,2500000,250000,0,0,0,0
351294,01a0b1c2-b010-7000-8000-000000000003,01a0bf0f-8c6e-75e9-93bb-936cf39e95cf,ACTIVE,-2165064,-250000,-1250000,0,0,0
351294,01a0b1c2-b010-7000-8000-000000000003,01a0bf0f-9150-7093-94cd-6272941f015e,ACTIVE,-2500000,250000,0,0,0,0
351296,01a0b1c2-b010-7000-8000-000000000003,01a0bf0f-82ab-7769-983f-45fca21fae0a,ACTIVE,0,-250000,2500000,0,0,0
351296,01a0b1c2-b010-7000-8000-000000000003,01a0bf0f-878c-766d-8e01-d6e11e6ed23b,ACTIVE,2500000,250000,0,0,0,0
351296,01a0b1c2-b010-7000-8000-000000000003,01a0bf0f-8c6e-75e9-93bb-936cf39e95cf,ACTIVE,-2165064,-250000,-1250000,0,0,0
351296,01a0b1c2-b010-7000-8000-000000000003,01a0bf0f-9150-7093-94cd-6272941f015e,ACTIVE,-2500000,250000,0,0,0,0
351298,01a0b1c2-b010-7000-8000-000000000003,01a0bf0f-82ab-7769-983f-45fca21fae0a,ACTIVE,0,-250000,2500000,0,0,0
351298,01a0b1c2-b010-7000-8000-000000000003,01a0bf0f-878c-766d-8e01-d6e11e6ed23b,ACTIVE,2500000,250000,0,0,0,0
351298,01a0b1c2-b010-7000-8000-000000000003,01a0bf0f-8c6e-75e9-93bb-936cf39e95cf,ACTIVE,-2165064,-250000,-1250000,0,0,0
351298,01a0b1c2-b010-7000-8000-000000000003,01a0bf0f-9150-7093-94cd-6272941f015e,ACTIVE,-2500000,250000,0,0,0,0
351300,01a0b1c2-b010-7000-8000-000000000003,01a0bf0f-82ab-7769-983f-45fca21fae0a,ACTIVE,0,-250000,2500000,0,0,0
351300,01a0b1c2-b010-7000-8000-000000000003,01a0bf0f-878c-766d-8e01-d6e11e6ed23b,ACTIVE,2500000,250000,0,0,0,0
351300,01a0b1c2-b010-7000-8000-000000000003,01a0bf0f-8c6e-75e9-93bb-936cf39e95cf,ACTIVE,-2165064,-250000,-1250000,0,0,0
351300,01a0b1c2-b010-7000-8000-000000000003,01a0bf0f-9150-7093-94cd-6272941f015e,ACTIVE,-2500000,250000,0,0,0,0
351302,01a0b1c2-b010-7000-8000-000000000003,01a0bf0f-82ab-7769-983f-45fca21fae0a,ACTIVE,0,-250000,2500000,0,0,0
351302,01a0b1c2-b010-7000-8000-000000000003,01a0bf0f-878c-766d-8e01-d6e11e6ed23b,ACTIVE,2500000,250000,0,0,0,0
351302,01a0b1c2-b010-7000-8000-000000000003,01a0bf0f-8c6e-75e9-93bb-936cf39e95cf,ACTIVE,-2165064,-250000,-1250000,0,0,0
351302,01a0b1c2-b010-7000-8000-000000000003,01a0bf0f-9150-7093-94cd-6272941f015e,ACTIVE,-2500000,250000,0,0,0,0
351304,01a0b1c2-b010-7000-8000-000000000003,01a0bf0f-82ab-7769-983f-45fca21fae0a,ACTIVE,0,-250000,2500000,0,0,0
351304,01a0b1c2-b010-7000-8000-000000000003,01a0bf0f-878c-766d-8e01-d6e11e6ed23b,ACTIVE,2500000,250000,0,0,0,0
351304,01a0b1c2-b010-7000-8000-000000000003,01a0bf0f-8c6e-75e9-93bb-936cf39e95cf,ACTIVE,-2165064,-250000,-1250000,0,0,0
351304,01a0b1c2-b010-7000-8000-000000000003,01a0bf0f-9150-7093-94cd-6272941f015e,ACTIVE,-2500000,250000,0,0,0,0
351306,01a0b1c2-b010-7000-8000-000000000003,01a0bf0f-82ab-7769-983f-45fca21fae0a,ACTIVE,0,-250000,2500000,0,0,0
351306,01a0b1c2-b010-7000-8000-000000000003,01a0bf0f-878c-766d-8e01-d6e11e6ed23b,ACTIVE,2500000,250000,0,0,0,0
351306,01a0b1c2-b010-7000-8000-000000000003,01a0bf0f-8c6e-75e9-93bb-936cf39e95cf,ACTIVE,-2165064,-250000,-1250000,0,0,0
351306,01a0b1c2-b010-7000-8000-000000000003,01a0bf0f-9150-7093-94cd-6272941f015e,ACTIVE,-2500000,250000,0,0,0,0
351308,01a0b1c2-b010-7000-8000-000000000003,01a0bf0f-82ab-7769-983f-45fca21fae0a,ACTIVE,0,-250000,2500000,0,0,0
351308,01a0b1c2-b010-7000-8000-000000000003,01a0bf0f-878c-766d-8e01-d6e11e6ed23b,ACTIVE,2500000,250000,0,0,0,0
351308,01a0b1c2-b010-7000-8000-000000000003,01a0bf0f-8c6e-75e9-93bb-936cf39e95cf,ACTIVE,-2165064,-250000,-1250000,0,0,0
351308,01a0b1c2-b010-7000-8000-000000000003,01a0bf0f-9150-7093-94cd-6272941f015e,ACTIVE,-2500000,250000,0,0,0,0
351310,01a0b1c2-b010-7000-8000-000000000003,01a0bf0f-82ab-7769-983f-45fca21fae0a,ACTIVE,0,-250000,2500000,0,0,0
351310,01a0b1c2-b010-7000-8000-000000000003,01a0bf0f-878c-766d-8e01-d6e11e6ed23b,ACTIVE,2500000,250000,0,0,0,0
351310,01a0b1c2-b010-7000-8000-000000000003,01a0bf0f-8c6e-75e9-93bb-936cf39e95cf,ACTIVE,-2165064,-250000,-1250000,0,0,0
351310,01a0b1c2-b010-7000-8000-000000000003,01a0bf0f-9150-7093-94cd-6272941f015e,ACTIVE,-2500000,250000,0,0,0,0
351312,01a0b1c2-b010-7000-8000-000000000003,01a0bf0f-82ab-7769-983f-45fca21fae0a,ACTIVE,0,-250000,2500000,0,0,0
351312,01a0b1c2-b010-7000-8000-000000000003,01a0bf0f-878c-766d-8e01-d6e11e6ed23b,ACTIVE,2500000,250000,0,0,0,0
351312,01a0b1c2-b010-7000-8000-000000000003,01a0bf0f-8c6e-75e9-93bb-936cf39e95cf,ACTIVE,-2165064,-250000,-1250000,0,0,0
351312,01a0b1c2-b010-7000-8000-000000000003,01a0bf0f-9150-7093-94cd-6272941f015e,ACTIVE,-2500000,250000,0,0,0,0
351314,01a0b1c2-b010-7000-8000-000000000003,01a0bf0f-82ab-7769-983f-45fca21fae0a,ACTIVE,0,-250000,2500000,0,0,0
351314,01a0b1c2-b010-7000-8000-000000000003,01a0bf0f-878c-766d-8e01-d6e11e6ed23b,ACTIVE,2500000,250000,0,0,0,0
351314,01a0b1c2-b010-7000-8000-000000000003,01a0bf0f-8c6e-75e9-93bb-936cf39e95cf,ACTIVE,-2165064,-250000,-1250000,0,0,0
351314,01a0b1c2-b010-7000-8000-000000000003,01a0bf0f-9150-7093-94cd-6272941f015e,ACTIVE,-2500000,250000,0,0,0,0
351316,01a0b1c2-b010-7000-8000-000000000003,01a0bf0f-82ab-7769-983f-45fca21fae0a,ACTIVE,0,-250000,2500000,0,0,0
351316,01a0b1c2-b010-7000-8000-000000000003,01a0bf0f-878c-766d-8e01-d6e11e6ed23b,ACTIVE,2500000,250000,0,0,0,0
351316,01a0b1c2-b010-7000-8000-000000000003,01a0bf0f-8c6e-75e9-93bb-936cf39e95cf,ACTIVE,-2165064,-250000,-1250000,0,0,0
351316,01a0b1c2-b010-7000-8000-000000000003,01a0bf0f-9150-7093-94cd-6272941f015e,ACTIVE,-2500000,250000,0,0,0,0
351318,01a0b1c2-b010-7000-8000-000000000003,01a0bf0f-82ab-7769-983f-45fca21fae0a,ACTIVE,0,-250000,2500000,0,0,0
351318,01a0b1c2-b010-7000-8000-000000000003,01a0bf0f-878c-766d-8e01-d6e11e6ed23b,ACTIVE,2500000,250000,0,0,0,0
351318,01a0b1c2-b010-7000-8000-000000000003,01a0bf0f-8c6e-75e9-93bb-936cf39e95cf,ACTIVE,-2165064,-250000,-1250000,0,0,0
351318,01a0b1c2-b010-7000-8000-000000000003,01a0bf0f-9150-7093-94cd-6272941f015e,ACTIVE,-2500000,250000,0,0,0,0
351320,01a0b1c2-b010-7000-8000-000000000003,01a0bf0f-82ab-7769-983f-45fca21fae0a,ACTIVE,0,-250000,2500000,0,0,0
351320,01a0b1c2-b010-7000-8000-000000000003,01a0bf0f-878c-766d-8e01-d6e11e6ed23b,ACTIVE,2500000,250000,0,0,0,0
351320,01a0b1c2-b010-7000-8000-000000000003,01a0bf0f-8c6e-75e9-93bb-936cf39e95cf,ACTIVE,-2165064,-250000,-1250000,0,0,0
351320,01a0b1c2-b010-7000-8000-000000000003,01a0bf0f-9150-7093-94cd-6272941f015e,ACTIVE,-2500000,250000,0,0,0,0
351322,01a0b1c2-b010-7000-8000-000000000003,01a0bf0f-82ab-7769-983f-45fca21fae0a,ACTIVE,0,-250000,2500000,0,0,0
351322,01a0b1c2-b010-7000-8000-000000000003,01a0bf0f-878c-766d-8e01-d6e11e6ed23b,ACTIVE,2500000,250000,0,0,0,0
351322,01a0b1c2-b010-7000-8000-000000000003,01a0bf0f-8c6e-75e9-93bb-936cf39e95cf,ACTIVE,-2165064,-250000,-1250000,0,0,0
351322,01a0b1c2-b010-7000-8000-000000000003,01a0bf0f-9150-7093-94cd-6272941f015e,ACTIVE,-2500000,250000,0,0,0,0
351324,01a0b1c2-b010-7000-8000-000000000003,01a0bf0f-82ab-7769-983f-45fca21fae0a,ACTIVE,0,-250000,2500000,0,0,0
351324,01a0b1c2-b010-7000-8000-000000000003,01a0bf0f-878c-766d-8e01-d6e11e6ed23b,ACTIVE,2500000,250000,0,0,0,0
351324,01a0b1c2-b010-7000-8000-000000000003,01a0bf0f-8c6e-75e9-93bb-936cf39e95cf,ACTIVE,-2165064,-250000,-1250000,0,0,0
351324,01a0b1c2-b010-7000-8000-000000000003,01a0bf0f-9150-7093-94cd-6272941f015e,ACTIVE,-2500000,250000,0,0,0,0
351326,01a0b1c2-b010-7000-8000-000000000003,01a0bf0f-82ab-7769-983f-45fca21fae0a,ACTIVE,0,-250000,2500000,0,0,0
351326,01a0b1c2-b010-7000-8000-000000000003,01a0bf0f-878c-766d-8e01-d6e11e6ed23b,ACTIVE,2500000,250000,0,0,0,0
351326,01a0b1c2-b010-7000-8000-000000000003,01a0bf0f-8c6e-75e9-93bb-936cf39e95cf,ACTIVE,-2165064,-250000,-1250000,0,0,0
351326,01a0b1c2-b010-7000-8000-000000000003,01a0bf0f-9150-7093-94cd-6272941f015e,ACTIVE,-2500000,250000,0,0,0,0
351328,01a0b1c2-b010-7000-8000-000000000003,01a0bf0f-82ab-7769-983f-45fca21fae0a,ACTIVE,0,-250000,2500000,0,0,0
351328,01a0b1c2-b010-7000-8000-000000000003,01a0bf0f-878c-766d-8e01-d6e11e6ed23b,ACTIVE,2500000,250000,0,0,0,0
351328,01a0b1c2-b010-7000-8000-000000000003,01a0bf0f-8c6e-75e9-93bb-936cf39e95cf,ACTIVE,-2165064,-250000,-1250000,0,0,0
351328,01a0b1c2-b010-7000-8000-000000000003,01a0bf0f-9150-7093-94cd-6272941f015e,ACTIVE,-2500000,250000,0,0,0,0
351330,01a0b1c2-b010-7000-8000-000000000003,01a0bf0f-82ab-7769-983f-45fca21fae0a,ACTIVE,0,-250000,2500000,0,0,0
351330,01a0b1c2-b010-7000-8000-000000000003,01a0bf0f-878c-766d-8e01-d6e11e6ed23b,ACTIVE,2500000,250000,0,0,0,0
351330,01a0b1c2-b010-7000-8000-000000000003,01a0bf0f-8c6e-75e9-93bb-936cf39e95cf,ACTIVE,-2165064,-250000,-1250000,0,0,0
351330,01a0b1c2-b010-7000-8000-000000000003,01a0bf0f-9150-7093-94cd-6272941f015e,ACTIVE,-2500000,250000,0,0,0,0
351332,01a0b1c2-b010-7000-8000-000000000003,01a0bf0f-82ab-7769-983f-45fca21fae0a,ACTIVE,0,-250000,2500000,0,0,0
351332,01a0b1c2-b010-7000-8000-000000000003,01a0bf0f-878c-766d-8e01-d6e11e6ed23b,ACTIVE,2500000,250000,0,0,0,0
351332,01a0b1c2-b010-7000-8000-000000000003,01a0bf0f-8c6e-75e9-93bb-936cf39e95cf,ACTIVE,-2165064,-250000,-1250000,0,0,0
351332,01a0b1c2-b010-7000-8000-000000000003,01a0bf0f-9150-7093-94cd-6272941f015e,ACTIVE,-2500000,250000,0,0,0,0
351334,01a0b1c2-b010-7000-8000-000000000003,01a0bf0f-82ab-7769-983f-45fca21fae0a,ACTIVE,0,-250000,2500000,0,0,0
351334,01a0b1c2-b010-7000-8000-000000000003,01a0bf0f-878c-766d-8e01-d6e11e6ed23b,ACTIVE,2500000,250000,0,0,0,0
351334,01a0b1c2-b010-7000-8000-000000000003,01a0bf0f-8c6e-75e9-93bb-936cf39e95cf,ACTIVE,-2165064,-250000,-1250000,0,0,0
351334,01a0b1c2-b010-7000-8000-000000000003,01a0bf0f-9150-7093-94cd-6272941f015e,ACTIVE,-2500000,250000,0,0,0,0
351336,01a0b1c2-b010-7000-8000-000000000003,01a0bf0f-82ab-7769-983f-45fca21fae0a,ACTIVE,0,-250000,2500000,0,0,0
351336,01a0b1c2-b010-7000-8000-000000000003,01a0bf0f-878c-766d-8e01-d6e11e6ed23b,ACTIVE,2500000,250000,0,0,0,0
351336,01a0b1c2-b010-7000-8000-000000000003,01a0bf0f-8c6e-75e9-93bb-936cf39e95cf,ACTIVE,-2165064,-250000,-1250000,0,0,0
351336,01a0b1c2-b010-7000-8000-000000000003,01a0bf0f-9150-7093-94cd-6272941f015e,ACTIVE,-2500000,250000,0,0,0,0
351338,01a0b1c2-b010-7000-8000-000000000003,01a0bf0f-82ab-7769-983f-45fca21fae0a,ACTIVE,0,-250000,2500000,0,0,0
351338,01a0b1c2-b010-7000-8000-000000000003,01a0bf0f-878c-766d-8e01-d6e11e6ed23b,ACTIVE,2500000,250000,0,0,0,0
351338,01a0b1c2-b010-7000-8000-000000000003,01a0bf0f-8c6e-75e9-93bb-936cf39e95cf,ACTIVE,-2165064,-250000,-1250000,0,0,0
351338,01a0b1c2-b010-7000-8000-000000000003,01a0bf0f-9150-7093-94cd-6272941f015e,ACTIVE,-2500000,250000,0,0,0,0
351340,01a0b1c2-b010-7000-8000-000000000003,01a0bf0f-82ab-7769-983f-45fca21fae0a,ACTIVE,0,-250000,2500000,0,0,0
351340,01a0b1c2-b010-7000-8000-000000000003,01a0bf0f-878c-766d-8e01-d6e11e6ed23b,ACTIVE,2500000,250000,0,0,0,0
351340,01a0b1c2-b010-7000-8000-000000000003,01a0bf0f-8c6e-75e9-93bb-936cf39e95cf,ACTIVE,-2165064,-250000,-1250000,0,0,0
351340,01a0b1c2-b010-7000-8000-000000000003,01a0bf0f-9150-7093-94cd-6272941f015e,ACTIVE,-2500000,250000,0,0,0,0
351342,01a0b1c2-b010-7000-8000-000000000003,01a0bf0f-82ab-7769-983f-45fca21fae0a,ACTIVE,0,-250000,2500000,0,0,0
351342,01a0b1c2-b010-7000-8000-000000000003,01a0bf0f-878c-766d-8e01-d6e11e6ed23b,ACTIVE,2500000,250000,0,0,0,0
351342,01a0b1c2-b010-7000-8000-000000000003,01a0bf0f-8c6e-75e9-93bb-936cf39e95cf,ACTIVE,-2165064,-250000,-1250000,0,0,0
351342,01a0b1c2-b010-7000-8000-000000000003,01a0bf0f-9150-7093-94cd-6272941f015e,ACTIVE,-2500000,250000,0,0,0,0
351344,01a0b1c2-b010-7000-8000-000000000003,01a0bf0f-82ab-7769-983f-45fca21fae0a,ACTIVE,0,-250000,2500000,0,0,0
351344,01a0b1c2-b010-7000-8000-000000000003,01a0bf0f-878c-766d-8e01-d6e11e6ed23b,ACTIVE,2500000,250000,0,0,0,0
351344,01a0b1c2-b010-7000-8000-000000000003,01a0bf0f-8c6e-75e9-93bb-936cf39e95cf,ACTIVE,-2165064,-250000,-1250000,0,0,0
351344,01a0b1c2-b010-7000-8000-000000000003,01a0bf0f-9150-7093-94cd-6272941f015e,ACTIVE,-2500000,250000,0,0,0,0
351346,01a0b1c2-b010-7000-8000-000000000003,01a0bf0f-82ab-7769-983f-45fca21fae0a,ACTIVE,0,-250000,2500000,0,0,0
351346,01a0b1c2-b010-7000-8000-000000000003,01a0bf0f-878c-766d-8e01-d6e11e6ed23b,ACTIVE,2500000,250000,0,0,0,0
351346,01a0b1c2-b010-7000-8000-000000000003,01a0bf0f-8c6e-75e9-93bb-936cf39e95cf,ACTIVE,-2165064,-250000,-1250000,0,0,0
351346,01a0b1c2-b010-7000-8000-000000000003,01a0bf0f-9150-7093-94cd-6272941f015e,ACTIVE,-2500000,250000,0,0,0,0
351348,01a0b1c2-b010-7000-8000-000000000003,01a0bf0f-82ab-7769-983f-45fca21fae0a,ACTIVE,0,-250000,2500000,0,0,0
351348,01a0b1c2-b010-7000-8000-000000000003,01a0bf0f-878c-766d-8e01-d6e11e6ed23b,ACTIVE,2500000,250000,0,0,0,0
351348,01a0b1c2-b010-7000-8000-000000000003,01a0bf0f-8c6e-75e9-93bb-936cf39e95cf,ACTIVE,-2165064,-250000,-1250000,0,0,0
351348,01a0b1c2-b010-7000-8000-000000000003,01a0bf0f-9150-7093-94cd-6272941f015e,ACTIVE,-2500000,250000,0,0,0,0
351350,01a0b1c2-b010-7000-8000-000000000003,01a0bf0f-82ab-7769-983f-45fca21fae0a,ACTIVE,0,-250000,2500000,0,0,0
351350,01a0b1c2-b010-7000-8000-000000000003,01a0bf0f-878c-766d-8e01-d6e11e6ed23b,ACTIVE,2500000,250000,0,0,0,0
351350,01a0b1c2-b010-7000-8000-000000000003,01a0bf0f-8c6e-75e9-93bb-936cf39e95cf,ACTIVE,-2165064,-250000,-1250000,0,0,0
351350,01a0b1c2-b010-7000-8000-000000000003,01a0bf0f-9150-7093-94cd-6272941f015e,ACTIVE,-2500000,250000,0,0,0,0
351352,01a0b1c2-b010-7000-8000-000000000003,01a0bf0f-82ab-7769-983f-45fca21fae0a,ACTIVE,0,-250000,2500000,0,0,0
351352,01a0b1c2-b010-7000-8000-000000000003,01a0bf0f-878c-766d-8e01-d6e11e6ed23b,ACTIVE,2500000,250000,0,0,0,0
351352,01a0b1c2-b010-7000-8000-000000000003,01a0bf0f-8c6e-75e9-93bb-936cf39e95cf,ACTIVE,-2165064,-250000,-1250000,0,0,0
351352,01a0b1c2-b010-7000-8000-000000000003,01a0bf0f-9150-7093-94cd-6272941f015e,ACTIVE,-2500000,250000,0,0,0,0
351354,01a0b1c2-b010-7000-8000-000000000003,01a0bf0f-82ab-7769-983f-45fca21fae0a,ACTIVE,0,-250000,2500000,0,0,0
351354,01a0b1c2-b010-7000-8000-000000000003,01a0bf0f-878c-766d-8e01-d6e11e6ed23b,ACTIVE,2500000,250000,0,0,0,0
351354,01a0b1c2-b010-7000-8000-000000000003,01a0bf0f-8c6e-75e9-93bb-936cf39e95cf,ACTIVE,-2165064,-250000,-1250000,0,0,0
351354,01a0b1c2-b010-7000-8000-000000000003,01a0bf0f-9150-7093-94cd-6272941f015e,ACTIVE,-2500000,250000,0,0,0,0
351356,01a0b1c2-b010-7000-8000-000000000003,01a0bf0f-82ab-7769-983f-45fca21fae0a,ACTIVE,0,-250000,2500000,0,0,0
351356,01a0b1c2-b010-7000-8000-000000000003,01a0bf0f-878c-766d-8e01-d6e11e6ed23b,ACTIVE,2500000,250000,0,0,0,0
351356,01a0b1c2-b010-7000-8000-000000000003,01a0bf0f-8c6e-75e9-93bb-936cf39e95cf,ACTIVE,-2165064,-250000,-1250000,0,0,0
351356,01a0b1c2-b010-7000-8000-000000000003,01a0bf0f-9150-7093-94cd-6272941f015e,ACTIVE,-2500000,250000,0,0,0,0
351358,01a0b1c2-b010-7000-8000-000000000003,01a0bf0f-82ab-7769-983f-45fca21fae0a,ACTIVE,0,-250000,2500000,0,0,0
351358,01a0b1c2-b010-7000-8000-000000000003,01a0bf0f-878c-766d-8e01-d6e11e6ed23b,ACTIVE,2500000,250000,0,0,0,0
351358,01a0b1c2-b010-7000-8000-000000000003,01a0bf0f-8c6e-75e9-93bb-936cf39e95cf,ACTIVE,-2165064,-250000,-1250000,0,0,0
351358,01a0b1c2-b010-7000-8000-000000000003,01a0bf0f-9150-7093-94cd-6272941f015e,ACTIVE,-2500000,250000,0,0,0,0
351360,01a0b1c2-b010-7000-8000-000000000003,01a0bf0f-82ab-7769-983f-45fca21fae0a,ACTIVE,0,-250000,2500000,0,0,0
351360,01a0b1c2-b010-7000-8000-000000000003,01a0bf0f-878c-766d-8e01-d6e11e6ed23b,ACTIVE,2500000,250000,0,0,0,0
351360,01a0b1c2-b010-7000-8000-000000000003,01a0bf0f-8c6e-75e9-93bb-936cf39e95cf,ACTIVE,-2165064,-250000,-1250000,0,0,0
351360,01a0b1c2-b010-7000-8000-000000000003,01a0bf0f-9150-7093-94cd-6272941f015e,ACTIVE,-2500000,250000,0,0,0,0
351362,01a0b1c2-b010-7000-8000-000000000003,01a0bf0f-82ab-7769-983f-45fca21fae0a,ACTIVE,0,-250000,2500000,0,0,0
351362,01a0b1c2-b010-7000-8000-000000000003,01a0bf0f-878c-766d-8e01-d6e11e6ed23b,ACTIVE,2500000,250000,0,0,0,0
351362,01a0b1c2-b010-7000-8000-000000000003,01a0bf0f-8c6e-75e9-93bb-936cf39e95cf,ACTIVE,-2165064,-250000,-1250000,0,0,0
351362,01a0b1c2-b010-7000-8000-000000000003,01a0bf0f-9150-7093-94cd-6272941f015e,ACTIVE,-2500000,250000,0,0,0,0
351364,01a0b1c2-b010-7000-8000-000000000003,01a0bf0f-82ab-7769-983f-45fca21fae0a,ACTIVE,0,-250000,2500000,0,0,0
351364,01a0b1c2-b010-7000-8000-000000000003,01a0bf0f-878c-766d-8e01-d6e11e6ed23b,ACTIVE,2500000,250000,0,0,0,0
351364,01a0b1c2-b010-7000-8000-000000000003,01a0bf0f-8c6e-75e9-93bb-936cf39e95cf,ACTIVE,-2165064,-250000,-1250000,0,0,0
351364,01a0b1c2-b010-7000-8000-000000000003,01a0bf0f-9150-7093-94cd-6272941f015e,ACTIVE,-2500000,250000,0,0,0,0
351366,01a0b1c2-b010-7000-8000-000000000003,01a0bf0f-82ab-7769-983f-45fca21fae0a,ACTIVE,0,-250000,2500000,0,0,0
351366,01a0b1c2-b010-7000-8000-000000000003,01a0bf0f-878c-766d-8e01-d6e11e6ed23b,ACTIVE,2500000,250000,0,0,0,0
351366,01a0b1c2-b010-7000-8000-000000000003,01a0bf0f-8c6e-75e9-93bb-936cf39e95cf,ACTIVE,-2165064,-250000,-1250000,0,0,0
351366,01a0b1c2-b010-7000-8000-000000000003,01a0bf0f-9150-7093-94cd-6272941f015e,ACTIVE,-2500000,250000,0,0,0,0
351368,01a0b1c2-b010-7000-8000-000000000003,01a0bf0f-82ab-7769-983f-45fca21fae0a,ACTIVE,0,-250000,2500000,0,0,0
351368,01a0b1c2-b010-7000-8000-000000000003,01a0bf0f-878c-766d-8e01-d6e11e6ed23b,ACTIVE,2500000,250000,0,0,0,0
351368,01a0b1c2-b010-7000-8000-000000000003,01a0bf0f-8c6e-75e9-93bb-936cf39e95cf,ACTIVE,-2165064,-250000,-1250000,0,0,0
351368,01a0b1c2-b010-7000-8000-000000000003,01a0bf0f-9150-7093-94cd-6272941f015e,ACTIVE,-2500000,250000,0,0,0,0
351370,01a0b1c2-b010-7000-8000-000000000003,01a0bf0f-82ab-7769-983f-45fca21fae0a,ACTIVE,0,-250000,2500000,0,0,0
351370,01a0b1c2-b010-7000-8000-000000000003,01a0bf0f-878c-766d-8e01-d6e11e6ed23b,ACTIVE,2500000,250000,0,0,0,0
351370,01a0b1c2-b010-7000-8000-000000000003,01a0bf0f-8c6e-75e9-93bb-936cf39e95cf,ACTIVE,-2165064,-250000,-1250000,0,0,0
351370,01a0b1c2-b010-7000-8000-000000000003,01a0bf0f-9150-7093-94cd-6272941f015e,ACTIVE,-2500000,250000,0,0,0,0
351372,01a0b1c2-b010-7000-8000-000000000003,01a0bf0f-82ab-7769-983f-45fca21fae0a,ACTIVE,0,-250000,2500000,0,0,0
351372,01a0b1c2-b010-7000-8000-000000000003,01a0bf0f-878c-766d-8e01-d6e11e6ed23b,ACTIVE,2500000,250000,0,0,0,0
351372,01a0b1c2-b010-7000-8000-000000000003,01a0bf0f-8c6e-75e9-93bb-936cf39e95cf,ACTIVE,-2165064,-250000,-1250000,0,0,0
351372,01a0b1c2-b010-7000-8000-000000000003,01a0bf0f-9150-7093-94cd-6272941f015e,ACTIVE,-2500000,250000,0,0,0,0
351374,01a0b1c2-b010-7000-8000-000000000003,01a0bf0f-82ab-7769-983f-45fca21fae0a,ACTIVE,0,-250000,2500000,0,0,0
351374,01a0b1c2-b010-7000-8000-000000000003,01a0bf0f-878c-766d-8e01-d6e11e6ed23b,ACTIVE,2500000,250000,0,0,0,0
351374,01a0b1c2-b010-7000-8000-000000000003,01a0bf0f-8c6e-75e9-93bb-936cf39e95cf,ACTIVE,-2165064,-250000,-1250000,0,0,0
351374,01a0b1c2-b010-7000-8000-000000000003,01a0bf0f-9150-7093-94cd-6272941f015e,ACTIVE,-2500000,250000,0,0,0,0
351376,01a0b1c2-b010-7000-8000-000000000003,01a0bf0f-82ab-7769-983f-45fca21fae0a,ACTIVE,0,-250000,2500000,0,0,0
351376,01a0b1c2-b010-7000-8000-000000000003,01a0bf0f-878c-766d-8e01-d6e11e6ed23b,ACTIVE,2500000,250000,0,0,0,0
351376,01a0b1c2-b010-7000-8000-000000000003,01a0bf0f-8c6e-75e9-93bb-936cf39e95cf,ACTIVE,-2165064,-250000,-1250000,0,0,0
351376,01a0b1c2-b010-7000-8000-000000000003,01a0bf0f-9150-7093-94cd-6272941f015e,ACTIVE,-2500000,250000,0,0,0,0
351378,01a0b1c2-b010-7000-8000-000000000003,01a0bf0f-82ab-7769-983f-45fca21fae0a,ACTIVE,0,-250000,2500000,0,0,0
351378,01a0b1c2-b010-7000-8000-000000000003,01a0bf0f-878c-766d-8e01-d6e11e6ed23b,ACTIVE,2500000,250000,0,0,0,0
351378,01a0b1c2-b010-7000-8000-000000000003,01a0bf0f-8c6e-75e9-93bb-936cf39e95cf,ACTIVE,-2165064,-250000,-1250000,0,0,0
351378,01a0b1c2-b010-7000-8000-000000000003,01a0bf0f-9150-7093-94cd-6272941f015e,ACTIVE,-2500000,250000,0,0,0,0
351380,01a0b1c2-b010-7000-8000-000000000003,01a0bf0f-82ab-7769-983f-45fca21fae0a,ACTIVE,0,-250000,2500000,0,0,0
351380,01a0b1c2-b010-7000-8000-000000000003,01a0bf0f-878c-766d-8e01-d6e11e6ed23b,ACTIVE,2500000,250000,0,0,0,0
351380,01a0b1c2-b010-7000-8000-000000000003,01a0bf0f-8c6e-75e9-93bb-936cf39e95cf,ACTIVE,-2165064,-250000,-1250000,0,0,0
351380,01a0b1c2-b010-7000-8000-000000000003,01a0bf0f-9150-7093-94cd-6272941f015e,ACTIVE,-2500000,250000,0,0,0,0
351382,01a0b1c2-b010-7000-8000-000000000003,01a0bf0f-82ab-7769-983f-45fca21fae0a,ACTIVE,0,-250000,2500000,0,0,0
351382,01a0b1c2-b010-7000-8000-000000000003,01a0bf0f-878c-766d-8e01-d6e11e6ed23b,ACTIVE,2500000,250000,0,0,0,0
351382,01a0b1c2-b010-7000-8000-000000000003,01a0bf0f-8c6e-75e9-93bb-936cf39e95cf,ACTIVE,-2165064,-250000,-1250000,0,0,0
351382,01a0b1c2-b010-7000-8000-000000000003,01a0bf0f-9150-7093-94cd-6272941f015e,ACTIVE,-2500000,250000,0,0,0,0
351384,01a0b1c2-b010-7000-8000-000000000003,01a0bf0f-82ab-7769-983f-45fca21fae0a,ACTIVE,0,-250000,2500000,0,0,0
351384,01a0b1c2-b010-7000-8000-000000000003,01a0bf0f-878c-766d-8e01-d6e11e6ed23b,ACTIVE,2500000,250000,0,0,0,0
351384,01a0b1c2-b010-7000-8000-000000000003,01a0bf0f-8c6e-75e9-93bb-936cf39e95cf,ACTIVE,-2165064,-250000,-1250000,0,0,0
351384,01a0b1c2-b010-7000-8000-000000000003,01a0bf0f-9150-7093-94cd-6272941f015e,ACTIVE,-2500000,250000,0,0,0,0
351386,01a0b1c2-b010-7000-8000-000000000003,01a0bf0f-82ab-7769-983f-45fca21fae0a,ACTIVE,0,-250000,2500000,0,0,0
351386,01a0b1c2-b010-7000-8000-000000000003,01a0bf0f-878c-766d-8e01-d6e11e6ed23b,ACTIVE,2500000,250000,0,0,0,0
351386,01a0b1c2-b010-7000-8000-000000000003,01a0bf0f-8c6e-75e9-93bb-936cf39e95cf,ACTIVE,-2165064,-250000,-1250000,0,0,0
351386,01a0b1c2-b010-7000-8000-000000000003,01a0bf0f-9150-7093-94cd-6272941f015e,ACTIVE,-2500000,250000,0,0,0,0
351388,01a0b1c2-b010-7000-8000-000000000003,01a0bf0f-82ab-7769-983f-45fca21fae0a,ACTIVE,0,-250000,2500000,0,0,0
351388,01a0b1c2-b010-7000-8000-000000000003,01a0bf0f-878c-766d-8e01-d6e11e6ed23b,ACTIVE,2500000,250000,0,0,0,0
351388,01a0b1c2-b010-7000-8000-000000000003,01a0bf0f-8c6e-75e9-93bb-936cf39e95cf,ACTIVE,-2165064,-250000,-1250000,0,0,0
351388,01a0b1c2-b010-7000-8000-000000000003,01a0bf0f-9150-7093-94cd-6272941f015e,ACTIVE,-2500000,250000,0,0,0,0
351390,01a0b1c2-b010-7000-8000-000000000003,01a0bf0f-82ab-7769-983f-45fca21fae0a,ACTIVE,0,-250000,2500000,0,0,0
351390,01a0b1c2-b010-7000-8000-000000000003,01a0bf0f-878c-766d-8e01-d6e11e6ed23b,ACTIVE,2500000,250000,0,0,0,0
351390,01a0b1c2-b010-7000-8000-000000000003,01a0bf0f-8c6e-75e9-93bb-936cf39e95cf,ACTIVE,-2165064,-250000,-1250000,0,0,0
351390,01a0b1c2-b010-7000-8000-000000000003,01a0bf0f-9150-7093-94cd-6272941f015e,ACTIVE,-2500000,250000,0,0,0,0
351392,01a0b1c2-b010-7000-8000-000000000003,01a0bf0f-82ab-7769-983f-45fca21fae0a,ACTIVE,0,-250000,2500000,0,0,0
351392,01a0b1c2-b010-7000-8000-000000000003,01a0bf0f-878c-766d-8e01-d6e11e6ed23b,ACTIVE,2500000,250000,0,0,0,0
351392,01a0b1c2-b010-7000-8000-000000000003,01a0bf0f-8c6e-75e9-93bb-936cf39e95cf,ACTIVE,-2165064,-250000,-1250000,0,0,0
351392,01a0b1c2-b010-7000-8000-000000000003,01a0bf0f-9150-7093-94cd-6272941f015e,ACTIVE,-2500000,250000,0,0,0,0
351394,01a0b1c2-b010-7000-8000-000000000003,01a0bf0f-82ab-7769-983f-45fca21fae0a,ACTIVE,0,-250000,2500000,0,0,0
351394,01a0b1c2-b010-7000-8000-000000000003,01a0bf0f-878c-766d-8e01-d6e11e6ed23b,ACTIVE,2500000,250000,0,0,0,0
351394,01a0b1c2-b010-7000-8000-000000000003,01a0bf0f-8c6e-75e9-93bb-936cf39e95cf,ACTIVE,-2165064,-250000,-1250000,0,0,0
351394,01a0b1c2-b010-7000-8000-000000000003,01a0bf0f-9150-7093-94cd-6272941f015e,ACTIVE,-2500000,250000,0,0,0,0
351396,01a0b1c2-b010-7000-8000-000000000003,01a0bf0f-82ab-7769-983f-45fca21fae0a,ACTIVE,0,-250000,2500000,0,0,0
351396,01a0b1c2-b010-7000-8000-000000000003,01a0bf0f-878c-766d-8e01-d6e11e6ed23b,ACTIVE,2500000,250000,0,0,0,0
351396,01a0b1c2-b010-7000-8000-000000000003,01a0bf0f-8c6e-75e9-93bb-936cf39e95cf,ACTIVE,-2165064,-250000,-1250000,0,0,0
351396,01a0b1c2-b010-7000-8000-000000000003,01a0bf0f-9150-7093-94cd-6272941f015e,ACTIVE,-2500000,250000,0,0,0,0
351398,01a0b1c2-b010-7000-8000-000000000003,01a0bf0f-82ab-7769-983f-45fca21fae0a,ACTIVE,0,-250000,2500000,0,0,0
351398,01a0b1c2-b010-7000-8000-000000000003,01a0bf0f-878c-766d-8e01-d6e11e6ed23b,ACTIVE,2500000,250000,0,0,0,0
351398,01a0b1c2-b010-7000-8000-000000000003,01a0bf0f-8c6e-75e9-93bb-936cf39e95cf,ACTIVE,-2165064,-250000,-1250000,0,0,0
351398,01a0b1c2-b010-7000-8000-000000000003,01a0bf0f-9150-7093-94cd-6272941f015e,ACTIVE,-2500000,250000,0,0,0,0
351400,01a0b1c2-b010-7000-8000-000000000003,01a0bf0f-82ab-7769-983f-45fca21fae0a,ACTIVE,0,-250000,2500000,0,0,0
351400,01a0b1c2-b010-7000-8000-000000000003,01a0bf0f-878c-766d-8e01-d6e11e6ed23b,ACTIVE,2500000,250000,0,0,0,0
351400,01a0b1c2-b010-7000-8000-000000000003,01a0bf0f-8c6e-75e9-93bb-936cf39e95cf,ACTIVE,-2165064,-250000,-1250000,0,0,0
351400,01a0b1c2-b010-7000-8000-000000000003,01a0bf0f-9150-7093-94cd-6272941f015e,ACTIVE,-2500000,250000,0,0,0,0
351402,01a0b1c2-b010-7000-8000-000000000003,01a0bf0f-82ab-7769-983f-45fca21fae0a,ACTIVE,0,-250000,2500000,0,0,0
351402,01a0b1c2-b010-7000-8000-000000000003,01a0bf0f-878c-766d-8e01-d6e11e6ed23b,ACTIVE,2500000,250000,0,0,0,0
351402,01a0b1c2-b010-7000-8000-000000000003,01a0bf0f-8c6e-75e9-93bb-936cf39e95cf,ACTIVE,-2165064,-250000,-1250000,0,0,0
351402,01a0b1c2-b010-7000-8000-000000000003,01a0bf0f-9150-7093-94cd-6272941f015e,ACTIVE,-2500000,250000,0,0,0,0
351404,01a0b1c2-b010-7000-8000-000000000003,01a0bf0f-82ab-7769-983f-45fca21fae0a,ACTIVE,0,-250000,2500000,0,0,0
351404,01a0b1c2-b010-7000-8000-000000000003,01a0bf0f-878c-766d-8e01-d6e11e6ed23b,ACTIVE,2500000,250000,0,0,0,0
351404,01a0b1c2-b010-7000-8000-000000000003,01a0bf0f-8c6e-75e9-93bb-936cf39e95cf,ACTIVE,-2165064,-250000,-1250000,0,0,0
351404,01a0b1c2-b010-7000-8000-000000000003,01a0bf0f-9150-7093-94cd-6272941f015e,ACTIVE,-2500000,250000,0,0,0,0
351406,01a0b1c2-b010-7000-8000-000000000003,01a0bf0f-82ab-7769-983f-45fca21fae0a,ACTIVE,0,-250000,2500000,0,0,0
351406,01a0b1c2-b010-7000-8000-000000000003,01a0bf0f-878c-766d-8e01-d6e11e6ed23b,ACTIVE,2500000,250000,0,0,0,0
351406,01a0b1c2-b010-7000-8000-000000000003,01a0bf0f-8c6e-75e9-93bb-936cf39e95cf,ACTIVE,-2165064,-250000,-1250000,0,0,0
351406,01a0b1c2-b010-7000-8000-000000000003,01a0bf0f-9150-7093-94cd-6272941f015e,ACTIVE,-2500000,250000,0,0,0,0
351408,01a0b1c2-b010-7000-8000-000000000003,01a0bf0f-82ab-7769-983f-45fca21fae0a,ACTIVE,0,-250000,2500000,0,0,0
351408,01a0b1c2-b010-7000-8000-000000000003,01a0bf0f-878c-766d-8e01-d6e11e6ed23b,ACTIVE,2500000,250000,0,0,0,0
351408,01a0b1c2-b010-7000-8000-000000000003,01a0bf0f-8c6e-75e9-93bb-936cf39e95cf,ACTIVE,-2165064,-250000,-1250000,0,0,0
351408,01a0b1c2-b010-7000-8000-000000000003,01a0bf0f-9150-7093-94cd-6272941f015e,ACTIVE,-2500000,250000,0,0,0,0
351410,01a0b1c2-b010-7000-8000-000000000003,01a0bf0f-82ab-7769-983f-45fca21fae0a,ACTIVE,0,-250000,2500000,0,0,0
351410,01a0b1c2-b010-7000-8000-000000000003,01a0bf0f-878c-766d-8e01-d6e11e6ed23b,ACTIVE,2500000,250000,0,0,0,0
351410,01a0b1c2-b010-7000-8000-000000000003,01a0bf0f-8c6e-75e9-93bb-936cf39e95cf,ACTIVE,-2165064,-250000,-1250000,0,0,0
351410,01a0b1c2-b010-7000-8000-000000000003,01a0bf0f-9150-7093-94cd-6272941f015e,ACTIVE,-2500000,250000,0,0,0,0
351412,01a0b1c2-b010-7000-8000-000000000003,01a0bf0f-82ab-7769-983f-45fca21fae0a,ACTIVE,0,-250000,2500000,0,0,0
351412,01a0b1c2-b010-7000-8000-000000000003,01a0bf0f-878c-766d-8e01-d6e11e6ed23b,ACTIVE,2500000,250000,0,0,0,0
351412,01a0b1c2-b010-7000-8000-000000000003,01a0bf0f-8c6e-75e9-93bb-936cf39e95cf,ACTIVE,-2165064,-250000,-1250000,0,0,0
351412,01a0b1c2-b010-7000-8000-000000000003,01a0bf0f-9150-7093-94cd-6272941f015e,ACTIVE,-2500000,250000,0,0,0,0
351414,01a0b1c2-b010-7000-8000-000000000003,01a0bf0f-82ab-7769-983f-45fca21fae0a,ACTIVE,0,-250000,2500000,0,0,0
351414,01a0b1c2-b010-7000-8000-000000000003,01a0bf0f-878c-766d-8e01-d6e11e6ed23b,ACTIVE,2500000,250000,0,0,0,0
351414,01a0b1c2-b010-7000-8000-000000000003,01a0bf0f-8c6e-75e9-93bb-936cf39e95cf,ACTIVE,-2165064,-250000,-1250000,0,0,0
351414,01a0b1c2-b010-7000-8000-000000000003,01a0bf0f-9150-7093-94cd-6272941f015e,ACTIVE,-2500000,250000,0,0,0,0
351416,01a0b1c2-b010-7000-8000-000000000003,01a0bf0f-82ab-7769-983f-45fca21fae0a,ACTIVE,0,-250000,2500000,0,0,0
351416,01a0b1c2-b010-7000-8000-000000000003,01a0bf0f-878c-766d-8e01-d6e11e6ed23b,ACTIVE,2500000,250000,0,0,0,0
351416,01a0b1c2-b010-7000-8000-000000000003,01a0bf0f-8c6e-75e9-93bb-936cf39e95cf,ACTIVE,-2165064,-250000,-1250000,0,0,0
351416,01a0b1c2-b010-7000-8000-000000000003,01a0bf0f-9150-7093-94cd-6272941f015e,ACTIVE,-2500000,250000,0,0,0,0
351418,01a0b1c2-b010-7000-8000-000000000003,01a0bf0f-82ab-7769-983f-45fca21fae0a,ACTIVE,0,-250000,2500000,0,0,0
351418,01a0b1c2-b010-7000-8000-000000000003,01a0bf0f-878c-766d-8e01-d6e11e6ed23b,ACTIVE,2500000,250000,0,0,0,0
351418,01a0b1c2-b010-7000-8000-000000000003,01a0bf0f-8c6e-75e9-93bb-936cf39e95cf,ACTIVE,-2165064,-250000,-1250000,0,0,0
351418,01a0b1c2-b010-7000-8000-000000000003,01a0bf0f-9150-7093-94cd-6272941f015e,ACTIVE,-2500000,250000,0,0,0,0
351420,01a0b1c2-b010-7000-8000-000000000003,01a0bf0f-82ab-7769-983f-45fca21fae0a,ACTIVE,0,-250000,2500000,0,0,0
351420,01a0b1c2-b010-7000-8000-000000000003,01a0bf0f-878c-766d-8e01-d6e11e6ed23b,ACTIVE,2500000,250000,0,0,0,0
351420,01a0b1c2-b010-7000-8000-000000000003,01a0bf0f-8c6e-75e9-93bb-936cf39e95cf,ACTIVE,-2165064,-250000,-1250000,0,0,0
351420,01a0b1c2-b010-7000-8000-000000000003,01a0bf0f-9150-7093-94cd-6272941f015e,ACTIVE,-2500000,250000,0,0,0,0
351422,01a0b1c2-b010-7000-8000-000000000003,01a0bf0f-82ab-7769-983f-45fca21fae0a,ACTIVE,0,-250000,2500000,0,0,0
351422,01a0b1c2-b010-7000-8000-000000000003,01a0bf0f-878c-766d-8e01-d6e11e6ed23b,ACTIVE,2500000,250000,0,0,0,0
351422,01a0b1c2-b010-7000-8000-000000000003,01a0bf0f-8c6e-75e9-93bb-936cf39e95cf,ACTIVE,-2165064,-250000,-1250000,0,0,0
351422,01a0b1c2-b010-7000-8000-000000000003,01a0bf0f-9150-7093-94cd-6272941f015e,ACTIVE,-2500000,250000,0,0,0,0
351424,01a0b1c2-b010-7000-8000-000000000003,01a0bf0f-82ab-7769-983f-45fca21fae0a,ACTIVE,0,-250000,2500000,0,0,0
351424,01a0b1c2-b010-7000-8000-000000000003,01a0bf0f-878c-766d-8e01-d6e11e6ed23b,ACTIVE,2500000,250000,0,0,0,0
351424,01a0b1c2-b010-7000-8000-000000000003,01a0bf0f-8c6e-75e9-93bb-936cf39e95cf,ACTIVE,-2165064,-250000,-1250000,0,0,0
351424,01a0b1c2-b010-7000-8000-000000000003,01a0bf0f-9150-7093-94cd-6272941f015e,ACTIVE,-2500000,250000,0,0,0,0
351426,01a0b1c2-b010-7000-8000-000000000003,01a0bf0f-82ab-7769-983f-45fca21fae0a,ACTIVE,0,-250000,2500000,0,0,0
351426,01a0b1c2-b010-7000-8000-000000000003,01a0bf0f-878c-766d-8e01-d6e11e6ed23b,ACTIVE,2500000,250000,0,0,0,0
351426,01a0b1c2-b010-7000-8000-000000000003,01a0bf0f-8c6e-75e9-93bb-936cf39e95cf,ACTIVE,-2165064,-250000,-1250000,0,0,0
351426,01a0b1c2-b010-7000-8000-000000000003,01a0bf0f-9150-7093-94cd-6272941f015e,ACTIVE,-2500000,250000,0,0,0,0
351428,01a0b1c2-b010-7000-8000-000000000003,01a0bf0f-82ab-7769-983f-45fca21fae0a,ACTIVE,0,-250000,2500000,0,0,0
351428,01a0b1c2-b010-7000-8000-000000000003,01a0bf0f-878c-766d-8e01-d6e11e6ed23b,ACTIVE,2500000,250000,0,0,0,0
351428,01a0b1c2-b010-7000-8000-000000000003,01a0bf0f-8c6e-75e9-93bb-936cf39e95cf,ACTIVE,-2165064,-250000,-1250000,0,0,0
351428,01a0b1c2-b010-7000-8000-000000000003,01a0bf0f-9150-7093-94cd-6272941f015e,ACTIVE,-2500000,250000,0,0,0,0
351430,01a0b1c2-b010-7000-8000-000000000003,01a0bf0f-82ab-7769-983f-45fca21fae0a,ACTIVE,0,-250000,2500000,0,0,0
351430,01a0b1c2-b010-7000-8000-000000000003,01a0bf0f-878c-766d-8e01-d6e11e6ed23b,ACTIVE,2500000,250000,0,0,0,0
351430,01a0b1c2-b010-7000-8000-000000000003,01a0bf0f-8c6e-75e9-93bb-936cf39e95cf,ACTIVE,-2165064,-250000,-1250000,0,0,0
351430,01a0b1c2-b010-7000-8000-000000000003,01a0bf0f-9150-7093-94cd-6272941f015e,ACTIVE,-2500000,250000,0,0,0,0
351432,01a0b1c2-b010-7000-8000-000000000003,01a0bf0f-82ab-7769-983f-45fca21fae0a,ACTIVE,0,-250000,2500000,0,0,0
351432,01a0b1c2-b010-7000-8000-000000000003,01a0bf0f-878c-766d-8e01-d6e11e6ed23b,ACTIVE,2500000,250000,0,0,0,0
351432,01a0b1c2-b010-7000-8000-000000000003,01a0bf0f-8c6e-75e9-93bb-936cf39e95cf,ACTIVE,-2165064,-250000,-1250000,0,0,0
351432,01a0b1c2-b010-7000-8000-000000000003,01a0bf0f-9150-7093-94cd-6272941f015e,ACTIVE,-2500000,250000,0,0,0,0
351434,01a0b1c2-b010-7000-8000-000000000003,01a0bf0f-82ab-7769-983f-45fca21fae0a,ACTIVE,0,-250000,2500000,0,0,0
351434,01a0b1c2-b010-7000-8000-000000000003,01a0bf0f-878c-766d-8e01-d6e11e6ed23b,ACTIVE,2500000,250000,0,0,0,0
351434,01a0b1c2-b010-7000-8000-000000000003,01a0bf0f-8c6e-75e9-93bb-936cf39e95cf,ACTIVE,-2165064,-250000,-1250000,0,0,0
351434,01a0b1c2-b010-7000-8000-000000000003,01a0bf0f-9150-7093-94cd-6272941f015e,ACTIVE,-2500000,250000,0,0,0,0
351436,01a0b1c2-b010-7000-8000-000000000003,01a0bf0f-82ab-7769-983f-45fca21fae0a,ACTIVE,0,-250000,2500000,0,0,0
351436,01a0b1c2-b010-7000-8000-000000000003,01a0bf0f-878c-766d-8e01-d6e11e6ed23b,ACTIVE,2500000,250000,0,0,0,0
351436,01a0b1c2-b010-7000-8000-000000000003,01a0bf0f-8c6e-75e9-93bb-936cf39e95cf,ACTIVE,-2165064,-250000,-1250000,0,0,0
351436,01a0b1c2-b010-7000-8000-000000000003,01a0bf0f-9150-7093-94cd-6272941f015e,ACTIVE,-2500000,250000,0,0,0,0
351438,01a0b1c2-b010-7000-8000-000000000003,01a0bf0f-82ab-7769-983f-45fca21fae0a,ACTIVE,0,-250000,2500000,0,0,0
351438,01a0b1c2-b010-7000-8000-000000000003,01a0bf0f-878c-766d-8e01-d6e11e6ed23b,ACTIVE,2500000,250000,0,0,0,0
351438,01a0b1c2-b010-7000-8000-000000000003,01a0bf0f-8c6e-75e9-93bb-936cf39e95cf,ACTIVE,-2165064,-250000,-1250000,0,0,0
351438,01a0b1c2-b010-7000-8000-000000000003,01a0bf0f-9150-7093-94cd-6272941f015e,ACTIVE,-2500000,250000,0,0,0,0
351440,01a0b1c2-b010-7000-8000-000000000003,01a0bf0f-82ab-7769-983f-45fca21fae0a,ACTIVE,0,-250000,2500000,0,0,0
351440,01a0b1c2-b010-7000-8000-000000000003,01a0bf0f-878c-766d-8e01-d6e11e6ed23b,ACTIVE,2500000,250000,0,0,0,0
351440,01a0b1c2-b010-7000-8000-000000000003,01a0bf0f-8c6e-75e9-93bb-936cf39e95cf,ACTIVE,-2165064,-250000,-1250000,0,0,0
351440,01a0b1c2-b010-7000-8000-000000000003,01a0bf0f-9150-7093-94cd-6272941f015e,ACTIVE,-2500000,250000,0,0,0,0
351442,01a0b1c2-b010-7000-8000-000000000003,01a0bf0f-82ab-7769-983f-45fca21fae0a,ACTIVE,0,-250000,2500000,0,0,0
351442,01a0b1c2-b010-7000-8000-000000000003,01a0bf0f-878c-766d-8e01-d6e11e6ed23b,ACTIVE,2500000,250000,0,0,0,0
351442,01a0b1c2-b010-7000-8000-000000000003,01a0bf0f-8c6e-75e9-93bb-936cf39e95cf,ACTIVE,-2165064,-250000,-1250000,0,0,0
351442,01a0b1c2-b010-7000-8000-000000000003,01a0bf0f-9150-7093-94cd-6272941f015e,ACTIVE,-2500000,250000,0,0,0,0
351444,01a0b1c2-b010-7000-8000-000000000003,01a0bf0f-82ab-7769-983f-45fca21fae0a,ACTIVE,0,-250000,2500000,0,0,0
351444,01a0b1c2-b010-7000-8000-000000000003,01a0bf0f-878c-766d-8e01-d6e11e6ed23b,ACTIVE,2500000,250000,0,0,0,0
351444,01a0b1c2-b010-7000-8000-000000000003,01a0bf0f-8c6e-75e9-93bb-936cf39e95cf,ACTIVE,-2165064,-250000,-1250000,0,0,0
351444,01a0b1c2-b010-7000-8000-000000000003,01a0bf0f-9150-7093-94cd-6272941f015e,ACTIVE,-2500000,250000,0,0,0,0
351446,01a0b1c2-b010-7000-8000-000000000003,01a0bf0f-82ab-7769-983f-45fca21fae0a,ACTIVE,0,-250000,2500000,0,0,0
351446,01a0b1c2-b010-7000-8000-000000000003,01a0bf0f-878c-766d-8e01-d6e11e6ed23b,ACTIVE,2500000,250000,0,0,0,0
351446,01a0b1c2-b010-7000-8000-000000000003,01a0bf0f-8c6e-75e9-93bb-936cf39e95cf,ACTIVE,-2165064,-250000,-1250000,0,0,0
351446,01a0b1c2-b010-7000-8000-000000000003,01a0bf0f-9150-7093-94cd-6272941f015e,ACTIVE,-2500000,250000,0,0,0,0
351448,01a0b1c2-b010-7000-8000-000000000003,01a0bf0f-82ab-7769-983f-45fca21fae0a,ACTIVE,0,-250000,2500000,0,0,0
351448,01a0b1c2-b010-7000-8000-000000000003,01a0bf0f-878c-766d-8e01-d6e11e6ed23b,ACTIVE,2500000,250000,0,0,0,0
351448,01a0b1c2-b010-7000-8000-000000000003,01a0bf0f-8c6e-75e9-93bb-936cf39e95cf,ACTIVE,-2165064,-250000,-1250000,0,0,0
351448,01a0b1c2-b010-7000-8000-000000000003,01a0bf0f-9150-7093-94cd-6272941f015e,ACTIVE,-2500000,250000,0,0,0,0
351450,01a0b1c2-b010-7000-8000-000000000003,01a0bf0f-82ab-7769-983f-45fca21fae0a,ACTIVE,0,-250000,2500000,0,0,0
351450,01a0b1c2-b010-7000-8000-000000000003,01a0bf0f-878c-766d-8e01-d6e11e6ed23b,ACTIVE,2500000,250000,0,0,0,0
351450,01a0b1c2-b010-7000-8000-000000000003,01a0bf0f-8c6e-75e9-93bb-936cf39e95cf,ACTIVE,-2165064,-250000,-1250000,0,0,0
351450,01a0b1c2-b010-7000-8000-000000000003,01a0bf0f-9150-7093-94cd-6272941f015e,ACTIVE,-2500000,250000,0,0,0,0
351452,01a0b1c2-b010-7000-8000-000000000003,01a0bf0f-82ab-7769-983f-45fca21fae0a,LINGERING,0,-250000,2500000,0,0,0
351452,01a0b1c2-b010-7000-8000-000000000003,01a0bf0f-878c-766d-8e01-d6e11e6ed23b,ACTIVE,2500000,250000,0,0,0,0
351452,01a0b1c2-b010-7000-8000-000000000003,01a0bf0f-8c6e-75e9-93bb-936cf39e95cf,ACTIVE,-2165064,-250000,-1250000,0,0,0
351452,01a0b1c2-b010-7000-8000-000000000003,01a0bf0f-9150-7093-94cd-6272941f015e,ACTIVE,-2500000,250000,0,0,0,0
351454,01a0b1c2-b010-7000-8000-000000000003,01a0bf0f-82ab-7769-983f-45fca21fae0a,LINGERING,0,-250000,2500000,0,0,0
351454,01a0b1c2-b010-7000-8000-000000000003,01a0bf0f-878c-766d-8e01-d6e11e6ed23b,ACTIVE,2500000,250000,0,0,0,0
351454,01a0b1c2-b010-7000-8000-000000000003,01a0bf0f-8c6e-75e9-93bb-936cf39e95cf,ACTIVE,-2165064,-250000,-1250000,0,0,0
351454,01a0b1c2-b010-7000-8000-000000000003,01a0bf0f-9150-7093-94cd-6272941f015e,ACTIVE,-2500000,250000,0,0,0,0
351456,01a0b1c2-b010-7000-8000-000000000003,01a0bf0f-82ab-7769-983f-45fca21fae0a,LINGERING,0,-250000,2500000,0,0,0
351456,01a0b1c2-b010-7000-8000-000000000003,01a0bf0f-878c-766d-8e01-d6e11e6ed23b,ACTIVE,2500000,250000,0,0,0,0
351456,01a0b1c2-b010-7000-8000-000000000003,01a0bf0f-8c6e-75e9-93bb-936cf39e95cf,ACTIVE,-2165064,-250000,-1250000,0,0,0
351456,01a0b1c2-b010-7000-8000-000000000003,01a0bf0f-9150-7093-94cd-6272941f015e,ACTIVE,-2500000,250000,0,0,0,0
351458,01a0b1c2-b010-7000-8000-000000000003,01a0bf0f-82ab-7769-983f-45fca21fae0a,LINGERING,0,-250000,2500000,0,0,0
351458,01a0b1c2-b010-7000-8000-000000000003,01a0bf0f-878c-766d-8e01-d6e11e6ed23b,ACTIVE,2500000,250000,0,0,0,0
351458,01a0b1c2-b010-7000-8000-000000000003,01a0bf0f-8c6e-75e9-93bb-936cf39e95cf,ACTIVE,-2165064,-250000,-1250000,0,0,0
351458,01a0b1c2-b010-7000-8000-000000000003,01a0bf0f-9150-7093-94cd-6272941f015e,ACTIVE,-2500000,250000,0,0,0,0
351460,01a0b1c2-b010-7000-8000-000000000003,01a0bf0f-82ab-7769-983f-45fca21fae0a,LINGERING,0,-250000,2500000,0,0,0
351460,01a0b1c2-b010-7000-8000-000000000003,01a0bf0f-878c-766d-8e01-d6e11e6ed23b,ACTIVE,2500000,250000,0,0,0,0
351460,01a0b1c2-b010-7000-8000-000000000003,01a0bf0f-8c6e-75e9-93bb-936cf39e95cf,ACTIVE,-2165064,-250000,-1250000,0,0,0
351460,01a0b1c2-b010-7000-8000-000000000003,01a0bf0f-9150-7093-94cd-6272941f015e,ACTIVE,-2500000,250000,0,0,0,0
351462,01a0b1c2-b010-7000-8000-000000000003,01a0bf0f-82ab-7769-983f-45fca21fae0a,LINGERING,0,-250000,2500000,0,0,0
351462,01a0b1c2-b010-7000-8000-000000000003,01a0bf0f-878c-766d-8e01-d6e11e6ed23b,ACTIVE,2500000,250000,0,0,0,0
351462,01a0b1c2-b010-7000-8000-000000000003,01a0bf0f-8c6e-75e9-93bb-936cf39e95cf,ACTIVE,-2165064,-250000,-1250000,0,0,0
351462,01a0b1c2-b010-7000-8000-000000000003,01a0bf0f-9150-7093-94cd-6272941f015e,ACTIVE,-2500000,250000,0,0,0,0
351464,01a0b1c2-b010-7000-8000-000000000003,01a0bf0f-82ab-7769-983f-45fca21fae0a,LINGERING,0,-250000,2500000,0,0,0
351464,01a0b1c2-b010-7000-8000-000000000003,01a0bf0f-878c-766d-8e01-d6e11e6ed23b,ACTIVE,2500000,250000,0,0,0,0
351464,01a0b1c2-b010-7000-8000-000000000003,01a0bf0f-8c6e-75e9-93bb-936cf39e95cf,ACTIVE,-2165064,-250000,-1250000,0,0,0
351464,01a0b1c2-b010-7000-8000-000000000003,01a0bf0f-9150-7093-94cd-6272941f015e,ACTIVE,-2500000,250000,0,0,0,0
351466,01a0b1c2-b010-7000-8000-000000000003,01a0bf0f-82ab-7769-983f-45fca21fae0a,LINGERING,0,-250000,2500000,0,0,0
351466,01a0b1c2-b010-7000-8000-000000000003,01a0bf0f-878c-766d-8e01-d6e11e6ed23b,ACTIVE,2500000,250000,0,0,0,0
351466,01a0b1c2-b010-7000-8000-000000000003,01a0bf0f-8c6e-75e9-93bb-936cf39e95cf,ACTIVE,-2165064,-250000,-1250000,0,0,0
351466,01a0b1c2-b010-7000-8000-000000000003,01a0bf0f-9150-7093-94cd-6272941f015e,ACTIVE,-2500000,250000,0,0,0,0
351468,01a0b1c2-b010-7000-8000-000000000003,01a0bf0f-82ab-7769-983f-45fca21fae0a,LINGERING,0,-250000,2500000,0,0,0
351468,01a0b1c2-b010-7000-8000-000000000003,01a0bf0f-878c-766d-8e01-d6e11e6ed23b,ACTIVE,2500000,250000,0,0,0,0
351468,01a0b1c2-b010-7000-8000-000000000003,01a0bf0f-8c6e-75e9-93bb-936cf39e95cf,ACTIVE,-2165064,-250000,-1250000,0,0,0
351468,01a0b1c2-b010-7000-8000-000000000003,01a0bf0f-9150-7093-94cd-6272941f015e,ACTIVE,-2500000,250000,0,0,0,0
351470,01a0b1c2-b010-7000-8000-000000000003,01a0bf0f-82ab-7769-983f-45fca21fae0a,LINGERING,0,-250000,2500000,0,0,0
351470,01a0b1c2-b010-7000-8000-000000000003,01a0bf0f-878c-766d-8e01-d6e11e6ed23b,ACTIVE,2500000,250000,0,0,0,0
351470,01a0b1c2-b010-7000-8000-000000000003,01a0bf0f-8c6e-75e9-93bb-936cf39e95cf,ACTIVE,-2165064,-250000,-1250000,0,0,0
351470,01a0b1c2-b010-7000-8000-000000000003,01a0bf0f-9150-7093-94cd-6272941f015e,ACTIVE,-2500000,250000,0,0,0,0
351472,01a0b1c2-b010-7000-8000-000000000003,01a0bf0f-82ab-7769-983f-45fca21fae0a,LINGERING,0,-250000,2500000,0,0,0
351472,01a0b1c2-b010-7000-8000-000000000003,01a0bf0f-878c-766d-8e01-d6e11e6ed23b,ACTIVE,2500000,250000,0,0,0,0
351472,01a0b1c2-b010-7000-8000-000000000003,01a0bf0f-8c6e-75e9-93bb-936cf39e95cf,ACTIVE,-2165064,-250000,-1250000,0,0,0
351472,01a0b1c2-b010-7000-8000-000000000003,01a0bf0f-9150-7093-94cd-6272941f015e,ACTIVE,-2500000,250000,0,0,0,0
351474,01a0b1c2-b010-7000-8000-000000000003,01a0bf0f-82ab-7769-983f-45fca21fae0a,LINGERING,0,-250000,2500000,0,0,0
351474,01a0b1c2-b010-7000-8000-000000000003,01a0bf0f-878c-766d-8e01-d6e11e6ed23b,ACTIVE,2500000,250000,0,0,0,0
351474,01a0b1c2-b010-7000-8000-000000000003,01a0bf0f-8c6e-75e9-93bb-936cf39e95cf,ACTIVE,-2165064,-250000,-1250000,0,0,0
351474,01a0b1c2-b010-7000-8000-000000000003,01a0bf0f-9150-7093-94cd-6272941f015e,ACTIVE,-2500000,250000,0,0,0,0
351476,01a0b1c2-b010-7000-8000-000000000003,01a0bf0f-82ab-7769-983f-45fca21fae0a,LINGERING,0,-250000,2500000,0,0,0
351476,01a0b1c2-b010-7000-8000-000000000003,01a0bf0f-878c-766d-8e01-d6e11e6ed23b,ACTIVE,2500000,250000,0,0,0,0
351476,01a0b1c2-b010-7000-8000-000000000003,01a0bf0f-8c6e-75e9-93bb-936cf39e95cf,ACTIVE,-2165064,-250000,-1250000,0,0,0
351476,01a0b1c2-b010-7000-8000-000000000003,01a0bf0f-9150-7093-94cd-6272941f015e,ACTIVE,-2500000,250000,0,0,0,0
351478,01a0b1c2-b010-7000-8000-000000000003,01a0bf0f-82ab-7769-983f-45fca21fae0a,LINGERING,0,-250000,2500000,0,0,0
351478,01a0b1c2-b010-7000-8000-000000000003,01a0bf0f-878c-766d-8e01-d6e11e6ed23b,LINGERING,2500000,250000,0,0,0,0
351478,01a0b1c2-b010-7000-8000-000000000003,01a0bf0f-8c6e-75e9-93bb-936cf39e95cf,ACTIVE,-2165064,-250000,-1250000,0,0,0
351478,01a0b1c2-b010-7000-8000-000000000003,01a0bf0f-9150-7093-94cd-6272941f015e,ACTIVE,-2500000,250000,0,0,0,0
351480,01a0b1c2-b010-7000-8000-000000000003,01a0bf0f-82ab-7769-983f-45fca21fae0a,LINGERING,0,-250000,2500000,0,0,0
351480,01a0b1c2-b010-7000-8000-000000000003,01a0bf0f-878c-766d-8e01-d6e11e6ed23b,LINGERING,2500000,250000,0,0,0,0
351480,01a0b1c2-b010-7000-8000-000000000003,01a0bf0f-8c6e-75e9-93bb-936cf39e95cf,ACTIVE,-2165064,-250000,-1250000,0,0,0
351480,01a0b1c2-b010-7000-8000-000000000003,01a0bf0f-9150-7093-94cd-6272941f015e,ACTIVE,-2500000,250000,0,0,0,0
351482,01a0b1c2-b010-7000-8000-000000000003,01a0bf0f-82ab-7769-983f-45fca21fae0a,LINGERING,0,-250000,2500000,0,0,0
351482,01a0b1c2-b010-7000-8000-000000000003,01a0bf0f-878c-766d-8e01-d6e11e6ed23b,LINGERING,2500000,250000,0,0,0,0
351482,01a0b1c2-b010-7000-8000-000000000003,01a0bf0f-8c6e-75e9-93bb-936cf39e95cf,ACTIVE,-2165064,-250000,-1250000,0,0,0
351482,01a0b1c2-b010-7000-8000-000000000003,01a0bf0f-9150-7093-94cd-6272941f015e,ACTIVE,-2500000,250000,0,0,0,0
351484,01a0b1c2-b010-7000-8000-000000000003,01a0bf0f-82ab-7769-983f-45fca21fae0a,LINGERING,0,-250000,2500000,0,0,0
351484,01a0b1c2-b010-7000-8000-000000000003,01a0bf0f-878c-766d-8e01-d6e11e6ed23b,LINGERING,2500000,250000,0,0,0,0
351484,01a0b1c2-b010-7000-8000-000000000003,01a0bf0f-8c6e-75e9-93bb-936cf39e95cf,ACTIVE,-2165064,-250000,-1250000,0,0,0
351484,01a0b1c2-b010-7000-8000-000000000003,01a0bf0f-9150-7093-94cd-6272941f015e,ACTIVE,-2500000,250000,0,0,0,0
351486,01a0b1c2-b010-7000-8000-000000000003,01a0bf0f-82ab-7769-983f-45fca21fae0a,LINGERING,0,-250000,2500000,0,0,0
351486,01a0b1c2-b010-7000-8000-000000000003,01a0bf0f-878c-766d-8e01-d6e11e6ed23b,LINGERING,2500000,250000,0,0,0,0
351486,01a0b1c2-b010-7000-8000-000000000003,01a0bf0f-8c6e-75e9-93bb-936cf39e95cf,ACTIVE,-2165064,-250000,-1250000,0,0,0
351486,01a0b1c2-b010-7000-8000-000000000003,01a0bf0f-9150-7093-94cd-6272941f015e,ACTIVE,-2500000,250000,0,0,0,0
351488,01a0b1c2-b010-7000-8000-000000000003,01a0bf0f-82ab-7769-983f-45fca21fae0a,LINGERING,0,-250000,2500000,0,0,0
351488,01a0b1c2-b010-7000-8000-000000000003,01a0bf0f-878c-766d-8e01-d6e11e6ed23b,LINGERING,2500000,250000,0,0,0,0
351488,01a0b1c2-b010-7000-8000-000000000003,01a0bf0f-8c6e-75e9-93bb-936cf39e95cf,ACTIVE,-2165064,-250000,-1250000,0,0,0
351488,01a0b1c2-b010-7000-8000-000000000003,01a0bf0f-9150-7093-94cd-6272941f015e,ACTIVE,-2500000,250000,0,0,0,0
351490,01a0b1c2-b010-7000-8000-000000000003,01a0bf0f-82ab-7769-983f-45fca21fae0a,LINGERING,0,-250000,2500000,0,0,0
351490,01a0b1c2-b010-7000-8000-000000000003,01a0bf0f-878c-766d-8e01-d6e11e6ed23b,LINGERING,2500000,250000,0,0,0,0
351490,01a0b1c2-b010-7000-8000-000000000003,01a0bf0f-8c6e-75e9-93bb-936cf39e95cf,ACTIVE,-2165064,-250000,-1250000,0,0,0
351490,01a0b1c2-b010-7000-8000-000000000003,01a0bf0f-9150-7093-94cd-6272941f015e,ACTIVE,-2500000,250000,0,0,0,0
351492,01a0b1c2-b010-7000-8000-000000000003,01a0bf0f-82ab-7769-983f-45fca21fae0a,LINGERING,0,-250000,2500000,0,0,0
351492,01a0b1c2-b010-7000-8000-000000000003,01a0bf0f-878c-766d-8e01-d6e11e6ed23b,LINGERING,2500000,250000,0,0,0,0
351492,01a0b1c2-b010-7000-8000-000000000003,01a0bf0f-8c6e-75e9-93bb-936cf39e95cf,ACTIVE,-2165064,-250000,-1250000,0,0,0
351492,01a0b1c2-b010-7000-8000-000000000003,01a0bf0f-9150-7093-94cd-6272941f015e,ACTIVE,-2500000,250000,0,0,0,0
351494,01a0b1c2-b010-7000-8000-000000000003,01a0bf0f-82ab-7769-983f-45fca21fae0a,LINGERING,0,-250000,2500000,0,0,0
351494,01a0b1c2-b010-7000-8000-000000000003,01a0bf0f-878c-766d-8e01-d6e11e6ed23b,LINGERING,2500000,250000,0,0,0,0
351494,01a0b1c2-b010-7000-8000-000000000003,01a0bf0f-8c6e-75e9-93bb-936cf39e95cf,ACTIVE,-2165064,-250000,-1250000,0,0,0
351494,01a0b1c2-b010-7000-8000-000000000003,01a0bf0f-9150-7093-94cd-6272941f015e,ACTIVE,-2500000,250000,0,0,0,0
351496,01a0b1c2-b010-7000-8000-000000000003,01a0bf0f-82ab-7769-983f-45fca21fae0a,LINGERING,0,-250000,2500000,0,0,0
351496,01a0b1c2-b010-7000-8000-000000000003,01a0bf0f-878c-766d-8e01-d6e11e6ed23b,LINGERING,2500000,250000,0,0,0,0
351496,01a0b1c2-b010-7000-8000-000000000003,01a0bf0f-8c6e-75e9-93bb-936cf39e95cf,ACTIVE,-2165064,-250000,-1250000,0,0,0
351496,01a0b1c2-b010-7000-8000-000000000003,01a0bf0f-9150-7093-94cd-6272941f015e,ACTIVE,-2500000,250000,0,0,0,0
351498,01a0b1c2-b010-7000-8000-000000000003,01a0bf0f-82ab-7769-983f-45fca21fae0a,LINGERING,0,-250000,2500000,0,0,0
351498,01a0b1c2-b010-7000-8000-000000000003,01a0bf0f-878c-766d-8e01-d6e11e6ed23b,LINGERING,2500000,250000,0,0,0,0
351498,01a0b1c2-b010-7000-8000-000000000003,01a0bf0f-8c6e-75e9-93bb-936cf39e95cf,ACTIVE,-2165064,-250000,-1250000,0,0,0
351498,01a0b1c2-b010-7000-8000-000000000003,01a0bf0f-9150-7093-94cd-6272941f015e,ACTIVE,-2500000,250000,0,0,0,0
351500,01a0b1c2-b010-7000-8000-000000000003,01a0bf0f-82ab-7769-983f-45fca21fae0a,LINGERING,0,-250000,2500000,0,0,0
351500,01a0b1c2-b010-7000-8000-000000000003,01a0bf0f-878c-766d-8e01-d6e11e6ed23b,LINGERING,2500000,250000,0,0,0,0
351500,01a0b1c2-b010-7000-8000-000000000003,01a0bf0f-8c6e-75e9-93bb-936cf39e95cf,LINGERING,-2165064,-250000,-1250000,0,0,0
351500,01a0b1c2-b010-7000-8000-000000000003,01a0bf0f-9150-7093-94cd-6272941f015e,ACTIVE,-2500000,250000,0,0,0,0
351502,01a0b1c2-b010-7000-8000-000000000003,01a0bf0f-82ab-7769-983f-45fca21fae0a,LINGERING,0,-250000,2500000,0,0,0
351502,01a0b1c2-b010-7000-8000-000000000003,01a0bf0f-878c-766d-8e01-d6e11e6ed23b,LINGERING,2500000,250000,0,0,0,0
351502,01a0b1c2-b010-7000-8000-000000000003,01a0bf0f-8c6e-75e9-93bb-936cf39e95cf,LINGERING,-2165064,-250000,-1250000,0,0,0
351502,01a0b1c2-b010-7000-8000-000000000003,01a0bf0f-9150-7093-94cd-6272941f015e,ACTIVE,-2500000,250000,0,0,0,0
351504,01a0b1c2-b010-7000-8000-000000000003,01a0bf0f-82ab-7769-983f-45fca21fae0a,LINGERING,0,-250000,2500000,0,0,0
351504,01a0b1c2-b010-7000-8000-000000000003,01a0bf0f-878c-766d-8e01-d6e11e6ed23b,LINGERING,2500000,250000,0,0,0,0
351504,01a0b1c2-b010-7000-8000-000000000003,01a0bf0f-8c6e-75e9-93bb-936cf39e95cf,LINGERING,-2165064,-250000,-1250000,0,0,0
351504,01a0b1c2-b010-7000-8000-000000000003,01a0bf0f-9150-7093-94cd-6272941f015e,ACTIVE,-2500000,250000,0,0,0,0
351506,01a0b1c2-b010-7000-8000-000000000003,01a0bf0f-82ab-7769-983f-45fca21fae0a,LINGERING,0,-250000,2500000,0,0,0
351506,01a0b1c2-b010-7000-8000-000000000003,01a0bf0f-878c-766d-8e01-d6e11e6ed23b,LINGERING,2500000,250000,0,0,0,0
351506,01a0b1c2-b010-7000-8000-000000000003,01a0bf0f-8c6e-75e9-93bb-936cf39e95cf,LINGERING,-2165064,-250000,-1250000,0,0,0
351506,01a0b1c2-b010-7000-8000-000000000003,01a0bf0f-9150-7093-94cd-6272941f015e,ACTIVE,-2500000,250000,0,0,0,0
351508,01a0b1c2-b010-7000-8000-000000000003,01a0bf0f-82ab-7769-983f-45fca21fae0a,LINGERING,0,-250000,2500000,0,0,0
351508,01a0b1c2-b010-7000-8000-000000000003,01a0bf0f-878c-766d-8e01-d6e11e6ed23b,LINGERING,2500000,250000,0,0,0,0
351508,01a0b1c2-b010-7000-8000-000000000003,01a0bf0f-8c6e-75e9-93bb-936cf39e95cf,LINGERING,-2165064,-250000,-1250000,0,0,0
351508,01a0b1c2-b010-7000-8000-000000000003,01a0bf0f-9150-7093-94cd-6272941f015e,ACTIVE,-2500000,250000,0,0,0,0
351510,01a0b1c2-b010-7000-8000-000000000003,01a0bf0f-82ab-7769-983f-45fca21fae0a,LINGERING,0,-250000,2500000,0,0,0
351510,01a0b1c2-b010-7000-8000-000000000003,01a0bf0f-878c-766d-8e01-d6e11e6ed23b,LINGERING,2500000,250000,0,0,0,0
351510,01a0b1c2-b010-7000-8000-000000000003,01a0bf0f-8c6e-75e9-93bb-936cf39e95cf,LINGERING,-2165064,-250000,-1250000,0,0,0
351510,01a0b1c2-b010-7000-8000-000000000003,01a0bf0f-9150-7093-94cd-6272941f015e,ACTIVE,-2500000,250000,0,0,0,0
351512,01a0b1c2-b010-7000-8000-000000000003,01a0bf0f-82ab-7769-983f-45fca21fae0a,LINGERING,0,-250000,2500000,0,0,0
351512,01a0b1c2-b010-7000-8000-000000000003,01a0bf0f-878c-766d-8e01-d6e11e6ed23b,LINGERING,2500000,250000,0,0,0,0
351512,01a0b1c2-b010-7000-8000-000000000003,01a0bf0f-8c6e-75e9-93bb-936cf39e95cf,LINGERING,-2165064,-250000,-1250000,0,0,0
351512,01a0b1c2-b010-7000-8000-000000000003,01a0bf0f-9150-7093-94cd-6272941f015e,ACTIVE,-2500000,250000,0,0,0,0
351514,01a0b1c2-b010-7000-8000-000000000003,01a0bf0f-82ab-7769-983f-45fca21fae0a,LINGERING,0,-250000,2500000,0,0,0
351514,01a0b1c2-b010-7000-8000-000000000003,01a0bf0f-878c-766d-8e01-d6e11e6ed23b,LINGERING,2500000,250000,0,0,0,0
351514,01a0b1c2-b010-7000-8000-000000000003,01a0bf0f-8c6e-75e9-93bb-936cf39e95cf,LINGERING,-2165064,-250000,-1250000,0,0,0
351514,01a0b1c2-b010-7000-8000-000000000003,01a0bf0f-9150-7093-94cd-6272941f015e,ACTIVE,-2500000,250000,0,0,0,0
351516,01a0b1c2-b010-7000-8000-000000000003,01a0bf0f-82ab-7769-983f-45fca21fae0a,LINGERING,0,-250000,2500000,0,0,0
351516,01a0b1c2-b010-7000-8000-000000000003,01a0bf0f-878c-766d-8e01-d6e11e6ed23b,LINGERING,2500000,250000,0,0,0,0
351516,01a0b1c2-b010-7000-8000-000000000003,01a0bf0f-8c6e-75e9-93bb-936cf39e95cf,LINGERING,-2165064,-250000,-1250000,0,0,0
351516,01a0b1c2-b010-7000-8000-000000000003,01a0bf0f-9150-7093-94cd-6272941f015e,ACTIVE,-2500000,250000,0,0,0,0
351518,01a0b1c2-b010-7000-8000-000000000003,01a0bf0f-82ab-7769-983f-45fca21fae0a,LINGERING,0,-250000,2500000,0,0,0
351518,01a0b1c2-b010-7000-8000-000000000003,01a0bf0f-878c-766d-8e01-d6e11e6ed23b,LINGERING,2500000,250000,0,0,0,0
351518,01a0b1c2-b010-7000-8000-000000000003,01a0bf0f-8c6e-75e9-93bb-936cf39e95cf,LINGERING,-2165064,-250000,-1250000,0,0,0
351518,01a0b1c2-b010-7000-8000-000000000003,01a0bf0f-9150-7093-94cd-6272941f015e,ACTIVE,-2500000,250000,0,0,0,0
351520,01a0b1c2-b010-7000-8000-000000000003,01a0bf0f-82ab-7769-983f-45fca21fae0a,LINGERING,0,-250000,2500000,0,0,0
351520,01a0b1c2-b010-7000-8000-000000000003,01a0bf0f-878c-766d-8e01-d6e11e6ed23b,LINGERING,2500000,250000,0,0,0,0
351520,01a0b1c2-b010-7000-8000-000000000003,01a0bf0f-8c6e-75e9-93bb-936cf39e95cf,LINGERING,-2165064,-250000,-1250000,0,0,0
351520,01a0b1c2-b010-7000-8000-000000000003,01a0bf0f-9150-7093-94cd-6272941f015e,ACTIVE,-2500000,250000,0,0,0,0
351522,01a0b1c2-b010-7000-8000-000000000003,01a0bf0f-82ab-7769-983f-45fca21fae0a,LINGERING,0,-250000,2500000,0,0,0
351522,01a0b1c2-b010-7000-8000-000000000003,01a0bf0f-878c-766d-8e01-d6e11e6ed23b,LINGERING,2500000,250000,0,0,0,0
351522,01a0b1c2-b010-7000-8000-000000000003,01a0bf0f-8c6e-75e9-93bb-936cf39e95cf,LINGERING,-2165064,-250000,-1250000,0,0,0
351522,01a0b1c2-b010-7000-8000-000000000003,01a0bf0f-9150-7093-94cd-6272941f015e,ACTIVE,-2500000,250000,0,0,0,0
351524,01a0b1c2-b010-7000-8000-000000000003,01a0bf0f-82ab-7769-983f-45fca21fae0a,LINGERING,0,-250000,2500000,0,0,0
351524,01a0b1c2-b010-7000-8000-000000000003,01a0bf0f-878c-766d-8e01-d6e11e6ed23b,LINGERING,2500000,250000,0,0,0,0
351524,01a0b1c2-b010-7000-8000-000000000003,01a0bf0f-8c6e-75e9-93bb-936cf39e95cf,LINGERING,-2165064,-250000,-1250000,0,0,0
351524,01a0b1c2-b010-7000-8000-000000000003,01a0bf0f-9150-7093-94cd-6272941f015e,ACTIVE,-2500000,250000,0,0,0,0
351526,01a0b1c2-b010-7000-8000-000000000003,01a0bf0f-82ab-7769-983f-45fca21fae0a,LINGERING,0,-250000,2500000,0,0,0
351526,01a0b1c2-b010-7000-8000-000000000003,01a0bf0f-878c-766d-8e01-d6e11e6ed23b,LINGERING,2500000,250000,0,0,0,0
351526,01a0b1c2-b010-7000-8000-000000000003,01a0bf0f-8c6e-75e9-93bb-936cf39e95cf,LINGERING,-2165064,-250000,-1250000,0,0,0
351526,01a0b1c2-b010-7000-8000-000000000003,01a0bf0f-9150-7093-94cd-6272941f015e,ACTIVE,-2500000,250000,0,0,0,0
351528,01a0b1c2-b010-7000-8000-000000000003,01a0bf0f-82ab-7769-983f-45fca21fae0a,LINGERING,0,-250000,2500000,0,0,0
351528,01a0b1c2-b010-7000-8000-000000000003,01a0bf0f-878c-766d-8e01-d6e11e6ed23b,LINGERING,2500000,250000,0,0,0,0
351528,01a0b1c2-b010-7000-8000-000000000003,01a0bf0f-8c6e-75e9-93bb-936cf39e95cf,LINGERING,-2165064,-250000,-1250000,0,0,0
351528,01a0b1c2-b010-7000-8000-000000000003,01a0bf0f-9150-7093-94cd-6272941f015e,ACTIVE,-2500000,250000,0,0,0,0
