tick,observer_actor_id,ship_id,presence,px_mm,py_mm,pz_mm,vx_mm_s,vy_mm_s,vz_mm_s
366112,01a0b1c2-b010-7000-8000-000000000000,01a0c441-d723-767b-90a3-bdbdd004e863,ACTIVE,0,-250000,2500000,0,0,0
366114,01a0b1c2-b010-7000-8000-000000000000,01a0c441-d723-767b-90a3-bdbdd004e863,ACTIVE,0,-249968,2499739,0,448,-3471
366116,01a0b1c2-b010-7000-8000-000000000000,01a0c441-d723-767b-90a3-bdbdd004e863,ACTIVE,0,-249859,2499137,0,1360,-6861
366118,01a0b1c2-b010-7000-8000-000000000000,01a0c441-d723-767b-90a3-bdbdd004e863,ACTIVE,0,-249598,2498213,0,3107,-10000
366120,01a0b1c2-b010-7000-8000-000000000000,01a0c441-d723-767b-90a3-bdbdd004e863,ACTIVE,0,-249088,2497012,0,5830,-12644
366122,01a0b1c2-b010-7000-8000-000000000000,01a0c441-d723-767b-90a3-bdbdd004e863,ACTIVE,0,-248252,2495590,0,9264,-14681
366124,01a0b1c2-b010-7000-8000-000000000000,01a0c441-d723-767b-90a3-bdbdd004e863,ACTIVE,0,-247035,2494013,0,13148,-16093
366126,01a0b1c2-b010-7000-8000-000000000000,01a0c441-d723-767b-90a3-bdbdd004e863,ACTIVE,0,-245418,2492334,0,17182,-16985
366128,01a0b1c2-b010-7000-8000-000000000000,01a0c441-d723-767b-90a3-bdbdd004e863,ACTIVE,0,-243392,2490605,0,21298,-17343
366130,01a0b1c2-b010-7000-8000-000000000000,01a0c441-d723-767b-90a3-bdbdd004e863,ACTIVE,0,-240952,2488881,0,25426,-17162
366132,01a0b1c2-b010-7000-8000-000000000000,01a0c441-d723-767b-90a3-bdbdd004e863,ACTIVE,0,-238104,2487215,0,29495,-16443
366134,01a0b1c2-b010-7000-8000-000000000000,01a0c441-d723-767b-90a3-bdbdd004e863,ACTIVE,0,-234858,2485661,0,33435,-15199
366136,01a0b1c2-b010-7000-8000-000000000000,01a0c441-d723-767b-90a3-bdbdd004e863,ACTIVE,0,-231232,2484269,0,37179,-13452
366136,01a0b1c2-b010-7000-8000-000000000000,01a0c441-dc05-7521-a2e5-cffdd63883ba,ACTIVE,2500000,250000,0,0,0,0
366138,01a0b1c2-b010-7000-8000-000000000000,01a0c441-d723-767b-90a3-bdbdd004e863,ACTIVE,0,-227251,2483087,0,40664,-11232
366138,01a0b1c2-b010-7000-8000-000000000000,01a0c441-dc05-7521-a2e5-cffdd63883ba,ACTIVE,2500000,250000,0,0,0,0
366140,01a0b1c2-b010-7000-8000-000000000000,01a0c441-d723-767b-90a3-bdbdd004e863,ACTIVE,0,-222945,2482161,0,43828,-8576
366140,01a0b1c2-b010-7000-8000-000000000000,01a0c441-dc05-7521-a2e5-cffdd63883ba,ACTIVE,2499739,249974,6,-3481,-348,101
366142,01a0b1c2-b010-7000-8000-000000000000,01a0c441-d723-767b-90a3-bdbdd004e863,ACTIVE,0,-218350,2481529,0,46620,-5529
366142,01a0b1c2-b010-7000-8000-000000000000,01a0c441-dc05-7521-a2e5-cffdd63883ba,ACTIVE,2499132,249914,54,-6928,-688,670
366144,01a0b1c2-b010-7000-8000-000000000000,01a0c441-d723-767b-90a3-bdbdd004e863,ACTIVE,0,-213508,2481229,0,48989,-2144
366144,01a0b1c2-b010-7000-8000-000000000000,01a0c441-dc05-7521-a2e5-cffdd63883ba,ACTIVE,2498191,249821,222,-10211,-1003,2096
366146,01a0b1c2-b010-7000-8000-000000000000,01a0c441-d723-767b-90a3-bdbdd004e863,ACTIVE,0,-208463,2481287,0,50897,1520
366146,01a0b1c2-b010-7000-8000-000000000000,01a0c441-dc05-7521-a2e5-cffdd63883ba,ACTIVE,2496950,249701,610,-13100,-1265,4543
366148,01a0b1c2-b010-7000-8000-000000000000,01a0c441-d723-767b-90a3-bdbdd004e863,ACTIVE,0,-203264,2481729,0,52311,5403
366148,01a0b1c2-b010-7000-8000-000000000000,01a0c441-dc05-7521-a2e5-cffdd63883ba,ACTIVE,2495460,249559,1301,-15462,-1464,7757
366150,01a0b1c2-b010-7000-8000-000000000000,01a0c441-d723-767b-90a3-bdbdd004e863,ACTIVE,0,-197963,2482572,0,53205,9437
366150,01a0b1c2-b010-7000-8000-000000000000,01a0c441-dc05-7521-a2e5-cffdd63883ba,ACTIVE,2493776,249402,2354,-17248,-1599,11480
366152,01a0b1c2-b010-7000-8000-000000000000,01a0c441-d723-767b-90a3-bdbdd004e863,ACTIVE,0,-192612,2483824,0,53566,13553
366152,01a0b1c2-b010-7000-8000-000000000000,01a0c441-dc05-7521-a2e5-cffdd63883ba,ACTIVE,2491952,249235,3796,-18536,-1685,15405
366154,01a0b1c2-b010-7000-8000-000000000000,01a0c441-d723-767b-90a3-bdbdd004e863,ACTIVE,0,-187265,2485489,0,53387,17681
366154,01a0b1c2-b010-7000-8000-000000000000,01a0c441-dc05-7521-a2e5-cffdd63883ba,ACTIVE,2490037,249064,5640,-19303,-1721,19465
366156,01a0b1c2-b010-7000-8000-000000000000,01a0c441-d723-767b-90a3-bdbdd004e863,ACTIVE,0,-181974,2487563,0,52714,21758
366156,01a0b1c2-b010-7000-8000-000000000000,01a0c441-dc05-7521-a2e5-cffdd63883ba,ACTIVE,2488086,248892,7896,-19536,-1708,23590
366158,01a0b1c2-b010-7000-8000-000000000000,01a0c441-d723-767b-90a3-bdbdd004e863,ACTIVE,0,-176780,2490039,0,51662,25755
366158,01a0b1c2-b010-7000-8000-000000000000,01a0c441-dc05-7521-a2e5-cffdd63883ba,ACTIVE,2486152,248726,10564,-19233,-1649,27710
366160,01a0b1c2-b010-7000-8000-000000000000,01a0c441-d723-767b-90a3-bdbdd004e863,ACTIVE,0,-171712,2492909,0,50327,29667
366160,01a0b1c2-b010-7000-8000-000000000000,01a0c441-dc05-7521-a2e5-cffdd63883ba,ACTIVE,2484284,248568,13640,-18462,-1552,31769
366162,01a0b1c2-b010-7000-8000-000000000000,01a0c441-d723-767b-90a3-bdbdd004e863,ACTIVE,0,-166794,2496163,0,48778,33500
366162,01a0b1c2-b010-7000-8000-000000000000,01a0c441-dc05-7521-a2e5-cffdd63883ba,ACTIVE,2482520,248422,17115,-17339,-1430,35745
366162,01a0b1c2-b010-7000-8000-000000000000,01a0c441-e0e7-71af-8b1d-ca2cf5125531,ACTIVE,-2164989,-249991,-1249956,1500,173,885
366164,01a0b1c2-b010-7000-8000-000000000000,01a0c441-d723-767b-90a3-bdbdd004e863,ACTIVE,0,-162044,2499796,0,47070,37264
366164,01a0b1c2-b010-7000-8000-000000000000,01a0c441-dc05-7521-a2e5-cffdd63883ba,ACTIVE,2480889,248289,20982,-15952,-1289,39637
366164,01a0b1c2-b010-7000-8000-000000000000,01a0c441-e0e7-71af-8b1d-ca2cf5125531,ACTIVE,-2164622,-249949,-1249721,4366,504,2869
366166,01a0b1c2-b010-7000-8000-000000000000,01a0c441-d723-767b-90a3-bdbdd004e863,ACTIVE,0,-157473,2503801,0,45242,40972
366166,01a0b1c2-b010-7000-8000-000000000000,01a0c441-dc05-7521-a2e5-cffdd63883ba,ACTIVE,2479411,248171,25233,-14367,-1138,43451
366166,01a0b1c2-b010-7000-8000-000000000000,01a0c441-e0e7-71af-8b1d-ca2cf5125531,ACTIVE,-2163997,-249877,-1249249,6831,786,5389
366168,01a0b1c2-b010-7000-8000-000000000000,01a0c441-d723-767b-90a3-bdbdd004e863,ACTIVE,0,-153092,2508173,0,43324,44634
366168,01a0b1c2-b010-7000-8000-000000000000,01a0c441-dc05-7521-a2e5-cffdd63883ba,ACTIVE,2478104,248069,29859,-12634,-979,47201
366168,01a0b1c2-b010-7000-8000-000000000000,01a0c441-e0e7-71af-8b1d-ca2cf5125531,ACTIVE,-2163179,-249784,-1248471,8551,976,8646
366170,01a0b1c2-b010-7000-8000-000000000000,01a0c441-d723-767b-90a3-bdbdd004e863,ACTIVE,0,-148908,2512908,0,41339,48260
366170,01a0b1c2-b010-7000-8000-000000000000,01a0c441-dc05-7521-a2e5-cffdd63883ba,ACTIVE,2476978,247984,34857,-10789,-817,50897
366170,01a0b1c2-b010-7000-8000-000000000000,01a0c441-e0e7-71af-8b1d-ca2cf5125531,ACTIVE,-2162253,-249679,-1247325,9435,1066,12432
366172,01a0b1c2-b010-7000-8000-000000000000,01a0c441-d723-767b-90a3-bdbdd004e863,ACTIVE,0,-144927,2518004,0,39301,51857
366172,01a0b1c2-b010-7000-8000-000000000000,01a0c441-dc05-7521-a2e5-cffdd63883ba,ACTIVE,2476044,247914,40221,-8859,-653,54549
366172,01a0b1c2-b010-7000-8000-000000000000,01a0c441-e0e7-71af-8b1d-ca2cf5125531,ACTIVE,-2161301,-249572,-1245776,9472,1056,16521
366174,01a0b1c2-b010-7000-8000-000000000000,01a0c441-d723-767b-90a3-bdbdd004e863,ACTIVE,0,-141152,2523458,0,37225,55432
366174,01a0b1c2-b010-7000-8000-000000000000,01a0c441-dc05-7521-a2e5-cffdd63883ba,ACTIVE,2475307,247861,45947,-6866,-489,58167
366174,01a0b1c2-b010-7000-8000-000000000000,01a0c441-e0e7-71af-8b1d-ca2cf5125531,ACTIVE,-2160392,-249472,-1243816,8927,981,20617
366176,01a0b1c2-b010-7000-8000-000000000000,01a0c441-d723-767b-90a3-bdbdd004e863,ACTIVE,0,-137588,2529268,0,35119,58989
366176,01a0b1c2-b010-7000-8000-000000000000,01a0c441-dc05-7521-a2e5-cffdd63883ba,ACTIVE,2474773,247825,52033,-4825,-327,61758
366176,01a0b1c2-b010-7000-8000-000000000000,01a0c441-e0e7-71af-8b1d-ca2cf5125531,ACTIVE,-2159569,-249383,-1241452,7975,862,24637
366178,01a0b1c2-b010-7000-8000-000000000000,01a0c441-d723-767b-90a3-bdbdd004e863,ACTIVE,0,-134235,2535433,0,32991,62533
366178,01a0b1c2-b010-7000-8000-000000000000,01a0c441-dc05-7521-a2e5-cffdd63883ba,ACTIVE,2474446,247804,58477,-2746,-169,65328
366178,01a0b1c2-b010-7000-8000-000000000000,01a0c441-e0e7-71af-8b1d-ca2cf5125531,ACTIVE,-2158863,-249307,-1238693,6738,716,28566
366180,01a0b1c2-b010-7000-8000-000000000000,01a0c441-d723-767b-90a3-bdbdd004e863,ACTIVE,0,-131097,2541951,0,30845,66067
366180,01a0b1c2-b010-7000-8000-000000000000,01a0c441-dc05-7521-a2e5-cffdd63883ba,ACTIVE,2474277,247794,65275,-1601,-88,68859
366180,01a0b1c2-b010-7000-8000-000000000000,01a0c441-e0e7-71af-8b1d-ca2cf5125531,ACTIVE,-2158262,-249244,-1235555,5776,605,32318
366182,01a0b1c2-b010-7000-8000-000000000000,01a0c441-d723-767b-90a3-bdbdd004e863,ACTIVE,0,-128174,2548823,0,28687,69593
366182,01a0b1c2-b010-7000-8000-000000000000,01a0c441-dc05-7521-a2e5-cffdd63883ba,ACTIVE,2474141,247787,72424,-1284,-69,72366
366182,01a0b1c2-b010-7000-8000-000000000000,01a0c441-e0e7-71af-8b1d-ca2cf5125531,ACTIVE,-2157751,-249191,-1232047,4887,505,35987
366184,01a0b1c2-b010-7000-8000-000000000000,01a0c441-d723-767b-90a3-bdbdd004e863,ACTIVE,0,-125468,2556046,0,26519,73113
366184,01a0b1c2-b010-7000-8000-000000000000,01a0c441-dc05-7521-a2e5-cffdd63883ba,ACTIVE,2474032,247781,79923,-1027,-54,75870
366184,01a0b1c2-b010-7000-8000-000000000000,01a0c441-e0e7-71af-8b1d-ca2cf5125531,ACTIVE,-2157323,-249147,-1228178,4094,417,39598
366186,01a0b1c2-b010-7000-8000-000000000000,01a0c441-d723-767b-90a3-bdbdd004e863,ACTIVE,0,-122979,2563621,0,24343,76628
366186,01a0b1c2-b010-7000-8000-000000000000,01a0c441-dc05-7521-a2e5-cffdd63883ba,ACTIVE,2473945,247777,87773,-820,-42,79373
366186,01a0b1c2-b010-7000-8000-000000000000,01a0c441-e0e7-71af-8b1d-ca2cf5125531,ACTIVE,-2156966,-249111,-1223950,3401,342,43170
366186,01a0b1c2-b010-7000-8000-000000000000,01a0c441-e5c9-76eb-a77b-de784cb71f6a,ACTIVE,-2500000,250000,0,0,0,0
366188,01a0b1c2-b010-7000-8000-000000000000,01a0c441-d723-767b-90a3-bdbdd004e863,ACTIVE,0,-120709,2571547,0,22161,80139
366188,01a0b1c2-b010-7000-8000-000000000000,01a0c441-dc05-7521-a2e5-cffdd63883ba,ACTIVE,2473876,247773,95973,-653,-32,82874
366188,01a0b1c2-b010-7000-8000-000000000000,01a0c441-e0e7-71af-8b1d-ca2cf5125531,ACTIVE,-2156671,-249082,-1219367,2806,279,46716
366188,01a0b1c2-b010-7000-8000-000000000000,01a0c441-e5c9-76eb-a77b-de784cb71f6a,ACTIVE,-2500000,250000,0,0,0,0
366190,01a0b1c2-b010-7000-8000-000000000000,01a0c441-d723-767b-90a3-bdbdd004e863,ACTIVE,0,-118657,2579824,0,19975,83648
366190,01a0b1c2-b010-7000-8000-000000000000,01a0c441-dc05-7521-a2e5-cffdd63883ba,ACTIVE,2473821,247771,104523,-519,-25,86375
366190,01a0b1c2-b010-7000-8000-000000000000,01a0c441-e0e7-71af-8b1d-ca2cf5125531,ACTIVE,-2156429,-249058,-1214430,2302,227,50246
366190,01a0b1c2-b010-7000-8000-000000000000,01a0c441-e5c9-76eb-a77b-de784cb71f6a,ACTIVE,-2500000,250000,0,0,0,0
366192,01a0b1c2-b010-7000-8000-000000000000,01a0c441-d723-767b-90a3-bdbdd004e863,ACTIVE,0,-116823,2588452,0,17786,87155
366192,01a0b1c2-b010-7000-8000-000000000000,01a0c441-dc05-7521-a2e5-cffdd63883ba,ACTIVE,2473777,247769,113423,-412,-20,89876
366192,01a0b1c2-b010-7000-8000-000000000000,01a0c441-e0e7-71af-8b1d-ca2cf5125531,ACTIVE,-2156231,-249039,-1209142,1879,183,53764
366192,01a0b1c2-b010-7000-8000-000000000000,01a0c441-e5c9-76eb-a77b-de784cb71f6a,ACTIVE,-2499913,249991,1,1741,-174,17
366194,01a0b1c2-b010-7000-8000-000000000000,01a0c441-d723-767b-90a3-bdbdd004e863,ACTIVE,0,-115209,2597430,0,15594,90660
366194,01a0b1c2-b010-7000-8000-000000000000,01a0c441-dc05-7521-a2e5-cffdd63883ba,ACTIVE,2473743,247767,122673,-327,-15,93376
366194,01a0b1c2-b010-7000-8000-000000000000,01a0c441-e0e7-71af-8b1d-ca2cf5125531,ACTIVE,-2156070,-249023,-1203502,1527,147,57276
366194,01a0b1c2-b010-7000-8000-000000000000,01a0c441-e5c9-76eb-a77b-de784cb71f6a,ACTIVE,-2499478,249948,21,5214,-518,302
366196,01a0b1c2-b010-7000-8000-000000000000,01a0c441-d723-767b-90a3-bdbdd004e863,ACTIVE,0,-113814,2606759,0,13401,94164
366196,01a0b1c2-b010-7000-8000-000000000000,01a0c441-dc05-7521-a2e5-cffdd63883ba,ACTIVE,2473715,247766,132273,-259,-12,96876
366196,01a0b1c2-b010-7000-8000-000000000000,01a0c441-e0e7-71af-8b1d-ca2cf5125531,ACTIVE,-2155939,-249010,-1197511,1236,118,60783
366196,01a0b1c2-b010-7000-8000-000000000000,01a0c441-e5c9-76eb-a77b-de784cb71f6a,ACTIVE,-2498702,249871,117,8604,-846,1253
366198,01a0b1c2-b010-7000-8000-000000000000,01a0c441-d723-767b-90a3-bdbdd004e863,ACTIVE,0,-112638,2616438,0,11206,97667
366198,01a0b1c2-b010-7000-8000-000000000000,01a0c441-dc05-7521-a2e5-cffdd63883ba,ACTIVE,2473693,247765,142223,-204,-9,100376
366198,01a0b1c2-b010-7000-8000-000000000000,01a0c441-e0e7-71af-8b1d-ca2cf5125531,ACTIVE,-2155834,-249000,-1191170,997,94,64288
366198,01a0b1c2-b010-7000-8000-000000000000,01a0c441-e5c9-76eb-a77b-de784cb71f6a,ACTIVE,-2497605,249765,383,11713,-1129,3218
366200,01a0b1c2-b010-7000-8000-000000000000,01a0c441-d723-767b-90a3-bdbdd004e863,ACTIVE,0,-111682,2626468,0,9012,101171
366200,01a0b1c2-b010-7000-8000-000000000000,01a0c441-dc05-7521-a2e5-cffdd63883ba,ACTIVE,2473676,247764,152524,-161,-7,103876
366200,01a0b1c2-b010-7000-8000-000000000000,01a0c441-e0e7-71af-8b1d-ca2cf5125531,ACTIVE,-2155749,-248992,-1184479,803,75,67790
366200,01a0b1c2-b010-7000-8000-000000000000,01a0c441-e5c9-76eb-a77b-de784cb71f6a,ACTIVE,-2496232,249635,913,14359,-1352,6059
366202,01a0b1c2-b010-7000-8000-000000000000,01a0c441-d723-767b-90a3-bdbdd004e863,ACTIVE,0,-110946,2636848,0,6818,104675
366202,01a0b1c2-b010-7000-8000-000000000000,01a0c441-dc05-7521-a2e5-cffdd63883ba,ACTIVE,2473663,247764,163174,-127,-5,107376
366202,01a0b1c2-b010-7000-8000-000000000000,01a0c441-e0e7-71af-8b1d-ca2cf5125531,ACTIVE,-2155681,-248986,-1177437,644,60,71292
366202,01a0b1c2-b010-7000-8000-000000000000,01a0c441-e5c9-76eb-a77b-de784cb71f6a,ACTIVE,-2494638,249488,1780,16419,-1508,9588
366204,01a0b1c2-b010-7000-8000-000000000000,01a0c441-d723-767b-90a3-bdbdd004e863,ACTIVE,0,-110428,2647578,0,4624,108178
366204,01a0b1c2-b010-7000-8000-000000000000,01a0c441-dc05-7521-a2e5-cffdd63883ba,ACTIVE,2473652,247763,174174,-100,-4,110876
366204,01a0b1c2-b010-7000-8000-000000000000,01a0c441-e0e7-71af-8b1d-ca2cf5125531,ACTIVE,-2155626,-248981,-1170045,515,48,74793
366204,01a0b1c2-b010-7000-8000-000000000000,01a0c441-e5c9-76eb-a77b-de784cb71f6a,ACTIVE,-2492878,249329,3025,17960,-1610,13420
366206,01a0b1c2-b010-7000-8000-000000000000,01a0c441-d723-767b-90a3-bdbdd004e863,ACTIVE,0,-110131,2658658,0,2430,111682
366206,01a0b1c2-b010-7000-8000-000000000000,01a0c441-dc05-7521-a2e5-cffdd63883ba,ACTIVE,2473644,247763,185524,-79,-3,114376
366206,01a0b1c2-b010-7000-8000-000000000000,01a0c441-e0e7-71af-8b1d-ca2cf5125531,ACTIVE,-2155582,-248977,-1162303,412,38,78294
366206,01a0b1c2-b010-7000-8000-000000000000,01a0c441-e5c9-76eb-a77b-de784cb71f6a,ACTIVE,-2491001,249164,4666,18991,-1663,17421
366208,01a0b1c2-b010-7000-8000-000000000000,01a0c441-d723-767b-90a3-bdbdd004e863,ACTIVE,0,-110052,2670089,0,236,115186
366208,01a0b1c2-b010-7000-8000-000000000000,01a0c441-dc05-7521-a2e5-cffdd63883ba,ACTIVE,2473637,247762,197224,-62,-3,117876
366208,01a0b1c2-b010-7000-8000-000000000000,01a0c441-e0e7-71af-8b1d-ca2cf5125531,ACTIVE,-2155548,-248974,-1154211,328,30,81794
366208,01a0b1c2-b010-7000-8000-000000000000,01a0c441-e5c9-76eb-a77b-de784cb71f6a,ACTIVE,-2489061,248997,6716,19493,-1668,21522
366210,01a0b1c2-b010-7000-8000-000000000000,01a0c441-d723-767b-90a3-bdbdd004e863,ACTIVE,0,-110033,2681870,0,197,118686
366210,01a0b1c2-b010-7000-8000-000000000000,01a0c441-dc05-7521-a2e5-cffdd63883ba,ACTIVE,2473632,247762,209274,-49,-2,121376
366210,01a0b1c2-b010-7000-8000-000000000000,01a0c441-e0e7-71af-8b1d-ca2cf5125531,ACTIVE,-2155520,-248971,-1145769,261,24,85294
366210,01a0b1c2-b010-7000-8000-000000000000,01a0c441-e5c9-76eb-a77b-de784cb71f6a,ACTIVE,-2487111,248833,9178,19458,-1627,25654
366212,01a0b1c2-b010-7000-8000-000000000000,01a0c441-d723-767b-90a3-bdbdd004e863,ACTIVE,0,-110013,2694002,0,203,122186
366212,01a0b1c2-b010-7000-8000-000000000000,01a0c441-dc05-7521-a2e5-cffdd63883ba,ACTIVE,2473628,247762,221674,-38,-2,124876
366212,01a0b1c2-b010-7000-8000-000000000000,01a0c441-e0e7-71af-8b1d-ca2cf5125531,ACTIVE,-2155498,-248969,-1136978,207,19,88795
366212,01a0b1c2-b010-7000-8000-000000000000,01a0c441-e5c9-76eb-a77b-de784cb71f6a,ACTIVE,-2485204,248676,12051,18906,-1545,29748
366214,01a0b1c2-b010-7000-8000-000000000000,01a0c441-d723-767b-90a3-bdbdd004e863,ACTIVE,0,-109992,2706483,0,209,125686
366214,01a0b1c2-b010-7000-8000-000000000000,01a0c441-dc05-7521-a2e5-cffdd63883ba,ACTIVE,2473625,247762,234425,-30,-1,128376
366214,01a0b1c2-b010-7000-8000-000000000000,01a0c441-e0e7-71af-8b1d-ca2cf5125531,ACTIVE,-2155481,-248968,-1127836,164,15,92295
366214,01a0b1c2-b010-7000-8000-000000000000,01a0c441-e5c9-76eb-a77b-de784cb71f6a,ACTIVE,-2483383,248530,15327,17947,-1433,33767
366216,01a0b1c2-b010-7000-8000-000000000000,01a0c441-d723-767b-90a3-bdbdd004e863,ACTIVE,0,-109970,2719314,0,215,129186
366216,01a0b1c2-b010-7000-8000-000000000000,01a0c441-dc05-7521-a2e5-cffdd63883ba,ACTIVE,2473622,247762,247525,-24,-1,131876
366216,01a0b1c2-b010-7000-8000-000000000000,01a0c441-e0e7-71af-8b1d-ca2cf5125531,ACTIVE,-2155467,-248967,-1118344,130,12,95795
366216,01a0b1c2-b010-7000-8000-000000000000,01a0c441-e5c9-76eb-a77b-de784cb71f6a,ACTIVE,-2481681,248396,19000,16682,-1302,37700
366218,01a0b1c2-b010-7000-8000-000000000000,01a0c441-d723-767b-90a3-bdbdd004e863,ACTIVE,0,-109949,2732495,0,221,132686
366218,01a0b1c2-b010-7000-8000-000000000000,01a0c441-dc05-7521-a2e5-cffdd63883ba,ACTIVE,2473620,247762,260975,-18,-1,135376
366218,01a0b1c2-b010-7000-8000-000000000000,01a0c441-e0e7-71af-8b1d-ca2cf5125531,ACTIVE,-2155456,-248966,-1108502,103,9,99295
366218,01a0b1c2-b010-7000-8000-000000000000,01a0c441-e5c9-76eb-a77b-de784cb71f6a,ACTIVE,-2480124,248277,23059,15189,-1158,41552
366220,01a0b1c2-b010-7000-8000-000000000000,01a0c441-d723-767b-90a3-bdbdd004e863,ACTIVE,0,-109926,2746026,0,226,136186
366220,01a0b1c2-b010-7000-8000-000000000000,01a0c441-dc05-7521-a2e5-cffdd63883ba,ACTIVE,2473619,247762,274775,-14,-1,138876
366220,01a0b1c2-b010-7000-8000-000000000000,01a0c441-e0e7-71af-8b1d-ca2cf5125531,ACTIVE,-2155447,-248965,-1098310,81,7,102795
366220,01a0b1c2-b010-7000-8000-000000000000,01a0c441-e5c9-76eb-a77b-de784cb71f6a,ACTIVE,-2478729,248173,27498,13525,-1006,45333
366222,01a0b1c2-b010-7000-8000-000000000000,01a0c441-d723-767b-90a3-bdbdd004e863,ACTIVE,0,-109903,2759907,0,232,139686
366222,01a0b1c2-b010-7000-8000-000000000000,01a0c441-dc05-7521-a2e5-cffdd63883ba,ACTIVE,2473617,247762,288775,-11,0,140000
366222,01a0b1c2-b010-7000-8000-000000000000,01a0c441-e0e7-71af-8b1d-ca2cf5125531,ACTIVE,-2155440,-248964,-1087768,64,6,106295
366222,01a0b1c2-b010-7000-8000-000000000000,01a0c441-e5c9-76eb-a77b-de784cb71f6a,ACTIVE,-2477510,248084,32311,11731,-849,49054
366224,01a0b1c2-b010-7000-8000-000000000000,01a0c441-d723-767b-90a3-bdbdd004e863,ACTIVE,0,-109880,2773907,0,233,140000
366224,01a0b1c2-b010-7000-8000-000000000000,01a0c441-dc05-7521-a2e5-cffdd63883ba,ACTIVE,2473617,247762,302775,-8,0,140000
366224,01a0b1c2-b010-7000-8000-000000000000,01a0c441-e0e7-71af-8b1d-ca2cf5125531,ACTIVE,-2155435,-248964,-1076876,51,4,109795
366224,01a0b1c2-b010-7000-8000-000000000000,01a0c441-e5c9-76eb-a77b-de784cb71f6a,ACTIVE,-2476478,248011,37492,9840,-691,52727
366226,01a0b1c2-b010-7000-8000-000000000000,01a0c441-d723-767b-90a3-bdbdd004e863,ACTIVE,0,-109856,2787907,0,233,140000
366226,01a0b1c2-b010-7000-8000-000000000000,01a0c441-dc05-7521-a2e5-cffdd63883ba,ACTIVE,2473616,247762,316775,-6,0,140000
366226,01a0b1c2-b010-7000-8000-000000000000,01a0c441-e0e7-71af-8b1d-ca2cf5125531,ACTIVE,-2155431,-248963,-1065634,40,3,113295
366226,01a0b1c2-b010-7000-8000-000000000000,01a0c441-e5c9-76eb-a77b-de784cb71f6a,ACTIVE,-2475641,247953,43037,7876,-534,56361
366228,01a0b1c2-b010-7000-8000-000000000000,01a0c441-d723-767b-90a3-bdbdd004e863,ACTIVE,0,-109833,2801907,0,233,140000
366228,01a0b1c2-b010-7000-8000-000000000000,01a0c441-dc05-7521-a2e5-cffdd63883ba,ACTIVE,2473615,247762,330775,-5,0,140000
366228,01a0b1c2-b010-7000-8000-000000000000,01a0c441-e0e7-71af-8b1d-ca2cf5125531,ACTIVE,-2155427,-248963,-1054042,31,3,116795
366228,01a0b1c2-b010-7000-8000-000000000000,01a0c441-e5c9-76eb-a77b-de784cb71f6a,ACTIVE,-2475005,247912,48944,5857,-378,59965
366230,01a0b1c2-b010-7000-8000-000000000000,01a0c441-d723-767b-90a3-bdbdd004e863,ACTIVE,0,-109810,2815907,0,233,140000
366230,01a0b1c2-b010-7000-8000-000000000000,01a0c441-dc05-7521-a2e5-cffdd63883ba,ACTIVE,2473615,247762,344775,-4,0,140000
366230,01a0b1c2-b010-7000-8000-000000000000,01a0c441-e0e7-71af-8b1d-ca2cf5125531,ACTIVE,-2155425,-248963,-1042100,25,2,120295
366230,01a0b1c2-b010-7000-8000-000000000000,01a0c441-e5c9-76eb-a77b-de784cb71f6a,ACTIVE,-2474573,247885,55209,3795,-226,63545
366232,01a0b1c2-b010-7000-8000-000000000000,01a0c441-d723-767b-90a3-bdbdd004e863,ACTIVE,0,-109787,2829907,0,233,140000
366232,01a0b1c2-b010-7000-8000-000000000000,01a0c441-dc05-7521-a2e5-cffdd63883ba,ACTIVE,2473615,247762,358775,-3,0,140000
366232,01a0b1c2-b010-7000-8000-000000000000,01a0c441-e0e7-71af-8b1d-ca2cf5125531,ACTIVE,-2155423,-248963,-1029808,19,2,123795
366232,01a0b1c2-b010-7000-8000-000000000000,01a0c441-e5c9-76eb-a77b-de784cb71f6a,ACTIVE,-2474347,247873,61831,1787,-88,67104
366234,01a0b1c2-b010-7000-8000-000000000000,01a0c441-d723-767b-90a3-bdbdd004e863,ACTIVE,0,-109763,2843907,0,233,140000
366234,01a0b1c2-b010-7000-8000-000000000000,01a0c441-dc05-7521-a2e5-cffdd63883ba,ACTIVE,2473614,247762,372775,-2,0,140000
366234,01a0b1c2-b010-7000-8000-000000000000,01a0c441-e0e7-71af-8b1d-ca2cf5125531,ACTIVE,-2155421,-248962,-1017166,15,1,127295
366234,01a0b1c2-b010-7000-8000-000000000000,01a0c441-e5c9-76eb-a77b-de784cb71f6a,ACTIVE,-2474195,247866,68804,1435,-68,70612
366236,01a0b1c2-b010-7000-8000-000000000000,01a0c441-d723-767b-90a3-bdbdd004e863,ACTIVE,0,-109740,2857907,0,233,140000
366236,01a0b1c2-b010-7000-8000-000000000000,01a0c441-dc05-7521-a2e5-cffdd63883ba,ACTIVE,2473614,247762,386775,-2,0,140000
366236,01a0b1c2-b010-7000-8000-000000000000,01a0c441-e0e7-71af-8b1d-ca2cf5125531,ACTIVE,-2155420,-248962,-1004174,12,1,130795
366236,01a0b1c2-b010-7000-8000-000000000000,01a0c441-e5c9-76eb-a77b-de784cb71f6a,ACTIVE,-2474073,247860,76128,1149,-53,74118
366238,01a0b1c2-b010-7000-8000-000000000000,01a0c441-d723-767b-90a3-bdbdd004e863,ACTIVE,0,-109717,2871907,0,233,140000
366238,01a0b1c2-b010-7000-8000-000000000000,01a0c441-dc05-7521-a2e5-cffdd63883ba,ACTIVE,2473614,247762,400775,-1,0,140000
366238,01a0b1c2-b010-7000-8000-000000000000,01a0c441-e0e7-71af-8b1d-ca2cf5125531,ACTIVE,-2155419,-248962,-990832,9,1,134295
366238,01a0b1c2-b010-7000-8000-000000000000,01a0c441-e5c9-76eb-a77b-de784cb71f6a,ACTIVE,-2473976,247856,83803,918,-41,77621
366240,01a0b1c2-b010-7000-8000-000000000000,01a0c441-d723-767b-90a3-bdbdd004e863,ACTIVE,0,-109693,2885907,0,233,140000
366240,01a0b1c2-b010-7000-8000-000000000000,01a0c441-dc05-7521-a2e5-cffdd63883ba,ACTIVE,2473614,247762,414775,-1,0,140000
366240,01a0b1c2-b010-7000-8000-000000000000,01a0c441-e0e7-71af-8b1d-ca2cf5125531,ACTIVE,-2155418,-248962,-977140,7,1,137795
366240,01a0b1c2-b010-7000-8000-000000000000,01a0c441-e5c9-76eb-a77b-de784cb71f6a,ACTIVE,-2473898,247853,91828,732,-31,81123
366242,01a0b1c2-b010-7000-8000-000000000000,01a0c441-d723-767b-90a3-bdbdd004e863,ACTIVE,0,-109670,2899907,0,233,140000
366242,01a0b1c2-b010-7000-8000-000000000000,01a0c441-dc05-7521-a2e5-cffdd63883ba,ACTIVE,2473614,247762,428775,-1,0,140000
366242,01a0b1c2-b010-7000-8000-000000000000,01a0c441-e0e7-71af-8b1d-ca2cf5125531,ACTIVE,-2155417,-248962,-963163,6,0,140000
366242,01a0b1c2-b010-7000-8000-000000000000,01a0c441-e5c9-76eb-a77b-de784cb71f6a,ACTIVE,-2473836,247850,100203,583,-24,84624
366244,01a0b1c2-b010-7000-8000-000000000000,01a0c441-d723-767b-90a3-bdbdd004e863,ACTIVE,0,-109647,2913907,0,233,140000
366244,01a0b1c2-b010-7000-8000-000000000000,01a0c441-dc05-7521-a2e5-cffdd63883ba,ACTIVE,2473614,247762,442775,-1,0,140000
366244,01a0b1c2-b010-7000-8000-000000000000,01a0c441-e0e7-71af-8b1d-ca2cf5125531,ACTIVE,-2155417,-248962,-949163,4,0,140000
366244,01a0b1c2-b010-7000-8000-000000000000,01a0c441-e5c9-76eb-a77b-de784cb71f6a,ACTIVE,-2473787,247848,108928,463,-19,88125
366246,01a0b1c2-b010-7000-8000-000000000000,01a0c441-d723-767b-90a3-bdbdd004e863,ACTIVE,0,-109624,2927907,0,233,140000
366246,01a0b1c2-b010-7000-8000-000000000000,01a0c441-dc05-7521-a2e5-cffdd63883ba,ACTIVE,2473614,247762,456775,0,0,140000
366246,01a0b1c2-b010-7000-8000-000000000000,01a0c441-e0e7-71af-8b1d-ca2cf5125531,ACTIVE,-2155417,-248962,-935163,3,0,140000
366246,01a0b1c2-b010-7000-8000-000000000000,01a0c441-e5c9-76eb-a77b-de784cb71f6a,ACTIVE,-2473748,247846,118003,367,-14,91625
366248,01a0b1c2-b010-7000-8000-000000000000,01a0c441-d723-767b-90a3-bdbdd004e863,ACTIVE,0,-109600,2941907,0,233,140000
366248,01a0b1c2-b010-7000-8000-000000000000,01a0c441-dc05-7521-a2e5-cffdd63883ba,ACTIVE,2473614,247762,470775,0,0,140000
366248,01a0b1c2-b010-7000-8000-000000000000,01a0c441-e0e7-71af-8b1d-ca2cf5125531,ACTIVE,-2155416,-248962,-921163,3,0,140000
366248,01a0b1c2-b010-7000-8000-000000000000,01a0c441-e5c9-76eb-a77b-de784cb71f6a,ACTIVE,-2473717,247845,127428,291,-11,95126
366250,01a0b1c2-b010-7000-8000-000000000000,01a0c441-d723-767b-90a3-bdbdd004e863,ACTIVE,0,-109577,2955907,0,233,140000
366250,01a0b1c2-b010-7000-8000-000000000000,01a0c441-dc05-7521-a2e5-cffdd63883ba,ACTIVE,2473614,247762,484775,0,0,140000
366250,01a0b1c2-b010-7000-8000-000000000000,01a0c441-e0e7-71af-8b1d-ca2cf5125531,ACTIVE,-2155416,-248962,-907163,2,0,140000
366250,01a0b1c2-b010-7000-8000-000000000000,01a0c441-e5c9-76eb-a77b-de784cb71f6a,ACTIVE,-2473693,247844,137203,230,-9,98626
366252,01a0b1c2-b010-7000-8000-000000000000,01a0c441-d723-767b-90a3-bdbdd004e863,ACTIVE,0,-109554,2969907,0,233,140000
366252,01a0b1c2-b010-7000-8000-000000000000,01a0c441-dc05-7521-a2e5-cffdd63883ba,ACTIVE,2473614,247762,498775,0,0,140000
366252,01a0b1c2-b010-7000-8000-000000000000,01a0c441-e0e7-71af-8b1d-ca2cf5125531,ACTIVE,-2155416,-248962,-893163,1,0,140000
366252,01a0b1c2-b010-7000-8000-000000000000,01a0c441-e5c9-76eb-a77b-de784cb71f6a,ACTIVE,-2473673,247844,147328,182,-7,102126
366254,01a0b1c2-b010-7000-8000-000000000000,01a0c441-d723-767b-90a3-bdbdd004e863,ACTIVE,0,-109531,2983907,0,233,140000
366254,01a0b1c2-b010-7000-8000-000000000000,01a0c441-dc05-7521-a2e5-cffdd63883ba,ACTIVE,2473614,247762,512775,0,0,140000
366254,01a0b1c2-b010-7000-8000-000000000000,01a0c441-e0e7-71af-8b1d-ca2cf5125531,ACTIVE,-2155416,-248962,-879163,1,0,140000
366254,01a0b1c2-b010-7000-8000-000000000000,01a0c441-e5c9-76eb-a77b-de784cb71f6a,ACTIVE,-2473658,247843,157803,143,-5,105626
366256,01a0b1c2-b010-7000-8000-000000000000,01a0c441-d723-767b-90a3-bdbdd004e863,ACTIVE,0,-109507,2997907,0,233,140000
366256,01a0b1c2-b010-7000-8000-000000000000,01a0c441-dc05-7521-a2e5-cffdd63883ba,ACTIVE,2473614,247762,526775,0,0,140000
366256,01a0b1c2-b010-7000-8000-000000000000,01a0c441-e0e7-71af-8b1d-ca2cf5125531,ACTIVE,-2155416,-248962,-865163,1,0,140000
366256,01a0b1c2-b010-7000-8000-000000000000,01a0c441-e5c9-76eb-a77b-de784cb71f6a,ACTIVE,-2473646,247843,168628,113,-4,109126
366258,01a0b1c2-b010-7000-8000-000000000000,01a0c441-d723-767b-90a3-bdbdd004e863,ACTIVE,0,-109484,3011907,0,233,140000
366258,01a0b1c2-b010-7000-8000-000000000000,01a0c441-dc05-7521-a2e5-cffdd63883ba,ACTIVE,2473614,247762,540775,0,0,140000
366258,01a0b1c2-b010-7000-8000-000000000000,01a0c441-e0e7-71af-8b1d-ca2cf5125531,ACTIVE,-2155416,-248962,-851163,1,0,140000
366258,01a0b1c2-b010-7000-8000-000000000000,01a0c441-e5c9-76eb-a77b-de784cb71f6a,ACTIVE,-2473637,247842,179803,89,-3,112626
366260,01a0b1c2-b010-7000-8000-000000000000,01a0c441-d723-767b-90a3-bdbdd004e863,ACTIVE,0,-109461,3025907,0,233,140000
366260,01a0b1c2-b010-7000-8000-000000000000,01a0c441-dc05-7521-a2e5-cffdd63883ba,ACTIVE,2473614,247762,554775,0,0,140000
366260,01a0b1c2-b010-7000-8000-000000000000,01a0c441-e0e7-71af-8b1d-ca2cf5125531,ACTIVE,-2155416,-248962,-837163,0,0,140000
366260,01a0b1c2-b010-7000-8000-000000000000,01a0c441-e5c9-76eb-a77b-de784cb71f6a,ACTIVE,-2473629,247842,191328,70,-2,116126
366262,01a0b1c2-b010-7000-8000-000000000000,01a0c441-d723-767b-90a3-bdbdd004e863,ACTIVE,0,-109437,3039906,0,233,140000
366262,01a0b1c2-b010-7000-8000-000000000000,01a0c441-dc05-7521-a2e5-cffdd63883ba,ACTIVE,2473614,247762,568775,0,0,140000
366262,01a0b1c2-b010-7000-8000-000000000000,01a0c441-e0e7-71af-8b1d-ca2cf5125531,ACTIVE,-2155416,-248962,-823163,0,0,140000
366262,01a0b1c2-b010-7000-8000-000000000000,01a0c441-e5c9-76eb-a77b-de784cb71f6a,ACTIVE,-2473623,247842,203203,55,-2,119626
366264,01a0b1c2-b010-7000-8000-000000000000,01a0c441-d723-767b-90a3-bdbdd004e863,ACTIVE,0,-109414,3053906,0,233,140000
366264,01a0b1c2-b010-7000-8000-000000000000,01a0c441-dc05-7521-a2e5-cffdd63883ba,ACTIVE,2473614,247762,582775,0,0,140000
366264,01a0b1c2-b010-7000-8000-000000000000,01a0c441-e0e7-71af-8b1d-ca2cf5125531,ACTIVE,-2155416,-248962,-809163,0,0,140000
366264,01a0b1c2-b010-7000-8000-000000000000,01a0c441-e5c9-76eb-a77b-de784cb71f6a,ACTIVE,-2473619,247842,215428,43,-1,123126
366266,01a0b1c2-b010-7000-8000-000000000000,01a0c441-d723-767b-90a3-bdbdd004e863,ACTIVE,0,-109391,3067906,0,233,140000
366266,01a0b1c2-b010-7000-8000-000000000000,01a0c441-dc05-7521-a2e5-cffdd63883ba,ACTIVE,2473614,247762,596775,0,0,140000
366266,01a0b1c2-b010-7000-8000-000000000000,01a0c441-e0e7-71af-8b1d-ca2cf5125531,ACTIVE,-2155416,-248962,-795163,0,0,140000
366266,01a0b1c2-b010-7000-8000-000000000000,01a0c441-e5c9-76eb-a77b-de784cb71f6a,ACTIVE,-2473615,247842,228003,34,-1,126626
366268,01a0b1c2-b010-7000-8000-000000000000,01a0c441-d723-767b-90a3-bdbdd004e863,ACTIVE,0,-109368,3081906,0,233,140000
366268,01a0b1c2-b010-7000-8000-000000000000,01a0c441-dc05-7521-a2e5-cffdd63883ba,ACTIVE,2473614,247762,610775,0,0,140000
366268,01a0b1c2-b010-7000-8000-000000000000,01a0c441-e0e7-71af-8b1d-ca2cf5125531,ACTIVE,-2155416,-248962,-781163,0,0,140000
366268,01a0b1c2-b010-7000-8000-000000000000,01a0c441-e5c9-76eb-a77b-de784cb71f6a,ACTIVE,-2473612,247842,240928,27,-1,130126
366270,01a0b1c2-b010-7000-8000-000000000000,01a0c441-d723-767b-90a3-bdbdd004e863,ACTIVE,0,-109344,3095906,0,233,140000
366270,01a0b1c2-b010-7000-8000-000000000000,01a0c441-dc05-7521-a2e5-cffdd63883ba,ACTIVE,2473614,247762,624775,0,0,140000
366270,01a0b1c2-b010-7000-8000-000000000000,01a0c441-e0e7-71af-8b1d-ca2cf5125531,ACTIVE,-2155416,-248962,-767163,0,0,140000
366270,01a0b1c2-b010-7000-8000-000000000000,01a0c441-e5c9-76eb-a77b-de784cb71f6a,ACTIVE,-2473610,247841,254204,21,-1,133626
366272,01a0b1c2-b010-7000-8000-000000000000,01a0c441-d723-767b-90a3-bdbdd004e863,ACTIVE,0,-109321,3109906,0,233,140000
366272,01a0b1c2-b010-7000-8000-000000000000,01a0c441-dc05-7521-a2e5-cffdd63883ba,ACTIVE,2473614,247762,638775,0,0,140000
366272,01a0b1c2-b010-7000-8000-000000000000,01a0c441-e0e7-71af-8b1d-ca2cf5125531,ACTIVE,-2155416,-248962,-753163,0,0,140000
366272,01a0b1c2-b010-7000-8000-000000000000,01a0c441-e5c9-76eb-a77b-de784cb71f6a,ACTIVE,-2473608,247841,267829,16,0,137126
366274,01a0b1c2-b010-7000-8000-000000000000,01a0c441-d723-767b-90a3-bdbdd004e863,ACTIVE,0,-109298,3123906,0,233,140000
366274,01a0b1c2-b010-7000-8000-000000000000,01a0c441-dc05-7521-a2e5-cffdd63883ba,ACTIVE,2473614,247762,652775,0,0,140000
366274,01a0b1c2-b010-7000-8000-000000000000,01a0c441-e0e7-71af-8b1d-ca2cf5125531,ACTIVE,-2155416,-248962,-739163,0,0,140000
366274,01a0b1c2-b010-7000-8000-000000000000,01a0c441-e5c9-76eb-a77b-de784cb71f6a,ACTIVE,-2473607,247841,281772,13,0,140000
366276,01a0b1c2-b010-7000-8000-000000000000,01a0c441-d723-767b-90a3-bdbdd004e863,ACTIVE,0,-109275,3137906,0,233,140000
366276,01a0b1c2-b010-7000-8000-000000000000,01a0c441-dc05-7521-a2e5-cffdd63883ba,ACTIVE,2473614,247762,666775,0,0,140000
366276,01a0b1c2-b010-7000-8000-000000000000,01a0c441-e0e7-71af-8b1d-ca2cf5125531,ACTIVE,-2155416,-248962,-725163,0,0,140000
366276,01a0b1c2-b010-7000-8000-000000000000,01a0c441-e5c9-76eb-a77b-de784cb71f6a,ACTIVE,-2473606,247841,295772,10,0,140000
366278,01a0b1c2-b010-7000-8000-000000000000,01a0c441-d723-767b-90a3-bdbdd004e863,ACTIVE,0,-109251,3151906,0,233,140000
366278,01a0b1c2-b010-7000-8000-000000000000,01a0c441-dc05-7521-a2e5-cffdd63883ba,ACTIVE,2473614,247762,680775,0,0,140000
366278,01a0b1c2-b010-7000-8000-000000000000,01a0c441-e0e7-71af-8b1d-ca2cf5125531,ACTIVE,-2155416,-248962,-711163,0,0,140000
366278,01a0b1c2-b010-7000-8000-000000000000,01a0c441-e5c9-76eb-a77b-de784cb71f6a,ACTIVE,-2473605,247841,309772,7,0,140000
366280,01a0b1c2-b010-7000-8000-000000000000,01a0c441-d723-767b-90a3-bdbdd004e863,ACTIVE,0,-109228,3165906,0,233,140000
366280,01a0b1c2-b010-7000-8000-000000000000,01a0c441-dc05-7521-a2e5-cffdd63883ba,ACTIVE,2473614,247762,694775,0,0,140000
366280,01a0b1c2-b010-7000-8000-000000000000,01a0c441-e0e7-71af-8b1d-ca2cf5125531,ACTIVE,-2155416,-248962,-697163,0,0,140000
366280,01a0b1c2-b010-7000-8000-000000000000,01a0c441-e5c9-76eb-a77b-de784cb71f6a,ACTIVE,-2473605,247841,323772,6,0,140000
366282,01a0b1c2-b010-7000-8000-000000000000,01a0c441-d723-767b-90a3-bdbdd004e863,ACTIVE,0,-109205,3179906,0,233,140000
366282,01a0b1c2-b010-7000-8000-000000000000,01a0c441-dc05-7521-a2e5-cffdd63883ba,ACTIVE,2473614,247762,708775,0,0,140000
366282,01a0b1c2-b010-7000-8000-000000000000,01a0c441-e0e7-71af-8b1d-ca2cf5125531,ACTIVE,-2155416,-248962,-683163,0,0,140000
366282,01a0b1c2-b010-7000-8000-000000000000,01a0c441-e5c9-76eb-a77b-de784cb71f6a,ACTIVE,-2473604,247841,337772,4,0,140000
366284,01a0b1c2-b010-7000-8000-000000000000,01a0c441-d723-767b-90a3-bdbdd004e863,ACTIVE,0,-109181,3193906,0,233,140000
366284,01a0b1c2-b010-7000-8000-000000000000,01a0c441-dc05-7521-a2e5-cffdd63883ba,ACTIVE,2473614,247762,722775,0,0,140000
366284,01a0b1c2-b010-7000-8000-000000000000,01a0c441-e0e7-71af-8b1d-ca2cf5125531,ACTIVE,-2155416,-248962,-669163,0,0,140000
366284,01a0b1c2-b010-7000-8000-000000000000,01a0c441-e5c9-76eb-a77b-de784cb71f6a,ACTIVE,-2473604,247841,351772,3,0,140000
366286,01a0b1c2-b010-7000-8000-000000000000,01a0c441-d723-767b-90a3-bdbdd004e863,ACTIVE,0,-109158,3207906,0,233,140000
366286,01a0b1c2-b010-7000-8000-000000000000,01a0c441-dc05-7521-a2e5-cffdd63883ba,ACTIVE,2473614,247762,736775,0,0,140000
366286,01a0b1c2-b010-7000-8000-000000000000,01a0c441-e0e7-71af-8b1d-ca2cf5125531,ACTIVE,-2155416,-248962,-655163,0,0,140000
366286,01a0b1c2-b010-7000-8000-000000000000,01a0c441-e5c9-76eb-a77b-de784cb71f6a,ACTIVE,-2473604,247841,365772,3,0,140000
366288,01a0b1c2-b010-7000-8000-000000000000,01a0c441-d723-767b-90a3-bdbdd004e863,ACTIVE,0,-109135,3221906,0,233,140000
366288,01a0b1c2-b010-7000-8000-000000000000,01a0c441-dc05-7521-a2e5-cffdd63883ba,ACTIVE,2473614,247762,750775,0,0,140000
366288,01a0b1c2-b010-7000-8000-000000000000,01a0c441-e0e7-71af-8b1d-ca2cf5125531,ACTIVE,-2155416,-248962,-641163,0,0,140000
366288,01a0b1c2-b010-7000-8000-000000000000,01a0c441-e5c9-76eb-a77b-de784cb71f6a,ACTIVE,-2473603,247841,379772,2,0,140000
366290,01a0b1c2-b010-7000-8000-000000000000,01a0c441-d723-767b-90a3-bdbdd004e863,ACTIVE,0,-109112,3235906,0,233,140000
366290,01a0b1c2-b010-7000-8000-000000000000,01a0c441-dc05-7521-a2e5-cffdd63883ba,ACTIVE,2473614,247762,764775,0,0,140000
366290,01a0b1c2-b010-7000-8000-000000000000,01a0c441-e0e7-71af-8b1d-ca2cf5125531,ACTIVE,-2155415,-248962,-627163,0,0,140000
366290,01a0b1c2-b010-7000-8000-000000000000,01a0c441-e5c9-76eb-a77b-de784cb71f6a,ACTIVE,-2473603,247841,393772,1,0,140000
366292,01a0b1c2-b010-7000-8000-000000000000,01a0c441-d723-767b-90a3-bdbdd004e863,ACTIVE,0,-109088,3249906,0,233,140000
366292,01a0b1c2-b010-7000-8000-000000000000,01a0c441-dc05-7521-a2e5-cffdd63883ba,ACTIVE,2473614,247762,778775,0,0,140000
366292,01a0b1c2-b010-7000-8000-000000000000,01a0c441-e0e7-71af-8b1d-ca2cf5125531,ACTIVE,-2155415,-248962,-613163,0,0,140000
366292,01a0b1c2-b010-7000-8000-000000000000,01a0c441-e5c9-76eb-a77b-de784cb71f6a,ACTIVE,-2473603,247841,407772,1,0,140000
366294,01a0b1c2-b010-7000-8000-000000000000,01a0c441-d723-767b-90a3-bdbdd004e863,ACTIVE,0,-109065,3263906,0,233,140000
366294,01a0b1c2-b010-7000-8000-000000000000,01a0c441-dc05-7521-a2e5-cffdd63883ba,ACTIVE,2473614,247762,792775,0,0,140000
366294,01a0b1c2-b010-7000-8000-000000000000,01a0c441-e0e7-71af-8b1d-ca2cf5125531,ACTIVE,-2155415,-248962,-599163,0,0,140000
366294,01a0b1c2-b010-7000-8000-000000000000,01a0c441-e5c9-76eb-a77b-de784cb71f6a,ACTIVE,-2473603,247841,421772,1,0,140000
366296,01a0b1c2-b010-7000-8000-000000000000,01a0c441-d723-767b-90a3-bdbdd004e863,ACTIVE,0,-109042,3277906,0,233,140000
366296,01a0b1c2-b010-7000-8000-000000000000,01a0c441-dc05-7521-a2e5-cffdd63883ba,ACTIVE,2473614,247762,806775,0,0,140000
366296,01a0b1c2-b010-7000-8000-000000000000,01a0c441-e0e7-71af-8b1d-ca2cf5125531,ACTIVE,-2155415,-248962,-585163,0,0,140000
366296,01a0b1c2-b010-7000-8000-000000000000,01a0c441-e5c9-76eb-a77b-de784cb71f6a,ACTIVE,-2473603,247841,435772,1,0,140000
366298,01a0b1c2-b010-7000-8000-000000000000,01a0c441-d723-767b-90a3-bdbdd004e863,ACTIVE,0,-109019,3291906,0,233,140000
366298,01a0b1c2-b010-7000-8000-000000000000,01a0c441-dc05-7521-a2e5-cffdd63883ba,ACTIVE,2473614,247762,820775,0,0,140000
366298,01a0b1c2-b010-7000-8000-000000000000,01a0c441-e0e7-71af-8b1d-ca2cf5125531,ACTIVE,-2155415,-248962,-571163,0,0,140000
366298,01a0b1c2-b010-7000-8000-000000000000,01a0c441-e5c9-76eb-a77b-de784cb71f6a,ACTIVE,-2473603,247841,449772,0,0,140000
366300,01a0b1c2-b010-7000-8000-000000000000,01a0c441-d723-767b-90a3-bdbdd004e863,ACTIVE,0,-108995,3305906,0,233,140000
366300,01a0b1c2-b010-7000-8000-000000000000,01a0c441-dc05-7521-a2e5-cffdd63883ba,ACTIVE,2473614,247762,834775,0,0,140000
366300,01a0b1c2-b010-7000-8000-000000000000,01a0c441-e0e7-71af-8b1d-ca2cf5125531,ACTIVE,-2155415,-248962,-557163,0,0,140000
366300,01a0b1c2-b010-7000-8000-000000000000,01a0c441-e5c9-76eb-a77b-de784cb71f6a,ACTIVE,-2473603,247841,463772,0,0,140000
366302,01a0b1c2-b010-7000-8000-000000000000,01a0c441-d723-767b-90a3-bdbdd004e863,ACTIVE,0,-108972,3319906,0,233,140000
366302,01a0b1c2-b010-7000-8000-000000000000,01a0c441-dc05-7521-a2e5-cffdd63883ba,ACTIVE,2473614,247762,848775,0,0,140000
366302,01a0b1c2-b010-7000-8000-000000000000,01a0c441-e0e7-71af-8b1d-ca2cf5125531,ACTIVE,-2155415,-248962,-543163,0,0,140000
366302,01a0b1c2-b010-7000-8000-000000000000,01a0c441-e5c9-76eb-a77b-de784cb71f6a,ACTIVE,-2473603,247841,477772,0,0,140000
366304,01a0b1c2-b010-7000-8000-000000000000,01a0c441-d723-767b-90a3-bdbdd004e863,ACTIVE,0,-108949,3333906,0,233,140000
366304,01a0b1c2-b010-7000-8000-000000000000,01a0c441-dc05-7521-a2e5-cffdd63883ba,ACTIVE,2473614,247762,862775,0,0,140000
366304,01a0b1c2-b010-7000-8000-000000000000,01a0c441-e0e7-71af-8b1d-ca2cf5125531,ACTIVE,-2155415,-248962,-529163,0,0,140000
366304,01a0b1c2-b010-7000-8000-000000000000,01a0c441-e5c9-76eb-a77b-de784cb71f6a,ACTIVE,-2473603,247841,491772,0,0,140000
366306,01a0b1c2-b010-7000-8000-000000000000,01a0c441-d723-767b-90a3-bdbdd004e863,ACTIVE,0,-108925,3347906,0,233,140000
366306,01a0b1c2-b010-7000-8000-000000000000,01a0c441-dc05-7521-a2e5-cffdd63883ba,ACTIVE,2473614,247762,876775,0,0,140000
366306,01a0b1c2-b010-7000-8000-000000000000,01a0c441-e0e7-71af-8b1d-ca2cf5125531,ACTIVE,-2155415,-248962,-515163,0,0,140000
366306,01a0b1c2-b010-7000-8000-000000000000,01a0c441-e5c9-76eb-a77b-de784cb71f6a,ACTIVE,-2473603,247841,505772,0,0,140000
366308,01a0b1c2-b010-7000-8000-000000000000,01a0c441-d723-767b-90a3-bdbdd004e863,ACTIVE,0,-108902,3361906,0,233,140000
366308,01a0b1c2-b010-7000-8000-000000000000,01a0c441-dc05-7521-a2e5-cffdd63883ba,ACTIVE,2473614,247762,890775,0,0,140000
366308,01a0b1c2-b010-7000-8000-000000000000,01a0c441-e0e7-71af-8b1d-ca2cf5125531,ACTIVE,-2155415,-248962,-501163,0,0,140000
366308,01a0b1c2-b010-7000-8000-000000000000,01a0c441-e5c9-76eb-a77b-de784cb71f6a,ACTIVE,-2473603,247841,519772,0,0,140000
366310,01a0b1c2-b010-7000-8000-000000000000,01a0c441-d723-767b-90a3-bdbdd004e863,ACTIVE,0,-108879,3375906,0,233,140000
366310,01a0b1c2-b010-7000-8000-000000000000,01a0c441-dc05-7521-a2e5-cffdd63883ba,ACTIVE,2473614,247762,904775,0,0,140000
366310,01a0b1c2-b010-7000-8000-000000000000,01a0c441-e0e7-71af-8b1d-ca2cf5125531,ACTIVE,-2155415,-248962,-487163,0,0,140000
366310,01a0b1c2-b010-7000-8000-000000000000,01a0c441-e5c9-76eb-a77b-de784cb71f6a,ACTIVE,-2473603,247841,533772,0,0,140000
366312,01a0b1c2-b010-7000-8000-000000000000,01a0c441-d723-767b-90a3-bdbdd004e863,ACTIVE,0,-108856,3389906,0,233,140000
366312,01a0b1c2-b010-7000-8000-000000000000,01a0c441-dc05-7521-a2e5-cffdd63883ba,ACTIVE,2473614,247762,918775,0,0,140000
366312,01a0b1c2-b010-7000-8000-000000000000,01a0c441-e0e7-71af-8b1d-ca2cf5125531,ACTIVE,-2155415,-248962,-473163,0,0,140000
366312,01a0b1c2-b010-7000-8000-000000000000,01a0c441-e5c9-76eb-a77b-de784cb71f6a,ACTIVE,-2473603,247841,547772,0,0,140000
366314,01a0b1c2-b010-7000-8000-000000000000,01a0c441-d723-767b-90a3-bdbdd004e863,ACTIVE,0,-108832,3403906,0,233,140000
366314,01a0b1c2-b010-7000-8000-000000000000,01a0c441-dc05-7521-a2e5-cffdd63883ba,ACTIVE,2473614,247762,932775,0,0,140000
366314,01a0b1c2-b010-7000-8000-000000000000,01a0c441-e0e7-71af-8b1d-ca2cf5125531,ACTIVE,-2155415,-248962,-459163,0,0,140000
366314,01a0b1c2-b010-7000-8000-000000000000,01a0c441-e5c9-76eb-a77b-de784cb71f6a,ACTIVE,-2473603,247841,561772,0,0,140000
366316,01a0b1c2-b010-7000-8000-000000000000,01a0c441-d723-767b-90a3-bdbdd004e863,ACTIVE,0,-108809,3417906,0,233,140000
366316,01a0b1c2-b010-7000-8000-000000000000,01a0c441-dc05-7521-a2e5-cffdd63883ba,ACTIVE,2473614,247762,946775,0,0,140000
366316,01a0b1c2-b010-7000-8000-000000000000,01a0c441-e0e7-71af-8b1d-ca2cf5125531,ACTIVE,-2155415,-248962,-445163,0,0,140000
366316,01a0b1c2-b010-7000-8000-000000000000,01a0c441-e5c9-76eb-a77b-de784cb71f6a,ACTIVE,-2473603,247841,575772,0,0,140000
366318,01a0b1c2-b010-7000-8000-000000000000,01a0c441-d723-767b-90a3-bdbdd004e863,ACTIVE,0,-108786,3431906,0,233,140000
366318,01a0b1c2-b010-7000-8000-000000000000,01a0c441-dc05-7521-a2e5-cffdd63883ba,ACTIVE,2473614,247762,960775,0,0,140000
366318,01a0b1c2-b010-7000-8000-000000000000,01a0c441-e0e7-71af-8b1d-ca2cf5125531,ACTIVE,-2155415,-248962,-431163,0,0,140000
366318,01a0b1c2-b010-7000-8000-000000000000,01a0c441-e5c9-76eb-a77b-de784cb71f6a,ACTIVE,-2473603,247841,589772,0,0,140000
366320,01a0b1c2-b010-7000-8000-000000000000,01a0c441-d723-767b-90a3-bdbdd004e863,ACTIVE,0,-108763,3445906,0,233,140000
366320,01a0b1c2-b010-7000-8000-000000000000,01a0c441-dc05-7521-a2e5-cffdd63883ba,ACTIVE,2473614,247762,974775,0,0,140000
366320,01a0b1c2-b010-7000-8000-000000000000,01a0c441-e0e7-71af-8b1d-ca2cf5125531,ACTIVE,-2155415,-248962,-417163,0,0,140000
366320,01a0b1c2-b010-7000-8000-000000000000,01a0c441-e5c9-76eb-a77b-de784cb71f6a,ACTIVE,-2473603,247841,603772,0,0,140000
366322,01a0b1c2-b010-7000-8000-000000000000,01a0c441-d723-767b-90a3-bdbdd004e863,ACTIVE,0,-108739,3459906,0,233,140000
366322,01a0b1c2-b010-7000-8000-000000000000,01a0c441-dc05-7521-a2e5-cffdd63883ba,ACTIVE,2473614,247762,988775,0,0,140000
366322,01a0b1c2-b010-7000-8000-000000000000,01a0c441-e0e7-71af-8b1d-ca2cf5125531,ACTIVE,-2155415,-248962,-403163,0,0,140000
366322,01a0b1c2-b010-7000-8000-000000000000,01a0c441-e5c9-76eb-a77b-de784cb71f6a,ACTIVE,-2473603,247841,617772,0,0,140000
366324,01a0b1c2-b010-7000-8000-000000000000,01a0c441-d723-767b-90a3-bdbdd004e863,ACTIVE,0,-108716,3473906,0,233,140000
366324,01a0b1c2-b010-7000-8000-000000000000,01a0c441-dc05-7521-a2e5-cffdd63883ba,ACTIVE,2473614,247762,1002775,0,0,140000
366324,01a0b1c2-b010-7000-8000-000000000000,01a0c441-e0e7-71af-8b1d-ca2cf5125531,ACTIVE,-2155415,-248962,-389163,0,0,140000
366324,01a0b1c2-b010-7000-8000-000000000000,01a0c441-e5c9-76eb-a77b-de784cb71f6a,ACTIVE,-2473603,247841,631772,0,0,140000
366326,01a0b1c2-b010-7000-8000-000000000000,01a0c441-d723-767b-90a3-bdbdd004e863,ACTIVE,0,-108693,3487906,0,233,140000
366326,01a0b1c2-b010-7000-8000-000000000000,01a0c441-dc05-7521-a2e5-cffdd63883ba,ACTIVE,2473614,247762,1016775,0,0,140000
366326,01a0b1c2-b010-7000-8000-000000000000,01a0c441-e0e7-71af-8b1d-ca2cf5125531,ACTIVE,-2155415,-248962,-375163,0,0,140000
366326,01a0b1c2-b010-7000-8000-000000000000,01a0c441-e5c9-76eb-a77b-de784cb71f6a,ACTIVE,-2473603,247841,645772,0,0,140000
366328,01a0b1c2-b010-7000-8000-000000000000,01a0c441-d723-767b-90a3-bdbdd004e863,ACTIVE,0,-108669,3501906,0,233,140000
366328,01a0b1c2-b010-7000-8000-000000000000,01a0c441-dc05-7521-a2e5-cffdd63883ba,ACTIVE,2473614,247762,1030775,0,0,140000
366328,01a0b1c2-b010-7000-8000-000000000000,01a0c441-e0e7-71af-8b1d-ca2cf5125531,ACTIVE,-2155415,-248962,-361163,0,0,140000
366328,01a0b1c2-b010-7000-8000-000000000000,01a0c441-e5c9-76eb-a77b-de784cb71f6a,ACTIVE,-2473603,247841,659772,0,0,140000
366330,01a0b1c2-b010-7000-8000-000000000000,01a0c441-d723-767b-90a3-bdbdd004e863,ACTIVE,0,-108646,3515906,0,233,140000
366330,01a0b1c2-b010-7000-8000-000000000000,01a0c441-dc05-7521-a2e5-cffdd63883ba,ACTIVE,2473614,247762,1044775,0,0,140000
366330,01a0b1c2-b010-7000-8000-000000000000,01a0c441-e0e7-71af-8b1d-ca2cf5125531,ACTIVE,-2155415,-248962,-347163,0,0,140000
366330,01a0b1c2-b010-7000-8000-000000000000,01a0c441-e5c9-76eb-a77b-de784cb71f6a,ACTIVE,-2473603,247841,673772,0,0,140000
366332,01a0b1c2-b010-7000-8000-000000000000,01a0c441-d723-767b-90a3-bdbdd004e863,ACTIVE,0,-108623,3529906,0,233,140000
366332,01a0b1c2-b010-7000-8000-000000000000,01a0c441-dc05-7521-a2e5-cffdd63883ba,ACTIVE,2473614,247762,1058775,0,0,140000
366332,01a0b1c2-b010-7000-8000-000000000000,01a0c441-e0e7-71af-8b1d-ca2cf5125531,ACTIVE,-2155415,-248962,-333163,0,0,140000
366332,01a0b1c2-b010-7000-8000-000000000000,01a0c441-e5c9-76eb-a77b-de784cb71f6a,ACTIVE,-2473603,247841,687772,0,0,140000
366334,01a0b1c2-b010-7000-8000-000000000000,01a0c441-d723-767b-90a3-bdbdd004e863,ACTIVE,0,-108600,3543906,0,233,140000
366334,01a0b1c2-b010-7000-8000-000000000000,01a0c441-dc05-7521-a2e5-cffdd63883ba,ACTIVE,2473614,247762,1072775,0,0,140000
366334,01a0b1c2-b010-7000-8000-000000000000,01a0c441-e0e7-71af-8b1d-ca2cf5125531,ACTIVE,-2155415,-248962,-319163,0,0,140000
366334,01a0b1c2-b010-7000-8000-000000000000,01a0c441-e5c9-76eb-a77b-de784cb71f6a,ACTIVE,-2473603,247841,701772,0,0,140000
366336,01a0b1c2-b010-7000-8000-000000000000,01a0c441-d723-767b-90a3-bdbdd004e863,ACTIVE,0,-108576,3557906,0,233,140000
366336,01a0b1c2-b010-7000-8000-000000000000,01a0c441-dc05-7521-a2e5-cffdd63883ba,ACTIVE,2473614,247762,1086775,0,0,140000
366336,01a0b1c2-b010-7000-8000-000000000000,01a0c441-e0e7-71af-8b1d-ca2cf5125531,ACTIVE,-2155415,-248962,-305163,0,0,140000
366336,01a0b1c2-b010-7000-8000-000000000000,01a0c441-e5c9-76eb-a77b-de784cb71f6a,ACTIVE,-2473603,247841,715772,0,0,140000
366338,01a0b1c2-b010-7000-8000-000000000000,01a0c441-d723-767b-90a3-bdbdd004e863,ACTIVE,0,-108553,3571906,0,233,140000
366338,01a0b1c2-b010-7000-8000-000000000000,01a0c441-dc05-7521-a2e5-cffdd63883ba,ACTIVE,2473614,247762,1100775,0,0,140000
366338,01a0b1c2-b010-7000-8000-000000000000,01a0c441-e0e7-71af-8b1d-ca2cf5125531,ACTIVE,-2155415,-248962,-291163,0,0,140000
366338,01a0b1c2-b010-7000-8000-000000000000,01a0c441-e5c9-76eb-a77b-de784cb71f6a,ACTIVE,-2473603,247841,729772,0,0,140000
366340,01a0b1c2-b010-7000-8000-000000000000,01a0c441-d723-767b-90a3-bdbdd004e863,ACTIVE,0,-108530,3585906,0,233,140000
366340,01a0b1c2-b010-7000-8000-000000000000,01a0c441-dc05-7521-a2e5-cffdd63883ba,ACTIVE,2473614,247762,1114775,0,0,140000
366340,01a0b1c2-b010-7000-8000-000000000000,01a0c441-e0e7-71af-8b1d-ca2cf5125531,ACTIVE,-2155415,-248962,-277163,0,0,140000
366340,01a0b1c2-b010-7000-8000-000000000000,01a0c441-e5c9-76eb-a77b-de784cb71f6a,ACTIVE,-2473603,247841,743772,0,0,140000
366342,01a0b1c2-b010-7000-8000-000000000000,01a0c441-d723-767b-90a3-bdbdd004e863,ACTIVE,0,-108507,3599906,0,233,140000
366342,01a0b1c2-b010-7000-8000-000000000000,01a0c441-dc05-7521-a2e5-cffdd63883ba,ACTIVE,2473614,247762,1128775,0,0,140000
366342,01a0b1c2-b010-7000-8000-000000000000,01a0c441-e0e7-71af-8b1d-ca2cf5125531,ACTIVE,-2155415,-248962,-263163,0,0,140000
366342,01a0b1c2-b010-7000-8000-000000000000,01a0c441-e5c9-76eb-a77b-de784cb71f6a,ACTIVE,-2473603,247841,757772,0,0,140000
366344,01a0b1c2-b010-7000-8000-000000000000,01a0c441-d723-767b-90a3-bdbdd004e863,ACTIVE,0,-108483,3613906,0,233,140000
366344,01a0b1c2-b010-7000-8000-000000000000,01a0c441-dc05-7521-a2e5-cffdd63883ba,ACTIVE,2473614,247762,1142775,0,0,140000
366344,01a0b1c2-b010-7000-8000-000000000000,01a0c441-e0e7-71af-8b1d-ca2cf5125531,ACTIVE,-2155415,-248962,-249163,0,0,140000
366344,01a0b1c2-b010-7000-8000-000000000000,01a0c441-e5c9-76eb-a77b-de784cb71f6a,ACTIVE,-2473603,247841,771772,0,0,140000
366346,01a0b1c2-b010-7000-8000-000000000000,01a0c441-d723-767b-90a3-bdbdd004e863,ACTIVE,0,-108460,3627906,0,233,140000
366346,01a0b1c2-b010-7000-8000-000000000000,01a0c441-dc05-7521-a2e5-cffdd63883ba,ACTIVE,2473614,247762,1156775,0,0,140000
366346,01a0b1c2-b010-7000-8000-000000000000,01a0c441-e0e7-71af-8b1d-ca2cf5125531,ACTIVE,-2155415,-248962,-235163,0,0,140000
366346,01a0b1c2-b010-7000-8000-000000000000,01a0c441-e5c9-76eb-a77b-de784cb71f6a,ACTIVE,-2473603,247841,785772,0,0,140000
366348,01a0b1c2-b010-7000-8000-000000000000,01a0c441-d723-767b-90a3-bdbdd004e863,ACTIVE,0,-108437,3641906,0,233,140000
366348,01a0b1c2-b010-7000-8000-000000000000,01a0c441-dc05-7521-a2e5-cffdd63883ba,ACTIVE,2473614,247762,1170775,0,0,140000
366348,01a0b1c2-b010-7000-8000-000000000000,01a0c441-e0e7-71af-8b1d-ca2cf5125531,ACTIVE,-2155415,-248962,-221163,0,0,140000
366348,01a0b1c2-b010-7000-8000-000000000000,01a0c441-e5c9-76eb-a77b-de784cb71f6a,ACTIVE,-2473603,247841,799772,0,0,140000
366350,01a0b1c2-b010-7000-8000-000000000000,01a0c441-d723-767b-90a3-bdbdd004e863,ACTIVE,0,-108413,3655906,0,233,140000
366350,01a0b1c2-b010-7000-8000-000000000000,01a0c441-dc05-7521-a2e5-cffdd63883ba,ACTIVE,2473614,247762,1184775,0,0,140000
366350,01a0b1c2-b010-7000-8000-000000000000,01a0c441-e0e7-71af-8b1d-ca2cf5125531,ACTIVE,-2155415,-248962,-207163,0,0,140000
366350,01a0b1c2-b010-7000-8000-000000000000,01a0c441-e5c9-76eb-a77b-de784cb71f6a,ACTIVE,-2473603,247841,813772,0,0,140000
366352,01a0b1c2-b010-7000-8000-000000000000,01a0c441-d723-767b-90a3-bdbdd004e863,ACTIVE,0,-108390,3669906,0,233,140000
366352,01a0b1c2-b010-7000-8000-000000000000,01a0c441-dc05-7521-a2e5-cffdd63883ba,ACTIVE,2473614,247762,1198775,0,0,140000
366352,01a0b1c2-b010-7000-8000-000000000000,01a0c441-e0e7-71af-8b1d-ca2cf5125531,ACTIVE,-2155415,-248962,-193163,0,0,140000
366352,01a0b1c2-b010-7000-8000-000000000000,01a0c441-e5c9-76eb-a77b-de784cb71f6a,ACTIVE,-2473603,247841,827772,0,0,140000
366354,01a0b1c2-b010-7000-8000-000000000000,01a0c441-d723-767b-90a3-bdbdd004e863,ACTIVE,0,-108367,3683906,0,233,140000
366354,01a0b1c2-b010-7000-8000-000000000000,01a0c441-dc05-7521-a2e5-cffdd63883ba,ACTIVE,2473614,247762,1212775,0,0,140000
366354,01a0b1c2-b010-7000-8000-000000000000,01a0c441-e0e7-71af-8b1d-ca2cf5125531,ACTIVE,-2155415,-248962,-179163,0,0,140000
366354,01a0b1c2-b010-7000-8000-000000000000,01a0c441-e5c9-76eb-a77b-de784cb71f6a,ACTIVE,-2473603,247841,841772,0,0,140000
366356,01a0b1c2-b010-7000-8000-000000000000,01a0c441-d723-767b-90a3-bdbdd004e863,ACTIVE,0,-108344,3697906,0,233,140000
366356,01a0b1c2-b010-7000-8000-000000000000,01a0c441-dc05-7521-a2e5-cffdd63883ba,ACTIVE,2473614,247762,1226775,0,0,140000
366356,01a0b1c2-b010-7000-8000-000000000000,01a0c441-e0e7-71af-8b1d-ca2cf5125531,ACTIVE,-2155415,-248962,-165163,0,0,140000
366356,01a0b1c2-b010-7000-8000-000000000000,01a0c441-e5c9-76eb-a77b-de784cb71f6a,ACTIVE,-2473603,247841,855772,0,0,140000
366358,01a0b1c2-b010-7000-8000-000000000000,01a0c441-d723-767b-90a3-bdbdd004e863,ACTIVE,0,-108320,3711906,0,233,140000
366358,01a0b1c2-b010-7000-8000-000000000000,01a0c441-dc05-7521-a2e5-cffdd63883ba,ACTIVE,2473614,247762,1240775,0,0,140000
366358,01a0b1c2-b010-7000-8000-000000000000,01a0c441-e0e7-71af-8b1d-ca2cf5125531,ACTIVE,-2155415,-248962,-151163,0,0,140000
366358,01a0b1c2-b010-7000-8000-000000000000,01a0c441-e5c9-76eb-a77b-de784cb71f6a,ACTIVE,-2473603,247841,869772,0,0,140000
366360,01a0b1c2-b010-7000-8000-000000000000,01a0c441-d723-767b-90a3-bdbdd004e863,ACTIVE,0,-108297,3725906,0,233,140000
366360,01a0b1c2-b010-7000-8000-000000000000,01a0c441-dc05-7521-a2e5-cffdd63883ba,ACTIVE,2473614,247762,1254775,0,0,140000
366360,01a0b1c2-b010-7000-8000-000000000000,01a0c441-e0e7-71af-8b1d-ca2cf5125531,ACTIVE,-2155415,-248962,-137163,0,0,140000
366360,01a0b1c2-b010-7000-8000-000000000000,01a0c441-e5c9-76eb-a77b-de784cb71f6a,ACTIVE,-2473603,247841,883772,0,0,140000
366362,01a0b1c2-b010-7000-8000-000000000000,01a0c441-d723-767b-90a3-bdbdd004e863,ACTIVE,0,-108274,3739906,0,233,140000
366362,01a0b1c2-b010-7000-8000-000000000000,01a0c441-dc05-7521-a2e5-cffdd63883ba,ACTIVE,2473614,247762,1268775,0,0,140000
366362,01a0b1c2-b010-7000-8000-000000000000,01a0c441-e0e7-71af-8b1d-ca2cf5125531,ACTIVE,-2155415,-248962,-123163,0,0,140000
366362,01a0b1c2-b010-7000-8000-000000000000,01a0c441-e5c9-76eb-a77b-de784cb71f6a,ACTIVE,-2473603,247841,897772,0,0,140000
366364,01a0b1c2-b010-7000-8000-000000000000,01a0c441-d723-767b-90a3-bdbdd004e863,ACTIVE,0,-108251,3753906,0,233,140000
366364,01a0b1c2-b010-7000-8000-000000000000,01a0c441-dc05-7521-a2e5-cffdd63883ba,ACTIVE,2473614,247762,1282775,0,0,140000
366364,01a0b1c2-b010-7000-8000-000000000000,01a0c441-e0e7-71af-8b1d-ca2cf5125531,ACTIVE,-2155415,-248962,-109163,0,0,140000
366364,01a0b1c2-b010-7000-8000-000000000000,01a0c441-e5c9-76eb-a77b-de784cb71f6a,ACTIVE,-2473603,247841,911772,0,0,140000
366366,01a0b1c2-b010-7000-8000-000000000000,01a0c441-d723-767b-90a3-bdbdd004e863,ACTIVE,0,-108227,3767905,0,233,140000
366366,01a0b1c2-b010-7000-8000-000000000000,01a0c441-dc05-7521-a2e5-cffdd63883ba,ACTIVE,2473614,247762,1296775,0,0,140000
366366,01a0b1c2-b010-7000-8000-000000000000,01a0c441-e0e7-71af-8b1d-ca2cf5125531,ACTIVE,-2155415,-248962,-95163,0,0,140000
366366,01a0b1c2-b010-7000-8000-000000000000,01a0c441-e5c9-76eb-a77b-de784cb71f6a,ACTIVE,-2473603,247841,925772,0,0,140000
366368,01a0b1c2-b010-7000-8000-000000000000,01a0c441-d723-767b-90a3-bdbdd004e863,ACTIVE,0,-108204,3781905,0,233,140000
366368,01a0b1c2-b010-7000-8000-000000000000,01a0c441-dc05-7521-a2e5-cffdd63883ba,ACTIVE,2473614,247762,1310775,0,0,140000
366368,01a0b1c2-b010-7000-8000-000000000000,01a0c441-e0e7-71af-8b1d-ca2cf5125531,ACTIVE,-2155415,-248962,-81163,0,0,140000
366368,01a0b1c2-b010-7000-8000-000000000000,01a0c441-e5c9-76eb-a77b-de784cb71f6a,ACTIVE,-2473603,247841,939772,0,0,140000
366370,01a0b1c2-b010-7000-8000-000000000000,01a0c441-d723-767b-90a3-bdbdd004e863,ACTIVE,0,-108181,3795905,0,233,140000
366370,01a0b1c2-b010-7000-8000-000000000000,01a0c441-dc05-7521-a2e5-cffdd63883ba,ACTIVE,2473614,247762,1324775,0,0,140000
366370,01a0b1c2-b010-7000-8000-000000000000,01a0c441-e0e7-71af-8b1d-ca2cf5125531,ACTIVE,-2155415,-248962,-67163,0,0,140000
366370,01a0b1c2-b010-7000-8000-000000000000,01a0c441-e5c9-76eb-a77b-de784cb71f6a,ACTIVE,-2473603,247841,953772,0,0,140000
366372,01a0b1c2-b010-7000-8000-000000000000,01a0c441-d723-767b-90a3-bdbdd004e863,ACTIVE,0,-108157,3809905,0,233,140000
366372,01a0b1c2-b010-7000-8000-000000000000,01a0c441-dc05-7521-a2e5-cffdd63883ba,ACTIVE,2473614,247762,1338775,0,0,140000
366372,01a0b1c2-b010-7000-8000-000000000000,01a0c441-e0e7-71af-8b1d-ca2cf5125531,ACTIVE,-2155415,-248962,-53163,0,0,140000
366372,01a0b1c2-b010-7000-8000-000000000000,01a0c441-e5c9-76eb-a77b-de784cb71f6a,ACTIVE,-2473603,247841,967772,0,0,140000
366374,01a0b1c2-b010-7000-8000-000000000000,01a0c441-d723-767b-90a3-bdbdd004e863,ACTIVE,0,-108134,3823905,0,233,140000
366374,01a0b1c2-b010-7000-8000-000000000000,01a0c441-dc05-7521-a2e5-cffdd63883ba,ACTIVE,2473614,247762,1352775,0,0,140000
366374,01a0b1c2-b010-7000-8000-000000000000,01a0c441-e0e7-71af-8b1d-ca2cf5125531,ACTIVE,-2155415,-248962,-39163,0,0,140000
366374,01a0b1c2-b010-7000-8000-000000000000,01a0c441-e5c9-76eb-a77b-de784cb71f6a,ACTIVE,-2473603,247841,981772,0,0,140000
366376,01a0b1c2-b010-7000-8000-000000000000,01a0c441-d723-767b-90a3-bdbdd004e863,ACTIVE,0,-108111,3837905,0,233,140000
366376,01a0b1c2-b010-7000-8000-000000000000,01a0c441-dc05-7521-a2e5-cffdd63883ba,ACTIVE,2473614,247762,1366775,0,0,140000
366376,01a0b1c2-b010-7000-8000-000000000000,01a0c441-e0e7-71af-8b1d-ca2cf5125531,ACTIVE,-2155415,-248962,-25163,0,0,140000
366376,01a0b1c2-b010-7000-8000-000000000000,01a0c441-e5c9-76eb-a77b-de784cb71f6a,ACTIVE,-2473603,247841,995772,0,0,140000
366378,01a0b1c2-b010-7000-8000-000000000000,01a0c441-d723-767b-90a3-bdbdd004e863,ACTIVE,0,-108088,3851905,0,233,140000
366378,01a0b1c2-b010-7000-8000-000000000000,01a0c441-dc05-7521-a2e5-cffdd63883ba,ACTIVE,2473614,247762,1380775,0,0,140000
366378,01a0b1c2-b010-7000-8000-000000000000,01a0c441-e0e7-71af-8b1d-ca2cf5125531,ACTIVE,-2155415,-248962,-11163,0,0,140000
366378,01a0b1c2-b010-7000-8000-000000000000,01a0c441-e5c9-76eb-a77b-de784cb71f6a,ACTIVE,-2473603,247841,1009772,0,0,140000
366380,01a0b1c2-b010-7000-8000-000000000000,01a0c441-d723-767b-90a3-bdbdd004e863,ACTIVE,0,-108064,3865905,0,233,140000
366380,01a0b1c2-b010-7000-8000-000000000000,01a0c441-dc05-7521-a2e5-cffdd63883ba,ACTIVE,2473614,247762,1394775,0,0,140000
366380,01a0b1c2-b010-7000-8000-000000000000,01a0c441-e0e7-71af-8b1d-ca2cf5125531,ACTIVE,-2155415,-248962,2837,0,0,140000
366380,01a0b1c2-b010-7000-8000-000000000000,01a0c441-e5c9-76eb-a77b-de784cb71f6a,ACTIVE,-2473603,247841,1023772,0,0,140000
366382,01a0b1c2-b010-7000-8000-000000000000,01a0c441-d723-767b-90a3-bdbdd004e863,ACTIVE,0,-108041,3879905,0,233,140000
366382,01a0b1c2-b010-7000-8000-000000000000,01a0c441-dc05-7521-a2e5-cffdd63883ba,ACTIVE,2473614,247762,1408775,0,0,140000
366382,01a0b1c2-b010-7000-8000-000000000000,01a0c441-e0e7-71af-8b1d-ca2cf5125531,ACTIVE,-2155415,-248962,16837,0,0,140000
366382,01a0b1c2-b010-7000-8000-000000000000,01a0c441-e5c9-76eb-a77b-de784cb71f6a,ACTIVE,-2473603,247841,1037772,0,0,140000
366384,01a0b1c2-b010-7000-8000-000000000000,01a0c441-d723-767b-90a3-bdbdd004e863,ACTIVE,0,-108018,3893905,0,233,140000
366384,01a0b1c2-b010-7000-8000-000000000000,01a0c441-dc05-7521-a2e5-cffdd63883ba,ACTIVE,2473614,247762,1422775,0,0,140000
366384,01a0b1c2-b010-7000-8000-000000000000,01a0c441-e0e7-71af-8b1d-ca2cf5125531,ACTIVE,-2155415,-248962,30837,0,0,140000
366384,01a0b1c2-b010-7000-8000-000000000000,01a0c441-e5c9-76eb-a77b-de784cb71f6a,ACTIVE,-2473603,247841,1051772,0,0,140000
366386,01a0b1c2-b010-7000-8000-000000000000,01a0c441-d723-767b-90a3-bdbdd004e863,ACTIVE,0,-107995,3907905,0,233,140000
366386,01a0b1c2-b010-7000-8000-000000000000,01a0c441-dc05-7521-a2e5-cffdd63883ba,ACTIVE,2473614,247762,1436775,0,0,140000
366386,01a0b1c2-b010-7000-8000-000000000000,01a0c441-e0e7-71af-8b1d-ca2cf5125531,ACTIVE,-2155415,-248962,44837,0,0,140000
366386,01a0b1c2-b010-7000-8000-000000000000,01a0c441-e5c9-76eb-a77b-de784cb71f6a,ACTIVE,-2473603,247841,1065772,0,0,140000
366388,01a0b1c2-b010-7000-8000-000000000000,01a0c441-d723-767b-90a3-bdbdd004e863,ACTIVE,0,-107971,3921905,0,233,140000
366388,01a0b1c2-b010-7000-8000-000000000000,01a0c441-dc05-7521-a2e5-cffdd63883ba,ACTIVE,2473614,247762,1450775,0,0,140000
366388,01a0b1c2-b010-7000-8000-000000000000,01a0c441-e0e7-71af-8b1d-ca2cf5125531,ACTIVE,-2155415,-248962,58837,0,0,140000
366388,01a0b1c2-b010-7000-8000-000000000000,01a0c441-e5c9-76eb-a77b-de784cb71f6a,ACTIVE,-2473603,247841,1079772,0,0,140000
366390,01a0b1c2-b010-7000-8000-000000000000,01a0c441-d723-767b-90a3-bdbdd004e863,ACTIVE,0,-107948,3935905,0,233,140000
366390,01a0b1c2-b010-7000-8000-000000000000,01a0c441-dc05-7521-a2e5-cffdd63883ba,ACTIVE,2473614,247762,1464775,0,0,140000
366390,01a0b1c2-b010-7000-8000-000000000000,01a0c441-e0e7-71af-8b1d-ca2cf5125531,ACTIVE,-2155415,-248962,72837,0,0,140000
366390,01a0b1c2-b010-7000-8000-000000000000,01a0c441-e5c9-76eb-a77b-de784cb71f6a,ACTIVE,-2473603,247841,1093772,0,0,140000
366392,01a0b1c2-b010-7000-8000-000000000000,01a0c441-d723-767b-90a3-bdbdd004e863,ACTIVE,0,-107925,3949905,0,233,140000
366392,01a0b1c2-b010-7000-8000-000000000000,01a0c441-dc05-7521-a2e5-cffdd63883ba,ACTIVE,2473614,247762,1478775,0,0,140000
366392,01a0b1c2-b010-7000-8000-000000000000,01a0c441-e0e7-71af-8b1d-ca2cf5125531,ACTIVE,-2155415,-248962,86837,0,0,140000
366392,01a0b1c2-b010-7000-8000-000000000000,01a0c441-e5c9-76eb-a77b-de784cb71f6a,ACTIVE,-2473603,247841,1107772,0,0,140000
366394,01a0b1c2-b010-7000-8000-000000000000,01a0c441-d723-767b-90a3-bdbdd004e863,ACTIVE,0,-107901,3963905,0,233,140000
366394,01a0b1c2-b010-7000-8000-000000000000,01a0c441-dc05-7521-a2e5-cffdd63883ba,ACTIVE,2473614,247762,1492775,0,0,140000
366394,01a0b1c2-b010-7000-8000-000000000000,01a0c441-e0e7-71af-8b1d-ca2cf5125531,ACTIVE,-2155415,-248962,100837,0,0,140000
366394,01a0b1c2-b010-7000-8000-000000000000,01a0c441-e5c9-76eb-a77b-de784cb71f6a,ACTIVE,-2473603,247841,1121772,0,0,140000
366396,01a0b1c2-b010-7000-8000-000000000000,01a0c441-d723-767b-90a3-bdbdd004e863,ACTIVE,0,-107878,3977905,0,233,140000
366396,01a0b1c2-b010-7000-8000-000000000000,01a0c441-dc05-7521-a2e5-cffdd63883ba,ACTIVE,2473614,247762,1506775,0,0,140000
366396,01a0b1c2-b010-7000-8000-000000000000,01a0c441-e0e7-71af-8b1d-ca2cf5125531,ACTIVE,-2155415,-248962,114837,0,0,140000
366396,01a0b1c2-b010-7000-8000-000000000000,01a0c441-e5c9-76eb-a77b-de784cb71f6a,ACTIVE,-2473603,247841,1135772,0,0,140000
366398,01a0b1c2-b010-7000-8000-000000000000,01a0c441-d723-767b-90a3-bdbdd004e863,ACTIVE,0,-107855,3991905,0,233,140000
366398,01a0b1c2-b010-7000-8000-000000000000,01a0c441-dc05-7521-a2e5-cffdd63883ba,ACTIVE,2473614,247762,1520775,0,0,140000
366398,01a0b1c2-b010-7000-8000-000000000000,01a0c441-e0e7-71af-8b1d-ca2cf5125531,ACTIVE,-2155415,-248962,128837,0,0,140000
366398,01a0b1c2-b010-7000-8000-000000000000,01a0c441-e5c9-76eb-a77b-de784cb71f6a,ACTIVE,-2473603,247841,1149772,0,0,140000
366400,01a0b1c2-b010-7000-8000-000000000000,01a0c441-d723-767b-90a3-bdbdd004e863,ACTIVE,0,-107832,4005905,0,233,140000
366400,01a0b1c2-b010-7000-8000-000000000000,01a0c441-dc05-7521-a2e5-cffdd63883ba,ACTIVE,2473614,247762,1534775,0,0,140000
366400,01a0b1c2-b010-7000-8000-000000000000,01a0c441-e0e7-71af-8b1d-ca2cf5125531,ACTIVE,-2155415,-248962,142837,0,0,140000
366400,01a0b1c2-b010-7000-8000-000000000000,01a0c441-e5c9-76eb-a77b-de784cb71f6a,ACTIVE,-2473603,247841,1163772,0,0,140000
366402,01a0b1c2-b010-7000-8000-000000000000,01a0c441-d723-767b-90a3-bdbdd004e863,ACTIVE,0,-107808,4019905,0,233,140000
366402,01a0b1c2-b010-7000-8000-000000000000,01a0c441-dc05-7521-a2e5-cffdd63883ba,ACTIVE,2473614,247762,1548775,0,0,140000
366402,01a0b1c2-b010-7000-8000-000000000000,01a0c441-e0e7-71af-8b1d-ca2cf5125531,ACTIVE,-2155415,-248962,156837,0,0,140000
366402,01a0b1c2-b010-7000-8000-000000000000,01a0c441-e5c9-76eb-a77b-de784cb71f6a,ACTIVE,-2473603,247841,1177772,0,0,140000
366404,01a0b1c2-b010-7000-8000-000000000000,01a0c441-d723-767b-90a3-bdbdd004e863,ACTIVE,0,-107785,4033905,0,233,140000
366404,01a0b1c2-b010-7000-8000-000000000000,01a0c441-dc05-7521-a2e5-cffdd63883ba,ACTIVE,2473614,247762,1562775,0,0,140000
366404,01a0b1c2-b010-7000-8000-000000000000,01a0c441-e0e7-71af-8b1d-ca2cf5125531,ACTIVE,-2155415,-248962,170837,0,0,140000
366404,01a0b1c2-b010-7000-8000-000000000000,01a0c441-e5c9-76eb-a77b-de784cb71f6a,ACTIVE,-2473603,247841,1191772,0,0,140000
366406,01a0b1c2-b010-7000-8000-000000000000,01a0c441-d723-767b-90a3-bdbdd004e863,ACTIVE,0,-107762,4047905,0,233,140000
366406,01a0b1c2-b010-7000-8000-000000000000,01a0c441-dc05-7521-a2e5-cffdd63883ba,ACTIVE,2473614,247762,1576775,0,0,140000
366406,01a0b1c2-b010-7000-8000-000000000000,01a0c441-e0e7-71af-8b1d-ca2cf5125531,ACTIVE,-2155415,-248962,184837,0,0,140000
366406,01a0b1c2-b010-7000-8000-000000000000,01a0c441-e5c9-76eb-a77b-de784cb71f6a,ACTIVE,-2473603,247841,1205772,0,0,140000
366408,01a0b1c2-b010-7000-8000-000000000000,01a0c441-d723-767b-90a3-bdbdd004e863,ACTIVE,0,-107739,4061905,0,233,140000
366408,01a0b1c2-b010-7000-8000-000000000000,01a0c441-dc05-7521-a2e5-cffdd63883ba,ACTIVE,2473614,247762,1590775,0,0,140000
366408,01a0b1c2-b010-7000-8000-000000000000,01a0c441-e0e7-71af-8b1d-ca2cf5125531,ACTIVE,-2155415,-248962,198837,0,0,140000
366408,01a0b1c2-b010-7000-8000-000000000000,01a0c441-e5c9-76eb-a77b-de784cb71f6a,ACTIVE,-2473603,247841,1219772,0,0,140000
366410,01a0b1c2-b010-7000-8000-000000000000,01a0c441-d723-767b-90a3-bdbdd004e863,ACTIVE,0,-107715,4075905,0,233,140000
366410,01a0b1c2-b010-7000-8000-000000000000,01a0c441-dc05-7521-a2e5-cffdd63883ba,ACTIVE,2473614,247762,1604775,0,0,140000
366410,01a0b1c2-b010-7000-8000-000000000000,01a0c441-e0e7-71af-8b1d-ca2cf5125531,ACTIVE,-2155415,-248962,212837,0,0,140000
366410,01a0b1c2-b010-7000-8000-000000000000,01a0c441-e5c9-76eb-a77b-de784cb71f6a,ACTIVE,-2473603,247841,1233772,0,0,140000
366412,01a0b1c2-b010-7000-8000-000000000000,01a0c441-d723-767b-90a3-bdbdd004e863,ACTIVE,0,-107692,4089905,0,233,140000
366412,01a0b1c2-b010-7000-8000-000000000000,01a0c441-dc05-7521-a2e5-cffdd63883ba,ACTIVE,2473614,247762,1618775,0,0,140000
366412,01a0b1c2-b010-7000-8000-000000000000,01a0c441-e0e7-71af-8b1d-ca2cf5125531,ACTIVE,-2155415,-248962,226837,0,0,140000
366412,01a0b1c2-b010-7000-8000-000000000000,01a0c441-e5c9-76eb-a77b-de784cb71f6a,ACTIVE,-2473603,247841,1247772,0,0,140000
366414,01a0b1c2-b010-7000-8000-000000000000,01a0c441-d723-767b-90a3-bdbdd004e863,ACTIVE,0,-107669,4103905,0,233,140000
366414,01a0b1c2-b010-7000-8000-000000000000,01a0c441-dc05-7521-a2e5-cffdd63883ba,ACTIVE,2473614,247762,1632775,0,0,140000
366414,01a0b1c2-b010-7000-8000-000000000000,01a0c441-e0e7-71af-8b1d-ca2cf5125531,ACTIVE,-2155415,-248962,240837,0,0,140000
366414,01a0b1c2-b010-7000-8000-000000000000,01a0c441-e5c9-76eb-a77b-de784cb71f6a,ACTIVE,-2473603,247841,1261772,0,0,140000
366416,01a0b1c2-b010-7000-8000-000000000000,01a0c441-d723-767b-90a3-bdbdd004e863,ACTIVE,0,-107645,4117905,0,233,140000
366416,01a0b1c2-b010-7000-8000-000000000000,01a0c441-dc05-7521-a2e5-cffdd63883ba,ACTIVE,2473614,247762,1646775,0,0,140000
366416,01a0b1c2-b010-7000-8000-000000000000,01a0c441-e0e7-71af-8b1d-ca2cf5125531,ACTIVE,-2155415,-248962,254837,0,0,140000
366416,01a0b1c2-b010-7000-8000-000000000000,01a0c441-e5c9-76eb-a77b-de784cb71f6a,ACTIVE,-2473603,247841,1275772,0,0,140000
366418,01a0b1c2-b010-7000-8000-000000000000,01a0c441-d723-767b-90a3-bdbdd004e863,ACTIVE,0,-107622,4131905,0,233,140000
366418,01a0b1c2-b010-7000-8000-000000000000,01a0c441-dc05-7521-a2e5-cffdd63883ba,ACTIVE,2473614,247762,1660775,0,0,140000
366418,01a0b1c2-b010-7000-8000-000000000000,01a0c441-e0e7-71af-8b1d-ca2cf5125531,ACTIVE,-2155415,-248962,268837,0,0,140000
366418,01a0b1c2-b010-7000-8000-000000000000,01a0c441-e5c9-76eb-a77b-de784cb71f6a,ACTIVE,-2473603,247841,1289772,0,0,140000
366420,01a0b1c2-b010-7000-8000-000000000000,01a0c441-d723-767b-90a3-bdbdd004e863,ACTIVE,0,-107599,4145905,0,233,140000
366420,01a0b1c2-b010-7000-8000-000000000000,01a0c441-dc05-7521-a2e5-cffdd63883ba,ACTIVE,2473614,247762,1674775,0,0,140000
366420,01a0b1c2-b010-7000-8000-000000000000,01a0c441-e0e7-71af-8b1d-ca2cf5125531,ACTIVE,-2155415,-248962,282837,0,0,140000
366420,01a0b1c2-b010-7000-8000-000000000000,01a0c441-e5c9-76eb-a77b-de784cb71f6a,ACTIVE,-2473603,247841,1303772,0,0,140000
366422,01a0b1c2-b010-7000-8000-000000000000,01a0c441-d723-767b-90a3-bdbdd004e863,ACTIVE,0,-107576,4159905,0,233,140000
366422,01a0b1c2-b010-7000-8000-000000000000,01a0c441-dc05-7521-a2e5-cffdd63883ba,ACTIVE,2473614,247762,1688775,0,0,140000
366422,01a0b1c2-b010-7000-8000-000000000000,01a0c441-e0e7-71af-8b1d-ca2cf5125531,ACTIVE,-2155415,-248962,296837,0,0,140000
366422,01a0b1c2-b010-7000-8000-000000000000,01a0c441-e5c9-76eb-a77b-de784cb71f6a,ACTIVE,-2473603,247841,1317772,0,0,140000
366424,01a0b1c2-b010-7000-8000-000000000000,01a0c441-d723-767b-90a3-bdbdd004e863,ACTIVE,0,-107552,4173905,0,233,140000
366424,01a0b1c2-b010-7000-8000-000000000000,01a0c441-dc05-7521-a2e5-cffdd63883ba,ACTIVE,2473614,247762,1702775,0,0,140000
366424,01a0b1c2-b010-7000-8000-000000000000,01a0c441-e0e7-71af-8b1d-ca2cf5125531,ACTIVE,-2155415,-248962,310837,0,0,140000
366424,01a0b1c2-b010-7000-8000-000000000000,01a0c441-e5c9-76eb-a77b-de784cb71f6a,ACTIVE,-2473603,247841,1331772,0,0,140000
366426,01a0b1c2-b010-7000-8000-000000000000,01a0c441-d723-767b-90a3-bdbdd004e863,ACTIVE,0,-107529,4187905,0,233,140000
366426,01a0b1c2-b010-7000-8000-000000000000,01a0c441-dc05-7521-a2e5-cffdd63883ba,ACTIVE,2473614,247762,1716775,0,0,140000
366426,01a0b1c2-b010-7000-8000-000000000000,01a0c441-e0e7-71af-8b1d-ca2cf5125531,ACTIVE,-2155415,-248962,324837,0,0,140000
366426,01a0b1c2-b010-7000-8000-000000000000,01a0c441-e5c9-76eb-a77b-de784cb71f6a,ACTIVE,-2473603,247841,1345772,0,0,140000
366428,01a0b1c2-b010-7000-8000-000000000000,01a0c441-d723-767b-90a3-bdbdd004e863,ACTIVE,0,-107506,4201905,0,233,140000
366428,01a0b1c2-b010-7000-8000-000000000000,01a0c441-dc05-7521-a2e5-cffdd63883ba,ACTIVE,2473614,247762,1730775,0,0,140000
366428,01a0b1c2-b010-7000-8000-000000000000,01a0c441-e0e7-71af-8b1d-ca2cf5125531,ACTIVE,-2155415,-248962,338837,0,0,140000
366428,01a0b1c2-b010-7000-8000-000000000000,01a0c441-e5c9-76eb-a77b-de784cb71f6a,ACTIVE,-2473603,247841,1359772,0,0,140000
366430,01a0b1c2-b010-7000-8000-000000000000,01a0c441-d723-767b-90a3-bdbdd004e863,ACTIVE,0,-107483,4215905,0,233,140000
366430,01a0b1c2-b010-7000-8000-000000000000,01a0c441-dc05-7521-a2e5-cffdd63883ba,ACTIVE,2473614,247762,1744775,0,0,140000
366430,01a0b1c2-b010-7000-8000-000000000000,01a0c441-e0e7-71af-8b1d-ca2cf5125531,ACTIVE,-2155415,-248962,352837,0,0,140000
366430,01a0b1c2-b010-7000-8000-000000000000,01a0c441-e5c9-76eb-a77b-de784cb71f6a,ACTIVE,-2473603,247841,1373772,0,0,140000
366432,01a0b1c2-b010-7000-8000-000000000000,01a0c441-d723-767b-90a3-bdbdd004e863,ACTIVE,0,-107459,4229905,0,233,140000
366432,01a0b1c2-b010-7000-8000-000000000000,01a0c441-dc05-7521-a2e5-cffdd63883ba,ACTIVE,2473614,247762,1758775,0,0,140000
366432,01a0b1c2-b010-7000-8000-000000000000,01a0c441-e0e7-71af-8b1d-ca2cf5125531,ACTIVE,-2155415,-248962,366837,0,0,140000
366432,01a0b1c2-b010-7000-8000-000000000000,01a0c441-e5c9-76eb-a77b-de784cb71f6a,ACTIVE,-2473603,247841,1387772,0,0,140000
366434,01a0b1c2-b010-7000-8000-000000000000,01a0c441-d723-767b-90a3-bdbdd004e863,ACTIVE,0,-107436,4243905,0,233,140000
366434,01a0b1c2-b010-7000-8000-000000000000,01a0c441-dc05-7521-a2e5-cffdd63883ba,ACTIVE,2473614,247762,1772775,0,0,140000
366434,01a0b1c2-b010-7000-8000-000000000000,01a0c441-e0e7-71af-8b1d-ca2cf5125531,ACTIVE,-2155415,-248962,380837,0,0,140000
366434,01a0b1c2-b010-7000-8000-000000000000,01a0c441-e5c9-76eb-a77b-de784cb71f6a,ACTIVE,-2473603,247841,1401772,0,0,140000
366436,01a0b1c2-b010-7000-8000-000000000000,01a0c441-d723-767b-90a3-bdbdd004e863,ACTIVE,0,-107413,4257905,0,233,140000
366436,01a0b1c2-b010-7000-8000-000000000000,01a0c441-dc05-7521-a2e5-cffdd63883ba,ACTIVE,2473614,247762,1786775,0,0,140000
366436,01a0b1c2-b010-7000-8000-000000000000,01a0c441-e0e7-71af-8b1d-ca2cf5125531,ACTIVE,-2155415,-248962,394837,0,0,140000
366436,01a0b1c2-b010-7000-8000-000000000000,01a0c441-e5c9-76eb-a77b-de784cb71f6a,ACTIVE,-2473603,247841,1415772,0,0,140000
366438,01a0b1c2-b010-7000-8000-000000000000,01a0c441-d723-767b-90a3-bdbdd004e863,ACTIVE,0,-107389,4271905,0,233,140000
366438,01a0b1c2-b010-7000-8000-000000000000,01a0c441-dc05-7521-a2e5-cffdd63883ba,ACTIVE,2473614,247762,1800775,0,0,140000
366438,01a0b1c2-b010-7000-8000-000000000000,01a0c441-e0e7-71af-8b1d-ca2cf5125531,ACTIVE,-2155415,-248962,408837,0,0,140000
366438,01a0b1c2-b010-7000-8000-000000000000,01a0c441-e5c9-76eb-a77b-de784cb71f6a,ACTIVE,-2473603,247841,1429772,0,0,140000
366440,01a0b1c2-b010-7000-8000-000000000000,01a0c441-d723-767b-90a3-bdbdd004e863,ACTIVE,0,-107366,4285905,0,233,140000
366440,01a0b1c2-b010-7000-8000-000000000000,01a0c441-dc05-7521-a2e5-cffdd63883ba,ACTIVE,2473614,247762,1814775,0,0,140000
366440,01a0b1c2-b010-7000-8000-000000000000,01a0c441-e0e7-71af-8b1d-ca2cf5125531,ACTIVE,-2155415,-248962,422837,0,0,140000
366440,01a0b1c2-b010-7000-8000-000000000000,01a0c441-e5c9-76eb-a77b-de784cb71f6a,ACTIVE,-2473603,247841,1443772,0,0,140000
366442,01a0b1c2-b010-7000-8000-000000000000,01a0c441-d723-767b-90a3-bdbdd004e863,ACTIVE,0,-107343,4299905,0,233,140000
366442,01a0b1c2-b010-7000-8000-000000000000,01a0c441-dc05-7521-a2e5-cffdd63883ba,ACTIVE,2473614,247762,1828775,0,0,140000
366442,01a0b1c2-b010-7000-8000-000000000000,01a0c441-e0e7-71af-8b1d-ca2cf5125531,ACTIVE,-2155415,-248962,436837,0,0,140000
366442,01a0b1c2-b010-7000-8000-000000000000,01a0c441-e5c9-76eb-a77b-de784cb71f6a,ACTIVE,-2473603,247841,1457772,0,0,140000
366444,01a0b1c2-b010-7000-8000-000000000000,01a0c441-d723-767b-90a3-bdbdd004e863,ACTIVE,0,-107320,4313905,0,233,140000
366444,01a0b1c2-b010-7000-8000-000000000000,01a0c441-dc05-7521-a2e5-cffdd63883ba,ACTIVE,2473614,247762,1842775,0,0,140000
366444,01a0b1c2-b010-7000-8000-000000000000,01a0c441-e0e7-71af-8b1d-ca2cf5125531,ACTIVE,-2155415,-248962,450837,0,0,140000
366444,01a0b1c2-b010-7000-8000-000000000000,01a0c441-e5c9-76eb-a77b-de784cb71f6a,ACTIVE,-2473603,247841,1471772,0,0,140000
366446,01a0b1c2-b010-7000-8000-000000000000,01a0c441-d723-767b-90a3-bdbdd004e863,ACTIVE,0,-107296,4327905,0,233,140000
366446,01a0b1c2-b010-7000-8000-000000000000,01a0c441-dc05-7521-a2e5-cffdd63883ba,ACTIVE,2473614,247762,1856775,0,0,140000
366446,01a0b1c2-b010-7000-8000-000000000000,01a0c441-e0e7-71af-8b1d-ca2cf5125531,ACTIVE,-2155415,-248962,464837,0,0,140000
366446,01a0b1c2-b010-7000-8000-000000000000,01a0c441-e5c9-76eb-a77b-de784cb71f6a,ACTIVE,-2473603,247841,1485772,0,0,140000
366448,01a0b1c2-b010-7000-8000-000000000000,01a0c441-d723-767b-90a3-bdbdd004e863,ACTIVE,0,-107273,4341905,0,233,140000
366448,01a0b1c2-b010-7000-8000-000000000000,01a0c441-dc05-7521-a2e5-cffdd63883ba,ACTIVE,2473614,247762,1870775,0,0,140000
366448,01a0b1c2-b010-7000-8000-000000000000,01a0c441-e0e7-71af-8b1d-ca2cf5125531,ACTIVE,-2155415,-248962,478837,0,0,140000
366448,01a0b1c2-b010-7000-8000-000000000000,01a0c441-e5c9-76eb-a77b-de784cb71f6a,ACTIVE,-2473603,247841,1499772,0,0,140000
366450,01a0b1c2-b010-7000-8000-000000000000,01a0c441-d723-767b-90a3-bdbdd004e863,ACTIVE,0,-107250,4355905,0,233,140000
366450,01a0b1c2-b010-7000-8000-000000000000,01a0c441-dc05-7521-a2e5-cffdd63883ba,ACTIVE,2473614,247762,1884775,0,0,140000
366450,01a0b1c2-b010-7000-8000-000000000000,01a0c441-e0e7-71af-8b1d-ca2cf5125531,ACTIVE,-2155415,-248962,492837,0,0,140000
366450,01a0b1c2-b010-7000-8000-000000000000,01a0c441-e5c9-76eb-a77b-de784cb71f6a,ACTIVE,-2473603,247841,1513772,0,0,140000
366452,01a0b1c2-b010-7000-8000-000000000000,01a0c441-d723-767b-90a3-bdbdd004e863,ACTIVE,0,-107227,4369905,0,233,140000
366452,01a0b1c2-b010-7000-8000-000000000000,01a0c441-dc05-7521-a2e5-cffdd63883ba,ACTIVE,2473614,247762,1898775,0,0,140000
366452,01a0b1c2-b010-7000-8000-000000000000,01a0c441-e0e7-71af-8b1d-ca2cf5125531,ACTIVE,-2155415,-248962,506837,0,0,140000
366452,01a0b1c2-b010-7000-8000-000000000000,01a0c441-e5c9-76eb-a77b-de784cb71f6a,ACTIVE,-2473603,247841,1527772,0,0,140000
366454,01a0b1c2-b010-7000-8000-000000000000,01a0c441-d723-767b-90a3-bdbdd004e863,ACTIVE,0,-107203,4383905,0,233,140000
366454,01a0b1c2-b010-7000-8000-000000000000,01a0c441-dc05-7521-a2e5-cffdd63883ba,ACTIVE,2473614,247762,1912775,0,0,140000
366454,01a0b1c2-b010-7000-8000-000000000000,01a0c441-e0e7-71af-8b1d-ca2cf5125531,ACTIVE,-2155415,-248962,520837,0,0,140000
366454,01a0b1c2-b010-7000-8000-000000000000,01a0c441-e5c9-76eb-a77b-de784cb71f6a,ACTIVE,-2473603,247841,1541772,0,0,140000
366456,01a0b1c2-b010-7000-8000-000000000000,01a0c441-d723-767b-90a3-bdbdd004e863,ACTIVE,0,-107180,4397905,0,233,140000
366456,01a0b1c2-b010-7000-8000-000000000000,01a0c441-dc05-7521-a2e5-cffdd63883ba,ACTIVE,2473614,247762,1926775,0,0,140000
366456,01a0b1c2-b010-7000-8000-000000000000,01a0c441-e0e7-71af-8b1d-ca2cf5125531,ACTIVE,-2155415,-248962,534837,0,0,140000
366456,01a0b1c2-b010-7000-8000-000000000000,01a0c441-e5c9-76eb-a77b-de784cb71f6a,ACTIVE,-2473603,247841,1555772,0,0,140000
366458,01a0b1c2-b010-7000-8000-000000000000,01a0c441-d723-767b-90a3-bdbdd004e863,ACTIVE,0,-107157,4411905,0,233,140000
366458,01a0b1c2-b010-7000-8000-000000000000,01a0c441-dc05-7521-a2e5-cffdd63883ba,ACTIVE,2473614,247762,1940775,0,0,140000
366458,01a0b1c2-b010-7000-8000-000000000000,01a0c441-e0e7-71af-8b1d-ca2cf5125531,ACTIVE,-2155415,-248962,548837,0,0,140000
366458,01a0b1c2-b010-7000-8000-000000000000,01a0c441-e5c9-76eb-a77b-de784cb71f6a,ACTIVE,-2473603,247841,1569772,0,0,140000
366460,01a0b1c2-b010-7000-8000-000000000000,01a0c441-d723-767b-90a3-bdbdd004e863,ACTIVE,0,-107133,4425905,0,233,140000
366460,01a0b1c2-b010-7000-8000-000000000000,01a0c441-dc05-7521-a2e5-cffdd63883ba,ACTIVE,2473614,247762,1954775,0,0,140000
366460,01a0b1c2-b010-7000-8000-000000000000,01a0c441-e0e7-71af-8b1d-ca2cf5125531,ACTIVE,-2155415,-248962,562837,0,0,140000
366460,01a0b1c2-b010-7000-8000-000000000000,01a0c441-e5c9-76eb-a77b-de784cb71f6a,ACTIVE,-2473603,247841,1583772,0,0,140000
366462,01a0b1c2-b010-7000-8000-000000000000,01a0c441-d723-767b-90a3-bdbdd004e863,ACTIVE,0,-107110,4439905,0,233,140000
366462,01a0b1c2-b010-7000-8000-000000000000,01a0c441-dc05-7521-a2e5-cffdd63883ba,ACTIVE,2473614,247762,1968775,0,0,140000
366462,01a0b1c2-b010-7000-8000-000000000000,01a0c441-e0e7-71af-8b1d-ca2cf5125531,ACTIVE,-2155415,-248962,576837,0,0,140000
366462,01a0b1c2-b010-7000-8000-000000000000,01a0c441-e5c9-76eb-a77b-de784cb71f6a,ACTIVE,-2473603,247841,1597772,0,0,140000
366464,01a0b1c2-b010-7000-8000-000000000000,01a0c441-d723-767b-90a3-bdbdd004e863,ACTIVE,0,-107087,4453905,0,233,140000
366464,01a0b1c2-b010-7000-8000-000000000000,01a0c441-dc05-7521-a2e5-cffdd63883ba,ACTIVE,2473614,247762,1982775,0,0,140000
366464,01a0b1c2-b010-7000-8000-000000000000,01a0c441-e0e7-71af-8b1d-ca2cf5125531,ACTIVE,-2155415,-248962,590837,0,0,140000
366464,01a0b1c2-b010-7000-8000-000000000000,01a0c441-e5c9-76eb-a77b-de784cb71f6a,ACTIVE,-2473603,247841,1611772,0,0,140000
366466,01a0b1c2-b010-7000-8000-000000000000,01a0c441-d723-767b-90a3-bdbdd004e863,ACTIVE,0,-107064,4467905,0,233,140000
366466,01a0b1c2-b010-7000-8000-000000000000,01a0c441-dc05-7521-a2e5-cffdd63883ba,ACTIVE,2473614,247762,1996775,0,0,140000
366466,01a0b1c2-b010-7000-8000-000000000000,01a0c441-e0e7-71af-8b1d-ca2cf5125531,ACTIVE,-2155415,-248962,604837,0,0,140000
366466,01a0b1c2-b010-7000-8000-000000000000,01a0c441-e5c9-76eb-a77b-de784cb71f6a,ACTIVE,-2473603,247841,1625772,0,0,140000
366468,01a0b1c2-b010-7000-8000-000000000000,01a0c441-d723-767b-90a3-bdbdd004e863,ACTIVE,0,-107040,4481905,0,233,140000
366468,01a0b1c2-b010-7000-8000-000000000000,01a0c441-dc05-7521-a2e5-cffdd63883ba,ACTIVE,2473614,247762,2010775,0,0,140000
366468,01a0b1c2-b010-7000-8000-000000000000,01a0c441-e0e7-71af-8b1d-ca2cf5125531,ACTIVE,-2155415,-248962,618837,0,0,140000
366468,01a0b1c2-b010-7000-8000-000000000000,01a0c441-e5c9-76eb-a77b-de784cb71f6a,ACTIVE,-2473603,247841,1639772,0,0,140000
366470,01a0b1c2-b010-7000-8000-000000000000,01a0c441-d723-767b-90a3-bdbdd004e863,ACTIVE,0,-107017,4495904,0,233,140000
366470,01a0b1c2-b010-7000-8000-000000000000,01a0c441-dc05-7521-a2e5-cffdd63883ba,ACTIVE,2473614,247762,2024775,0,0,140000
366470,01a0b1c2-b010-7000-8000-000000000000,01a0c441-e0e7-71af-8b1d-ca2cf5125531,ACTIVE,-2155415,-248962,632837,0,0,140000
366470,01a0b1c2-b010-7000-8000-000000000000,01a0c441-e5c9-76eb-a77b-de784cb71f6a,ACTIVE,-2473603,247841,1653772,0,0,140000
366472,01a0b1c2-b010-7000-8000-000000000000,01a0c441-d723-767b-90a3-bdbdd004e863,ACTIVE,0,-106994,4509904,0,233,140000
366472,01a0b1c2-b010-7000-8000-000000000000,01a0c441-dc05-7521-a2e5-cffdd63883ba,ACTIVE,2473614,247762,2038775,0,0,140000
366472,01a0b1c2-b010-7000-8000-000000000000,01a0c441-e0e7-71af-8b1d-ca2cf5125531,ACTIVE,-2155415,-248962,646837,0,0,140000
366472,01a0b1c2-b010-7000-8000-000000000000,01a0c441-e5c9-76eb-a77b-de784cb71f6a,ACTIVE,-2473603,247841,1667772,0,0,140000
366474,01a0b1c2-b010-7000-8000-000000000000,01a0c441-d723-767b-90a3-bdbdd004e863,ACTIVE,0,-106970,4523904,0,233,140000
366474,01a0b1c2-b010-7000-8000-000000000000,01a0c441-dc05-7521-a2e5-cffdd63883ba,ACTIVE,2473614,247762,2052775,0,0,140000
366474,01a0b1c2-b010-7000-8000-000000000000,01a0c441-e0e7-71af-8b1d-ca2cf5125531,ACTIVE,-2155415,-248962,660837,0,0,140000
366474,01a0b1c2-b010-7000-8000-000000000000,01a0c441-e5c9-76eb-a77b-de784cb71f6a,ACTIVE,-2473603,247841,1681772,0,0,140000
366476,01a0b1c2-b010-7000-8000-000000000000,01a0c441-d723-767b-90a3-bdbdd004e863,ACTIVE,0,-106947,4537904,0,233,140000
366476,01a0b1c2-b010-7000-8000-000000000000,01a0c441-dc05-7521-a2e5-cffdd63883ba,ACTIVE,2473614,247762,2066775,0,0,140000
366476,01a0b1c2-b010-7000-8000-000000000000,01a0c441-e0e7-71af-8b1d-ca2cf5125531,ACTIVE,-2155415,-248962,674837,0,0,140000
366476,01a0b1c2-b010-7000-8000-000000000000,01a0c441-e5c9-76eb-a77b-de784cb71f6a,ACTIVE,-2473603,247841,1695772,0,0,140000
366478,01a0b1c2-b010-7000-8000-000000000000,01a0c441-d723-767b-90a3-bdbdd004e863,ACTIVE,0,-106924,4551904,0,233,140000
366478,01a0b1c2-b010-7000-8000-000000000000,01a0c441-dc05-7521-a2e5-cffdd63883ba,ACTIVE,2473614,247762,2080775,0,0,140000
366478,01a0b1c2-b010-7000-8000-000000000000,01a0c441-e0e7-71af-8b1d-ca2cf5125531,ACTIVE,-2155415,-248962,688837,0,0,140000
366478,01a0b1c2-b010-7000-8000-000000000000,01a0c441-e5c9-76eb-a77b-de784cb71f6a,ACTIVE,-2473603,247841,1709772,0,0,140000
366480,01a0b1c2-b010-7000-8000-000000000000,01a0c441-d723-767b-90a3-bdbdd004e863,ACTIVE,0,-106901,4565904,0,233,140000
366480,01a0b1c2-b010-7000-8000-000000000000,01a0c441-dc05-7521-a2e5-cffdd63883ba,ACTIVE,2473614,247762,2094775,0,0,140000
366480,01a0b1c2-b010-7000-8000-000000000000,01a0c441-e0e7-71af-8b1d-ca2cf5125531,ACTIVE,-2155415,-248962,702837,0,0,140000
366480,01a0b1c2-b010-7000-8000-000000000000,01a0c441-e5c9-76eb-a77b-de784cb71f6a,ACTIVE,-2473603,247841,1723772,0,0,140000
366482,01a0b1c2-b010-7000-8000-000000000000,01a0c441-d723-767b-90a3-bdbdd004e863,ACTIVE,0,-106877,4579904,0,233,140000
366482,01a0b1c2-b010-7000-8000-000000000000,01a0c441-dc05-7521-a2e5-cffdd63883ba,ACTIVE,2473614,247762,2108775,0,0,140000
366482,01a0b1c2-b010-7000-8000-000000000000,01a0c441-e0e7-71af-8b1d-ca2cf5125531,ACTIVE,-2155415,-248962,716837,0,0,140000
366482,01a0b1c2-b010-7000-8000-000000000000,01a0c441-e5c9-76eb-a77b-de784cb71f6a,ACTIVE,-2473603,247841,1737772,0,0,140000
366484,01a0b1c2-b010-7000-8000-000000000000,01a0c441-d723-767b-90a3-bdbdd004e863,ACTIVE,0,-106854,4593904,0,233,140000
366484,01a0b1c2-b010-7000-8000-000000000000,01a0c441-dc05-7521-a2e5-cffdd63883ba,ACTIVE,2473614,247762,2122775,0,0,140000
366484,01a0b1c2-b010-7000-8000-000000000000,01a0c441-e0e7-71af-8b1d-ca2cf5125531,ACTIVE,-2155415,-248962,730837,0,0,140000
366484,01a0b1c2-b010-7000-8000-000000000000,01a0c441-e5c9-76eb-a77b-de784cb71f6a,ACTIVE,-2473603,247841,1751772,0,0,140000
366486,01a0b1c2-b010-7000-8000-000000000000,01a0c441-d723-767b-90a3-bdbdd004e863,ACTIVE,0,-106831,4607904,0,233,140000
366486,01a0b1c2-b010-7000-8000-000000000000,01a0c441-dc05-7521-a2e5-cffdd63883ba,ACTIVE,2473614,247762,2136775,0,0,140000
366486,01a0b1c2-b010-7000-8000-000000000000,01a0c441-e0e7-71af-8b1d-ca2cf5125531,ACTIVE,-2155415,-248962,744837,0,0,140000
366486,01a0b1c2-b010-7000-8000-000000000000,01a0c441-e5c9-76eb-a77b-de784cb71f6a,ACTIVE,-2473603,247841,1765772,0,0,140000
366488,01a0b1c2-b010-7000-8000-000000000000,01a0c441-d723-767b-90a3-bdbdd004e863,ACTIVE,0,-106808,4621904,0,233,140000
366488,01a0b1c2-b010-7000-8000-000000000000,01a0c441-dc05-7521-a2e5-cffdd63883ba,ACTIVE,2473614,247762,2150775,0,0,140000
366488,01a0b1c2-b010-7000-8000-000000000000,01a0c441-e0e7-71af-8b1d-ca2cf5125531,ACTIVE,-2155415,-248962,758837,0,0,140000
366488,01a0b1c2-b010-7000-8000-000000000000,01a0c441-e5c9-76eb-a77b-de784cb71f6a,ACTIVE,-2473603,247841,1779772,0,0,140000
366490,01a0b1c2-b010-7000-8000-000000000000,01a0c441-d723-767b-90a3-bdbdd004e863,ACTIVE,0,-106784,4635904,0,233,140000
366490,01a0b1c2-b010-7000-8000-000000000000,01a0c441-dc05-7521-a2e5-cffdd63883ba,ACTIVE,2473614,247762,2164775,0,0,140000
366490,01a0b1c2-b010-7000-8000-000000000000,01a0c441-e0e7-71af-8b1d-ca2cf5125531,ACTIVE,-2155415,-248962,772837,0,0,140000
366490,01a0b1c2-b010-7000-8000-000000000000,01a0c441-e5c9-76eb-a77b-de784cb71f6a,ACTIVE,-2473603,247841,1793772,0,0,140000
366492,01a0b1c2-b010-7000-8000-000000000000,01a0c441-d723-767b-90a3-bdbdd004e863,ACTIVE,0,-106761,4649904,0,233,140000
366492,01a0b1c2-b010-7000-8000-000000000000,01a0c441-dc05-7521-a2e5-cffdd63883ba,ACTIVE,2473614,247762,2178775,0,0,140000
366492,01a0b1c2-b010-7000-8000-000000000000,01a0c441-e0e7-71af-8b1d-ca2cf5125531,ACTIVE,-2155415,-248962,786837,0,0,140000
366492,01a0b1c2-b010-7000-8000-000000000000,01a0c441-e5c9-76eb-a77b-de784cb71f6a,ACTIVE,-2473603,247841,1807772,0,0,140000
366494,01a0b1c2-b010-7000-8000-000000000000,01a0c441-d723-767b-90a3-bdbdd004e863,ACTIVE,0,-106738,4663904,0,233,140000
366494,01a0b1c2-b010-7000-8000-000000000000,01a0c441-dc05-7521-a2e5-cffdd63883ba,ACTIVE,2473614,247762,2192775,0,0,140000
366494,01a0b1c2-b010-7000-8000-000000000000,01a0c441-e0e7-71af-8b1d-ca2cf5125531,ACTIVE,-2155415,-248962,800837,0,0,140000
366494,01a0b1c2-b010-7000-8000-000000000000,01a0c441-e5c9-76eb-a77b-de784cb71f6a,ACTIVE,-2473603,247841,1821772,0,0,140000
366496,01a0b1c2-b010-7000-8000-000000000000,01a0c441-d723-767b-90a3-bdbdd004e863,ACTIVE,0,-106714,4677904,0,233,140000
366496,01a0b1c2-b010-7000-8000-000000000000,01a0c441-dc05-7521-a2e5-cffdd63883ba,ACTIVE,2473614,247762,2206775,0,0,140000
366496,01a0b1c2-b010-7000-8000-000000000000,01a0c441-e0e7-71af-8b1d-ca2cf5125531,ACTIVE,-2155415,-248962,814837,0,0,140000
366496,01a0b1c2-b010-7000-8000-000000000000,01a0c441-e5c9-76eb-a77b-de784cb71f6a,ACTIVE,-2473603,247841,1835772,0,0,140000
366498,01a0b1c2-b010-7000-8000-000000000000,01a0c441-d723-767b-90a3-bdbdd004e863,ACTIVE,0,-106691,4691904,0,233,140000
366498,01a0b1c2-b010-7000-8000-000000000000,01a0c441-dc05-7521-a2e5-cffdd63883ba,ACTIVE,2473614,247762,2220775,0,0,140000
366498,01a0b1c2-b010-7000-8000-000000000000,01a0c441-e0e7-71af-8b1d-ca2cf5125531,ACTIVE,-2155415,-248962,828837,0,0,140000
366498,01a0b1c2-b010-7000-8000-000000000000,01a0c441-e5c9-76eb-a77b-de784cb71f6a,ACTIVE,-2473603,247841,1849772,0,0,140000
366500,01a0b1c2-b010-7000-8000-000000000000,01a0c441-d723-767b-90a3-bdbdd004e863,ACTIVE,0,-106668,4705904,0,233,140000
366500,01a0b1c2-b010-7000-8000-000000000000,01a0c441-dc05-7521-a2e5-cffdd63883ba,ACTIVE,2473614,247762,2234775,0,0,140000
366500,01a0b1c2-b010-7000-8000-000000000000,01a0c441-e0e7-71af-8b1d-ca2cf5125531,ACTIVE,-2155415,-248962,842837,0,0,140000
366500,01a0b1c2-b010-7000-8000-000000000000,01a0c441-e5c9-76eb-a77b-de784cb71f6a,ACTIVE,-2473603,247841,1863772,0,0,140000
366502,01a0b1c2-b010-7000-8000-000000000000,01a0c441-d723-767b-90a3-bdbdd004e863,ACTIVE,0,-106645,4719904,0,233,140000
366502,01a0b1c2-b010-7000-8000-000000000000,01a0c441-dc05-7521-a2e5-cffdd63883ba,ACTIVE,2473614,247762,2248775,0,0,140000
366502,01a0b1c2-b010-7000-8000-000000000000,01a0c441-e0e7-71af-8b1d-ca2cf5125531,ACTIVE,-2155415,-248962,856837,0,0,140000
366502,01a0b1c2-b010-7000-8000-000000000000,01a0c441-e5c9-76eb-a77b-de784cb71f6a,ACTIVE,-2473603,247841,1877772,0,0,140000
366504,01a0b1c2-b010-7000-8000-000000000000,01a0c441-d723-767b-90a3-bdbdd004e863,ACTIVE,0,-106621,4733904,0,233,140000
366504,01a0b1c2-b010-7000-8000-000000000000,01a0c441-dc05-7521-a2e5-cffdd63883ba,ACTIVE,2473614,247762,2262775,0,0,140000
366504,01a0b1c2-b010-7000-8000-000000000000,01a0c441-e0e7-71af-8b1d-ca2cf5125531,ACTIVE,-2155415,-248962,870837,0,0,140000
366504,01a0b1c2-b010-7000-8000-000000000000,01a0c441-e5c9-76eb-a77b-de784cb71f6a,ACTIVE,-2473603,247841,1891772,0,0,140000
366506,01a0b1c2-b010-7000-8000-000000000000,01a0c441-d723-767b-90a3-bdbdd004e863,ACTIVE,0,-106598,4747904,0,233,140000
366506,01a0b1c2-b010-7000-8000-000000000000,01a0c441-dc05-7521-a2e5-cffdd63883ba,ACTIVE,2473614,247762,2276775,0,0,140000
366506,01a0b1c2-b010-7000-8000-000000000000,01a0c441-e0e7-71af-8b1d-ca2cf5125531,ACTIVE,-2155415,-248962,884837,0,0,140000
366506,01a0b1c2-b010-7000-8000-000000000000,01a0c441-e5c9-76eb-a77b-de784cb71f6a,ACTIVE,-2473603,247841,1905772,0,0,140000
366508,01a0b1c2-b010-7000-8000-000000000000,01a0c441-d723-767b-90a3-bdbdd004e863,ACTIVE,0,-106575,4761904,0,233,140000
366508,01a0b1c2-b010-7000-8000-000000000000,01a0c441-dc05-7521-a2e5-cffdd63883ba,ACTIVE,2473614,247762,2290775,0,0,140000
366508,01a0b1c2-b010-7000-8000-000000000000,01a0c441-e0e7-71af-8b1d-ca2cf5125531,ACTIVE,-2155415,-248962,898837,0,0,140000
366508,01a0b1c2-b010-7000-8000-000000000000,01a0c441-e5c9-76eb-a77b-de784cb71f6a,ACTIVE,-2473603,247841,1919772,0,0,140000
366510,01a0b1c2-b010-7000-8000-000000000000,01a0c441-d723-767b-90a3-bdbdd004e863,ACTIVE,0,-106552,4775904,0,233,140000
366510,01a0b1c2-b010-7000-8000-000000000000,01a0c441-dc05-7521-a2e5-cffdd63883ba,ACTIVE,2473614,247762,2304775,0,0,140000
366510,01a0b1c2-b010-7000-8000-000000000000,01a0c441-e0e7-71af-8b1d-ca2cf5125531,ACTIVE,-2155415,-248962,912837,0,0,140000
366510,01a0b1c2-b010-7000-8000-000000000000,01a0c441-e5c9-76eb-a77b-de784cb71f6a,ACTIVE,-2473603,247841,1933772,0,0,140000
366512,01a0b1c2-b010-7000-8000-000000000000,01a0c441-d723-767b-90a3-bdbdd004e863,ACTIVE,0,-106528,4789904,0,233,140000
366512,01a0b1c2-b010-7000-8000-000000000000,01a0c441-dc05-7521-a2e5-cffdd63883ba,ACTIVE,2473614,247762,2318775,0,0,140000
366512,01a0b1c2-b010-7000-8000-000000000000,01a0c441-e0e7-71af-8b1d-ca2cf5125531,ACTIVE,-2155415,-248962,926837,0,0,140000
366512,01a0b1c2-b010-7000-8000-000000000000,01a0c441-e5c9-76eb-a77b-de784cb71f6a,ACTIVE,-2473603,247841,1947772,0,0,140000
366514,01a0b1c2-b010-7000-8000-000000000000,01a0c441-d723-767b-90a3-bdbdd004e863,ACTIVE,0,-106505,4803904,0,233,140000
366514,01a0b1c2-b010-7000-8000-000000000000,01a0c441-dc05-7521-a2e5-cffdd63883ba,ACTIVE,2473614,247762,2332775,0,0,140000
366514,01a0b1c2-b010-7000-8000-000000000000,01a0c441-e0e7-71af-8b1d-ca2cf5125531,ACTIVE,-2155415,-248962,940837,0,0,140000
366514,01a0b1c2-b010-7000-8000-000000000000,01a0c441-e5c9-76eb-a77b-de784cb71f6a,ACTIVE,-2473603,247841,1961772,0,0,140000
366516,01a0b1c2-b010-7000-8000-000000000000,01a0c441-d723-767b-90a3-bdbdd004e863,ACTIVE,0,-106482,4817904,0,233,140000
366516,01a0b1c2-b010-7000-8000-000000000000,01a0c441-dc05-7521-a2e5-cffdd63883ba,ACTIVE,2473614,247762,2346775,0,0,140000
366516,01a0b1c2-b010-7000-8000-000000000000,01a0c441-e0e7-71af-8b1d-ca2cf5125531,ACTIVE,-2155415,-248962,954837,0,0,140000
366516,01a0b1c2-b010-7000-8000-000000000000,01a0c441-e5c9-76eb-a77b-de784cb71f6a,ACTIVE,-2473603,247841,1975772,0,0,140000
366518,01a0b1c2-b010-7000-8000-000000000000,01a0c441-d723-767b-90a3-bdbdd004e863,ACTIVE,0,-106458,4831904,0,233,140000
366518,01a0b1c2-b010-7000-8000-000000000000,01a0c441-dc05-7521-a2e5-cffdd63883ba,ACTIVE,2473614,247762,2360775,0,0,140000
366518,01a0b1c2-b010-7000-8000-000000000000,01a0c441-e0e7-71af-8b1d-ca2cf5125531,ACTIVE,-2155415,-248962,968837,0,0,140000
366518,01a0b1c2-b010-7000-8000-000000000000,01a0c441-e5c9-76eb-a77b-de784cb71f6a,ACTIVE,-2473603,247841,1989772,0,0,140000
366520,01a0b1c2-b010-7000-8000-000000000000,01a0c441-d723-767b-90a3-bdbdd004e863,ACTIVE,0,-106435,4845904,0,233,140000
366520,01a0b1c2-b010-7000-8000-000000000000,01a0c441-dc05-7521-a2e5-cffdd63883ba,ACTIVE,2473614,247762,2374775,0,0,140000
366520,01a0b1c2-b010-7000-8000-000000000000,01a0c441-e0e7-71af-8b1d-ca2cf5125531,ACTIVE,-2155415,-248962,982837,0,0,140000
366520,01a0b1c2-b010-7000-8000-000000000000,01a0c441-e5c9-76eb-a77b-de784cb71f6a,ACTIVE,-2473603,247841,2003772,0,0,140000
366522,01a0b1c2-b010-7000-8000-000000000000,01a0c441-d723-767b-90a3-bdbdd004e863,ACTIVE,0,-106412,4859904,0,233,140000
366522,01a0b1c2-b010-7000-8000-000000000000,01a0c441-dc05-7521-a2e5-cffdd63883ba,ACTIVE,2473614,247762,2388775,0,0,140000
366522,01a0b1c2-b010-7000-8000-000000000000,01a0c441-e0e7-71af-8b1d-ca2cf5125531,ACTIVE,-2155415,-248962,996837,0,0,140000
366522,01a0b1c2-b010-7000-8000-000000000000,01a0c441-e5c9-76eb-a77b-de784cb71f6a,ACTIVE,-2473603,247841,2017772,0,0,140000
366524,01a0b1c2-b010-7000-8000-000000000000,01a0c441-d723-767b-90a3-bdbdd004e863,ACTIVE,0,-106389,4873904,0,233,140000
366524,01a0b1c2-b010-7000-8000-000000000000,01a0c441-dc05-7521-a2e5-cffdd63883ba,ACTIVE,2473614,247762,2402775,0,0,140000
366524,01a0b1c2-b010-7000-8000-000000000000,01a0c441-e0e7-71af-8b1d-ca2cf5125531,ACTIVE,-2155415,-248962,1010837,0,0,140000
366524,01a0b1c2-b010-7000-8000-000000000000,01a0c441-e5c9-76eb-a77b-de784cb71f6a,ACTIVE,-2473603,247841,2031772,0,0,140000
366526,01a0b1c2-b010-7000-8000-000000000000,01a0c441-d723-767b-90a3-bdbdd004e863,ACTIVE,0,-106365,4887904,0,233,140000
366526,01a0b1c2-b010-7000-8000-000000000000,01a0c441-dc05-7521-a2e5-cffdd63883ba,ACTIVE,2473614,247762,2416775,0,0,140000
366526,01a0b1c2-b010-7000-8000-000000000000,01a0c441-e0e7-71af-8b1d-ca2cf5125531,ACTIVE,-2155415,-248962,1024837,0,0,140000
366526,01a0b1c2-b010-7000-8000-000000000000,01a0c441-e5c9-76eb-a77b-de784cb71f6a,ACTIVE,-2473603,247841,2045772,0,0,140000
366528,01a0b1c2-b010-7000-8000-000000000000,01a0c441-d723-767b-90a3-bdbdd004e863,ACTIVE,0,-106342,4901904,0,233,140000
366528,01a0b1c2-b010-7000-8000-000000000000,01a0c441-dc05-7521-a2e5-cffdd63883ba,ACTIVE,2473614,247762,2430775,0,0,140000
366528,01a0b1c2-b010-7000-8000-000000000000,01a0c441-e0e7-71af-8b1d-ca2cf5125531,ACTIVE,-2155415,-248962,1038837,0,0,140000
366528,01a0b1c2-b010-7000-8000-000000000000,01a0c441-e5c9-76eb-a77b-de784cb71f6a,ACTIVE,-2473603,247841,2059772,0,0,140000
366530,01a0b1c2-b010-7000-8000-000000000000,01a0c441-d723-767b-90a3-bdbdd004e863,ACTIVE,0,-106319,4915904,0,233,140000
366530,01a0b1c2-b010-7000-8000-000000000000,01a0c441-dc05-7521-a2e5-cffdd63883ba,ACTIVE,2473614,247762,2444775,0,0,140000
366530,01a0b1c2-b010-7000-8000-000000000000,01a0c441-e0e7-71af-8b1d-ca2cf5125531,ACTIVE,-2155415,-248962,1052837,0,0,140000
366530,01a0b1c2-b010-7000-8000-000000000000,01a0c441-e5c9-76eb-a77b-de784cb71f6a,ACTIVE,-2473603,247841,2073772,0,0,140000
366532,01a0b1c2-b010-7000-8000-000000000000,01a0c441-d723-767b-90a3-bdbdd004e863,ACTIVE,0,-106296,4929904,0,233,140000
366532,01a0b1c2-b010-7000-8000-000000000000,01a0c441-dc05-7521-a2e5-cffdd63883ba,ACTIVE,2473614,247762,2458775,0,0,140000
366532,01a0b1c2-b010-7000-8000-000000000000,01a0c441-e0e7-71af-8b1d-ca2cf5125531,ACTIVE,-2155415,-248962,1066837,0,0,140000
366532,01a0b1c2-b010-7000-8000-000000000000,01a0c441-e5c9-76eb-a77b-de784cb71f6a,ACTIVE,-2473603,247841,2087772,0,0,140000
366534,01a0b1c2-b010-7000-8000-000000000000,01a0c441-d723-767b-90a3-bdbdd004e863,ACTIVE,0,-106272,4943904,0,233,140000
366534,01a0b1c2-b010-7000-8000-000000000000,01a0c441-dc05-7521-a2e5-cffdd63883ba,ACTIVE,2473614,247762,2472775,0,0,140000
366534,01a0b1c2-b010-7000-8000-000000000000,01a0c441-e0e7-71af-8b1d-ca2cf5125531,ACTIVE,-2155415,-248962,1080837,0,0,140000
366534,01a0b1c2-b010-7000-8000-000000000000,01a0c441-e5c9-76eb-a77b-de784cb71f6a,ACTIVE,-2473603,247841,2101772,0,0,140000
366536,01a0b1c2-b010-7000-8000-000000000000,01a0c441-d723-767b-90a3-bdbdd004e863,ACTIVE,0,-106249,4957904,0,233,140000
366536,01a0b1c2-b010-7000-8000-000000000000,01a0c441-dc05-7521-a2e5-cffdd63883ba,ACTIVE,2473614,247762,2486775,0,0,140000
366536,01a0b1c2-b010-7000-8000-000000000000,01a0c441-e0e7-71af-8b1d-ca2cf5125531,ACTIVE,-2155415,-248962,1094837,0,0,140000
366536,01a0b1c2-b010-7000-8000-000000000000,01a0c441-e5c9-76eb-a77b-de784cb71f6a,ACTIVE,-2473603,247841,2115772,0,0,140000
366538,01a0b1c2-b010-7000-8000-000000000000,01a0c441-d723-767b-90a3-bdbdd004e863,ACTIVE,0,-106226,4971904,0,233,140000
366538,01a0b1c2-b010-7000-8000-000000000000,01a0c441-dc05-7521-a2e5-cffdd63883ba,ACTIVE,2473614,247762,2500775,0,0,140000
366538,01a0b1c2-b010-7000-8000-000000000000,01a0c441-e0e7-71af-8b1d-ca2cf5125531,ACTIVE,-2155415,-248962,1108837,0,0,140000
366538,01a0b1c2-b010-7000-8000-000000000000,01a0c441-e5c9-76eb-a77b-de784cb71f6a,ACTIVE,-2473603,247841,2129772,0,0,140000
366540,01a0b1c2-b010-7000-8000-000000000000,01a0c441-d723-767b-90a3-bdbdd004e863,ACTIVE,0,-106202,4985904,0,233,140000
366540,01a0b1c2-b010-7000-8000-000000000000,01a0c441-dc05-7521-a2e5-cffdd63883ba,ACTIVE,2473614,247762,2514775,0,0,140000
366540,01a0b1c2-b010-7000-8000-000000000000,01a0c441-e0e7-71af-8b1d-ca2cf5125531,ACTIVE,-2155415,-248962,1122837,0,0,140000
366540,01a0b1c2-b010-7000-8000-000000000000,01a0c441-e5c9-76eb-a77b-de784cb71f6a,ACTIVE,-2473603,247841,2143772,0,0,140000
366542,01a0b1c2-b010-7000-8000-000000000000,01a0c441-d723-767b-90a3-bdbdd004e863,ACTIVE,0,-106179,4999904,0,233,140000
366542,01a0b1c2-b010-7000-8000-000000000000,01a0c441-dc05-7521-a2e5-cffdd63883ba,ACTIVE,2473614,247762,2528775,0,0,140000
366542,01a0b1c2-b010-7000-8000-000000000000,01a0c441-e0e7-71af-8b1d-ca2cf5125531,ACTIVE,-2155415,-248962,1136837,0,0,140000
366542,01a0b1c2-b010-7000-8000-000000000000,01a0c441-e5c9-76eb-a77b-de784cb71f6a,ACTIVE,-2473603,247841,2157772,0,0,140000
366544,01a0b1c2-b010-7000-8000-000000000000,01a0c441-d723-767b-90a3-bdbdd004e863,ACTIVE,0,-106156,5013904,0,233,140000
366544,01a0b1c2-b010-7000-8000-000000000000,01a0c441-dc05-7521-a2e5-cffdd63883ba,ACTIVE,2473614,247762,2542775,0,0,140000
366544,01a0b1c2-b010-7000-8000-000000000000,01a0c441-e0e7-71af-8b1d-ca2cf5125531,ACTIVE,-2155415,-248962,1150837,0,0,140000
366544,01a0b1c2-b010-7000-8000-000000000000,01a0c441-e5c9-76eb-a77b-de784cb71f6a,ACTIVE,-2473603,247841,2171772,0,0,140000
366546,01a0b1c2-b010-7000-8000-000000000000,01a0c441-d723-767b-90a3-bdbdd004e863,ACTIVE,0,-106133,5027904,0,233,140000
366546,01a0b1c2-b010-7000-8000-000000000000,01a0c441-dc05-7521-a2e5-cffdd63883ba,ACTIVE,2473614,247762,2556775,0,0,140000
366546,01a0b1c2-b010-7000-8000-000000000000,01a0c441-e0e7-71af-8b1d-ca2cf5125531,ACTIVE,-2155415,-248962,1164837,0,0,140000
366546,01a0b1c2-b010-7000-8000-000000000000,01a0c441-e5c9-76eb-a77b-de784cb71f6a,ACTIVE,-2473603,247841,2185772,0,0,140000
366548,01a0b1c2-b010-7000-8000-000000000000,01a0c441-d723-767b-90a3-bdbdd004e863,ACTIVE,0,-106109,5041904,0,233,140000
366548,01a0b1c2-b010-7000-8000-000000000000,01a0c441-dc05-7521-a2e5-cffdd63883ba,ACTIVE,2473614,247762,2570775,0,0,140000
366548,01a0b1c2-b010-7000-8000-000000000000,01a0c441-e0e7-71af-8b1d-ca2cf5125531,ACTIVE,-2155415,-248962,1178837,0,0,140000
366548,01a0b1c2-b010-7000-8000-000000000000,01a0c441-e5c9-76eb-a77b-de784cb71f6a,ACTIVE,-2473603,247841,2199772,0,0,140000
366550,01a0b1c2-b010-7000-8000-000000000000,01a0c441-d723-767b-90a3-bdbdd004e863,ACTIVE,0,-106086,5055904,0,233,140000
366550,01a0b1c2-b010-7000-8000-000000000000,01a0c441-dc05-7521-a2e5-cffdd63883ba,ACTIVE,2473614,247762,2584775,0,0,140000
366550,01a0b1c2-b010-7000-8000-000000000000,01a0c441-e0e7-71af-8b1d-ca2cf5125531,ACTIVE,-2155415,-248962,1192837,0,0,140000
366550,01a0b1c2-b010-7000-8000-000000000000,01a0c441-e5c9-76eb-a77b-de784cb71f6a,ACTIVE,-2473603,247841,2213772,0,0,140000
366552,01a0b1c2-b010-7000-8000-000000000000,01a0c441-d723-767b-90a3-bdbdd004e863,ACTIVE,0,-106063,5069904,0,233,140000
366552,01a0b1c2-b010-7000-8000-000000000000,01a0c441-dc05-7521-a2e5-cffdd63883ba,ACTIVE,2473614,247762,2598775,0,0,140000
366552,01a0b1c2-b010-7000-8000-000000000000,01a0c441-e0e7-71af-8b1d-ca2cf5125531,ACTIVE,-2155415,-248962,1206837,0,0,140000
366552,01a0b1c2-b010-7000-8000-000000000000,01a0c441-e5c9-76eb-a77b-de784cb71f6a,ACTIVE,-2473603,247841,2227772,0,0,140000
366554,01a0b1c2-b010-7000-8000-000000000000,01a0c441-d723-767b-90a3-bdbdd004e863,ACTIVE,0,-106040,5083904,0,233,140000
366554,01a0b1c2-b010-7000-8000-000000000000,01a0c441-dc05-7521-a2e5-cffdd63883ba,ACTIVE,2473614,247762,2612775,0,0,140000
366554,01a0b1c2-b010-7000-8000-000000000000,01a0c441-e0e7-71af-8b1d-ca2cf5125531,ACTIVE,-2155415,-248962,1220837,0,0,140000
366554,01a0b1c2-b010-7000-8000-000000000000,01a0c441-e5c9-76eb-a77b-de784cb71f6a,ACTIVE,-2473603,247841,2241772,0,0,140000
366556,01a0b1c2-b010-7000-8000-000000000000,01a0c441-d723-767b-90a3-bdbdd004e863,ACTIVE,0,-106016,5097904,0,233,140000
366556,01a0b1c2-b010-7000-8000-000000000000,01a0c441-dc05-7521-a2e5-cffdd63883ba,ACTIVE,2473614,247762,2626775,0,0,140000
366556,01a0b1c2-b010-7000-8000-000000000000,01a0c441-e0e7-71af-8b1d-ca2cf5125531,ACTIVE,-2155415,-248962,1234837,0,0,140000
366556,01a0b1c2-b010-7000-8000-000000000000,01a0c441-e5c9-76eb-a77b-de784cb71f6a,ACTIVE,-2473603,247841,2255772,0,0,140000
366558,01a0b1c2-b010-7000-8000-000000000000,01a0c441-d723-767b-90a3-bdbdd004e863,ACTIVE,0,-105993,5111904,0,233,140000
366558,01a0b1c2-b010-7000-8000-000000000000,01a0c441-dc05-7521-a2e5-cffdd63883ba,ACTIVE,2473614,247762,2640775,0,0,140000
366558,01a0b1c2-b010-7000-8000-000000000000,01a0c441-e0e7-71af-8b1d-ca2cf5125531,ACTIVE,-2155415,-248962,1248837,0,0,140000
366558,01a0b1c2-b010-7000-8000-000000000000,01a0c441-e5c9-76eb-a77b-de784cb71f6a,ACTIVE,-2473603,247841,2269772,0,0,140000
366560,01a0b1c2-b010-7000-8000-000000000000,01a0c441-d723-767b-90a3-bdbdd004e863,ACTIVE,0,-105970,5125904,0,233,140000
366560,01a0b1c2-b010-7000-8000-000000000000,01a0c441-dc05-7521-a2e5-cffdd63883ba,ACTIVE,2473614,247762,2654775,0,0,140000
366560,01a0b1c2-b010-7000-8000-000000000000,01a0c441-e0e7-71af-8b1d-ca2cf5125531,ACTIVE,-2155415,-248962,1262837,0,0,140000
366560,01a0b1c2-b010-7000-8000-000000000000,01a0c441-e5c9-76eb-a77b-de784cb71f6a,ACTIVE,-2473603,247841,2283772,0,0,140000
366562,01a0b1c2-b010-7000-8000-000000000000,01a0c441-d723-767b-90a3-bdbdd004e863,ACTIVE,0,-105946,5139904,0,233,140000
366562,01a0b1c2-b010-7000-8000-000000000000,01a0c441-dc05-7521-a2e5-cffdd63883ba,ACTIVE,2473614,247762,2668775,0,0,140000
366562,01a0b1c2-b010-7000-8000-000000000000,01a0c441-e0e7-71af-8b1d-ca2cf5125531,ACTIVE,-2155415,-248962,1276837,0,0,140000
366562,01a0b1c2-b010-7000-8000-000000000000,01a0c441-e5c9-76eb-a77b-de784cb71f6a,ACTIVE,-2473603,247841,2297772,0,0,140000
366564,01a0b1c2-b010-7000-8000-000000000000,01a0c441-d723-767b-90a3-bdbdd004e863,ACTIVE,0,-105923,5153904,0,233,140000
366564,01a0b1c2-b010-7000-8000-000000000000,01a0c441-dc05-7521-a2e5-cffdd63883ba,ACTIVE,2473614,247762,2682775,0,0,140000
366564,01a0b1c2-b010-7000-8000-000000000000,01a0c441-e0e7-71af-8b1d-ca2cf5125531,ACTIVE,-2155415,-248962,1290837,0,0,140000
366564,01a0b1c2-b010-7000-8000-000000000000,01a0c441-e5c9-76eb-a77b-de784cb71f6a,ACTIVE,-2473603,247841,2311772,0,0,140000
366566,01a0b1c2-b010-7000-8000-000000000000,01a0c441-d723-767b-90a3-bdbdd004e863,ACTIVE,0,-105900,5167904,0,233,140000
366566,01a0b1c2-b010-7000-8000-000000000000,01a0c441-dc05-7521-a2e5-cffdd63883ba,ACTIVE,2473614,247762,2696775,0,0,140000
366566,01a0b1c2-b010-7000-8000-000000000000,01a0c441-e0e7-71af-8b1d-ca2cf5125531,ACTIVE,-2155415,-248962,1304837,0,0,140000
366566,01a0b1c2-b010-7000-8000-000000000000,01a0c441-e5c9-76eb-a77b-de784cb71f6a,ACTIVE,-2473603,247841,2325772,0,0,140000
366568,01a0b1c2-b010-7000-8000-000000000000,01a0c441-d723-767b-90a3-bdbdd004e863,ACTIVE,0,-105877,5181904,0,233,140000
366568,01a0b1c2-b010-7000-8000-000000000000,01a0c441-dc05-7521-a2e5-cffdd63883ba,ACTIVE,2473614,247762,2710775,0,0,140000
366568,01a0b1c2-b010-7000-8000-000000000000,01a0c441-e0e7-71af-8b1d-ca2cf5125531,ACTIVE,-2155415,-248962,1318837,0,0,140000
366568,01a0b1c2-b010-7000-8000-000000000000,01a0c441-e5c9-76eb-a77b-de784cb71f6a,ACTIVE,-2473603,247841,2339772,0,0,140000
366570,01a0b1c2-b010-7000-8000-000000000000,01a0c441-d723-767b-90a3-bdbdd004e863,ACTIVE,0,-105853,5195904,0,233,140000
366570,01a0b1c2-b010-7000-8000-000000000000,01a0c441-dc05-7521-a2e5-cffdd63883ba,ACTIVE,2473614,247762,2724775,0,0,140000
366570,01a0b1c2-b010-7000-8000-000000000000,01a0c441-e0e7-71af-8b1d-ca2cf5125531,ACTIVE,-2155415,-248962,1332837,0,0,140000
366570,01a0b1c2-b010-7000-8000-000000000000,01a0c441-e5c9-76eb-a77b-de784cb71f6a,ACTIVE,-2473603,247841,2353772,0,0,140000
366572,01a0b1c2-b010-7000-8000-000000000000,01a0c441-d723-767b-90a3-bdbdd004e863,ACTIVE,0,-105830,5209904,0,233,140000
366572,01a0b1c2-b010-7000-8000-000000000000,01a0c441-dc05-7521-a2e5-cffdd63883ba,ACTIVE,2473614,247762,2738775,0,0,140000
366572,01a0b1c2-b010-7000-8000-000000000000,01a0c441-e0e7-71af-8b1d-ca2cf5125531,ACTIVE,-2155415,-248962,1346837,0,0,140000
366572,01a0b1c2-b010-7000-8000-000000000000,01a0c441-e5c9-76eb-a77b-de784cb71f6a,ACTIVE,-2473603,247841,2367772,0,0,140000
366574,01a0b1c2-b010-7000-8000-000000000000,01a0c441-d723-767b-90a3-bdbdd004e863,ACTIVE,0,-105807,5223903,0,233,140000
366574,01a0b1c2-b010-7000-8000-000000000000,01a0c441-dc05-7521-a2e5-cffdd63883ba,ACTIVE,2473614,247762,2752775,0,0,140000
366574,01a0b1c2-b010-7000-8000-000000000000,01a0c441-e0e7-71af-8b1d-ca2cf5125531,ACTIVE,-2155415,-248962,1360837,0,0,140000
366574,01a0b1c2-b010-7000-8000-000000000000,01a0c441-e5c9-76eb-a77b-de784cb71f6a,ACTIVE,-2473603,247841,2381772,0,0,140000
366576,01a0b1c2-b010-7000-8000-000000000000,01a0c441-d723-767b-90a3-bdbdd004e863,ACTIVE,0,-105784,5237903,0,233,140000
366576,01a0b1c2-b010-7000-8000-000000000000,01a0c441-dc05-7521-a2e5-cffdd63883ba,ACTIVE,2473614,247762,2766775,0,0,140000
366576,01a0b1c2-b010-7000-8000-000000000000,01a0c441-e0e7-71af-8b1d-ca2cf5125531,ACTIVE,-2155415,-248962,1374837,0,0,140000
366576,01a0b1c2-b010-7000-8000-000000000000,01a0c441-e5c9-76eb-a77b-de784cb71f6a,ACTIVE,-2473603,247841,2395772,0,0,140000
366578,01a0b1c2-b010-7000-8000-000000000000,01a0c441-d723-767b-90a3-bdbdd004e863,ACTIVE,0,-105760,5251903,0,233,140000
366578,01a0b1c2-b010-7000-8000-000000000000,01a0c441-dc05-7521-a2e5-cffdd63883ba,ACTIVE,2473614,247762,2780775,0,0,140000
366578,01a0b1c2-b010-7000-8000-000000000000,01a0c441-e0e7-71af-8b1d-ca2cf5125531,ACTIVE,-2155415,-248962,1388837,0,0,140000
366578,01a0b1c2-b010-7000-8000-000000000000,01a0c441-e5c9-76eb-a77b-de784cb71f6a,ACTIVE,-2473603,247841,2409772,0,0,140000
366580,01a0b1c2-b010-7000-8000-000000000000,01a0c441-d723-767b-90a3-bdbdd004e863,ACTIVE,0,-105737,5265903,0,233,140000
366580,01a0b1c2-b010-7000-8000-000000000000,01a0c441-dc05-7521-a2e5-cffdd63883ba,ACTIVE,2473614,247762,2794775,0,0,140000
366580,01a0b1c2-b010-7000-8000-000000000000,01a0c441-e0e7-71af-8b1d-ca2cf5125531,ACTIVE,-2155415,-248962,1402837,0,0,140000
366580,01a0b1c2-b010-7000-8000-000000000000,01a0c441-e5c9-76eb-a77b-de784cb71f6a,ACTIVE,-2473603,247841,2423772,0,0,140000
366582,01a0b1c2-b010-7000-8000-000000000000,01a0c441-d723-767b-90a3-bdbdd004e863,ACTIVE,0,-105714,5279903,0,233,140000
366582,01a0b1c2-b010-7000-8000-000000000000,01a0c441-dc05-7521-a2e5-cffdd63883ba,ACTIVE,2473614,247762,2808775,0,0,140000
366582,01a0b1c2-b010-7000-8000-000000000000,01a0c441-e0e7-71af-8b1d-ca2cf5125531,ACTIVE,-2155415,-248962,1416837,0,0,140000
366582,01a0b1c2-b010-7000-8000-000000000000,01a0c441-e5c9-76eb-a77b-de784cb71f6a,ACTIVE,-2473603,247841,2437772,0,0,140000
366584,01a0b1c2-b010-7000-8000-000000000000,01a0c441-d723-767b-90a3-bdbdd004e863,ACTIVE,0,-105690,5293903,0,233,140000
366584,01a0b1c2-b010-7000-8000-000000000000,01a0c441-dc05-7521-a2e5-cffdd63883ba,ACTIVE,2473614,247762,2822775,0,0,140000
366584,01a0b1c2-b010-7000-8000-000000000000,01a0c441-e0e7-71af-8b1d-ca2cf5125531,ACTIVE,-2155415,-248962,1430837,0,0,140000
366584,01a0b1c2-b010-7000-8000-000000000000,01a0c441-e5c9-76eb-a77b-de784cb71f6a,ACTIVE,-2473603,247841,2451772,0,0,140000
366586,01a0b1c2-b010-7000-8000-000000000000,01a0c441-d723-767b-90a3-bdbdd004e863,ACTIVE,0,-105667,5307903,0,233,140000
366586,01a0b1c2-b010-7000-8000-000000000000,01a0c441-dc05-7521-a2e5-cffdd63883ba,ACTIVE,2473614,247762,2836775,0,0,140000
366586,01a0b1c2-b010-7000-8000-000000000000,01a0c441-e0e7-71af-8b1d-ca2cf5125531,ACTIVE,-2155415,-248962,1444837,0,0,140000
366586,01a0b1c2-b010-7000-8000-000000000000,01a0c441-e5c9-76eb-a77b-de784cb71f6a,ACTIVE,-2473603,247841,2465772,0,0,140000
366588,01a0b1c2-b010-7000-8000-000000000000,01a0c441-d723-767b-90a3-bdbdd004e863,ACTIVE,0,-105644,5321903,0,233,140000
366588,01a0b1c2-b010-7000-8000-000000000000,01a0c441-dc05-7521-a2e5-cffdd63883ba,ACTIVE,2473614,247762,2850775,0,0,140000
366588,01a0b1c2-b010-7000-8000-000000000000,01a0c441-e0e7-71af-8b1d-ca2cf5125531,ACTIVE,-2155415,-248962,1458837,0,0,140000
366588,01a0b1c2-b010-7000-8000-000000000000,01a0c441-e5c9-76eb-a77b-de784cb71f6a,ACTIVE,-2473603,247841,2479772,0,0,140000
366590,01a0b1c2-b010-7000-8000-000000000000,01a0c441-d723-767b-90a3-bdbdd004e863,ACTIVE,0,-105621,5335903,0,233,140000
366590,01a0b1c2-b010-7000-8000-000000000000,01a0c441-dc05-7521-a2e5-cffdd63883ba,ACTIVE,2473614,247762,2864775,0,0,140000
366590,01a0b1c2-b010-7000-8000-000000000000,01a0c441-e0e7-71af-8b1d-ca2cf5125531,ACTIVE,-2155415,-248962,1472837,0,0,140000
366590,01a0b1c2-b010-7000-8000-000000000000,01a0c441-e5c9-76eb-a77b-de784cb71f6a,ACTIVE,-2473603,247841,2493772,0,0,140000
366592,01a0b1c2-b010-7000-8000-000000000000,01a0c441-d723-767b-90a3-bdbdd004e863,ACTIVE,0,-105597,5349903,0,233,140000
366592,01a0b1c2-b010-7000-8000-000000000000,01a0c441-dc05-7521-a2e5-cffdd63883ba,ACTIVE,2473614,247762,2878775,0,0,140000
366592,01a0b1c2-b010-7000-8000-000000000000,01a0c441-e0e7-71af-8b1d-ca2cf5125531,ACTIVE,-2155415,-248962,1486837,0,0,140000
366592,01a0b1c2-b010-7000-8000-000000000000,01a0c441-e5c9-76eb-a77b-de784cb71f6a,ACTIVE,-2473603,247841,2507772,0,0,140000
366594,01a0b1c2-b010-7000-8000-000000000000,01a0c441-d723-767b-90a3-bdbdd004e863,ACTIVE,0,-105574,5363903,0,233,140000
366594,01a0b1c2-b010-7000-8000-000000000000,01a0c441-dc05-7521-a2e5-cffdd63883ba,ACTIVE,2473614,247762,2892775,0,0,140000
366594,01a0b1c2-b010-7000-8000-000000000000,01a0c441-e0e7-71af-8b1d-ca2cf5125531,ACTIVE,-2155415,-248962,1500837,0,0,140000
366594,01a0b1c2-b010-7000-8000-000000000000,01a0c441-e5c9-76eb-a77b-de784cb71f6a,ACTIVE,-2473603,247841,2521772,0,0,140000
366596,01a0b1c2-b010-7000-8000-000000000000,01a0c441-d723-767b-90a3-bdbdd004e863,ACTIVE,0,-105551,5377903,0,233,140000
366596,01a0b1c2-b010-7000-8000-000000000000,01a0c441-dc05-7521-a2e5-cffdd63883ba,ACTIVE,2473614,247762,2906775,0,0,140000
366596,01a0b1c2-b010-7000-8000-000000000000,01a0c441-e0e7-71af-8b1d-ca2cf5125531,ACTIVE,-2155415,-248962,1514837,0,0,140000
366596,01a0b1c2-b010-7000-8000-000000000000,01a0c441-e5c9-76eb-a77b-de784cb71f6a,ACTIVE,-2473603,247841,2535772,0,0,140000
366598,01a0b1c2-b010-7000-8000-000000000000,01a0c441-d723-767b-90a3-bdbdd004e863,ACTIVE,0,-105528,5391903,0,233,140000
366598,01a0b1c2-b010-7000-8000-000000000000,01a0c441-dc05-7521-a2e5-cffdd63883ba,ACTIVE,2473614,247762,2920775,0,0,140000
366598,01a0b1c2-b010-7000-8000-000000000000,01a0c441-e0e7-71af-8b1d-ca2cf5125531,ACTIVE,-2155415,-248962,1528837,0,0,140000
366598,01a0b1c2-b010-7000-8000-000000000000,01a0c441-e5c9-76eb-a77b-de784cb71f6a,ACTIVE,-2473603,247841,2549772,0,0,140000
366600,01a0b1c2-b010-7000-8000-000000000000,01a0c441-d723-767b-90a3-bdbdd004e863,ACTIVE,0,-105504,5405903,0,233,140000
366600,01a0b1c2-b010-7000-8000-000000000000,01a0c441-dc05-7521-a2e5-cffdd63883ba,ACTIVE,2473614,247762,2934775,0,0,140000
366600,01a0b1c2-b010-7000-8000-000000000000,01a0c441-e0e7-71af-8b1d-ca2cf5125531,ACTIVE,-2155415,-248962,1542837,0,0,140000
366600,01a0b1c2-b010-7000-8000-000000000000,01a0c441-e5c9-76eb-a77b-de784cb71f6a,ACTIVE,-2473603,247841,2563772,0,0,140000
366602,01a0b1c2-b010-7000-8000-000000000000,01a0c441-d723-767b-90a3-bdbdd004e863,ACTIVE,0,-105481,5419903,0,233,140000
366602,01a0b1c2-b010-7000-8000-000000000000,01a0c441-dc05-7521-a2e5-cffdd63883ba,ACTIVE,2473614,247762,2948775,0,0,140000
366602,01a0b1c2-b010-7000-8000-000000000000,01a0c441-e0e7-71af-8b1d-ca2cf5125531,ACTIVE,-2155415,-248962,1556837,0,0,140000
366602,01a0b1c2-b010-7000-8000-000000000000,01a0c441-e5c9-76eb-a77b-de784cb71f6a,ACTIVE,-2473603,247841,2577772,0,0,140000
366604,01a0b1c2-b010-7000-8000-000000000000,01a0c441-d723-767b-90a3-bdbdd004e863,ACTIVE,0,-105458,5433903,0,233,140000
366604,01a0b1c2-b010-7000-8000-000000000000,01a0c441-dc05-7521-a2e5-cffdd63883ba,ACTIVE,2473614,247762,2962775,0,0,140000
366604,01a0b1c2-b010-7000-8000-000000000000,01a0c441-e0e7-71af-8b1d-ca2cf5125531,ACTIVE,-2155415,-248962,1570837,0,0,140000
366604,01a0b1c2-b010-7000-8000-000000000000,01a0c441-e5c9-76eb-a77b-de784cb71f6a,ACTIVE,-2473603,247841,2591772,0,0,140000
366606,01a0b1c2-b010-7000-8000-000000000000,01a0c441-d723-767b-90a3-bdbdd004e863,ACTIVE,0,-105434,5447903,0,233,140000
366606,01a0b1c2-b010-7000-8000-000000000000,01a0c441-dc05-7521-a2e5-cffdd63883ba,ACTIVE,2473614,247762,2976775,0,0,140000
366606,01a0b1c2-b010-7000-8000-000000000000,01a0c441-e0e7-71af-8b1d-ca2cf5125531,ACTIVE,-2155415,-248962,1584837,0,0,140000
366606,01a0b1c2-b010-7000-8000-000000000000,01a0c441-e5c9-76eb-a77b-de784cb71f6a,ACTIVE,-2473603,247841,2605772,0,0,140000
366608,01a0b1c2-b010-7000-8000-000000000000,01a0c441-d723-767b-90a3-bdbdd004e863,ACTIVE,0,-105411,5461903,0,233,140000
366608,01a0b1c2-b010-7000-8000-000000000000,01a0c441-dc05-7521-a2e5-cffdd63883ba,ACTIVE,2473614,247762,2990775,0,0,140000
366608,01a0b1c2-b010-7000-8000-000000000000,01a0c441-e0e7-71af-8b1d-ca2cf5125531,ACTIVE,-2155415,-248962,1598837,0,0,140000
366608,01a0b1c2-b010-7000-8000-000000000000,01a0c441-e5c9-76eb-a77b-de784cb71f6a,ACTIVE,-2473603,247841,2619772,0,0,140000
366610,01a0b1c2-b010-7000-8000-000000000000,01a0c441-d723-767b-90a3-bdbdd004e863,ACTIVE,0,-105388,5475903,0,233,140000
366610,01a0b1c2-b010-7000-8000-000000000000,01a0c441-dc05-7521-a2e5-cffdd63883ba,ACTIVE,2473614,247762,3004775,0,0,140000
366610,01a0b1c2-b010-7000-8000-000000000000,01a0c441-e0e7-71af-8b1d-ca2cf5125531,ACTIVE,-2155415,-248962,1612837,0,0,140000
366610,01a0b1c2-b010-7000-8000-000000000000,01a0c441-e5c9-76eb-a77b-de784cb71f6a,ACTIVE,-2473603,247841,2633772,0,0,140000
366612,01a0b1c2-b010-7000-8000-000000000000,01a0c441-d723-767b-90a3-bdbdd004e863,ACTIVE,0,-105365,5489903,0,233,140000
366612,01a0b1c2-b010-7000-8000-000000000000,01a0c441-dc05-7521-a2e5-cffdd63883ba,ACTIVE,2473614,247762,3018775,0,0,140000
366612,01a0b1c2-b010-7000-8000-000000000000,01a0c441-e0e7-71af-8b1d-ca2cf5125531,ACTIVE,-2155415,-248962,1626837,0,0,140000
366612,01a0b1c2-b010-7000-8000-000000000000,01a0c441-e5c9-76eb-a77b-de784cb71f6a,ACTIVE,-2473603,247841,2647772,0,0,140000
366614,01a0b1c2-b010-7000-8000-000000000000,01a0c441-d723-767b-90a3-bdbdd004e863,ACTIVE,0,-105341,5503903,0,233,140000
366614,01a0b1c2-b010-7000-8000-000000000000,01a0c441-dc05-7521-a2e5-cffdd63883ba,ACTIVE,2473614,247762,3032775,0,0,140000
366614,01a0b1c2-b010-7000-8000-000000000000,01a0c441-e0e7-71af-8b1d-ca2cf5125531,ACTIVE,-2155415,-248962,1640837,0,0,140000
366614,01a0b1c2-b010-7000-8000-000000000000,01a0c441-e5c9-76eb-a77b-de784cb71f6a,ACTIVE,-2473603,247841,2661772,0,0,140000
366616,01a0b1c2-b010-7000-8000-000000000000,01a0c441-d723-767b-90a3-bdbdd004e863,ACTIVE,0,-105318,5517903,0,233,140000
366616,01a0b1c2-b010-7000-8000-000000000000,01a0c441-dc05-7521-a2e5-cffdd63883ba,ACTIVE,2473614,247762,3046775,0,0,140000
366616,01a0b1c2-b010-7000-8000-000000000000,01a0c441-e0e7-71af-8b1d-ca2cf5125531,ACTIVE,-2155415,-248962,1654837,0,0,140000
366616,01a0b1c2-b010-7000-8000-000000000000,01a0c441-e5c9-76eb-a77b-de784cb71f6a,ACTIVE,-2473603,247841,2675772,0,0,140000
366618,01a0b1c2-b010-7000-8000-000000000000,01a0c441-d723-767b-90a3-bdbdd004e863,ACTIVE,0,-105295,5531903,0,233,140000
366618,01a0b1c2-b010-7000-8000-000000000000,01a0c441-dc05-7521-a2e5-cffdd63883ba,ACTIVE,2473614,247762,3060775,0,0,140000
366618,01a0b1c2-b010-7000-8000-000000000000,01a0c441-e0e7-71af-8b1d-ca2cf5125531,ACTIVE,-2155415,-248962,1668837,0,0,140000
366618,01a0b1c2-b010-7000-8000-000000000000,01a0c441-e5c9-76eb-a77b-de784cb71f6a,ACTIVE,-2473603,247841,2689772,0,0,140000
366620,01a0b1c2-b010-7000-8000-000000000000,01a0c441-d723-767b-90a3-bdbdd004e863,ACTIVE,0,-105272,5545903,0,233,140000
366620,01a0b1c2-b010-7000-8000-000000000000,01a0c441-dc05-7521-a2e5-cffdd63883ba,ACTIVE,2473614,247762,3074775,0,0,140000
366620,01a0b1c2-b010-7000-8000-000000000000,01a0c441-e0e7-71af-8b1d-ca2cf5125531,ACTIVE,-2155415,-248962,1682837,0,0,140000
366620,01a0b1c2-b010-7000-8000-000000000000,01a0c441-e5c9-76eb-a77b-de784cb71f6a,ACTIVE,-2473603,247841,2703772,0,0,140000
366622,01a0b1c2-b010-7000-8000-000000000000,01a0c441-d723-767b-90a3-bdbdd004e863,ACTIVE,0,-105248,5559851,0,232,139300
366622,01a0b1c2-b010-7000-8000-000000000000,01a0c441-dc05-7521-a2e5-cffdd63883ba,ACTIVE,2473614,247762,3088775,0,0,140000
366622,01a0b1c2-b010-7000-8000-000000000000,01a0c441-e0e7-71af-8b1d-ca2cf5125531,ACTIVE,-2155415,-248962,1696837,0,0,140000
366622,01a0b1c2-b010-7000-8000-000000000000,01a0c441-e5c9-76eb-a77b-de784cb71f6a,ACTIVE,-2473603,247841,2717772,0,0,140000
366624,01a0b1c2-b010-7000-8000-000000000000,01a0c441-d723-767b-90a3-bdbdd004e863,ACTIVE,0,-105225,5573728,0,230,138600
366624,01a0b1c2-b010-7000-8000-000000000000,01a0c441-dc05-7521-a2e5-cffdd63883ba,ACTIVE,2473614,247762,3102775,0,0,140000
366624,01a0b1c2-b010-7000-8000-000000000000,01a0c441-e0e7-71af-8b1d-ca2cf5125531,ACTIVE,-2155415,-248962,1710837,0,0,140000
366624,01a0b1c2-b010-7000-8000-000000000000,01a0c441-e5c9-76eb-a77b-de784cb71f6a,ACTIVE,-2473603,247841,2731772,0,0,140000
366626,01a0b1c2-b010-7000-8000-000000000000,01a0c441-d723-767b-90a3-bdbdd004e863,ACTIVE,0,-105202,5587535,0,229,137900
366626,01a0b1c2-b010-7000-8000-000000000000,01a0c441-dc05-7521-a2e5-cffdd63883ba,ACTIVE,2473614,247762,3116775,0,0,140000
366626,01a0b1c2-b010-7000-8000-000000000000,01a0c441-e0e7-71af-8b1d-ca2cf5125531,ACTIVE,-2155415,-248962,1724837,0,0,140000
366626,01a0b1c2-b010-7000-8000-000000000000,01a0c441-e5c9-76eb-a77b-de784cb71f6a,ACTIVE,-2473603,247841,2745772,0,0,140000
366628,01a0b1c2-b010-7000-8000-000000000000,01a0c441-d723-767b-90a3-bdbdd004e863,ACTIVE,0,-105179,5601273,0,228,137200
366628,01a0b1c2-b010-7000-8000-000000000000,01a0c441-dc05-7521-a2e5-cffdd63883ba,ACTIVE,2473614,247762,3130775,0,0,140000
366628,01a0b1c2-b010-7000-8000-000000000000,01a0c441-e0e7-71af-8b1d-ca2cf5125531,ACTIVE,-2155415,-248962,1738837,0,0,140000
366628,01a0b1c2-b010-7000-8000-000000000000,01a0c441-e5c9-76eb-a77b-de784cb71f6a,ACTIVE,-2473603,247841,2759772,0,0,140000
366630,01a0b1c2-b010-7000-8000-000000000000,01a0c441-d723-767b-90a3-bdbdd004e863,ACTIVE,0,-105157,5614940,0,227,136500
366630,01a0b1c2-b010-7000-8000-000000000000,01a0c441-dc05-7521-a2e5-cffdd63883ba,ACTIVE,2473614,247762,3144775,0,0,140000
366630,01a0b1c2-b010-7000-8000-000000000000,01a0c441-e0e7-71af-8b1d-ca2cf5125531,ACTIVE,-2155415,-248962,1752837,0,0,140000
366630,01a0b1c2-b010-7000-8000-000000000000,01a0c441-e5c9-76eb-a77b-de784cb71f6a,ACTIVE,-2473603,247841,2773772,0,0,140000
366632,01a0b1c2-b010-7000-8000-000000000000,01a0c441-d723-767b-90a3-bdbdd004e863,ACTIVE,0,-105134,5628538,0,226,135800
366632,01a0b1c2-b010-7000-8000-000000000000,01a0c441-dc05-7521-a2e5-cffdd63883ba,ACTIVE,2473614,247762,3158775,0,0,140000
366632,01a0b1c2-b010-7000-8000-000000000000,01a0c441-e0e7-71af-8b1d-ca2cf5125531,ACTIVE,-2155415,-248962,1766837,0,0,140000
366632,01a0b1c2-b010-7000-8000-000000000000,01a0c441-e5c9-76eb-a77b-de784cb71f6a,ACTIVE,-2473603,247841,2787772,0,0,140000
366634,01a0b1c2-b010-7000-8000-000000000000,01a0c441-d723-767b-90a3-bdbdd004e863,ACTIVE,0,-105112,5642065,0,225,135100
366634,01a0b1c2-b010-7000-8000-000000000000,01a0c441-dc05-7521-a2e5-cffdd63883ba,ACTIVE,2473614,247762,3172775,0,0,140000
366634,01a0b1c2-b010-7000-8000-000000000000,01a0c441-e0e7-71af-8b1d-ca2cf5125531,ACTIVE,-2155415,-248962,1780837,0,0,140000
366634,01a0b1c2-b010-7000-8000-000000000000,01a0c441-e5c9-76eb-a77b-de784cb71f6a,ACTIVE,-2473603,247841,2801772,0,0,140000
366636,01a0b1c2-b010-7000-8000-000000000000,01a0c441-d723-767b-90a3-bdbdd004e863,ACTIVE,0,-105089,5655523,0,223,134400
366636,01a0b1c2-b010-7000-8000-000000000000,01a0c441-dc05-7521-a2e5-cffdd63883ba,ACTIVE,2473614,247762,3186775,0,0,140000
366636,01a0b1c2-b010-7000-8000-000000000000,01a0c441-e0e7-71af-8b1d-ca2cf5125531,ACTIVE,-2155415,-248962,1794837,0,0,140000
366636,01a0b1c2-b010-7000-8000-000000000000,01a0c441-e5c9-76eb-a77b-de784cb71f6a,ACTIVE,-2473603,247841,2815772,0,0,140000
366638,01a0b1c2-b010-7000-8000-000000000000,01a0c441-d723-767b-90a3-bdbdd004e863,ACTIVE,0,-105067,5668910,0,222,133700
366638,01a0b1c2-b010-7000-8000-000000000000,01a0c441-dc05-7521-a2e5-cffdd63883ba,ACTIVE,2473614,247762,3200775,0,0,140000
366638,01a0b1c2-b010-7000-8000-000000000000,01a0c441-e0e7-71af-8b1d-ca2cf5125531,ACTIVE,-2155415,-248962,1808837,0,0,140000
366638,01a0b1c2-b010-7000-8000-000000000000,01a0c441-e5c9-76eb-a77b-de784cb71f6a,ACTIVE,-2473603,247841,2829772,0,0,140000
366640,01a0b1c2-b010-7000-8000-000000000000,01a0c441-d723-767b-90a3-bdbdd004e863,ACTIVE,0,-105045,5682228,0,221,133000
366640,01a0b1c2-b010-7000-8000-000000000000,01a0c441-dc05-7521-a2e5-cffdd63883ba,ACTIVE,2473614,247762,3214775,0,0,140000
366640,01a0b1c2-b010-7000-8000-000000000000,01a0c441-e0e7-71af-8b1d-ca2cf5125531,ACTIVE,-2155415,-248962,1822837,0,0,140000
366640,01a0b1c2-b010-7000-8000-000000000000,01a0c441-e5c9-76eb-a77b-de784cb71f6a,ACTIVE,-2473603,247841,2843772,0,0,140000
366642,01a0b1c2-b010-7000-8000-000000000000,01a0c441-d723-767b-90a3-bdbdd004e863,ACTIVE,0,-105023,5695475,0,220,132300
366642,01a0b1c2-b010-7000-8000-000000000000,01a0c441-dc05-7521-a2e5-cffdd63883ba,ACTIVE,2473614,247762,3228775,0,0,140000
366642,01a0b1c2-b010-7000-8000-000000000000,01a0c441-e0e7-71af-8b1d-ca2cf5125531,ACTIVE,-2155415,-248962,1836837,0,0,140000
366642,01a0b1c2-b010-7000-8000-000000000000,01a0c441-e5c9-76eb-a77b-de784cb71f6a,ACTIVE,-2473603,247841,2857772,0,0,140000
366136,01a0b1c2-b010-7000-8000-000000000001,01a0c441-d723-767b-90a3-bdbdd004e863,ACTIVE,0,-231232,2484269,0,37179,-13452
366136,01a0b1c2-b010-7000-8000-000000000001,01a0c441-dc05-7521-a2e5-cffdd63883ba,ACTIVE,2500000,250000,0,0,0,0
366138,01a0b1c2-b010-7000-8000-000000000001,01a0c441-d723-767b-90a3-bdbdd004e863,ACTIVE,0,-227251,2483087,0,40664,-11232
366138,01a0b1c2-b010-7000-8000-000000000001,01a0c441-dc05-7521-a2e5-cffdd63883ba,ACTIVE,2500000,250000,0,0,0,0
366140,01a0b1c2-b010-7000-8000-000000000001,01a0c441-d723-767b-90a3-bdbdd004e863,ACTIVE,0,-222945,2482161,0,43828,-8576
366140,01a0b1c2-b010-7000-8000-000000000001,01a0c441-dc05-7521-a2e5-cffdd63883ba,ACTIVE,2499739,249974,6,-3481,-348,101
366142,01a0b1c2-b010-7000-8000-000000000001,01a0c441-d723-767b-90a3-bdbdd004e863,ACTIVE,0,-218350,2481529,0,46620,-5529
366142,01a0b1c2-b010-7000-8000-000000000001,01a0c441-dc05-7521-a2e5-cffdd63883ba,ACTIVE,2499132,249914,54,-6928,-688,670
366144,01a0b1c2-b010-7000-8000-000000000001,01a0c441-d723-767b-90a3-bdbdd004e863,ACTIVE,0,-213508,2481229,0,48989,-2144
366144,01a0b1c2-b010-7000-8000-000000000001,01a0c441-dc05-7521-a2e5-cffdd63883ba,ACTIVE,2498191,249821,222,-10211,-1003,2096
366146,01a0b1c2-b010-7000-8000-000000000001,01a0c441-d723-767b-90a3-bdbdd004e863,ACTIVE,0,-208463,2481287,0,50897,1520
366146,01a0b1c2-b010-7000-8000-000000000001,01a0c441-dc05-7521-a2e5-cffdd63883ba,ACTIVE,2496950,249701,610,-13100,-1265,4543
366148,01a0b1c2-b010-7000-8000-000000000001,01a0c441-d723-767b-90a3-bdbdd004e863,ACTIVE,0,-203264,2481729,0,52311,5403
366148,01a0b1c2-b010-7000-8000-000000000001,01a0c441-dc05-7521-a2e5-cffdd63883ba,ACTIVE,2495460,249559,1301,-15462,-1464,7757
366150,01a0b1c2-b010-7000-8000-000000000001,01a0c441-d723-767b-90a3-bdbdd004e863,ACTIVE,0,-197963,2482572,0,53205,9437
366150,01a0b1c2-b010-7000-8000-000000000001,01a0c441-dc05-7521-a2e5-cffdd63883ba,ACTIVE,2493776,249402,2354,-17248,-1599,11480
366152,01a0b1c2-b010-7000-8000-000000000001,01a0c441-d723-767b-90a3-bdbdd004e863,ACTIVE,0,-192612,2483824,0,53566,13553
366152,01a0b1c2-b010-7000-8000-000000000001,01a0c441-dc05-7521-a2e5-cffdd63883ba,ACTIVE,2491952,249235,3796,-18536,-1685,15405
366154,01a0b1c2-b010-7000-8000-000000000001,01a0c441-d723-767b-90a3-bdbdd004e863,ACTIVE,0,-187265,2485489,0,53387,17681
366154,01a0b1c2-b010-7000-8000-000000000001,01a0c441-dc05-7521-a2e5-cffdd63883ba,ACTIVE,2490037,249064,5640,-19303,-1721,19465
366156,01a0b1c2-b010-7000-8000-000000000001,01a0c441-d723-767b-90a3-bdbdd004e863,ACTIVE,0,-181974,2487563,0,52714,21758
366156,01a0b1c2-b010-7000-8000-000000000001,01a0c441-dc05-7521-a2e5-cffdd63883ba,ACTIVE,2488086,248892,7896,-19536,-1708,23590
366158,01a0b1c2-b010-7000-8000-000000000001,01a0c441-d723-767b-90a3-bdbdd004e863,ACTIVE,0,-176780,2490039,0,51662,25755
366158,01a0b1c2-b010-7000-8000-000000000001,01a0c441-dc05-7521-a2e5-cffdd63883ba,ACTIVE,2486152,248726,10564,-19233,-1649,27710
366160,01a0b1c2-b010-7000-8000-000000000001,01a0c441-d723-767b-90a3-bdbdd004e863,ACTIVE,0,-171712,2492909,0,50327,29667
366160,01a0b1c2-b010-7000-8000-000000000001,01a0c441-dc05-7521-a2e5-cffdd63883ba,ACTIVE,2484284,248568,13640,-18462,-1552,31769
366162,01a0b1c2-b010-7000-8000-000000000001,01a0c441-d723-767b-90a3-bdbdd004e863,ACTIVE,0,-166794,2496163,0,48778,33500
366162,01a0b1c2-b010-7000-8000-000000000001,01a0c441-dc05-7521-a2e5-cffdd63883ba,ACTIVE,2482520,248422,17115,-17339,-1430,35745
366162,01a0b1c2-b010-7000-8000-000000000001,01a0c441-e0e7-71af-8b1d-ca2cf5125531,ACTIVE,-2164989,-249991,-1249956,1500,173,885
366164,01a0b1c2-b010-7000-8000-000000000001,01a0c441-d723-767b-90a3-bdbdd004e863,ACTIVE,0,-162044,2499796,0,47070,37264
366164,01a0b1c2-b010-7000-8000-000000000001,01a0c441-dc05-7521-a2e5-cffdd63883ba,ACTIVE,2480889,248289,20982,-15952,-1289,39637
366164,01a0b1c2-b010-7000-8000-000000000001,01a0c441-e0e7-71af-8b1d-ca2cf5125531,ACTIVE,-2164622,-249949,-1249721,4366,504,2869
366166,01a0b1c2-b010-7000-8000-000000000001,01a0c441-d723-767b-90a3-bdbdd004e863,ACTIVE,0,-157473,2503801,0,45242,40972
366166,01a0b1c2-b010-7000-8000-000000000001,01a0c441-dc05-7521-a2e5-cffdd63883ba,ACTIVE,2479411,248171,25233,-14367,-1138,43451
366166,01a0b1c2-b010-7000-8000-000000000001,01a0c441-e0e7-71af-8b1d-ca2cf5125531,ACTIVE,-2163997,-249877,-1249249,6831,786,5389
366168,01a0b1c2-b010-7000-8000-000000000001,01a0c441-d723-767b-90a3-bdbdd004e863,ACTIVE,0,-153092,2508173,0,43324,44634
366168,01a0b1c2-b010-7000-8000-000000000001,01a0c441-dc05-7521-a2e5-cffdd63883ba,ACTIVE,2478104,248069,29859,-12634,-979,47201
366168,01a0b1c2-b010-7000-8000-000000000001,01a0c441-e0e7-71af-8b1d-ca2cf5125531,ACTIVE,-2163179,-249784,-1248471,8551,976,8646
366170,01a0b1c2-b010-7000-8000-000000000001,01a0c441-d723-767b-90a3-bdbdd004e863,ACTIVE,0,-148908,2512908,0,41339,48260
366170,01a0b1c2-b010-7000-8000-000000000001,01a0c441-dc05-7521-a2e5-cffdd63883ba,ACTIVE,2476978,247984,34857,-10789,-817,50897
366170,01a0b1c2-b010-7000-8000-000000000001,01a0c441-e0e7-71af-8b1d-ca2cf5125531,ACTIVE,-2162253,-249679,-1247325,9435,1066,12432
366172,01a0b1c2-b010-7000-8000-000000000001,01a0c441-d723-767b-90a3-bdbdd004e863,ACTIVE,0,-144927,2518004,0,39301,51857
366172,01a0b1c2-b010-7000-8000-000000000001,01a0c441-dc05-7521-a2e5-cffdd63883ba,ACTIVE,2476044,247914,40221,-8859,-653,54549
366172,01a0b1c2-b010-7000-8000-000000000001,01a0c441-e0e7-71af-8b1d-ca2cf5125531,ACTIVE,-2161301,-249572,-1245776,9472,1056,16521
366174,01a0b1c2-b010-7000-8000-000000000001,01a0c441-d723-767b-90a3-bdbdd004e863,ACTIVE,0,-141152,2523458,0,37225,55432
366174,01a0b1c2-b010-7000-8000-000000000001,01a0c441-dc05-7521-a2e5-cffdd63883ba,ACTIVE,2475307,247861,45947,-6866,-489,58167
366174,01a0b1c2-b010-7000-8000-000000000001,01a0c441-e0e7-71af-8b1d-ca2cf5125531,ACTIVE,-2160392,-249472,-1243816,8927,981,20617
366176,01a0b1c2-b010-7000-8000-000000000001,01a0c441-d723-767b-90a3-bdbdd004e863,ACTIVE,0,-137588,2529268,0,35119,58989
366176,01a0b1c2-b010-7000-8000-000000000001,01a0c441-dc05-7521-a2e5-cffdd63883ba,ACTIVE,2474773,247825,52033,-4825,-327,61758
366176,01a0b1c2-b010-7000-8000-000000000001,01a0c441-e0e7-71af-8b1d-ca2cf5125531,ACTIVE,-2159569,-249383,-1241452,7975,862,24637
366178,01a0b1c2-b010-7000-8000-000000000001,01a0c441-d723-767b-90a3-bdbdd004e863,ACTIVE,0,-134235,2535433,0,32991,62533
366178,01a0b1c2-b010-7000-8000-000000000001,01a0c441-dc05-7521-a2e5-cffdd63883ba,ACTIVE,2474446,247804,58477,-2746,-169,65328
366178,01a0b1c2-b010-7000-8000-000000000001,01a0c441-e0e7-71af-8b1d-ca2cf5125531,ACTIVE,-2158863,-249307,-1238693,6738,716,28566
366180,01a0b1c2-b010-7000-8000-000000000001,01a0c441-d723-767b-90a3-bdbdd004e863,ACTIVE,0,-131097,2541951,0,30845,66067
366180,01a0b1c2-b010-7000-8000-000000000001,01a0c441-dc05-7521-a2e5-cffdd63883ba,ACTIVE,2474277,247794,65275,-1601,-88,68859
366180,01a0b1c2-b010-7000-8000-000000000001,01a0c441-e0e7-71af-8b1d-ca2cf5125531,ACTIVE,-2158262,-249244,-1235555,5776,605,32318
366182,01a0b1c2-b010-7000-8000-000000000001,01a0c441-d723-767b-90a3-bdbdd004e863,ACTIVE,0,-128174,2548823,0,28687,69593
366182,01a0b1c2-b010-7000-8000-000000000001,01a0c441-dc05-7521-a2e5-cffdd63883ba,ACTIVE,2474141,247787,72424,-1284,-69,72366
366182,01a0b1c2-b010-7000-8000-000000000001,01a0c441-e0e7-71af-8b1d-ca2cf5125531,ACTIVE,-2157751,-249191,-1232047,4887,505,35987
366184,01a0b1c2-b010-7000-8000-000000000001,01a0c441-d723-767b-90a3-bdbdd004e863,ACTIVE,0,-125468,2556046,0,26519,73113
366184,01a0b1c2-b010-7000-8000-000000000001,01a0c441-dc05-7521-a2e5-cffdd63883ba,ACTIVE,2474032,247781,79923,-1027,-54,75870
366184,01a0b1c2-b010-7000-8000-000000000001,01a0c441-e0e7-71af-8b1d-ca2cf5125531,ACTIVE,-2157323,-249147,-1228178,4094,417,39598
366186,01a0b1c2-b010-7000-8000-000000000001,01a0c441-d723-767b-90a3-bdbdd004e863,ACTIVE,0,-122979,2563621,0,24343,76628
366186,01a0b1c2-b010-7000-8000-000000000001,01a0c441-dc05-7521-a2e5-cffdd63883ba,ACTIVE,2473945,247777,87773,-820,-42,79373
366186,01a0b1c2-b010-7000-8000-000000000001,01a0c441-e0e7-71af-8b1d-ca2cf5125531,ACTIVE,-2156966,-249111,-1223950,3401,342,43170
366186,01a0b1c2-b010-7000-8000-000000000001,01a0c441-e5c9-76eb-a77b-de784cb71f6a,ACTIVE,-2500000,250000,0,0,0,0
366188,01a0b1c2-b010-7000-8000-000000000001,01a0c441-d723-767b-90a3-bdbdd004e863,ACTIVE,0,-120709,2571547,0,22161,80139
366188,01a0b1c2-b010-7000-8000-000000000001,01a0c441-dc05-7521-a2e5-cffdd63883ba,ACTIVE,2473876,247773,95973,-653,-32,82874
366188,01a0b1c2-b010-7000-8000-000000000001,01a0c441-e0e7-71af-8b1d-ca2cf5125531,ACTIVE,-2156671,-249082,-1219367,2806,279,46716
366188,01a0b1c2-b010-7000-8000-000000000001,01a0c441-e5c9-76eb-a77b-de784cb71f6a,ACTIVE,-2500000,250000,0,0,0,0
366190,01a0b1c2-b010-7000-8000-000000000001,01a0c441-d723-767b-90a3-bdbdd004e863,ACTIVE,0,-118657,2579824,0,19975,83648
366190,01a0b1c2-b010-7000-8000-000000000001,01a0c441-dc05-7521-a2e5-cffdd63883ba,ACTIVE,2473821,247771,104523,-519,-25,86375
366190,01a0b1c2-b010-7000-8000-000000000001,01a0c441-e0e7-71af-8b1d-ca2cf5125531,ACTIVE,-2156429,-249058,-1214430,2302,227,50246
366190,01a0b1c2-b010-7000-8000-000000000001,01a0c441-e5c9-76eb-a77b-de784cb71f6a,ACTIVE,-2500000,250000,0,0,0,0
366192,01a0b1c2-b010-7000-8000-000000000001,01a0c441-d723-767b-90a3-bdbdd004e863,ACTIVE,0,-116823,2588452,0,17786,87155
366192,01a0b1c2-b010-7000-8000-000000000001,01a0c441-dc05-7521-a2e5-cffdd63883ba,ACTIVE,2473777,247769,113423,-412,-20,89876
366192,01a0b1c2-b010-7000-8000-000000000001,01a0c441-e0e7-71af-8b1d-ca2cf5125531,ACTIVE,-2156231,-249039,-1209142,1879,183,53764
366192,01a0b1c2-b010-7000-8000-000000000001,01a0c441-e5c9-76eb-a77b-de784cb71f6a,ACTIVE,-2499913,249991,1,1741,-174,17
366194,01a0b1c2-b010-7000-8000-000000000001,01a0c441-d723-767b-90a3-bdbdd004e863,ACTIVE,0,-115209,2597430,0,15594,90660
366194,01a0b1c2-b010-7000-8000-000000000001,01a0c441-dc05-7521-a2e5-cffdd63883ba,ACTIVE,2473743,247767,122673,-327,-15,93376
366194,01a0b1c2-b010-7000-8000-000000000001,01a0c441-e0e7-71af-8b1d-ca2cf5125531,ACTIVE,-2156070,-249023,-1203502,1527,147,57276
366194,01a0b1c2-b010-7000-8000-000000000001,01a0c441-e5c9-76eb-a77b-de784cb71f6a,ACTIVE,-2499478,249948,21,5214,-518,302
366196,01a0b1c2-b010-7000-8000-000000000001,01a0c441-d723-767b-90a3-bdbdd004e863,ACTIVE,0,-113814,2606759,0,13401,94164
366196,01a0b1c2-b010-7000-8000-000000000001,01a0c441-dc05-7521-a2e5-cffdd63883ba,ACTIVE,2473715,247766,132273,-259,-12,96876
366196,01a0b1c2-b010-7000-8000-000000000001,01a0c441-e0e7-71af-8b1d-ca2cf5125531,ACTIVE,-2155939,-249010,-1197511,1236,118,60783
366196,01a0b1c2-b010-7000-8000-000000000001,01a0c441-e5c9-76eb-a77b-de784cb71f6a,ACTIVE,-2498702,249871,117,8604,-846,1253
366198,01a0b1c2-b010-7000-8000-000000000001,01a0c441-d723-767b-90a3-bdbdd004e863,ACTIVE,0,-112638,2616438,0,11206,97667
366198,01a0b1c2-b010-7000-8000-000000000001,01a0c441-dc05-7521-a2e5-cffdd63883ba,ACTIVE,2473693,247765,142223,-204,-9,100376
366198,01a0b1c2-b010-7000-8000-000000000001,01a0c441-e0e7-71af-8b1d-ca2cf5125531,ACTIVE,-2155834,-249000,-1191170,997,94,64288
366198,01a0b1c2-b010-7000-8000-000000000001,01a0c441-e5c9-76eb-a77b-de784cb71f6a,ACTIVE,-2497605,249765,383,11713,-1129,3218
366200,01a0b1c2-b010-7000-8000-000000000001,01a0c441-d723-767b-90a3-bdbdd004e863,ACTIVE,0,-111682,2626468,0,9012,101171
366200,01a0b1c2-b010-7000-8000-000000000001,01a0c441-dc05-7521-a2e5-cffdd63883ba,ACTIVE,2473676,247764,152524,-161,-7,103876
366200,01a0b1c2-b010-7000-8000-000000000001,01a0c441-e0e7-71af-8b1d-ca2cf5125531,ACTIVE,-2155749,-248992,-1184479,803,75,67790
366200,01a0b1c2-b010-7000-8000-000000000001,01a0c441-e5c9-76eb-a77b-de784cb71f6a,ACTIVE,-2496232,249635,913,14359,-1352,6059
366202,01a0b1c2-b010-7000-8000-000000000001,01a0c441-d723-767b-90a3-bdbdd004e863,ACTIVE,0,-110946,2636848,0,6818,104675
366202,01a0b1c2-b010-7000-8000-000000000001,01a0c441-dc05-7521-a2e5-cffdd63883ba,ACTIVE,2473663,247764,163174,-127,-5,107376
366202,01a0b1c2-b010-7000-8000-000000000001,01a0c441-e0e7-71af-8b1d-ca2cf5125531,ACTIVE,-2155681,-248986,-1177437,644,60,71292
366202,01a0b1c2-b010-7000-8000-000000000001,01a0c441-e5c9-76eb-a77b-de784cb71f6a,ACTIVE,-2494638,249488,1780,16419,-1508,9588
366204,01a0b1c2-b010-7000-8000-000000000001,01a0c441-d723-767b-90a3-bdbdd004e863,ACTIVE,0,-110428,2647578,0,4624,108178
366204,01a0b1c2-b010-7000-8000-000000000001,01a0c441-dc05-7521-a2e5-cffdd63883ba,ACTIVE,2473652,247763,174174,-100,-4,110876
366204,01a0b1c2-b010-7000-8000-000000000001,01a0c441-e0e7-71af-8b1d-ca2cf5125531,ACTIVE,-2155626,-248981,-1170045,515,48,74793
366204,01a0b1c2-b010-7000-8000-000000000001,01a0c441-e5c9-76eb-a77b-de784cb71f6a,ACTIVE,-2492878,249329,3025,17960,-1610,13420
366206,01a0b1c2-b010-7000-8000-000000000001,01a0c441-d723-767b-90a3-bdbdd004e863,ACTIVE,0,-110131,2658658,0,2430,111682
366206,01a0b1c2-b010-7000-8000-000000000001,01a0c441-dc05-7521-a2e5-cffdd63883ba,ACTIVE,2473644,247763,185524,-79,-3,114376
366206,01a0b1c2-b010-7000-8000-000000000001,01a0c441-e0e7-71af-8b1d-ca2cf5125531,ACTIVE,-2155582,-248977,-1162303,412,38,78294
366206,01a0b1c2-b010-7000-8000-000000000001,01a0c441-e5c9-76eb-a77b-de784cb71f6a,ACTIVE,-2491001,249164,4666,18991,-1663,17421
366208,01a0b1c2-b010-7000-8000-000000000001,01a0c441-d723-767b-90a3-bdbdd004e863,ACTIVE,0,-110052,2670089,0,236,115186
366208,01a0b1c2-b010-7000-8000-000000000001,01a0c441-dc05-7521-a2e5-cffdd63883ba,ACTIVE,2473637,247762,197224,-62,-3,117876
366208,01a0b1c2-b010-7000-8000-000000000001,01a0c441-e0e7-71af-8b1d-ca2cf5125531,ACTIVE,-2155548,-248974,-1154211,328,30,81794
366208,01a0b1c2-b010-7000-8000-000000000001,01a0c441-e5c9-76eb-a77b-de784cb71f6a,ACTIVE,-2489061,248997,6716,19493,-1668,21522
366210,01a0b1c2-b010-7000-8000-000000000001,01a0c441-d723-767b-90a3-bdbdd004e863,ACTIVE,0,-110033,2681870,0,197,118686
366210,01a0b1c2-b010-7000-8000-000000000001,01a0c441-dc05-7521-a2e5-cffdd63883ba,ACTIVE,2473632,247762,209274,-49,-2,121376
366210,01a0b1c2-b010-7000-8000-000000000001,01a0c441-e0e7-71af-8b1d-ca2cf5125531,ACTIVE,-2155520,-248971,-1145769,261,24,85294
366210,01a0b1c2-b010-7000-8000-000000000001,01a0c441-e5c9-76eb-a77b-de784cb71f6a,ACTIVE,-2487111,248833,9178,19458,-1627,25654
366212,01a0b1c2-b010-7000-8000-000000000001,01a0c441-d723-767b-90a3-bdbdd004e863,ACTIVE,0,-110013,2694002,0,203,122186
366212,01a0b1c2-b010-7000-8000-000000000001,01a0c441-dc05-7521-a2e5-cffdd63883ba,ACTIVE,2473628,247762,221674,-38,-2,124876
366212,01a0b1c2-b010-7000-8000-000000000001,01a0c441-e0e7-71af-8b1d-ca2cf5125531,ACTIVE,-2155498,-248969,-1136978,207,19,88795
366212,01a0b1c2-b010-7000-8000-000000000001,01a0c441-e5c9-76eb-a77b-de784cb71f6a,ACTIVE,-2485204,248676,12051,18906,-1545,29748
366214,01a0b1c2-b010-7000-8000-000000000001,01a0c441-d723-767b-90a3-bdbdd004e863,ACTIVE,0,-109992,2706483,0,209,125686
366214,01a0b1c2-b010-7000-8000-000000000001,01a0c441-dc05-7521-a2e5-cffdd63883ba,ACTIVE,2473625,247762,234425,-30,-1,128376
366214,01a0b1c2-b010-7000-8000-000000000001,01a0c441-e0e7-71af-8b1d-ca2cf5125531,ACTIVE,-2155481,-248968,-1127836,164,15,92295
366214,01a0b1c2-b010-7000-8000-000000000001,01a0c441-e5c9-76eb-a77b-de784cb71f6a,ACTIVE,-2483383,248530,15327,17947,-1433,33767
366216,01a0b1c2-b010-7000-8000-000000000001,01a0c441-d723-767b-90a3-bdbdd004e863,ACTIVE,0,-109970,2719314,0,215,129186
366216,01a0b1c2-b010-7000-8000-000000000001,01a0c441-dc05-7521-a2e5-cffdd63883ba,ACTIVE,2473622,247762,247525,-24,-1,131876
366216,01a0b1c2-b010-7000-8000-000000000001,01a0c441-e0e7-71af-8b1d-ca2cf5125531,ACTIVE,-2155467,-248967,-1118344,130,12,95795
366216,01a0b1c2-b010-7000-8000-000000000001,01a0c441-e5c9-76eb-a77b-de784cb71f6a,ACTIVE,-2481681,248396,19000,16682,-1302,37700
366218,01a0b1c2-b010-7000-8000-000000000001,01a0c441-d723-767b-90a3-bdbdd004e863,ACTIVE,0,-109949,2732495,0,221,132686
366218,01a0b1c2-b010-7000-8000-000000000001,01a0c441-dc05-7521-a2e5-cffdd63883ba,ACTIVE,2473620,247762,260975,-18,-1,135376
366218,01a0b1c2-b010-7000-8000-000000000001,01a0c441-e0e7-71af-8b1d-ca2cf5125531,ACTIVE,-2155456,-248966,-1108502,103,9,99295
366218,01a0b1c2-b010-7000-8000-000000000001,01a0c441-e5c9-76eb-a77b-de784cb71f6a,ACTIVE,-2480124,248277,23059,15189,-1158,41552
366220,01a0b1c2-b010-7000-8000-000000000001,01a0c441-d723-767b-90a3-bdbdd004e863,ACTIVE,0,-109926,2746026,0,226,136186
366220,01a0b1c2-b010-7000-8000-000000000001,01a0c441-dc05-7521-a2e5-cffdd63883ba,ACTIVE,2473619,247762,274775,-14,-1,138876
366220,01a0b1c2-b010-7000-8000-000000000001,01a0c441-e0e7-71af-8b1d-ca2cf5125531,ACTIVE,-2155447,-248965,-1098310,81,7,102795
366220,01a0b1c2-b010-7000-8000-000000000001,01a0c441-e5c9-76eb-a77b-de784cb71f6a,ACTIVE,-2478729,248173,27498,13525,-1006,45333
366222,01a0b1c2-b010-7000-8000-000000000001,01a0c441-d723-767b-90a3-bdbdd004e863,ACTIVE,0,-109903,2759907,0,232,139686
366222,01a0b1c2-b010-7000-8000-000000000001,01a0c441-dc05-7521-a2e5-cffdd63883ba,ACTIVE,2473617,247762,288775,-11,0,140000
366222,01a0b1c2-b010-7000-8000-000000000001,01a0c441-e0e7-71af-8b1d-ca2cf5125531,ACTIVE,-2155440,-248964,-1087768,64,6,106295
366222,01a0b1c2-b010-7000-8000-000000000001,01a0c441-e5c9-76eb-a77b-de784cb71f6a,ACTIVE,-2477510,248084,32311,11731,-849,49054
366224,01a0b1c2-b010-7000-8000-000000000001,01a0c441-d723-767b-90a3-bdbdd004e863,ACTIVE,0,-109880,2773907,0,233,140000
366224,01a0b1c2-b010-7000-8000-000000000001,01a0c441-dc05-7521-a2e5-cffdd63883ba,ACTIVE,2473617,247762,302775,-8,0,140000
366224,01a0b1c2-b010-7000-8000-000000000001,01a0c441-e0e7-71af-8b1d-ca2cf5125531,ACTIVE,-2155435,-248964,-1076876,51,4,109795
366224,01a0b1c2-b010-7000-8000-000000000001,01a0c441-e5c9-76eb-a77b-de784cb71f6a,ACTIVE,-2476478,248011,37492,9840,-691,52727
366226,01a0b1c2-b010-7000-8000-000000000001,01a0c441-d723-767b-90a3-bdbdd004e863,ACTIVE,0,-109856,2787907,0,233,140000
366226,01a0b1c2-b010-7000-8000-000000000001,01a0c441-dc05-7521-a2e5-cffdd63883ba,ACTIVE,2473616,247762,316775,-6,0,140000
366226,01a0b1c2-b010-7000-8000-000000000001,01a0c441-e0e7-71af-8b1d-ca2cf5125531,ACTIVE,-2155431,-248963,-1065634,40,3,113295
366226,01a0b1c2-b010-7000-8000-000000000001,01a0c441-e5c9-76eb-a77b-de784cb71f6a,ACTIVE,-2475641,247953,43037,7876,-534,56361
366228,01a0b1c2-b010-7000-8000-000000000001,01a0c441-d723-767b-90a3-bdbdd004e863,ACTIVE,0,-109833,2801907,0,233,140000
366228,01a0b1c2-b010-7000-8000-000000000001,01a0c441-dc05-7521-a2e5-cffdd63883ba,ACTIVE,2473615,247762,330775,-5,0,140000
366228,01a0b1c2-b010-7000-8000-000000000001,01a0c441-e0e7-71af-8b1d-ca2cf5125531,ACTIVE,-2155427,-248963,-1054042,31,3,116795
366228,01a0b1c2-b010-7000-8000-000000000001,01a0c441-e5c9-76eb-a77b-de784cb71f6a,ACTIVE,-2475005,247912,48944,5857,-378,59965
366230,01a0b1c2-b010-7000-8000-000000000001,01a0c441-d723-767b-90a3-bdbdd004e863,ACTIVE,0,-109810,2815907,0,233,140000
366230,01a0b1c2-b010-7000-8000-000000000001,01a0c441-dc05-7521-a2e5-cffdd63883ba,ACTIVE,2473615,247762,344775,-4,0,140000
366230,01a0b1c2-b010-7000-8000-000000000001,01a0c441-e0e7-71af-8b1d-ca2cf5125531,ACTIVE,-2155425,-248963,-1042100,25,2,120295
366230,01a0b1c2-b010-7000-8000-000000000001,01a0c441-e5c9-76eb-a77b-de784cb71f6a,ACTIVE,-2474573,247885,55209,3795,-226,63545
366232,01a0b1c2-b010-7000-8000-000000000001,01a0c441-d723-767b-90a3-bdbdd004e863,ACTIVE,0,-109787,2829907,0,233,140000
366232,01a0b1c2-b010-7000-8000-000000000001,01a0c441-dc05-7521-a2e5-cffdd63883ba,ACTIVE,2473615,247762,358775,-3,0,140000
366232,01a0b1c2-b010-7000-8000-000000000001,01a0c441-e0e7-71af-8b1d-ca2cf5125531,ACTIVE,-2155423,-248963,-1029808,19,2,123795
366232,01a0b1c2-b010-7000-8000-000000000001,01a0c441-e5c9-76eb-a77b-de784cb71f6a,ACTIVE,-2474347,247873,61831,1787,-88,67104
366234,01a0b1c2-b010-7000-8000-000000000001,01a0c441-d723-767b-90a3-bdbdd004e863,ACTIVE,0,-109763,2843907,0,233,140000
366234,01a0b1c2-b010-7000-8000-000000000001,01a0c441-dc05-7521-a2e5-cffdd63883ba,ACTIVE,2473614,247762,372775,-2,0,140000
366234,01a0b1c2-b010-7000-8000-000000000001,01a0c441-e0e7-71af-8b1d-ca2cf5125531,ACTIVE,-2155421,-248962,-1017166,15,1,127295
366234,01a0b1c2-b010-7000-8000-000000000001,01a0c441-e5c9-76eb-a77b-de784cb71f6a,ACTIVE,-2474195,247866,68804,1435,-68,70612
366236,01a0b1c2-b010-7000-8000-000000000001,01a0c441-d723-767b-90a3-bdbdd004e863,ACTIVE,0,-109740,2857907,0,233,140000
366236,01a0b1c2-b010-7000-8000-000000000001,01a0c441-dc05-7521-a2e5-cffdd63883ba,ACTIVE,2473614,247762,386775,-2,0,140000
366236,01a0b1c2-b010-7000-8000-000000000001,01a0c441-e0e7-71af-8b1d-ca2cf5125531,ACTIVE,-2155420,-248962,-1004174,12,1,130795
366236,01a0b1c2-b010-7000-8000-000000000001,01a0c441-e5c9-76eb-a77b-de784cb71f6a,ACTIVE,-2474073,247860,76128,1149,-53,74118
366238,01a0b1c2-b010-7000-8000-000000000001,01a0c441-d723-767b-90a3-bdbdd004e863,ACTIVE,0,-109717,2871907,0,233,140000
366238,01a0b1c2-b010-7000-8000-000000000001,01a0c441-dc05-7521-a2e5-cffdd63883ba,ACTIVE,2473614,247762,400775,-1,0,140000
366238,01a0b1c2-b010-7000-8000-000000000001,01a0c441-e0e7-71af-8b1d-ca2cf5125531,ACTIVE,-2155419,-248962,-990832,9,1,134295
366238,01a0b1c2-b010-7000-8000-000000000001,01a0c441-e5c9-76eb-a77b-de784cb71f6a,ACTIVE,-2473976,247856,83803,918,-41,77621
366240,01a0b1c2-b010-7000-8000-000000000001,01a0c441-d723-767b-90a3-bdbdd004e863,ACTIVE,0,-109693,2885907,0,233,140000
366240,01a0b1c2-b010-7000-8000-000000000001,01a0c441-dc05-7521-a2e5-cffdd63883ba,ACTIVE,2473614,247762,414775,-1,0,140000
366240,01a0b1c2-b010-7000-8000-000000000001,01a0c441-e0e7-71af-8b1d-ca2cf5125531,ACTIVE,-2155418,-248962,-977140,7,1,137795
366240,01a0b1c2-b010-7000-8000-000000000001,01a0c441-e5c9-76eb-a77b-de784cb71f6a,ACTIVE,-2473898,247853,91828,732,-31,81123
366242,01a0b1c2-b010-7000-8000-000000000001,01a0c441-d723-767b-90a3-bdbdd004e863,ACTIVE,0,-109670,2899907,0,233,140000
366242,01a0b1c2-b010-7000-8000-000000000001,01a0c441-dc05-7521-a2e5-cffdd63883ba,ACTIVE,2473614,247762,428775,-1,0,140000
366242,01a0b1c2-b010-7000-8000-000000000001,01a0c441-e0e7-71af-8b1d-ca2cf5125531,ACTIVE,-2155417,-248962,-963163,6,0,140000
366242,01a0b1c2-b010-7000-8000-000000000001,01a0c441-e5c9-76eb-a77b-de784cb71f6a,ACTIVE,-2473836,247850,100203,583,-24,84624
366244,01a0b1c2-b010-7000-8000-000000000001,01a0c441-d723-767b-90a3-bdbdd004e863,ACTIVE,0,-109647,2913907,0,233,140000
366244,01a0b1c2-b010-7000-8000-000000000001,01a0c441-dc05-7521-a2e5-cffdd63883ba,ACTIVE,2473614,247762,442775,-1,0,140000
366244,01a0b1c2-b010-7000-8000-000000000001,01a0c441-e0e7-71af-8b1d-ca2cf5125531,ACTIVE,-2155417,-248962,-949163,4,0,140000
366244,01a0b1c2-b010-7000-8000-000000000001,01a0c441-e5c9-76eb-a77b-de784cb71f6a,ACTIVE,-2473787,247848,108928,463,-19,88125
366246,01a0b1c2-b010-7000-8000-000000000001,01a0c441-d723-767b-90a3-bdbdd004e863,ACTIVE,0,-109624,2927907,0,233,140000
366246,01a0b1c2-b010-7000-8000-000000000001,01a0c441-dc05-7521-a2e5-cffdd63883ba,ACTIVE,2473614,247762,456775,0,0,140000
366246,01a0b1c2-b010-7000-8000-000000000001,01a0c441-e0e7-71af-8b1d-ca2cf5125531,ACTIVE,-2155417,-248962,-935163,3,0,140000
366246,01a0b1c2-b010-7000-8000-000000000001,01a0c441-e5c9-76eb-a77b-de784cb71f6a,ACTIVE,-2473748,247846,118003,367,-14,91625
366248,01a0b1c2-b010-7000-8000-000000000001,01a0c441-d723-767b-90a3-bdbdd004e863,ACTIVE,0,-109600,2941907,0,233,140000
366248,01a0b1c2-b010-7000-8000-000000000001,01a0c441-dc05-7521-a2e5-cffdd63883ba,ACTIVE,2473614,247762,470775,0,0,140000
366248,01a0b1c2-b010-7000-8000-000000000001,01a0c441-e0e7-71af-8b1d-ca2cf5125531,ACTIVE,-2155416,-248962,-921163,3,0,140000
366248,01a0b1c2-b010-7000-8000-000000000001,01a0c441-e5c9-76eb-a77b-de784cb71f6a,ACTIVE,-2473717,247845,127428,291,-11,95126
366250,01a0b1c2-b010-7000-8000-000000000001,01a0c441-d723-767b-90a3-bdbdd004e863,ACTIVE,0,-109577,2955907,0,233,140000
366250,01a0b1c2-b010-7000-8000-000000000001,01a0c441-dc05-7521-a2e5-cffdd63883ba,ACTIVE,2473614,247762,484775,0,0,140000
366250,01a0b1c2-b010-7000-8000-000000000001,01a0c441-e0e7-71af-8b1d-ca2cf5125531,ACTIVE,-2155416,-248962,-907163,2,0,140000
366250,01a0b1c2-b010-7000-8000-000000000001,01a0c441-e5c9-76eb-a77b-de784cb71f6a,ACTIVE,-2473693,247844,137203,230,-9,98626
366252,01a0b1c2-b010-7000-8000-000000000001,01a0c441-d723-767b-90a3-bdbdd004e863,ACTIVE,0,-109554,2969907,0,233,140000
366252,01a0b1c2-b010-7000-8000-000000000001,01a0c441-dc05-7521-a2e5-cffdd63883ba,ACTIVE,2473614,247762,498775,0,0,140000
366252,01a0b1c2-b010-7000-8000-000000000001,01a0c441-e0e7-71af-8b1d-ca2cf5125531,ACTIVE,-2155416,-248962,-893163,1,0,140000
366252,01a0b1c2-b010-7000-8000-000000000001,01a0c441-e5c9-76eb-a77b-de784cb71f6a,ACTIVE,-2473673,247844,147328,182,-7,102126
366254,01a0b1c2-b010-7000-8000-000000000001,01a0c441-d723-767b-90a3-bdbdd004e863,ACTIVE,0,-109531,2983907,0,233,140000
366254,01a0b1c2-b010-7000-8000-000000000001,01a0c441-dc05-7521-a2e5-cffdd63883ba,ACTIVE,2473614,247762,512775,0,0,140000
366254,01a0b1c2-b010-7000-8000-000000000001,01a0c441-e0e7-71af-8b1d-ca2cf5125531,ACTIVE,-2155416,-248962,-879163,1,0,140000
366254,01a0b1c2-b010-7000-8000-000000000001,01a0c441-e5c9-76eb-a77b-de784cb71f6a,ACTIVE,-2473658,247843,157803,143,-5,105626
366256,01a0b1c2-b010-7000-8000-000000000001,01a0c441-d723-767b-90a3-bdbdd004e863,ACTIVE,0,-109507,2997907,0,233,140000
366256,01a0b1c2-b010-7000-8000-000000000001,01a0c441-dc05-7521-a2e5-cffdd63883ba,ACTIVE,2473614,247762,526775,0,0,140000
366256,01a0b1c2-b010-7000-8000-000000000001,01a0c441-e0e7-71af-8b1d-ca2cf5125531,ACTIVE,-2155416,-248962,-865163,1,0,140000
366256,01a0b1c2-b010-7000-8000-000000000001,01a0c441-e5c9-76eb-a77b-de784cb71f6a,ACTIVE,-2473646,247843,168628,113,-4,109126
366258,01a0b1c2-b010-7000-8000-000000000001,01a0c441-d723-767b-90a3-bdbdd004e863,ACTIVE,0,-109484,3011907,0,233,140000
366258,01a0b1c2-b010-7000-8000-000000000001,01a0c441-dc05-7521-a2e5-cffdd63883ba,ACTIVE,2473614,247762,540775,0,0,140000
366258,01a0b1c2-b010-7000-8000-000000000001,01a0c441-e0e7-71af-8b1d-ca2cf5125531,ACTIVE,-2155416,-248962,-851163,1,0,140000
366258,01a0b1c2-b010-7000-8000-000000000001,01a0c441-e5c9-76eb-a77b-de784cb71f6a,ACTIVE,-2473637,247842,179803,89,-3,112626
366260,01a0b1c2-b010-7000-8000-000000000001,01a0c441-d723-767b-90a3-bdbdd004e863,ACTIVE,0,-109461,3025907,0,233,140000
366260,01a0b1c2-b010-7000-8000-000000000001,01a0c441-dc05-7521-a2e5-cffdd63883ba,ACTIVE,2473614,247762,554775,0,0,140000
366260,01a0b1c2-b010-7000-8000-000000000001,01a0c441-e0e7-71af-8b1d-ca2cf5125531,ACTIVE,-2155416,-248962,-837163,0,0,140000
366260,01a0b1c2-b010-7000-8000-000000000001,01a0c441-e5c9-76eb-a77b-de784cb71f6a,ACTIVE,-2473629,247842,191328,70,-2,116126
366262,01a0b1c2-b010-7000-8000-000000000001,01a0c441-d723-767b-90a3-bdbdd004e863,ACTIVE,0,-109437,3039906,0,233,140000
366262,01a0b1c2-b010-7000-8000-000000000001,01a0c441-dc05-7521-a2e5-cffdd63883ba,ACTIVE,2473614,247762,568775,0,0,140000
366262,01a0b1c2-b010-7000-8000-000000000001,01a0c441-e0e7-71af-8b1d-ca2cf5125531,ACTIVE,-2155416,-248962,-823163,0,0,140000
366262,01a0b1c2-b010-7000-8000-000000000001,01a0c441-e5c9-76eb-a77b-de784cb71f6a,ACTIVE,-2473623,247842,203203,55,-2,119626
366264,01a0b1c2-b010-7000-8000-000000000001,01a0c441-d723-767b-90a3-bdbdd004e863,ACTIVE,0,-109414,3053906,0,233,140000
366264,01a0b1c2-b010-7000-8000-000000000001,01a0c441-dc05-7521-a2e5-cffdd63883ba,ACTIVE,2473614,247762,582775,0,0,140000
366264,01a0b1c2-b010-7000-8000-000000000001,01a0c441-e0e7-71af-8b1d-ca2cf5125531,ACTIVE,-2155416,-248962,-809163,0,0,140000
366264,01a0b1c2-b010-7000-8000-000000000001,01a0c441-e5c9-76eb-a77b-de784cb71f6a,ACTIVE,-2473619,247842,215428,43,-1,123126
366266,01a0b1c2-b010-7000-8000-000000000001,01a0c441-d723-767b-90a3-bdbdd004e863,ACTIVE,0,-109391,3067906,0,233,140000
366266,01a0b1c2-b010-7000-8000-000000000001,01a0c441-dc05-7521-a2e5-cffdd63883ba,ACTIVE,2473614,247762,596775,0,0,140000
366266,01a0b1c2-b010-7000-8000-000000000001,01a0c441-e0e7-71af-8b1d-ca2cf5125531,ACTIVE,-2155416,-248962,-795163,0,0,140000
366266,01a0b1c2-b010-7000-8000-000000000001,01a0c441-e5c9-76eb-a77b-de784cb71f6a,ACTIVE,-2473615,247842,228003,34,-1,126626
366268,01a0b1c2-b010-7000-8000-000000000001,01a0c441-d723-767b-90a3-bdbdd004e863,ACTIVE,0,-109368,3081906,0,233,140000
366268,01a0b1c2-b010-7000-8000-000000000001,01a0c441-dc05-7521-a2e5-cffdd63883ba,ACTIVE,2473614,247762,610775,0,0,140000
366268,01a0b1c2-b010-7000-8000-000000000001,01a0c441-e0e7-71af-8b1d-ca2cf5125531,ACTIVE,-2155416,-248962,-781163,0,0,140000
366268,01a0b1c2-b010-7000-8000-000000000001,01a0c441-e5c9-76eb-a77b-de784cb71f6a,ACTIVE,-2473612,247842,240928,27,-1,130126
366270,01a0b1c2-b010-7000-8000-000000000001,01a0c441-d723-767b-90a3-bdbdd004e863,ACTIVE,0,-109344,3095906,0,233,140000
366270,01a0b1c2-b010-7000-8000-000000000001,01a0c441-dc05-7521-a2e5-cffdd63883ba,ACTIVE,2473614,247762,624775,0,0,140000
366270,01a0b1c2-b010-7000-8000-000000000001,01a0c441-e0e7-71af-8b1d-ca2cf5125531,ACTIVE,-2155416,-248962,-767163,0,0,140000
366270,01a0b1c2-b010-7000-8000-000000000001,01a0c441-e5c9-76eb-a77b-de784cb71f6a,ACTIVE,-2473610,247841,254204,21,-1,133626
366272,01a0b1c2-b010-7000-8000-000000000001,01a0c441-d723-767b-90a3-bdbdd004e863,ACTIVE,0,-109321,3109906,0,233,140000
366272,01a0b1c2-b010-7000-8000-000000000001,01a0c441-dc05-7521-a2e5-cffdd63883ba,ACTIVE,2473614,247762,638775,0,0,140000
366272,01a0b1c2-b010-7000-8000-000000000001,01a0c441-e0e7-71af-8b1d-ca2cf5125531,ACTIVE,-2155416,-248962,-753163,0,0,140000
366272,01a0b1c2-b010-7000-8000-000000000001,01a0c441-e5c9-76eb-a77b-de784cb71f6a,ACTIVE,-2473608,247841,267829,16,0,137126
366274,01a0b1c2-b010-7000-8000-000000000001,01a0c441-d723-767b-90a3-bdbdd004e863,ACTIVE,0,-109298,3123906,0,233,140000
366274,01a0b1c2-b010-7000-8000-000000000001,01a0c441-dc05-7521-a2e5-cffdd63883ba,ACTIVE,2473614,247762,652775,0,0,140000
366274,01a0b1c2-b010-7000-8000-000000000001,01a0c441-e0e7-71af-8b1d-ca2cf5125531,ACTIVE,-2155416,-248962,-739163,0,0,140000
366274,01a0b1c2-b010-7000-8000-000000000001,01a0c441-e5c9-76eb-a77b-de784cb71f6a,ACTIVE,-2473607,247841,281772,13,0,140000
366276,01a0b1c2-b010-7000-8000-000000000001,01a0c441-d723-767b-90a3-bdbdd004e863,ACTIVE,0,-109275,3137906,0,233,140000
366276,01a0b1c2-b010-7000-8000-000000000001,01a0c441-dc05-7521-a2e5-cffdd63883ba,ACTIVE,2473614,247762,666775,0,0,140000
366276,01a0b1c2-b010-7000-8000-000000000001,01a0c441-e0e7-71af-8b1d-ca2cf5125531,ACTIVE,-2155416,-248962,-725163,0,0,140000
366276,01a0b1c2-b010-7000-8000-000000000001,01a0c441-e5c9-76eb-a77b-de784cb71f6a,ACTIVE,-2473606,247841,295772,10,0,140000
366278,01a0b1c2-b010-7000-8000-000000000001,01a0c441-d723-767b-90a3-bdbdd004e863,ACTIVE,0,-109251,3151906,0,233,140000
366278,01a0b1c2-b010-7000-8000-000000000001,01a0c441-dc05-7521-a2e5-cffdd63883ba,ACTIVE,2473614,247762,680775,0,0,140000
366278,01a0b1c2-b010-7000-8000-000000000001,01a0c441-e0e7-71af-8b1d-ca2cf5125531,ACTIVE,-2155416,-248962,-711163,0,0,140000
366278,01a0b1c2-b010-7000-8000-000000000001,01a0c441-e5c9-76eb-a77b-de784cb71f6a,ACTIVE,-2473605,247841,309772,7,0,140000
366280,01a0b1c2-b010-7000-8000-000000000001,01a0c441-d723-767b-90a3-bdbdd004e863,ACTIVE,0,-109228,3165906,0,233,140000
366280,01a0b1c2-b010-7000-8000-000000000001,01a0c441-dc05-7521-a2e5-cffdd63883ba,ACTIVE,2473614,247762,694775,0,0,140000
366280,01a0b1c2-b010-7000-8000-000000000001,01a0c441-e0e7-71af-8b1d-ca2cf5125531,ACTIVE,-2155416,-248962,-697163,0,0,140000
366280,01a0b1c2-b010-7000-8000-000000000001,01a0c441-e5c9-76eb-a77b-de784cb71f6a,ACTIVE,-2473605,247841,323772,6,0,140000
366282,01a0b1c2-b010-7000-8000-000000000001,01a0c441-d723-767b-90a3-bdbdd004e863,ACTIVE,0,-109205,3179906,0,233,140000
366282,01a0b1c2-b010-7000-8000-000000000001,01a0c441-dc05-7521-a2e5-cffdd63883ba,ACTIVE,2473614,247762,708775,0,0,140000
366282,01a0b1c2-b010-7000-8000-000000000001,01a0c441-e0e7-71af-8b1d-ca2cf5125531,ACTIVE,-2155416,-248962,-683163,0,0,140000
366282,01a0b1c2-b010-7000-8000-000000000001,01a0c441-e5c9-76eb-a77b-de784cb71f6a,ACTIVE,-2473604,247841,337772,4,0,140000
366284,01a0b1c2-b010-7000-8000-000000000001,01a0c441-d723-767b-90a3-bdbdd004e863,ACTIVE,0,-109181,3193906,0,233,140000
366284,01a0b1c2-b010-7000-8000-000000000001,01a0c441-dc05-7521-a2e5-cffdd63883ba,ACTIVE,2473614,247762,722775,0,0,140000
366284,01a0b1c2-b010-7000-8000-000000000001,01a0c441-e0e7-71af-8b1d-ca2cf5125531,ACTIVE,-2155416,-248962,-669163,0,0,140000
366284,01a0b1c2-b010-7000-8000-000000000001,01a0c441-e5c9-76eb-a77b-de784cb71f6a,ACTIVE,-2473604,247841,351772,3,0,140000
366286,01a0b1c2-b010-7000-8000-000000000001,01a0c441-d723-767b-90a3-bdbdd004e863,ACTIVE,0,-109158,3207906,0,233,140000
366286,01a0b1c2-b010-7000-8000-000000000001,01a0c441-dc05-7521-a2e5-cffdd63883ba,ACTIVE,2473614,247762,736775,0,0,140000
366286,01a0b1c2-b010-7000-8000-000000000001,01a0c441-e0e7-71af-8b1d-ca2cf5125531,ACTIVE,-2155416,-248962,-655163,0,0,140000
366286,01a0b1c2-b010-7000-8000-000000000001,01a0c441-e5c9-76eb-a77b-de784cb71f6a,ACTIVE,-2473604,247841,365772,3,0,140000
366288,01a0b1c2-b010-7000-8000-000000000001,01a0c441-d723-767b-90a3-bdbdd004e863,ACTIVE,0,-109135,3221906,0,233,140000
366288,01a0b1c2-b010-7000-8000-000000000001,01a0c441-dc05-7521-a2e5-cffdd63883ba,ACTIVE,2473614,247762,750775,0,0,140000
366288,01a0b1c2-b010-7000-8000-000000000001,01a0c441-e0e7-71af-8b1d-ca2cf5125531,ACTIVE,-2155416,-248962,-641163,0,0,140000
366288,01a0b1c2-b010-7000-8000-000000000001,01a0c441-e5c9-76eb-a77b-de784cb71f6a,ACTIVE,-2473603,247841,379772,2,0,140000
366290,01a0b1c2-b010-7000-8000-000000000001,01a0c441-d723-767b-90a3-bdbdd004e863,ACTIVE,0,-109112,3235906,0,233,140000
366290,01a0b1c2-b010-7000-8000-000000000001,01a0c441-dc05-7521-a2e5-cffdd63883ba,ACTIVE,2473614,247762,764775,0,0,140000
366290,01a0b1c2-b010-7000-8000-000000000001,01a0c441-e0e7-71af-8b1d-ca2cf5125531,ACTIVE,-2155415,-248962,-627163,0,0,140000
366290,01a0b1c2-b010-7000-8000-000000000001,01a0c441-e5c9-76eb-a77b-de784cb71f6a,ACTIVE,-2473603,247841,393772,1,0,140000
366292,01a0b1c2-b010-7000-8000-000000000001,01a0c441-d723-767b-90a3-bdbdd004e863,ACTIVE,0,-109088,3249906,0,233,140000
366292,01a0b1c2-b010-7000-8000-000000000001,01a0c441-dc05-7521-a2e5-cffdd63883ba,ACTIVE,2473614,247762,778775,0,0,140000
366292,01a0b1c2-b010-7000-8000-000000000001,01a0c441-e0e7-71af-8b1d-ca2cf5125531,ACTIVE,-2155415,-248962,-613163,0,0,140000
366292,01a0b1c2-b010-7000-8000-000000000001,01a0c441-e5c9-76eb-a77b-de784cb71f6a,ACTIVE,-2473603,247841,407772,1,0,140000
366294,01a0b1c2-b010-7000-8000-000000000001,01a0c441-d723-767b-90a3-bdbdd004e863,ACTIVE,0,-109065,3263906,0,233,140000
366294,01a0b1c2-b010-7000-8000-000000000001,01a0c441-dc05-7521-a2e5-cffdd63883ba,ACTIVE,2473614,247762,792775,0,0,140000
366294,01a0b1c2-b010-7000-8000-000000000001,01a0c441-e0e7-71af-8b1d-ca2cf5125531,ACTIVE,-2155415,-248962,-599163,0,0,140000
366294,01a0b1c2-b010-7000-8000-000000000001,01a0c441-e5c9-76eb-a77b-de784cb71f6a,ACTIVE,-2473603,247841,421772,1,0,140000
366296,01a0b1c2-b010-7000-8000-000000000001,01a0c441-d723-767b-90a3-bdbdd004e863,ACTIVE,0,-109042,3277906,0,233,140000
366296,01a0b1c2-b010-7000-8000-000000000001,01a0c441-dc05-7521-a2e5-cffdd63883ba,ACTIVE,2473614,247762,806775,0,0,140000
366296,01a0b1c2-b010-7000-8000-000000000001,01a0c441-e0e7-71af-8b1d-ca2cf5125531,ACTIVE,-2155415,-248962,-585163,0,0,140000
366296,01a0b1c2-b010-7000-8000-000000000001,01a0c441-e5c9-76eb-a77b-de784cb71f6a,ACTIVE,-2473603,247841,435772,1,0,140000
366298,01a0b1c2-b010-7000-8000-000000000001,01a0c441-d723-767b-90a3-bdbdd004e863,ACTIVE,0,-109019,3291906,0,233,140000
366298,01a0b1c2-b010-7000-8000-000000000001,01a0c441-dc05-7521-a2e5-cffdd63883ba,ACTIVE,2473614,247762,820775,0,0,140000
366298,01a0b1c2-b010-7000-8000-000000000001,01a0c441-e0e7-71af-8b1d-ca2cf5125531,ACTIVE,-2155415,-248962,-571163,0,0,140000
366298,01a0b1c2-b010-7000-8000-000000000001,01a0c441-e5c9-76eb-a77b-de784cb71f6a,ACTIVE,-2473603,247841,449772,0,0,140000
366300,01a0b1c2-b010-7000-8000-000000000001,01a0c441-d723-767b-90a3-bdbdd004e863,ACTIVE,0,-108995,3305906,0,233,140000
366300,01a0b1c2-b010-7000-8000-000000000001,01a0c441-dc05-7521-a2e5-cffdd63883ba,ACTIVE,2473614,247762,834775,0,0,140000
366300,01a0b1c2-b010-7000-8000-000000000001,01a0c441-e0e7-71af-8b1d-ca2cf5125531,ACTIVE,-2155415,-248962,-557163,0,0,140000
366300,01a0b1c2-b010-7000-8000-000000000001,01a0c441-e5c9-76eb-a77b-de784cb71f6a,ACTIVE,-2473603,247841,463772,0,0,140000
366302,01a0b1c2-b010-7000-8000-000000000001,01a0c441-d723-767b-90a3-bdbdd004e863,ACTIVE,0,-108972,3319906,0,233,140000
366302,01a0b1c2-b010-7000-8000-000000000001,01a0c441-dc05-7521-a2e5-cffdd63883ba,ACTIVE,2473614,247762,848775,0,0,140000
366302,01a0b1c2-b010-7000-8000-000000000001,01a0c441-e0e7-71af-8b1d-ca2cf5125531,ACTIVE,-2155415,-248962,-543163,0,0,140000
366302,01a0b1c2-b010-7000-8000-000000000001,01a0c441-e5c9-76eb-a77b-de784cb71f6a,ACTIVE,-2473603,247841,477772,0,0,140000
366304,01a0b1c2-b010-7000-8000-000000000001,01a0c441-d723-767b-90a3-bdbdd004e863,ACTIVE,0,-108949,3333906,0,233,140000
366304,01a0b1c2-b010-7000-8000-000000000001,01a0c441-dc05-7521-a2e5-cffdd63883ba,ACTIVE,2473614,247762,862775,0,0,140000
366304,01a0b1c2-b010-7000-8000-000000000001,01a0c441-e0e7-71af-8b1d-ca2cf5125531,ACTIVE,-2155415,-248962,-529163,0,0,140000
366304,01a0b1c2-b010-7000-8000-000000000001,01a0c441-e5c9-76eb-a77b-de784cb71f6a,ACTIVE,-2473603,247841,491772,0,0,140000
366306,01a0b1c2-b010-7000-8000-000000000001,01a0c441-d723-767b-90a3-bdbdd004e863,ACTIVE,0,-108925,3347906,0,233,140000
366306,01a0b1c2-b010-7000-8000-000000000001,01a0c441-dc05-7521-a2e5-cffdd63883ba,ACTIVE,2473614,247762,876775,0,0,140000
366306,01a0b1c2-b010-7000-8000-000000000001,01a0c441-e0e7-71af-8b1d-ca2cf5125531,ACTIVE,-2155415,-248962,-515163,0,0,140000
366306,01a0b1c2-b010-7000-8000-000000000001,01a0c441-e5c9-76eb-a77b-de784cb71f6a,ACTIVE,-2473603,247841,505772,0,0,140000
366308,01a0b1c2-b010-7000-8000-000000000001,01a0c441-d723-767b-90a3-bdbdd004e863,ACTIVE,0,-108902,3361906,0,233,140000
366308,01a0b1c2-b010-7000-8000-000000000001,01a0c441-dc05-7521-a2e5-cffdd63883ba,ACTIVE,2473614,247762,890775,0,0,140000
366308,01a0b1c2-b010-7000-8000-000000000001,01a0c441-e0e7-71af-8b1d-ca2cf5125531,ACTIVE,-2155415,-248962,-501163,0,0,140000
366308,01a0b1c2-b010-7000-8000-000000000001,01a0c441-e5c9-76eb-a77b-de784cb71f6a,ACTIVE,-2473603,247841,519772,0,0,140000
366310,01a0b1c2-b010-7000-8000-000000000001,01a0c441-d723-767b-90a3-bdbdd004e863,ACTIVE,0,-108879,3375906,0,233,140000
366310,01a0b1c2-b010-7000-8000-000000000001,01a0c441-dc05-7521-a2e5-cffdd63883ba,ACTIVE,2473614,247762,904775,0,0,140000
366310,01a0b1c2-b010-7000-8000-000000000001,01a0c441-e0e7-71af-8b1d-ca2cf5125531,ACTIVE,-2155415,-248962,-487163,0,0,140000
366310,01a0b1c2-b010-7000-8000-000000000001,01a0c441-e5c9-76eb-a77b-de784cb71f6a,ACTIVE,-2473603,247841,533772,0,0,140000
366312,01a0b1c2-b010-7000-8000-000000000001,01a0c441-d723-767b-90a3-bdbdd004e863,ACTIVE,0,-108856,3389906,0,233,140000
366312,01a0b1c2-b010-7000-8000-000000000001,01a0c441-dc05-7521-a2e5-cffdd63883ba,ACTIVE,2473614,247762,918775,0,0,140000
366312,01a0b1c2-b010-7000-8000-000000000001,01a0c441-e0e7-71af-8b1d-ca2cf5125531,ACTIVE,-2155415,-248962,-473163,0,0,140000
366312,01a0b1c2-b010-7000-8000-000000000001,01a0c441-e5c9-76eb-a77b-de784cb71f6a,ACTIVE,-2473603,247841,547772,0,0,140000
366314,01a0b1c2-b010-7000-8000-000000000001,01a0c441-d723-767b-90a3-bdbdd004e863,ACTIVE,0,-108832,3403906,0,233,140000
366314,01a0b1c2-b010-7000-8000-000000000001,01a0c441-dc05-7521-a2e5-cffdd63883ba,ACTIVE,2473614,247762,932775,0,0,140000
366314,01a0b1c2-b010-7000-8000-000000000001,01a0c441-e0e7-71af-8b1d-ca2cf5125531,ACTIVE,-2155415,-248962,-459163,0,0,140000
366314,01a0b1c2-b010-7000-8000-000000000001,01a0c441-e5c9-76eb-a77b-de784cb71f6a,ACTIVE,-2473603,247841,561772,0,0,140000
366316,01a0b1c2-b010-7000-8000-000000000001,01a0c441-d723-767b-90a3-bdbdd004e863,ACTIVE,0,-108809,3417906,0,233,140000
366316,01a0b1c2-b010-7000-8000-000000000001,01a0c441-dc05-7521-a2e5-cffdd63883ba,ACTIVE,2473614,247762,946775,0,0,140000
366316,01a0b1c2-b010-7000-8000-000000000001,01a0c441-e0e7-71af-8b1d-ca2cf5125531,ACTIVE,-2155415,-248962,-445163,0,0,140000
366316,01a0b1c2-b010-7000-8000-000000000001,01a0c441-e5c9-76eb-a77b-de784cb71f6a,ACTIVE,-2473603,247841,575772,0,0,140000
366318,01a0b1c2-b010-7000-8000-000000000001,01a0c441-d723-767b-90a3-bdbdd004e863,ACTIVE,0,-108786,3431906,0,233,140000
366318,01a0b1c2-b010-7000-8000-000000000001,01a0c441-dc05-7521-a2e5-cffdd63883ba,ACTIVE,2473614,247762,960775,0,0,140000
366318,01a0b1c2-b010-7000-8000-000000000001,01a0c441-e0e7-71af-8b1d-ca2cf5125531,ACTIVE,-2155415,-248962,-431163,0,0,140000
366318,01a0b1c2-b010-7000-8000-000000000001,01a0c441-e5c9-76eb-a77b-de784cb71f6a,ACTIVE,-2473603,247841,589772,0,0,140000
366320,01a0b1c2-b010-7000-8000-000000000001,01a0c441-d723-767b-90a3-bdbdd004e863,ACTIVE,0,-108763,3445906,0,233,140000
366320,01a0b1c2-b010-7000-8000-000000000001,01a0c441-dc05-7521-a2e5-cffdd63883ba,ACTIVE,2473614,247762,974775,0,0,140000
366320,01a0b1c2-b010-7000-8000-000000000001,01a0c441-e0e7-71af-8b1d-ca2cf5125531,ACTIVE,-2155415,-248962,-417163,0,0,140000
366320,01a0b1c2-b010-7000-8000-000000000001,01a0c441-e5c9-76eb-a77b-de784cb71f6a,ACTIVE,-2473603,247841,603772,0,0,140000
366322,01a0b1c2-b010-7000-8000-000000000001,01a0c441-d723-767b-90a3-bdbdd004e863,ACTIVE,0,-108739,3459906,0,233,140000
366322,01a0b1c2-b010-7000-8000-000000000001,01a0c441-dc05-7521-a2e5-cffdd63883ba,ACTIVE,2473614,247762,988775,0,0,140000
366322,01a0b1c2-b010-7000-8000-000000000001,01a0c441-e0e7-71af-8b1d-ca2cf5125531,ACTIVE,-2155415,-248962,-403163,0,0,140000
366322,01a0b1c2-b010-7000-8000-000000000001,01a0c441-e5c9-76eb-a77b-de784cb71f6a,ACTIVE,-2473603,247841,617772,0,0,140000
366324,01a0b1c2-b010-7000-8000-000000000001,01a0c441-d723-767b-90a3-bdbdd004e863,ACTIVE,0,-108716,3473906,0,233,140000
366324,01a0b1c2-b010-7000-8000-000000000001,01a0c441-dc05-7521-a2e5-cffdd63883ba,ACTIVE,2473614,247762,1002775,0,0,140000
366324,01a0b1c2-b010-7000-8000-000000000001,01a0c441-e0e7-71af-8b1d-ca2cf5125531,ACTIVE,-2155415,-248962,-389163,0,0,140000
366324,01a0b1c2-b010-7000-8000-000000000001,01a0c441-e5c9-76eb-a77b-de784cb71f6a,ACTIVE,-2473603,247841,631772,0,0,140000
366326,01a0b1c2-b010-7000-8000-000000000001,01a0c441-d723-767b-90a3-bdbdd004e863,ACTIVE,0,-108693,3487906,0,233,140000
366326,01a0b1c2-b010-7000-8000-000000000001,01a0c441-dc05-7521-a2e5-cffdd63883ba,ACTIVE,2473614,247762,1016775,0,0,140000
366326,01a0b1c2-b010-7000-8000-000000000001,01a0c441-e0e7-71af-8b1d-ca2cf5125531,ACTIVE,-2155415,-248962,-375163,0,0,140000
366326,01a0b1c2-b010-7000-8000-000000000001,01a0c441-e5c9-76eb-a77b-de784cb71f6a,ACTIVE,-2473603,247841,645772,0,0,140000
366328,01a0b1c2-b010-7000-8000-000000000001,01a0c441-d723-767b-90a3-bdbdd004e863,ACTIVE,0,-108669,3501906,0,233,140000
366328,01a0b1c2-b010-7000-8000-000000000001,01a0c441-dc05-7521-a2e5-cffdd63883ba,ACTIVE,2473614,247762,1030775,0,0,140000
366328,01a0b1c2-b010-7000-8000-000000000001,01a0c441-e0e7-71af-8b1d-ca2cf5125531,ACTIVE,-2155415,-248962,-361163,0,0,140000
366328,01a0b1c2-b010-7000-8000-000000000001,01a0c441-e5c9-76eb-a77b-de784cb71f6a,ACTIVE,-2473603,247841,659772,0,0,140000
366330,01a0b1c2-b010-7000-8000-000000000001,01a0c441-d723-767b-90a3-bdbdd004e863,ACTIVE,0,-108646,3515906,0,233,140000
366330,01a0b1c2-b010-7000-8000-000000000001,01a0c441-dc05-7521-a2e5-cffdd63883ba,ACTIVE,2473614,247762,1044775,0,0,140000
366330,01a0b1c2-b010-7000-8000-000000000001,01a0c441-e0e7-71af-8b1d-ca2cf5125531,ACTIVE,-2155415,-248962,-347163,0,0,140000
366330,01a0b1c2-b010-7000-8000-000000000001,01a0c441-e5c9-76eb-a77b-de784cb71f6a,ACTIVE,-2473603,247841,673772,0,0,140000
366332,01a0b1c2-b010-7000-8000-000000000001,01a0c441-d723-767b-90a3-bdbdd004e863,ACTIVE,0,-108623,3529906,0,233,140000
366332,01a0b1c2-b010-7000-8000-000000000001,01a0c441-dc05-7521-a2e5-cffdd63883ba,ACTIVE,2473614,247762,1058775,0,0,140000
366332,01a0b1c2-b010-7000-8000-000000000001,01a0c441-e0e7-71af-8b1d-ca2cf5125531,ACTIVE,-2155415,-248962,-333163,0,0,140000
366332,01a0b1c2-b010-7000-8000-000000000001,01a0c441-e5c9-76eb-a77b-de784cb71f6a,ACTIVE,-2473603,247841,687772,0,0,140000
366334,01a0b1c2-b010-7000-8000-000000000001,01a0c441-d723-767b-90a3-bdbdd004e863,ACTIVE,0,-108600,3543906,0,233,140000
366334,01a0b1c2-b010-7000-8000-000000000001,01a0c441-dc05-7521-a2e5-cffdd63883ba,ACTIVE,2473614,247762,1072775,0,0,140000
366334,01a0b1c2-b010-7000-8000-000000000001,01a0c441-e0e7-71af-8b1d-ca2cf5125531,ACTIVE,-2155415,-248962,-319163,0,0,140000
366334,01a0b1c2-b010-7000-8000-000000000001,01a0c441-e5c9-76eb-a77b-de784cb71f6a,ACTIVE,-2473603,247841,701772,0,0,140000
366336,01a0b1c2-b010-7000-8000-000000000001,01a0c441-d723-767b-90a3-bdbdd004e863,ACTIVE,0,-108576,3557906,0,233,140000
366336,01a0b1c2-b010-7000-8000-000000000001,01a0c441-dc05-7521-a2e5-cffdd63883ba,ACTIVE,2473614,247762,1086775,0,0,140000
366336,01a0b1c2-b010-7000-8000-000000000001,01a0c441-e0e7-71af-8b1d-ca2cf5125531,ACTIVE,-2155415,-248962,-305163,0,0,140000
366336,01a0b1c2-b010-7000-8000-000000000001,01a0c441-e5c9-76eb-a77b-de784cb71f6a,ACTIVE,-2473603,247841,715772,0,0,140000
366338,01a0b1c2-b010-7000-8000-000000000001,01a0c441-d723-767b-90a3-bdbdd004e863,ACTIVE,0,-108553,3571906,0,233,140000
366338,01a0b1c2-b010-7000-8000-000000000001,01a0c441-dc05-7521-a2e5-cffdd63883ba,ACTIVE,2473614,247762,1100775,0,0,140000
366338,01a0b1c2-b010-7000-8000-000000000001,01a0c441-e0e7-71af-8b1d-ca2cf5125531,ACTIVE,-2155415,-248962,-291163,0,0,140000
366338,01a0b1c2-b010-7000-8000-000000000001,01a0c441-e5c9-76eb-a77b-de784cb71f6a,ACTIVE,-2473603,247841,729772,0,0,140000
366340,01a0b1c2-b010-7000-8000-000000000001,01a0c441-d723-767b-90a3-bdbdd004e863,ACTIVE,0,-108530,3585906,0,233,140000
366340,01a0b1c2-b010-7000-8000-000000000001,01a0c441-dc05-7521-a2e5-cffdd63883ba,ACTIVE,2473614,247762,1114775,0,0,140000
366340,01a0b1c2-b010-7000-8000-000000000001,01a0c441-e0e7-71af-8b1d-ca2cf5125531,ACTIVE,-2155415,-248962,-277163,0,0,140000
366340,01a0b1c2-b010-7000-8000-000000000001,01a0c441-e5c9-76eb-a77b-de784cb71f6a,ACTIVE,-2473603,247841,743772,0,0,140000
366342,01a0b1c2-b010-7000-8000-000000000001,01a0c441-d723-767b-90a3-bdbdd004e863,ACTIVE,0,-108507,3599906,0,233,140000
366342,01a0b1c2-b010-7000-8000-000000000001,01a0c441-dc05-7521-a2e5-cffdd63883ba,ACTIVE,2473614,247762,1128775,0,0,140000
366342,01a0b1c2-b010-7000-8000-000000000001,01a0c441-e0e7-71af-8b1d-ca2cf5125531,ACTIVE,-2155415,-248962,-263163,0,0,140000
366342,01a0b1c2-b010-7000-8000-000000000001,01a0c441-e5c9-76eb-a77b-de784cb71f6a,ACTIVE,-2473603,247841,757772,0,0,140000
366344,01a0b1c2-b010-7000-8000-000000000001,01a0c441-d723-767b-90a3-bdbdd004e863,ACTIVE,0,-108483,3613906,0,233,140000
366344,01a0b1c2-b010-7000-8000-000000000001,01a0c441-dc05-7521-a2e5-cffdd63883ba,ACTIVE,2473614,247762,1142775,0,0,140000
366344,01a0b1c2-b010-7000-8000-000000000001,01a0c441-e0e7-71af-8b1d-ca2cf5125531,ACTIVE,-2155415,-248962,-249163,0,0,140000
366344,01a0b1c2-b010-7000-8000-000000000001,01a0c441-e5c9-76eb-a77b-de784cb71f6a,ACTIVE,-2473603,247841,771772,0,0,140000
366346,01a0b1c2-b010-7000-8000-000000000001,01a0c441-d723-767b-90a3-bdbdd004e863,ACTIVE,0,-108460,3627906,0,233,140000
366346,01a0b1c2-b010-7000-8000-000000000001,01a0c441-dc05-7521-a2e5-cffdd63883ba,ACTIVE,2473614,247762,1156775,0,0,140000
366346,01a0b1c2-b010-7000-8000-000000000001,01a0c441-e0e7-71af-8b1d-ca2cf5125531,ACTIVE,-2155415,-248962,-235163,0,0,140000
366346,01a0b1c2-b010-7000-8000-000000000001,01a0c441-e5c9-76eb-a77b-de784cb71f6a,ACTIVE,-2473603,247841,785772,0,0,140000
366348,01a0b1c2-b010-7000-8000-000000000001,01a0c441-d723-767b-90a3-bdbdd004e863,ACTIVE,0,-108437,3641906,0,233,140000
366348,01a0b1c2-b010-7000-8000-000000000001,01a0c441-dc05-7521-a2e5-cffdd63883ba,ACTIVE,2473614,247762,1170775,0,0,140000
366348,01a0b1c2-b010-7000-8000-000000000001,01a0c441-e0e7-71af-8b1d-ca2cf5125531,ACTIVE,-2155415,-248962,-221163,0,0,140000
366348,01a0b1c2-b010-7000-8000-000000000001,01a0c441-e5c9-76eb-a77b-de784cb71f6a,ACTIVE,-2473603,247841,799772,0,0,140000
366350,01a0b1c2-b010-7000-8000-000000000001,01a0c441-d723-767b-90a3-bdbdd004e863,ACTIVE,0,-108413,3655906,0,233,140000
366350,01a0b1c2-b010-7000-8000-000000000001,01a0c441-dc05-7521-a2e5-cffdd63883ba,ACTIVE,2473614,247762,1184775,0,0,140000
366350,01a0b1c2-b010-7000-8000-000000000001,01a0c441-e0e7-71af-8b1d-ca2cf5125531,ACTIVE,-2155415,-248962,-207163,0,0,140000
366350,01a0b1c2-b010-7000-8000-000000000001,01a0c441-e5c9-76eb-a77b-de784cb71f6a,ACTIVE,-2473603,247841,813772,0,0,140000
366352,01a0b1c2-b010-7000-8000-000000000001,01a0c441-d723-767b-90a3-bdbdd004e863,ACTIVE,0,-108390,3669906,0,233,140000
366352,01a0b1c2-b010-7000-8000-000000000001,01a0c441-dc05-7521-a2e5-cffdd63883ba,ACTIVE,2473614,247762,1198775,0,0,140000
366352,01a0b1c2-b010-7000-8000-000000000001,01a0c441-e0e7-71af-8b1d-ca2cf5125531,ACTIVE,-2155415,-248962,-193163,0,0,140000
366352,01a0b1c2-b010-7000-8000-000000000001,01a0c441-e5c9-76eb-a77b-de784cb71f6a,ACTIVE,-2473603,247841,827772,0,0,140000
366354,01a0b1c2-b010-7000-8000-000000000001,01a0c441-d723-767b-90a3-bdbdd004e863,ACTIVE,0,-108367,3683906,0,233,140000
366354,01a0b1c2-b010-7000-8000-000000000001,01a0c441-dc05-7521-a2e5-cffdd63883ba,ACTIVE,2473614,247762,1212775,0,0,140000
366354,01a0b1c2-b010-7000-8000-000000000001,01a0c441-e0e7-71af-8b1d-ca2cf5125531,ACTIVE,-2155415,-248962,-179163,0,0,140000
366354,01a0b1c2-b010-7000-8000-000000000001,01a0c441-e5c9-76eb-a77b-de784cb71f6a,ACTIVE,-2473603,247841,841772,0,0,140000
366356,01a0b1c2-b010-7000-8000-000000000001,01a0c441-d723-767b-90a3-bdbdd004e863,ACTIVE,0,-108344,3697906,0,233,140000
366356,01a0b1c2-b010-7000-8000-000000000001,01a0c441-dc05-7521-a2e5-cffdd63883ba,ACTIVE,2473614,247762,1226775,0,0,140000
366356,01a0b1c2-b010-7000-8000-000000000001,01a0c441-e0e7-71af-8b1d-ca2cf5125531,ACTIVE,-2155415,-248962,-165163,0,0,140000
366356,01a0b1c2-b010-7000-8000-000000000001,01a0c441-e5c9-76eb-a77b-de784cb71f6a,ACTIVE,-2473603,247841,855772,0,0,140000
366358,01a0b1c2-b010-7000-8000-000000000001,01a0c441-d723-767b-90a3-bdbdd004e863,ACTIVE,0,-108320,3711906,0,233,140000
366358,01a0b1c2-b010-7000-8000-000000000001,01a0c441-dc05-7521-a2e5-cffdd63883ba,ACTIVE,2473614,247762,1240775,0,0,140000
366358,01a0b1c2-b010-7000-8000-000000000001,01a0c441-e0e7-71af-8b1d-ca2cf5125531,ACTIVE,-2155415,-248962,-151163,0,0,140000
366358,01a0b1c2-b010-7000-8000-000000000001,01a0c441-e5c9-76eb-a77b-de784cb71f6a,ACTIVE,-2473603,247841,869772,0,0,140000
366360,01a0b1c2-b010-7000-8000-000000000001,01a0c441-d723-767b-90a3-bdbdd004e863,ACTIVE,0,-108297,3725906,0,233,140000
366360,01a0b1c2-b010-7000-8000-000000000001,01a0c441-dc05-7521-a2e5-cffdd63883ba,ACTIVE,2473614,247762,1254775,0,0,140000
366360,01a0b1c2-b010-7000-8000-000000000001,01a0c441-e0e7-71af-8b1d-ca2cf5125531,ACTIVE,-2155415,-248962,-137163,0,0,140000
366360,01a0b1c2-b010-7000-8000-000000000001,01a0c441-e5c9-76eb-a77b-de784cb71f6a,ACTIVE,-2473603,247841,883772,0,0,140000
366362,01a0b1c2-b010-7000-8000-000000000001,01a0c441-d723-767b-90a3-bdbdd004e863,ACTIVE,0,-108274,3739906,0,233,140000
366362,01a0b1c2-b010-7000-8000-000000000001,01a0c441-dc05-7521-a2e5-cffdd63883ba,ACTIVE,2473614,247762,1268775,0,0,140000
366362,01a0b1c2-b010-7000-8000-000000000001,01a0c441-e0e7-71af-8b1d-ca2cf5125531,ACTIVE,-2155415,-248962,-123163,0,0,140000
366362,01a0b1c2-b010-7000-8000-000000000001,01a0c441-e5c9-76eb-a77b-de784cb71f6a,ACTIVE,-2473603,247841,897772,0,0,140000
366364,01a0b1c2-b010-7000-8000-000000000001,01a0c441-d723-767b-90a3-bdbdd004e863,ACTIVE,0,-108251,3753906,0,233,140000
366364,01a0b1c2-b010-7000-8000-000000000001,01a0c441-dc05-7521-a2e5-cffdd63883ba,ACTIVE,2473614,247762,1282775,0,0,140000
366364,01a0b1c2-b010-7000-8000-000000000001,01a0c441-e0e7-71af-8b1d-ca2cf5125531,ACTIVE,-2155415,-248962,-109163,0,0,140000
366364,01a0b1c2-b010-7000-8000-000000000001,01a0c441-e5c9-76eb-a77b-de784cb71f6a,ACTIVE,-2473603,247841,911772,0,0,140000
366366,01a0b1c2-b010-7000-8000-000000000001,01a0c441-d723-767b-90a3-bdbdd004e863,ACTIVE,0,-108227,3767905,0,233,140000
366366,01a0b1c2-b010-7000-8000-000000000001,01a0c441-dc05-7521-a2e5-cffdd63883ba,ACTIVE,2473614,247762,1296775,0,0,140000
366366,01a0b1c2-b010-7000-8000-000000000001,01a0c441-e0e7-71af-8b1d-ca2cf5125531,ACTIVE,-2155415,-248962,-95163,0,0,140000
366366,01a0b1c2-b010-7000-8000-000000000001,01a0c441-e5c9-76eb-a77b-de784cb71f6a,ACTIVE,-2473603,247841,925772,0,0,140000
366368,01a0b1c2-b010-7000-8000-000000000001,01a0c441-d723-767b-90a3-bdbdd004e863,ACTIVE,0,-108204,3781905,0,233,140000
366368,01a0b1c2-b010-7000-8000-000000000001,01a0c441-dc05-7521-a2e5-cffdd63883ba,ACTIVE,2473614,247762,1310775,0,0,140000
366368,01a0b1c2-b010-7000-8000-000000000001,01a0c441-e0e7-71af-8b1d-ca2cf5125531,ACTIVE,-2155415,-248962,-81163,0,0,140000
366368,01a0b1c2-b010-7000-8000-000000000001,01a0c441-e5c9-76eb-a77b-de784cb71f6a,ACTIVE,-2473603,247841,939772,0,0,140000
366370,01a0b1c2-b010-7000-8000-000000000001,01a0c441-d723-767b-90a3-bdbdd004e863,ACTIVE,0,-108181,3795905,0,233,140000
366370,01a0b1c2-b010-7000-8000-000000000001,01a0c441-dc05-7521-a2e5-cffdd63883ba,ACTIVE,2473614,247762,1324775,0,0,140000
366370,01a0b1c2-b010-7000-8000-000000000001,01a0c441-e0e7-71af-8b1d-ca2cf5125531,ACTIVE,-2155415,-248962,-67163,0,0,140000
366370,01a0b1c2-b010-7000-8000-000000000001,01a0c441-e5c9-76eb-a77b-de784cb71f6a,ACTIVE,-2473603,247841,953772,0,0,140000
366372,01a0b1c2-b010-7000-8000-000000000001,01a0c441-d723-767b-90a3-bdbdd004e863,ACTIVE,0,-108157,3809905,0,233,140000
366372,01a0b1c2-b010-7000-8000-000000000001,01a0c441-dc05-7521-a2e5-cffdd63883ba,ACTIVE,2473614,247762,1338775,0,0,140000
366372,01a0b1c2-b010-7000-8000-000000000001,01a0c441-e0e7-71af-8b1d-ca2cf5125531,ACTIVE,-2155415,-248962,-53163,0,0,140000
366372,01a0b1c2-b010-7000-8000-000000000001,01a0c441-e5c9-76eb-a77b-de784cb71f6a,ACTIVE,-2473603,247841,967772,0,0,140000
366374,01a0b1c2-b010-7000-8000-000000000001,01a0c441-d723-767b-90a3-bdbdd004e863,ACTIVE,0,-108134,3823905,0,233,140000
366374,01a0b1c2-b010-7000-8000-000000000001,01a0c441-dc05-7521-a2e5-cffdd63883ba,ACTIVE,2473614,247762,1352775,0,0,140000
366374,01a0b1c2-b010-7000-8000-000000000001,01a0c441-e0e7-71af-8b1d-ca2cf5125531,ACTIVE,-2155415,-248962,-39163,0,0,140000
366374,01a0b1c2-b010-7000-8000-000000000001,01a0c441-e5c9-76eb-a77b-de784cb71f6a,ACTIVE,-2473603,247841,981772,0,0,140000
366376,01a0b1c2-b010-7000-8000-000000000001,01a0c441-d723-767b-90a3-bdbdd004e863,ACTIVE,0,-108111,3837905,0,233,140000
366376,01a0b1c2-b010-7000-8000-000000000001,01a0c441-dc05-7521-a2e5-cffdd63883ba,ACTIVE,2473614,247762,1366775,0,0,140000
366376,01a0b1c2-b010-7000-8000-000000000001,01a0c441-e0e7-71af-8b1d-ca2cf5125531,ACTIVE,-2155415,-248962,-25163,0,0,140000
366376,01a0b1c2-b010-7000-8000-000000000001,01a0c441-e5c9-76eb-a77b-de784cb71f6a,ACTIVE,-2473603,247841,995772,0,0,140000
366378,01a0b1c2-b010-7000-8000-000000000001,01a0c441-d723-767b-90a3-bdbdd004e863,ACTIVE,0,-108088,3851905,0,233,140000
366378,01a0b1c2-b010-7000-8000-000000000001,01a0c441-dc05-7521-a2e5-cffdd63883ba,ACTIVE,2473614,247762,1380775,0,0,140000
366378,01a0b1c2-b010-7000-8000-000000000001,01a0c441-e0e7-71af-8b1d-ca2cf5125531,ACTIVE,-2155415,-248962,-11163,0,0,140000
366378,01a0b1c2-b010-7000-8000-000000000001,01a0c441-e5c9-76eb-a77b-de784cb71f6a,ACTIVE,-2473603,247841,1009772,0,0,140000
366380,01a0b1c2-b010-7000-8000-000000000001,01a0c441-d723-767b-90a3-bdbdd004e863,ACTIVE,0,-108064,3865905,0,233,140000
366380,01a0b1c2-b010-7000-8000-000000000001,01a0c441-dc05-7521-a2e5-cffdd63883ba,ACTIVE,2473614,247762,1394775,0,0,140000
366380,01a0b1c2-b010-7000-8000-000000000001,01a0c441-e0e7-71af-8b1d-ca2cf5125531,ACTIVE,-2155415,-248962,2837,0,0,140000
366380,01a0b1c2-b010-7000-8000-000000000001,01a0c441-e5c9-76eb-a77b-de784cb71f6a,ACTIVE,-2473603,247841,1023772,0,0,140000
366382,01a0b1c2-b010-7000-8000-000000000001,01a0c441-d723-767b-90a3-bdbdd004e863,ACTIVE,0,-108041,3879905,0,233,140000
366382,01a0b1c2-b010-7000-8000-000000000001,01a0c441-dc05-7521-a2e5-cffdd63883ba,ACTIVE,2473614,247762,1408775,0,0,140000
366382,01a0b1c2-b010-7000-8000-000000000001,01a0c441-e0e7-71af-8b1d-ca2cf5125531,ACTIVE,-2155415,-248962,16837,0,0,140000
366382,01a0b1c2-b010-7000-8000-000000000001,01a0c441-e5c9-76eb-a77b-de784cb71f6a,ACTIVE,-2473603,247841,1037772,0,0,140000
366384,01a0b1c2-b010-7000-8000-000000000001,01a0c441-d723-767b-90a3-bdbdd004e863,ACTIVE,0,-108018,3893905,0,233,140000
366384,01a0b1c2-b010-7000-8000-000000000001,01a0c441-dc05-7521-a2e5-cffdd63883ba,ACTIVE,2473614,247762,1422775,0,0,140000
366384,01a0b1c2-b010-7000-8000-000000000001,01a0c441-e0e7-71af-8b1d-ca2cf5125531,ACTIVE,-2155415,-248962,30837,0,0,140000
366384,01a0b1c2-b010-7000-8000-000000000001,01a0c441-e5c9-76eb-a77b-de784cb71f6a,ACTIVE,-2473603,247841,1051772,0,0,140000
366386,01a0b1c2-b010-7000-8000-000000000001,01a0c441-d723-767b-90a3-bdbdd004e863,ACTIVE,0,-107995,3907905,0,233,140000
366386,01a0b1c2-b010-7000-8000-000000000001,01a0c441-dc05-7521-a2e5-cffdd63883ba,ACTIVE,2473614,247762,1436775,0,0,140000
366386,01a0b1c2-b010-7000-8000-000000000001,01a0c441-e0e7-71af-8b1d-ca2cf5125531,ACTIVE,-2155415,-248962,44837,0,0,140000
366386,01a0b1c2-b010-7000-8000-000000000001,01a0c441-e5c9-76eb-a77b-de784cb71f6a,ACTIVE,-2473603,247841,1065772,0,0,140000
366388,01a0b1c2-b010-7000-8000-000000000001,01a0c441-d723-767b-90a3-bdbdd004e863,ACTIVE,0,-107971,3921905,0,233,140000
366388,01a0b1c2-b010-7000-8000-000000000001,01a0c441-dc05-7521-a2e5-cffdd63883ba,ACTIVE,2473614,247762,1450775,0,0,140000
366388,01a0b1c2-b010-7000-8000-000000000001,01a0c441-e0e7-71af-8b1d-ca2cf5125531,ACTIVE,-2155415,-248962,58837,0,0,140000
366388,01a0b1c2-b010-7000-8000-000000000001,01a0c441-e5c9-76eb-a77b-de784cb71f6a,ACTIVE,-2473603,247841,1079772,0,0,140000
366390,01a0b1c2-b010-7000-8000-000000000001,01a0c441-d723-767b-90a3-bdbdd004e863,ACTIVE,0,-107948,3935905,0,233,140000
366390,01a0b1c2-b010-7000-8000-000000000001,01a0c441-dc05-7521-a2e5-cffdd63883ba,ACTIVE,2473614,247762,1464775,0,0,140000
366390,01a0b1c2-b010-7000-8000-000000000001,01a0c441-e0e7-71af-8b1d-ca2cf5125531,ACTIVE,-2155415,-248962,72837,0,0,140000
366390,01a0b1c2-b010-7000-8000-000000000001,01a0c441-e5c9-76eb-a77b-de784cb71f6a,ACTIVE,-2473603,247841,1093772,0,0,140000
366392,01a0b1c2-b010-7000-8000-000000000001,01a0c441-d723-767b-90a3-bdbdd004e863,ACTIVE,0,-107925,3949905,0,233,140000
366392,01a0b1c2-b010-7000-8000-000000000001,01a0c441-dc05-7521-a2e5-cffdd63883ba,ACTIVE,2473614,247762,1478775,0,0,140000
366392,01a0b1c2-b010-7000-8000-000000000001,01a0c441-e0e7-71af-8b1d-ca2cf5125531,ACTIVE,-2155415,-248962,86837,0,0,140000
366392,01a0b1c2-b010-7000-8000-000000000001,01a0c441-e5c9-76eb-a77b-de784cb71f6a,ACTIVE,-2473603,247841,1107772,0,0,140000
366394,01a0b1c2-b010-7000-8000-000000000001,01a0c441-d723-767b-90a3-bdbdd004e863,ACTIVE,0,-107901,3963905,0,233,140000
366394,01a0b1c2-b010-7000-8000-000000000001,01a0c441-dc05-7521-a2e5-cffdd63883ba,ACTIVE,2473614,247762,1492775,0,0,140000
366394,01a0b1c2-b010-7000-8000-000000000001,01a0c441-e0e7-71af-8b1d-ca2cf5125531,ACTIVE,-2155415,-248962,100837,0,0,140000
366394,01a0b1c2-b010-7000-8000-000000000001,01a0c441-e5c9-76eb-a77b-de784cb71f6a,ACTIVE,-2473603,247841,1121772,0,0,140000
366396,01a0b1c2-b010-7000-8000-000000000001,01a0c441-d723-767b-90a3-bdbdd004e863,ACTIVE,0,-107878,3977905,0,233,140000
366396,01a0b1c2-b010-7000-8000-000000000001,01a0c441-dc05-7521-a2e5-cffdd63883ba,ACTIVE,2473614,247762,1506775,0,0,140000
366396,01a0b1c2-b010-7000-8000-000000000001,01a0c441-e0e7-71af-8b1d-ca2cf5125531,ACTIVE,-2155415,-248962,114837,0,0,140000
366396,01a0b1c2-b010-7000-8000-000000000001,01a0c441-e5c9-76eb-a77b-de784cb71f6a,ACTIVE,-2473603,247841,1135772,0,0,140000
366398,01a0b1c2-b010-7000-8000-000000000001,01a0c441-d723-767b-90a3-bdbdd004e863,ACTIVE,0,-107855,3991905,0,233,140000
366398,01a0b1c2-b010-7000-8000-000000000001,01a0c441-dc05-7521-a2e5-cffdd63883ba,ACTIVE,2473614,247762,1520775,0,0,140000
366398,01a0b1c2-b010-7000-8000-000000000001,01a0c441-e0e7-71af-8b1d-ca2cf5125531,ACTIVE,-2155415,-248962,128837,0,0,140000
366398,01a0b1c2-b010-7000-8000-000000000001,01a0c441-e5c9-76eb-a77b-de784cb71f6a,ACTIVE,-2473603,247841,1149772,0,0,140000
366400,01a0b1c2-b010-7000-8000-000000000001,01a0c441-d723-767b-90a3-bdbdd004e863,ACTIVE,0,-107832,4005905,0,233,140000
366400,01a0b1c2-b010-7000-8000-000000000001,01a0c441-dc05-7521-a2e5-cffdd63883ba,ACTIVE,2473614,247762,1534775,0,0,140000
366400,01a0b1c2-b010-7000-8000-000000000001,01a0c441-e0e7-71af-8b1d-ca2cf5125531,ACTIVE,-2155415,-248962,142837,0,0,140000
366400,01a0b1c2-b010-7000-8000-000000000001,01a0c441-e5c9-76eb-a77b-de784cb71f6a,ACTIVE,-2473603,247841,1163772,0,0,140000
366402,01a0b1c2-b010-7000-8000-000000000001,01a0c441-d723-767b-90a3-bdbdd004e863,ACTIVE,0,-107808,4019905,0,233,140000
366402,01a0b1c2-b010-7000-8000-000000000001,01a0c441-dc05-7521-a2e5-cffdd63883ba,ACTIVE,2473614,247762,1548775,0,0,140000
366402,01a0b1c2-b010-7000-8000-000000000001,01a0c441-e0e7-71af-8b1d-ca2cf5125531,ACTIVE,-2155415,-248962,156837,0,0,140000
366402,01a0b1c2-b010-7000-8000-000000000001,01a0c441-e5c9-76eb-a77b-de784cb71f6a,ACTIVE,-2473603,247841,1177772,0,0,140000
366404,01a0b1c2-b010-7000-8000-000000000001,01a0c441-d723-767b-90a3-bdbdd004e863,ACTIVE,0,-107785,4033905,0,233,140000
366404,01a0b1c2-b010-7000-8000-000000000001,01a0c441-dc05-7521-a2e5-cffdd63883ba,ACTIVE,2473614,247762,1562775,0,0,140000
366404,01a0b1c2-b010-7000-8000-000000000001,01a0c441-e0e7-71af-8b1d-ca2cf5125531,ACTIVE,-2155415,-248962,170837,0,0,140000
366404,01a0b1c2-b010-7000-8000-000000000001,01a0c441-e5c9-76eb-a77b-de784cb71f6a,ACTIVE,-2473603,247841,1191772,0,0,140000
366406,01a0b1c2-b010-7000-8000-000000000001,01a0c441-d723-767b-90a3-bdbdd004e863,ACTIVE,0,-107762,4047905,0,233,140000
366406,01a0b1c2-b010-7000-8000-000000000001,01a0c441-dc05-7521-a2e5-cffdd63883ba,ACTIVE,2473614,247762,1576775,0,0,140000
366406,01a0b1c2-b010-7000-8000-000000000001,01a0c441-e0e7-71af-8b1d-ca2cf5125531,ACTIVE,-2155415,-248962,184837,0,0,140000
366406,01a0b1c2-b010-7000-8000-000000000001,01a0c441-e5c9-76eb-a77b-de784cb71f6a,ACTIVE,-2473603,247841,1205772,0,0,140000
366408,01a0b1c2-b010-7000-8000-000000000001,01a0c441-d723-767b-90a3-bdbdd004e863,ACTIVE,0,-107739,4061905,0,233,140000
366408,01a0b1c2-b010-7000-8000-000000000001,01a0c441-dc05-7521-a2e5-cffdd63883ba,ACTIVE,2473614,247762,1590775,0,0,140000
366408,01a0b1c2-b010-7000-8000-000000000001,01a0c441-e0e7-71af-8b1d-ca2cf5125531,ACTIVE,-2155415,-248962,198837,0,0,140000
366408,01a0b1c2-b010-7000-8000-000000000001,01a0c441-e5c9-76eb-a77b-de784cb71f6a,ACTIVE,-2473603,247841,1219772,0,0,140000
366410,01a0b1c2-b010-7000-8000-000000000001,01a0c441-d723-767b-90a3-bdbdd004e863,ACTIVE,0,-107715,4075905,0,233,140000
366410,01a0b1c2-b010-7000-8000-000000000001,01a0c441-dc05-7521-a2e5-cffdd63883ba,ACTIVE,2473614,247762,1604775,0,0,140000
366410,01a0b1c2-b010-7000-8000-000000000001,01a0c441-e0e7-71af-8b1d-ca2cf5125531,ACTIVE,-2155415,-248962,212837,0,0,140000
366410,01a0b1c2-b010-7000-8000-000000000001,01a0c441-e5c9-76eb-a77b-de784cb71f6a,ACTIVE,-2473603,247841,1233772,0,0,140000
366412,01a0b1c2-b010-7000-8000-000000000001,01a0c441-d723-767b-90a3-bdbdd004e863,ACTIVE,0,-107692,4089905,0,233,140000
366412,01a0b1c2-b010-7000-8000-000000000001,01a0c441-dc05-7521-a2e5-cffdd63883ba,ACTIVE,2473614,247762,1618775,0,0,140000
366412,01a0b1c2-b010-7000-8000-000000000001,01a0c441-e0e7-71af-8b1d-ca2cf5125531,ACTIVE,-2155415,-248962,226837,0,0,140000
366412,01a0b1c2-b010-7000-8000-000000000001,01a0c441-e5c9-76eb-a77b-de784cb71f6a,ACTIVE,-2473603,247841,1247772,0,0,140000
366414,01a0b1c2-b010-7000-8000-000000000001,01a0c441-d723-767b-90a3-bdbdd004e863,ACTIVE,0,-107669,4103905,0,233,140000
366414,01a0b1c2-b010-7000-8000-000000000001,01a0c441-dc05-7521-a2e5-cffdd63883ba,ACTIVE,2473614,247762,1632775,0,0,140000
366414,01a0b1c2-b010-7000-8000-000000000001,01a0c441-e0e7-71af-8b1d-ca2cf5125531,ACTIVE,-2155415,-248962,240837,0,0,140000
366414,01a0b1c2-b010-7000-8000-000000000001,01a0c441-e5c9-76eb-a77b-de784cb71f6a,ACTIVE,-2473603,247841,1261772,0,0,140000
366416,01a0b1c2-b010-7000-8000-000000000001,01a0c441-d723-767b-90a3-bdbdd004e863,ACTIVE,0,-107645,4117905,0,233,140000
366416,01a0b1c2-b010-7000-8000-000000000001,01a0c441-dc05-7521-a2e5-cffdd63883ba,ACTIVE,2473614,247762,1646775,0,0,140000
366416,01a0b1c2-b010-7000-8000-000000000001,01a0c441-e0e7-71af-8b1d-ca2cf5125531,ACTIVE,-2155415,-248962,254837,0,0,140000
366416,01a0b1c2-b010-7000-8000-000000000001,01a0c441-e5c9-76eb-a77b-de784cb71f6a,ACTIVE,-2473603,247841,1275772,0,0,140000
366418,01a0b1c2-b010-7000-8000-000000000001,01a0c441-d723-767b-90a3-bdbdd004e863,ACTIVE,0,-107622,4131905,0,233,140000
366418,01a0b1c2-b010-7000-8000-000000000001,01a0c441-dc05-7521-a2e5-cffdd63883ba,ACTIVE,2473614,247762,1660775,0,0,140000
366418,01a0b1c2-b010-7000-8000-000000000001,01a0c441-e0e7-71af-8b1d-ca2cf5125531,ACTIVE,-2155415,-248962,268837,0,0,140000
366418,01a0b1c2-b010-7000-8000-000000000001,01a0c441-e5c9-76eb-a77b-de784cb71f6a,ACTIVE,-2473603,247841,1289772,0,0,140000
366420,01a0b1c2-b010-7000-8000-000000000001,01a0c441-d723-767b-90a3-bdbdd004e863,ACTIVE,0,-107599,4145905,0,233,140000
366420,01a0b1c2-b010-7000-8000-000000000001,01a0c441-dc05-7521-a2e5-cffdd63883ba,ACTIVE,2473614,247762,1674775,0,0,140000
366420,01a0b1c2-b010-7000-8000-000000000001,01a0c441-e0e7-71af-8b1d-ca2cf5125531,ACTIVE,-2155415,-248962,282837,0,0,140000
366420,01a0b1c2-b010-7000-8000-000000000001,01a0c441-e5c9-76eb-a77b-de784cb71f6a,ACTIVE,-2473603,247841,1303772,0,0,140000
366422,01a0b1c2-b010-7000-8000-000000000001,01a0c441-d723-767b-90a3-bdbdd004e863,ACTIVE,0,-107576,4159905,0,233,140000
366422,01a0b1c2-b010-7000-8000-000000000001,01a0c441-dc05-7521-a2e5-cffdd63883ba,ACTIVE,2473614,247762,1688775,0,0,140000
366422,01a0b1c2-b010-7000-8000-000000000001,01a0c441-e0e7-71af-8b1d-ca2cf5125531,ACTIVE,-2155415,-248962,296837,0,0,140000
366422,01a0b1c2-b010-7000-8000-000000000001,01a0c441-e5c9-76eb-a77b-de784cb71f6a,ACTIVE,-2473603,247841,1317772,0,0,140000
366424,01a0b1c2-b010-7000-8000-000000000001,01a0c441-d723-767b-90a3-bdbdd004e863,ACTIVE,0,-107552,4173905,0,233,140000
366424,01a0b1c2-b010-7000-8000-000000000001,01a0c441-dc05-7521-a2e5-cffdd63883ba,ACTIVE,2473614,247762,1702775,0,0,140000
366424,01a0b1c2-b010-7000-8000-000000000001,01a0c441-e0e7-71af-8b1d-ca2cf5125531,ACTIVE,-2155415,-248962,310837,0,0,140000
366424,01a0b1c2-b010-7000-8000-000000000001,01a0c441-e5c9-76eb-a77b-de784cb71f6a,ACTIVE,-2473603,247841,1331772,0,0,140000
366426,01a0b1c2-b010-7000-8000-000000000001,01a0c441-d723-767b-90a3-bdbdd004e863,ACTIVE,0,-107529,4187905,0,233,140000
366426,01a0b1c2-b010-7000-8000-000000000001,01a0c441-dc05-7521-a2e5-cffdd63883ba,ACTIVE,2473614,247762,1716775,0,0,140000
366426,01a0b1c2-b010-7000-8000-000000000001,01a0c441-e0e7-71af-8b1d-ca2cf5125531,ACTIVE,-2155415,-248962,324837,0,0,140000
366426,01a0b1c2-b010-7000-8000-000000000001,01a0c441-e5c9-76eb-a77b-de784cb71f6a,ACTIVE,-2473603,247841,1345772,0,0,140000
366428,01a0b1c2-b010-7000-8000-000000000001,01a0c441-d723-767b-90a3-bdbdd004e863,ACTIVE,0,-107506,4201905,0,233,140000
366428,01a0b1c2-b010-7000-8000-000000000001,01a0c441-dc05-7521-a2e5-cffdd63883ba,ACTIVE,2473614,247762,1730775,0,0,140000
366428,01a0b1c2-b010-7000-8000-000000000001,01a0c441-e0e7-71af-8b1d-ca2cf5125531,ACTIVE,-2155415,-248962,338837,0,0,140000
366428,01a0b1c2-b010-7000-8000-000000000001,01a0c441-e5c9-76eb-a77b-de784cb71f6a,ACTIVE,-2473603,247841,1359772,0,0,140000
366430,01a0b1c2-b010-7000-8000-000000000001,01a0c441-d723-767b-90a3-bdbdd004e863,ACTIVE,0,-107483,4215905,0,233,140000
366430,01a0b1c2-b010-7000-8000-000000000001,01a0c441-dc05-7521-a2e5-cffdd63883ba,ACTIVE,2473614,247762,1744775,0,0,140000
366430,01a0b1c2-b010-7000-8000-000000000001,01a0c441-e0e7-71af-8b1d-ca2cf5125531,ACTIVE,-2155415,-248962,352837,0,0,140000
366430,01a0b1c2-b010-7000-8000-000000000001,01a0c441-e5c9-76eb-a77b-de784cb71f6a,ACTIVE,-2473603,247841,1373772,0,0,140000
366432,01a0b1c2-b010-7000-8000-000000000001,01a0c441-d723-767b-90a3-bdbdd004e863,ACTIVE,0,-107459,4229905,0,233,140000
366432,01a0b1c2-b010-7000-8000-000000000001,01a0c441-dc05-7521-a2e5-cffdd63883ba,ACTIVE,2473614,247762,1758775,0,0,140000
366432,01a0b1c2-b010-7000-8000-000000000001,01a0c441-e0e7-71af-8b1d-ca2cf5125531,ACTIVE,-2155415,-248962,366837,0,0,140000
366432,01a0b1c2-b010-7000-8000-000000000001,01a0c441-e5c9-76eb-a77b-de784cb71f6a,ACTIVE,-2473603,247841,1387772,0,0,140000
366434,01a0b1c2-b010-7000-8000-000000000001,01a0c441-d723-767b-90a3-bdbdd004e863,ACTIVE,0,-107436,4243905,0,233,140000
366434,01a0b1c2-b010-7000-8000-000000000001,01a0c441-dc05-7521-a2e5-cffdd63883ba,ACTIVE,2473614,247762,1772775,0,0,140000
366434,01a0b1c2-b010-7000-8000-000000000001,01a0c441-e0e7-71af-8b1d-ca2cf5125531,ACTIVE,-2155415,-248962,380837,0,0,140000
366434,01a0b1c2-b010-7000-8000-000000000001,01a0c441-e5c9-76eb-a77b-de784cb71f6a,ACTIVE,-2473603,247841,1401772,0,0,140000
366436,01a0b1c2-b010-7000-8000-000000000001,01a0c441-d723-767b-90a3-bdbdd004e863,ACTIVE,0,-107413,4257905,0,233,140000
366436,01a0b1c2-b010-7000-8000-000000000001,01a0c441-dc05-7521-a2e5-cffdd63883ba,ACTIVE,2473614,247762,1786775,0,0,140000
366436,01a0b1c2-b010-7000-8000-000000000001,01a0c441-e0e7-71af-8b1d-ca2cf5125531,ACTIVE,-2155415,-248962,394837,0,0,140000
366436,01a0b1c2-b010-7000-8000-000000000001,01a0c441-e5c9-76eb-a77b-de784cb71f6a,ACTIVE,-2473603,247841,1415772,0,0,140000
366438,01a0b1c2-b010-7000-8000-000000000001,01a0c441-d723-767b-90a3-bdbdd004e863,ACTIVE,0,-107389,4271905,0,233,140000
366438,01a0b1c2-b010-7000-8000-000000000001,01a0c441-dc05-7521-a2e5-cffdd63883ba,ACTIVE,2473614,247762,1800775,0,0,140000
366438,01a0b1c2-b010-7000-8000-000000000001,01a0c441-e0e7-71af-8b1d-ca2cf5125531,ACTIVE,-2155415,-248962,408837,0,0,140000
366438,01a0b1c2-b010-7000-8000-000000000001,01a0c441-e5c9-76eb-a77b-de784cb71f6a,ACTIVE,-2473603,247841,1429772,0,0,140000
366440,01a0b1c2-b010-7000-8000-000000000001,01a0c441-d723-767b-90a3-bdbdd004e863,ACTIVE,0,-107366,4285905,0,233,140000
366440,01a0b1c2-b010-7000-8000-000000000001,01a0c441-dc05-7521-a2e5-cffdd63883ba,ACTIVE,2473614,247762,1814775,0,0,140000
366440,01a0b1c2-b010-7000-8000-000000000001,01a0c441-e0e7-71af-8b1d-ca2cf5125531,ACTIVE,-2155415,-248962,422837,0,0,140000
366440,01a0b1c2-b010-7000-8000-000000000001,01a0c441-e5c9-76eb-a77b-de784cb71f6a,ACTIVE,-2473603,247841,1443772,0,0,140000
366442,01a0b1c2-b010-7000-8000-000000000001,01a0c441-d723-767b-90a3-bdbdd004e863,ACTIVE,0,-107343,4299905,0,233,140000
366442,01a0b1c2-b010-7000-8000-000000000001,01a0c441-dc05-7521-a2e5-cffdd63883ba,ACTIVE,2473614,247762,1828775,0,0,140000
366442,01a0b1c2-b010-7000-8000-000000000001,01a0c441-e0e7-71af-8b1d-ca2cf5125531,ACTIVE,-2155415,-248962,436837,0,0,140000
366442,01a0b1c2-b010-7000-8000-000000000001,01a0c441-e5c9-76eb-a77b-de784cb71f6a,ACTIVE,-2473603,247841,1457772,0,0,140000
366444,01a0b1c2-b010-7000-8000-000000000001,01a0c441-d723-767b-90a3-bdbdd004e863,ACTIVE,0,-107320,4313905,0,233,140000
366444,01a0b1c2-b010-7000-8000-000000000001,01a0c441-dc05-7521-a2e5-cffdd63883ba,ACTIVE,2473614,247762,1842775,0,0,140000
366444,01a0b1c2-b010-7000-8000-000000000001,01a0c441-e0e7-71af-8b1d-ca2cf5125531,ACTIVE,-2155415,-248962,450837,0,0,140000
366444,01a0b1c2-b010-7000-8000-000000000001,01a0c441-e5c9-76eb-a77b-de784cb71f6a,ACTIVE,-2473603,247841,1471772,0,0,140000
366446,01a0b1c2-b010-7000-8000-000000000001,01a0c441-d723-767b-90a3-bdbdd004e863,ACTIVE,0,-107296,4327905,0,233,140000
366446,01a0b1c2-b010-7000-8000-000000000001,01a0c441-dc05-7521-a2e5-cffdd63883ba,ACTIVE,2473614,247762,1856775,0,0,140000
366446,01a0b1c2-b010-7000-8000-000000000001,01a0c441-e0e7-71af-8b1d-ca2cf5125531,ACTIVE,-2155415,-248962,464837,0,0,140000
366446,01a0b1c2-b010-7000-8000-000000000001,01a0c441-e5c9-76eb-a77b-de784cb71f6a,ACTIVE,-2473603,247841,1485772,0,0,140000
366448,01a0b1c2-b010-7000-8000-000000000001,01a0c441-d723-767b-90a3-bdbdd004e863,ACTIVE,0,-107273,4341905,0,233,140000
366448,01a0b1c2-b010-7000-8000-000000000001,01a0c441-dc05-7521-a2e5-cffdd63883ba,ACTIVE,2473614,247762,1870775,0,0,140000
366448,01a0b1c2-b010-7000-8000-000000000001,01a0c441-e0e7-71af-8b1d-ca2cf5125531,ACTIVE,-2155415,-248962,478837,0,0,140000
366448,01a0b1c2-b010-7000-8000-000000000001,01a0c441-e5c9-76eb-a77b-de784cb71f6a,ACTIVE,-2473603,247841,1499772,0,0,140000
366450,01a0b1c2-b010-7000-8000-000000000001,01a0c441-d723-767b-90a3-bdbdd004e863,ACTIVE,0,-107250,4355905,0,233,140000
366450,01a0b1c2-b010-7000-8000-000000000001,01a0c441-dc05-7521-a2e5-cffdd63883ba,ACTIVE,2473614,247762,1884775,0,0,140000
366450,01a0b1c2-b010-7000-8000-000000000001,01a0c441-e0e7-71af-8b1d-ca2cf5125531,ACTIVE,-2155415,-248962,492837,0,0,140000
366450,01a0b1c2-b010-7000-8000-000000000001,01a0c441-e5c9-76eb-a77b-de784cb71f6a,ACTIVE,-2473603,247841,1513772,0,0,140000
366452,01a0b1c2-b010-7000-8000-000000000001,01a0c441-d723-767b-90a3-bdbdd004e863,ACTIVE,0,-107227,4369905,0,233,140000
366452,01a0b1c2-b010-7000-8000-000000000001,01a0c441-dc05-7521-a2e5-cffdd63883ba,ACTIVE,2473614,247762,1898775,0,0,140000
366452,01a0b1c2-b010-7000-8000-000000000001,01a0c441-e0e7-71af-8b1d-ca2cf5125531,ACTIVE,-2155415,-248962,506837,0,0,140000
366452,01a0b1c2-b010-7000-8000-000000000001,01a0c441-e5c9-76eb-a77b-de784cb71f6a,ACTIVE,-2473603,247841,1527772,0,0,140000
366454,01a0b1c2-b010-7000-8000-000000000001,01a0c441-d723-767b-90a3-bdbdd004e863,ACTIVE,0,-107203,4383905,0,233,140000
366454,01a0b1c2-b010-7000-8000-000000000001,01a0c441-dc05-7521-a2e5-cffdd63883ba,ACTIVE,2473614,247762,1912775,0,0,140000
366454,01a0b1c2-b010-7000-8000-000000000001,01a0c441-e0e7-71af-8b1d-ca2cf5125531,ACTIVE,-2155415,-248962,520837,0,0,140000
366454,01a0b1c2-b010-7000-8000-000000000001,01a0c441-e5c9-76eb-a77b-de784cb71f6a,ACTIVE,-2473603,247841,1541772,0,0,140000
366456,01a0b1c2-b010-7000-8000-000000000001,01a0c441-d723-767b-90a3-bdbdd004e863,ACTIVE,0,-107180,4397905,0,233,140000
366456,01a0b1c2-b010-7000-8000-000000000001,01a0c441-dc05-7521-a2e5-cffdd63883ba,ACTIVE,2473614,247762,1926775,0,0,140000
366456,01a0b1c2-b010-7000-8000-000000000001,01a0c441-e0e7-71af-8b1d-ca2cf5125531,ACTIVE,-2155415,-248962,534837,0,0,140000
366456,01a0b1c2-b010-7000-8000-000000000001,01a0c441-e5c9-76eb-a77b-de784cb71f6a,ACTIVE,-2473603,247841,1555772,0,0,140000
366458,01a0b1c2-b010-7000-8000-000000000001,01a0c441-d723-767b-90a3-bdbdd004e863,ACTIVE,0,-107157,4411905,0,233,140000
366458,01a0b1c2-b010-7000-8000-000000000001,01a0c441-dc05-7521-a2e5-cffdd63883ba,ACTIVE,2473614,247762,1940775,0,0,140000
366458,01a0b1c2-b010-7000-8000-000000000001,01a0c441-e0e7-71af-8b1d-ca2cf5125531,ACTIVE,-2155415,-248962,548837,0,0,140000
366458,01a0b1c2-b010-7000-8000-000000000001,01a0c441-e5c9-76eb-a77b-de784cb71f6a,ACTIVE,-2473603,247841,1569772,0,0,140000
366460,01a0b1c2-b010-7000-8000-000000000001,01a0c441-d723-767b-90a3-bdbdd004e863,ACTIVE,0,-107133,4425905,0,233,140000
366460,01a0b1c2-b010-7000-8000-000000000001,01a0c441-dc05-7521-a2e5-cffdd63883ba,ACTIVE,2473614,247762,1954775,0,0,140000
366460,01a0b1c2-b010-7000-8000-000000000001,01a0c441-e0e7-71af-8b1d-ca2cf5125531,ACTIVE,-2155415,-248962,562837,0,0,140000
366460,01a0b1c2-b010-7000-8000-000000000001,01a0c441-e5c9-76eb-a77b-de784cb71f6a,ACTIVE,-2473603,247841,1583772,0,0,140000
366462,01a0b1c2-b010-7000-8000-000000000001,01a0c441-d723-767b-90a3-bdbdd004e863,ACTIVE,0,-107110,4439905,0,233,140000
366462,01a0b1c2-b010-7000-8000-000000000001,01a0c441-dc05-7521-a2e5-cffdd63883ba,ACTIVE,2473614,247762,1968775,0,0,140000
366462,01a0b1c2-b010-7000-8000-000000000001,01a0c441-e0e7-71af-8b1d-ca2cf5125531,ACTIVE,-2155415,-248962,576837,0,0,140000
366462,01a0b1c2-b010-7000-8000-000000000001,01a0c441-e5c9-76eb-a77b-de784cb71f6a,ACTIVE,-2473603,247841,1597772,0,0,140000
366464,01a0b1c2-b010-7000-8000-000000000001,01a0c441-d723-767b-90a3-bdbdd004e863,ACTIVE,0,-107087,4453905,0,233,140000
366464,01a0b1c2-b010-7000-8000-000000000001,01a0c441-dc05-7521-a2e5-cffdd63883ba,ACTIVE,2473614,247762,1982775,0,0,140000
366464,01a0b1c2-b010-7000-8000-000000000001,01a0c441-e0e7-71af-8b1d-ca2cf5125531,ACTIVE,-2155415,-248962,590837,0,0,140000
366464,01a0b1c2-b010-7000-8000-000000000001,01a0c441-e5c9-76eb-a77b-de784cb71f6a,ACTIVE,-2473603,247841,1611772,0,0,140000
366466,01a0b1c2-b010-7000-8000-000000000001,01a0c441-d723-767b-90a3-bdbdd004e863,ACTIVE,0,-107064,4467905,0,233,140000
366466,01a0b1c2-b010-7000-8000-000000000001,01a0c441-dc05-7521-a2e5-cffdd63883ba,ACTIVE,2473614,247762,1996775,0,0,140000
366466,01a0b1c2-b010-7000-8000-000000000001,01a0c441-e0e7-71af-8b1d-ca2cf5125531,ACTIVE,-2155415,-248962,604837,0,0,140000
366466,01a0b1c2-b010-7000-8000-000000000001,01a0c441-e5c9-76eb-a77b-de784cb71f6a,ACTIVE,-2473603,247841,1625772,0,0,140000
366468,01a0b1c2-b010-7000-8000-000000000001,01a0c441-d723-767b-90a3-bdbdd004e863,ACTIVE,0,-107040,4481905,0,233,140000
366468,01a0b1c2-b010-7000-8000-000000000001,01a0c441-dc05-7521-a2e5-cffdd63883ba,ACTIVE,2473614,247762,2010775,0,0,140000
366468,01a0b1c2-b010-7000-8000-000000000001,01a0c441-e0e7-71af-8b1d-ca2cf5125531,ACTIVE,-2155415,-248962,618837,0,0,140000
366468,01a0b1c2-b010-7000-8000-000000000001,01a0c441-e5c9-76eb-a77b-de784cb71f6a,ACTIVE,-2473603,247841,1639772,0,0,140000
366470,01a0b1c2-b010-7000-8000-000000000001,01a0c441-d723-767b-90a3-bdbdd004e863,ACTIVE,0,-107017,4495904,0,233,140000
366470,01a0b1c2-b010-7000-8000-000000000001,01a0c441-dc05-7521-a2e5-cffdd63883ba,ACTIVE,2473614,247762,2024775,0,0,140000
366470,01a0b1c2-b010-7000-8000-000000000001,01a0c441-e0e7-71af-8b1d-ca2cf5125531,ACTIVE,-2155415,-248962,632837,0,0,140000
366470,01a0b1c2-b010-7000-8000-000000000001,01a0c441-e5c9-76eb-a77b-de784cb71f6a,ACTIVE,-2473603,247841,1653772,0,0,140000
366472,01a0b1c2-b010-7000-8000-000000000001,01a0c441-d723-767b-90a3-bdbdd004e863,ACTIVE,0,-106994,4509904,0,233,140000
366472,01a0b1c2-b010-7000-8000-000000000001,01a0c441-dc05-7521-a2e5-cffdd63883ba,ACTIVE,2473614,247762,2038775,0,0,140000
366472,01a0b1c2-b010-7000-8000-000000000001,01a0c441-e0e7-71af-8b1d-ca2cf5125531,ACTIVE,-2155415,-248962,646837,0,0,140000
366472,01a0b1c2-b010-7000-8000-000000000001,01a0c441-e5c9-76eb-a77b-de784cb71f6a,ACTIVE,-2473603,247841,1667772,0,0,140000
366474,01a0b1c2-b010-7000-8000-000000000001,01a0c441-d723-767b-90a3-bdbdd004e863,ACTIVE,0,-106970,4523904,0,233,140000
366474,01a0b1c2-b010-7000-8000-000000000001,01a0c441-dc05-7521-a2e5-cffdd63883ba,ACTIVE,2473614,247762,2052775,0,0,140000
366474,01a0b1c2-b010-7000-8000-000000000001,01a0c441-e0e7-71af-8b1d-ca2cf5125531,ACTIVE,-2155415,-248962,660837,0,0,140000
366474,01a0b1c2-b010-7000-8000-000000000001,01a0c441-e5c9-76eb-a77b-de784cb71f6a,ACTIVE,-2473603,247841,1681772,0,0,140000
366476,01a0b1c2-b010-7000-8000-000000000001,01a0c441-d723-767b-90a3-bdbdd004e863,ACTIVE,0,-106947,4537904,0,233,140000
366476,01a0b1c2-b010-7000-8000-000000000001,01a0c441-dc05-7521-a2e5-cffdd63883ba,ACTIVE,2473614,247762,2066775,0,0,140000
366476,01a0b1c2-b010-7000-8000-000000000001,01a0c441-e0e7-71af-8b1d-ca2cf5125531,ACTIVE,-2155415,-248962,674837,0,0,140000
366476,01a0b1c2-b010-7000-8000-000000000001,01a0c441-e5c9-76eb-a77b-de784cb71f6a,ACTIVE,-2473603,247841,1695772,0,0,140000
366478,01a0b1c2-b010-7000-8000-000000000001,01a0c441-d723-767b-90a3-bdbdd004e863,ACTIVE,0,-106924,4551904,0,233,140000
366478,01a0b1c2-b010-7000-8000-000000000001,01a0c441-dc05-7521-a2e5-cffdd63883ba,ACTIVE,2473614,247762,2080775,0,0,140000
366478,01a0b1c2-b010-7000-8000-000000000001,01a0c441-e0e7-71af-8b1d-ca2cf5125531,ACTIVE,-2155415,-248962,688837,0,0,140000
366478,01a0b1c2-b010-7000-8000-000000000001,01a0c441-e5c9-76eb-a77b-de784cb71f6a,ACTIVE,-2473603,247841,1709772,0,0,140000
366480,01a0b1c2-b010-7000-8000-000000000001,01a0c441-d723-767b-90a3-bdbdd004e863,ACTIVE,0,-106901,4565904,0,233,140000
366480,01a0b1c2-b010-7000-8000-000000000001,01a0c441-dc05-7521-a2e5-cffdd63883ba,ACTIVE,2473614,247762,2094775,0,0,140000
366480,01a0b1c2-b010-7000-8000-000000000001,01a0c441-e0e7-71af-8b1d-ca2cf5125531,ACTIVE,-2155415,-248962,702837,0,0,140000
366480,01a0b1c2-b010-7000-8000-000000000001,01a0c441-e5c9-76eb-a77b-de784cb71f6a,ACTIVE,-2473603,247841,1723772,0,0,140000
366482,01a0b1c2-b010-7000-8000-000000000001,01a0c441-d723-767b-90a3-bdbdd004e863,ACTIVE,0,-106877,4579904,0,233,140000
366482,01a0b1c2-b010-7000-8000-000000000001,01a0c441-dc05-7521-a2e5-cffdd63883ba,ACTIVE,2473614,247762,2108775,0,0,140000
366482,01a0b1c2-b010-7000-8000-000000000001,01a0c441-e0e7-71af-8b1d-ca2cf5125531,ACTIVE,-2155415,-248962,716837,0,0,140000
366482,01a0b1c2-b010-7000-8000-000000000001,01a0c441-e5c9-76eb-a77b-de784cb71f6a,ACTIVE,-2473603,247841,1737772,0,0,140000
366484,01a0b1c2-b010-7000-8000-000000000001,01a0c441-d723-767b-90a3-bdbdd004e863,ACTIVE,0,-106854,4593904,0,233,140000
366484,01a0b1c2-b010-7000-8000-000000000001,01a0c441-dc05-7521-a2e5-cffdd63883ba,ACTIVE,2473614,247762,2122775,0,0,140000
366484,01a0b1c2-b010-7000-8000-000000000001,01a0c441-e0e7-71af-8b1d-ca2cf5125531,ACTIVE,-2155415,-248962,730837,0,0,140000
366484,01a0b1c2-b010-7000-8000-000000000001,01a0c441-e5c9-76eb-a77b-de784cb71f6a,ACTIVE,-2473603,247841,1751772,0,0,140000
366486,01a0b1c2-b010-7000-8000-000000000001,01a0c441-d723-767b-90a3-bdbdd004e863,ACTIVE,0,-106831,4607904,0,233,140000
366486,01a0b1c2-b010-7000-8000-000000000001,01a0c441-dc05-7521-a2e5-cffdd63883ba,ACTIVE,2473614,247762,2136775,0,0,140000
366486,01a0b1c2-b010-7000-8000-000000000001,01a0c441-e0e7-71af-8b1d-ca2cf5125531,ACTIVE,-2155415,-248962,744837,0,0,140000
366486,01a0b1c2-b010-7000-8000-000000000001,01a0c441-e5c9-76eb-a77b-de784cb71f6a,ACTIVE,-2473603,247841,1765772,0,0,140000
366488,01a0b1c2-b010-7000-8000-000000000001,01a0c441-d723-767b-90a3-bdbdd004e863,ACTIVE,0,-106808,4621904,0,233,140000
366488,01a0b1c2-b010-7000-8000-000000000001,01a0c441-dc05-7521-a2e5-cffdd63883ba,ACTIVE,2473614,247762,2150775,0,0,140000
366488,01a0b1c2-b010-7000-8000-000000000001,01a0c441-e0e7-71af-8b1d-ca2cf5125531,ACTIVE,-2155415,-248962,758837,0,0,140000
366488,01a0b1c2-b010-7000-8000-000000000001,01a0c441-e5c9-76eb-a77b-de784cb71f6a,ACTIVE,-2473603,247841,1779772,0,0,140000
366490,01a0b1c2-b010-7000-8000-000000000001,01a0c441-d723-767b-90a3-bdbdd004e863,ACTIVE,0,-106784,4635904,0,233,140000
366490,01a0b1c2-b010-7000-8000-000000000001,01a0c441-dc05-7521-a2e5-cffdd63883ba,ACTIVE,2473614,247762,2164775,0,0,140000
366490,01a0b1c2-b010-7000-8000-000000000001,01a0c441-e0e7-71af-8b1d-ca2cf5125531,ACTIVE,-2155415,-248962,772837,0,0,140000
366490,01a0b1c2-b010-7000-8000-000000000001,01a0c441-e5c9-76eb-a77b-de784cb71f6a,ACTIVE,-2473603,247841,1793772,0,0,140000
366492,01a0b1c2-b010-7000-8000-000000000001,01a0c441-d723-767b-90a3-bdbdd004e863,ACTIVE,0,-106761,4649904,0,233,140000
366492,01a0b1c2-b010-7000-8000-000000000001,01a0c441-dc05-7521-a2e5-cffdd63883ba,ACTIVE,2473614,247762,2178775,0,0,140000
366492,01a0b1c2-b010-7000-8000-000000000001,01a0c441-e0e7-71af-8b1d-ca2cf5125531,ACTIVE,-2155415,-248962,786837,0,0,140000
366492,01a0b1c2-b010-7000-8000-000000000001,01a0c441-e5c9-76eb-a77b-de784cb71f6a,ACTIVE,-2473603,247841,1807772,0,0,140000
366494,01a0b1c2-b010-7000-8000-000000000001,01a0c441-d723-767b-90a3-bdbdd004e863,ACTIVE,0,-106738,4663904,0,233,140000
366494,01a0b1c2-b010-7000-8000-000000000001,01a0c441-dc05-7521-a2e5-cffdd63883ba,ACTIVE,2473614,247762,2192775,0,0,140000
366494,01a0b1c2-b010-7000-8000-000000000001,01a0c441-e0e7-71af-8b1d-ca2cf5125531,ACTIVE,-2155415,-248962,800837,0,0,140000
366494,01a0b1c2-b010-7000-8000-000000000001,01a0c441-e5c9-76eb-a77b-de784cb71f6a,ACTIVE,-2473603,247841,1821772,0,0,140000
366496,01a0b1c2-b010-7000-8000-000000000001,01a0c441-d723-767b-90a3-bdbdd004e863,ACTIVE,0,-106714,4677904,0,233,140000
366496,01a0b1c2-b010-7000-8000-000000000001,01a0c441-dc05-7521-a2e5-cffdd63883ba,ACTIVE,2473614,247762,2206775,0,0,140000
366496,01a0b1c2-b010-7000-8000-000000000001,01a0c441-e0e7-71af-8b1d-ca2cf5125531,ACTIVE,-2155415,-248962,814837,0,0,140000
366496,01a0b1c2-b010-7000-8000-000000000001,01a0c441-e5c9-76eb-a77b-de784cb71f6a,ACTIVE,-2473603,247841,1835772,0,0,140000
366498,01a0b1c2-b010-7000-8000-000000000001,01a0c441-d723-767b-90a3-bdbdd004e863,ACTIVE,0,-106691,4691904,0,233,140000
366498,01a0b1c2-b010-7000-8000-000000000001,01a0c441-dc05-7521-a2e5-cffdd63883ba,ACTIVE,2473614,247762,2220775,0,0,140000
366498,01a0b1c2-b010-7000-8000-000000000001,01a0c441-e0e7-71af-8b1d-ca2cf5125531,ACTIVE,-2155415,-248962,828837,0,0,140000
366498,01a0b1c2-b010-7000-8000-000000000001,01a0c441-e5c9-76eb-a77b-de784cb71f6a,ACTIVE,-2473603,247841,1849772,0,0,140000
366500,01a0b1c2-b010-7000-8000-000000000001,01a0c441-d723-767b-90a3-bdbdd004e863,ACTIVE,0,-106668,4705904,0,233,140000
366500,01a0b1c2-b010-7000-8000-000000000001,01a0c441-dc05-7521-a2e5-cffdd63883ba,ACTIVE,2473614,247762,2234775,0,0,140000
366500,01a0b1c2-b010-7000-8000-000000000001,01a0c441-e0e7-71af-8b1d-ca2cf5125531,ACTIVE,-2155415,-248962,842837,0,0,140000
366500,01a0b1c2-b010-7000-8000-000000000001,01a0c441-e5c9-76eb-a77b-de784cb71f6a,ACTIVE,-2473603,247841,1863772,0,0,140000
366502,01a0b1c2-b010-7000-8000-000000000001,01a0c441-d723-767b-90a3-bdbdd004e863,ACTIVE,0,-106645,4719904,0,233,140000
366502,01a0b1c2-b010-7000-8000-000000000001,01a0c441-dc05-7521-a2e5-cffdd63883ba,ACTIVE,2473614,247762,2248775,0,0,140000
366502,01a0b1c2-b010-7000-8000-000000000001,01a0c441-e0e7-71af-8b1d-ca2cf5125531,ACTIVE,-2155415,-248962,856837,0,0,140000
366502,01a0b1c2-b010-7000-8000-000000000001,01a0c441-e5c9-76eb-a77b-de784cb71f6a,ACTIVE,-2473603,247841,1877772,0,0,140000
366504,01a0b1c2-b010-7000-8000-000000000001,01a0c441-d723-767b-90a3-bdbdd004e863,ACTIVE,0,-106621,4733904,0,233,140000
366504,01a0b1c2-b010-7000-8000-000000000001,01a0c441-dc05-7521-a2e5-cffdd63883ba,ACTIVE,2473614,247762,2262775,0,0,140000
366504,01a0b1c2-b010-7000-8000-000000000001,01a0c441-e0e7-71af-8b1d-ca2cf5125531,ACTIVE,-2155415,-248962,870837,0,0,140000
366504,01a0b1c2-b010-7000-8000-000000000001,01a0c441-e5c9-76eb-a77b-de784cb71f6a,ACTIVE,-2473603,247841,1891772,0,0,140000
366506,01a0b1c2-b010-7000-8000-000000000001,01a0c441-d723-767b-90a3-bdbdd004e863,ACTIVE,0,-106598,4747904,0,233,140000
366506,01a0b1c2-b010-7000-8000-000000000001,01a0c441-dc05-7521-a2e5-cffdd63883ba,ACTIVE,2473614,247762,2276775,0,0,140000
366506,01a0b1c2-b010-7000-8000-000000000001,01a0c441-e0e7-71af-8b1d-ca2cf5125531,ACTIVE,-2155415,-248962,884837,0,0,140000
366506,01a0b1c2-b010-7000-8000-000000000001,01a0c441-e5c9-76eb-a77b-de784cb71f6a,ACTIVE,-2473603,247841,1905772,0,0,140000
366508,01a0b1c2-b010-7000-8000-000000000001,01a0c441-d723-767b-90a3-bdbdd004e863,ACTIVE,0,-106575,4761904,0,233,140000
366508,01a0b1c2-b010-7000-8000-000000000001,01a0c441-dc05-7521-a2e5-cffdd63883ba,ACTIVE,2473614,247762,2290775,0,0,140000
366508,01a0b1c2-b010-7000-8000-000000000001,01a0c441-e0e7-71af-8b1d-ca2cf5125531,ACTIVE,-2155415,-248962,898837,0,0,140000
366508,01a0b1c2-b010-7000-8000-000000000001,01a0c441-e5c9-76eb-a77b-de784cb71f6a,ACTIVE,-2473603,247841,1919772,0,0,140000
366510,01a0b1c2-b010-7000-8000-000000000001,01a0c441-d723-767b-90a3-bdbdd004e863,ACTIVE,0,-106552,4775904,0,233,140000
366510,01a0b1c2-b010-7000-8000-000000000001,01a0c441-dc05-7521-a2e5-cffdd63883ba,ACTIVE,2473614,247762,2304775,0,0,140000
366510,01a0b1c2-b010-7000-8000-000000000001,01a0c441-e0e7-71af-8b1d-ca2cf5125531,ACTIVE,-2155415,-248962,912837,0,0,140000
366510,01a0b1c2-b010-7000-8000-000000000001,01a0c441-e5c9-76eb-a77b-de784cb71f6a,ACTIVE,-2473603,247841,1933772,0,0,140000
366512,01a0b1c2-b010-7000-8000-000000000001,01a0c441-d723-767b-90a3-bdbdd004e863,ACTIVE,0,-106528,4789904,0,233,140000
366512,01a0b1c2-b010-7000-8000-000000000001,01a0c441-dc05-7521-a2e5-cffdd63883ba,ACTIVE,2473614,247762,2318775,0,0,140000
366512,01a0b1c2-b010-7000-8000-000000000001,01a0c441-e0e7-71af-8b1d-ca2cf5125531,ACTIVE,-2155415,-248962,926837,0,0,140000
366512,01a0b1c2-b010-7000-8000-000000000001,01a0c441-e5c9-76eb-a77b-de784cb71f6a,ACTIVE,-2473603,247841,1947772,0,0,140000
366514,01a0b1c2-b010-7000-8000-000000000001,01a0c441-d723-767b-90a3-bdbdd004e863,ACTIVE,0,-106505,4803904,0,233,140000
366514,01a0b1c2-b010-7000-8000-000000000001,01a0c441-dc05-7521-a2e5-cffdd63883ba,ACTIVE,2473614,247762,2332775,0,0,140000
366514,01a0b1c2-b010-7000-8000-000000000001,01a0c441-e0e7-71af-8b1d-ca2cf5125531,ACTIVE,-2155415,-248962,940837,0,0,140000
366514,01a0b1c2-b010-7000-8000-000000000001,01a0c441-e5c9-76eb-a77b-de784cb71f6a,ACTIVE,-2473603,247841,1961772,0,0,140000
366516,01a0b1c2-b010-7000-8000-000000000001,01a0c441-d723-767b-90a3-bdbdd004e863,ACTIVE,0,-106482,4817904,0,233,140000
366516,01a0b1c2-b010-7000-8000-000000000001,01a0c441-dc05-7521-a2e5-cffdd63883ba,ACTIVE,2473614,247762,2346775,0,0,140000
366516,01a0b1c2-b010-7000-8000-000000000001,01a0c441-e0e7-71af-8b1d-ca2cf5125531,ACTIVE,-2155415,-248962,954837,0,0,140000
366516,01a0b1c2-b010-7000-8000-000000000001,01a0c441-e5c9-76eb-a77b-de784cb71f6a,ACTIVE,-2473603,247841,1975772,0,0,140000
366518,01a0b1c2-b010-7000-8000-000000000001,01a0c441-d723-767b-90a3-bdbdd004e863,ACTIVE,0,-106458,4831904,0,233,140000
366518,01a0b1c2-b010-7000-8000-000000000001,01a0c441-dc05-7521-a2e5-cffdd63883ba,ACTIVE,2473614,247762,2360775,0,0,140000
366518,01a0b1c2-b010-7000-8000-000000000001,01a0c441-e0e7-71af-8b1d-ca2cf5125531,ACTIVE,-2155415,-248962,968837,0,0,140000
366518,01a0b1c2-b010-7000-8000-000000000001,01a0c441-e5c9-76eb-a77b-de784cb71f6a,ACTIVE,-2473603,247841,1989772,0,0,140000
366520,01a0b1c2-b010-7000-8000-000000000001,01a0c441-d723-767b-90a3-bdbdd004e863,ACTIVE,0,-106435,4845904,0,233,140000
366520,01a0b1c2-b010-7000-8000-000000000001,01a0c441-dc05-7521-a2e5-cffdd63883ba,ACTIVE,2473614,247762,2374775,0,0,140000
366520,01a0b1c2-b010-7000-8000-000000000001,01a0c441-e0e7-71af-8b1d-ca2cf5125531,ACTIVE,-2155415,-248962,982837,0,0,140000
366520,01a0b1c2-b010-7000-8000-000000000001,01a0c441-e5c9-76eb-a77b-de784cb71f6a,ACTIVE,-2473603,247841,2003772,0,0,140000
366522,01a0b1c2-b010-7000-8000-000000000001,01a0c441-d723-767b-90a3-bdbdd004e863,ACTIVE,0,-106412,4859904,0,233,140000
366522,01a0b1c2-b010-7000-8000-000000000001,01a0c441-dc05-7521-a2e5-cffdd63883ba,ACTIVE,2473614,247762,2388775,0,0,140000
366522,01a0b1c2-b010-7000-8000-000000000001,01a0c441-e0e7-71af-8b1d-ca2cf5125531,ACTIVE,-2155415,-248962,996837,0,0,140000
366522,01a0b1c2-b010-7000-8000-000000000001,01a0c441-e5c9-76eb-a77b-de784cb71f6a,ACTIVE,-2473603,247841,2017772,0,0,140000
366524,01a0b1c2-b010-7000-8000-000000000001,01a0c441-d723-767b-90a3-bdbdd004e863,ACTIVE,0,-106389,4873904,0,233,140000
366524,01a0b1c2-b010-7000-8000-000000000001,01a0c441-dc05-7521-a2e5-cffdd63883ba,ACTIVE,2473614,247762,2402775,0,0,140000
366524,01a0b1c2-b010-7000-8000-000000000001,01a0c441-e0e7-71af-8b1d-ca2cf5125531,ACTIVE,-2155415,-248962,1010837,0,0,140000
366524,01a0b1c2-b010-7000-8000-000000000001,01a0c441-e5c9-76eb-a77b-de784cb71f6a,ACTIVE,-2473603,247841,2031772,0,0,140000
366526,01a0b1c2-b010-7000-8000-000000000001,01a0c441-d723-767b-90a3-bdbdd004e863,ACTIVE,0,-106365,4887904,0,233,140000
366526,01a0b1c2-b010-7000-8000-000000000001,01a0c441-dc05-7521-a2e5-cffdd63883ba,ACTIVE,2473614,247762,2416775,0,0,140000
366526,01a0b1c2-b010-7000-8000-000000000001,01a0c441-e0e7-71af-8b1d-ca2cf5125531,ACTIVE,-2155415,-248962,1024837,0,0,140000
366526,01a0b1c2-b010-7000-8000-000000000001,01a0c441-e5c9-76eb-a77b-de784cb71f6a,ACTIVE,-2473603,247841,2045772,0,0,140000
366528,01a0b1c2-b010-7000-8000-000000000001,01a0c441-d723-767b-90a3-bdbdd004e863,ACTIVE,0,-106342,4901904,0,233,140000
366528,01a0b1c2-b010-7000-8000-000000000001,01a0c441-dc05-7521-a2e5-cffdd63883ba,ACTIVE,2473614,247762,2430775,0,0,140000
366528,01a0b1c2-b010-7000-8000-000000000001,01a0c441-e0e7-71af-8b1d-ca2cf5125531,ACTIVE,-2155415,-248962,1038837,0,0,140000
366528,01a0b1c2-b010-7000-8000-000000000001,01a0c441-e5c9-76eb-a77b-de784cb71f6a,ACTIVE,-2473603,247841,2059772,0,0,140000
366530,01a0b1c2-b010-7000-8000-000000000001,01a0c441-d723-767b-90a3-bdbdd004e863,ACTIVE,0,-106319,4915904,0,233,140000
366530,01a0b1c2-b010-7000-8000-000000000001,01a0c441-dc05-7521-a2e5-cffdd63883ba,ACTIVE,2473614,247762,2444775,0,0,140000
366530,01a0b1c2-b010-7000-8000-000000000001,01a0c441-e0e7-71af-8b1d-ca2cf5125531,ACTIVE,-2155415,-248962,1052837,0,0,140000
366530,01a0b1c2-b010-7000-8000-000000000001,01a0c441-e5c9-76eb-a77b-de784cb71f6a,ACTIVE,-2473603,247841,2073772,0,0,140000
366532,01a0b1c2-b010-7000-8000-000000000001,01a0c441-d723-767b-90a3-bdbdd004e863,ACTIVE,0,-106296,4929904,0,233,140000
366532,01a0b1c2-b010-7000-8000-000000000001,01a0c441-dc05-7521-a2e5-cffdd63883ba,ACTIVE,2473614,247762,2458775,0,0,140000
366532,01a0b1c2-b010-7000-8000-000000000001,01a0c441-e0e7-71af-8b1d-ca2cf5125531,ACTIVE,-2155415,-248962,1066837,0,0,140000
366532,01a0b1c2-b010-7000-8000-000000000001,01a0c441-e5c9-76eb-a77b-de784cb71f6a,ACTIVE,-2473603,247841,2087772,0,0,140000
366534,01a0b1c2-b010-7000-8000-000000000001,01a0c441-d723-767b-90a3-bdbdd004e863,ACTIVE,0,-106272,4943904,0,233,140000
366534,01a0b1c2-b010-7000-8000-000000000001,01a0c441-dc05-7521-a2e5-cffdd63883ba,ACTIVE,2473614,247762,2472775,0,0,140000
366534,01a0b1c2-b010-7000-8000-000000000001,01a0c441-e0e7-71af-8b1d-ca2cf5125531,ACTIVE,-2155415,-248962,1080837,0,0,140000
366534,01a0b1c2-b010-7000-8000-000000000001,01a0c441-e5c9-76eb-a77b-de784cb71f6a,ACTIVE,-2473603,247841,2101772,0,0,140000
366536,01a0b1c2-b010-7000-8000-000000000001,01a0c441-d723-767b-90a3-bdbdd004e863,ACTIVE,0,-106249,4957904,0,233,140000
366536,01a0b1c2-b010-7000-8000-000000000001,01a0c441-dc05-7521-a2e5-cffdd63883ba,ACTIVE,2473614,247762,2486775,0,0,140000
366536,01a0b1c2-b010-7000-8000-000000000001,01a0c441-e0e7-71af-8b1d-ca2cf5125531,ACTIVE,-2155415,-248962,1094837,0,0,140000
366536,01a0b1c2-b010-7000-8000-000000000001,01a0c441-e5c9-76eb-a77b-de784cb71f6a,ACTIVE,-2473603,247841,2115772,0,0,140000
366538,01a0b1c2-b010-7000-8000-000000000001,01a0c441-d723-767b-90a3-bdbdd004e863,ACTIVE,0,-106226,4971904,0,233,140000
366538,01a0b1c2-b010-7000-8000-000000000001,01a0c441-dc05-7521-a2e5-cffdd63883ba,ACTIVE,2473614,247762,2500775,0,0,140000
366538,01a0b1c2-b010-7000-8000-000000000001,01a0c441-e0e7-71af-8b1d-ca2cf5125531,ACTIVE,-2155415,-248962,1108837,0,0,140000
366538,01a0b1c2-b010-7000-8000-000000000001,01a0c441-e5c9-76eb-a77b-de784cb71f6a,ACTIVE,-2473603,247841,2129772,0,0,140000
366540,01a0b1c2-b010-7000-8000-000000000001,01a0c441-d723-767b-90a3-bdbdd004e863,ACTIVE,0,-106202,4985904,0,233,140000
366540,01a0b1c2-b010-7000-8000-000000000001,01a0c441-dc05-7521-a2e5-cffdd63883ba,ACTIVE,2473614,247762,2514775,0,0,140000
366540,01a0b1c2-b010-7000-8000-000000000001,01a0c441-e0e7-71af-8b1d-ca2cf5125531,ACTIVE,-2155415,-248962,1122837,0,0,140000
366540,01a0b1c2-b010-7000-8000-000000000001,01a0c441-e5c9-76eb-a77b-de784cb71f6a,ACTIVE,-2473603,247841,2143772,0,0,140000
366542,01a0b1c2-b010-7000-8000-000000000001,01a0c441-d723-767b-90a3-bdbdd004e863,ACTIVE,0,-106179,4999904,0,233,140000
366542,01a0b1c2-b010-7000-8000-000000000001,01a0c441-dc05-7521-a2e5-cffdd63883ba,ACTIVE,2473614,247762,2528775,0,0,140000
366542,01a0b1c2-b010-7000-8000-000000000001,01a0c441-e0e7-71af-8b1d-ca2cf5125531,ACTIVE,-2155415,-248962,1136837,0,0,140000
366542,01a0b1c2-b010-7000-8000-000000000001,01a0c441-e5c9-76eb-a77b-de784cb71f6a,ACTIVE,-2473603,247841,2157772,0,0,140000
366544,01a0b1c2-b010-7000-8000-000000000001,01a0c441-d723-767b-90a3-bdbdd004e863,ACTIVE,0,-106156,5013904,0,233,140000
366544,01a0b1c2-b010-7000-8000-000000000001,01a0c441-dc05-7521-a2e5-cffdd63883ba,ACTIVE,2473614,247762,2542775,0,0,140000
366544,01a0b1c2-b010-7000-8000-000000000001,01a0c441-e0e7-71af-8b1d-ca2cf5125531,ACTIVE,-2155415,-248962,1150837,0,0,140000
366544,01a0b1c2-b010-7000-8000-000000000001,01a0c441-e5c9-76eb-a77b-de784cb71f6a,ACTIVE,-2473603,247841,2171772,0,0,140000
366546,01a0b1c2-b010-7000-8000-000000000001,01a0c441-d723-767b-90a3-bdbdd004e863,ACTIVE,0,-106133,5027904,0,233,140000
366546,01a0b1c2-b010-7000-8000-000000000001,01a0c441-dc05-7521-a2e5-cffdd63883ba,ACTIVE,2473614,247762,2556775,0,0,140000
366546,01a0b1c2-b010-7000-8000-000000000001,01a0c441-e0e7-71af-8b1d-ca2cf5125531,ACTIVE,-2155415,-248962,1164837,0,0,140000
366546,01a0b1c2-b010-7000-8000-000000000001,01a0c441-e5c9-76eb-a77b-de784cb71f6a,ACTIVE,-2473603,247841,2185772,0,0,140000
366548,01a0b1c2-b010-7000-8000-000000000001,01a0c441-d723-767b-90a3-bdbdd004e863,ACTIVE,0,-106109,5041904,0,233,140000
366548,01a0b1c2-b010-7000-8000-000000000001,01a0c441-dc05-7521-a2e5-cffdd63883ba,ACTIVE,2473614,247762,2570775,0,0,140000
366548,01a0b1c2-b010-7000-8000-000000000001,01a0c441-e0e7-71af-8b1d-ca2cf5125531,ACTIVE,-2155415,-248962,1178837,0,0,140000
366548,01a0b1c2-b010-7000-8000-000000000001,01a0c441-e5c9-76eb-a77b-de784cb71f6a,ACTIVE,-2473603,247841,2199772,0,0,140000
366550,01a0b1c2-b010-7000-8000-000000000001,01a0c441-d723-767b-90a3-bdbdd004e863,ACTIVE,0,-106086,5055904,0,233,140000
366550,01a0b1c2-b010-7000-8000-000000000001,01a0c441-dc05-7521-a2e5-cffdd63883ba,ACTIVE,2473614,247762,2584775,0,0,140000
366550,01a0b1c2-b010-7000-8000-000000000001,01a0c441-e0e7-71af-8b1d-ca2cf5125531,ACTIVE,-2155415,-248962,1192837,0,0,140000
366550,01a0b1c2-b010-7000-8000-000000000001,01a0c441-e5c9-76eb-a77b-de784cb71f6a,ACTIVE,-2473603,247841,2213772,0,0,140000
366552,01a0b1c2-b010-7000-8000-000000000001,01a0c441-d723-767b-90a3-bdbdd004e863,ACTIVE,0,-106063,5069904,0,233,140000
366552,01a0b1c2-b010-7000-8000-000000000001,01a0c441-dc05-7521-a2e5-cffdd63883ba,ACTIVE,2473614,247762,2598775,0,0,140000
366552,01a0b1c2-b010-7000-8000-000000000001,01a0c441-e0e7-71af-8b1d-ca2cf5125531,ACTIVE,-2155415,-248962,1206837,0,0,140000
366552,01a0b1c2-b010-7000-8000-000000000001,01a0c441-e5c9-76eb-a77b-de784cb71f6a,ACTIVE,-2473603,247841,2227772,0,0,140000
366554,01a0b1c2-b010-7000-8000-000000000001,01a0c441-d723-767b-90a3-bdbdd004e863,ACTIVE,0,-106040,5083904,0,233,140000
366554,01a0b1c2-b010-7000-8000-000000000001,01a0c441-dc05-7521-a2e5-cffdd63883ba,ACTIVE,2473614,247762,2612775,0,0,140000
366554,01a0b1c2-b010-7000-8000-000000000001,01a0c441-e0e7-71af-8b1d-ca2cf5125531,ACTIVE,-2155415,-248962,1220837,0,0,140000
366554,01a0b1c2-b010-7000-8000-000000000001,01a0c441-e5c9-76eb-a77b-de784cb71f6a,ACTIVE,-2473603,247841,2241772,0,0,140000
366556,01a0b1c2-b010-7000-8000-000000000001,01a0c441-d723-767b-90a3-bdbdd004e863,ACTIVE,0,-106016,5097904,0,233,140000
366556,01a0b1c2-b010-7000-8000-000000000001,01a0c441-dc05-7521-a2e5-cffdd63883ba,ACTIVE,2473614,247762,2626775,0,0,140000
366556,01a0b1c2-b010-7000-8000-000000000001,01a0c441-e0e7-71af-8b1d-ca2cf5125531,ACTIVE,-2155415,-248962,1234837,0,0,140000
366556,01a0b1c2-b010-7000-8000-000000000001,01a0c441-e5c9-76eb-a77b-de784cb71f6a,ACTIVE,-2473603,247841,2255772,0,0,140000
366558,01a0b1c2-b010-7000-8000-000000000001,01a0c441-d723-767b-90a3-bdbdd004e863,ACTIVE,0,-105993,5111904,0,233,140000
366558,01a0b1c2-b010-7000-8000-000000000001,01a0c441-dc05-7521-a2e5-cffdd63883ba,ACTIVE,2473614,247762,2640775,0,0,140000
366558,01a0b1c2-b010-7000-8000-000000000001,01a0c441-e0e7-71af-8b1d-ca2cf5125531,ACTIVE,-2155415,-248962,1248837,0,0,140000
366558,01a0b1c2-b010-7000-8000-000000000001,01a0c441-e5c9-76eb-a77b-de784cb71f6a,ACTIVE,-2473603,247841,2269772,0,0,140000
366560,01a0b1c2-b010-7000-8000-000000000001,01a0c441-d723-767b-90a3-bdbdd004e863,ACTIVE,0,-105970,5125904,0,233,140000
366560,01a0b1c2-b010-7000-8000-000000000001,01a0c441-dc05-7521-a2e5-cffdd63883ba,ACTIVE,2473614,247762,2654775,0,0,140000
366560,01a0b1c2-b010-7000-8000-000000000001,01a0c441-e0e7-71af-8b1d-ca2cf5125531,ACTIVE,-2155415,-248962,1262837,0,0,140000
366560,01a0b1c2-b010-7000-8000-000000000001,01a0c441-e5c9-76eb-a77b-de784cb71f6a,ACTIVE,-2473603,247841,2283772,0,0,140000
366562,01a0b1c2-b010-7000-8000-000000000001,01a0c441-d723-767b-90a3-bdbdd004e863,ACTIVE,0,-105946,5139904,0,233,140000
366562,01a0b1c2-b010-7000-8000-000000000001,01a0c441-dc05-7521-a2e5-cffdd63883ba,ACTIVE,2473614,247762,2668775,0,0,140000
366562,01a0b1c2-b010-7000-8000-000000000001,01a0c441-e0e7-71af-8b1d-ca2cf5125531,ACTIVE,-2155415,-248962,1276837,0,0,140000
366562,01a0b1c2-b010-7000-8000-000000000001,01a0c441-e5c9-76eb-a77b-de784cb71f6a,ACTIVE,-2473603,247841,2297772,0,0,140000
366564,01a0b1c2-b010-7000-8000-000000000001,01a0c441-d723-767b-90a3-bdbdd004e863,ACTIVE,0,-105923,5153904,0,233,140000
366564,01a0b1c2-b010-7000-8000-000000000001,01a0c441-dc05-7521-a2e5-cffdd63883ba,ACTIVE,2473614,247762,2682775,0,0,140000
366564,01a0b1c2-b010-7000-8000-000000000001,01a0c441-e0e7-71af-8b1d-ca2cf5125531,ACTIVE,-2155415,-248962,1290837,0,0,140000
366564,01a0b1c2-b010-7000-8000-000000000001,01a0c441-e5c9-76eb-a77b-de784cb71f6a,ACTIVE,-2473603,247841,2311772,0,0,140000
366566,01a0b1c2-b010-7000-8000-000000000001,01a0c441-d723-767b-90a3-bdbdd004e863,ACTIVE,0,-105900,5167904,0,233,140000
366566,01a0b1c2-b010-7000-8000-000000000001,01a0c441-dc05-7521-a2e5-cffdd63883ba,ACTIVE,2473614,247762,2696775,0,0,140000
366566,01a0b1c2-b010-7000-8000-000000000001,01a0c441-e0e7-71af-8b1d-ca2cf5125531,ACTIVE,-2155415,-248962,1304837,0,0,140000
366566,01a0b1c2-b010-7000-8000-000000000001,01a0c441-e5c9-76eb-a77b-de784cb71f6a,ACTIVE,-2473603,247841,2325772,0,0,140000
366568,01a0b1c2-b010-7000-8000-000000000001,01a0c441-d723-767b-90a3-bdbdd004e863,ACTIVE,0,-105877,5181904,0,233,140000
366568,01a0b1c2-b010-7000-8000-000000000001,01a0c441-dc05-7521-a2e5-cffdd63883ba,ACTIVE,2473614,247762,2710775,0,0,140000
366568,01a0b1c2-b010-7000-8000-000000000001,01a0c441-e0e7-71af-8b1d-ca2cf5125531,ACTIVE,-2155415,-248962,1318837,0,0,140000
366568,01a0b1c2-b010-7000-8000-000000000001,01a0c441-e5c9-76eb-a77b-de784cb71f6a,ACTIVE,-2473603,247841,2339772,0,0,140000
366570,01a0b1c2-b010-7000-8000-000000000001,01a0c441-d723-767b-90a3-bdbdd004e863,ACTIVE,0,-105853,5195904,0,233,140000
366570,01a0b1c2-b010-7000-8000-000000000001,01a0c441-dc05-7521-a2e5-cffdd63883ba,ACTIVE,2473614,247762,2724775,0,0,140000
366570,01a0b1c2-b010-7000-8000-000000000001,01a0c441-e0e7-71af-8b1d-ca2cf5125531,ACTIVE,-2155415,-248962,1332837,0,0,140000
366570,01a0b1c2-b010-7000-8000-000000000001,01a0c441-e5c9-76eb-a77b-de784cb71f6a,ACTIVE,-2473603,247841,2353772,0,0,140000
366572,01a0b1c2-b010-7000-8000-000000000001,01a0c441-d723-767b-90a3-bdbdd004e863,ACTIVE,0,-105830,5209904,0,233,140000
366572,01a0b1c2-b010-7000-8000-000000000001,01a0c441-dc05-7521-a2e5-cffdd63883ba,ACTIVE,2473614,247762,2738775,0,0,140000
366572,01a0b1c2-b010-7000-8000-000000000001,01a0c441-e0e7-71af-8b1d-ca2cf5125531,ACTIVE,-2155415,-248962,1346837,0,0,140000
366572,01a0b1c2-b010-7000-8000-000000000001,01a0c441-e5c9-76eb-a77b-de784cb71f6a,ACTIVE,-2473603,247841,2367772,0,0,140000
366574,01a0b1c2-b010-7000-8000-000000000001,01a0c441-d723-767b-90a3-bdbdd004e863,ACTIVE,0,-105807,5223903,0,233,140000
366574,01a0b1c2-b010-7000-8000-000000000001,01a0c441-dc05-7521-a2e5-cffdd63883ba,ACTIVE,2473614,247762,2752775,0,0,140000
366574,01a0b1c2-b010-7000-8000-000000000001,01a0c441-e0e7-71af-8b1d-ca2cf5125531,ACTIVE,-2155415,-248962,1360837,0,0,140000
366574,01a0b1c2-b010-7000-8000-000000000001,01a0c441-e5c9-76eb-a77b-de784cb71f6a,ACTIVE,-2473603,247841,2381772,0,0,140000
366576,01a0b1c2-b010-7000-8000-000000000001,01a0c441-d723-767b-90a3-bdbdd004e863,ACTIVE,0,-105784,5237903,0,233,140000
366576,01a0b1c2-b010-7000-8000-000000000001,01a0c441-dc05-7521-a2e5-cffdd63883ba,ACTIVE,2473614,247762,2766775,0,0,140000
366576,01a0b1c2-b010-7000-8000-000000000001,01a0c441-e0e7-71af-8b1d-ca2cf5125531,ACTIVE,-2155415,-248962,1374837,0,0,140000
366576,01a0b1c2-b010-7000-8000-000000000001,01a0c441-e5c9-76eb-a77b-de784cb71f6a,ACTIVE,-2473603,247841,2395772,0,0,140000
366578,01a0b1c2-b010-7000-8000-000000000001,01a0c441-d723-767b-90a3-bdbdd004e863,ACTIVE,0,-105760,5251903,0,233,140000
366578,01a0b1c2-b010-7000-8000-000000000001,01a0c441-dc05-7521-a2e5-cffdd63883ba,ACTIVE,2473614,247762,2780775,0,0,140000
366578,01a0b1c2-b010-7000-8000-000000000001,01a0c441-e0e7-71af-8b1d-ca2cf5125531,ACTIVE,-2155415,-248962,1388837,0,0,140000
366578,01a0b1c2-b010-7000-8000-000000000001,01a0c441-e5c9-76eb-a77b-de784cb71f6a,ACTIVE,-2473603,247841,2409772,0,0,140000
366580,01a0b1c2-b010-7000-8000-000000000001,01a0c441-d723-767b-90a3-bdbdd004e863,ACTIVE,0,-105737,5265903,0,233,140000
366580,01a0b1c2-b010-7000-8000-000000000001,01a0c441-dc05-7521-a2e5-cffdd63883ba,ACTIVE,2473614,247762,2794775,0,0,140000
366580,01a0b1c2-b010-7000-8000-000000000001,01a0c441-e0e7-71af-8b1d-ca2cf5125531,ACTIVE,-2155415,-248962,1402837,0,0,140000
366580,01a0b1c2-b010-7000-8000-000000000001,01a0c441-e5c9-76eb-a77b-de784cb71f6a,ACTIVE,-2473603,247841,2423772,0,0,140000
366582,01a0b1c2-b010-7000-8000-000000000001,01a0c441-d723-767b-90a3-bdbdd004e863,ACTIVE,0,-105714,5279903,0,233,140000
366582,01a0b1c2-b010-7000-8000-000000000001,01a0c441-dc05-7521-a2e5-cffdd63883ba,ACTIVE,2473614,247762,2808775,0,0,140000
366582,01a0b1c2-b010-7000-8000-000000000001,01a0c441-e0e7-71af-8b1d-ca2cf5125531,ACTIVE,-2155415,-248962,1416837,0,0,140000
366582,01a0b1c2-b010-7000-8000-000000000001,01a0c441-e5c9-76eb-a77b-de784cb71f6a,ACTIVE,-2473603,247841,2437772,0,0,140000
366584,01a0b1c2-b010-7000-8000-000000000001,01a0c441-d723-767b-90a3-bdbdd004e863,ACTIVE,0,-105690,5293903,0,233,140000
366584,01a0b1c2-b010-7000-8000-000000000001,01a0c441-dc05-7521-a2e5-cffdd63883ba,ACTIVE,2473614,247762,2822775,0,0,140000
366584,01a0b1c2-b010-7000-8000-000000000001,01a0c441-e0e7-71af-8b1d-ca2cf5125531,ACTIVE,-2155415,-248962,1430837,0,0,140000
366584,01a0b1c2-b010-7000-8000-000000000001,01a0c441-e5c9-76eb-a77b-de784cb71f6a,ACTIVE,-2473603,247841,2451772,0,0,140000
366586,01a0b1c2-b010-7000-8000-000000000001,01a0c441-d723-767b-90a3-bdbdd004e863,ACTIVE,0,-105667,5307903,0,233,140000
366586,01a0b1c2-b010-7000-8000-000000000001,01a0c441-dc05-7521-a2e5-cffdd63883ba,ACTIVE,2473614,247762,2836775,0,0,140000
366586,01a0b1c2-b010-7000-8000-000000000001,01a0c441-e0e7-71af-8b1d-ca2cf5125531,ACTIVE,-2155415,-248962,1444837,0,0,140000
366586,01a0b1c2-b010-7000-8000-000000000001,01a0c441-e5c9-76eb-a77b-de784cb71f6a,ACTIVE,-2473603,247841,2465772,0,0,140000
366588,01a0b1c2-b010-7000-8000-000000000001,01a0c441-d723-767b-90a3-bdbdd004e863,ACTIVE,0,-105644,5321903,0,233,140000
366588,01a0b1c2-b010-7000-8000-000000000001,01a0c441-dc05-7521-a2e5-cffdd63883ba,ACTIVE,2473614,247762,2850775,0,0,140000
366588,01a0b1c2-b010-7000-8000-000000000001,01a0c441-e0e7-71af-8b1d-ca2cf5125531,ACTIVE,-2155415,-248962,1458837,0,0,140000
366588,01a0b1c2-b010-7000-8000-000000000001,01a0c441-e5c9-76eb-a77b-de784cb71f6a,ACTIVE,-2473603,247841,2479772,0,0,140000
366590,01a0b1c2-b010-7000-8000-000000000001,01a0c441-d723-767b-90a3-bdbdd004e863,ACTIVE,0,-105621,5335903,0,233,140000
366590,01a0b1c2-b010-7000-8000-000000000001,01a0c441-dc05-7521-a2e5-cffdd63883ba,ACTIVE,2473614,247762,2864775,0,0,140000
366590,01a0b1c2-b010-7000-8000-000000000001,01a0c441-e0e7-71af-8b1d-ca2cf5125531,ACTIVE,-2155415,-248962,1472837,0,0,140000
366590,01a0b1c2-b010-7000-8000-000000000001,01a0c441-e5c9-76eb-a77b-de784cb71f6a,ACTIVE,-2473603,247841,2493772,0,0,140000
366592,01a0b1c2-b010-7000-8000-000000000001,01a0c441-d723-767b-90a3-bdbdd004e863,ACTIVE,0,-105597,5349903,0,233,140000
366592,01a0b1c2-b010-7000-8000-000000000001,01a0c441-dc05-7521-a2e5-cffdd63883ba,ACTIVE,2473614,247762,2878775,0,0,140000
366592,01a0b1c2-b010-7000-8000-000000000001,01a0c441-e0e7-71af-8b1d-ca2cf5125531,ACTIVE,-2155415,-248962,1486837,0,0,140000
366592,01a0b1c2-b010-7000-8000-000000000001,01a0c441-e5c9-76eb-a77b-de784cb71f6a,ACTIVE,-2473603,247841,2507772,0,0,140000
366594,01a0b1c2-b010-7000-8000-000000000001,01a0c441-d723-767b-90a3-bdbdd004e863,ACTIVE,0,-105574,5363903,0,233,140000
366594,01a0b1c2-b010-7000-8000-000000000001,01a0c441-dc05-7521-a2e5-cffdd63883ba,ACTIVE,2473614,247762,2892775,0,0,140000
366594,01a0b1c2-b010-7000-8000-000000000001,01a0c441-e0e7-71af-8b1d-ca2cf5125531,ACTIVE,-2155415,-248962,1500837,0,0,140000
366594,01a0b1c2-b010-7000-8000-000000000001,01a0c441-e5c9-76eb-a77b-de784cb71f6a,ACTIVE,-2473603,247841,2521772,0,0,140000
366596,01a0b1c2-b010-7000-8000-000000000001,01a0c441-d723-767b-90a3-bdbdd004e863,ACTIVE,0,-105551,5377903,0,233,140000
366596,01a0b1c2-b010-7000-8000-000000000001,01a0c441-dc05-7521-a2e5-cffdd63883ba,ACTIVE,2473614,247762,2906775,0,0,140000
366596,01a0b1c2-b010-7000-8000-000000000001,01a0c441-e0e7-71af-8b1d-ca2cf5125531,ACTIVE,-2155415,-248962,1514837,0,0,140000
366596,01a0b1c2-b010-7000-8000-000000000001,01a0c441-e5c9-76eb-a77b-de784cb71f6a,ACTIVE,-2473603,247841,2535772,0,0,140000
366598,01a0b1c2-b010-7000-8000-000000000001,01a0c441-d723-767b-90a3-bdbdd004e863,ACTIVE,0,-105528,5391903,0,233,140000
366598,01a0b1c2-b010-7000-8000-000000000001,01a0c441-dc05-7521-a2e5-cffdd63883ba,ACTIVE,2473614,247762,2920775,0,0,140000
366598,01a0b1c2-b010-7000-8000-000000000001,01a0c441-e0e7-71af-8b1d-ca2cf5125531,ACTIVE,-2155415,-248962,1528837,0,0,140000
366598,01a0b1c2-b010-7000-8000-000000000001,01a0c441-e5c9-76eb-a77b-de784cb71f6a,ACTIVE,-2473603,247841,2549772,0,0,140000
366600,01a0b1c2-b010-7000-8000-000000000001,01a0c441-d723-767b-90a3-bdbdd004e863,ACTIVE,0,-105504,5405903,0,233,140000
366600,01a0b1c2-b010-7000-8000-000000000001,01a0c441-dc05-7521-a2e5-cffdd63883ba,ACTIVE,2473614,247762,2934775,0,0,140000
366600,01a0b1c2-b010-7000-8000-000000000001,01a0c441-e0e7-71af-8b1d-ca2cf5125531,ACTIVE,-2155415,-248962,1542837,0,0,140000
366600,01a0b1c2-b010-7000-8000-000000000001,01a0c441-e5c9-76eb-a77b-de784cb71f6a,ACTIVE,-2473603,247841,2563772,0,0,140000
366602,01a0b1c2-b010-7000-8000-000000000001,01a0c441-d723-767b-90a3-bdbdd004e863,ACTIVE,0,-105481,5419903,0,233,140000
366602,01a0b1c2-b010-7000-8000-000000000001,01a0c441-dc05-7521-a2e5-cffdd63883ba,ACTIVE,2473614,247762,2948775,0,0,140000
366602,01a0b1c2-b010-7000-8000-000000000001,01a0c441-e0e7-71af-8b1d-ca2cf5125531,ACTIVE,-2155415,-248962,1556837,0,0,140000
366602,01a0b1c2-b010-7000-8000-000000000001,01a0c441-e5c9-76eb-a77b-de784cb71f6a,ACTIVE,-2473603,247841,2577772,0,0,140000
366604,01a0b1c2-b010-7000-8000-000000000001,01a0c441-d723-767b-90a3-bdbdd004e863,ACTIVE,0,-105458,5433903,0,233,140000
366604,01a0b1c2-b010-7000-8000-000000000001,01a0c441-dc05-7521-a2e5-cffdd63883ba,ACTIVE,2473614,247762,2962775,0,0,140000
366604,01a0b1c2-b010-7000-8000-000000000001,01a0c441-e0e7-71af-8b1d-ca2cf5125531,ACTIVE,-2155415,-248962,1570837,0,0,140000
366604,01a0b1c2-b010-7000-8000-000000000001,01a0c441-e5c9-76eb-a77b-de784cb71f6a,ACTIVE,-2473603,247841,2591772,0,0,140000
366606,01a0b1c2-b010-7000-8000-000000000001,01a0c441-d723-767b-90a3-bdbdd004e863,ACTIVE,0,-105434,5447903,0,233,140000
366606,01a0b1c2-b010-7000-8000-000000000001,01a0c441-dc05-7521-a2e5-cffdd63883ba,ACTIVE,2473614,247762,2976775,0,0,140000
366606,01a0b1c2-b010-7000-8000-000000000001,01a0c441-e0e7-71af-8b1d-ca2cf5125531,ACTIVE,-2155415,-248962,1584837,0,0,140000
366606,01a0b1c2-b010-7000-8000-000000000001,01a0c441-e5c9-76eb-a77b-de784cb71f6a,ACTIVE,-2473603,247841,2605772,0,0,140000
366608,01a0b1c2-b010-7000-8000-000000000001,01a0c441-d723-767b-90a3-bdbdd004e863,ACTIVE,0,-105411,5461903,0,233,140000
366608,01a0b1c2-b010-7000-8000-000000000001,01a0c441-dc05-7521-a2e5-cffdd63883ba,ACTIVE,2473614,247762,2990775,0,0,140000
366608,01a0b1c2-b010-7000-8000-000000000001,01a0c441-e0e7-71af-8b1d-ca2cf5125531,ACTIVE,-2155415,-248962,1598837,0,0,140000
366608,01a0b1c2-b010-7000-8000-000000000001,01a0c441-e5c9-76eb-a77b-de784cb71f6a,ACTIVE,-2473603,247841,2619772,0,0,140000
366610,01a0b1c2-b010-7000-8000-000000000001,01a0c441-d723-767b-90a3-bdbdd004e863,ACTIVE,0,-105388,5475903,0,233,140000
366610,01a0b1c2-b010-7000-8000-000000000001,01a0c441-dc05-7521-a2e5-cffdd63883ba,ACTIVE,2473614,247762,3004775,0,0,140000
366610,01a0b1c2-b010-7000-8000-000000000001,01a0c441-e0e7-71af-8b1d-ca2cf5125531,ACTIVE,-2155415,-248962,1612837,0,0,140000
366610,01a0b1c2-b010-7000-8000-000000000001,01a0c441-e5c9-76eb-a77b-de784cb71f6a,ACTIVE,-2473603,247841,2633772,0,0,140000
366612,01a0b1c2-b010-7000-8000-000000000001,01a0c441-d723-767b-90a3-bdbdd004e863,ACTIVE,0,-105365,5489903,0,233,140000
366612,01a0b1c2-b010-7000-8000-000000000001,01a0c441-dc05-7521-a2e5-cffdd63883ba,ACTIVE,2473614,247762,3018775,0,0,140000
366612,01a0b1c2-b010-7000-8000-000000000001,01a0c441-e0e7-71af-8b1d-ca2cf5125531,ACTIVE,-2155415,-248962,1626837,0,0,140000
366612,01a0b1c2-b010-7000-8000-000000000001,01a0c441-e5c9-76eb-a77b-de784cb71f6a,ACTIVE,-2473603,247841,2647772,0,0,140000
366614,01a0b1c2-b010-7000-8000-000000000001,01a0c441-d723-767b-90a3-bdbdd004e863,ACTIVE,0,-105341,5503903,0,233,140000
366614,01a0b1c2-b010-7000-8000-000000000001,01a0c441-dc05-7521-a2e5-cffdd63883ba,ACTIVE,2473614,247762,3032775,0,0,140000
366614,01a0b1c2-b010-7000-8000-000000000001,01a0c441-e0e7-71af-8b1d-ca2cf5125531,ACTIVE,-2155415,-248962,1640837,0,0,140000
366614,01a0b1c2-b010-7000-8000-000000000001,01a0c441-e5c9-76eb-a77b-de784cb71f6a,ACTIVE,-2473603,247841,2661772,0,0,140000
366616,01a0b1c2-b010-7000-8000-000000000001,01a0c441-d723-767b-90a3-bdbdd004e863,ACTIVE,0,-105318,5517903,0,233,140000
366616,01a0b1c2-b010-7000-8000-000000000001,01a0c441-dc05-7521-a2e5-cffdd63883ba,ACTIVE,2473614,247762,3046775,0,0,140000
366616,01a0b1c2-b010-7000-8000-000000000001,01a0c441-e0e7-71af-8b1d-ca2cf5125531,ACTIVE,-2155415,-248962,1654837,0,0,140000
366616,01a0b1c2-b010-7000-8000-000000000001,01a0c441-e5c9-76eb-a77b-de784cb71f6a,ACTIVE,-2473603,247841,2675772,0,0,140000
366618,01a0b1c2-b010-7000-8000-000000000001,01a0c441-d723-767b-90a3-bdbdd004e863,ACTIVE,0,-105295,5531903,0,233,140000
366618,01a0b1c2-b010-7000-8000-000000000001,01a0c441-dc05-7521-a2e5-cffdd63883ba,ACTIVE,2473614,247762,3060775,0,0,140000
366618,01a0b1c2-b010-7000-8000-000000000001,01a0c441-e0e7-71af-8b1d-ca2cf5125531,ACTIVE,-2155415,-248962,1668837,0,0,140000
366618,01a0b1c2-b010-7000-8000-000000000001,01a0c441-e5c9-76eb-a77b-de784cb71f6a,ACTIVE,-2473603,247841,2689772,0,0,140000
366620,01a0b1c2-b010-7000-8000-000000000001,01a0c441-d723-767b-90a3-bdbdd004e863,ACTIVE,0,-105272,5545903,0,233,140000
366620,01a0b1c2-b010-7000-8000-000000000001,01a0c441-dc05-7521-a2e5-cffdd63883ba,ACTIVE,2473614,247762,3074775,0,0,140000
366620,01a0b1c2-b010-7000-8000-000000000001,01a0c441-e0e7-71af-8b1d-ca2cf5125531,ACTIVE,-2155415,-248962,1682837,0,0,140000
366620,01a0b1c2-b010-7000-8000-000000000001,01a0c441-e5c9-76eb-a77b-de784cb71f6a,ACTIVE,-2473603,247841,2703772,0,0,140000
366622,01a0b1c2-b010-7000-8000-000000000001,01a0c441-d723-767b-90a3-bdbdd004e863,ACTIVE,0,-105248,5559851,0,232,139300
366622,01a0b1c2-b010-7000-8000-000000000001,01a0c441-dc05-7521-a2e5-cffdd63883ba,ACTIVE,2473614,247762,3088775,0,0,140000
366622,01a0b1c2-b010-7000-8000-000000000001,01a0c441-e0e7-71af-8b1d-ca2cf5125531,ACTIVE,-2155415,-248962,1696837,0,0,140000
366622,01a0b1c2-b010-7000-8000-000000000001,01a0c441-e5c9-76eb-a77b-de784cb71f6a,ACTIVE,-2473603,247841,2717772,0,0,140000
366624,01a0b1c2-b010-7000-8000-000000000001,01a0c441-d723-767b-90a3-bdbdd004e863,ACTIVE,0,-105225,5573728,0,230,138600
366624,01a0b1c2-b010-7000-8000-000000000001,01a0c441-dc05-7521-a2e5-cffdd63883ba,ACTIVE,2473614,247762,3102775,0,0,140000
366624,01a0b1c2-b010-7000-8000-000000000001,01a0c441-e0e7-71af-8b1d-ca2cf5125531,ACTIVE,-2155415,-248962,1710837,0,0,140000
366624,01a0b1c2-b010-7000-8000-000000000001,01a0c441-e5c9-76eb-a77b-de784cb71f6a,ACTIVE,-2473603,247841,2731772,0,0,140000
366626,01a0b1c2-b010-7000-8000-000000000001,01a0c441-d723-767b-90a3-bdbdd004e863,ACTIVE,0,-105202,5587535,0,229,137900
366626,01a0b1c2-b010-7000-8000-000000000001,01a0c441-dc05-7521-a2e5-cffdd63883ba,ACTIVE,2473614,247762,3116775,0,0,140000
366626,01a0b1c2-b010-7000-8000-000000000001,01a0c441-e0e7-71af-8b1d-ca2cf5125531,ACTIVE,-2155415,-248962,1724837,0,0,140000
366626,01a0b1c2-b010-7000-8000-000000000001,01a0c441-e5c9-76eb-a77b-de784cb71f6a,ACTIVE,-2473603,247841,2745772,0,0,140000
366628,01a0b1c2-b010-7000-8000-000000000001,01a0c441-d723-767b-90a3-bdbdd004e863,ACTIVE,0,-105179,5601273,0,228,137200
366628,01a0b1c2-b010-7000-8000-000000000001,01a0c441-dc05-7521-a2e5-cffdd63883ba,ACTIVE,2473614,247762,3130775,0,0,140000
366628,01a0b1c2-b010-7000-8000-000000000001,01a0c441-e0e7-71af-8b1d-ca2cf5125531,ACTIVE,-2155415,-248962,1738837,0,0,140000
366628,01a0b1c2-b010-7000-8000-000000000001,01a0c441-e5c9-76eb-a77b-de784cb71f6a,ACTIVE,-2473603,247841,2759772,0,0,140000
366630,01a0b1c2-b010-7000-8000-000000000001,01a0c441-d723-767b-90a3-bdbdd004e863,ACTIVE,0,-105157,5614940,0,227,136500
366630,01a0b1c2-b010-7000-8000-000000000001,01a0c441-dc05-7521-a2e5-cffdd63883ba,ACTIVE,2473614,247762,3144775,0,0,140000
366630,01a0b1c2-b010-7000-8000-000000000001,01a0c441-e0e7-71af-8b1d-ca2cf5125531,ACTIVE,-2155415,-248962,1752837,0,0,140000
366630,01a0b1c2-b010-7000-8000-000000000001,01a0c441-e5c9-76eb-a77b-de784cb71f6a,ACTIVE,-2473603,247841,2773772,0,0,140000
366632,01a0b1c2-b010-7000-8000-000000000001,01a0c441-d723-767b-90a3-bdbdd004e863,ACTIVE,0,-105134,5628538,0,226,135800
366632,01a0b1c2-b010-7000-8000-000000000001,01a0c441-dc05-7521-a2e5-cffdd63883ba,ACTIVE,2473614,247762,3158775,0,0,140000
366632,01a0b1c2-b010-7000-8000-000000000001,01a0c441-e0e7-71af-8b1d-ca2cf5125531,ACTIVE,-2155415,-248962,1766837,0,0,140000
366632,01a0b1c2-b010-7000-8000-000000000001,01a0c441-e5c9-76eb-a77b-de784cb71f6a,ACTIVE,-2473603,247841,2787772,0,0,140000
366634,01a0b1c2-b010-7000-8000-000000000001,01a0c441-d723-767b-90a3-bdbdd004e863,ACTIVE,0,-105112,5642065,0,225,135100
366634,01a0b1c2-b010-7000-8000-000000000001,01a0c441-dc05-7521-a2e5-cffdd63883ba,ACTIVE,2473614,247762,3172775,0,0,140000
366634,01a0b1c2-b010-7000-8000-000000000001,01a0c441-e0e7-71af-8b1d-ca2cf5125531,ACTIVE,-2155415,-248962,1780837,0,0,140000
366634,01a0b1c2-b010-7000-8000-000000000001,01a0c441-e5c9-76eb-a77b-de784cb71f6a,ACTIVE,-2473603,247841,2801772,0,0,140000
366636,01a0b1c2-b010-7000-8000-000000000001,01a0c441-d723-767b-90a3-bdbdd004e863,ACTIVE,0,-105089,5655523,0,223,134400
366636,01a0b1c2-b010-7000-8000-000000000001,01a0c441-dc05-7521-a2e5-cffdd63883ba,ACTIVE,2473614,247762,3186775,0,0,140000
366636,01a0b1c2-b010-7000-8000-000000000001,01a0c441-e0e7-71af-8b1d-ca2cf5125531,ACTIVE,-2155415,-248962,1794837,0,0,140000
366636,01a0b1c2-b010-7000-8000-000000000001,01a0c441-e5c9-76eb-a77b-de784cb71f6a,ACTIVE,-2473603,247841,2815772,0,0,140000
366638,01a0b1c2-b010-7000-8000-000000000001,01a0c441-d723-767b-90a3-bdbdd004e863,ACTIVE,0,-105067,5668910,0,222,133700
366638,01a0b1c2-b010-7000-8000-000000000001,01a0c441-dc05-7521-a2e5-cffdd63883ba,ACTIVE,2473614,247762,3200775,0,0,140000
366638,01a0b1c2-b010-7000-8000-000000000001,01a0c441-e0e7-71af-8b1d-ca2cf5125531,ACTIVE,-2155415,-248962,1808837,0,0,140000
366638,01a0b1c2-b010-7000-8000-000000000001,01a0c441-e5c9-76eb-a77b-de784cb71f6a,ACTIVE,-2473603,247841,2829772,0,0,140000
366640,01a0b1c2-b010-7000-8000-000000000001,01a0c441-d723-767b-90a3-bdbdd004e863,ACTIVE,0,-105045,5682228,0,221,133000
366640,01a0b1c2-b010-7000-8000-000000000001,01a0c441-dc05-7521-a2e5-cffdd63883ba,ACTIVE,2473614,247762,3214775,0,0,140000
366640,01a0b1c2-b010-7000-8000-000000000001,01a0c441-e0e7-71af-8b1d-ca2cf5125531,ACTIVE,-2155415,-248962,1822837,0,0,140000
366640,01a0b1c2-b010-7000-8000-000000000001,01a0c441-e5c9-76eb-a77b-de784cb71f6a,ACTIVE,-2473603,247841,2843772,0,0,140000
366642,01a0b1c2-b010-7000-8000-000000000001,01a0c441-d723-767b-90a3-bdbdd004e863,ACTIVE,0,-105023,5695475,0,220,132300
366642,01a0b1c2-b010-7000-8000-000000000001,01a0c441-dc05-7521-a2e5-cffdd63883ba,ACTIVE,2473614,247762,3228775,0,0,140000
366642,01a0b1c2-b010-7000-8000-000000000001,01a0c441-e0e7-71af-8b1d-ca2cf5125531,ACTIVE,-2155415,-248962,1836837,0,0,140000
366642,01a0b1c2-b010-7000-8000-000000000001,01a0c441-e5c9-76eb-a77b-de784cb71f6a,ACTIVE,-2473603,247841,2857772,0,0,140000
366644,01a0b1c2-b010-7000-8000-000000000001,01a0c441-d723-767b-90a3-bdbdd004e863,LINGERING,0,-105001,5708653,0,219,131600
366644,01a0b1c2-b010-7000-8000-000000000001,01a0c441-dc05-7521-a2e5-cffdd63883ba,ACTIVE,2473614,247762,3242775,0,0,140000
366644,01a0b1c2-b010-7000-8000-000000000001,01a0c441-e0e7-71af-8b1d-ca2cf5125531,ACTIVE,-2155415,-248962,1850837,0,0,140000
366644,01a0b1c2-b010-7000-8000-000000000001,01a0c441-e5c9-76eb-a77b-de784cb71f6a,ACTIVE,-2473603,247841,2871772,0,0,140000
366646,01a0b1c2-b010-7000-8000-000000000001,01a0c441-d723-767b-90a3-bdbdd004e863,LINGERING,0,-104979,5721760,0,218,130900
366646,01a0b1c2-b010-7000-8000-000000000001,01a0c441-dc05-7521-a2e5-cffdd63883ba,ACTIVE,2473614,247762,3256775,0,0,140000
366646,01a0b1c2-b010-7000-8000-000000000001,01a0c441-e0e7-71af-8b1d-ca2cf5125531,ACTIVE,-2155415,-248962,1864837,0,0,140000
366646,01a0b1c2-b010-7000-8000-000000000001,01a0c441-e5c9-76eb-a77b-de784cb71f6a,ACTIVE,-2473603,247841,2885772,0,0,140000
366648,01a0b1c2-b010-7000-8000-000000000001,01a0c441-d723-767b-90a3-bdbdd004e863,LINGERING,0,-104958,5734798,0,216,130200
366648,01a0b1c2-b010-7000-8000-000000000001,01a0c441-dc05-7521-a2e5-cffdd63883ba,ACTIVE,2473614,247762,3270758,0,0,139650
366648,01a0b1c2-b010-7000-8000-000000000001,01a0c441-e0e7-71af-8b1d-ca2cf5125531,ACTIVE,-2155415,-248962,1878837,0,0,140000
366648,01a0b1c2-b010-7000-8000-000000000001,01a0c441-e5c9-76eb-a77b-de784cb71f6a,ACTIVE,-2473603,247841,2899772,0,0,140000
366650,01a0b1c2-b010-7000-8000-000000000001,01a0c441-d723-767b-90a3-bdbdd004e863,LINGERING,0,-104936,5747765,0,215,129500
366650,01a0b1c2-b010-7000-8000-000000000001,01a0c441-dc05-7521-a2e5-cffdd63883ba,ACTIVE,2473614,247762,3284670,0,0,138950
366650,01a0b1c2-b010-7000-8000-000000000001,01a0c441-e0e7-71af-8b1d-ca2cf5125531,ACTIVE,-2155415,-248962,1892837,0,0,140000
366650,01a0b1c2-b010-7000-8000-000000000001,01a0c441-e5c9-76eb-a77b-de784cb71f6a,ACTIVE,-2473603,247841,2913772,0,0,140000
366652,01a0b1c2-b010-7000-8000-000000000001,01a0c441-d723-767b-90a3-bdbdd004e863,LINGERING,0,-104915,5760663,0,214,128800
366652,01a0b1c2-b010-7000-8000-000000000001,01a0c441-dc05-7521-a2e5-cffdd63883ba,ACTIVE,2473614,247762,3298513,0,0,138250
366652,01a0b1c2-b010-7000-8000-000000000001,01a0c441-e0e7-71af-8b1d-ca2cf5125531,ACTIVE,-2155415,-248962,1906837,0,0,140000
366652,01a0b1c2-b010-7000-8000-000000000001,01a0c441-e5c9-76eb-a77b-de784cb71f6a,ACTIVE,-2473603,247841,2927772,0,0,140000
366654,01a0b1c2-b010-7000-8000-000000000001,01a0c441-d723-767b-90a3-bdbdd004e863,LINGERING,0,-104893,5773490,0,213,128100
366654,01a0b1c2-b010-7000-8000-000000000001,01a0c441-dc05-7521-a2e5-cffdd63883ba,ACTIVE,2473614,247762,3312285,0,0,137550
366654,01a0b1c2-b010-7000-8000-000000000001,01a0c441-e0e7-71af-8b1d-ca2cf5125531,ACTIVE,-2155415,-248962,1920837,0,0,140000
366654,01a0b1c2-b010-7000-8000-000000000001,01a0c441-e5c9-76eb-a77b-de784cb71f6a,ACTIVE,-2473603,247841,2941772,0,0,140000
366656,01a0b1c2-b010-7000-8000-000000000001,01a0c441-d723-767b-90a3-bdbdd004e863,LINGERING,0,-104872,5786248,0,212,127400
366656,01a0b1c2-b010-7000-8000-000000000001,01a0c441-dc05-7521-a2e5-cffdd63883ba,ACTIVE,2473614,247762,3325988,0,0,136850
366656,01a0b1c2-b010-7000-8000-000000000001,01a0c441-e0e7-71af-8b1d-ca2cf5125531,ACTIVE,-2155415,-248962,1934837,0,0,140000
366656,01a0b1c2-b010-7000-8000-000000000001,01a0c441-e5c9-76eb-a77b-de784cb71f6a,ACTIVE,-2473603,247841,2955772,0,0,140000
366658,01a0b1c2-b010-7000-8000-000000000001,01a0c441-d723-767b-90a3-bdbdd004e863,LINGERING,0,-104851,5798935,0,211,126700
366658,01a0b1c2-b010-7000-8000-000000000001,01a0c441-dc05-7521-a2e5-cffdd63883ba,ACTIVE,2473614,247762,3339620,0,0,136150
366658,01a0b1c2-b010-7000-8000-000000000001,01a0c441-e0e7-71af-8b1d-ca2cf5125531,ACTIVE,-2155415,-248962,1948837,0,0,140000
366658,01a0b1c2-b010-7000-8000-000000000001,01a0c441-e5c9-76eb-a77b-de784cb71f6a,ACTIVE,-2473603,247841,2969772,0,0,140000
366660,01a0b1c2-b010-7000-8000-000000000001,01a0c441-d723-767b-90a3-bdbdd004e863,LINGERING,0,-104830,5811553,0,209,126000
366660,01a0b1c2-b010-7000-8000-000000000001,01a0c441-dc05-7521-a2e5-cffdd63883ba,ACTIVE,2473614,247762,3353183,0,0,135450
366660,01a0b1c2-b010-7000-8000-000000000001,01a0c441-e0e7-71af-8b1d-ca2cf5125531,ACTIVE,-2155415,-248962,1962837,0,0,140000
366660,01a0b1c2-b010-7000-8000-000000000001,01a0c441-e5c9-76eb-a77b-de784cb71f6a,ACTIVE,-2473603,247841,2983772,0,0,140000
366662,01a0b1c2-b010-7000-8000-000000000001,01a0c441-d723-767b-90a3-bdbdd004e863,LINGERING,0,-104809,5824100,0,208,125300
366662,01a0b1c2-b010-7000-8000-000000000001,01a0c441-dc05-7521-a2e5-cffdd63883ba,ACTIVE,2473614,247762,3366675,0,0,134750
366662,01a0b1c2-b010-7000-8000-000000000001,01a0c441-e0e7-71af-8b1d-ca2cf5125531,ACTIVE,-2155415,-248962,1976837,0,0,140000
366662,01a0b1c2-b010-7000-8000-000000000001,01a0c441-e5c9-76eb-a77b-de784cb71f6a,ACTIVE,-2473603,247841,2997772,0,0,140000
366664,01a0b1c2-b010-7000-8000-000000000001,01a0c441-d723-767b-90a3-bdbdd004e863,LINGERING,0,-104788,5836578,0,207,124600
366664,01a0b1c2-b010-7000-8000-000000000001,01a0c441-dc05-7521-a2e5-cffdd63883ba,ACTIVE,2473614,247762,3380098,0,0,134050
366664,01a0b1c2-b010-7000-8000-000000000001,01a0c441-e0e7-71af-8b1d-ca2cf5125531,ACTIVE,-2155415,-248962,1990837,0,0,140000
366664,01a0b1c2-b010-7000-8000-000000000001,01a0c441-e5c9-76eb-a77b-de784cb71f6a,ACTIVE,-2473603,247841,3011772,0,0,140000
366666,01a0b1c2-b010-7000-8000-000000000001,01a0c441-d723-767b-90a3-bdbdd004e863,LINGERING,0,-104768,5848985,0,206,123900
366666,01a0b1c2-b010-7000-8000-000000000001,01a0c441-dc05-7521-a2e5-cffdd63883ba,ACTIVE,2473614,247762,3393450,0,0,133350
366666,01a0b1c2-b010-7000-8000-000000000001,01a0c441-e0e7-71af-8b1d-ca2cf5125531,ACTIVE,-2155415,-248962,2004837,0,0,140000
366666,01a0b1c2-b010-7000-8000-000000000001,01a0c441-e5c9-76eb-a77b-de784cb71f6a,ACTIVE,-2473603,247841,3025772,0,0,140000
366668,01a0b1c2-b010-7000-8000-000000000001,01a0c441-d723-767b-90a3-bdbdd004e863,LINGERING,0,-104747,5861323,0,205,123200
366668,01a0b1c2-b010-7000-8000-000000000001,01a0c441-dc05-7521-a2e5-cffdd63883ba,ACTIVE,2473614,247762,3406733,0,0,132650
366668,01a0b1c2-b010-7000-8000-000000000001,01a0c441-e0e7-71af-8b1d-ca2cf5125531,ACTIVE,-2155415,-248962,2018837,0,0,140000
366668,01a0b1c2-b010-7000-8000-000000000001,01a0c441-e5c9-76eb-a77b-de784cb71f6a,ACTIVE,-2473603,247841,3039772,0,0,140000
366162,01a0b1c2-b010-7000-8000-000000000002,01a0c441-d723-767b-90a3-bdbdd004e863,ACTIVE,0,-166794,2496163,0,48778,33500
366162,01a0b1c2-b010-7000-8000-000000000002,01a0c441-dc05-7521-a2e5-cffdd63883ba,ACTIVE,2482520,248422,17115,-17339,-1430,35745
366162,01a0b1c2-b010-7000-8000-000000000002,01a0c441-e0e7-71af-8b1d-ca2cf5125531,ACTIVE,-2164989,-249991,-1249956,1500,173,885
366164,01a0b1c2-b010-7000-8000-000000000002,01a0c441-d723-767b-90a3-bdbdd004e863,ACTIVE,0,-162044,2499796,0,47070,37264
366164,01a0b1c2-b010-7000-8000-000000000002,01a0c441-dc05-7521-a2e5-cffdd63883ba,ACTIVE,2480889,248289,20982,-15952,-1289,39637
366164,01a0b1c2-b010-7000-8000-000000000002,01a0c441-e0e7-71af-8b1d-ca2cf5125531,ACTIVE,-2164622,-249949,-1249721,4366,504,2869
366166,01a0b1c2-b010-7000-8000-000000000002,01a0c441-d723-767b-90a3-bdbdd004e863,ACTIVE,0,-157473,2503801,0,45242,40972
366166,01a0b1c2-b010-7000-8000-000000000002,01a0c441-dc05-7521-a2e5-cffdd63883ba,ACTIVE,2479411,248171,25233,-14367,-1138,43451
366166,01a0b1c2-b010-7000-8000-000000000002,01a0c441-e0e7-71af-8b1d-ca2cf5125531,ACTIVE,-2163997,-249877,-1249249,6831,786,5389
366168,01a0b1c2-b010-7000-8000-000000000002,01a0c441-d723-767b-90a3-bdbdd004e863,ACTIVE,0,-153092,2508173,0,43324,44634
366168,01a0b1c2-b010-7000-8000-000000000002,01a0c441-dc05-7521-a2e5-cffdd63883ba,ACTIVE,2478104,248069,29859,-12634,-979,47201
366168,01a0b1c2-b010-7000-8000-000000000002,01a0c441-e0e7-71af-8b1d-ca2cf5125531,ACTIVE,-2163179,-249784,-1248471,8551,976,8646
366170,01a0b1c2-b010-7000-8000-000000000002,01a0c441-d723-767b-90a3-bdbdd004e863,ACTIVE,0,-148908,2512908,0,41339,48260
366170,01a0b1c2-b010-7000-8000-000000000002,01a0c441-dc05-7521-a2e5-cffdd63883ba,ACTIVE,2476978,247984,34857,-10789,-817,50897
366170,01a0b1c2-b010-7000-8000-000000000002,01a0c441-e0e7-71af-8b1d-ca2cf5125531,ACTIVE,-2162253,-249679,-1247325,9435,1066,12432
366172,01a0b1c2-b010-7000-8000-000000000002,01a0c441-d723-767b-90a3-bdbdd004e863,ACTIVE,0,-144927,2518004,0,39301,51857
366172,01a0b1c2-b010-7000-8000-000000000002,01a0c441-dc05-7521-a2e5-cffdd63883ba,ACTIVE,2476044,247914,40221,-8859,-653,54549
366172,01a0b1c2-b010-7000-8000-000000000002,01a0c441-e0e7-71af-8b1d-ca2cf5125531,ACTIVE,-2161301,-249572,-1245776,9472,1056,16521
366174,01a0b1c2-b010-7000-8000-000000000002,01a0c441-d723-767b-90a3-bdbdd004e863,ACTIVE,0,-141152,2523458,0,37225,55432
366174,01a0b1c2-b010-7000-8000-000000000002,01a0c441-dc05-7521-a2e5-cffdd63883ba,ACTIVE,2475307,247861,45947,-6866,-489,58167
366174,01a0b1c2-b010-7000-8000-000000000002,01a0c441-e0e7-71af-8b1d-ca2cf5125531,ACTIVE,-2160392,-249472,-1243816,8927,981,20617
366176,01a0b1c2-b010-7000-8000-000000000002,01a0c441-d723-767b-90a3-bdbdd004e863,ACTIVE,0,-137588,2529268,0,35119,58989
366176,01a0b1c2-b010-7000-8000-000000000002,01a0c441-dc05-7521-a2e5-cffdd63883ba,ACTIVE,2474773,247825,52033,-4825,-327,61758
366176,01a0b1c2-b010-7000-8000-000000000002,01a0c441-e0e7-71af-8b1d-ca2cf5125531,ACTIVE,-2159569,-249383,-1241452,7975,862,24637
366178,01a0b1c2-b010-7000-8000-000000000002,01a0c441-d723-767b-90a3-bdbdd004e863,ACTIVE,0,-134235,2535433,0,32991,62533
366178,01a0b1c2-b010-7000-8000-000000000002,01a0c441-dc05-7521-a2e5-cffdd63883ba,ACTIVE,2474446,247804,58477,-2746,-169,65328
366178,01a0b1c2-b010-7000-8000-000000000002,01a0c441-e0e7-71af-8b1d-ca2cf5125531,ACTIVE,-2158863,-249307,-1238693,6738,716,28566
366180,01a0b1c2-b010-7000-8000-000000000002,01a0c441-d723-767b-90a3-bdbdd004e863,ACTIVE,0,-131097,2541951,0,30845,66067
366180,01a0b1c2-b010-7000-8000-000000000002,01a0c441-dc05-7521-a2e5-cffdd63883ba,ACTIVE,2474277,247794,65275,-1601,-88,68859
366180,01a0b1c2-b010-7000-8000-000000000002,01a0c441-e0e7-71af-8b1d-ca2cf5125531,ACTIVE,-2158262,-249244,-1235555,5776,605,32318
366182,01a0b1c2-b010-7000-8000-000000000002,01a0c441-d723-767b-90a3-bdbdd004e863,ACTIVE,0,-128174,2548823,0,28687,69593
366182,01a0b1c2-b010-7000-8000-000000000002,01a0c441-dc05-7521-a2e5-cffdd63883ba,ACTIVE,2474141,247787,72424,-1284,-69,72366
366182,01a0b1c2-b010-7000-8000-000000000002,01a0c441-e0e7-71af-8b1d-ca2cf5125531,ACTIVE,-2157751,-249191,-1232047,4887,505,35987
366184,01a0b1c2-b010-7000-8000-000000000002,01a0c441-d723-767b-90a3-bdbdd004e863,ACTIVE,0,-125468,2556046,0,26519,73113
366184,01a0b1c2-b010-7000-8000-000000000002,01a0c441-dc05-7521-a2e5-cffdd63883ba,ACTIVE,2474032,247781,79923,-1027,-54,75870
366184,01a0b1c2-b010-7000-8000-000000000002,01a0c441-e0e7-71af-8b1d-ca2cf5125531,ACTIVE,-2157323,-249147,-1228178,4094,417,39598
366186,01a0b1c2-b010-7000-8000-000000000002,01a0c441-d723-767b-90a3-bdbdd004e863,ACTIVE,0,-122979,2563621,0,24343,76628
366186,01a0b1c2-b010-7000-8000-000000000002,01a0c441-dc05-7521-a2e5-cffdd63883ba,ACTIVE,2473945,247777,87773,-820,-42,79373
366186,01a0b1c2-b010-7000-8000-000000000002,01a0c441-e0e7-71af-8b1d-ca2cf5125531,ACTIVE,-2156966,-249111,-1223950,3401,342,43170
366186,01a0b1c2-b010-7000-8000-000000000002,01a0c441-e5c9-76eb-a77b-de784cb71f6a,ACTIVE,-2500000,250000,0,0,0,0
366188,01a0b1c2-b010-7000-8000-000000000002,01a0c441-d723-767b-90a3-bdbdd004e863,ACTIVE,0,-120709,2571547,0,22161,80139
366188,01a0b1c2-b010-7000-8000-000000000002,01a0c441-dc05-7521-a2e5-cffdd63883ba,ACTIVE,2473876,247773,95973,-653,-32,82874
366188,01a0b1c2-b010-7000-8000-000000000002,01a0c441-e0e7-71af-8b1d-ca2cf5125531,ACTIVE,-2156671,-249082,-1219367,2806,279,46716
366188,01a0b1c2-b010-7000-8000-000000000002,01a0c441-e5c9-76eb-a77b-de784cb71f6a,ACTIVE,-2500000,250000,0,0,0,0
366190,01a0b1c2-b010-7000-8000-000000000002,01a0c441-d723-767b-90a3-bdbdd004e863,ACTIVE,0,-118657,2579824,0,19975,83648
366190,01a0b1c2-b010-7000-8000-000000000002,01a0c441-dc05-7521-a2e5-cffdd63883ba,ACTIVE,2473821,247771,104523,-519,-25,86375
366190,01a0b1c2-b010-7000-8000-000000000002,01a0c441-e0e7-71af-8b1d-ca2cf5125531,ACTIVE,-2156429,-249058,-1214430,2302,227,50246
366190,01a0b1c2-b010-7000-8000-000000000002,01a0c441-e5c9-76eb-a77b-de784cb71f6a,ACTIVE,-2500000,250000,0,0,0,0
366192,01a0b1c2-b010-7000-8000-000000000002,01a0c441-d723-767b-90a3-bdbdd004e863,ACTIVE,0,-116823,2588452,0,17786,87155
366192,01a0b1c2-b010-7000-8000-000000000002,01a0c441-dc05-7521-a2e5-cffdd63883ba,ACTIVE,2473777,247769,113423,-412,-20,89876
366192,01a0b1c2-b010-7000-8000-000000000002,01a0c441-e0e7-71af-8b1d-ca2cf5125531,ACTIVE,-2156231,-249039,-1209142,1879,183,53764
366192,01a0b1c2-b010-7000-8000-000000000002,01a0c441-e5c9-76eb-a77b-de784cb71f6a,ACTIVE,-2499913,249991,1,1741,-174,17
366194,01a0b1c2-b010-7000-8000-000000000002,01a0c441-d723-767b-90a3-bdbdd004e863,ACTIVE,0,-115209,2597430,0,15594,90660
366194,01a0b1c2-b010-7000-8000-000000000002,01a0c441-dc05-7521-a2e5-cffdd63883ba,ACTIVE,2473743,247767,122673,-327,-15,93376
366194,01a0b1c2-b010-7000-8000-000000000002,01a0c441-e0e7-71af-8b1d-ca2cf5125531,ACTIVE,-2156070,-249023,-1203502,1527,147,57276
366194,01a0b1c2-b010-7000-8000-000000000002,01a0c441-e5c9-76eb-a77b-de784cb71f6a,ACTIVE,-2499478,249948,21,5214,-518,302
366196,01a0b1c2-b010-7000-8000-000000000002,01a0c441-d723-767b-90a3-bdbdd004e863,ACTIVE,0,-113814,2606759,0,13401,94164
366196,01a0b1c2-b010-7000-8000-000000000002,01a0c441-dc05-7521-a2e5-cffdd63883ba,ACTIVE,2473715,247766,132273,-259,-12,96876
366196,01a0b1c2-b010-7000-8000-000000000002,01a0c441-e0e7-71af-8b1d-ca2cf5125531,ACTIVE,-2155939,-249010,-1197511,1236,118,60783
366196,01a0b1c2-b010-7000-8000-000000000002,01a0c441-e5c9-76eb-a77b-de784cb71f6a,ACTIVE,-2498702,249871,117,8604,-846,1253
366198,01a0b1c2-b010-7000-8000-000000000002,01a0c441-d723-767b-90a3-bdbdd004e863,ACTIVE,0,-112638,2616438,0,11206,97667
366198,01a0b1c2-b010-7000-8000-000000000002,01a0c441-dc05-7521-a2e5-cffdd63883ba,ACTIVE,2473693,247765,142223,-204,-9,100376
366198,01a0b1c2-b010-7000-8000-000000000002,01a0c441-e0e7-71af-8b1d-ca2cf5125531,ACTIVE,-2155834,-249000,-1191170,997,94,64288
366198,01a0b1c2-b010-7000-8000-000000000002,01a0c441-e5c9-76eb-a77b-de784cb71f6a,ACTIVE,-2497605,249765,383,11713,-1129,3218
366200,01a0b1c2-b010-7000-8000-000000000002,01a0c441-d723-767b-90a3-bdbdd004e863,ACTIVE,0,-111682,2626468,0,9012,101171
366200,01a0b1c2-b010-7000-8000-000000000002,01a0c441-dc05-7521-a2e5-cffdd63883ba,ACTIVE,2473676,247764,152524,-161,-7,103876
366200,01a0b1c2-b010-7000-8000-000000000002,01a0c441-e0e7-71af-8b1d-ca2cf5125531,ACTIVE,-2155749,-248992,-1184479,803,75,67790
366200,01a0b1c2-b010-7000-8000-000000000002,01a0c441-e5c9-76eb-a77b-de784cb71f6a,ACTIVE,-2496232,249635,913,14359,-1352,6059
366202,01a0b1c2-b010-7000-8000-000000000002,01a0c441-d723-767b-90a3-bdbdd004e863,ACTIVE,0,-110946,2636848,0,6818,104675
366202,01a0b1c2-b010-7000-8000-000000000002,01a0c441-dc05-7521-a2e5-cffdd63883ba,ACTIVE,2473663,247764,163174,-127,-5,107376
366202,01a0b1c2-b010-7000-8000-000000000002,01a0c441-e0e7-71af-8b1d-ca2cf5125531,ACTIVE,-2155681,-248986,-1177437,644,60,71292
366202,01a0b1c2-b010-7000-8000-000000000002,01a0c441-e5c9-76eb-a77b-de784cb71f6a,ACTIVE,-2494638,249488,1780,16419,-1508,9588
366204,01a0b1c2-b010-7000-8000-000000000002,01a0c441-d723-767b-90a3-bdbdd004e863,ACTIVE,0,-110428,2647578,0,4624,108178
366204,01a0b1c2-b010-7000-8000-000000000002,01a0c441-dc05-7521-a2e5-cffdd63883ba,ACTIVE,2473652,247763,174174,-100,-4,110876
366204,01a0b1c2-b010-7000-8000-000000000002,01a0c441-e0e7-71af-8b1d-ca2cf5125531,ACTIVE,-2155626,-248981,-1170045,515,48,74793
366204,01a0b1c2-b010-7000-8000-000000000002,01a0c441-e5c9-76eb-a77b-de784cb71f6a,ACTIVE,-2492878,249329,3025,17960,-1610,13420
366206,01a0b1c2-b010-7000-8000-000000000002,01a0c441-d723-767b-90a3-bdbdd004e863,ACTIVE,0,-110131,2658658,0,2430,111682
366206,01a0b1c2-b010-7000-8000-000000000002,01a0c441-dc05-7521-a2e5-cffdd63883ba,ACTIVE,2473644,247763,185524,-79,-3,114376
366206,01a0b1c2-b010-7000-8000-000000000002,01a0c441-e0e7-71af-8b1d-ca2cf5125531,ACTIVE,-2155582,-248977,-1162303,412,38,78294
366206,01a0b1c2-b010-7000-8000-000000000002,01a0c441-e5c9-76eb-a77b-de784cb71f6a,ACTIVE,-2491001,249164,4666,18991,-1663,17421
366208,01a0b1c2-b010-7000-8000-000000000002,01a0c441-d723-767b-90a3-bdbdd004e863,ACTIVE,0,-110052,2670089,0,236,115186
366208,01a0b1c2-b010-7000-8000-000000000002,01a0c441-dc05-7521-a2e5-cffdd63883ba,ACTIVE,2473637,247762,197224,-62,-3,117876
366208,01a0b1c2-b010-7000-8000-000000000002,01a0c441-e0e7-71af-8b1d-ca2cf5125531,ACTIVE,-2155548,-248974,-1154211,328,30,81794
366208,01a0b1c2-b010-7000-8000-000000000002,01a0c441-e5c9-76eb-a77b-de784cb71f6a,ACTIVE,-2489061,248997,6716,19493,-1668,21522
366210,01a0b1c2-b010-7000-8000-000000000002,01a0c441-d723-767b-90a3-bdbdd004e863,ACTIVE,0,-110033,2681870,0,197,118686
366210,01a0b1c2-b010-7000-8000-000000000002,01a0c441-dc05-7521-a2e5-cffdd63883ba,ACTIVE,2473632,247762,209274,-49,-2,121376
366210,01a0b1c2-b010-7000-8000-000000000002,01a0c441-e0e7-71af-8b1d-ca2cf5125531,ACTIVE,-2155520,-248971,-1145769,261,24,85294
366210,01a0b1c2-b010-7000-8000-000000000002,01a0c441-e5c9-76eb-a77b-de784cb71f6a,ACTIVE,-2487111,248833,9178,19458,-1627,25654
366212,01a0b1c2-b010-7000-8000-000000000002,01a0c441-d723-767b-90a3-bdbdd004e863,ACTIVE,0,-110013,2694002,0,203,122186
366212,01a0b1c2-b010-7000-8000-000000000002,01a0c441-dc05-7521-a2e5-cffdd63883ba,ACTIVE,2473628,247762,221674,-38,-2,124876
366212,01a0b1c2-b010-7000-8000-000000000002,01a0c441-e0e7-71af-8b1d-ca2cf5125531,ACTIVE,-2155498,-248969,-1136978,207,19,88795
366212,01a0b1c2-b010-7000-8000-000000000002,01a0c441-e5c9-76eb-a77b-de784cb71f6a,ACTIVE,-2485204,248676,12051,18906,-1545,29748
366214,01a0b1c2-b010-7000-8000-000000000002,01a0c441-d723-767b-90a3-bdbdd004e863,ACTIVE,0,-109992,2706483,0,209,125686
366214,01a0b1c2-b010-7000-8000-000000000002,01a0c441-dc05-7521-a2e5-cffdd63883ba,ACTIVE,2473625,247762,234425,-30,-1,128376
366214,01a0b1c2-b010-7000-8000-000000000002,01a0c441-e0e7-71af-8b1d-ca2cf5125531,ACTIVE,-2155481,-248968,-1127836,164,15,92295
366214,01a0b1c2-b010-7000-8000-000000000002,01a0c441-e5c9-76eb-a77b-de784cb71f6a,ACTIVE,-2483383,248530,15327,17947,-1433,33767
366216,01a0b1c2-b010-7000-8000-000000000002,01a0c441-d723-767b-90a3-bdbdd004e863,ACTIVE,0,-109970,2719314,0,215,129186
366216,01a0b1c2-b010-7000-8000-000000000002,01a0c441-dc05-7521-a2e5-cffdd63883ba,ACTIVE,2473622,247762,247525,-24,-1,131876
366216,01a0b1c2-b010-7000-8000-000000000002,01a0c441-e0e7-71af-8b1d-ca2cf5125531,ACTIVE,-2155467,-248967,-1118344,130,12,95795
366216,01a0b1c2-b010-7000-8000-000000000002,01a0c441-e5c9-76eb-a77b-de784cb71f6a,ACTIVE,-2481681,248396,19000,16682,-1302,37700
366218,01a0b1c2-b010-7000-8000-000000000002,01a0c441-d723-767b-90a3-bdbdd004e863,ACTIVE,0,-109949,2732495,0,221,132686
366218,01a0b1c2-b010-7000-8000-000000000002,01a0c441-dc05-7521-a2e5-cffdd63883ba,ACTIVE,2473620,247762,260975,-18,-1,135376
366218,01a0b1c2-b010-7000-8000-000000000002,01a0c441-e0e7-71af-8b1d-ca2cf5125531,ACTIVE,-2155456,-248966,-1108502,103,9,99295
366218,01a0b1c2-b010-7000-8000-000000000002,01a0c441-e5c9-76eb-a77b-de784cb71f6a,ACTIVE,-2480124,248277,23059,15189,-1158,41552
366220,01a0b1c2-b010-7000-8000-000000000002,01a0c441-d723-767b-90a3-bdbdd004e863,ACTIVE,0,-109926,2746026,0,226,136186
366220,01a0b1c2-b010-7000-8000-000000000002,01a0c441-dc05-7521-a2e5-cffdd63883ba,ACTIVE,2473619,247762,274775,-14,-1,138876
366220,01a0b1c2-b010-7000-8000-000000000002,01a0c441-e0e7-71af-8b1d-ca2cf5125531,ACTIVE,-2155447,-248965,-1098310,81,7,102795
366220,01a0b1c2-b010-7000-8000-000000000002,01a0c441-e5c9-76eb-a77b-de784cb71f6a,ACTIVE,-2478729,248173,27498,13525,-1006,45333
366222,01a0b1c2-b010-7000-8000-000000000002,01a0c441-d723-767b-90a3-bdbdd004e863,ACTIVE,0,-109903,2759907,0,232,139686
366222,01a0b1c2-b010-7000-8000-000000000002,01a0c441-dc05-7521-a2e5-cffdd63883ba,ACTIVE,2473617,247762,288775,-11,0,140000
366222,01a0b1c2-b010-7000-8000-000000000002,01a0c441-e0e7-71af-8b1d-ca2cf5125531,ACTIVE,-2155440,-248964,-1087768,64,6,106295
366222,01a0b1c2-b010-7000-8000-000000000002,01a0c441-e5c9-76eb-a77b-de784cb71f6a,ACTIVE,-2477510,248084,32311,11731,-849,49054
366224,01a0b1c2-b010-7000-8000-000000000002,01a0c441-d723-767b-90a3-bdbdd004e863,ACTIVE,0,-109880,2773907,0,233,140000
366224,01a0b1c2-b010-7000-8000-000000000002,01a0c441-dc05-7521-a2e5-cffdd63883ba,ACTIVE,2473617,247762,302775,-8,0,140000
366224,01a0b1c2-b010-7000-8000-000000000002,01a0c441-e0e7-71af-8b1d-ca2cf5125531,ACTIVE,-2155435,-248964,-1076876,51,4,109795
366224,01a0b1c2-b010-7000-8000-000000000002,01a0c441-e5c9-76eb-a77b-de784cb71f6a,ACTIVE,-2476478,248011,37492,9840,-691,52727
366226,01a0b1c2-b010-7000-8000-000000000002,01a0c441-d723-767b-90a3-bdbdd004e863,ACTIVE,0,-109856,2787907,0,233,140000
366226,01a0b1c2-b010-7000-8000-000000000002,01a0c441-dc05-7521-a2e5-cffdd63883ba,ACTIVE,2473616,247762,316775,-6,0,140000
366226,01a0b1c2-b010-7000-8000-000000000002,01a0c441-e0e7-71af-8b1d-ca2cf5125531,ACTIVE,-2155431,-248963,-1065634,40,3,113295
366226,01a0b1c2-b010-7000-8000-000000000002,01a0c441-e5c9-76eb-a77b-de784cb71f6a,ACTIVE,-2475641,247953,43037,7876,-534,56361
366228,01a0b1c2-b010-7000-8000-000000000002,01a0c441-d723-767b-90a3-bdbdd004e863,ACTIVE,0,-109833,2801907,0,233,140000
366228,01a0b1c2-b010-7000-8000-000000000002,01a0c441-dc05-7521-a2e5-cffdd63883ba,ACTIVE,2473615,247762,330775,-5,0,140000
366228,01a0b1c2-b010-7000-8000-000000000002,01a0c441-e0e7-71af-8b1d-ca2cf5125531,ACTIVE,-2155427,-248963,-1054042,31,3,116795
366228,01a0b1c2-b010-7000-8000-000000000002,01a0c441-e5c9-76eb-a77b-de784cb71f6a,ACTIVE,-2475005,247912,48944,5857,-378,59965
366230,01a0b1c2-b010-7000-8000-000000000002,01a0c441-d723-767b-90a3-bdbdd004e863,ACTIVE,0,-109810,2815907,0,233,140000
366230,01a0b1c2-b010-7000-8000-000000000002,01a0c441-dc05-7521-a2e5-cffdd63883ba,ACTIVE,2473615,247762,344775,-4,0,140000
366230,01a0b1c2-b010-7000-8000-000000000002,01a0c441-e0e7-71af-8b1d-ca2cf5125531,ACTIVE,-2155425,-248963,-1042100,25,2,120295
366230,01a0b1c2-b010-7000-8000-000000000002,01a0c441-e5c9-76eb-a77b-de784cb71f6a,ACTIVE,-2474573,247885,55209,3795,-226,63545
366232,01a0b1c2-b010-7000-8000-000000000002,01a0c441-d723-767b-90a3-bdbdd004e863,ACTIVE,0,-109787,2829907,0,233,140000
366232,01a0b1c2-b010-7000-8000-000000000002,01a0c441-dc05-7521-a2e5-cffdd63883ba,ACTIVE,2473615,247762,358775,-3,0,140000
366232,01a0b1c2-b010-7000-8000-000000000002,01a0c441-e0e7-71af-8b1d-ca2cf5125531,ACTIVE,-2155423,-248963,-1029808,19,2,123795
366232,01a0b1c2-b010-7000-8000-000000000002,01a0c441-e5c9-76eb-a77b-de784cb71f6a,ACTIVE,-2474347,247873,61831,1787,-88,67104
366234,01a0b1c2-b010-7000-8000-000000000002,01a0c441-d723-767b-90a3-bdbdd004e863,ACTIVE,0,-109763,2843907,0,233,140000
366234,01a0b1c2-b010-7000-8000-000000000002,01a0c441-dc05-7521-a2e5-cffdd63883ba,ACTIVE,2473614,247762,372775,-2,0,140000
366234,01a0b1c2-b010-7000-8000-000000000002,01a0c441-e0e7-71af-8b1d-ca2cf5125531,ACTIVE,-2155421,-248962,-1017166,15,1,127295
366234,01a0b1c2-b010-7000-8000-000000000002,01a0c441-e5c9-76eb-a77b-de784cb71f6a,ACTIVE,-2474195,247866,68804,1435,-68,70612
366236,01a0b1c2-b010-7000-8000-000000000002,01a0c441-d723-767b-90a3-bdbdd004e863,ACTIVE,0,-109740,2857907,0,233,140000
366236,01a0b1c2-b010-7000-8000-000000000002,01a0c441-dc05-7521-a2e5-cffdd63883ba,ACTIVE,2473614,247762,386775,-2,0,140000
366236,01a0b1c2-b010-7000-8000-000000000002,01a0c441-e0e7-71af-8b1d-ca2cf5125531,ACTIVE,-2155420,-248962,-1004174,12,1,130795
366236,01a0b1c2-b010-7000-8000-000000000002,01a0c441-e5c9-76eb-a77b-de784cb71f6a,ACTIVE,-2474073,247860,76128,1149,-53,74118
366238,01a0b1c2-b010-7000-8000-000000000002,01a0c441-d723-767b-90a3-bdbdd004e863,ACTIVE,0,-109717,2871907,0,233,140000
366238,01a0b1c2-b010-7000-8000-000000000002,01a0c441-dc05-7521-a2e5-cffdd63883ba,ACTIVE,2473614,247762,400775,-1,0,140000
366238,01a0b1c2-b010-7000-8000-000000000002,01a0c441-e0e7-71af-8b1d-ca2cf5125531,ACTIVE,-2155419,-248962,-990832,9,1,134295
366238,01a0b1c2-b010-7000-8000-000000000002,01a0c441-e5c9-76eb-a77b-de784cb71f6a,ACTIVE,-2473976,247856,83803,918,-41,77621
366240,01a0b1c2-b010-7000-8000-000000000002,01a0c441-d723-767b-90a3-bdbdd004e863,ACTIVE,0,-109693,2885907,0,233,140000
366240,01a0b1c2-b010-7000-8000-000000000002,01a0c441-dc05-7521-a2e5-cffdd63883ba,ACTIVE,2473614,247762,414775,-1,0,140000
366240,01a0b1c2-b010-7000-8000-000000000002,01a0c441-e0e7-71af-8b1d-ca2cf5125531,ACTIVE,-2155418,-248962,-977140,7,1,137795
366240,01a0b1c2-b010-7000-8000-000000000002,01a0c441-e5c9-76eb-a77b-de784cb71f6a,ACTIVE,-2473898,247853,91828,732,-31,81123
366242,01a0b1c2-b010-7000-8000-000000000002,01a0c441-d723-767b-90a3-bdbdd004e863,ACTIVE,0,-109670,2899907,0,233,140000
366242,01a0b1c2-b010-7000-8000-000000000002,01a0c441-dc05-7521-a2e5-cffdd63883ba,ACTIVE,2473614,247762,428775,-1,0,140000
366242,01a0b1c2-b010-7000-8000-000000000002,01a0c441-e0e7-71af-8b1d-ca2cf5125531,ACTIVE,-2155417,-248962,-963163,6,0,140000
366242,01a0b1c2-b010-7000-8000-000000000002,01a0c441-e5c9-76eb-a77b-de784cb71f6a,ACTIVE,-2473836,247850,100203,583,-24,84624
366244,01a0b1c2-b010-7000-8000-000000000002,01a0c441-d723-767b-90a3-bdbdd004e863,ACTIVE,0,-109647,2913907,0,233,140000
366244,01a0b1c2-b010-7000-8000-000000000002,01a0c441-dc05-7521-a2e5-cffdd63883ba,ACTIVE,2473614,247762,442775,-1,0,140000
366244,01a0b1c2-b010-7000-8000-000000000002,01a0c441-e0e7-71af-8b1d-ca2cf5125531,ACTIVE,-2155417,-248962,-949163,4,0,140000
366244,01a0b1c2-b010-7000-8000-000000000002,01a0c441-e5c9-76eb-a77b-de784cb71f6a,ACTIVE,-2473787,247848,108928,463,-19,88125
366246,01a0b1c2-b010-7000-8000-000000000002,01a0c441-d723-767b-90a3-bdbdd004e863,ACTIVE,0,-109624,2927907,0,233,140000
366246,01a0b1c2-b010-7000-8000-000000000002,01a0c441-dc05-7521-a2e5-cffdd63883ba,ACTIVE,2473614,247762,456775,0,0,140000
366246,01a0b1c2-b010-7000-8000-000000000002,01a0c441-e0e7-71af-8b1d-ca2cf5125531,ACTIVE,-2155417,-248962,-935163,3,0,140000
366246,01a0b1c2-b010-7000-8000-000000000002,01a0c441-e5c9-76eb-a77b-de784cb71f6a,ACTIVE,-2473748,247846,118003,367,-14,91625
366248,01a0b1c2-b010-7000-8000-000000000002,01a0c441-d723-767b-90a3-bdbdd004e863,ACTIVE,0,-109600,2941907,0,233,140000
366248,01a0b1c2-b010-7000-8000-000000000002,01a0c441-dc05-7521-a2e5-cffdd63883ba,ACTIVE,2473614,247762,470775,0,0,140000
366248,01a0b1c2-b010-7000-8000-000000000002,01a0c441-e0e7-71af-8b1d-ca2cf5125531,ACTIVE,-2155416,-248962,-921163,3,0,140000
366248,01a0b1c2-b010-7000-8000-000000000002,01a0c441-e5c9-76eb-a77b-de784cb71f6a,ACTIVE,-2473717,247845,127428,291,-11,95126
366250,01a0b1c2-b010-7000-8000-000000000002,01a0c441-d723-767b-90a3-bdbdd004e863,ACTIVE,0,-109577,2955907,0,233,140000
366250,01a0b1c2-b010-7000-8000-000000000002,01a0c441-dc05-7521-a2e5-cffdd63883ba,ACTIVE,2473614,247762,484775,0,0,140000
366250,01a0b1c2-b010-7000-8000-000000000002,01a0c441-e0e7-71af-8b1d-ca2cf5125531,ACTIVE,-2155416,-248962,-907163,2,0,140000
366250,01a0b1c2-b010-7000-8000-000000000002,01a0c441-e5c9-76eb-a77b-de784cb71f6a,ACTIVE,-2473693,247844,137203,230,-9,98626
366252,01a0b1c2-b010-7000-8000-000000000002,01a0c441-d723-767b-90a3-bdbdd004e863,ACTIVE,0,-109554,2969907,0,233,140000
366252,01a0b1c2-b010-7000-8000-000000000002,01a0c441-dc05-7521-a2e5-cffdd63883ba,ACTIVE,2473614,247762,498775,0,0,140000
366252,01a0b1c2-b010-7000-8000-000000000002,01a0c441-e0e7-71af-8b1d-ca2cf5125531,ACTIVE,-2155416,-248962,-893163,1,0,140000
366252,01a0b1c2-b010-7000-8000-000000000002,01a0c441-e5c9-76eb-a77b-de784cb71f6a,ACTIVE,-2473673,247844,147328,182,-7,102126
366254,01a0b1c2-b010-7000-8000-000000000002,01a0c441-d723-767b-90a3-bdbdd004e863,ACTIVE,0,-109531,2983907,0,233,140000
366254,01a0b1c2-b010-7000-8000-000000000002,01a0c441-dc05-7521-a2e5-cffdd63883ba,ACTIVE,2473614,247762,512775,0,0,140000
366254,01a0b1c2-b010-7000-8000-000000000002,01a0c441-e0e7-71af-8b1d-ca2cf5125531,ACTIVE,-2155416,-248962,-879163,1,0,140000
366254,01a0b1c2-b010-7000-8000-000000000002,01a0c441-e5c9-76eb-a77b-de784cb71f6a,ACTIVE,-2473658,247843,157803,143,-5,105626
366256,01a0b1c2-b010-7000-8000-000000000002,01a0c441-d723-767b-90a3-bdbdd004e863,ACTIVE,0,-109507,2997907,0,233,140000
366256,01a0b1c2-b010-7000-8000-000000000002,01a0c441-dc05-7521-a2e5-cffdd63883ba,ACTIVE,2473614,247762,526775,0,0,140000
366256,01a0b1c2-b010-7000-8000-000000000002,01a0c441-e0e7-71af-8b1d-ca2cf5125531,ACTIVE,-2155416,-248962,-865163,1,0,140000
366256,01a0b1c2-b010-7000-8000-000000000002,01a0c441-e5c9-76eb-a77b-de784cb71f6a,ACTIVE,-2473646,247843,168628,113,-4,109126
366258,01a0b1c2-b010-7000-8000-000000000002,01a0c441-d723-767b-90a3-bdbdd004e863,ACTIVE,0,-109484,3011907,0,233,140000
366258,01a0b1c2-b010-7000-8000-000000000002,01a0c441-dc05-7521-a2e5-cffdd63883ba,ACTIVE,2473614,247762,540775,0,0,140000
366258,01a0b1c2-b010-7000-8000-000000000002,01a0c441-e0e7-71af-8b1d-ca2cf5125531,ACTIVE,-2155416,-248962,-851163,1,0,140000
366258,01a0b1c2-b010-7000-8000-000000000002,01a0c441-e5c9-76eb-a77b-de784cb71f6a,ACTIVE,-2473637,247842,179803,89,-3,112626
366260,01a0b1c2-b010-7000-8000-000000000002,01a0c441-d723-767b-90a3-bdbdd004e863,ACTIVE,0,-109461,3025907,0,233,140000
366260,01a0b1c2-b010-7000-8000-000000000002,01a0c441-dc05-7521-a2e5-cffdd63883ba,ACTIVE,2473614,247762,554775,0,0,140000
366260,01a0b1c2-b010-7000-8000-000000000002,01a0c441-e0e7-71af-8b1d-ca2cf5125531,ACTIVE,-2155416,-248962,-837163,0,0,140000
366260,01a0b1c2-b010-7000-8000-000000000002,01a0c441-e5c9-76eb-a77b-de784cb71f6a,ACTIVE,-2473629,247842,191328,70,-2,116126
366262,01a0b1c2-b010-7000-8000-000000000002,01a0c441-d723-767b-90a3-bdbdd004e863,ACTIVE,0,-109437,3039906,0,233,140000
366262,01a0b1c2-b010-7000-8000-000000000002,01a0c441-dc05-7521-a2e5-cffdd63883ba,ACTIVE,2473614,247762,568775,0,0,140000
366262,01a0b1c2-b010-7000-8000-000000000002,01a0c441-e0e7-71af-8b1d-ca2cf5125531,ACTIVE,-2155416,-248962,-823163,0,0,140000
366262,01a0b1c2-b010-7000-8000-000000000002,01a0c441-e5c9-76eb-a77b-de784cb71f6a,ACTIVE,-2473623,247842,203203,55,-2,119626
366264,01a0b1c2-b010-7000-8000-000000000002,01a0c441-d723-767b-90a3-bdbdd004e863,ACTIVE,0,-109414,3053906,0,233,140000
366264,01a0b1c2-b010-7000-8000-000000000002,01a0c441-dc05-7521-a2e5-cffdd63883ba,ACTIVE,2473614,247762,582775,0,0,140000
366264,01a0b1c2-b010-7000-8000-000000000002,01a0c441-e0e7-71af-8b1d-ca2cf5125531,ACTIVE,-2155416,-248962,-809163,0,0,140000
366264,01a0b1c2-b010-7000-8000-000000000002,01a0c441-e5c9-76eb-a77b-de784cb71f6a,ACTIVE,-2473619,247842,215428,43,-1,123126
366266,01a0b1c2-b010-7000-8000-000000000002,01a0c441-d723-767b-90a3-bdbdd004e863,ACTIVE,0,-109391,3067906,0,233,140000
366266,01a0b1c2-b010-7000-8000-000000000002,01a0c441-dc05-7521-a2e5-cffdd63883ba,ACTIVE,2473614,247762,596775,0,0,140000
366266,01a0b1c2-b010-7000-8000-000000000002,01a0c441-e0e7-71af-8b1d-ca2cf5125531,ACTIVE,-2155416,-248962,-795163,0,0,140000
366266,01a0b1c2-b010-7000-8000-000000000002,01a0c441-e5c9-76eb-a77b-de784cb71f6a,ACTIVE,-2473615,247842,228003,34,-1,126626
366268,01a0b1c2-b010-7000-8000-000000000002,01a0c441-d723-767b-90a3-bdbdd004e863,ACTIVE,0,-109368,3081906,0,233,140000
366268,01a0b1c2-b010-7000-8000-000000000002,01a0c441-dc05-7521-a2e5-cffdd63883ba,ACTIVE,2473614,247762,610775,0,0,140000
366268,01a0b1c2-b010-7000-8000-000000000002,01a0c441-e0e7-71af-8b1d-ca2cf5125531,ACTIVE,-2155416,-248962,-781163,0,0,140000
366268,01a0b1c2-b010-7000-8000-000000000002,01a0c441-e5c9-76eb-a77b-de784cb71f6a,ACTIVE,-2473612,247842,240928,27,-1,130126
366270,01a0b1c2-b010-7000-8000-000000000002,01a0c441-d723-767b-90a3-bdbdd004e863,ACTIVE,0,-109344,3095906,0,233,140000
366270,01a0b1c2-b010-7000-8000-000000000002,01a0c441-dc05-7521-a2e5-cffdd63883ba,ACTIVE,2473614,247762,624775,0,0,140000
366270,01a0b1c2-b010-7000-8000-000000000002,01a0c441-e0e7-71af-8b1d-ca2cf5125531,ACTIVE,-2155416,-248962,-767163,0,0,140000
366270,01a0b1c2-b010-7000-8000-000000000002,01a0c441-e5c9-76eb-a77b-de784cb71f6a,ACTIVE,-2473610,247841,254204,21,-1,133626
366272,01a0b1c2-b010-7000-8000-000000000002,01a0c441-d723-767b-90a3-bdbdd004e863,ACTIVE,0,-109321,3109906,0,233,140000
366272,01a0b1c2-b010-7000-8000-000000000002,01a0c441-dc05-7521-a2e5-cffdd63883ba,ACTIVE,2473614,247762,638775,0,0,140000
366272,01a0b1c2-b010-7000-8000-000000000002,01a0c441-e0e7-71af-8b1d-ca2cf5125531,ACTIVE,-2155416,-248962,-753163,0,0,140000
366272,01a0b1c2-b010-7000-8000-000000000002,01a0c441-e5c9-76eb-a77b-de784cb71f6a,ACTIVE,-2473608,247841,267829,16,0,137126
366274,01a0b1c2-b010-7000-8000-000000000002,01a0c441-d723-767b-90a3-bdbdd004e863,ACTIVE,0,-109298,3123906,0,233,140000
366274,01a0b1c2-b010-7000-8000-000000000002,01a0c441-dc05-7521-a2e5-cffdd63883ba,ACTIVE,2473614,247762,652775,0,0,140000
366274,01a0b1c2-b010-7000-8000-000000000002,01a0c441-e0e7-71af-8b1d-ca2cf5125531,ACTIVE,-2155416,-248962,-739163,0,0,140000
366274,01a0b1c2-b010-7000-8000-000000000002,01a0c441-e5c9-76eb-a77b-de784cb71f6a,ACTIVE,-2473607,247841,281772,13,0,140000
366276,01a0b1c2-b010-7000-8000-000000000002,01a0c441-d723-767b-90a3-bdbdd004e863,ACTIVE,0,-109275,3137906,0,233,140000
366276,01a0b1c2-b010-7000-8000-000000000002,01a0c441-dc05-7521-a2e5-cffdd63883ba,ACTIVE,2473614,247762,666775,0,0,140000
366276,01a0b1c2-b010-7000-8000-000000000002,01a0c441-e0e7-71af-8b1d-ca2cf5125531,ACTIVE,-2155416,-248962,-725163,0,0,140000
366276,01a0b1c2-b010-7000-8000-000000000002,01a0c441-e5c9-76eb-a77b-de784cb71f6a,ACTIVE,-2473606,247841,295772,10,0,140000
366278,01a0b1c2-b010-7000-8000-000000000002,01a0c441-d723-767b-90a3-bdbdd004e863,ACTIVE,0,-109251,3151906,0,233,140000
366278,01a0b1c2-b010-7000-8000-000000000002,01a0c441-dc05-7521-a2e5-cffdd63883ba,ACTIVE,2473614,247762,680775,0,0,140000
366278,01a0b1c2-b010-7000-8000-000000000002,01a0c441-e0e7-71af-8b1d-ca2cf5125531,ACTIVE,-2155416,-248962,-711163,0,0,140000
366278,01a0b1c2-b010-7000-8000-000000000002,01a0c441-e5c9-76eb-a77b-de784cb71f6a,ACTIVE,-2473605,247841,309772,7,0,140000
366280,01a0b1c2-b010-7000-8000-000000000002,01a0c441-d723-767b-90a3-bdbdd004e863,ACTIVE,0,-109228,3165906,0,233,140000
366280,01a0b1c2-b010-7000-8000-000000000002,01a0c441-dc05-7521-a2e5-cffdd63883ba,ACTIVE,2473614,247762,694775,0,0,140000
366280,01a0b1c2-b010-7000-8000-000000000002,01a0c441-e0e7-71af-8b1d-ca2cf5125531,ACTIVE,-2155416,-248962,-697163,0,0,140000
366280,01a0b1c2-b010-7000-8000-000000000002,01a0c441-e5c9-76eb-a77b-de784cb71f6a,ACTIVE,-2473605,247841,323772,6,0,140000
366282,01a0b1c2-b010-7000-8000-000000000002,01a0c441-d723-767b-90a3-bdbdd004e863,ACTIVE,0,-109205,3179906,0,233,140000
366282,01a0b1c2-b010-7000-8000-000000000002,01a0c441-dc05-7521-a2e5-cffdd63883ba,ACTIVE,2473614,247762,708775,0,0,140000
366282,01a0b1c2-b010-7000-8000-000000000002,01a0c441-e0e7-71af-8b1d-ca2cf5125531,ACTIVE,-2155416,-248962,-683163,0,0,140000
366282,01a0b1c2-b010-7000-8000-000000000002,01a0c441-e5c9-76eb-a77b-de784cb71f6a,ACTIVE,-2473604,247841,337772,4,0,140000
366284,01a0b1c2-b010-7000-8000-000000000002,01a0c441-d723-767b-90a3-bdbdd004e863,ACTIVE,0,-109181,3193906,0,233,140000
366284,01a0b1c2-b010-7000-8000-000000000002,01a0c441-dc05-7521-a2e5-cffdd63883ba,ACTIVE,2473614,247762,722775,0,0,140000
366284,01a0b1c2-b010-7000-8000-000000000002,01a0c441-e0e7-71af-8b1d-ca2cf5125531,ACTIVE,-2155416,-248962,-669163,0,0,140000
366284,01a0b1c2-b010-7000-8000-000000000002,01a0c441-e5c9-76eb-a77b-de784cb71f6a,ACTIVE,-2473604,247841,351772,3,0,140000
366286,01a0b1c2-b010-7000-8000-000000000002,01a0c441-d723-767b-90a3-bdbdd004e863,ACTIVE,0,-109158,3207906,0,233,140000
366286,01a0b1c2-b010-7000-8000-000000000002,01a0c441-dc05-7521-a2e5-cffdd63883ba,ACTIVE,2473614,247762,736775,0,0,140000
366286,01a0b1c2-b010-7000-8000-000000000002,01a0c441-e0e7-71af-8b1d-ca2cf5125531,ACTIVE,-2155416,-248962,-655163,0,0,140000
366286,01a0b1c2-b010-7000-8000-000000000002,01a0c441-e5c9-76eb-a77b-de784cb71f6a,ACTIVE,-2473604,247841,365772,3,0,140000
366288,01a0b1c2-b010-7000-8000-000000000002,01a0c441-d723-767b-90a3-bdbdd004e863,ACTIVE,0,-109135,3221906,0,233,140000
366288,01a0b1c2-b010-7000-8000-000000000002,01a0c441-dc05-7521-a2e5-cffdd63883ba,ACTIVE,2473614,247762,750775,0,0,140000
366288,01a0b1c2-b010-7000-8000-000000000002,01a0c441-e0e7-71af-8b1d-ca2cf5125531,ACTIVE,-2155416,-248962,-641163,0,0,140000
366288,01a0b1c2-b010-7000-8000-000000000002,01a0c441-e5c9-76eb-a77b-de784cb71f6a,ACTIVE,-2473603,247841,379772,2,0,140000
366290,01a0b1c2-b010-7000-8000-000000000002,01a0c441-d723-767b-90a3-bdbdd004e863,ACTIVE,0,-109112,3235906,0,233,140000
366290,01a0b1c2-b010-7000-8000-000000000002,01a0c441-dc05-7521-a2e5-cffdd63883ba,ACTIVE,2473614,247762,764775,0,0,140000
366290,01a0b1c2-b010-7000-8000-000000000002,01a0c441-e0e7-71af-8b1d-ca2cf5125531,ACTIVE,-2155415,-248962,-627163,0,0,140000
366290,01a0b1c2-b010-7000-8000-000000000002,01a0c441-e5c9-76eb-a77b-de784cb71f6a,ACTIVE,-2473603,247841,393772,1,0,140000
366292,01a0b1c2-b010-7000-8000-000000000002,01a0c441-d723-767b-90a3-bdbdd004e863,ACTIVE,0,-109088,3249906,0,233,140000
366292,01a0b1c2-b010-7000-8000-000000000002,01a0c441-dc05-7521-a2e5-cffdd63883ba,ACTIVE,2473614,247762,778775,0,0,140000
366292,01a0b1c2-b010-7000-8000-000000000002,01a0c441-e0e7-71af-8b1d-ca2cf5125531,ACTIVE,-2155415,-248962,-613163,0,0,140000
366292,01a0b1c2-b010-7000-8000-000000000002,01a0c441-e5c9-76eb-a77b-de784cb71f6a,ACTIVE,-2473603,247841,407772,1,0,140000
366294,01a0b1c2-b010-7000-8000-000000000002,01a0c441-d723-767b-90a3-bdbdd004e863,ACTIVE,0,-109065,3263906,0,233,140000
366294,01a0b1c2-b010-7000-8000-000000000002,01a0c441-dc05-7521-a2e5-cffdd63883ba,ACTIVE,2473614,247762,792775,0,0,140000
366294,01a0b1c2-b010-7000-8000-000000000002,01a0c441-e0e7-71af-8b1d-ca2cf5125531,ACTIVE,-2155415,-248962,-599163,0,0,140000
366294,01a0b1c2-b010-7000-8000-000000000002,01a0c441-e5c9-76eb-a77b-de784cb71f6a,ACTIVE,-2473603,247841,421772,1,0,140000
366296,01a0b1c2-b010-7000-8000-000000000002,01a0c441-d723-767b-90a3-bdbdd004e863,ACTIVE,0,-109042,3277906,0,233,140000
366296,01a0b1c2-b010-7000-8000-000000000002,01a0c441-dc05-7521-a2e5-cffdd63883ba,ACTIVE,2473614,247762,806775,0,0,140000
366296,01a0b1c2-b010-7000-8000-000000000002,01a0c441-e0e7-71af-8b1d-ca2cf5125531,ACTIVE,-2155415,-248962,-585163,0,0,140000
366296,01a0b1c2-b010-7000-8000-000000000002,01a0c441-e5c9-76eb-a77b-de784cb71f6a,ACTIVE,-2473603,247841,435772,1,0,140000
366298,01a0b1c2-b010-7000-8000-000000000002,01a0c441-d723-767b-90a3-bdbdd004e863,ACTIVE,0,-109019,3291906,0,233,140000
366298,01a0b1c2-b010-7000-8000-000000000002,01a0c441-dc05-7521-a2e5-cffdd63883ba,ACTIVE,2473614,247762,820775,0,0,140000
366298,01a0b1c2-b010-7000-8000-000000000002,01a0c441-e0e7-71af-8b1d-ca2cf5125531,ACTIVE,-2155415,-248962,-571163,0,0,140000
366298,01a0b1c2-b010-7000-8000-000000000002,01a0c441-e5c9-76eb-a77b-de784cb71f6a,ACTIVE,-2473603,247841,449772,0,0,140000
366300,01a0b1c2-b010-7000-8000-000000000002,01a0c441-d723-767b-90a3-bdbdd004e863,ACTIVE,0,-108995,3305906,0,233,140000
366300,01a0b1c2-b010-7000-8000-000000000002,01a0c441-dc05-7521-a2e5-cffdd63883ba,ACTIVE,2473614,247762,834775,0,0,140000
366300,01a0b1c2-b010-7000-8000-000000000002,01a0c441-e0e7-71af-8b1d-ca2cf5125531,ACTIVE,-2155415,-248962,-557163,0,0,140000
366300,01a0b1c2-b010-7000-8000-000000000002,01a0c441-e5c9-76eb-a77b-de784cb71f6a,ACTIVE,-2473603,247841,463772,0,0,140000
366302,01a0b1c2-b010-7000-8000-000000000002,01a0c441-d723-767b-90a3-bdbdd004e863,ACTIVE,0,-108972,3319906,0,233,140000
366302,01a0b1c2-b010-7000-8000-000000000002,01a0c441-dc05-7521-a2e5-cffdd63883ba,ACTIVE,2473614,247762,848775,0,0,140000
366302,01a0b1c2-b010-7000-8000-000000000002,01a0c441-e0e7-71af-8b1d-ca2cf5125531,ACTIVE,-2155415,-248962,-543163,0,0,140000
366302,01a0b1c2-b010-7000-8000-000000000002,01a0c441-e5c9-76eb-a77b-de784cb71f6a,ACTIVE,-2473603,247841,477772,0,0,140000
366304,01a0b1c2-b010-7000-8000-000000000002,01a0c441-d723-767b-90a3-bdbdd004e863,ACTIVE,0,-108949,3333906,0,233,140000
366304,01a0b1c2-b010-7000-8000-000000000002,01a0c441-dc05-7521-a2e5-cffdd63883ba,ACTIVE,2473614,247762,862775,0,0,140000
366304,01a0b1c2-b010-7000-8000-000000000002,01a0c441-e0e7-71af-8b1d-ca2cf5125531,ACTIVE,-2155415,-248962,-529163,0,0,140000
366304,01a0b1c2-b010-7000-8000-000000000002,01a0c441-e5c9-76eb-a77b-de784cb71f6a,ACTIVE,-2473603,247841,491772,0,0,140000
366306,01a0b1c2-b010-7000-8000-000000000002,01a0c441-d723-767b-90a3-bdbdd004e863,ACTIVE,0,-108925,3347906,0,233,140000
366306,01a0b1c2-b010-7000-8000-000000000002,01a0c441-dc05-7521-a2e5-cffdd63883ba,ACTIVE,2473614,247762,876775,0,0,140000
366306,01a0b1c2-b010-7000-8000-000000000002,01a0c441-e0e7-71af-8b1d-ca2cf5125531,ACTIVE,-2155415,-248962,-515163,0,0,140000
366306,01a0b1c2-b010-7000-8000-000000000002,01a0c441-e5c9-76eb-a77b-de784cb71f6a,ACTIVE,-2473603,247841,505772,0,0,140000
366308,01a0b1c2-b010-7000-8000-000000000002,01a0c441-d723-767b-90a3-bdbdd004e863,ACTIVE,0,-108902,3361906,0,233,140000
366308,01a0b1c2-b010-7000-8000-000000000002,01a0c441-dc05-7521-a2e5-cffdd63883ba,ACTIVE,2473614,247762,890775,0,0,140000
366308,01a0b1c2-b010-7000-8000-000000000002,01a0c441-e0e7-71af-8b1d-ca2cf5125531,ACTIVE,-2155415,-248962,-501163,0,0,140000
366308,01a0b1c2-b010-7000-8000-000000000002,01a0c441-e5c9-76eb-a77b-de784cb71f6a,ACTIVE,-2473603,247841,519772,0,0,140000
366310,01a0b1c2-b010-7000-8000-000000000002,01a0c441-d723-767b-90a3-bdbdd004e863,ACTIVE,0,-108879,3375906,0,233,140000
366310,01a0b1c2-b010-7000-8000-000000000002,01a0c441-dc05-7521-a2e5-cffdd63883ba,ACTIVE,2473614,247762,904775,0,0,140000
366310,01a0b1c2-b010-7000-8000-000000000002,01a0c441-e0e7-71af-8b1d-ca2cf5125531,ACTIVE,-2155415,-248962,-487163,0,0,140000
366310,01a0b1c2-b010-7000-8000-000000000002,01a0c441-e5c9-76eb-a77b-de784cb71f6a,ACTIVE,-2473603,247841,533772,0,0,140000
366312,01a0b1c2-b010-7000-8000-000000000002,01a0c441-d723-767b-90a3-bdbdd004e863,ACTIVE,0,-108856,3389906,0,233,140000
366312,01a0b1c2-b010-7000-8000-000000000002,01a0c441-dc05-7521-a2e5-cffdd63883ba,ACTIVE,2473614,247762,918775,0,0,140000
366312,01a0b1c2-b010-7000-8000-000000000002,01a0c441-e0e7-71af-8b1d-ca2cf5125531,ACTIVE,-2155415,-248962,-473163,0,0,140000
366312,01a0b1c2-b010-7000-8000-000000000002,01a0c441-e5c9-76eb-a77b-de784cb71f6a,ACTIVE,-2473603,247841,547772,0,0,140000
366314,01a0b1c2-b010-7000-8000-000000000002,01a0c441-d723-767b-90a3-bdbdd004e863,ACTIVE,0,-108832,3403906,0,233,140000
366314,01a0b1c2-b010-7000-8000-000000000002,01a0c441-dc05-7521-a2e5-cffdd63883ba,ACTIVE,2473614,247762,932775,0,0,140000
366314,01a0b1c2-b010-7000-8000-000000000002,01a0c441-e0e7-71af-8b1d-ca2cf5125531,ACTIVE,-2155415,-248962,-459163,0,0,140000
366314,01a0b1c2-b010-7000-8000-000000000002,01a0c441-e5c9-76eb-a77b-de784cb71f6a,ACTIVE,-2473603,247841,561772,0,0,140000
366316,01a0b1c2-b010-7000-8000-000000000002,01a0c441-d723-767b-90a3-bdbdd004e863,ACTIVE,0,-108809,3417906,0,233,140000
366316,01a0b1c2-b010-7000-8000-000000000002,01a0c441-dc05-7521-a2e5-cffdd63883ba,ACTIVE,2473614,247762,946775,0,0,140000
366316,01a0b1c2-b010-7000-8000-000000000002,01a0c441-e0e7-71af-8b1d-ca2cf5125531,ACTIVE,-2155415,-248962,-445163,0,0,140000
366316,01a0b1c2-b010-7000-8000-000000000002,01a0c441-e5c9-76eb-a77b-de784cb71f6a,ACTIVE,-2473603,247841,575772,0,0,140000
366318,01a0b1c2-b010-7000-8000-000000000002,01a0c441-d723-767b-90a3-bdbdd004e863,ACTIVE,0,-108786,3431906,0,233,140000
366318,01a0b1c2-b010-7000-8000-000000000002,01a0c441-dc05-7521-a2e5-cffdd63883ba,ACTIVE,2473614,247762,960775,0,0,140000
366318,01a0b1c2-b010-7000-8000-000000000002,01a0c441-e0e7-71af-8b1d-ca2cf5125531,ACTIVE,-2155415,-248962,-431163,0,0,140000
366318,01a0b1c2-b010-7000-8000-000000000002,01a0c441-e5c9-76eb-a77b-de784cb71f6a,ACTIVE,-2473603,247841,589772,0,0,140000
366320,01a0b1c2-b010-7000-8000-000000000002,01a0c441-d723-767b-90a3-bdbdd004e863,ACTIVE,0,-108763,3445906,0,233,140000
366320,01a0b1c2-b010-7000-8000-000000000002,01a0c441-dc05-7521-a2e5-cffdd63883ba,ACTIVE,2473614,247762,974775,0,0,140000
366320,01a0b1c2-b010-7000-8000-000000000002,01a0c441-e0e7-71af-8b1d-ca2cf5125531,ACTIVE,-2155415,-248962,-417163,0,0,140000
366320,01a0b1c2-b010-7000-8000-000000000002,01a0c441-e5c9-76eb-a77b-de784cb71f6a,ACTIVE,-2473603,247841,603772,0,0,140000
366322,01a0b1c2-b010-7000-8000-000000000002,01a0c441-d723-767b-90a3-bdbdd004e863,ACTIVE,0,-108739,3459906,0,233,140000
366322,01a0b1c2-b010-7000-8000-000000000002,01a0c441-dc05-7521-a2e5-cffdd63883ba,ACTIVE,2473614,247762,988775,0,0,140000
366322,01a0b1c2-b010-7000-8000-000000000002,01a0c441-e0e7-71af-8b1d-ca2cf5125531,ACTIVE,-2155415,-248962,-403163,0,0,140000
366322,01a0b1c2-b010-7000-8000-000000000002,01a0c441-e5c9-76eb-a77b-de784cb71f6a,ACTIVE,-2473603,247841,617772,0,0,140000
366324,01a0b1c2-b010-7000-8000-000000000002,01a0c441-d723-767b-90a3-bdbdd004e863,ACTIVE,0,-108716,3473906,0,233,140000
366324,01a0b1c2-b010-7000-8000-000000000002,01a0c441-dc05-7521-a2e5-cffdd63883ba,ACTIVE,2473614,247762,1002775,0,0,140000
366324,01a0b1c2-b010-7000-8000-000000000002,01a0c441-e0e7-71af-8b1d-ca2cf5125531,ACTIVE,-2155415,-248962,-389163,0,0,140000
366324,01a0b1c2-b010-7000-8000-000000000002,01a0c441-e5c9-76eb-a77b-de784cb71f6a,ACTIVE,-2473603,247841,631772,0,0,140000
366326,01a0b1c2-b010-7000-8000-000000000002,01a0c441-d723-767b-90a3-bdbdd004e863,ACTIVE,0,-108693,3487906,0,233,140000
366326,01a0b1c2-b010-7000-8000-000000000002,01a0c441-dc05-7521-a2e5-cffdd63883ba,ACTIVE,2473614,247762,1016775,0,0,140000
366326,01a0b1c2-b010-7000-8000-000000000002,01a0c441-e0e7-71af-8b1d-ca2cf5125531,ACTIVE,-2155415,-248962,-375163,0,0,140000
366326,01a0b1c2-b010-7000-8000-000000000002,01a0c441-e5c9-76eb-a77b-de784cb71f6a,ACTIVE,-2473603,247841,645772,0,0,140000
366328,01a0b1c2-b010-7000-8000-000000000002,01a0c441-d723-767b-90a3-bdbdd004e863,ACTIVE,0,-108669,3501906,0,233,140000
366328,01a0b1c2-b010-7000-8000-000000000002,01a0c441-dc05-7521-a2e5-cffdd63883ba,ACTIVE,2473614,247762,1030775,0,0,140000
366328,01a0b1c2-b010-7000-8000-000000000002,01a0c441-e0e7-71af-8b1d-ca2cf5125531,ACTIVE,-2155415,-248962,-361163,0,0,140000
366328,01a0b1c2-b010-7000-8000-000000000002,01a0c441-e5c9-76eb-a77b-de784cb71f6a,ACTIVE,-2473603,247841,659772,0,0,140000
366330,01a0b1c2-b010-7000-8000-000000000002,01a0c441-d723-767b-90a3-bdbdd004e863,ACTIVE,0,-108646,3515906,0,233,140000
366330,01a0b1c2-b010-7000-8000-000000000002,01a0c441-dc05-7521-a2e5-cffdd63883ba,ACTIVE,2473614,247762,1044775,0,0,140000
366330,01a0b1c2-b010-7000-8000-000000000002,01a0c441-e0e7-71af-8b1d-ca2cf5125531,ACTIVE,-2155415,-248962,-347163,0,0,140000
366330,01a0b1c2-b010-7000-8000-000000000002,01a0c441-e5c9-76eb-a77b-de784cb71f6a,ACTIVE,-2473603,247841,673772,0,0,140000
366332,01a0b1c2-b010-7000-8000-000000000002,01a0c441-d723-767b-90a3-bdbdd004e863,ACTIVE,0,-108623,3529906,0,233,140000
366332,01a0b1c2-b010-7000-8000-000000000002,01a0c441-dc05-7521-a2e5-cffdd63883ba,ACTIVE,2473614,247762,1058775,0,0,140000
366332,01a0b1c2-b010-7000-8000-000000000002,01a0c441-e0e7-71af-8b1d-ca2cf5125531,ACTIVE,-2155415,-248962,-333163,0,0,140000
366332,01a0b1c2-b010-7000-8000-000000000002,01a0c441-e5c9-76eb-a77b-de784cb71f6a,ACTIVE,-2473603,247841,687772,0,0,140000
366334,01a0b1c2-b010-7000-8000-000000000002,01a0c441-d723-767b-90a3-bdbdd004e863,ACTIVE,0,-108600,3543906,0,233,140000
366334,01a0b1c2-b010-7000-8000-000000000002,01a0c441-dc05-7521-a2e5-cffdd63883ba,ACTIVE,2473614,247762,1072775,0,0,140000
366334,01a0b1c2-b010-7000-8000-000000000002,01a0c441-e0e7-71af-8b1d-ca2cf5125531,ACTIVE,-2155415,-248962,-319163,0,0,140000
366334,01a0b1c2-b010-7000-8000-000000000002,01a0c441-e5c9-76eb-a77b-de784cb71f6a,ACTIVE,-2473603,247841,701772,0,0,140000
366336,01a0b1c2-b010-7000-8000-000000000002,01a0c441-d723-767b-90a3-bdbdd004e863,ACTIVE,0,-108576,3557906,0,233,140000
366336,01a0b1c2-b010-7000-8000-000000000002,01a0c441-dc05-7521-a2e5-cffdd63883ba,ACTIVE,2473614,247762,1086775,0,0,140000
366336,01a0b1c2-b010-7000-8000-000000000002,01a0c441-e0e7-71af-8b1d-ca2cf5125531,ACTIVE,-2155415,-248962,-305163,0,0,140000
366336,01a0b1c2-b010-7000-8000-000000000002,01a0c441-e5c9-76eb-a77b-de784cb71f6a,ACTIVE,-2473603,247841,715772,0,0,140000
366338,01a0b1c2-b010-7000-8000-000000000002,01a0c441-d723-767b-90a3-bdbdd004e863,ACTIVE,0,-108553,3571906,0,233,140000
366338,01a0b1c2-b010-7000-8000-000000000002,01a0c441-dc05-7521-a2e5-cffdd63883ba,ACTIVE,2473614,247762,1100775,0,0,140000
366338,01a0b1c2-b010-7000-8000-000000000002,01a0c441-e0e7-71af-8b1d-ca2cf5125531,ACTIVE,-2155415,-248962,-291163,0,0,140000
366338,01a0b1c2-b010-7000-8000-000000000002,01a0c441-e5c9-76eb-a77b-de784cb71f6a,ACTIVE,-2473603,247841,729772,0,0,140000
366340,01a0b1c2-b010-7000-8000-000000000002,01a0c441-d723-767b-90a3-bdbdd004e863,ACTIVE,0,-108530,3585906,0,233,140000
366340,01a0b1c2-b010-7000-8000-000000000002,01a0c441-dc05-7521-a2e5-cffdd63883ba,ACTIVE,2473614,247762,1114775,0,0,140000
366340,01a0b1c2-b010-7000-8000-000000000002,01a0c441-e0e7-71af-8b1d-ca2cf5125531,ACTIVE,-2155415,-248962,-277163,0,0,140000
366340,01a0b1c2-b010-7000-8000-000000000002,01a0c441-e5c9-76eb-a77b-de784cb71f6a,ACTIVE,-2473603,247841,743772,0,0,140000
366342,01a0b1c2-b010-7000-8000-000000000002,01a0c441-d723-767b-90a3-bdbdd004e863,ACTIVE,0,-108507,3599906,0,233,140000
366342,01a0b1c2-b010-7000-8000-000000000002,01a0c441-dc05-7521-a2e5-cffdd63883ba,ACTIVE,2473614,247762,1128775,0,0,140000
366342,01a0b1c2-b010-7000-8000-000000000002,01a0c441-e0e7-71af-8b1d-ca2cf5125531,ACTIVE,-2155415,-248962,-263163,0,0,140000
366342,01a0b1c2-b010-7000-8000-000000000002,01a0c441-e5c9-76eb-a77b-de784cb71f6a,ACTIVE,-2473603,247841,757772,0,0,140000
366344,01a0b1c2-b010-7000-8000-000000000002,01a0c441-d723-767b-90a3-bdbdd004e863,ACTIVE,0,-108483,3613906,0,233,140000
366344,01a0b1c2-b010-7000-8000-000000000002,01a0c441-dc05-7521-a2e5-cffdd63883ba,ACTIVE,2473614,247762,1142775,0,0,140000
366344,01a0b1c2-b010-7000-8000-000000000002,01a0c441-e0e7-71af-8b1d-ca2cf5125531,ACTIVE,-2155415,-248962,-249163,0,0,140000
366344,01a0b1c2-b010-7000-8000-000000000002,01a0c441-e5c9-76eb-a77b-de784cb71f6a,ACTIVE,-2473603,247841,771772,0,0,140000
366346,01a0b1c2-b010-7000-8000-000000000002,01a0c441-d723-767b-90a3-bdbdd004e863,ACTIVE,0,-108460,3627906,0,233,140000
366346,01a0b1c2-b010-7000-8000-000000000002,01a0c441-dc05-7521-a2e5-cffdd63883ba,ACTIVE,2473614,247762,1156775,0,0,140000
366346,01a0b1c2-b010-7000-8000-000000000002,01a0c441-e0e7-71af-8b1d-ca2cf5125531,ACTIVE,-2155415,-248962,-235163,0,0,140000
366346,01a0b1c2-b010-7000-8000-000000000002,01a0c441-e5c9-76eb-a77b-de784cb71f6a,ACTIVE,-2473603,247841,785772,0,0,140000
366348,01a0b1c2-b010-7000-8000-000000000002,01a0c441-d723-767b-90a3-bdbdd004e863,ACTIVE,0,-108437,3641906,0,233,140000
366348,01a0b1c2-b010-7000-8000-000000000002,01a0c441-dc05-7521-a2e5-cffdd63883ba,ACTIVE,2473614,247762,1170775,0,0,140000
366348,01a0b1c2-b010-7000-8000-000000000002,01a0c441-e0e7-71af-8b1d-ca2cf5125531,ACTIVE,-2155415,-248962,-221163,0,0,140000
366348,01a0b1c2-b010-7000-8000-000000000002,01a0c441-e5c9-76eb-a77b-de784cb71f6a,ACTIVE,-2473603,247841,799772,0,0,140000
366350,01a0b1c2-b010-7000-8000-000000000002,01a0c441-d723-767b-90a3-bdbdd004e863,ACTIVE,0,-108413,3655906,0,233,140000
366350,01a0b1c2-b010-7000-8000-000000000002,01a0c441-dc05-7521-a2e5-cffdd63883ba,ACTIVE,2473614,247762,1184775,0,0,140000
366350,01a0b1c2-b010-7000-8000-000000000002,01a0c441-e0e7-71af-8b1d-ca2cf5125531,ACTIVE,-2155415,-248962,-207163,0,0,140000
366350,01a0b1c2-b010-7000-8000-000000000002,01a0c441-e5c9-76eb-a77b-de784cb71f6a,ACTIVE,-2473603,247841,813772,0,0,140000
366352,01a0b1c2-b010-7000-8000-000000000002,01a0c441-d723-767b-90a3-bdbdd004e863,ACTIVE,0,-108390,3669906,0,233,140000
366352,01a0b1c2-b010-7000-8000-000000000002,01a0c441-dc05-7521-a2e5-cffdd63883ba,ACTIVE,2473614,247762,1198775,0,0,140000
366352,01a0b1c2-b010-7000-8000-000000000002,01a0c441-e0e7-71af-8b1d-ca2cf5125531,ACTIVE,-2155415,-248962,-193163,0,0,140000
366352,01a0b1c2-b010-7000-8000-000000000002,01a0c441-e5c9-76eb-a77b-de784cb71f6a,ACTIVE,-2473603,247841,827772,0,0,140000
366354,01a0b1c2-b010-7000-8000-000000000002,01a0c441-d723-767b-90a3-bdbdd004e863,ACTIVE,0,-108367,3683906,0,233,140000
366354,01a0b1c2-b010-7000-8000-000000000002,01a0c441-dc05-7521-a2e5-cffdd63883ba,ACTIVE,2473614,247762,1212775,0,0,140000
366354,01a0b1c2-b010-7000-8000-000000000002,01a0c441-e0e7-71af-8b1d-ca2cf5125531,ACTIVE,-2155415,-248962,-179163,0,0,140000
366354,01a0b1c2-b010-7000-8000-000000000002,01a0c441-e5c9-76eb-a77b-de784cb71f6a,ACTIVE,-2473603,247841,841772,0,0,140000
366356,01a0b1c2-b010-7000-8000-000000000002,01a0c441-d723-767b-90a3-bdbdd004e863,ACTIVE,0,-108344,3697906,0,233,140000
366356,01a0b1c2-b010-7000-8000-000000000002,01a0c441-dc05-7521-a2e5-cffdd63883ba,ACTIVE,2473614,247762,1226775,0,0,140000
366356,01a0b1c2-b010-7000-8000-000000000002,01a0c441-e0e7-71af-8b1d-ca2cf5125531,ACTIVE,-2155415,-248962,-165163,0,0,140000
366356,01a0b1c2-b010-7000-8000-000000000002,01a0c441-e5c9-76eb-a77b-de784cb71f6a,ACTIVE,-2473603,247841,855772,0,0,140000
366358,01a0b1c2-b010-7000-8000-000000000002,01a0c441-d723-767b-90a3-bdbdd004e863,ACTIVE,0,-108320,3711906,0,233,140000
366358,01a0b1c2-b010-7000-8000-000000000002,01a0c441-dc05-7521-a2e5-cffdd63883ba,ACTIVE,2473614,247762,1240775,0,0,140000
366358,01a0b1c2-b010-7000-8000-000000000002,01a0c441-e0e7-71af-8b1d-ca2cf5125531,ACTIVE,-2155415,-248962,-151163,0,0,140000
366358,01a0b1c2-b010-7000-8000-000000000002,01a0c441-e5c9-76eb-a77b-de784cb71f6a,ACTIVE,-2473603,247841,869772,0,0,140000
366360,01a0b1c2-b010-7000-8000-000000000002,01a0c441-d723-767b-90a3-bdbdd004e863,ACTIVE,0,-108297,3725906,0,233,140000
366360,01a0b1c2-b010-7000-8000-000000000002,01a0c441-dc05-7521-a2e5-cffdd63883ba,ACTIVE,2473614,247762,1254775,0,0,140000
366360,01a0b1c2-b010-7000-8000-000000000002,01a0c441-e0e7-71af-8b1d-ca2cf5125531,ACTIVE,-2155415,-248962,-137163,0,0,140000
366360,01a0b1c2-b010-7000-8000-000000000002,01a0c441-e5c9-76eb-a77b-de784cb71f6a,ACTIVE,-2473603,247841,883772,0,0,140000
366362,01a0b1c2-b010-7000-8000-000000000002,01a0c441-d723-767b-90a3-bdbdd004e863,ACTIVE,0,-108274,3739906,0,233,140000
366362,01a0b1c2-b010-7000-8000-000000000002,01a0c441-dc05-7521-a2e5-cffdd63883ba,ACTIVE,2473614,247762,1268775,0,0,140000
366362,01a0b1c2-b010-7000-8000-000000000002,01a0c441-e0e7-71af-8b1d-ca2cf5125531,ACTIVE,-2155415,-248962,-123163,0,0,140000
366362,01a0b1c2-b010-7000-8000-000000000002,01a0c441-e5c9-76eb-a77b-de784cb71f6a,ACTIVE,-2473603,247841,897772,0,0,140000
366364,01a0b1c2-b010-7000-8000-000000000002,01a0c441-d723-767b-90a3-bdbdd004e863,ACTIVE,0,-108251,3753906,0,233,140000
366364,01a0b1c2-b010-7000-8000-000000000002,01a0c441-dc05-7521-a2e5-cffdd63883ba,ACTIVE,2473614,247762,1282775,0,0,140000
366364,01a0b1c2-b010-7000-8000-000000000002,01a0c441-e0e7-71af-8b1d-ca2cf5125531,ACTIVE,-2155415,-248962,-109163,0,0,140000
366364,01a0b1c2-b010-7000-8000-000000000002,01a0c441-e5c9-76eb-a77b-de784cb71f6a,ACTIVE,-2473603,247841,911772,0,0,140000
366366,01a0b1c2-b010-7000-8000-000000000002,01a0c441-d723-767b-90a3-bdbdd004e863,ACTIVE,0,-108227,3767905,0,233,140000
366366,01a0b1c2-b010-7000-8000-000000000002,01a0c441-dc05-7521-a2e5-cffdd63883ba,ACTIVE,2473614,247762,1296775,0,0,140000
366366,01a0b1c2-b010-7000-8000-000000000002,01a0c441-e0e7-71af-8b1d-ca2cf5125531,ACTIVE,-2155415,-248962,-95163,0,0,140000
366366,01a0b1c2-b010-7000-8000-000000000002,01a0c441-e5c9-76eb-a77b-de784cb71f6a,ACTIVE,-2473603,247841,925772,0,0,140000
366368,01a0b1c2-b010-7000-8000-000000000002,01a0c441-d723-767b-90a3-bdbdd004e863,ACTIVE,0,-108204,3781905,0,233,140000
366368,01a0b1c2-b010-7000-8000-000000000002,01a0c441-dc05-7521-a2e5-cffdd63883ba,ACTIVE,2473614,247762,1310775,0,0,140000
366368,01a0b1c2-b010-7000-8000-000000000002,01a0c441-e0e7-71af-8b1d-ca2cf5125531,ACTIVE,-2155415,-248962,-81163,0,0,140000
366368,01a0b1c2-b010-7000-8000-000000000002,01a0c441-e5c9-76eb-a77b-de784cb71f6a,ACTIVE,-2473603,247841,939772,0,0,140000
366370,01a0b1c2-b010-7000-8000-000000000002,01a0c441-d723-767b-90a3-bdbdd004e863,ACTIVE,0,-108181,3795905,0,233,140000
366370,01a0b1c2-b010-7000-8000-000000000002,01a0c441-dc05-7521-a2e5-cffdd63883ba,ACTIVE,2473614,247762,1324775,0,0,140000
366370,01a0b1c2-b010-7000-8000-000000000002,01a0c441-e0e7-71af-8b1d-ca2cf5125531,ACTIVE,-2155415,-248962,-67163,0,0,140000
366370,01a0b1c2-b010-7000-8000-000000000002,01a0c441-e5c9-76eb-a77b-de784cb71f6a,ACTIVE,-2473603,247841,953772,0,0,140000
366372,01a0b1c2-b010-7000-8000-000000000002,01a0c441-d723-767b-90a3-bdbdd004e863,ACTIVE,0,-108157,3809905,0,233,140000
366372,01a0b1c2-b010-7000-8000-000000000002,01a0c441-dc05-7521-a2e5-cffdd63883ba,ACTIVE,2473614,247762,1338775,0,0,140000
366372,01a0b1c2-b010-7000-8000-000000000002,01a0c441-e0e7-71af-8b1d-ca2cf5125531,ACTIVE,-2155415,-248962,-53163,0,0,140000
366372,01a0b1c2-b010-7000-8000-000000000002,01a0c441-e5c9-76eb-a77b-de784cb71f6a,ACTIVE,-2473603,247841,967772,0,0,140000
366374,01a0b1c2-b010-7000-8000-000000000002,01a0c441-d723-767b-90a3-bdbdd004e863,ACTIVE,0,-108134,3823905,0,233,140000
366374,01a0b1c2-b010-7000-8000-000000000002,01a0c441-dc05-7521-a2e5-cffdd63883ba,ACTIVE,2473614,247762,1352775,0,0,140000
366374,01a0b1c2-b010-7000-8000-000000000002,01a0c441-e0e7-71af-8b1d-ca2cf5125531,ACTIVE,-2155415,-248962,-39163,0,0,140000
366374,01a0b1c2-b010-7000-8000-000000000002,01a0c441-e5c9-76eb-a77b-de784cb71f6a,ACTIVE,-2473603,247841,981772,0,0,140000
366376,01a0b1c2-b010-7000-8000-000000000002,01a0c441-d723-767b-90a3-bdbdd004e863,ACTIVE,0,-108111,3837905,0,233,140000
366376,01a0b1c2-b010-7000-8000-000000000002,01a0c441-dc05-7521-a2e5-cffdd63883ba,ACTIVE,2473614,247762,1366775,0,0,140000
366376,01a0b1c2-b010-7000-8000-000000000002,01a0c441-e0e7-71af-8b1d-ca2cf5125531,ACTIVE,-2155415,-248962,-25163,0,0,140000
366376,01a0b1c2-b010-7000-8000-000000000002,01a0c441-e5c9-76eb-a77b-de784cb71f6a,ACTIVE,-2473603,247841,995772,0,0,140000
366378,01a0b1c2-b010-7000-8000-000000000002,01a0c441-d723-767b-90a3-bdbdd004e863,ACTIVE,0,-108088,3851905,0,233,140000
366378,01a0b1c2-b010-7000-8000-000000000002,01a0c441-dc05-7521-a2e5-cffdd63883ba,ACTIVE,2473614,247762,1380775,0,0,140000
366378,01a0b1c2-b010-7000-8000-000000000002,01a0c441-e0e7-71af-8b1d-ca2cf5125531,ACTIVE,-2155415,-248962,-11163,0,0,140000
366378,01a0b1c2-b010-7000-8000-000000000002,01a0c441-e5c9-76eb-a77b-de784cb71f6a,ACTIVE,-2473603,247841,1009772,0,0,140000
366380,01a0b1c2-b010-7000-8000-000000000002,01a0c441-d723-767b-90a3-bdbdd004e863,ACTIVE,0,-108064,3865905,0,233,140000
366380,01a0b1c2-b010-7000-8000-000000000002,01a0c441-dc05-7521-a2e5-cffdd63883ba,ACTIVE,2473614,247762,1394775,0,0,140000
366380,01a0b1c2-b010-7000-8000-000000000002,01a0c441-e0e7-71af-8b1d-ca2cf5125531,ACTIVE,-2155415,-248962,2837,0,0,140000
366380,01a0b1c2-b010-7000-8000-000000000002,01a0c441-e5c9-76eb-a77b-de784cb71f6a,ACTIVE,-2473603,247841,1023772,0,0,140000
366382,01a0b1c2-b010-7000-8000-000000000002,01a0c441-d723-767b-90a3-bdbdd004e863,ACTIVE,0,-108041,3879905,0,233,140000
366382,01a0b1c2-b010-7000-8000-000000000002,01a0c441-dc05-7521-a2e5-cffdd63883ba,ACTIVE,2473614,247762,1408775,0,0,140000
366382,01a0b1c2-b010-7000-8000-000000000002,01a0c441-e0e7-71af-8b1d-ca2cf5125531,ACTIVE,-2155415,-248962,16837,0,0,140000
366382,01a0b1c2-b010-7000-8000-000000000002,01a0c441-e5c9-76eb-a77b-de784cb71f6a,ACTIVE,-2473603,247841,1037772,0,0,140000
366384,01a0b1c2-b010-7000-8000-000000000002,01a0c441-d723-767b-90a3-bdbdd004e863,ACTIVE,0,-108018,3893905,0,233,140000
366384,01a0b1c2-b010-7000-8000-000000000002,01a0c441-dc05-7521-a2e5-cffdd63883ba,ACTIVE,2473614,247762,1422775,0,0,140000
366384,01a0b1c2-b010-7000-8000-000000000002,01a0c441-e0e7-71af-8b1d-ca2cf5125531,ACTIVE,-2155415,-248962,30837,0,0,140000
366384,01a0b1c2-b010-7000-8000-000000000002,01a0c441-e5c9-76eb-a77b-de784cb71f6a,ACTIVE,-2473603,247841,1051772,0,0,140000
366386,01a0b1c2-b010-7000-8000-000000000002,01a0c441-d723-767b-90a3-bdbdd004e863,ACTIVE,0,-107995,3907905,0,233,140000
366386,01a0b1c2-b010-7000-8000-000000000002,01a0c441-dc05-7521-a2e5-cffdd63883ba,ACTIVE,2473614,247762,1436775,0,0,140000
366386,01a0b1c2-b010-7000-8000-000000000002,01a0c441-e0e7-71af-8b1d-ca2cf5125531,ACTIVE,-2155415,-248962,44837,0,0,140000
366386,01a0b1c2-b010-7000-8000-000000000002,01a0c441-e5c9-76eb-a77b-de784cb71f6a,ACTIVE,-2473603,247841,1065772,0,0,140000
366388,01a0b1c2-b010-7000-8000-000000000002,01a0c441-d723-767b-90a3-bdbdd004e863,ACTIVE,0,-107971,3921905,0,233,140000
366388,01a0b1c2-b010-7000-8000-000000000002,01a0c441-dc05-7521-a2e5-cffdd63883ba,ACTIVE,2473614,247762,1450775,0,0,140000
366388,01a0b1c2-b010-7000-8000-000000000002,01a0c441-e0e7-71af-8b1d-ca2cf5125531,ACTIVE,-2155415,-248962,58837,0,0,140000
366388,01a0b1c2-b010-7000-8000-000000000002,01a0c441-e5c9-76eb-a77b-de784cb71f6a,ACTIVE,-2473603,247841,1079772,0,0,140000
366390,01a0b1c2-b010-7000-8000-000000000002,01a0c441-d723-767b-90a3-bdbdd004e863,ACTIVE,0,-107948,3935905,0,233,140000
366390,01a0b1c2-b010-7000-8000-000000000002,01a0c441-dc05-7521-a2e5-cffdd63883ba,ACTIVE,2473614,247762,1464775,0,0,140000
366390,01a0b1c2-b010-7000-8000-000000000002,01a0c441-e0e7-71af-8b1d-ca2cf5125531,ACTIVE,-2155415,-248962,72837,0,0,140000
366390,01a0b1c2-b010-7000-8000-000000000002,01a0c441-e5c9-76eb-a77b-de784cb71f6a,ACTIVE,-2473603,247841,1093772,0,0,140000
366392,01a0b1c2-b010-7000-8000-000000000002,01a0c441-d723-767b-90a3-bdbdd004e863,ACTIVE,0,-107925,3949905,0,233,140000
366392,01a0b1c2-b010-7000-8000-000000000002,01a0c441-dc05-7521-a2e5-cffdd63883ba,ACTIVE,2473614,247762,1478775,0,0,140000
366392,01a0b1c2-b010-7000-8000-000000000002,01a0c441-e0e7-71af-8b1d-ca2cf5125531,ACTIVE,-2155415,-248962,86837,0,0,140000
366392,01a0b1c2-b010-7000-8000-000000000002,01a0c441-e5c9-76eb-a77b-de784cb71f6a,ACTIVE,-2473603,247841,1107772,0,0,140000
366394,01a0b1c2-b010-7000-8000-000000000002,01a0c441-d723-767b-90a3-bdbdd004e863,ACTIVE,0,-107901,3963905,0,233,140000
366394,01a0b1c2-b010-7000-8000-000000000002,01a0c441-dc05-7521-a2e5-cffdd63883ba,ACTIVE,2473614,247762,1492775,0,0,140000
366394,01a0b1c2-b010-7000-8000-000000000002,01a0c441-e0e7-71af-8b1d-ca2cf5125531,ACTIVE,-2155415,-248962,100837,0,0,140000
366394,01a0b1c2-b010-7000-8000-000000000002,01a0c441-e5c9-76eb-a77b-de784cb71f6a,ACTIVE,-2473603,247841,1121772,0,0,140000
366396,01a0b1c2-b010-7000-8000-000000000002,01a0c441-d723-767b-90a3-bdbdd004e863,ACTIVE,0,-107878,3977905,0,233,140000
366396,01a0b1c2-b010-7000-8000-000000000002,01a0c441-dc05-7521-a2e5-cffdd63883ba,ACTIVE,2473614,247762,1506775,0,0,140000
366396,01a0b1c2-b010-7000-8000-000000000002,01a0c441-e0e7-71af-8b1d-ca2cf5125531,ACTIVE,-2155415,-248962,114837,0,0,140000
366396,01a0b1c2-b010-7000-8000-000000000002,01a0c441-e5c9-76eb-a77b-de784cb71f6a,ACTIVE,-2473603,247841,1135772,0,0,140000
366398,01a0b1c2-b010-7000-8000-000000000002,01a0c441-d723-767b-90a3-bdbdd004e863,ACTIVE,0,-107855,3991905,0,233,140000
366398,01a0b1c2-b010-7000-8000-000000000002,01a0c441-dc05-7521-a2e5-cffdd63883ba,ACTIVE,2473614,247762,1520775,0,0,140000
366398,01a0b1c2-b010-7000-8000-000000000002,01a0c441-e0e7-71af-8b1d-ca2cf5125531,ACTIVE,-2155415,-248962,128837,0,0,140000
366398,01a0b1c2-b010-7000-8000-000000000002,01a0c441-e5c9-76eb-a77b-de784cb71f6a,ACTIVE,-2473603,247841,1149772,0,0,140000
366400,01a0b1c2-b010-7000-8000-000000000002,01a0c441-d723-767b-90a3-bdbdd004e863,ACTIVE,0,-107832,4005905,0,233,140000
366400,01a0b1c2-b010-7000-8000-000000000002,01a0c441-dc05-7521-a2e5-cffdd63883ba,ACTIVE,2473614,247762,1534775,0,0,140000
366400,01a0b1c2-b010-7000-8000-000000000002,01a0c441-e0e7-71af-8b1d-ca2cf5125531,ACTIVE,-2155415,-248962,142837,0,0,140000
366400,01a0b1c2-b010-7000-8000-000000000002,01a0c441-e5c9-76eb-a77b-de784cb71f6a,ACTIVE,-2473603,247841,1163772,0,0,140000
366402,01a0b1c2-b010-7000-8000-000000000002,01a0c441-d723-767b-90a3-bdbdd004e863,ACTIVE,0,-107808,4019905,0,233,140000
366402,01a0b1c2-b010-7000-8000-000000000002,01a0c441-dc05-7521-a2e5-cffdd63883ba,ACTIVE,2473614,247762,1548775,0,0,140000
366402,01a0b1c2-b010-7000-8000-000000000002,01a0c441-e0e7-71af-8b1d-ca2cf5125531,ACTIVE,-2155415,-248962,156837,0,0,140000
366402,01a0b1c2-b010-7000-8000-000000000002,01a0c441-e5c9-76eb-a77b-de784cb71f6a,ACTIVE,-2473603,247841,1177772,0,0,140000
366404,01a0b1c2-b010-7000-8000-000000000002,01a0c441-d723-767b-90a3-bdbdd004e863,ACTIVE,0,-107785,4033905,0,233,140000
366404,01a0b1c2-b010-7000-8000-000000000002,01a0c441-dc05-7521-a2e5-cffdd63883ba,ACTIVE,2473614,247762,1562775,0,0,140000
366404,01a0b1c2-b010-7000-8000-000000000002,01a0c441-e0e7-71af-8b1d-ca2cf5125531,ACTIVE,-2155415,-248962,170837,0,0,140000
366404,01a0b1c2-b010-7000-8000-000000000002,01a0c441-e5c9-76eb-a77b-de784cb71f6a,ACTIVE,-2473603,247841,1191772,0,0,140000
366406,01a0b1c2-b010-7000-8000-000000000002,01a0c441-d723-767b-90a3-bdbdd004e863,ACTIVE,0,-107762,4047905,0,233,140000
366406,01a0b1c2-b010-7000-8000-000000000002,01a0c441-dc05-7521-a2e5-cffdd63883ba,ACTIVE,2473614,247762,1576775,0,0,140000
366406,01a0b1c2-b010-7000-8000-000000000002,01a0c441-e0e7-71af-8b1d-ca2cf5125531,ACTIVE,-2155415,-248962,184837,0,0,140000
366406,01a0b1c2-b010-7000-8000-000000000002,01a0c441-e5c9-76eb-a77b-de784cb71f6a,ACTIVE,-2473603,247841,1205772,0,0,140000
366408,01a0b1c2-b010-7000-8000-000000000002,01a0c441-d723-767b-90a3-bdbdd004e863,ACTIVE,0,-107739,4061905,0,233,140000
366408,01a0b1c2-b010-7000-8000-000000000002,01a0c441-dc05-7521-a2e5-cffdd63883ba,ACTIVE,2473614,247762,1590775,0,0,140000
366408,01a0b1c2-b010-7000-8000-000000000002,01a0c441-e0e7-71af-8b1d-ca2cf5125531,ACTIVE,-2155415,-248962,198837,0,0,140000
366408,01a0b1c2-b010-7000-8000-000000000002,01a0c441-e5c9-76eb-a77b-de784cb71f6a,ACTIVE,-2473603,247841,1219772,0,0,140000
366410,01a0b1c2-b010-7000-8000-000000000002,01a0c441-d723-767b-90a3-bdbdd004e863,ACTIVE,0,-107715,4075905,0,233,140000
366410,01a0b1c2-b010-7000-8000-000000000002,01a0c441-dc05-7521-a2e5-cffdd63883ba,ACTIVE,2473614,247762,1604775,0,0,140000
366410,01a0b1c2-b010-7000-8000-000000000002,01a0c441-e0e7-71af-8b1d-ca2cf5125531,ACTIVE,-2155415,-248962,212837,0,0,140000
366410,01a0b1c2-b010-7000-8000-000000000002,01a0c441-e5c9-76eb-a77b-de784cb71f6a,ACTIVE,-2473603,247841,1233772,0,0,140000
366412,01a0b1c2-b010-7000-8000-000000000002,01a0c441-d723-767b-90a3-bdbdd004e863,ACTIVE,0,-107692,4089905,0,233,140000
366412,01a0b1c2-b010-7000-8000-000000000002,01a0c441-dc05-7521-a2e5-cffdd63883ba,ACTIVE,2473614,247762,1618775,0,0,140000
366412,01a0b1c2-b010-7000-8000-000000000002,01a0c441-e0e7-71af-8b1d-ca2cf5125531,ACTIVE,-2155415,-248962,226837,0,0,140000
366412,01a0b1c2-b010-7000-8000-000000000002,01a0c441-e5c9-76eb-a77b-de784cb71f6a,ACTIVE,-2473603,247841,1247772,0,0,140000
366414,01a0b1c2-b010-7000-8000-000000000002,01a0c441-d723-767b-90a3-bdbdd004e863,ACTIVE,0,-107669,4103905,0,233,140000
366414,01a0b1c2-b010-7000-8000-000000000002,01a0c441-dc05-7521-a2e5-cffdd63883ba,ACTIVE,2473614,247762,1632775,0,0,140000
366414,01a0b1c2-b010-7000-8000-000000000002,01a0c441-e0e7-71af-8b1d-ca2cf5125531,ACTIVE,-2155415,-248962,240837,0,0,140000
366414,01a0b1c2-b010-7000-8000-000000000002,01a0c441-e5c9-76eb-a77b-de784cb71f6a,ACTIVE,-2473603,247841,1261772,0,0,140000
366416,01a0b1c2-b010-7000-8000-000000000002,01a0c441-d723-767b-90a3-bdbdd004e863,ACTIVE,0,-107645,4117905,0,233,140000
366416,01a0b1c2-b010-7000-8000-000000000002,01a0c441-dc05-7521-a2e5-cffdd63883ba,ACTIVE,2473614,247762,1646775,0,0,140000
366416,01a0b1c2-b010-7000-8000-000000000002,01a0c441-e0e7-71af-8b1d-ca2cf5125531,ACTIVE,-2155415,-248962,254837,0,0,140000
366416,01a0b1c2-b010-7000-8000-000000000002,01a0c441-e5c9-76eb-a77b-de784cb71f6a,ACTIVE,-2473603,247841,1275772,0,0,140000
366418,01a0b1c2-b010-7000-8000-000000000002,01a0c441-d723-767b-90a3-bdbdd004e863,ACTIVE,0,-107622,4131905,0,233,140000
366418,01a0b1c2-b010-7000-8000-000000000002,01a0c441-dc05-7521-a2e5-cffdd63883ba,ACTIVE,2473614,247762,1660775,0,0,140000
366418,01a0b1c2-b010-7000-8000-000000000002,01a0c441-e0e7-71af-8b1d-ca2cf5125531,ACTIVE,-2155415,-248962,268837,0,0,140000
366418,01a0b1c2-b010-7000-8000-000000000002,01a0c441-e5c9-76eb-a77b-de784cb71f6a,ACTIVE,-2473603,247841,1289772,0,0,140000
366420,01a0b1c2-b010-7000-8000-000000000002,01a0c441-d723-767b-90a3-bdbdd004e863,ACTIVE,0,-107599,4145905,0,233,140000
366420,01a0b1c2-b010-7000-8000-000000000002,01a0c441-dc05-7521-a2e5-cffdd63883ba,ACTIVE,2473614,247762,1674775,0,0,140000
366420,01a0b1c2-b010-7000-8000-000000000002,01a0c441-e0e7-71af-8b1d-ca2cf5125531,ACTIVE,-2155415,-248962,282837,0,0,140000
366420,01a0b1c2-b010-7000-8000-000000000002,01a0c441-e5c9-76eb-a77b-de784cb71f6a,ACTIVE,-2473603,247841,1303772,0,0,140000
366422,01a0b1c2-b010-7000-8000-000000000002,01a0c441-d723-767b-90a3-bdbdd004e863,ACTIVE,0,-107576,4159905,0,233,140000
366422,01a0b1c2-b010-7000-8000-000000000002,01a0c441-dc05-7521-a2e5-cffdd63883ba,ACTIVE,2473614,247762,1688775,0,0,140000
366422,01a0b1c2-b010-7000-8000-000000000002,01a0c441-e0e7-71af-8b1d-ca2cf5125531,ACTIVE,-2155415,-248962,296837,0,0,140000
366422,01a0b1c2-b010-7000-8000-000000000002,01a0c441-e5c9-76eb-a77b-de784cb71f6a,ACTIVE,-2473603,247841,1317772,0,0,140000
366424,01a0b1c2-b010-7000-8000-000000000002,01a0c441-d723-767b-90a3-bdbdd004e863,ACTIVE,0,-107552,4173905,0,233,140000
366424,01a0b1c2-b010-7000-8000-000000000002,01a0c441-dc05-7521-a2e5-cffdd63883ba,ACTIVE,2473614,247762,1702775,0,0,140000
366424,01a0b1c2-b010-7000-8000-000000000002,01a0c441-e0e7-71af-8b1d-ca2cf5125531,ACTIVE,-2155415,-248962,310837,0,0,140000
366424,01a0b1c2-b010-7000-8000-000000000002,01a0c441-e5c9-76eb-a77b-de784cb71f6a,ACTIVE,-2473603,247841,1331772,0,0,140000
366426,01a0b1c2-b010-7000-8000-000000000002,01a0c441-d723-767b-90a3-bdbdd004e863,ACTIVE,0,-107529,4187905,0,233,140000
366426,01a0b1c2-b010-7000-8000-000000000002,01a0c441-dc05-7521-a2e5-cffdd63883ba,ACTIVE,2473614,247762,1716775,0,0,140000
366426,01a0b1c2-b010-7000-8000-000000000002,01a0c441-e0e7-71af-8b1d-ca2cf5125531,ACTIVE,-2155415,-248962,324837,0,0,140000
366426,01a0b1c2-b010-7000-8000-000000000002,01a0c441-e5c9-76eb-a77b-de784cb71f6a,ACTIVE,-2473603,247841,1345772,0,0,140000
366428,01a0b1c2-b010-7000-8000-000000000002,01a0c441-d723-767b-90a3-bdbdd004e863,ACTIVE,0,-107506,4201905,0,233,140000
366428,01a0b1c2-b010-7000-8000-000000000002,01a0c441-dc05-7521-a2e5-cffdd63883ba,ACTIVE,2473614,247762,1730775,0,0,140000
366428,01a0b1c2-b010-7000-8000-000000000002,01a0c441-e0e7-71af-8b1d-ca2cf5125531,ACTIVE,-2155415,-248962,338837,0,0,140000
366428,01a0b1c2-b010-7000-8000-000000000002,01a0c441-e5c9-76eb-a77b-de784cb71f6a,ACTIVE,-2473603,247841,1359772,0,0,140000
366430,01a0b1c2-b010-7000-8000-000000000002,01a0c441-d723-767b-90a3-bdbdd004e863,ACTIVE,0,-107483,4215905,0,233,140000
366430,01a0b1c2-b010-7000-8000-000000000002,01a0c441-dc05-7521-a2e5-cffdd63883ba,ACTIVE,2473614,247762,1744775,0,0,140000
366430,01a0b1c2-b010-7000-8000-000000000002,01a0c441-e0e7-71af-8b1d-ca2cf5125531,ACTIVE,-2155415,-248962,352837,0,0,140000
366430,01a0b1c2-b010-7000-8000-000000000002,01a0c441-e5c9-76eb-a77b-de784cb71f6a,ACTIVE,-2473603,247841,1373772,0,0,140000
366432,01a0b1c2-b010-7000-8000-000000000002,01a0c441-d723-767b-90a3-bdbdd004e863,ACTIVE,0,-107459,4229905,0,233,140000
366432,01a0b1c2-b010-7000-8000-000000000002,01a0c441-dc05-7521-a2e5-cffdd63883ba,ACTIVE,2473614,247762,1758775,0,0,140000
366432,01a0b1c2-b010-7000-8000-000000000002,01a0c441-e0e7-71af-8b1d-ca2cf5125531,ACTIVE,-2155415,-248962,366837,0,0,140000
366432,01a0b1c2-b010-7000-8000-000000000002,01a0c441-e5c9-76eb-a77b-de784cb71f6a,ACTIVE,-2473603,247841,1387772,0,0,140000
366434,01a0b1c2-b010-7000-8000-000000000002,01a0c441-d723-767b-90a3-bdbdd004e863,ACTIVE,0,-107436,4243905,0,233,140000
366434,01a0b1c2-b010-7000-8000-000000000002,01a0c441-dc05-7521-a2e5-cffdd63883ba,ACTIVE,2473614,247762,1772775,0,0,140000
366434,01a0b1c2-b010-7000-8000-000000000002,01a0c441-e0e7-71af-8b1d-ca2cf5125531,ACTIVE,-2155415,-248962,380837,0,0,140000
366434,01a0b1c2-b010-7000-8000-000000000002,01a0c441-e5c9-76eb-a77b-de784cb71f6a,ACTIVE,-2473603,247841,1401772,0,0,140000
366436,01a0b1c2-b010-7000-8000-000000000002,01a0c441-d723-767b-90a3-bdbdd004e863,ACTIVE,0,-107413,4257905,0,233,140000
366436,01a0b1c2-b010-7000-8000-000000000002,01a0c441-dc05-7521-a2e5-cffdd63883ba,ACTIVE,2473614,247762,1786775,0,0,140000
366436,01a0b1c2-b010-7000-8000-000000000002,01a0c441-e0e7-71af-8b1d-ca2cf5125531,ACTIVE,-2155415,-248962,394837,0,0,140000
366436,01a0b1c2-b010-7000-8000-000000000002,01a0c441-e5c9-76eb-a77b-de784cb71f6a,ACTIVE,-2473603,247841,1415772,0,0,140000
366438,01a0b1c2-b010-7000-8000-000000000002,01a0c441-d723-767b-90a3-bdbdd004e863,ACTIVE,0,-107389,4271905,0,233,140000
366438,01a0b1c2-b010-7000-8000-000000000002,01a0c441-dc05-7521-a2e5-cffdd63883ba,ACTIVE,2473614,247762,1800775,0,0,140000
366438,01a0b1c2-b010-7000-8000-000000000002,01a0c441-e0e7-71af-8b1d-ca2cf5125531,ACTIVE,-2155415,-248962,408837,0,0,140000
366438,01a0b1c2-b010-7000-8000-000000000002,01a0c441-e5c9-76eb-a77b-de784cb71f6a,ACTIVE,-2473603,247841,1429772,0,0,140000
366440,01a0b1c2-b010-7000-8000-000000000002,01a0c441-d723-767b-90a3-bdbdd004e863,ACTIVE,0,-107366,4285905,0,233,140000
366440,01a0b1c2-b010-7000-8000-000000000002,01a0c441-dc05-7521-a2e5-cffdd63883ba,ACTIVE,2473614,247762,1814775,0,0,140000
366440,01a0b1c2-b010-7000-8000-000000000002,01a0c441-e0e7-71af-8b1d-ca2cf5125531,ACTIVE,-2155415,-248962,422837,0,0,140000
366440,01a0b1c2-b010-7000-8000-000000000002,01a0c441-e5c9-76eb-a77b-de784cb71f6a,ACTIVE,-2473603,247841,1443772,0,0,140000
366442,01a0b1c2-b010-7000-8000-000000000002,01a0c441-d723-767b-90a3-bdbdd004e863,ACTIVE,0,-107343,4299905,0,233,140000
366442,01a0b1c2-b010-7000-8000-000000000002,01a0c441-dc05-7521-a2e5-cffdd63883ba,ACTIVE,2473614,247762,1828775,0,0,140000
366442,01a0b1c2-b010-7000-8000-000000000002,01a0c441-e0e7-71af-8b1d-ca2cf5125531,ACTIVE,-2155415,-248962,436837,0,0,140000
366442,01a0b1c2-b010-7000-8000-000000000002,01a0c441-e5c9-76eb-a77b-de784cb71f6a,ACTIVE,-2473603,247841,1457772,0,0,140000
366444,01a0b1c2-b010-7000-8000-000000000002,01a0c441-d723-767b-90a3-bdbdd004e863,ACTIVE,0,-107320,4313905,0,233,140000
366444,01a0b1c2-b010-7000-8000-000000000002,01a0c441-dc05-7521-a2e5-cffdd63883ba,ACTIVE,2473614,247762,1842775,0,0,140000
366444,01a0b1c2-b010-7000-8000-000000000002,01a0c441-e0e7-71af-8b1d-ca2cf5125531,ACTIVE,-2155415,-248962,450837,0,0,140000
366444,01a0b1c2-b010-7000-8000-000000000002,01a0c441-e5c9-76eb-a77b-de784cb71f6a,ACTIVE,-2473603,247841,1471772,0,0,140000
366446,01a0b1c2-b010-7000-8000-000000000002,01a0c441-d723-767b-90a3-bdbdd004e863,ACTIVE,0,-107296,4327905,0,233,140000
366446,01a0b1c2-b010-7000-8000-000000000002,01a0c441-dc05-7521-a2e5-cffdd63883ba,ACTIVE,2473614,247762,1856775,0,0,140000
366446,01a0b1c2-b010-7000-8000-000000000002,01a0c441-e0e7-71af-8b1d-ca2cf5125531,ACTIVE,-2155415,-248962,464837,0,0,140000
366446,01a0b1c2-b010-7000-8000-000000000002,01a0c441-e5c9-76eb-a77b-de784cb71f6a,ACTIVE,-2473603,247841,1485772,0,0,140000
366448,01a0b1c2-b010-7000-8000-000000000002,01a0c441-d723-767b-90a3-bdbdd004e863,ACTIVE,0,-107273,4341905,0,233,140000
366448,01a0b1c2-b010-7000-8000-000000000002,01a0c441-dc05-7521-a2e5-cffdd63883ba,ACTIVE,2473614,247762,1870775,0,0,140000
366448,01a0b1c2-b010-7000-8000-000000000002,01a0c441-e0e7-71af-8b1d-ca2cf5125531,ACTIVE,-2155415,-248962,478837,0,0,140000
366448,01a0b1c2-b010-7000-8000-000000000002,01a0c441-e5c9-76eb-a77b-de784cb71f6a,ACTIVE,-2473603,247841,1499772,0,0,140000
366450,01a0b1c2-b010-7000-8000-000000000002,01a0c441-d723-767b-90a3-bdbdd004e863,ACTIVE,0,-107250,4355905,0,233,140000
366450,01a0b1c2-b010-7000-8000-000000000002,01a0c441-dc05-7521-a2e5-cffdd63883ba,ACTIVE,2473614,247762,1884775,0,0,140000
366450,01a0b1c2-b010-7000-8000-000000000002,01a0c441-e0e7-71af-8b1d-ca2cf5125531,ACTIVE,-2155415,-248962,492837,0,0,140000
366450,01a0b1c2-b010-7000-8000-000000000002,01a0c441-e5c9-76eb-a77b-de784cb71f6a,ACTIVE,-2473603,247841,1513772,0,0,140000
366452,01a0b1c2-b010-7000-8000-000000000002,01a0c441-d723-767b-90a3-bdbdd004e863,ACTIVE,0,-107227,4369905,0,233,140000
366452,01a0b1c2-b010-7000-8000-000000000002,01a0c441-dc05-7521-a2e5-cffdd63883ba,ACTIVE,2473614,247762,1898775,0,0,140000
366452,01a0b1c2-b010-7000-8000-000000000002,01a0c441-e0e7-71af-8b1d-ca2cf5125531,ACTIVE,-2155415,-248962,506837,0,0,140000
366452,01a0b1c2-b010-7000-8000-000000000002,01a0c441-e5c9-76eb-a77b-de784cb71f6a,ACTIVE,-2473603,247841,1527772,0,0,140000
366454,01a0b1c2-b010-7000-8000-000000000002,01a0c441-d723-767b-90a3-bdbdd004e863,ACTIVE,0,-107203,4383905,0,233,140000
366454,01a0b1c2-b010-7000-8000-000000000002,01a0c441-dc05-7521-a2e5-cffdd63883ba,ACTIVE,2473614,247762,1912775,0,0,140000
366454,01a0b1c2-b010-7000-8000-000000000002,01a0c441-e0e7-71af-8b1d-ca2cf5125531,ACTIVE,-2155415,-248962,520837,0,0,140000
366454,01a0b1c2-b010-7000-8000-000000000002,01a0c441-e5c9-76eb-a77b-de784cb71f6a,ACTIVE,-2473603,247841,1541772,0,0,140000
366456,01a0b1c2-b010-7000-8000-000000000002,01a0c441-d723-767b-90a3-bdbdd004e863,ACTIVE,0,-107180,4397905,0,233,140000
366456,01a0b1c2-b010-7000-8000-000000000002,01a0c441-dc05-7521-a2e5-cffdd63883ba,ACTIVE,2473614,247762,1926775,0,0,140000
366456,01a0b1c2-b010-7000-8000-000000000002,01a0c441-e0e7-71af-8b1d-ca2cf5125531,ACTIVE,-2155415,-248962,534837,0,0,140000
366456,01a0b1c2-b010-7000-8000-000000000002,01a0c441-e5c9-76eb-a77b-de784cb71f6a,ACTIVE,-2473603,247841,1555772,0,0,140000
366458,01a0b1c2-b010-7000-8000-000000000002,01a0c441-d723-767b-90a3-bdbdd004e863,ACTIVE,0,-107157,4411905,0,233,140000
366458,01a0b1c2-b010-7000-8000-000000000002,01a0c441-dc05-7521-a2e5-cffdd63883ba,ACTIVE,2473614,247762,1940775,0,0,140000
366458,01a0b1c2-b010-7000-8000-000000000002,01a0c441-e0e7-71af-8b1d-ca2cf5125531,ACTIVE,-2155415,-248962,548837,0,0,140000
366458,01a0b1c2-b010-7000-8000-000000000002,01a0c441-e5c9-76eb-a77b-de784cb71f6a,ACTIVE,-2473603,247841,1569772,0,0,140000
366460,01a0b1c2-b010-7000-8000-000000000002,01a0c441-d723-767b-90a3-bdbdd004e863,ACTIVE,0,-107133,4425905,0,233,140000
366460,01a0b1c2-b010-7000-8000-000000000002,01a0c441-dc05-7521-a2e5-cffdd63883ba,ACTIVE,2473614,247762,1954775,0,0,140000
366460,01a0b1c2-b010-7000-8000-000000000002,01a0c441-e0e7-71af-8b1d-ca2cf5125531,ACTIVE,-2155415,-248962,562837,0,0,140000
366460,01a0b1c2-b010-7000-8000-000000000002,01a0c441-e5c9-76eb-a77b-de784cb71f6a,ACTIVE,-2473603,247841,1583772,0,0,140000
366462,01a0b1c2-b010-7000-8000-000000000002,01a0c441-d723-767b-90a3-bdbdd004e863,ACTIVE,0,-107110,4439905,0,233,140000
366462,01a0b1c2-b010-7000-8000-000000000002,01a0c441-dc05-7521-a2e5-cffdd63883ba,ACTIVE,2473614,247762,1968775,0,0,140000
366462,01a0b1c2-b010-7000-8000-000000000002,01a0c441-e0e7-71af-8b1d-ca2cf5125531,ACTIVE,-2155415,-248962,576837,0,0,140000
366462,01a0b1c2-b010-7000-8000-000000000002,01a0c441-e5c9-76eb-a77b-de784cb71f6a,ACTIVE,-2473603,247841,1597772,0,0,140000
366464,01a0b1c2-b010-7000-8000-000000000002,01a0c441-d723-767b-90a3-bdbdd004e863,ACTIVE,0,-107087,4453905,0,233,140000
366464,01a0b1c2-b010-7000-8000-000000000002,01a0c441-dc05-7521-a2e5-cffdd63883ba,ACTIVE,2473614,247762,1982775,0,0,140000
366464,01a0b1c2-b010-7000-8000-000000000002,01a0c441-e0e7-71af-8b1d-ca2cf5125531,ACTIVE,-2155415,-248962,590837,0,0,140000
366464,01a0b1c2-b010-7000-8000-000000000002,01a0c441-e5c9-76eb-a77b-de784cb71f6a,ACTIVE,-2473603,247841,1611772,0,0,140000
366466,01a0b1c2-b010-7000-8000-000000000002,01a0c441-d723-767b-90a3-bdbdd004e863,ACTIVE,0,-107064,4467905,0,233,140000
366466,01a0b1c2-b010-7000-8000-000000000002,01a0c441-dc05-7521-a2e5-cffdd63883ba,ACTIVE,2473614,247762,1996775,0,0,140000
366466,01a0b1c2-b010-7000-8000-000000000002,01a0c441-e0e7-71af-8b1d-ca2cf5125531,ACTIVE,-2155415,-248962,604837,0,0,140000
366466,01a0b1c2-b010-7000-8000-000000000002,01a0c441-e5c9-76eb-a77b-de784cb71f6a,ACTIVE,-2473603,247841,1625772,0,0,140000
366468,01a0b1c2-b010-7000-8000-000000000002,01a0c441-d723-767b-90a3-bdbdd004e863,ACTIVE,0,-107040,4481905,0,233,140000
366468,01a0b1c2-b010-7000-8000-000000000002,01a0c441-dc05-7521-a2e5-cffdd63883ba,ACTIVE,2473614,247762,2010775,0,0,140000
366468,01a0b1c2-b010-7000-8000-000000000002,01a0c441-e0e7-71af-8b1d-ca2cf5125531,ACTIVE,-2155415,-248962,618837,0,0,140000
366468,01a0b1c2-b010-7000-8000-000000000002,01a0c441-e5c9-76eb-a77b-de784cb71f6a,ACTIVE,-2473603,247841,1639772,0,0,140000
366470,01a0b1c2-b010-7000-8000-000000000002,01a0c441-d723-767b-90a3-bdbdd004e863,ACTIVE,0,-107017,4495904,0,233,140000
366470,01a0b1c2-b010-7000-8000-000000000002,01a0c441-dc05-7521-a2e5-cffdd63883ba,ACTIVE,2473614,247762,2024775,0,0,140000
366470,01a0b1c2-b010-7000-8000-000000000002,01a0c441-e0e7-71af-8b1d-ca2cf5125531,ACTIVE,-2155415,-248962,632837,0,0,140000
366470,01a0b1c2-b010-7000-8000-000000000002,01a0c441-e5c9-76eb-a77b-de784cb71f6a,ACTIVE,-2473603,247841,1653772,0,0,140000
366472,01a0b1c2-b010-7000-8000-000000000002,01a0c441-d723-767b-90a3-bdbdd004e863,ACTIVE,0,-106994,4509904,0,233,140000
366472,01a0b1c2-b010-7000-8000-000000000002,01a0c441-dc05-7521-a2e5-cffdd63883ba,ACTIVE,2473614,247762,2038775,0,0,140000
366472,01a0b1c2-b010-7000-8000-000000000002,01a0c441-e0e7-71af-8b1d-ca2cf5125531,ACTIVE,-2155415,-248962,646837,0,0,140000
366472,01a0b1c2-b010-7000-8000-000000000002,01a0c441-e5c9-76eb-a77b-de784cb71f6a,ACTIVE,-2473603,247841,1667772,0,0,140000
366474,01a0b1c2-b010-7000-8000-000000000002,01a0c441-d723-767b-90a3-bdbdd004e863,ACTIVE,0,-106970,4523904,0,233,140000
366474,01a0b1c2-b010-7000-8000-000000000002,01a0c441-dc05-7521-a2e5-cffdd63883ba,ACTIVE,2473614,247762,2052775,0,0,140000
366474,01a0b1c2-b010-7000-8000-000000000002,01a0c441-e0e7-71af-8b1d-ca2cf5125531,ACTIVE,-2155415,-248962,660837,0,0,140000
366474,01a0b1c2-b010-7000-8000-000000000002,01a0c441-e5c9-76eb-a77b-de784cb71f6a,ACTIVE,-2473603,247841,1681772,0,0,140000
366476,01a0b1c2-b010-7000-8000-000000000002,01a0c441-d723-767b-90a3-bdbdd004e863,ACTIVE,0,-106947,4537904,0,233,140000
366476,01a0b1c2-b010-7000-8000-000000000002,01a0c441-dc05-7521-a2e5-cffdd63883ba,ACTIVE,2473614,247762,2066775,0,0,140000
366476,01a0b1c2-b010-7000-8000-000000000002,01a0c441-e0e7-71af-8b1d-ca2cf5125531,ACTIVE,-2155415,-248962,674837,0,0,140000
366476,01a0b1c2-b010-7000-8000-000000000002,01a0c441-e5c9-76eb-a77b-de784cb71f6a,ACTIVE,-2473603,247841,1695772,0,0,140000
366478,01a0b1c2-b010-7000-8000-000000000002,01a0c441-d723-767b-90a3-bdbdd004e863,ACTIVE,0,-106924,4551904,0,233,140000
366478,01a0b1c2-b010-7000-8000-000000000002,01a0c441-dc05-7521-a2e5-cffdd63883ba,ACTIVE,2473614,247762,2080775,0,0,140000
366478,01a0b1c2-b010-7000-8000-000000000002,01a0c441-e0e7-71af-8b1d-ca2cf5125531,ACTIVE,-2155415,-248962,688837,0,0,140000
366478,01a0b1c2-b010-7000-8000-000000000002,01a0c441-e5c9-76eb-a77b-de784cb71f6a,ACTIVE,-2473603,247841,1709772,0,0,140000
366480,01a0b1c2-b010-7000-8000-000000000002,01a0c441-d723-767b-90a3-bdbdd004e863,ACTIVE,0,-106901,4565904,0,233,140000
366480,01a0b1c2-b010-7000-8000-000000000002,01a0c441-dc05-7521-a2e5-cffdd63883ba,ACTIVE,2473614,247762,2094775,0,0,140000
366480,01a0b1c2-b010-7000-8000-000000000002,01a0c441-e0e7-71af-8b1d-ca2cf5125531,ACTIVE,-2155415,-248962,702837,0,0,140000
366480,01a0b1c2-b010-7000-8000-000000000002,01a0c441-e5c9-76eb-a77b-de784cb71f6a,ACTIVE,-2473603,247841,1723772,0,0,140000
366482,01a0b1c2-b010-7000-8000-000000000002,01a0c441-d723-767b-90a3-bdbdd004e863,ACTIVE,0,-106877,4579904,0,233,140000
366482,01a0b1c2-b010-7000-8000-000000000002,01a0c441-dc05-7521-a2e5-cffdd63883ba,ACTIVE,2473614,247762,2108775,0,0,140000
366482,01a0b1c2-b010-7000-8000-000000000002,01a0c441-e0e7-71af-8b1d-ca2cf5125531,ACTIVE,-2155415,-248962,716837,0,0,140000
366482,01a0b1c2-b010-7000-8000-000000000002,01a0c441-e5c9-76eb-a77b-de784cb71f6a,ACTIVE,-2473603,247841,1737772,0,0,140000
366484,01a0b1c2-b010-7000-8000-000000000002,01a0c441-d723-767b-90a3-bdbdd004e863,ACTIVE,0,-106854,4593904,0,233,140000
366484,01a0b1c2-b010-7000-8000-000000000002,01a0c441-dc05-7521-a2e5-cffdd63883ba,ACTIVE,2473614,247762,2122775,0,0,140000
366484,01a0b1c2-b010-7000-8000-000000000002,01a0c441-e0e7-71af-8b1d-ca2cf5125531,ACTIVE,-2155415,-248962,730837,0,0,140000
366484,01a0b1c2-b010-7000-8000-000000000002,01a0c441-e5c9-76eb-a77b-de784cb71f6a,ACTIVE,-2473603,247841,1751772,0,0,140000
366486,01a0b1c2-b010-7000-8000-000000000002,01a0c441-d723-767b-90a3-bdbdd004e863,ACTIVE,0,-106831,4607904,0,233,140000
366486,01a0b1c2-b010-7000-8000-000000000002,01a0c441-dc05-7521-a2e5-cffdd63883ba,ACTIVE,2473614,247762,2136775,0,0,140000
366486,01a0b1c2-b010-7000-8000-000000000002,01a0c441-e0e7-71af-8b1d-ca2cf5125531,ACTIVE,-2155415,-248962,744837,0,0,140000
366486,01a0b1c2-b010-7000-8000-000000000002,01a0c441-e5c9-76eb-a77b-de784cb71f6a,ACTIVE,-2473603,247841,1765772,0,0,140000
366488,01a0b1c2-b010-7000-8000-000000000002,01a0c441-d723-767b-90a3-bdbdd004e863,ACTIVE,0,-106808,4621904,0,233,140000
366488,01a0b1c2-b010-7000-8000-000000000002,01a0c441-dc05-7521-a2e5-cffdd63883ba,ACTIVE,2473614,247762,2150775,0,0,140000
366488,01a0b1c2-b010-7000-8000-000000000002,01a0c441-e0e7-71af-8b1d-ca2cf5125531,ACTIVE,-2155415,-248962,758837,0,0,140000
366488,01a0b1c2-b010-7000-8000-000000000002,01a0c441-e5c9-76eb-a77b-de784cb71f6a,ACTIVE,-2473603,247841,1779772,0,0,140000
366490,01a0b1c2-b010-7000-8000-000000000002,01a0c441-d723-767b-90a3-bdbdd004e863,ACTIVE,0,-106784,4635904,0,233,140000
366490,01a0b1c2-b010-7000-8000-000000000002,01a0c441-dc05-7521-a2e5-cffdd63883ba,ACTIVE,2473614,247762,2164775,0,0,140000
366490,01a0b1c2-b010-7000-8000-000000000002,01a0c441-e0e7-71af-8b1d-ca2cf5125531,ACTIVE,-2155415,-248962,772837,0,0,140000
366490,01a0b1c2-b010-7000-8000-000000000002,01a0c441-e5c9-76eb-a77b-de784cb71f6a,ACTIVE,-2473603,247841,1793772,0,0,140000
366492,01a0b1c2-b010-7000-8000-000000000002,01a0c441-d723-767b-90a3-bdbdd004e863,ACTIVE,0,-106761,4649904,0,233,140000
366492,01a0b1c2-b010-7000-8000-000000000002,01a0c441-dc05-7521-a2e5-cffdd63883ba,ACTIVE,2473614,247762,2178775,0,0,140000
366492,01a0b1c2-b010-7000-8000-000000000002,01a0c441-e0e7-71af-8b1d-ca2cf5125531,ACTIVE,-2155415,-248962,786837,0,0,140000
366492,01a0b1c2-b010-7000-8000-000000000002,01a0c441-e5c9-76eb-a77b-de784cb71f6a,ACTIVE,-2473603,247841,1807772,0,0,140000
366494,01a0b1c2-b010-7000-8000-000000000002,01a0c441-d723-767b-90a3-bdbdd004e863,ACTIVE,0,-106738,4663904,0,233,140000
366494,01a0b1c2-b010-7000-8000-000000000002,01a0c441-dc05-7521-a2e5-cffdd63883ba,ACTIVE,2473614,247762,2192775,0,0,140000
366494,01a0b1c2-b010-7000-8000-000000000002,01a0c441-e0e7-71af-8b1d-ca2cf5125531,ACTIVE,-2155415,-248962,800837,0,0,140000
366494,01a0b1c2-b010-7000-8000-000000000002,01a0c441-e5c9-76eb-a77b-de784cb71f6a,ACTIVE,-2473603,247841,1821772,0,0,140000
366496,01a0b1c2-b010-7000-8000-000000000002,01a0c441-d723-767b-90a3-bdbdd004e863,ACTIVE,0,-106714,4677904,0,233,140000
366496,01a0b1c2-b010-7000-8000-000000000002,01a0c441-dc05-7521-a2e5-cffdd63883ba,ACTIVE,2473614,247762,2206775,0,0,140000
366496,01a0b1c2-b010-7000-8000-000000000002,01a0c441-e0e7-71af-8b1d-ca2cf5125531,ACTIVE,-2155415,-248962,814837,0,0,140000
366496,01a0b1c2-b010-7000-8000-000000000002,01a0c441-e5c9-76eb-a77b-de784cb71f6a,ACTIVE,-2473603,247841,1835772,0,0,140000
366498,01a0b1c2-b010-7000-8000-000000000002,01a0c441-d723-767b-90a3-bdbdd004e863,ACTIVE,0,-106691,4691904,0,233,140000
366498,01a0b1c2-b010-7000-8000-000000000002,01a0c441-dc05-7521-a2e5-cffdd63883ba,ACTIVE,2473614,247762,2220775,0,0,140000
366498,01a0b1c2-b010-7000-8000-000000000002,01a0c441-e0e7-71af-8b1d-ca2cf5125531,ACTIVE,-2155415,-248962,828837,0,0,140000
366498,01a0b1c2-b010-7000-8000-000000000002,01a0c441-e5c9-76eb-a77b-de784cb71f6a,ACTIVE,-2473603,247841,1849772,0,0,140000
366500,01a0b1c2-b010-7000-8000-000000000002,01a0c441-d723-767b-90a3-bdbdd004e863,ACTIVE,0,-106668,4705904,0,233,140000
366500,01a0b1c2-b010-7000-8000-000000000002,01a0c441-dc05-7521-a2e5-cffdd63883ba,ACTIVE,2473614,247762,2234775,0,0,140000
366500,01a0b1c2-b010-7000-8000-000000000002,01a0c441-e0e7-71af-8b1d-ca2cf5125531,ACTIVE,-2155415,-248962,842837,0,0,140000
366500,01a0b1c2-b010-7000-8000-000000000002,01a0c441-e5c9-76eb-a77b-de784cb71f6a,ACTIVE,-2473603,247841,1863772,0,0,140000
366502,01a0b1c2-b010-7000-8000-000000000002,01a0c441-d723-767b-90a3-bdbdd004e863,ACTIVE,0,-106645,4719904,0,233,140000
366502,01a0b1c2-b010-7000-8000-000000000002,01a0c441-dc05-7521-a2e5-cffdd63883ba,ACTIVE,2473614,247762,2248775,0,0,140000
366502,01a0b1c2-b010-7000-8000-000000000002,01a0c441-e0e7-71af-8b1d-ca2cf5125531,ACTIVE,-2155415,-248962,856837,0,0,140000
366502,01a0b1c2-b010-7000-8000-000000000002,01a0c441-e5c9-76eb-a77b-de784cb71f6a,ACTIVE,-2473603,247841,1877772,0,0,140000
366504,01a0b1c2-b010-7000-8000-000000000002,01a0c441-d723-767b-90a3-bdbdd004e863,ACTIVE,0,-106621,4733904,0,233,140000
366504,01a0b1c2-b010-7000-8000-000000000002,01a0c441-dc05-7521-a2e5-cffdd63883ba,ACTIVE,2473614,247762,2262775,0,0,140000
366504,01a0b1c2-b010-7000-8000-000000000002,01a0c441-e0e7-71af-8b1d-ca2cf5125531,ACTIVE,-2155415,-248962,870837,0,0,140000
366504,01a0b1c2-b010-7000-8000-000000000002,01a0c441-e5c9-76eb-a77b-de784cb71f6a,ACTIVE,-2473603,247841,1891772,0,0,140000
366506,01a0b1c2-b010-7000-8000-000000000002,01a0c441-d723-767b-90a3-bdbdd004e863,ACTIVE,0,-106598,4747904,0,233,140000
366506,01a0b1c2-b010-7000-8000-000000000002,01a0c441-dc05-7521-a2e5-cffdd63883ba,ACTIVE,2473614,247762,2276775,0,0,140000
366506,01a0b1c2-b010-7000-8000-000000000002,01a0c441-e0e7-71af-8b1d-ca2cf5125531,ACTIVE,-2155415,-248962,884837,0,0,140000
366506,01a0b1c2-b010-7000-8000-000000000002,01a0c441-e5c9-76eb-a77b-de784cb71f6a,ACTIVE,-2473603,247841,1905772,0,0,140000
366508,01a0b1c2-b010-7000-8000-000000000002,01a0c441-d723-767b-90a3-bdbdd004e863,ACTIVE,0,-106575,4761904,0,233,140000
366508,01a0b1c2-b010-7000-8000-000000000002,01a0c441-dc05-7521-a2e5-cffdd63883ba,ACTIVE,2473614,247762,2290775,0,0,140000
366508,01a0b1c2-b010-7000-8000-000000000002,01a0c441-e0e7-71af-8b1d-ca2cf5125531,ACTIVE,-2155415,-248962,898837,0,0,140000
366508,01a0b1c2-b010-7000-8000-000000000002,01a0c441-e5c9-76eb-a77b-de784cb71f6a,ACTIVE,-2473603,247841,1919772,0,0,140000
366510,01a0b1c2-b010-7000-8000-000000000002,01a0c441-d723-767b-90a3-bdbdd004e863,ACTIVE,0,-106552,4775904,0,233,140000
366510,01a0b1c2-b010-7000-8000-000000000002,01a0c441-dc05-7521-a2e5-cffdd63883ba,ACTIVE,2473614,247762,2304775,0,0,140000
366510,01a0b1c2-b010-7000-8000-000000000002,01a0c441-e0e7-71af-8b1d-ca2cf5125531,ACTIVE,-2155415,-248962,912837,0,0,140000
366510,01a0b1c2-b010-7000-8000-000000000002,01a0c441-e5c9-76eb-a77b-de784cb71f6a,ACTIVE,-2473603,247841,1933772,0,0,140000
366512,01a0b1c2-b010-7000-8000-000000000002,01a0c441-d723-767b-90a3-bdbdd004e863,ACTIVE,0,-106528,4789904,0,233,140000
366512,01a0b1c2-b010-7000-8000-000000000002,01a0c441-dc05-7521-a2e5-cffdd63883ba,ACTIVE,2473614,247762,2318775,0,0,140000
366512,01a0b1c2-b010-7000-8000-000000000002,01a0c441-e0e7-71af-8b1d-ca2cf5125531,ACTIVE,-2155415,-248962,926837,0,0,140000
366512,01a0b1c2-b010-7000-8000-000000000002,01a0c441-e5c9-76eb-a77b-de784cb71f6a,ACTIVE,-2473603,247841,1947772,0,0,140000
366514,01a0b1c2-b010-7000-8000-000000000002,01a0c441-d723-767b-90a3-bdbdd004e863,ACTIVE,0,-106505,4803904,0,233,140000
366514,01a0b1c2-b010-7000-8000-000000000002,01a0c441-dc05-7521-a2e5-cffdd63883ba,ACTIVE,2473614,247762,2332775,0,0,140000
366514,01a0b1c2-b010-7000-8000-000000000002,01a0c441-e0e7-71af-8b1d-ca2cf5125531,ACTIVE,-2155415,-248962,940837,0,0,140000
366514,01a0b1c2-b010-7000-8000-000000000002,01a0c441-e5c9-76eb-a77b-de784cb71f6a,ACTIVE,-2473603,247841,1961772,0,0,140000
366516,01a0b1c2-b010-7000-8000-000000000002,01a0c441-d723-767b-90a3-bdbdd004e863,ACTIVE,0,-106482,4817904,0,233,140000
366516,01a0b1c2-b010-7000-8000-000000000002,01a0c441-dc05-7521-a2e5-cffdd63883ba,ACTIVE,2473614,247762,2346775,0,0,140000
366516,01a0b1c2-b010-7000-8000-000000000002,01a0c441-e0e7-71af-8b1d-ca2cf5125531,ACTIVE,-2155415,-248962,954837,0,0,140000
366516,01a0b1c2-b010-7000-8000-000000000002,01a0c441-e5c9-76eb-a77b-de784cb71f6a,ACTIVE,-2473603,247841,1975772,0,0,140000
366518,01a0b1c2-b010-7000-8000-000000000002,01a0c441-d723-767b-90a3-bdbdd004e863,ACTIVE,0,-106458,4831904,0,233,140000
366518,01a0b1c2-b010-7000-8000-000000000002,01a0c441-dc05-7521-a2e5-cffdd63883ba,ACTIVE,2473614,247762,2360775,0,0,140000
366518,01a0b1c2-b010-7000-8000-000000000002,01a0c441-e0e7-71af-8b1d-ca2cf5125531,ACTIVE,-2155415,-248962,968837,0,0,140000
366518,01a0b1c2-b010-7000-8000-000000000002,01a0c441-e5c9-76eb-a77b-de784cb71f6a,ACTIVE,-2473603,247841,1989772,0,0,140000
366520,01a0b1c2-b010-7000-8000-000000000002,01a0c441-d723-767b-90a3-bdbdd004e863,ACTIVE,0,-106435,4845904,0,233,140000
366520,01a0b1c2-b010-7000-8000-000000000002,01a0c441-dc05-7521-a2e5-cffdd63883ba,ACTIVE,2473614,247762,2374775,0,0,140000
366520,01a0b1c2-b010-7000-8000-000000000002,01a0c441-e0e7-71af-8b1d-ca2cf5125531,ACTIVE,-2155415,-248962,982837,0,0,140000
366520,01a0b1c2-b010-7000-8000-000000000002,01a0c441-e5c9-76eb-a77b-de784cb71f6a,ACTIVE,-2473603,247841,2003772,0,0,140000
366522,01a0b1c2-b010-7000-8000-000000000002,01a0c441-d723-767b-90a3-bdbdd004e863,ACTIVE,0,-106412,4859904,0,233,140000
366522,01a0b1c2-b010-7000-8000-000000000002,01a0c441-dc05-7521-a2e5-cffdd63883ba,ACTIVE,2473614,247762,2388775,0,0,140000
366522,01a0b1c2-b010-7000-8000-000000000002,01a0c441-e0e7-71af-8b1d-ca2cf5125531,ACTIVE,-2155415,-248962,996837,0,0,140000
366522,01a0b1c2-b010-7000-8000-000000000002,01a0c441-e5c9-76eb-a77b-de784cb71f6a,ACTIVE,-2473603,247841,2017772,0,0,140000
366524,01a0b1c2-b010-7000-8000-000000000002,01a0c441-d723-767b-90a3-bdbdd004e863,ACTIVE,0,-106389,4873904,0,233,140000
366524,01a0b1c2-b010-7000-8000-000000000002,01a0c441-dc05-7521-a2e5-cffdd63883ba,ACTIVE,2473614,247762,2402775,0,0,140000
366524,01a0b1c2-b010-7000-8000-000000000002,01a0c441-e0e7-71af-8b1d-ca2cf5125531,ACTIVE,-2155415,-248962,1010837,0,0,140000
366524,01a0b1c2-b010-7000-8000-000000000002,01a0c441-e5c9-76eb-a77b-de784cb71f6a,ACTIVE,-2473603,247841,2031772,0,0,140000
366526,01a0b1c2-b010-7000-8000-000000000002,01a0c441-d723-767b-90a3-bdbdd004e863,ACTIVE,0,-106365,4887904,0,233,140000
366526,01a0b1c2-b010-7000-8000-000000000002,01a0c441-dc05-7521-a2e5-cffdd63883ba,ACTIVE,2473614,247762,2416775,0,0,140000
366526,01a0b1c2-b010-7000-8000-000000000002,01a0c441-e0e7-71af-8b1d-ca2cf5125531,ACTIVE,-2155415,-248962,1024837,0,0,140000
366526,01a0b1c2-b010-7000-8000-000000000002,01a0c441-e5c9-76eb-a77b-de784cb71f6a,ACTIVE,-2473603,247841,2045772,0,0,140000
366528,01a0b1c2-b010-7000-8000-000000000002,01a0c441-d723-767b-90a3-bdbdd004e863,ACTIVE,0,-106342,4901904,0,233,140000
366528,01a0b1c2-b010-7000-8000-000000000002,01a0c441-dc05-7521-a2e5-cffdd63883ba,ACTIVE,2473614,247762,2430775,0,0,140000
366528,01a0b1c2-b010-7000-8000-000000000002,01a0c441-e0e7-71af-8b1d-ca2cf5125531,ACTIVE,-2155415,-248962,1038837,0,0,140000
366528,01a0b1c2-b010-7000-8000-000000000002,01a0c441-e5c9-76eb-a77b-de784cb71f6a,ACTIVE,-2473603,247841,2059772,0,0,140000
366530,01a0b1c2-b010-7000-8000-000000000002,01a0c441-d723-767b-90a3-bdbdd004e863,ACTIVE,0,-106319,4915904,0,233,140000
366530,01a0b1c2-b010-7000-8000-000000000002,01a0c441-dc05-7521-a2e5-cffdd63883ba,ACTIVE,2473614,247762,2444775,0,0,140000
366530,01a0b1c2-b010-7000-8000-000000000002,01a0c441-e0e7-71af-8b1d-ca2cf5125531,ACTIVE,-2155415,-248962,1052837,0,0,140000
366530,01a0b1c2-b010-7000-8000-000000000002,01a0c441-e5c9-76eb-a77b-de784cb71f6a,ACTIVE,-2473603,247841,2073772,0,0,140000
366532,01a0b1c2-b010-7000-8000-000000000002,01a0c441-d723-767b-90a3-bdbdd004e863,ACTIVE,0,-106296,4929904,0,233,140000
366532,01a0b1c2-b010-7000-8000-000000000002,01a0c441-dc05-7521-a2e5-cffdd63883ba,ACTIVE,2473614,247762,2458775,0,0,140000
366532,01a0b1c2-b010-7000-8000-000000000002,01a0c441-e0e7-71af-8b1d-ca2cf5125531,ACTIVE,-2155415,-248962,1066837,0,0,140000
366532,01a0b1c2-b010-7000-8000-000000000002,01a0c441-e5c9-76eb-a77b-de784cb71f6a,ACTIVE,-2473603,247841,2087772,0,0,140000
366534,01a0b1c2-b010-7000-8000-000000000002,01a0c441-d723-767b-90a3-bdbdd004e863,ACTIVE,0,-106272,4943904,0,233,140000
366534,01a0b1c2-b010-7000-8000-000000000002,01a0c441-dc05-7521-a2e5-cffdd63883ba,ACTIVE,2473614,247762,2472775,0,0,140000
366534,01a0b1c2-b010-7000-8000-000000000002,01a0c441-e0e7-71af-8b1d-ca2cf5125531,ACTIVE,-2155415,-248962,1080837,0,0,140000
366534,01a0b1c2-b010-7000-8000-000000000002,01a0c441-e5c9-76eb-a77b-de784cb71f6a,ACTIVE,-2473603,247841,2101772,0,0,140000
366536,01a0b1c2-b010-7000-8000-000000000002,01a0c441-d723-767b-90a3-bdbdd004e863,ACTIVE,0,-106249,4957904,0,233,140000
366536,01a0b1c2-b010-7000-8000-000000000002,01a0c441-dc05-7521-a2e5-cffdd63883ba,ACTIVE,2473614,247762,2486775,0,0,140000
366536,01a0b1c2-b010-7000-8000-000000000002,01a0c441-e0e7-71af-8b1d-ca2cf5125531,ACTIVE,-2155415,-248962,1094837,0,0,140000
366536,01a0b1c2-b010-7000-8000-000000000002,01a0c441-e5c9-76eb-a77b-de784cb71f6a,ACTIVE,-2473603,247841,2115772,0,0,140000
366538,01a0b1c2-b010-7000-8000-000000000002,01a0c441-d723-767b-90a3-bdbdd004e863,ACTIVE,0,-106226,4971904,0,233,140000
366538,01a0b1c2-b010-7000-8000-000000000002,01a0c441-dc05-7521-a2e5-cffdd63883ba,ACTIVE,2473614,247762,2500775,0,0,140000
366538,01a0b1c2-b010-7000-8000-000000000002,01a0c441-e0e7-71af-8b1d-ca2cf5125531,ACTIVE,-2155415,-248962,1108837,0,0,140000
366538,01a0b1c2-b010-7000-8000-000000000002,01a0c441-e5c9-76eb-a77b-de784cb71f6a,ACTIVE,-2473603,247841,2129772,0,0,140000
366540,01a0b1c2-b010-7000-8000-000000000002,01a0c441-d723-767b-90a3-bdbdd004e863,ACTIVE,0,-106202,4985904,0,233,140000
366540,01a0b1c2-b010-7000-8000-000000000002,01a0c441-dc05-7521-a2e5-cffdd63883ba,ACTIVE,2473614,247762,2514775,0,0,140000
366540,01a0b1c2-b010-7000-8000-000000000002,01a0c441-e0e7-71af-8b1d-ca2cf5125531,ACTIVE,-2155415,-248962,1122837,0,0,140000
366540,01a0b1c2-b010-7000-8000-000000000002,01a0c441-e5c9-76eb-a77b-de784cb71f6a,ACTIVE,-2473603,247841,2143772,0,0,140000
366542,01a0b1c2-b010-7000-8000-000000000002,01a0c441-d723-767b-90a3-bdbdd004e863,ACTIVE,0,-106179,4999904,0,233,140000
366542,01a0b1c2-b010-7000-8000-000000000002,01a0c441-dc05-7521-a2e5-cffdd63883ba,ACTIVE,2473614,247762,2528775,0,0,140000
366542,01a0b1c2-b010-7000-8000-000000000002,01a0c441-e0e7-71af-8b1d-ca2cf5125531,ACTIVE,-2155415,-248962,1136837,0,0,140000
366542,01a0b1c2-b010-7000-8000-000000000002,01a0c441-e5c9-76eb-a77b-de784cb71f6a,ACTIVE,-2473603,247841,2157772,0,0,140000
366544,01a0b1c2-b010-7000-8000-000000000002,01a0c441-d723-767b-90a3-bdbdd004e863,ACTIVE,0,-106156,5013904,0,233,140000
366544,01a0b1c2-b010-7000-8000-000000000002,01a0c441-dc05-7521-a2e5-cffdd63883ba,ACTIVE,2473614,247762,2542775,0,0,140000
366544,01a0b1c2-b010-7000-8000-000000000002,01a0c441-e0e7-71af-8b1d-ca2cf5125531,ACTIVE,-2155415,-248962,1150837,0,0,140000
366544,01a0b1c2-b010-7000-8000-000000000002,01a0c441-e5c9-76eb-a77b-de784cb71f6a,ACTIVE,-2473603,247841,2171772,0,0,140000
366546,01a0b1c2-b010-7000-8000-000000000002,01a0c441-d723-767b-90a3-bdbdd004e863,ACTIVE,0,-106133,5027904,0,233,140000
366546,01a0b1c2-b010-7000-8000-000000000002,01a0c441-dc05-7521-a2e5-cffdd63883ba,ACTIVE,2473614,247762,2556775,0,0,140000
366546,01a0b1c2-b010-7000-8000-000000000002,01a0c441-e0e7-71af-8b1d-ca2cf5125531,ACTIVE,-2155415,-248962,1164837,0,0,140000
366546,01a0b1c2-b010-7000-8000-000000000002,01a0c441-e5c9-76eb-a77b-de784cb71f6a,ACTIVE,-2473603,247841,2185772,0,0,140000
366548,01a0b1c2-b010-7000-8000-000000000002,01a0c441-d723-767b-90a3-bdbdd004e863,ACTIVE,0,-106109,5041904,0,233,140000
366548,01a0b1c2-b010-7000-8000-000000000002,01a0c441-dc05-7521-a2e5-cffdd63883ba,ACTIVE,2473614,247762,2570775,0,0,140000
366548,01a0b1c2-b010-7000-8000-000000000002,01a0c441-e0e7-71af-8b1d-ca2cf5125531,ACTIVE,-2155415,-248962,1178837,0,0,140000
366548,01a0b1c2-b010-7000-8000-000000000002,01a0c441-e5c9-76eb-a77b-de784cb71f6a,ACTIVE,-2473603,247841,2199772,0,0,140000
366550,01a0b1c2-b010-7000-8000-000000000002,01a0c441-d723-767b-90a3-bdbdd004e863,ACTIVE,0,-106086,5055904,0,233,140000
366550,01a0b1c2-b010-7000-8000-000000000002,01a0c441-dc05-7521-a2e5-cffdd63883ba,ACTIVE,2473614,247762,2584775,0,0,140000
366550,01a0b1c2-b010-7000-8000-000000000002,01a0c441-e0e7-71af-8b1d-ca2cf5125531,ACTIVE,-2155415,-248962,1192837,0,0,140000
366550,01a0b1c2-b010-7000-8000-000000000002,01a0c441-e5c9-76eb-a77b-de784cb71f6a,ACTIVE,-2473603,247841,2213772,0,0,140000
366552,01a0b1c2-b010-7000-8000-000000000002,01a0c441-d723-767b-90a3-bdbdd004e863,ACTIVE,0,-106063,5069904,0,233,140000
366552,01a0b1c2-b010-7000-8000-000000000002,01a0c441-dc05-7521-a2e5-cffdd63883ba,ACTIVE,2473614,247762,2598775,0,0,140000
366552,01a0b1c2-b010-7000-8000-000000000002,01a0c441-e0e7-71af-8b1d-ca2cf5125531,ACTIVE,-2155415,-248962,1206837,0,0,140000
366552,01a0b1c2-b010-7000-8000-000000000002,01a0c441-e5c9-76eb-a77b-de784cb71f6a,ACTIVE,-2473603,247841,2227772,0,0,140000
366554,01a0b1c2-b010-7000-8000-000000000002,01a0c441-d723-767b-90a3-bdbdd004e863,ACTIVE,0,-106040,5083904,0,233,140000
366554,01a0b1c2-b010-7000-8000-000000000002,01a0c441-dc05-7521-a2e5-cffdd63883ba,ACTIVE,2473614,247762,2612775,0,0,140000
366554,01a0b1c2-b010-7000-8000-000000000002,01a0c441-e0e7-71af-8b1d-ca2cf5125531,ACTIVE,-2155415,-248962,1220837,0,0,140000
366554,01a0b1c2-b010-7000-8000-000000000002,01a0c441-e5c9-76eb-a77b-de784cb71f6a,ACTIVE,-2473603,247841,2241772,0,0,140000
366556,01a0b1c2-b010-7000-8000-000000000002,01a0c441-d723-767b-90a3-bdbdd004e863,ACTIVE,0,-106016,5097904,0,233,140000
366556,01a0b1c2-b010-7000-8000-000000000002,01a0c441-dc05-7521-a2e5-cffdd63883ba,ACTIVE,2473614,247762,2626775,0,0,140000
366556,01a0b1c2-b010-7000-8000-000000000002,01a0c441-e0e7-71af-8b1d-ca2cf5125531,ACTIVE,-2155415,-248962,1234837,0,0,140000
366556,01a0b1c2-b010-7000-8000-000000000002,01a0c441-e5c9-76eb-a77b-de784cb71f6a,ACTIVE,-2473603,247841,2255772,0,0,140000
366558,01a0b1c2-b010-7000-8000-000000000002,01a0c441-d723-767b-90a3-bdbdd004e863,ACTIVE,0,-105993,5111904,0,233,140000
366558,01a0b1c2-b010-7000-8000-000000000002,01a0c441-dc05-7521-a2e5-cffdd63883ba,ACTIVE,2473614,247762,2640775,0,0,140000
366558,01a0b1c2-b010-7000-8000-000000000002,01a0c441-e0e7-71af-8b1d-ca2cf5125531,ACTIVE,-2155415,-248962,1248837,0,0,140000
366558,01a0b1c2-b010-7000-8000-000000000002,01a0c441-e5c9-76eb-a77b-de784cb71f6a,ACTIVE,-2473603,247841,2269772,0,0,140000
366560,01a0b1c2-b010-7000-8000-000000000002,01a0c441-d723-767b-90a3-bdbdd004e863,ACTIVE,0,-105970,5125904,0,233,140000
366560,01a0b1c2-b010-7000-8000-000000000002,01a0c441-dc05-7521-a2e5-cffdd63883ba,ACTIVE,2473614,247762,2654775,0,0,140000
366560,01a0b1c2-b010-7000-8000-000000000002,01a0c441-e0e7-71af-8b1d-ca2cf5125531,ACTIVE,-2155415,-248962,1262837,0,0,140000
366560,01a0b1c2-b010-7000-8000-000000000002,01a0c441-e5c9-76eb-a77b-de784cb71f6a,ACTIVE,-2473603,247841,2283772,0,0,140000
366562,01a0b1c2-b010-7000-8000-000000000002,01a0c441-d723-767b-90a3-bdbdd004e863,ACTIVE,0,-105946,5139904,0,233,140000
366562,01a0b1c2-b010-7000-8000-000000000002,01a0c441-dc05-7521-a2e5-cffdd63883ba,ACTIVE,2473614,247762,2668775,0,0,140000
366562,01a0b1c2-b010-7000-8000-000000000002,01a0c441-e0e7-71af-8b1d-ca2cf5125531,ACTIVE,-2155415,-248962,1276837,0,0,140000
366562,01a0b1c2-b010-7000-8000-000000000002,01a0c441-e5c9-76eb-a77b-de784cb71f6a,ACTIVE,-2473603,247841,2297772,0,0,140000
366564,01a0b1c2-b010-7000-8000-000000000002,01a0c441-d723-767b-90a3-bdbdd004e863,ACTIVE,0,-105923,5153904,0,233,140000
366564,01a0b1c2-b010-7000-8000-000000000002,01a0c441-dc05-7521-a2e5-cffdd63883ba,ACTIVE,2473614,247762,2682775,0,0,140000
366564,01a0b1c2-b010-7000-8000-000000000002,01a0c441-e0e7-71af-8b1d-ca2cf5125531,ACTIVE,-2155415,-248962,1290837,0,0,140000
366564,01a0b1c2-b010-7000-8000-000000000002,01a0c441-e5c9-76eb-a77b-de784cb71f6a,ACTIVE,-2473603,247841,2311772,0,0,140000
366566,01a0b1c2-b010-7000-8000-000000000002,01a0c441-d723-767b-90a3-bdbdd004e863,ACTIVE,0,-105900,5167904,0,233,140000
366566,01a0b1c2-b010-7000-8000-000000000002,01a0c441-dc05-7521-a2e5-cffdd63883ba,ACTIVE,2473614,247762,2696775,0,0,140000
366566,01a0b1c2-b010-7000-8000-000000000002,01a0c441-e0e7-71af-8b1d-ca2cf5125531,ACTIVE,-2155415,-248962,1304837,0,0,140000
366566,01a0b1c2-b010-7000-8000-000000000002,01a0c441-e5c9-76eb-a77b-de784cb71f6a,ACTIVE,-2473603,247841,2325772,0,0,140000
366568,01a0b1c2-b010-7000-8000-000000000002,01a0c441-d723-767b-90a3-bdbdd004e863,ACTIVE,0,-105877,5181904,0,233,140000
366568,01a0b1c2-b010-7000-8000-000000000002,01a0c441-dc05-7521-a2e5-cffdd63883ba,ACTIVE,2473614,247762,2710775,0,0,140000
366568,01a0b1c2-b010-7000-8000-000000000002,01a0c441-e0e7-71af-8b1d-ca2cf5125531,ACTIVE,-2155415,-248962,1318837,0,0,140000
366568,01a0b1c2-b010-7000-8000-000000000002,01a0c441-e5c9-76eb-a77b-de784cb71f6a,ACTIVE,-2473603,247841,2339772,0,0,140000
366570,01a0b1c2-b010-7000-8000-000000000002,01a0c441-d723-767b-90a3-bdbdd004e863,ACTIVE,0,-105853,5195904,0,233,140000
366570,01a0b1c2-b010-7000-8000-000000000002,01a0c441-dc05-7521-a2e5-cffdd63883ba,ACTIVE,2473614,247762,2724775,0,0,140000
366570,01a0b1c2-b010-7000-8000-000000000002,01a0c441-e0e7-71af-8b1d-ca2cf5125531,ACTIVE,-2155415,-248962,1332837,0,0,140000
366570,01a0b1c2-b010-7000-8000-000000000002,01a0c441-e5c9-76eb-a77b-de784cb71f6a,ACTIVE,-2473603,247841,2353772,0,0,140000
366572,01a0b1c2-b010-7000-8000-000000000002,01a0c441-d723-767b-90a3-bdbdd004e863,ACTIVE,0,-105830,5209904,0,233,140000
366572,01a0b1c2-b010-7000-8000-000000000002,01a0c441-dc05-7521-a2e5-cffdd63883ba,ACTIVE,2473614,247762,2738775,0,0,140000
366572,01a0b1c2-b010-7000-8000-000000000002,01a0c441-e0e7-71af-8b1d-ca2cf5125531,ACTIVE,-2155415,-248962,1346837,0,0,140000
366572,01a0b1c2-b010-7000-8000-000000000002,01a0c441-e5c9-76eb-a77b-de784cb71f6a,ACTIVE,-2473603,247841,2367772,0,0,140000
366574,01a0b1c2-b010-7000-8000-000000000002,01a0c441-d723-767b-90a3-bdbdd004e863,ACTIVE,0,-105807,5223903,0,233,140000
366574,01a0b1c2-b010-7000-8000-000000000002,01a0c441-dc05-7521-a2e5-cffdd63883ba,ACTIVE,2473614,247762,2752775,0,0,140000
366574,01a0b1c2-b010-7000-8000-000000000002,01a0c441-e0e7-71af-8b1d-ca2cf5125531,ACTIVE,-2155415,-248962,1360837,0,0,140000
366574,01a0b1c2-b010-7000-8000-000000000002,01a0c441-e5c9-76eb-a77b-de784cb71f6a,ACTIVE,-2473603,247841,2381772,0,0,140000
366576,01a0b1c2-b010-7000-8000-000000000002,01a0c441-d723-767b-90a3-bdbdd004e863,ACTIVE,0,-105784,5237903,0,233,140000
366576,01a0b1c2-b010-7000-8000-000000000002,01a0c441-dc05-7521-a2e5-cffdd63883ba,ACTIVE,2473614,247762,2766775,0,0,140000
366576,01a0b1c2-b010-7000-8000-000000000002,01a0c441-e0e7-71af-8b1d-ca2cf5125531,ACTIVE,-2155415,-248962,1374837,0,0,140000
366576,01a0b1c2-b010-7000-8000-000000000002,01a0c441-e5c9-76eb-a77b-de784cb71f6a,ACTIVE,-2473603,247841,2395772,0,0,140000
366578,01a0b1c2-b010-7000-8000-000000000002,01a0c441-d723-767b-90a3-bdbdd004e863,ACTIVE,0,-105760,5251903,0,233,140000
366578,01a0b1c2-b010-7000-8000-000000000002,01a0c441-dc05-7521-a2e5-cffdd63883ba,ACTIVE,2473614,247762,2780775,0,0,140000
366578,01a0b1c2-b010-7000-8000-000000000002,01a0c441-e0e7-71af-8b1d-ca2cf5125531,ACTIVE,-2155415,-248962,1388837,0,0,140000
366578,01a0b1c2-b010-7000-8000-000000000002,01a0c441-e5c9-76eb-a77b-de784cb71f6a,ACTIVE,-2473603,247841,2409772,0,0,140000
366580,01a0b1c2-b010-7000-8000-000000000002,01a0c441-d723-767b-90a3-bdbdd004e863,ACTIVE,0,-105737,5265903,0,233,140000
366580,01a0b1c2-b010-7000-8000-000000000002,01a0c441-dc05-7521-a2e5-cffdd63883ba,ACTIVE,2473614,247762,2794775,0,0,140000
366580,01a0b1c2-b010-7000-8000-000000000002,01a0c441-e0e7-71af-8b1d-ca2cf5125531,ACTIVE,-2155415,-248962,1402837,0,0,140000
366580,01a0b1c2-b010-7000-8000-000000000002,01a0c441-e5c9-76eb-a77b-de784cb71f6a,ACTIVE,-2473603,247841,2423772,0,0,140000
366582,01a0b1c2-b010-7000-8000-000000000002,01a0c441-d723-767b-90a3-bdbdd004e863,ACTIVE,0,-105714,5279903,0,233,140000
366582,01a0b1c2-b010-7000-8000-000000000002,01a0c441-dc05-7521-a2e5-cffdd63883ba,ACTIVE,2473614,247762,2808775,0,0,140000
366582,01a0b1c2-b010-7000-8000-000000000002,01a0c441-e0e7-71af-8b1d-ca2cf5125531,ACTIVE,-2155415,-248962,1416837,0,0,140000
366582,01a0b1c2-b010-7000-8000-000000000002,01a0c441-e5c9-76eb-a77b-de784cb71f6a,ACTIVE,-2473603,247841,2437772,0,0,140000
366584,01a0b1c2-b010-7000-8000-000000000002,01a0c441-d723-767b-90a3-bdbdd004e863,ACTIVE,0,-105690,5293903,0,233,140000
366584,01a0b1c2-b010-7000-8000-000000000002,01a0c441-dc05-7521-a2e5-cffdd63883ba,ACTIVE,2473614,247762,2822775,0,0,140000
366584,01a0b1c2-b010-7000-8000-000000000002,01a0c441-e0e7-71af-8b1d-ca2cf5125531,ACTIVE,-2155415,-248962,1430837,0,0,140000
366584,01a0b1c2-b010-7000-8000-000000000002,01a0c441-e5c9-76eb-a77b-de784cb71f6a,ACTIVE,-2473603,247841,2451772,0,0,140000
366586,01a0b1c2-b010-7000-8000-000000000002,01a0c441-d723-767b-90a3-bdbdd004e863,ACTIVE,0,-105667,5307903,0,233,140000
366586,01a0b1c2-b010-7000-8000-000000000002,01a0c441-dc05-7521-a2e5-cffdd63883ba,ACTIVE,2473614,247762,2836775,0,0,140000
366586,01a0b1c2-b010-7000-8000-000000000002,01a0c441-e0e7-71af-8b1d-ca2cf5125531,ACTIVE,-2155415,-248962,1444837,0,0,140000
366586,01a0b1c2-b010-7000-8000-000000000002,01a0c441-e5c9-76eb-a77b-de784cb71f6a,ACTIVE,-2473603,247841,2465772,0,0,140000
366588,01a0b1c2-b010-7000-8000-000000000002,01a0c441-d723-767b-90a3-bdbdd004e863,ACTIVE,0,-105644,5321903,0,233,140000
366588,01a0b1c2-b010-7000-8000-000000000002,01a0c441-dc05-7521-a2e5-cffdd63883ba,ACTIVE,2473614,247762,2850775,0,0,140000
366588,01a0b1c2-b010-7000-8000-000000000002,01a0c441-e0e7-71af-8b1d-ca2cf5125531,ACTIVE,-2155415,-248962,1458837,0,0,140000
366588,01a0b1c2-b010-7000-8000-000000000002,01a0c441-e5c9-76eb-a77b-de784cb71f6a,ACTIVE,-2473603,247841,2479772,0,0,140000
366590,01a0b1c2-b010-7000-8000-000000000002,01a0c441-d723-767b-90a3-bdbdd004e863,ACTIVE,0,-105621,5335903,0,233,140000
366590,01a0b1c2-b010-7000-8000-000000000002,01a0c441-dc05-7521-a2e5-cffdd63883ba,ACTIVE,2473614,247762,2864775,0,0,140000
366590,01a0b1c2-b010-7000-8000-000000000002,01a0c441-e0e7-71af-8b1d-ca2cf5125531,ACTIVE,-2155415,-248962,1472837,0,0,140000
366590,01a0b1c2-b010-7000-8000-000000000002,01a0c441-e5c9-76eb-a77b-de784cb71f6a,ACTIVE,-2473603,247841,2493772,0,0,140000
366592,01a0b1c2-b010-7000-8000-000000000002,01a0c441-d723-767b-90a3-bdbdd004e863,ACTIVE,0,-105597,5349903,0,233,140000
366592,01a0b1c2-b010-7000-8000-000000000002,01a0c441-dc05-7521-a2e5-cffdd63883ba,ACTIVE,2473614,247762,2878775,0,0,140000
366592,01a0b1c2-b010-7000-8000-000000000002,01a0c441-e0e7-71af-8b1d-ca2cf5125531,ACTIVE,-2155415,-248962,1486837,0,0,140000
366592,01a0b1c2-b010-7000-8000-000000000002,01a0c441-e5c9-76eb-a77b-de784cb71f6a,ACTIVE,-2473603,247841,2507772,0,0,140000
366594,01a0b1c2-b010-7000-8000-000000000002,01a0c441-d723-767b-90a3-bdbdd004e863,ACTIVE,0,-105574,5363903,0,233,140000
366594,01a0b1c2-b010-7000-8000-000000000002,01a0c441-dc05-7521-a2e5-cffdd63883ba,ACTIVE,2473614,247762,2892775,0,0,140000
366594,01a0b1c2-b010-7000-8000-000000000002,01a0c441-e0e7-71af-8b1d-ca2cf5125531,ACTIVE,-2155415,-248962,1500837,0,0,140000
366594,01a0b1c2-b010-7000-8000-000000000002,01a0c441-e5c9-76eb-a77b-de784cb71f6a,ACTIVE,-2473603,247841,2521772,0,0,140000
366596,01a0b1c2-b010-7000-8000-000000000002,01a0c441-d723-767b-90a3-bdbdd004e863,ACTIVE,0,-105551,5377903,0,233,140000
366596,01a0b1c2-b010-7000-8000-000000000002,01a0c441-dc05-7521-a2e5-cffdd63883ba,ACTIVE,2473614,247762,2906775,0,0,140000
366596,01a0b1c2-b010-7000-8000-000000000002,01a0c441-e0e7-71af-8b1d-ca2cf5125531,ACTIVE,-2155415,-248962,1514837,0,0,140000
366596,01a0b1c2-b010-7000-8000-000000000002,01a0c441-e5c9-76eb-a77b-de784cb71f6a,ACTIVE,-2473603,247841,2535772,0,0,140000
366598,01a0b1c2-b010-7000-8000-000000000002,01a0c441-d723-767b-90a3-bdbdd004e863,ACTIVE,0,-105528,5391903,0,233,140000
366598,01a0b1c2-b010-7000-8000-000000000002,01a0c441-dc05-7521-a2e5-cffdd63883ba,ACTIVE,2473614,247762,2920775,0,0,140000
366598,01a0b1c2-b010-7000-8000-000000000002,01a0c441-e0e7-71af-8b1d-ca2cf5125531,ACTIVE,-2155415,-248962,1528837,0,0,140000
366598,01a0b1c2-b010-7000-8000-000000000002,01a0c441-e5c9-76eb-a77b-de784cb71f6a,ACTIVE,-2473603,247841,2549772,0,0,140000
366600,01a0b1c2-b010-7000-8000-000000000002,01a0c441-d723-767b-90a3-bdbdd004e863,ACTIVE,0,-105504,5405903,0,233,140000
366600,01a0b1c2-b010-7000-8000-000000000002,01a0c441-dc05-7521-a2e5-cffdd63883ba,ACTIVE,2473614,247762,2934775,0,0,140000
366600,01a0b1c2-b010-7000-8000-000000000002,01a0c441-e0e7-71af-8b1d-ca2cf5125531,ACTIVE,-2155415,-248962,1542837,0,0,140000
366600,01a0b1c2-b010-7000-8000-000000000002,01a0c441-e5c9-76eb-a77b-de784cb71f6a,ACTIVE,-2473603,247841,2563772,0,0,140000
366602,01a0b1c2-b010-7000-8000-000000000002,01a0c441-d723-767b-90a3-bdbdd004e863,ACTIVE,0,-105481,5419903,0,233,140000
366602,01a0b1c2-b010-7000-8000-000000000002,01a0c441-dc05-7521-a2e5-cffdd63883ba,ACTIVE,2473614,247762,2948775,0,0,140000
366602,01a0b1c2-b010-7000-8000-000000000002,01a0c441-e0e7-71af-8b1d-ca2cf5125531,ACTIVE,-2155415,-248962,1556837,0,0,140000
366602,01a0b1c2-b010-7000-8000-000000000002,01a0c441-e5c9-76eb-a77b-de784cb71f6a,ACTIVE,-2473603,247841,2577772,0,0,140000
366604,01a0b1c2-b010-7000-8000-000000000002,01a0c441-d723-767b-90a3-bdbdd004e863,ACTIVE,0,-105458,5433903,0,233,140000
366604,01a0b1c2-b010-7000-8000-000000000002,01a0c441-dc05-7521-a2e5-cffdd63883ba,ACTIVE,2473614,247762,2962775,0,0,140000
366604,01a0b1c2-b010-7000-8000-000000000002,01a0c441-e0e7-71af-8b1d-ca2cf5125531,ACTIVE,-2155415,-248962,1570837,0,0,140000
366604,01a0b1c2-b010-7000-8000-000000000002,01a0c441-e5c9-76eb-a77b-de784cb71f6a,ACTIVE,-2473603,247841,2591772,0,0,140000
366606,01a0b1c2-b010-7000-8000-000000000002,01a0c441-d723-767b-90a3-bdbdd004e863,ACTIVE,0,-105434,5447903,0,233,140000
366606,01a0b1c2-b010-7000-8000-000000000002,01a0c441-dc05-7521-a2e5-cffdd63883ba,ACTIVE,2473614,247762,2976775,0,0,140000
366606,01a0b1c2-b010-7000-8000-000000000002,01a0c441-e0e7-71af-8b1d-ca2cf5125531,ACTIVE,-2155415,-248962,1584837,0,0,140000
366606,01a0b1c2-b010-7000-8000-000000000002,01a0c441-e5c9-76eb-a77b-de784cb71f6a,ACTIVE,-2473603,247841,2605772,0,0,140000
366608,01a0b1c2-b010-7000-8000-000000000002,01a0c441-d723-767b-90a3-bdbdd004e863,ACTIVE,0,-105411,5461903,0,233,140000
366608,01a0b1c2-b010-7000-8000-000000000002,01a0c441-dc05-7521-a2e5-cffdd63883ba,ACTIVE,2473614,247762,2990775,0,0,140000
366608,01a0b1c2-b010-7000-8000-000000000002,01a0c441-e0e7-71af-8b1d-ca2cf5125531,ACTIVE,-2155415,-248962,1598837,0,0,140000
366608,01a0b1c2-b010-7000-8000-000000000002,01a0c441-e5c9-76eb-a77b-de784cb71f6a,ACTIVE,-2473603,247841,2619772,0,0,140000
366610,01a0b1c2-b010-7000-8000-000000000002,01a0c441-d723-767b-90a3-bdbdd004e863,ACTIVE,0,-105388,5475903,0,233,140000
366610,01a0b1c2-b010-7000-8000-000000000002,01a0c441-dc05-7521-a2e5-cffdd63883ba,ACTIVE,2473614,247762,3004775,0,0,140000
366610,01a0b1c2-b010-7000-8000-000000000002,01a0c441-e0e7-71af-8b1d-ca2cf5125531,ACTIVE,-2155415,-248962,1612837,0,0,140000
366610,01a0b1c2-b010-7000-8000-000000000002,01a0c441-e5c9-76eb-a77b-de784cb71f6a,ACTIVE,-2473603,247841,2633772,0,0,140000
366612,01a0b1c2-b010-7000-8000-000000000002,01a0c441-d723-767b-90a3-bdbdd004e863,ACTIVE,0,-105365,5489903,0,233,140000
366612,01a0b1c2-b010-7000-8000-000000000002,01a0c441-dc05-7521-a2e5-cffdd63883ba,ACTIVE,2473614,247762,3018775,0,0,140000
366612,01a0b1c2-b010-7000-8000-000000000002,01a0c441-e0e7-71af-8b1d-ca2cf5125531,ACTIVE,-2155415,-248962,1626837,0,0,140000
366612,01a0b1c2-b010-7000-8000-000000000002,01a0c441-e5c9-76eb-a77b-de784cb71f6a,ACTIVE,-2473603,247841,2647772,0,0,140000
366614,01a0b1c2-b010-7000-8000-000000000002,01a0c441-d723-767b-90a3-bdbdd004e863,ACTIVE,0,-105341,5503903,0,233,140000
366614,01a0b1c2-b010-7000-8000-000000000002,01a0c441-dc05-7521-a2e5-cffdd63883ba,ACTIVE,2473614,247762,3032775,0,0,140000
366614,01a0b1c2-b010-7000-8000-000000000002,01a0c441-e0e7-71af-8b1d-ca2cf5125531,ACTIVE,-2155415,-248962,1640837,0,0,140000
366614,01a0b1c2-b010-7000-8000-000000000002,01a0c441-e5c9-76eb-a77b-de784cb71f6a,ACTIVE,-2473603,247841,2661772,0,0,140000
366616,01a0b1c2-b010-7000-8000-000000000002,01a0c441-d723-767b-90a3-bdbdd004e863,ACTIVE,0,-105318,5517903,0,233,140000
366616,01a0b1c2-b010-7000-8000-000000000002,01a0c441-dc05-7521-a2e5-cffdd63883ba,ACTIVE,2473614,247762,3046775,0,0,140000
366616,01a0b1c2-b010-7000-8000-000000000002,01a0c441-e0e7-71af-8b1d-ca2cf5125531,ACTIVE,-2155415,-248962,1654837,0,0,140000
366616,01a0b1c2-b010-7000-8000-000000000002,01a0c441-e5c9-76eb-a77b-de784cb71f6a,ACTIVE,-2473603,247841,2675772,0,0,140000
366618,01a0b1c2-b010-7000-8000-000000000002,01a0c441-d723-767b-90a3-bdbdd004e863,ACTIVE,0,-105295,5531903,0,233,140000
366618,01a0b1c2-b010-7000-8000-000000000002,01a0c441-dc05-7521-a2e5-cffdd63883ba,ACTIVE,2473614,247762,3060775,0,0,140000
366618,01a0b1c2-b010-7000-8000-000000000002,01a0c441-e0e7-71af-8b1d-ca2cf5125531,ACTIVE,-2155415,-248962,1668837,0,0,140000
366618,01a0b1c2-b010-7000-8000-000000000002,01a0c441-e5c9-76eb-a77b-de784cb71f6a,ACTIVE,-2473603,247841,2689772,0,0,140000
366620,01a0b1c2-b010-7000-8000-000000000002,01a0c441-d723-767b-90a3-bdbdd004e863,ACTIVE,0,-105272,5545903,0,233,140000
366620,01a0b1c2-b010-7000-8000-000000000002,01a0c441-dc05-7521-a2e5-cffdd63883ba,ACTIVE,2473614,247762,3074775,0,0,140000
366620,01a0b1c2-b010-7000-8000-000000000002,01a0c441-e0e7-71af-8b1d-ca2cf5125531,ACTIVE,-2155415,-248962,1682837,0,0,140000
366620,01a0b1c2-b010-7000-8000-000000000002,01a0c441-e5c9-76eb-a77b-de784cb71f6a,ACTIVE,-2473603,247841,2703772,0,0,140000
366622,01a0b1c2-b010-7000-8000-000000000002,01a0c441-d723-767b-90a3-bdbdd004e863,ACTIVE,0,-105248,5559851,0,232,139300
366622,01a0b1c2-b010-7000-8000-000000000002,01a0c441-dc05-7521-a2e5-cffdd63883ba,ACTIVE,2473614,247762,3088775,0,0,140000
366622,01a0b1c2-b010-7000-8000-000000000002,01a0c441-e0e7-71af-8b1d-ca2cf5125531,ACTIVE,-2155415,-248962,1696837,0,0,140000
366622,01a0b1c2-b010-7000-8000-000000000002,01a0c441-e5c9-76eb-a77b-de784cb71f6a,ACTIVE,-2473603,247841,2717772,0,0,140000
366624,01a0b1c2-b010-7000-8000-000000000002,01a0c441-d723-767b-90a3-bdbdd004e863,ACTIVE,0,-105225,5573728,0,230,138600
366624,01a0b1c2-b010-7000-8000-000000000002,01a0c441-dc05-7521-a2e5-cffdd63883ba,ACTIVE,2473614,247762,3102775,0,0,140000
366624,01a0b1c2-b010-7000-8000-000000000002,01a0c441-e0e7-71af-8b1d-ca2cf5125531,ACTIVE,-2155415,-248962,1710837,0,0,140000
366624,01a0b1c2-b010-7000-8000-000000000002,01a0c441-e5c9-76eb-a77b-de784cb71f6a,ACTIVE,-2473603,247841,2731772,0,0,140000
366626,01a0b1c2-b010-7000-8000-000000000002,01a0c441-d723-767b-90a3-bdbdd004e863,ACTIVE,0,-105202,5587535,0,229,137900
366626,01a0b1c2-b010-7000-8000-000000000002,01a0c441-dc05-7521-a2e5-cffdd63883ba,ACTIVE,2473614,247762,3116775,0,0,140000
366626,01a0b1c2-b010-7000-8000-000000000002,01a0c441-e0e7-71af-8b1d-ca2cf5125531,ACTIVE,-2155415,-248962,1724837,0,0,140000
366626,01a0b1c2-b010-7000-8000-000000000002,01a0c441-e5c9-76eb-a77b-de784cb71f6a,ACTIVE,-2473603,247841,2745772,0,0,140000
366628,01a0b1c2-b010-7000-8000-000000000002,01a0c441-d723-767b-90a3-bdbdd004e863,ACTIVE,0,-105179,5601273,0,228,137200
366628,01a0b1c2-b010-7000-8000-000000000002,01a0c441-dc05-7521-a2e5-cffdd63883ba,ACTIVE,2473614,247762,3130775,0,0,140000
366628,01a0b1c2-b010-7000-8000-000000000002,01a0c441-e0e7-71af-8b1d-ca2cf5125531,ACTIVE,-2155415,-248962,1738837,0,0,140000
366628,01a0b1c2-b010-7000-8000-000000000002,01a0c441-e5c9-76eb-a77b-de784cb71f6a,ACTIVE,-2473603,247841,2759772,0,0,140000
366630,01a0b1c2-b010-7000-8000-000000000002,01a0c441-d723-767b-90a3-bdbdd004e863,ACTIVE,0,-105157,5614940,0,227,136500
366630,01a0b1c2-b010-7000-8000-000000000002,01a0c441-dc05-7521-a2e5-cffdd63883ba,ACTIVE,2473614,247762,3144775,0,0,140000
366630,01a0b1c2-b010-7000-8000-000000000002,01a0c441-e0e7-71af-8b1d-ca2cf5125531,ACTIVE,-2155415,-248962,1752837,0,0,140000
366630,01a0b1c2-b010-7000-8000-000000000002,01a0c441-e5c9-76eb-a77b-de784cb71f6a,ACTIVE,-2473603,247841,2773772,0,0,140000
366632,01a0b1c2-b010-7000-8000-000000000002,01a0c441-d723-767b-90a3-bdbdd004e863,ACTIVE,0,-105134,5628538,0,226,135800
366632,01a0b1c2-b010-7000-8000-000000000002,01a0c441-dc05-7521-a2e5-cffdd63883ba,ACTIVE,2473614,247762,3158775,0,0,140000
366632,01a0b1c2-b010-7000-8000-000000000002,01a0c441-e0e7-71af-8b1d-ca2cf5125531,ACTIVE,-2155415,-248962,1766837,0,0,140000
366632,01a0b1c2-b010-7000-8000-000000000002,01a0c441-e5c9-76eb-a77b-de784cb71f6a,ACTIVE,-2473603,247841,2787772,0,0,140000
366634,01a0b1c2-b010-7000-8000-000000000002,01a0c441-d723-767b-90a3-bdbdd004e863,ACTIVE,0,-105112,5642065,0,225,135100
366634,01a0b1c2-b010-7000-8000-000000000002,01a0c441-dc05-7521-a2e5-cffdd63883ba,ACTIVE,2473614,247762,3172775,0,0,140000
366634,01a0b1c2-b010-7000-8000-000000000002,01a0c441-e0e7-71af-8b1d-ca2cf5125531,ACTIVE,-2155415,-248962,1780837,0,0,140000
366634,01a0b1c2-b010-7000-8000-000000000002,01a0c441-e5c9-76eb-a77b-de784cb71f6a,ACTIVE,-2473603,247841,2801772,0,0,140000
366636,01a0b1c2-b010-7000-8000-000000000002,01a0c441-d723-767b-90a3-bdbdd004e863,ACTIVE,0,-105089,5655523,0,223,134400
366636,01a0b1c2-b010-7000-8000-000000000002,01a0c441-dc05-7521-a2e5-cffdd63883ba,ACTIVE,2473614,247762,3186775,0,0,140000
366636,01a0b1c2-b010-7000-8000-000000000002,01a0c441-e0e7-71af-8b1d-ca2cf5125531,ACTIVE,-2155415,-248962,1794837,0,0,140000
366636,01a0b1c2-b010-7000-8000-000000000002,01a0c441-e5c9-76eb-a77b-de784cb71f6a,ACTIVE,-2473603,247841,2815772,0,0,140000
366638,01a0b1c2-b010-7000-8000-000000000002,01a0c441-d723-767b-90a3-bdbdd004e863,ACTIVE,0,-105067,5668910,0,222,133700
366638,01a0b1c2-b010-7000-8000-000000000002,01a0c441-dc05-7521-a2e5-cffdd63883ba,ACTIVE,2473614,247762,3200775,0,0,140000
366638,01a0b1c2-b010-7000-8000-000000000002,01a0c441-e0e7-71af-8b1d-ca2cf5125531,ACTIVE,-2155415,-248962,1808837,0,0,140000
366638,01a0b1c2-b010-7000-8000-000000000002,01a0c441-e5c9-76eb-a77b-de784cb71f6a,ACTIVE,-2473603,247841,2829772,0,0,140000
366640,01a0b1c2-b010-7000-8000-000000000002,01a0c441-d723-767b-90a3-bdbdd004e863,ACTIVE,0,-105045,5682228,0,221,133000
366640,01a0b1c2-b010-7000-8000-000000000002,01a0c441-dc05-7521-a2e5-cffdd63883ba,ACTIVE,2473614,247762,3214775,0,0,140000
366640,01a0b1c2-b010-7000-8000-000000000002,01a0c441-e0e7-71af-8b1d-ca2cf5125531,ACTIVE,-2155415,-248962,1822837,0,0,140000
366640,01a0b1c2-b010-7000-8000-000000000002,01a0c441-e5c9-76eb-a77b-de784cb71f6a,ACTIVE,-2473603,247841,2843772,0,0,140000
366642,01a0b1c2-b010-7000-8000-000000000002,01a0c441-d723-767b-90a3-bdbdd004e863,ACTIVE,0,-105023,5695475,0,220,132300
366642,01a0b1c2-b010-7000-8000-000000000002,01a0c441-dc05-7521-a2e5-cffdd63883ba,ACTIVE,2473614,247762,3228775,0,0,140000
366642,01a0b1c2-b010-7000-8000-000000000002,01a0c441-e0e7-71af-8b1d-ca2cf5125531,ACTIVE,-2155415,-248962,1836837,0,0,140000
366642,01a0b1c2-b010-7000-8000-000000000002,01a0c441-e5c9-76eb-a77b-de784cb71f6a,ACTIVE,-2473603,247841,2857772,0,0,140000
366644,01a0b1c2-b010-7000-8000-000000000002,01a0c441-d723-767b-90a3-bdbdd004e863,LINGERING,0,-105001,5708653,0,219,131600
366644,01a0b1c2-b010-7000-8000-000000000002,01a0c441-dc05-7521-a2e5-cffdd63883ba,ACTIVE,2473614,247762,3242775,0,0,140000
366644,01a0b1c2-b010-7000-8000-000000000002,01a0c441-e0e7-71af-8b1d-ca2cf5125531,ACTIVE,-2155415,-248962,1850837,0,0,140000
366644,01a0b1c2-b010-7000-8000-000000000002,01a0c441-e5c9-76eb-a77b-de784cb71f6a,ACTIVE,-2473603,247841,2871772,0,0,140000
366646,01a0b1c2-b010-7000-8000-000000000002,01a0c441-d723-767b-90a3-bdbdd004e863,LINGERING,0,-104979,5721760,0,218,130900
366646,01a0b1c2-b010-7000-8000-000000000002,01a0c441-dc05-7521-a2e5-cffdd63883ba,ACTIVE,2473614,247762,3256775,0,0,140000
366646,01a0b1c2-b010-7000-8000-000000000002,01a0c441-e0e7-71af-8b1d-ca2cf5125531,ACTIVE,-2155415,-248962,1864837,0,0,140000
366646,01a0b1c2-b010-7000-8000-000000000002,01a0c441-e5c9-76eb-a77b-de784cb71f6a,ACTIVE,-2473603,247841,2885772,0,0,140000
366648,01a0b1c2-b010-7000-8000-000000000002,01a0c441-d723-767b-90a3-bdbdd004e863,LINGERING,0,-104958,5734798,0,216,130200
366648,01a0b1c2-b010-7000-8000-000000000002,01a0c441-dc05-7521-a2e5-cffdd63883ba,ACTIVE,2473614,247762,3270758,0,0,139650
366648,01a0b1c2-b010-7000-8000-000000000002,01a0c441-e0e7-71af-8b1d-ca2cf5125531,ACTIVE,-2155415,-248962,1878837,0,0,140000
366648,01a0b1c2-b010-7000-8000-000000000002,01a0c441-e5c9-76eb-a77b-de784cb71f6a,ACTIVE,-2473603,247841,2899772,0,0,140000
366650,01a0b1c2-b010-7000-8000-000000000002,01a0c441-d723-767b-90a3-bdbdd004e863,LINGERING,0,-104936,5747765,0,215,129500
366650,01a0b1c2-b010-7000-8000-000000000002,01a0c441-dc05-7521-a2e5-cffdd63883ba,ACTIVE,2473614,247762,3284670,0,0,138950
366650,01a0b1c2-b010-7000-8000-000000000002,01a0c441-e0e7-71af-8b1d-ca2cf5125531,ACTIVE,-2155415,-248962,1892837,0,0,140000
366650,01a0b1c2-b010-7000-8000-000000000002,01a0c441-e5c9-76eb-a77b-de784cb71f6a,ACTIVE,-2473603,247841,2913772,0,0,140000
366652,01a0b1c2-b010-7000-8000-000000000002,01a0c441-d723-767b-90a3-bdbdd004e863,LINGERING,0,-104915,5760663,0,214,128800
366652,01a0b1c2-b010-7000-8000-000000000002,01a0c441-dc05-7521-a2e5-cffdd63883ba,ACTIVE,2473614,247762,3298513,0,0,138250
366652,01a0b1c2-b010-7000-8000-000000000002,01a0c441-e0e7-71af-8b1d-ca2cf5125531,ACTIVE,-2155415,-248962,1906837,0,0,140000
366652,01a0b1c2-b010-7000-8000-000000000002,01a0c441-e5c9-76eb-a77b-de784cb71f6a,ACTIVE,-2473603,247841,2927772,0,0,140000
366654,01a0b1c2-b010-7000-8000-000000000002,01a0c441-d723-767b-90a3-bdbdd004e863,LINGERING,0,-104893,5773490,0,213,128100
366654,01a0b1c2-b010-7000-8000-000000000002,01a0c441-dc05-7521-a2e5-cffdd63883ba,ACTIVE,2473614,247762,3312285,0,0,137550
366654,01a0b1c2-b010-7000-8000-000000000002,01a0c441-e0e7-71af-8b1d-ca2cf5125531,ACTIVE,-2155415,-248962,1920837,0,0,140000
366654,01a0b1c2-b010-7000-8000-000000000002,01a0c441-e5c9-76eb-a77b-de784cb71f6a,ACTIVE,-2473603,247841,2941772,0,0,140000
366656,01a0b1c2-b010-7000-8000-000000000002,01a0c441-d723-767b-90a3-bdbdd004e863,LINGERING,0,-104872,5786248,0,212,127400
366656,01a0b1c2-b010-7000-8000-000000000002,01a0c441-dc05-7521-a2e5-cffdd63883ba,ACTIVE,2473614,247762,3325988,0,0,136850
366656,01a0b1c2-b010-7000-8000-000000000002,01a0c441-e0e7-71af-8b1d-ca2cf5125531,ACTIVE,-2155415,-248962,1934837,0,0,140000
366656,01a0b1c2-b010-7000-8000-000000000002,01a0c441-e5c9-76eb-a77b-de784cb71f6a,ACTIVE,-2473603,247841,2955772,0,0,140000
366658,01a0b1c2-b010-7000-8000-000000000002,01a0c441-d723-767b-90a3-bdbdd004e863,LINGERING,0,-104851,5798935,0,211,126700
366658,01a0b1c2-b010-7000-8000-000000000002,01a0c441-dc05-7521-a2e5-cffdd63883ba,ACTIVE,2473614,247762,3339620,0,0,136150
366658,01a0b1c2-b010-7000-8000-000000000002,01a0c441-e0e7-71af-8b1d-ca2cf5125531,ACTIVE,-2155415,-248962,1948837,0,0,140000
366658,01a0b1c2-b010-7000-8000-000000000002,01a0c441-e5c9-76eb-a77b-de784cb71f6a,ACTIVE,-2473603,247841,2969772,0,0,140000
366660,01a0b1c2-b010-7000-8000-000000000002,01a0c441-d723-767b-90a3-bdbdd004e863,LINGERING,0,-104830,5811553,0,209,126000
366660,01a0b1c2-b010-7000-8000-000000000002,01a0c441-dc05-7521-a2e5-cffdd63883ba,ACTIVE,2473614,247762,3353183,0,0,135450
366660,01a0b1c2-b010-7000-8000-000000000002,01a0c441-e0e7-71af-8b1d-ca2cf5125531,ACTIVE,-2155415,-248962,1962837,0,0,140000
366660,01a0b1c2-b010-7000-8000-000000000002,01a0c441-e5c9-76eb-a77b-de784cb71f6a,ACTIVE,-2473603,247841,2983772,0,0,140000
366662,01a0b1c2-b010-7000-8000-000000000002,01a0c441-d723-767b-90a3-bdbdd004e863,LINGERING,0,-104809,5824100,0,208,125300
366662,01a0b1c2-b010-7000-8000-000000000002,01a0c441-dc05-7521-a2e5-cffdd63883ba,ACTIVE,2473614,247762,3366675,0,0,134750
366662,01a0b1c2-b010-7000-8000-000000000002,01a0c441-e0e7-71af-8b1d-ca2cf5125531,ACTIVE,-2155415,-248962,1976837,0,0,140000
366662,01a0b1c2-b010-7000-8000-000000000002,01a0c441-e5c9-76eb-a77b-de784cb71f6a,ACTIVE,-2473603,247841,2997772,0,0,140000
366664,01a0b1c2-b010-7000-8000-000000000002,01a0c441-d723-767b-90a3-bdbdd004e863,LINGERING,0,-104788,5836578,0,207,124600
366664,01a0b1c2-b010-7000-8000-000000000002,01a0c441-dc05-7521-a2e5-cffdd63883ba,ACTIVE,2473614,247762,3380098,0,0,134050
366664,01a0b1c2-b010-7000-8000-000000000002,01a0c441-e0e7-71af-8b1d-ca2cf5125531,ACTIVE,-2155415,-248962,1990837,0,0,140000
366664,01a0b1c2-b010-7000-8000-000000000002,01a0c441-e5c9-76eb-a77b-de784cb71f6a,ACTIVE,-2473603,247841,3011772,0,0,140000
366666,01a0b1c2-b010-7000-8000-000000000002,01a0c441-d723-767b-90a3-bdbdd004e863,LINGERING,0,-104768,5848985,0,206,123900
366666,01a0b1c2-b010-7000-8000-000000000002,01a0c441-dc05-7521-a2e5-cffdd63883ba,ACTIVE,2473614,247762,3393450,0,0,133350
366666,01a0b1c2-b010-7000-8000-000000000002,01a0c441-e0e7-71af-8b1d-ca2cf5125531,ACTIVE,-2155415,-248962,2004837,0,0,140000
366666,01a0b1c2-b010-7000-8000-000000000002,01a0c441-e5c9-76eb-a77b-de784cb71f6a,ACTIVE,-2473603,247841,3025772,0,0,140000
366668,01a0b1c2-b010-7000-8000-000000000002,01a0c441-d723-767b-90a3-bdbdd004e863,LINGERING,0,-104747,5861323,0,205,123200
366668,01a0b1c2-b010-7000-8000-000000000002,01a0c441-dc05-7521-a2e5-cffdd63883ba,ACTIVE,2473614,247762,3406733,0,0,132650
366668,01a0b1c2-b010-7000-8000-000000000002,01a0c441-e0e7-71af-8b1d-ca2cf5125531,ACTIVE,-2155415,-248962,2018837,0,0,140000
366668,01a0b1c2-b010-7000-8000-000000000002,01a0c441-e5c9-76eb-a77b-de784cb71f6a,ACTIVE,-2473603,247841,3039772,0,0,140000
366670,01a0b1c2-b010-7000-8000-000000000002,01a0c441-d723-767b-90a3-bdbdd004e863,LINGERING,0,-104727,5873590,0,204,122500
366670,01a0b1c2-b010-7000-8000-000000000002,01a0c441-dc05-7521-a2e5-cffdd63883ba,LINGERING,2473614,247762,3419945,0,0,131950
366670,01a0b1c2-b010-7000-8000-000000000002,01a0c441-e0e7-71af-8b1d-ca2cf5125531,ACTIVE,-2155415,-248962,2032785,0,0,139300
366670,01a0b1c2-b010-7000-8000-000000000002,01a0c441-e5c9-76eb-a77b-de784cb71f6a,ACTIVE,-2473603,247841,3053772,0,0,140000
366672,01a0b1c2-b010-7000-8000-000000000002,01a0c441-d723-767b-90a3-bdbdd004e863,LINGERING,0,-104707,5885788,0,202,121800
366672,01a0b1c2-b010-7000-8000-000000000002,01a0c441-dc05-7521-a2e5-cffdd63883ba,LINGERING,2473614,247762,3433088,0,0,131250
366672,01a0b1c2-b010-7000-8000-000000000002,01a0c441-e0e7-71af-8b1d-ca2cf5125531,ACTIVE,-2155415,-248962,2046662,0,0,138600
366672,01a0b1c2-b010-7000-8000-000000000002,01a0c441-e5c9-76eb-a77b-de784cb71f6a,ACTIVE,-2473603,247841,3067772,0,0,140000
366674,01a0b1c2-b010-7000-8000-000000000002,01a0c441-d723-767b-90a3-bdbdd004e863,LINGERING,0,-104686,5897915,0,201,121100
366674,01a0b1c2-b010-7000-8000-000000000002,01a0c441-dc05-7521-a2e5-cffdd63883ba,LINGERING,2473614,247762,3446160,0,0,130550
366674,01a0b1c2-b010-7000-8000-000000000002,01a0c441-e0e7-71af-8b1d-ca2cf5125531,ACTIVE,-2155415,-248962,2060470,0,0,137900
366674,01a0b1c2-b010-7000-8000-000000000002,01a0c441-e5c9-76eb-a77b-de784cb71f6a,ACTIVE,-2473603,247841,3081772,0,0,140000
366676,01a0b1c2-b010-7000-8000-000000000002,01a0c441-d723-767b-90a3-bdbdd004e863,LINGERING,0,-104666,5909973,0,200,120400
366676,01a0b1c2-b010-7000-8000-000000000002,01a0c441-dc05-7521-a2e5-cffdd63883ba,LINGERING,2473614,247762,3459163,0,0,129850
366676,01a0b1c2-b010-7000-8000-000000000002,01a0c441-e0e7-71af-8b1d-ca2cf5125531,ACTIVE,-2155415,-248962,2074207,0,0,137200
366676,01a0b1c2-b010-7000-8000-000000000002,01a0c441-e5c9-76eb-a77b-de784cb71f6a,ACTIVE,-2473603,247841,3095772,0,0,140000
366678,01a0b1c2-b010-7000-8000-000000000002,01a0c441-d723-767b-90a3-bdbdd004e863,LINGERING,0,-104646,5921960,0,199,119700
366678,01a0b1c2-b010-7000-8000-000000000002,01a0c441-dc05-7521-a2e5-cffdd63883ba,LINGERING,2473614,247762,3472095,0,0,129150
366678,01a0b1c2-b010-7000-8000-000000000002,01a0c441-e0e7-71af-8b1d-ca2cf5125531,ACTIVE,-2155415,-248962,2087875,0,0,136500
366678,01a0b1c2-b010-7000-8000-000000000002,01a0c441-e5c9-76eb-a77b-de784cb71f6a,ACTIVE,-2473603,247841,3109772,0,0,140000
366680,01a0b1c2-b010-7000-8000-000000000002,01a0c441-d723-767b-90a3-bdbdd004e863,LINGERING,0,-104627,5933877,0,198,119000
366680,01a0b1c2-b010-7000-8000-000000000002,01a0c441-dc05-7521-a2e5-cffdd63883ba,LINGERING,2473614,247762,3484958,0,0,128450
366680,01a0b1c2-b010-7000-8000-000000000002,01a0c441-e0e7-71af-8b1d-ca2cf5125531,ACTIVE,-2155415,-248962,2101472,0,0,135800
366680,01a0b1c2-b010-7000-8000-000000000002,01a0c441-e5c9-76eb-a77b-de784cb71f6a,ACTIVE,-2473603,247841,3123772,0,0,140000
366682,01a0b1c2-b010-7000-8000-000000000002,01a0c441-d723-767b-90a3-bdbdd004e863,LINGERING,0,-104607,5945725,0,197,118300
366682,01a0b1c2-b010-7000-8000-000000000002,01a0c441-dc05-7521-a2e5-cffdd63883ba,LINGERING,2473614,247762,3497750,0,0,127750
366682,01a0b1c2-b010-7000-8000-000000000002,01a0c441-e0e7-71af-8b1d-ca2cf5125531,ACTIVE,-2155415,-248962,2115000,0,0,135100
366682,01a0b1c2-b010-7000-8000-000000000002,01a0c441-e5c9-76eb-a77b-de784cb71f6a,ACTIVE,-2473603,247841,3137772,0,0,140000
366684,01a0b1c2-b010-7000-8000-000000000002,01a0c441-d723-767b-90a3-bdbdd004e863,LINGERING,0,-104587,5957502,0,195,117600
366684,01a0b1c2-b010-7000-8000-000000000002,01a0c441-dc05-7521-a2e5-cffdd63883ba,LINGERING,2473614,247762,3510473,0,0,127050
366684,01a0b1c2-b010-7000-8000-000000000002,01a0c441-e0e7-71af-8b1d-ca2cf5125531,ACTIVE,-2155415,-248962,2128457,0,0,134400
366684,01a0b1c2-b010-7000-8000-000000000002,01a0c441-e5c9-76eb-a77b-de784cb71f6a,ACTIVE,-2473603,247841,3151772,0,0,140000
366686,01a0b1c2-b010-7000-8000-000000000002,01a0c441-d723-767b-90a3-bdbdd004e863,LINGERING,0,-104568,5969210,0,194,116900
366686,01a0b1c2-b010-7000-8000-000000000002,01a0c441-dc05-7521-a2e5-cffdd63883ba,LINGERING,2473614,247762,3523125,0,0,126350
366686,01a0b1c2-b010-7000-8000-000000000002,01a0c441-e0e7-71af-8b1d-ca2cf5125531,ACTIVE,-2155415,-248962,2141845,0,0,133700
366686,01a0b1c2-b010-7000-8000-000000000002,01a0c441-e5c9-76eb-a77b-de784cb71f6a,ACTIVE,-2473603,247841,3165772,0,0,140000
366688,01a0b1c2-b010-7000-8000-000000000002,01a0c441-d723-767b-90a3-bdbdd004e863,LINGERING,0,-104548,5980847,0,193,116200
366688,01a0b1c2-b010-7000-8000-000000000002,01a0c441-dc05-7521-a2e5-cffdd63883ba,LINGERING,2473614,247762,3535708,0,0,125650
366688,01a0b1c2-b010-7000-8000-000000000002,01a0c441-e0e7-71af-8b1d-ca2cf5125531,ACTIVE,-2155415,-248962,2155162,0,0,133000
366688,01a0b1c2-b010-7000-8000-000000000002,01a0c441-e5c9-76eb-a77b-de784cb71f6a,ACTIVE,-2473603,247841,3179772,0,0,140000
366690,01a0b1c2-b010-7000-8000-000000000002,01a0c441-d723-767b-90a3-bdbdd004e863,LINGERING,0,-104529,5992415,0,192,115500
366690,01a0b1c2-b010-7000-8000-000000000002,01a0c441-dc05-7521-a2e5-cffdd63883ba,LINGERING,2473614,247762,3548220,0,0,124950
366690,01a0b1c2-b010-7000-8000-000000000002,01a0c441-e0e7-71af-8b1d-ca2cf5125531,ACTIVE,-2155415,-248962,2168410,0,0,132300
366690,01a0b1c2-b010-7000-8000-000000000002,01a0c441-e5c9-76eb-a77b-de784cb71f6a,ACTIVE,-2473603,247841,3193772,0,0,140000
366186,01a0b1c2-b010-7000-8000-000000000003,01a0c441-d723-767b-90a3-bdbdd004e863,ACTIVE,0,-122979,2563621,0,24343,76628
366186,01a0b1c2-b010-7000-8000-000000000003,01a0c441-dc05-7521-a2e5-cffdd63883ba,ACTIVE,2473945,247777,87773,-820,-42,79373
366186,01a0b1c2-b010-7000-8000-000000000003,01a0c441-e0e7-71af-8b1d-ca2cf5125531,ACTIVE,-2156966,-249111,-1223950,3401,342,43170
366186,01a0b1c2-b010-7000-8000-000000000003,01a0c441-e5c9-76eb-a77b-de784cb71f6a,ACTIVE,-2500000,250000,0,0,0,0
366188,01a0b1c2-b010-7000-8000-000000000003,01a0c441-d723-767b-90a3-bdbdd004e863,ACTIVE,0,-120709,2571547,0,22161,80139
366188,01a0b1c2-b010-7000-8000-000000000003,01a0c441-dc05-7521-a2e5-cffdd63883ba,ACTIVE,2473876,247773,95973,-653,-32,82874
366188,01a0b1c2-b010-7000-8000-000000000003,01a0c441-e0e7-71af-8b1d-ca2cf5125531,ACTIVE,-2156671,-249082,-1219367,2806,279,46716
366188,01a0b1c2-b010-7000-8000-000000000003,01a0c441-e5c9-76eb-a77b-de784cb71f6a,ACTIVE,-2500000,250000,0,0,0,0
366190,01a0b1c2-b010-7000-8000-000000000003,01a0c441-d723-767b-90a3-bdbdd004e863,ACTIVE,0,-118657,2579824,0,19975,83648
366190,01a0b1c2-b010-7000-8000-000000000003,01a0c441-dc05-7521-a2e5-cffdd63883ba,ACTIVE,2473821,247771,104523,-519,-25,86375
366190,01a0b1c2-b010-7000-8000-000000000003,01a0c441-e0e7-71af-8b1d-ca2cf5125531,ACTIVE,-2156429,-249058,-1214430,2302,227,50246
366190,01a0b1c2-b010-7000-8000-000000000003,01a0c441-e5c9-76eb-a77b-de784cb71f6a,ACTIVE,-2500000,250000,0,0,0,0
366192,01a0b1c2-b010-7000-8000-000000000003,01a0c441-d723-767b-90a3-bdbdd004e863,ACTIVE,0,-116823,2588452,0,17786,87155
366192,01a0b1c2-b010-7000-8000-000000000003,01a0c441-dc05-7521-a2e5-cffdd63883ba,ACTIVE,2473777,247769,113423,-412,-20,89876
366192,01a0b1c2-b010-7000-8000-000000000003,01a0c441-e0e7-71af-8b1d-ca2cf5125531,ACTIVE,-2156231,-249039,-1209142,1879,183,53764
366192,01a0b1c2-b010-7000-8000-000000000003,01a0c441-e5c9-76eb-a77b-de784cb71f6a,ACTIVE,-2499913,249991,1,1741,-174,17
366194,01a0b1c2-b010-7000-8000-000000000003,01a0c441-d723-767b-90a3-bdbdd004e863,ACTIVE,0,-115209,2597430,0,15594,90660
366194,01a0b1c2-b010-7000-8000-000000000003,01a0c441-dc05-7521-a2e5-cffdd63883ba,ACTIVE,2473743,247767,122673,-327,-15,93376
366194,01a0b1c2-b010-7000-8000-000000000003,01a0c441-e0e7-71af-8b1d-ca2cf5125531,ACTIVE,-2156070,-249023,-1203502,1527,147,57276
366194,01a0b1c2-b010-7000-8000-000000000003,01a0c441-e5c9-76eb-a77b-de784cb71f6a,ACTIVE,-2499478,249948,21,5214,-518,302
366196,01a0b1c2-b010-7000-8000-000000000003,01a0c441-d723-767b-90a3-bdbdd004e863,ACTIVE,0,-113814,2606759,0,13401,94164
366196,01a0b1c2-b010-7000-8000-000000000003,01a0c441-dc05-7521-a2e5-cffdd63883ba,ACTIVE,2473715,247766,132273,-259,-12,96876
366196,01a0b1c2-b010-7000-8000-000000000003,01a0c441-e0e7-71af-8b1d-ca2cf5125531,ACTIVE,-2155939,-249010,-1197511,1236,118,60783
366196,01a0b1c2-b010-7000-8000-000000000003,01a0c441-e5c9-76eb-a77b-de784cb71f6a,ACTIVE,-2498702,249871,117,8604,-846,1253
366198,01a0b1c2-b010-7000-8000-000000000003,01a0c441-d723-767b-90a3-bdbdd004e863,ACTIVE,0,-112638,2616438,0,11206,97667
366198,01a0b1c2-b010-7000-8000-000000000003,01a0c441-dc05-7521-a2e5-cffdd63883ba,ACTIVE,2473693,247765,142223,-204,-9,100376
366198,01a0b1c2-b010-7000-8000-000000000003,01a0c441-e0e7-71af-8b1d-ca2cf5125531,ACTIVE,-2155834,-249000,-1191170,997,94,64288
366198,01a0b1c2-b010-7000-8000-000000000003,01a0c441-e5c9-76eb-a77b-de784cb71f6a,ACTIVE,-2497605,249765,383,11713,-1129,3218
366200,01a0b1c2-b010-7000-8000-000000000003,01a0c441-d723-767b-90a3-bdbdd004e863,ACTIVE,0,-111682,2626468,0,9012,101171
366200,01a0b1c2-b010-7000-8000-000000000003,01a0c441-dc05-7521-a2e5-cffdd63883ba,ACTIVE,2473676,247764,152524,-161,-7,103876
366200,01a0b1c2-b010-7000-8000-000000000003,01a0c441-e0e7-71af-8b1d-ca2cf5125531,ACTIVE,-2155749,-248992,-1184479,803,75,67790
366200,01a0b1c2-b010-7000-8000-000000000003,01a0c441-e5c9-76eb-a77b-de784cb71f6a,ACTIVE,-2496232,249635,913,14359,-1352,6059
366202,01a0b1c2-b010-7000-8000-000000000003,01a0c441-d723-767b-90a3-bdbdd004e863,ACTIVE,0,-110946,2636848,0,6818,104675
366202,01a0b1c2-b010-7000-8000-000000000003,01a0c441-dc05-7521-a2e5-cffdd63883ba,ACTIVE,2473663,247764,163174,-127,-5,107376
366202,01a0b1c2-b010-7000-8000-000000000003,01a0c441-e0e7-71af-8b1d-ca2cf5125531,ACTIVE,-2155681,-248986,-1177437,644,60,71292
366202,01a0b1c2-b010-7000-8000-000000000003,01a0c441-e5c9-76eb-a77b-de784cb71f6a,ACTIVE,-2494638,249488,1780,16419,-1508,9588
366204,01a0b1c2-b010-7000-8000-000000000003,01a0c441-d723-767b-90a3-bdbdd004e863,ACTIVE,0,-110428,2647578,0,4624,108178
366204,01a0b1c2-b010-7000-8000-000000000003,01a0c441-dc05-7521-a2e5-cffdd63883ba,ACTIVE,2473652,247763,174174,-100,-4,110876
366204,01a0b1c2-b010-7000-8000-000000000003,01a0c441-e0e7-71af-8b1d-ca2cf5125531,ACTIVE,-2155626,-248981,-1170045,515,48,74793
366204,01a0b1c2-b010-7000-8000-000000000003,01a0c441-e5c9-76eb-a77b-de784cb71f6a,ACTIVE,-2492878,249329,3025,17960,-1610,13420
366206,01a0b1c2-b010-7000-8000-000000000003,01a0c441-d723-767b-90a3-bdbdd004e863,ACTIVE,0,-110131,2658658,0,2430,111682
366206,01a0b1c2-b010-7000-8000-000000000003,01a0c441-dc05-7521-a2e5-cffdd63883ba,ACTIVE,2473644,247763,185524,-79,-3,114376
366206,01a0b1c2-b010-7000-8000-000000000003,01a0c441-e0e7-71af-8b1d-ca2cf5125531,ACTIVE,-2155582,-248977,-1162303,412,38,78294
366206,01a0b1c2-b010-7000-8000-000000000003,01a0c441-e5c9-76eb-a77b-de784cb71f6a,ACTIVE,-2491001,249164,4666,18991,-1663,17421
366208,01a0b1c2-b010-7000-8000-000000000003,01a0c441-d723-767b-90a3-bdbdd004e863,ACTIVE,0,-110052,2670089,0,236,115186
366208,01a0b1c2-b010-7000-8000-000000000003,01a0c441-dc05-7521-a2e5-cffdd63883ba,ACTIVE,2473637,247762,197224,-62,-3,117876
366208,01a0b1c2-b010-7000-8000-000000000003,01a0c441-e0e7-71af-8b1d-ca2cf5125531,ACTIVE,-2155548,-248974,-1154211,328,30,81794
366208,01a0b1c2-b010-7000-8000-000000000003,01a0c441-e5c9-76eb-a77b-de784cb71f6a,ACTIVE,-2489061,248997,6716,19493,-1668,21522
366210,01a0b1c2-b010-7000-8000-000000000003,01a0c441-d723-767b-90a3-bdbdd004e863,ACTIVE,0,-110033,2681870,0,197,118686
366210,01a0b1c2-b010-7000-8000-000000000003,01a0c441-dc05-7521-a2e5-cffdd63883ba,ACTIVE,2473632,247762,209274,-49,-2,121376
366210,01a0b1c2-b010-7000-8000-000000000003,01a0c441-e0e7-71af-8b1d-ca2cf5125531,ACTIVE,-2155520,-248971,-1145769,261,24,85294
366210,01a0b1c2-b010-7000-8000-000000000003,01a0c441-e5c9-76eb-a77b-de784cb71f6a,ACTIVE,-2487111,248833,9178,19458,-1627,25654
366212,01a0b1c2-b010-7000-8000-000000000003,01a0c441-d723-767b-90a3-bdbdd004e863,ACTIVE,0,-110013,2694002,0,203,122186
366212,01a0b1c2-b010-7000-8000-000000000003,01a0c441-dc05-7521-a2e5-cffdd63883ba,ACTIVE,2473628,247762,221674,-38,-2,124876
366212,01a0b1c2-b010-7000-8000-000000000003,01a0c441-e0e7-71af-8b1d-ca2cf5125531,ACTIVE,-2155498,-248969,-1136978,207,19,88795
366212,01a0b1c2-b010-7000-8000-000000000003,01a0c441-e5c9-76eb-a77b-de784cb71f6a,ACTIVE,-2485204,248676,12051,18906,-1545,29748
366214,01a0b1c2-b010-7000-8000-000000000003,01a0c441-d723-767b-90a3-bdbdd004e863,ACTIVE,0,-109992,2706483,0,209,125686
366214,01a0b1c2-b010-7000-8000-000000000003,01a0c441-dc05-7521-a2e5-cffdd63883ba,ACTIVE,2473625,247762,234425,-30,-1,128376
366214,01a0b1c2-b010-7000-8000-000000000003,01a0c441-e0e7-71af-8b1d-ca2cf5125531,ACTIVE,-2155481,-248968,-1127836,164,15,92295
366214,01a0b1c2-b010-7000-8000-000000000003,01a0c441-e5c9-76eb-a77b-de784cb71f6a,ACTIVE,-2483383,248530,15327,17947,-1433,33767
366216,01a0b1c2-b010-7000-8000-000000000003,01a0c441-d723-767b-90a3-bdbdd004e863,ACTIVE,0,-109970,2719314,0,215,129186
366216,01a0b1c2-b010-7000-8000-000000000003,01a0c441-dc05-7521-a2e5-cffdd63883ba,ACTIVE,2473622,247762,247525,-24,-1,131876
366216,01a0b1c2-b010-7000-8000-000000000003,01a0c441-e0e7-71af-8b1d-ca2cf5125531,ACTIVE,-2155467,-248967,-1118344,130,12,95795
366216,01a0b1c2-b010-7000-8000-000000000003,01a0c441-e5c9-76eb-a77b-de784cb71f6a,ACTIVE,-2481681,248396,19000,16682,-1302,37700
366218,01a0b1c2-b010-7000-8000-000000000003,01a0c441-d723-767b-90a3-bdbdd004e863,ACTIVE,0,-109949,2732495,0,221,132686
366218,01a0b1c2-b010-7000-8000-000000000003,01a0c441-dc05-7521-a2e5-cffdd63883ba,ACTIVE,2473620,247762,260975,-18,-1,135376
366218,01a0b1c2-b010-7000-8000-000000000003,01a0c441-e0e7-71af-8b1d-ca2cf5125531,ACTIVE,-2155456,-248966,-1108502,103,9,99295
366218,01a0b1c2-b010-7000-8000-000000000003,01a0c441-e5c9-76eb-a77b-de784cb71f6a,ACTIVE,-2480124,248277,23059,15189,-1158,41552
366220,01a0b1c2-b010-7000-8000-000000000003,01a0c441-d723-767b-90a3-bdbdd004e863,ACTIVE,0,-109926,2746026,0,226,136186
366220,01a0b1c2-b010-7000-8000-000000000003,01a0c441-dc05-7521-a2e5-cffdd63883ba,ACTIVE,2473619,247762,274775,-14,-1,138876
366220,01a0b1c2-b010-7000-8000-000000000003,01a0c441-e0e7-71af-8b1d-ca2cf5125531,ACTIVE,-2155447,-248965,-1098310,81,7,102795
366220,01a0b1c2-b010-7000-8000-000000000003,01a0c441-e5c9-76eb-a77b-de784cb71f6a,ACTIVE,-2478729,248173,27498,13525,-1006,45333
366222,01a0b1c2-b010-7000-8000-000000000003,01a0c441-d723-767b-90a3-bdbdd004e863,ACTIVE,0,-109903,2759907,0,232,139686
366222,01a0b1c2-b010-7000-8000-000000000003,01a0c441-dc05-7521-a2e5-cffdd63883ba,ACTIVE,2473617,247762,288775,-11,0,140000
366222,01a0b1c2-b010-7000-8000-000000000003,01a0c441-e0e7-71af-8b1d-ca2cf5125531,ACTIVE,-2155440,-248964,-1087768,64,6,106295
366222,01a0b1c2-b010-7000-8000-000000000003,01a0c441-e5c9-76eb-a77b-de784cb71f6a,ACTIVE,-2477510,248084,32311,11731,-849,49054
366224,01a0b1c2-b010-7000-8000-000000000003,01a0c441-d723-767b-90a3-bdbdd004e863,ACTIVE,0,-109880,2773907,0,233,140000
366224,01a0b1c2-b010-7000-8000-000000000003,01a0c441-dc05-7521-a2e5-cffdd63883ba,ACTIVE,2473617,247762,302775,-8,0,140000
366224,01a0b1c2-b010-7000-8000-000000000003,01a0c441-e0e7-71af-8b1d-ca2cf5125531,ACTIVE,-2155435,-248964,-1076876,51,4,109795
366224,01a0b1c2-b010-7000-8000-000000000003,01a0c441-e5c9-76eb-a77b-de784cb71f6a,ACTIVE,-2476478,248011,37492,9840,-691,52727
366226,01a0b1c2-b010-7000-8000-000000000003,01a0c441-d723-767b-90a3-bdbdd004e863,ACTIVE,0,-109856,2787907,0,233,140000
366226,01a0b1c2-b010-7000-8000-000000000003,01a0c441-dc05-7521-a2e5-cffdd63883ba,ACTIVE,2473616,247762,316775,-6,0,140000
366226,01a0b1c2-b010-7000-8000-000000000003,01a0c441-e0e7-71af-8b1d-ca2cf5125531,ACTIVE,-2155431,-248963,-1065634,40,3,113295
366226,01a0b1c2-b010-7000-8000-000000000003,01a0c441-e5c9-76eb-a77b-de784cb71f6a,ACTIVE,-2475641,247953,43037,7876,-534,56361
366228,01a0b1c2-b010-7000-8000-000000000003,01a0c441-d723-767b-90a3-bdbdd004e863,ACTIVE,0,-109833,2801907,0,233,140000
366228,01a0b1c2-b010-7000-8000-000000000003,01a0c441-dc05-7521-a2e5-cffdd63883ba,ACTIVE,2473615,247762,330775,-5,0,140000
366228,01a0b1c2-b010-7000-8000-000000000003,01a0c441-e0e7-71af-8b1d-ca2cf5125531,ACTIVE,-2155427,-248963,-1054042,31,3,116795
366228,01a0b1c2-b010-7000-8000-000000000003,01a0c441-e5c9-76eb-a77b-de784cb71f6a,ACTIVE,-2475005,247912,48944,5857,-378,59965
366230,01a0b1c2-b010-7000-8000-000000000003,01a0c441-d723-767b-90a3-bdbdd004e863,ACTIVE,0,-109810,2815907,0,233,140000
366230,01a0b1c2-b010-7000-8000-000000000003,01a0c441-dc05-7521-a2e5-cffdd63883ba,ACTIVE,2473615,247762,344775,-4,0,140000
366230,01a0b1c2-b010-7000-8000-000000000003,01a0c441-e0e7-71af-8b1d-ca2cf5125531,ACTIVE,-2155425,-248963,-1042100,25,2,120295
366230,01a0b1c2-b010-7000-8000-000000000003,01a0c441-e5c9-76eb-a77b-de784cb71f6a,ACTIVE,-2474573,247885,55209,3795,-226,63545
366232,01a0b1c2-b010-7000-8000-000000000003,01a0c441-d723-767b-90a3-bdbdd004e863,ACTIVE,0,-109787,2829907,0,233,140000
366232,01a0b1c2-b010-7000-8000-000000000003,01a0c441-dc05-7521-a2e5-cffdd63883ba,ACTIVE,2473615,247762,358775,-3,0,140000
366232,01a0b1c2-b010-7000-8000-000000000003,01a0c441-e0e7-71af-8b1d-ca2cf5125531,ACTIVE,-2155423,-248963,-1029808,19,2,123795
366232,01a0b1c2-b010-7000-8000-000000000003,01a0c441-e5c9-76eb-a77b-de784cb71f6a,ACTIVE,-2474347,247873,61831,1787,-88,67104
366234,01a0b1c2-b010-7000-8000-000000000003,01a0c441-d723-767b-90a3-bdbdd004e863,ACTIVE,0,-109763,2843907,0,233,140000
366234,01a0b1c2-b010-7000-8000-000000000003,01a0c441-dc05-7521-a2e5-cffdd63883ba,ACTIVE,2473614,247762,372775,-2,0,140000
366234,01a0b1c2-b010-7000-8000-000000000003,01a0c441-e0e7-71af-8b1d-ca2cf5125531,ACTIVE,-2155421,-248962,-1017166,15,1,127295
366234,01a0b1c2-b010-7000-8000-000000000003,01a0c441-e5c9-76eb-a77b-de784cb71f6a,ACTIVE,-2474195,247866,68804,1435,-68,70612
366236,01a0b1c2-b010-7000-8000-000000000003,01a0c441-d723-767b-90a3-bdbdd004e863,ACTIVE,0,-109740,2857907,0,233,140000
366236,01a0b1c2-b010-7000-8000-000000000003,01a0c441-dc05-7521-a2e5-cffdd63883ba,ACTIVE,2473614,247762,386775,-2,0,140000
366236,01a0b1c2-b010-7000-8000-000000000003,01a0c441-e0e7-71af-8b1d-ca2cf5125531,ACTIVE,-2155420,-248962,-1004174,12,1,130795
366236,01a0b1c2-b010-7000-8000-000000000003,01a0c441-e5c9-76eb-a77b-de784cb71f6a,ACTIVE,-2474073,247860,76128,1149,-53,74118
366238,01a0b1c2-b010-7000-8000-000000000003,01a0c441-d723-767b-90a3-bdbdd004e863,ACTIVE,0,-109717,2871907,0,233,140000
366238,01a0b1c2-b010-7000-8000-000000000003,01a0c441-dc05-7521-a2e5-cffdd63883ba,ACTIVE,2473614,247762,400775,-1,0,140000
366238,01a0b1c2-b010-7000-8000-000000000003,01a0c441-e0e7-71af-8b1d-ca2cf5125531,ACTIVE,-2155419,-248962,-990832,9,1,134295
366238,01a0b1c2-b010-7000-8000-000000000003,01a0c441-e5c9-76eb-a77b-de784cb71f6a,ACTIVE,-2473976,247856,83803,918,-41,77621
366240,01a0b1c2-b010-7000-8000-000000000003,01a0c441-d723-767b-90a3-bdbdd004e863,ACTIVE,0,-109693,2885907,0,233,140000
366240,01a0b1c2-b010-7000-8000-000000000003,01a0c441-dc05-7521-a2e5-cffdd63883ba,ACTIVE,2473614,247762,414775,-1,0,140000
366240,01a0b1c2-b010-7000-8000-000000000003,01a0c441-e0e7-71af-8b1d-ca2cf5125531,ACTIVE,-2155418,-248962,-977140,7,1,137795
366240,01a0b1c2-b010-7000-8000-000000000003,01a0c441-e5c9-76eb-a77b-de784cb71f6a,ACTIVE,-2473898,247853,91828,732,-31,81123
366242,01a0b1c2-b010-7000-8000-000000000003,01a0c441-d723-767b-90a3-bdbdd004e863,ACTIVE,0,-109670,2899907,0,233,140000
366242,01a0b1c2-b010-7000-8000-000000000003,01a0c441-dc05-7521-a2e5-cffdd63883ba,ACTIVE,2473614,247762,428775,-1,0,140000
366242,01a0b1c2-b010-7000-8000-000000000003,01a0c441-e0e7-71af-8b1d-ca2cf5125531,ACTIVE,-2155417,-248962,-963163,6,0,140000
366242,01a0b1c2-b010-7000-8000-000000000003,01a0c441-e5c9-76eb-a77b-de784cb71f6a,ACTIVE,-2473836,247850,100203,583,-24,84624
366244,01a0b1c2-b010-7000-8000-000000000003,01a0c441-d723-767b-90a3-bdbdd004e863,ACTIVE,0,-109647,2913907,0,233,140000
366244,01a0b1c2-b010-7000-8000-000000000003,01a0c441-dc05-7521-a2e5-cffdd63883ba,ACTIVE,2473614,247762,442775,-1,0,140000
366244,01a0b1c2-b010-7000-8000-000000000003,01a0c441-e0e7-71af-8b1d-ca2cf5125531,ACTIVE,-2155417,-248962,-949163,4,0,140000
366244,01a0b1c2-b010-7000-8000-000000000003,01a0c441-e5c9-76eb-a77b-de784cb71f6a,ACTIVE,-2473787,247848,108928,463,-19,88125
366246,01a0b1c2-b010-7000-8000-000000000003,01a0c441-d723-767b-90a3-bdbdd004e863,ACTIVE,0,-109624,2927907,0,233,140000
366246,01a0b1c2-b010-7000-8000-000000000003,01a0c441-dc05-7521-a2e5-cffdd63883ba,ACTIVE,2473614,247762,456775,0,0,140000
366246,01a0b1c2-b010-7000-8000-000000000003,01a0c441-e0e7-71af-8b1d-ca2cf5125531,ACTIVE,-2155417,-248962,-935163,3,0,140000
366246,01a0b1c2-b010-7000-8000-000000000003,01a0c441-e5c9-76eb-a77b-de784cb71f6a,ACTIVE,-2473748,247846,118003,367,-14,91625
366248,01a0b1c2-b010-7000-8000-000000000003,01a0c441-d723-767b-90a3-bdbdd004e863,ACTIVE,0,-109600,2941907,0,233,140000
366248,01a0b1c2-b010-7000-8000-000000000003,01a0c441-dc05-7521-a2e5-cffdd63883ba,ACTIVE,2473614,247762,470775,0,0,140000
366248,01a0b1c2-b010-7000-8000-000000000003,01a0c441-e0e7-71af-8b1d-ca2cf5125531,ACTIVE,-2155416,-248962,-921163,3,0,140000
366248,01a0b1c2-b010-7000-8000-000000000003,01a0c441-e5c9-76eb-a77b-de784cb71f6a,ACTIVE,-2473717,247845,127428,291,-11,95126
366250,01a0b1c2-b010-7000-8000-000000000003,01a0c441-d723-767b-90a3-bdbdd004e863,ACTIVE,0,-109577,2955907,0,233,140000
366250,01a0b1c2-b010-7000-8000-000000000003,01a0c441-dc05-7521-a2e5-cffdd63883ba,ACTIVE,2473614,247762,484775,0,0,140000
366250,01a0b1c2-b010-7000-8000-000000000003,01a0c441-e0e7-71af-8b1d-ca2cf5125531,ACTIVE,-2155416,-248962,-907163,2,0,140000
366250,01a0b1c2-b010-7000-8000-000000000003,01a0c441-e5c9-76eb-a77b-de784cb71f6a,ACTIVE,-2473693,247844,137203,230,-9,98626
366252,01a0b1c2-b010-7000-8000-000000000003,01a0c441-d723-767b-90a3-bdbdd004e863,ACTIVE,0,-109554,2969907,0,233,140000
366252,01a0b1c2-b010-7000-8000-000000000003,01a0c441-dc05-7521-a2e5-cffdd63883ba,ACTIVE,2473614,247762,498775,0,0,140000
366252,01a0b1c2-b010-7000-8000-000000000003,01a0c441-e0e7-71af-8b1d-ca2cf5125531,ACTIVE,-2155416,-248962,-893163,1,0,140000
366252,01a0b1c2-b010-7000-8000-000000000003,01a0c441-e5c9-76eb-a77b-de784cb71f6a,ACTIVE,-2473673,247844,147328,182,-7,102126
366254,01a0b1c2-b010-7000-8000-000000000003,01a0c441-d723-767b-90a3-bdbdd004e863,ACTIVE,0,-109531,2983907,0,233,140000
366254,01a0b1c2-b010-7000-8000-000000000003,01a0c441-dc05-7521-a2e5-cffdd63883ba,ACTIVE,2473614,247762,512775,0,0,140000
366254,01a0b1c2-b010-7000-8000-000000000003,01a0c441-e0e7-71af-8b1d-ca2cf5125531,ACTIVE,-2155416,-248962,-879163,1,0,140000
366254,01a0b1c2-b010-7000-8000-000000000003,01a0c441-e5c9-76eb-a77b-de784cb71f6a,ACTIVE,-2473658,247843,157803,143,-5,105626
366256,01a0b1c2-b010-7000-8000-000000000003,01a0c441-d723-767b-90a3-bdbdd004e863,ACTIVE,0,-109507,2997907,0,233,140000
366256,01a0b1c2-b010-7000-8000-000000000003,01a0c441-dc05-7521-a2e5-cffdd63883ba,ACTIVE,2473614,247762,526775,0,0,140000
366256,01a0b1c2-b010-7000-8000-000000000003,01a0c441-e0e7-71af-8b1d-ca2cf5125531,ACTIVE,-2155416,-248962,-865163,1,0,140000
366256,01a0b1c2-b010-7000-8000-000000000003,01a0c441-e5c9-76eb-a77b-de784cb71f6a,ACTIVE,-2473646,247843,168628,113,-4,109126
366258,01a0b1c2-b010-7000-8000-000000000003,01a0c441-d723-767b-90a3-bdbdd004e863,ACTIVE,0,-109484,3011907,0,233,140000
366258,01a0b1c2-b010-7000-8000-000000000003,01a0c441-dc05-7521-a2e5-cffdd63883ba,ACTIVE,2473614,247762,540775,0,0,140000
366258,01a0b1c2-b010-7000-8000-000000000003,01a0c441-e0e7-71af-8b1d-ca2cf5125531,ACTIVE,-2155416,-248962,-851163,1,0,140000
366258,01a0b1c2-b010-7000-8000-000000000003,01a0c441-e5c9-76eb-a77b-de784cb71f6a,ACTIVE,-2473637,247842,179803,89,-3,112626
366260,01a0b1c2-b010-7000-8000-000000000003,01a0c441-d723-767b-90a3-bdbdd004e863,ACTIVE,0,-109461,3025907,0,233,140000
366260,01a0b1c2-b010-7000-8000-000000000003,01a0c441-dc05-7521-a2e5-cffdd63883ba,ACTIVE,2473614,247762,554775,0,0,140000
366260,01a0b1c2-b010-7000-8000-000000000003,01a0c441-e0e7-71af-8b1d-ca2cf5125531,ACTIVE,-2155416,-248962,-837163,0,0,140000
366260,01a0b1c2-b010-7000-8000-000000000003,01a0c441-e5c9-76eb-a77b-de784cb71f6a,ACTIVE,-2473629,247842,191328,70,-2,116126
366262,01a0b1c2-b010-7000-8000-000000000003,01a0c441-d723-767b-90a3-bdbdd004e863,ACTIVE,0,-109437,3039906,0,233,140000
366262,01a0b1c2-b010-7000-8000-000000000003,01a0c441-dc05-7521-a2e5-cffdd63883ba,ACTIVE,2473614,247762,568775,0,0,140000
366262,01a0b1c2-b010-7000-8000-000000000003,01a0c441-e0e7-71af-8b1d-ca2cf5125531,ACTIVE,-2155416,-248962,-823163,0,0,140000
366262,01a0b1c2-b010-7000-8000-000000000003,01a0c441-e5c9-76eb-a77b-de784cb71f6a,ACTIVE,-2473623,247842,203203,55,-2,119626
366264,01a0b1c2-b010-7000-8000-000000000003,01a0c441-d723-767b-90a3-bdbdd004e863,ACTIVE,0,-109414,3053906,0,233,140000
366264,01a0b1c2-b010-7000-8000-000000000003,01a0c441-dc05-7521-a2e5-cffdd63883ba,ACTIVE,2473614,247762,582775,0,0,140000
366264,01a0b1c2-b010-7000-8000-000000000003,01a0c441-e0e7-71af-8b1d-ca2cf5125531,ACTIVE,-2155416,-248962,-809163,0,0,140000
366264,01a0b1c2-b010-7000-8000-000000000003,01a0c441-e5c9-76eb-a77b-de784cb71f6a,ACTIVE,-2473619,247842,215428,43,-1,123126
366266,01a0b1c2-b010-7000-8000-000000000003,01a0c441-d723-767b-90a3-bdbdd004e863,ACTIVE,0,-109391,3067906,0,233,140000
366266,01a0b1c2-b010-7000-8000-000000000003,01a0c441-dc05-7521-a2e5-cffdd63883ba,ACTIVE,2473614,247762,596775,0,0,140000
366266,01a0b1c2-b010-7000-8000-000000000003,01a0c441-e0e7-71af-8b1d-ca2cf5125531,ACTIVE,-2155416,-248962,-795163,0,0,140000
366266,01a0b1c2-b010-7000-8000-000000000003,01a0c441-e5c9-76eb-a77b-de784cb71f6a,ACTIVE,-2473615,247842,228003,34,-1,126626
366268,01a0b1c2-b010-7000-8000-000000000003,01a0c441-d723-767b-90a3-bdbdd004e863,ACTIVE,0,-109368,3081906,0,233,140000
366268,01a0b1c2-b010-7000-8000-000000000003,01a0c441-dc05-7521-a2e5-cffdd63883ba,ACTIVE,2473614,247762,610775,0,0,140000
366268,01a0b1c2-b010-7000-8000-000000000003,01a0c441-e0e7-71af-8b1d-ca2cf5125531,ACTIVE,-2155416,-248962,-781163,0,0,140000
366268,01a0b1c2-b010-7000-8000-000000000003,01a0c441-e5c9-76eb-a77b-de784cb71f6a,ACTIVE,-2473612,247842,240928,27,-1,130126
366270,01a0b1c2-b010-7000-8000-000000000003,01a0c441-d723-767b-90a3-bdbdd004e863,ACTIVE,0,-109344,3095906,0,233,140000
366270,01a0b1c2-b010-7000-8000-000000000003,01a0c441-dc05-7521-a2e5-cffdd63883ba,ACTIVE,2473614,247762,624775,0,0,140000
366270,01a0b1c2-b010-7000-8000-000000000003,01a0c441-e0e7-71af-8b1d-ca2cf5125531,ACTIVE,-2155416,-248962,-767163,0,0,140000
366270,01a0b1c2-b010-7000-8000-000000000003,01a0c441-e5c9-76eb-a77b-de784cb71f6a,ACTIVE,-2473610,247841,254204,21,-1,133626
366272,01a0b1c2-b010-7000-8000-000000000003,01a0c441-d723-767b-90a3-bdbdd004e863,ACTIVE,0,-109321,3109906,0,233,140000
366272,01a0b1c2-b010-7000-8000-000000000003,01a0c441-dc05-7521-a2e5-cffdd63883ba,ACTIVE,2473614,247762,638775,0,0,140000
366272,01a0b1c2-b010-7000-8000-000000000003,01a0c441-e0e7-71af-8b1d-ca2cf5125531,ACTIVE,-2155416,-248962,-753163,0,0,140000
366272,01a0b1c2-b010-7000-8000-000000000003,01a0c441-e5c9-76eb-a77b-de784cb71f6a,ACTIVE,-2473608,247841,267829,16,0,137126
366274,01a0b1c2-b010-7000-8000-000000000003,01a0c441-d723-767b-90a3-bdbdd004e863,ACTIVE,0,-109298,3123906,0,233,140000
366274,01a0b1c2-b010-7000-8000-000000000003,01a0c441-dc05-7521-a2e5-cffdd63883ba,ACTIVE,2473614,247762,652775,0,0,140000
366274,01a0b1c2-b010-7000-8000-000000000003,01a0c441-e0e7-71af-8b1d-ca2cf5125531,ACTIVE,-2155416,-248962,-739163,0,0,140000
366274,01a0b1c2-b010-7000-8000-000000000003,01a0c441-e5c9-76eb-a77b-de784cb71f6a,ACTIVE,-2473607,247841,281772,13,0,140000
366276,01a0b1c2-b010-7000-8000-000000000003,01a0c441-d723-767b-90a3-bdbdd004e863,ACTIVE,0,-109275,3137906,0,233,140000
366276,01a0b1c2-b010-7000-8000-000000000003,01a0c441-dc05-7521-a2e5-cffdd63883ba,ACTIVE,2473614,247762,666775,0,0,140000
366276,01a0b1c2-b010-7000-8000-000000000003,01a0c441-e0e7-71af-8b1d-ca2cf5125531,ACTIVE,-2155416,-248962,-725163,0,0,140000
366276,01a0b1c2-b010-7000-8000-000000000003,01a0c441-e5c9-76eb-a77b-de784cb71f6a,ACTIVE,-2473606,247841,295772,10,0,140000
366278,01a0b1c2-b010-7000-8000-000000000003,01a0c441-d723-767b-90a3-bdbdd004e863,ACTIVE,0,-109251,3151906,0,233,140000
366278,01a0b1c2-b010-7000-8000-000000000003,01a0c441-dc05-7521-a2e5-cffdd63883ba,ACTIVE,2473614,247762,680775,0,0,140000
366278,01a0b1c2-b010-7000-8000-000000000003,01a0c441-e0e7-71af-8b1d-ca2cf5125531,ACTIVE,-2155416,-248962,-711163,0,0,140000
366278,01a0b1c2-b010-7000-8000-000000000003,01a0c441-e5c9-76eb-a77b-de784cb71f6a,ACTIVE,-2473605,247841,309772,7,0,140000
366280,01a0b1c2-b010-7000-8000-000000000003,01a0c441-d723-767b-90a3-bdbdd004e863,ACTIVE,0,-109228,3165906,0,233,140000
366280,01a0b1c2-b010-7000-8000-000000000003,01a0c441-dc05-7521-a2e5-cffdd63883ba,ACTIVE,2473614,247762,694775,0,0,140000
366280,01a0b1c2-b010-7000-8000-000000000003,01a0c441-e0e7-71af-8b1d-ca2cf5125531,ACTIVE,-2155416,-248962,-697163,0,0,140000
366280,01a0b1c2-b010-7000-8000-000000000003,01a0c441-e5c9-76eb-a77b-de784cb71f6a,ACTIVE,-2473605,247841,323772,6,0,140000
366282,01a0b1c2-b010-7000-8000-000000000003,01a0c441-d723-767b-90a3-bdbdd004e863,ACTIVE,0,-109205,3179906,0,233,140000
366282,01a0b1c2-b010-7000-8000-000000000003,01a0c441-dc05-7521-a2e5-cffdd63883ba,ACTIVE,2473614,247762,708775,0,0,140000
366282,01a0b1c2-b010-7000-8000-000000000003,01a0c441-e0e7-71af-8b1d-ca2cf5125531,ACTIVE,-2155416,-248962,-683163,0,0,140000
366282,01a0b1c2-b010-7000-8000-000000000003,01a0c441-e5c9-76eb-a77b-de784cb71f6a,ACTIVE,-2473604,247841,337772,4,0,140000
366284,01a0b1c2-b010-7000-8000-000000000003,01a0c441-d723-767b-90a3-bdbdd004e863,ACTIVE,0,-109181,3193906,0,233,140000
366284,01a0b1c2-b010-7000-8000-000000000003,01a0c441-dc05-7521-a2e5-cffdd63883ba,ACTIVE,2473614,247762,722775,0,0,140000
366284,01a0b1c2-b010-7000-8000-000000000003,01a0c441-e0e7-71af-8b1d-ca2cf5125531,ACTIVE,-2155416,-248962,-669163,0,0,140000
366284,01a0b1c2-b010-7000-8000-000000000003,01a0c441-e5c9-76eb-a77b-de784cb71f6a,ACTIVE,-2473604,247841,351772,3,0,140000
366286,01a0b1c2-b010-7000-8000-000000000003,01a0c441-d723-767b-90a3-bdbdd004e863,ACTIVE,0,-109158,3207906,0,233,140000
366286,01a0b1c2-b010-7000-8000-000000000003,01a0c441-dc05-7521-a2e5-cffdd63883ba,ACTIVE,2473614,247762,736775,0,0,140000
366286,01a0b1c2-b010-7000-8000-000000000003,01a0c441-e0e7-71af-8b1d-ca2cf5125531,ACTIVE,-2155416,-248962,-655163,0,0,140000
366286,01a0b1c2-b010-7000-8000-000000000003,01a0c441-e5c9-76eb-a77b-de784cb71f6a,ACTIVE,-2473604,247841,365772,3,0,140000
366288,01a0b1c2-b010-7000-8000-000000000003,01a0c441-d723-767b-90a3-bdbdd004e863,ACTIVE,0,-109135,3221906,0,233,140000
366288,01a0b1c2-b010-7000-8000-000000000003,01a0c441-dc05-7521-a2e5-cffdd63883ba,ACTIVE,2473614,247762,750775,0,0,140000
366288,01a0b1c2-b010-7000-8000-000000000003,01a0c441-e0e7-71af-8b1d-ca2cf5125531,ACTIVE,-2155416,-248962,-641163,0,0,140000
366288,01a0b1c2-b010-7000-8000-000000000003,01a0c441-e5c9-76eb-a77b-de784cb71f6a,ACTIVE,-2473603,247841,379772,2,0,140000
366290,01a0b1c2-b010-7000-8000-000000000003,01a0c441-d723-767b-90a3-bdbdd004e863,ACTIVE,0,-109112,3235906,0,233,140000
366290,01a0b1c2-b010-7000-8000-000000000003,01a0c441-dc05-7521-a2e5-cffdd63883ba,ACTIVE,2473614,247762,764775,0,0,140000
366290,01a0b1c2-b010-7000-8000-000000000003,01a0c441-e0e7-71af-8b1d-ca2cf5125531,ACTIVE,-2155415,-248962,-627163,0,0,140000
366290,01a0b1c2-b010-7000-8000-000000000003,01a0c441-e5c9-76eb-a77b-de784cb71f6a,ACTIVE,-2473603,247841,393772,1,0,140000
366292,01a0b1c2-b010-7000-8000-000000000003,01a0c441-d723-767b-90a3-bdbdd004e863,ACTIVE,0,-109088,3249906,0,233,140000
366292,01a0b1c2-b010-7000-8000-000000000003,01a0c441-dc05-7521-a2e5-cffdd63883ba,ACTIVE,2473614,247762,778775,0,0,140000
366292,01a0b1c2-b010-7000-8000-000000000003,01a0c441-e0e7-71af-8b1d-ca2cf5125531,ACTIVE,-2155415,-248962,-613163,0,0,140000
366292,01a0b1c2-b010-7000-8000-000000000003,01a0c441-e5c9-76eb-a77b-de784cb71f6a,ACTIVE,-2473603,247841,407772,1,0,140000
366294,01a0b1c2-b010-7000-8000-000000000003,01a0c441-d723-767b-90a3-bdbdd004e863,ACTIVE,0,-109065,3263906,0,233,140000
366294,01a0b1c2-b010-7000-8000-000000000003,01a0c441-dc05-7521-a2e5-cffdd63883ba,ACTIVE,2473614,247762,792775,0,0,140000
366294,01a0b1c2-b010-7000-8000-000000000003,01a0c441-e0e7-71af-8b1d-ca2cf5125531,ACTIVE,-2155415,-248962,-599163,0,0,140000
366294,01a0b1c2-b010-7000-8000-000000000003,01a0c441-e5c9-76eb-a77b-de784cb71f6a,ACTIVE,-2473603,247841,421772,1,0,140000
366296,01a0b1c2-b010-7000-8000-000000000003,01a0c441-d723-767b-90a3-bdbdd004e863,ACTIVE,0,-109042,3277906,0,233,140000
366296,01a0b1c2-b010-7000-8000-000000000003,01a0c441-dc05-7521-a2e5-cffdd63883ba,ACTIVE,2473614,247762,806775,0,0,140000
366296,01a0b1c2-b010-7000-8000-000000000003,01a0c441-e0e7-71af-8b1d-ca2cf5125531,ACTIVE,-2155415,-248962,-585163,0,0,140000
366296,01a0b1c2-b010-7000-8000-000000000003,01a0c441-e5c9-76eb-a77b-de784cb71f6a,ACTIVE,-2473603,247841,435772,1,0,140000
366298,01a0b1c2-b010-7000-8000-000000000003,01a0c441-d723-767b-90a3-bdbdd004e863,ACTIVE,0,-109019,3291906,0,233,140000
366298,01a0b1c2-b010-7000-8000-000000000003,01a0c441-dc05-7521-a2e5-cffdd63883ba,ACTIVE,2473614,247762,820775,0,0,140000
366298,01a0b1c2-b010-7000-8000-000000000003,01a0c441-e0e7-71af-8b1d-ca2cf5125531,ACTIVE,-2155415,-248962,-571163,0,0,140000
366298,01a0b1c2-b010-7000-8000-000000000003,01a0c441-e5c9-76eb-a77b-de784cb71f6a,ACTIVE,-2473603,247841,449772,0,0,140000
366300,01a0b1c2-b010-7000-8000-000000000003,01a0c441-d723-767b-90a3-bdbdd004e863,ACTIVE,0,-108995,3305906,0,233,140000
366300,01a0b1c2-b010-7000-8000-000000000003,01a0c441-dc05-7521-a2e5-cffdd63883ba,ACTIVE,2473614,247762,834775,0,0,140000
366300,01a0b1c2-b010-7000-8000-000000000003,01a0c441-e0e7-71af-8b1d-ca2cf5125531,ACTIVE,-2155415,-248962,-557163,0,0,140000
366300,01a0b1c2-b010-7000-8000-000000000003,01a0c441-e5c9-76eb-a77b-de784cb71f6a,ACTIVE,-2473603,247841,463772,0,0,140000
366302,01a0b1c2-b010-7000-8000-000000000003,01a0c441-d723-767b-90a3-bdbdd004e863,ACTIVE,0,-108972,3319906,0,233,140000
366302,01a0b1c2-b010-7000-8000-000000000003,01a0c441-dc05-7521-a2e5-cffdd63883ba,ACTIVE,2473614,247762,848775,0,0,140000
366302,01a0b1c2-b010-7000-8000-000000000003,01a0c441-e0e7-71af-8b1d-ca2cf5125531,ACTIVE,-2155415,-248962,-543163,0,0,140000
366302,01a0b1c2-b010-7000-8000-000000000003,01a0c441-e5c9-76eb-a77b-de784cb71f6a,ACTIVE,-2473603,247841,477772,0,0,140000
366304,01a0b1c2-b010-7000-8000-000000000003,01a0c441-d723-767b-90a3-bdbdd004e863,ACTIVE,0,-108949,3333906,0,233,140000
366304,01a0b1c2-b010-7000-8000-000000000003,01a0c441-dc05-7521-a2e5-cffdd63883ba,ACTIVE,2473614,247762,862775,0,0,140000
366304,01a0b1c2-b010-7000-8000-000000000003,01a0c441-e0e7-71af-8b1d-ca2cf5125531,ACTIVE,-2155415,-248962,-529163,0,0,140000
366304,01a0b1c2-b010-7000-8000-000000000003,01a0c441-e5c9-76eb-a77b-de784cb71f6a,ACTIVE,-2473603,247841,491772,0,0,140000
366306,01a0b1c2-b010-7000-8000-000000000003,01a0c441-d723-767b-90a3-bdbdd004e863,ACTIVE,0,-108925,3347906,0,233,140000
366306,01a0b1c2-b010-7000-8000-000000000003,01a0c441-dc05-7521-a2e5-cffdd63883ba,ACTIVE,2473614,247762,876775,0,0,140000
366306,01a0b1c2-b010-7000-8000-000000000003,01a0c441-e0e7-71af-8b1d-ca2cf5125531,ACTIVE,-2155415,-248962,-515163,0,0,140000
366306,01a0b1c2-b010-7000-8000-000000000003,01a0c441-e5c9-76eb-a77b-de784cb71f6a,ACTIVE,-2473603,247841,505772,0,0,140000
366308,01a0b1c2-b010-7000-8000-000000000003,01a0c441-d723-767b-90a3-bdbdd004e863,ACTIVE,0,-108902,3361906,0,233,140000
366308,01a0b1c2-b010-7000-8000-000000000003,01a0c441-dc05-7521-a2e5-cffdd63883ba,ACTIVE,2473614,247762,890775,0,0,140000
366308,01a0b1c2-b010-7000-8000-000000000003,01a0c441-e0e7-71af-8b1d-ca2cf5125531,ACTIVE,-2155415,-248962,-501163,0,0,140000
366308,01a0b1c2-b010-7000-8000-000000000003,01a0c441-e5c9-76eb-a77b-de784cb71f6a,ACTIVE,-2473603,247841,519772,0,0,140000
366310,01a0b1c2-b010-7000-8000-000000000003,01a0c441-d723-767b-90a3-bdbdd004e863,ACTIVE,0,-108879,3375906,0,233,140000
366310,01a0b1c2-b010-7000-8000-000000000003,01a0c441-dc05-7521-a2e5-cffdd63883ba,ACTIVE,2473614,247762,904775,0,0,140000
366310,01a0b1c2-b010-7000-8000-000000000003,01a0c441-e0e7-71af-8b1d-ca2cf5125531,ACTIVE,-2155415,-248962,-487163,0,0,140000
366310,01a0b1c2-b010-7000-8000-000000000003,01a0c441-e5c9-76eb-a77b-de784cb71f6a,ACTIVE,-2473603,247841,533772,0,0,140000
366312,01a0b1c2-b010-7000-8000-000000000003,01a0c441-d723-767b-90a3-bdbdd004e863,ACTIVE,0,-108856,3389906,0,233,140000
366312,01a0b1c2-b010-7000-8000-000000000003,01a0c441-dc05-7521-a2e5-cffdd63883ba,ACTIVE,2473614,247762,918775,0,0,140000
366312,01a0b1c2-b010-7000-8000-000000000003,01a0c441-e0e7-71af-8b1d-ca2cf5125531,ACTIVE,-2155415,-248962,-473163,0,0,140000
366312,01a0b1c2-b010-7000-8000-000000000003,01a0c441-e5c9-76eb-a77b-de784cb71f6a,ACTIVE,-2473603,247841,547772,0,0,140000
366314,01a0b1c2-b010-7000-8000-000000000003,01a0c441-d723-767b-90a3-bdbdd004e863,ACTIVE,0,-108832,3403906,0,233,140000
366314,01a0b1c2-b010-7000-8000-000000000003,01a0c441-dc05-7521-a2e5-cffdd63883ba,ACTIVE,2473614,247762,932775,0,0,140000
366314,01a0b1c2-b010-7000-8000-000000000003,01a0c441-e0e7-71af-8b1d-ca2cf5125531,ACTIVE,-2155415,-248962,-459163,0,0,140000
366314,01a0b1c2-b010-7000-8000-000000000003,01a0c441-e5c9-76eb-a77b-de784cb71f6a,ACTIVE,-2473603,247841,561772,0,0,140000
366316,01a0b1c2-b010-7000-8000-000000000003,01a0c441-d723-767b-90a3-bdbdd004e863,ACTIVE,0,-108809,3417906,0,233,140000
366316,01a0b1c2-b010-7000-8000-000000000003,01a0c441-dc05-7521-a2e5-cffdd63883ba,ACTIVE,2473614,247762,946775,0,0,140000
366316,01a0b1c2-b010-7000-8000-000000000003,01a0c441-e0e7-71af-8b1d-ca2cf5125531,ACTIVE,-2155415,-248962,-445163,0,0,140000
366316,01a0b1c2-b010-7000-8000-000000000003,01a0c441-e5c9-76eb-a77b-de784cb71f6a,ACTIVE,-2473603,247841,575772,0,0,140000
366318,01a0b1c2-b010-7000-8000-000000000003,01a0c441-d723-767b-90a3-bdbdd004e863,ACTIVE,0,-108786,3431906,0,233,140000
366318,01a0b1c2-b010-7000-8000-000000000003,01a0c441-dc05-7521-a2e5-cffdd63883ba,ACTIVE,2473614,247762,960775,0,0,140000
366318,01a0b1c2-b010-7000-8000-000000000003,01a0c441-e0e7-71af-8b1d-ca2cf5125531,ACTIVE,-2155415,-248962,-431163,0,0,140000
366318,01a0b1c2-b010-7000-8000-000000000003,01a0c441-e5c9-76eb-a77b-de784cb71f6a,ACTIVE,-2473603,247841,589772,0,0,140000
366320,01a0b1c2-b010-7000-8000-000000000003,01a0c441-d723-767b-90a3-bdbdd004e863,ACTIVE,0,-108763,3445906,0,233,140000
366320,01a0b1c2-b010-7000-8000-000000000003,01a0c441-dc05-7521-a2e5-cffdd63883ba,ACTIVE,2473614,247762,974775,0,0,140000
366320,01a0b1c2-b010-7000-8000-000000000003,01a0c441-e0e7-71af-8b1d-ca2cf5125531,ACTIVE,-2155415,-248962,-417163,0,0,140000
366320,01a0b1c2-b010-7000-8000-000000000003,01a0c441-e5c9-76eb-a77b-de784cb71f6a,ACTIVE,-2473603,247841,603772,0,0,140000
366322,01a0b1c2-b010-7000-8000-000000000003,01a0c441-d723-767b-90a3-bdbdd004e863,ACTIVE,0,-108739,3459906,0,233,140000
366322,01a0b1c2-b010-7000-8000-000000000003,01a0c441-dc05-7521-a2e5-cffdd63883ba,ACTIVE,2473614,247762,988775,0,0,140000
366322,01a0b1c2-b010-7000-8000-000000000003,01a0c441-e0e7-71af-8b1d-ca2cf5125531,ACTIVE,-2155415,-248962,-403163,0,0,140000
366322,01a0b1c2-b010-7000-8000-000000000003,01a0c441-e5c9-76eb-a77b-de784cb71f6a,ACTIVE,-2473603,247841,617772,0,0,140000
366324,01a0b1c2-b010-7000-8000-000000000003,01a0c441-d723-767b-90a3-bdbdd004e863,ACTIVE,0,-108716,3473906,0,233,140000
366324,01a0b1c2-b010-7000-8000-000000000003,01a0c441-dc05-7521-a2e5-cffdd63883ba,ACTIVE,2473614,247762,1002775,0,0,140000
366324,01a0b1c2-b010-7000-8000-000000000003,01a0c441-e0e7-71af-8b1d-ca2cf5125531,ACTIVE,-2155415,-248962,-389163,0,0,140000
366324,01a0b1c2-b010-7000-8000-000000000003,01a0c441-e5c9-76eb-a77b-de784cb71f6a,ACTIVE,-2473603,247841,631772,0,0,140000
366326,01a0b1c2-b010-7000-8000-000000000003,01a0c441-d723-767b-90a3-bdbdd004e863,ACTIVE,0,-108693,3487906,0,233,140000
366326,01a0b1c2-b010-7000-8000-000000000003,01a0c441-dc05-7521-a2e5-cffdd63883ba,ACTIVE,2473614,247762,1016775,0,0,140000
366326,01a0b1c2-b010-7000-8000-000000000003,01a0c441-e0e7-71af-8b1d-ca2cf5125531,ACTIVE,-2155415,-248962,-375163,0,0,140000
366326,01a0b1c2-b010-7000-8000-000000000003,01a0c441-e5c9-76eb-a77b-de784cb71f6a,ACTIVE,-2473603,247841,645772,0,0,140000
366328,01a0b1c2-b010-7000-8000-000000000003,01a0c441-d723-767b-90a3-bdbdd004e863,ACTIVE,0,-108669,3501906,0,233,140000
366328,01a0b1c2-b010-7000-8000-000000000003,01a0c441-dc05-7521-a2e5-cffdd63883ba,ACTIVE,2473614,247762,1030775,0,0,140000
366328,01a0b1c2-b010-7000-8000-000000000003,01a0c441-e0e7-71af-8b1d-ca2cf5125531,ACTIVE,-2155415,-248962,-361163,0,0,140000
366328,01a0b1c2-b010-7000-8000-000000000003,01a0c441-e5c9-76eb-a77b-de784cb71f6a,ACTIVE,-2473603,247841,659772,0,0,140000
366330,01a0b1c2-b010-7000-8000-000000000003,01a0c441-d723-767b-90a3-bdbdd004e863,ACTIVE,0,-108646,3515906,0,233,140000
366330,01a0b1c2-b010-7000-8000-000000000003,01a0c441-dc05-7521-a2e5-cffdd63883ba,ACTIVE,2473614,247762,1044775,0,0,140000
366330,01a0b1c2-b010-7000-8000-000000000003,01a0c441-e0e7-71af-8b1d-ca2cf5125531,ACTIVE,-2155415,-248962,-347163,0,0,140000
366330,01a0b1c2-b010-7000-8000-000000000003,01a0c441-e5c9-76eb-a77b-de784cb71f6a,ACTIVE,-2473603,247841,673772,0,0,140000
366332,01a0b1c2-b010-7000-8000-000000000003,01a0c441-d723-767b-90a3-bdbdd004e863,ACTIVE,0,-108623,3529906,0,233,140000
366332,01a0b1c2-b010-7000-8000-000000000003,01a0c441-dc05-7521-a2e5-cffdd63883ba,ACTIVE,2473614,247762,1058775,0,0,140000
366332,01a0b1c2-b010-7000-8000-000000000003,01a0c441-e0e7-71af-8b1d-ca2cf5125531,ACTIVE,-2155415,-248962,-333163,0,0,140000
366332,01a0b1c2-b010-7000-8000-000000000003,01a0c441-e5c9-76eb-a77b-de784cb71f6a,ACTIVE,-2473603,247841,687772,0,0,140000
366334,01a0b1c2-b010-7000-8000-000000000003,01a0c441-d723-767b-90a3-bdbdd004e863,ACTIVE,0,-108600,3543906,0,233,140000
366334,01a0b1c2-b010-7000-8000-000000000003,01a0c441-dc05-7521-a2e5-cffdd63883ba,ACTIVE,2473614,247762,1072775,0,0,140000
366334,01a0b1c2-b010-7000-8000-000000000003,01a0c441-e0e7-71af-8b1d-ca2cf5125531,ACTIVE,-2155415,-248962,-319163,0,0,140000
366334,01a0b1c2-b010-7000-8000-000000000003,01a0c441-e5c9-76eb-a77b-de784cb71f6a,ACTIVE,-2473603,247841,701772,0,0,140000
366336,01a0b1c2-b010-7000-8000-000000000003,01a0c441-d723-767b-90a3-bdbdd004e863,ACTIVE,0,-108576,3557906,0,233,140000
366336,01a0b1c2-b010-7000-8000-000000000003,01a0c441-dc05-7521-a2e5-cffdd63883ba,ACTIVE,2473614,247762,1086775,0,0,140000
366336,01a0b1c2-b010-7000-8000-000000000003,01a0c441-e0e7-71af-8b1d-ca2cf5125531,ACTIVE,-2155415,-248962,-305163,0,0,140000
366336,01a0b1c2-b010-7000-8000-000000000003,01a0c441-e5c9-76eb-a77b-de784cb71f6a,ACTIVE,-2473603,247841,715772,0,0,140000
366338,01a0b1c2-b010-7000-8000-000000000003,01a0c441-d723-767b-90a3-bdbdd004e863,ACTIVE,0,-108553,3571906,0,233,140000
366338,01a0b1c2-b010-7000-8000-000000000003,01a0c441-dc05-7521-a2e5-cffdd63883ba,ACTIVE,2473614,247762,1100775,0,0,140000
366338,01a0b1c2-b010-7000-8000-000000000003,01a0c441-e0e7-71af-8b1d-ca2cf5125531,ACTIVE,-2155415,-248962,-291163,0,0,140000
366338,01a0b1c2-b010-7000-8000-000000000003,01a0c441-e5c9-76eb-a77b-de784cb71f6a,ACTIVE,-2473603,247841,729772,0,0,140000
366340,01a0b1c2-b010-7000-8000-000000000003,01a0c441-d723-767b-90a3-bdbdd004e863,ACTIVE,0,-108530,3585906,0,233,140000
366340,01a0b1c2-b010-7000-8000-000000000003,01a0c441-dc05-7521-a2e5-cffdd63883ba,ACTIVE,2473614,247762,1114775,0,0,140000
366340,01a0b1c2-b010-7000-8000-000000000003,01a0c441-e0e7-71af-8b1d-ca2cf5125531,ACTIVE,-2155415,-248962,-277163,0,0,140000
366340,01a0b1c2-b010-7000-8000-000000000003,01a0c441-e5c9-76eb-a77b-de784cb71f6a,ACTIVE,-2473603,247841,743772,0,0,140000
366342,01a0b1c2-b010-7000-8000-000000000003,01a0c441-d723-767b-90a3-bdbdd004e863,ACTIVE,0,-108507,3599906,0,233,140000
366342,01a0b1c2-b010-7000-8000-000000000003,01a0c441-dc05-7521-a2e5-cffdd63883ba,ACTIVE,2473614,247762,1128775,0,0,140000
366342,01a0b1c2-b010-7000-8000-000000000003,01a0c441-e0e7-71af-8b1d-ca2cf5125531,ACTIVE,-2155415,-248962,-263163,0,0,140000
366342,01a0b1c2-b010-7000-8000-000000000003,01a0c441-e5c9-76eb-a77b-de784cb71f6a,ACTIVE,-2473603,247841,757772,0,0,140000
366344,01a0b1c2-b010-7000-8000-000000000003,01a0c441-d723-767b-90a3-bdbdd004e863,ACTIVE,0,-108483,3613906,0,233,140000
366344,01a0b1c2-b010-7000-8000-000000000003,01a0c441-dc05-7521-a2e5-cffdd63883ba,ACTIVE,2473614,247762,1142775,0,0,140000
366344,01a0b1c2-b010-7000-8000-000000000003,01a0c441-e0e7-71af-8b1d-ca2cf5125531,ACTIVE,-2155415,-248962,-249163,0,0,140000
366344,01a0b1c2-b010-7000-8000-000000000003,01a0c441-e5c9-76eb-a77b-de784cb71f6a,ACTIVE,-2473603,247841,771772,0,0,140000
366346,01a0b1c2-b010-7000-8000-000000000003,01a0c441-d723-767b-90a3-bdbdd004e863,ACTIVE,0,-108460,3627906,0,233,140000
366346,01a0b1c2-b010-7000-8000-000000000003,01a0c441-dc05-7521-a2e5-cffdd63883ba,ACTIVE,2473614,247762,1156775,0,0,140000
366346,01a0b1c2-b010-7000-8000-000000000003,01a0c441-e0e7-71af-8b1d-ca2cf5125531,ACTIVE,-2155415,-248962,-235163,0,0,140000
366346,01a0b1c2-b010-7000-8000-000000000003,01a0c441-e5c9-76eb-a77b-de784cb71f6a,ACTIVE,-2473603,247841,785772,0,0,140000
366348,01a0b1c2-b010-7000-8000-000000000003,01a0c441-d723-767b-90a3-bdbdd004e863,ACTIVE,0,-108437,3641906,0,233,140000
366348,01a0b1c2-b010-7000-8000-000000000003,01a0c441-dc05-7521-a2e5-cffdd63883ba,ACTIVE,2473614,247762,1170775,0,0,140000
366348,01a0b1c2-b010-7000-8000-000000000003,01a0c441-e0e7-71af-8b1d-ca2cf5125531,ACTIVE,-2155415,-248962,-221163,0,0,140000
366348,01a0b1c2-b010-7000-8000-000000000003,01a0c441-e5c9-76eb-a77b-de784cb71f6a,ACTIVE,-2473603,247841,799772,0,0,140000
366350,01a0b1c2-b010-7000-8000-000000000003,01a0c441-d723-767b-90a3-bdbdd004e863,ACTIVE,0,-108413,3655906,0,233,140000
366350,01a0b1c2-b010-7000-8000-000000000003,01a0c441-dc05-7521-a2e5-cffdd63883ba,ACTIVE,2473614,247762,1184775,0,0,140000
366350,01a0b1c2-b010-7000-8000-000000000003,01a0c441-e0e7-71af-8b1d-ca2cf5125531,ACTIVE,-2155415,-248962,-207163,0,0,140000
366350,01a0b1c2-b010-7000-8000-000000000003,01a0c441-e5c9-76eb-a77b-de784cb71f6a,ACTIVE,-2473603,247841,813772,0,0,140000
366352,01a0b1c2-b010-7000-8000-000000000003,01a0c441-d723-767b-90a3-bdbdd004e863,ACTIVE,0,-108390,3669906,0,233,140000
366352,01a0b1c2-b010-7000-8000-000000000003,01a0c441-dc05-7521-a2e5-cffdd63883ba,ACTIVE,2473614,247762,1198775,0,0,140000
366352,01a0b1c2-b010-7000-8000-000000000003,01a0c441-e0e7-71af-8b1d-ca2cf5125531,ACTIVE,-2155415,-248962,-193163,0,0,140000
366352,01a0b1c2-b010-7000-8000-000000000003,01a0c441-e5c9-76eb-a77b-de784cb71f6a,ACTIVE,-2473603,247841,827772,0,0,140000
366354,01a0b1c2-b010-7000-8000-000000000003,01a0c441-d723-767b-90a3-bdbdd004e863,ACTIVE,0,-108367,3683906,0,233,140000
366354,01a0b1c2-b010-7000-8000-000000000003,01a0c441-dc05-7521-a2e5-cffdd63883ba,ACTIVE,2473614,247762,1212775,0,0,140000
366354,01a0b1c2-b010-7000-8000-000000000003,01a0c441-e0e7-71af-8b1d-ca2cf5125531,ACTIVE,-2155415,-248962,-179163,0,0,140000
366354,01a0b1c2-b010-7000-8000-000000000003,01a0c441-e5c9-76eb-a77b-de784cb71f6a,ACTIVE,-2473603,247841,841772,0,0,140000
366356,01a0b1c2-b010-7000-8000-000000000003,01a0c441-d723-767b-90a3-bdbdd004e863,ACTIVE,0,-108344,3697906,0,233,140000
366356,01a0b1c2-b010-7000-8000-000000000003,01a0c441-dc05-7521-a2e5-cffdd63883ba,ACTIVE,2473614,247762,1226775,0,0,140000
366356,01a0b1c2-b010-7000-8000-000000000003,01a0c441-e0e7-71af-8b1d-ca2cf5125531,ACTIVE,-2155415,-248962,-165163,0,0,140000
366356,01a0b1c2-b010-7000-8000-000000000003,01a0c441-e5c9-76eb-a77b-de784cb71f6a,ACTIVE,-2473603,247841,855772,0,0,140000
366358,01a0b1c2-b010-7000-8000-000000000003,01a0c441-d723-767b-90a3-bdbdd004e863,ACTIVE,0,-108320,3711906,0,233,140000
366358,01a0b1c2-b010-7000-8000-000000000003,01a0c441-dc05-7521-a2e5-cffdd63883ba,ACTIVE,2473614,247762,1240775,0,0,140000
366358,01a0b1c2-b010-7000-8000-000000000003,01a0c441-e0e7-71af-8b1d-ca2cf5125531,ACTIVE,-2155415,-248962,-151163,0,0,140000
366358,01a0b1c2-b010-7000-8000-000000000003,01a0c441-e5c9-76eb-a77b-de784cb71f6a,ACTIVE,-2473603,247841,869772,0,0,140000
366360,01a0b1c2-b010-7000-8000-000000000003,01a0c441-d723-767b-90a3-bdbdd004e863,ACTIVE,0,-108297,3725906,0,233,140000
366360,01a0b1c2-b010-7000-8000-000000000003,01a0c441-dc05-7521-a2e5-cffdd63883ba,ACTIVE,2473614,247762,1254775,0,0,140000
366360,01a0b1c2-b010-7000-8000-000000000003,01a0c441-e0e7-71af-8b1d-ca2cf5125531,ACTIVE,-2155415,-248962,-137163,0,0,140000
366360,01a0b1c2-b010-7000-8000-000000000003,01a0c441-e5c9-76eb-a77b-de784cb71f6a,ACTIVE,-2473603,247841,883772,0,0,140000
366362,01a0b1c2-b010-7000-8000-000000000003,01a0c441-d723-767b-90a3-bdbdd004e863,ACTIVE,0,-108274,3739906,0,233,140000
366362,01a0b1c2-b010-7000-8000-000000000003,01a0c441-dc05-7521-a2e5-cffdd63883ba,ACTIVE,2473614,247762,1268775,0,0,140000
366362,01a0b1c2-b010-7000-8000-000000000003,01a0c441-e0e7-71af-8b1d-ca2cf5125531,ACTIVE,-2155415,-248962,-123163,0,0,140000
366362,01a0b1c2-b010-7000-8000-000000000003,01a0c441-e5c9-76eb-a77b-de784cb71f6a,ACTIVE,-2473603,247841,897772,0,0,140000
366364,01a0b1c2-b010-7000-8000-000000000003,01a0c441-d723-767b-90a3-bdbdd004e863,ACTIVE,0,-108251,3753906,0,233,140000
366364,01a0b1c2-b010-7000-8000-000000000003,01a0c441-dc05-7521-a2e5-cffdd63883ba,ACTIVE,2473614,247762,1282775,0,0,140000
366364,01a0b1c2-b010-7000-8000-000000000003,01a0c441-e0e7-71af-8b1d-ca2cf5125531,ACTIVE,-2155415,-248962,-109163,0,0,140000
366364,01a0b1c2-b010-7000-8000-000000000003,01a0c441-e5c9-76eb-a77b-de784cb71f6a,ACTIVE,-2473603,247841,911772,0,0,140000
366366,01a0b1c2-b010-7000-8000-000000000003,01a0c441-d723-767b-90a3-bdbdd004e863,ACTIVE,0,-108227,3767905,0,233,140000
366366,01a0b1c2-b010-7000-8000-000000000003,01a0c441-dc05-7521-a2e5-cffdd63883ba,ACTIVE,2473614,247762,1296775,0,0,140000
366366,01a0b1c2-b010-7000-8000-000000000003,01a0c441-e0e7-71af-8b1d-ca2cf5125531,ACTIVE,-2155415,-248962,-95163,0,0,140000
366366,01a0b1c2-b010-7000-8000-000000000003,01a0c441-e5c9-76eb-a77b-de784cb71f6a,ACTIVE,-2473603,247841,925772,0,0,140000
366368,01a0b1c2-b010-7000-8000-000000000003,01a0c441-d723-767b-90a3-bdbdd004e863,ACTIVE,0,-108204,3781905,0,233,140000
366368,01a0b1c2-b010-7000-8000-000000000003,01a0c441-dc05-7521-a2e5-cffdd63883ba,ACTIVE,2473614,247762,1310775,0,0,140000
366368,01a0b1c2-b010-7000-8000-000000000003,01a0c441-e0e7-71af-8b1d-ca2cf5125531,ACTIVE,-2155415,-248962,-81163,0,0,140000
366368,01a0b1c2-b010-7000-8000-000000000003,01a0c441-e5c9-76eb-a77b-de784cb71f6a,ACTIVE,-2473603,247841,939772,0,0,140000
366370,01a0b1c2-b010-7000-8000-000000000003,01a0c441-d723-767b-90a3-bdbdd004e863,ACTIVE,0,-108181,3795905,0,233,140000
366370,01a0b1c2-b010-7000-8000-000000000003,01a0c441-dc05-7521-a2e5-cffdd63883ba,ACTIVE,2473614,247762,1324775,0,0,140000
366370,01a0b1c2-b010-7000-8000-000000000003,01a0c441-e0e7-71af-8b1d-ca2cf5125531,ACTIVE,-2155415,-248962,-67163,0,0,140000
366370,01a0b1c2-b010-7000-8000-000000000003,01a0c441-e5c9-76eb-a77b-de784cb71f6a,ACTIVE,-2473603,247841,953772,0,0,140000
366372,01a0b1c2-b010-7000-8000-000000000003,01a0c441-d723-767b-90a3-bdbdd004e863,ACTIVE,0,-108157,3809905,0,233,140000
366372,01a0b1c2-b010-7000-8000-000000000003,01a0c441-dc05-7521-a2e5-cffdd63883ba,ACTIVE,2473614,247762,1338775,0,0,140000
366372,01a0b1c2-b010-7000-8000-000000000003,01a0c441-e0e7-71af-8b1d-ca2cf5125531,ACTIVE,-2155415,-248962,-53163,0,0,140000
366372,01a0b1c2-b010-7000-8000-000000000003,01a0c441-e5c9-76eb-a77b-de784cb71f6a,ACTIVE,-2473603,247841,967772,0,0,140000
366374,01a0b1c2-b010-7000-8000-000000000003,01a0c441-d723-767b-90a3-bdbdd004e863,ACTIVE,0,-108134,3823905,0,233,140000
366374,01a0b1c2-b010-7000-8000-000000000003,01a0c441-dc05-7521-a2e5-cffdd63883ba,ACTIVE,2473614,247762,1352775,0,0,140000
366374,01a0b1c2-b010-7000-8000-000000000003,01a0c441-e0e7-71af-8b1d-ca2cf5125531,ACTIVE,-2155415,-248962,-39163,0,0,140000
366374,01a0b1c2-b010-7000-8000-000000000003,01a0c441-e5c9-76eb-a77b-de784cb71f6a,ACTIVE,-2473603,247841,981772,0,0,140000
366376,01a0b1c2-b010-7000-8000-000000000003,01a0c441-d723-767b-90a3-bdbdd004e863,ACTIVE,0,-108111,3837905,0,233,140000
366376,01a0b1c2-b010-7000-8000-000000000003,01a0c441-dc05-7521-a2e5-cffdd63883ba,ACTIVE,2473614,247762,1366775,0,0,140000
366376,01a0b1c2-b010-7000-8000-000000000003,01a0c441-e0e7-71af-8b1d-ca2cf5125531,ACTIVE,-2155415,-248962,-25163,0,0,140000
366376,01a0b1c2-b010-7000-8000-000000000003,01a0c441-e5c9-76eb-a77b-de784cb71f6a,ACTIVE,-2473603,247841,995772,0,0,140000
366378,01a0b1c2-b010-7000-8000-000000000003,01a0c441-d723-767b-90a3-bdbdd004e863,ACTIVE,0,-108088,3851905,0,233,140000
366378,01a0b1c2-b010-7000-8000-000000000003,01a0c441-dc05-7521-a2e5-cffdd63883ba,ACTIVE,2473614,247762,1380775,0,0,140000
366378,01a0b1c2-b010-7000-8000-000000000003,01a0c441-e0e7-71af-8b1d-ca2cf5125531,ACTIVE,-2155415,-248962,-11163,0,0,140000
366378,01a0b1c2-b010-7000-8000-000000000003,01a0c441-e5c9-76eb-a77b-de784cb71f6a,ACTIVE,-2473603,247841,1009772,0,0,140000
366380,01a0b1c2-b010-7000-8000-000000000003,01a0c441-d723-767b-90a3-bdbdd004e863,ACTIVE,0,-108064,3865905,0,233,140000
366380,01a0b1c2-b010-7000-8000-000000000003,01a0c441-dc05-7521-a2e5-cffdd63883ba,ACTIVE,2473614,247762,1394775,0,0,140000
366380,01a0b1c2-b010-7000-8000-000000000003,01a0c441-e0e7-71af-8b1d-ca2cf5125531,ACTIVE,-2155415,-248962,2837,0,0,140000
366380,01a0b1c2-b010-7000-8000-000000000003,01a0c441-e5c9-76eb-a77b-de784cb71f6a,ACTIVE,-2473603,247841,1023772,0,0,140000
366382,01a0b1c2-b010-7000-8000-000000000003,01a0c441-d723-767b-90a3-bdbdd004e863,ACTIVE,0,-108041,3879905,0,233,140000
366382,01a0b1c2-b010-7000-8000-000000000003,01a0c441-dc05-7521-a2e5-cffdd63883ba,ACTIVE,2473614,247762,1408775,0,0,140000
366382,01a0b1c2-b010-7000-8000-000000000003,01a0c441-e0e7-71af-8b1d-ca2cf5125531,ACTIVE,-2155415,-248962,16837,0,0,140000
366382,01a0b1c2-b010-7000-8000-000000000003,01a0c441-e5c9-76eb-a77b-de784cb71f6a,ACTIVE,-2473603,247841,1037772,0,0,140000
366384,01a0b1c2-b010-7000-8000-000000000003,01a0c441-d723-767b-90a3-bdbdd004e863,ACTIVE,0,-108018,3893905,0,233,140000
366384,01a0b1c2-b010-7000-8000-000000000003,01a0c441-dc05-7521-a2e5-cffdd63883ba,ACTIVE,2473614,247762,1422775,0,0,140000
366384,01a0b1c2-b010-7000-8000-000000000003,01a0c441-e0e7-71af-8b1d-ca2cf5125531,ACTIVE,-2155415,-248962,30837,0,0,140000
366384,01a0b1c2-b010-7000-8000-000000000003,01a0c441-e5c9-76eb-a77b-de784cb71f6a,ACTIVE,-2473603,247841,1051772,0,0,140000
366386,01a0b1c2-b010-7000-8000-000000000003,01a0c441-d723-767b-90a3-bdbdd004e863,ACTIVE,0,-107995,3907905,0,233,140000
366386,01a0b1c2-b010-7000-8000-000000000003,01a0c441-dc05-7521-a2e5-cffdd63883ba,ACTIVE,2473614,247762,1436775,0,0,140000
366386,01a0b1c2-b010-7000-8000-000000000003,01a0c441-e0e7-71af-8b1d-ca2cf5125531,ACTIVE,-2155415,-248962,44837,0,0,140000
366386,01a0b1c2-b010-7000-8000-000000000003,01a0c441-e5c9-76eb-a77b-de784cb71f6a,ACTIVE,-2473603,247841,1065772,0,0,140000
366388,01a0b1c2-b010-7000-8000-000000000003,01a0c441-d723-767b-90a3-bdbdd004e863,ACTIVE,0,-107971,3921905,0,233,140000
366388,01a0b1c2-b010-7000-8000-000000000003,01a0c441-dc05-7521-a2e5-cffdd63883ba,ACTIVE,2473614,247762,1450775,0,0,140000
366388,01a0b1c2-b010-7000-8000-000000000003,01a0c441-e0e7-71af-8b1d-ca2cf5125531,ACTIVE,-2155415,-248962,58837,0,0,140000
366388,01a0b1c2-b010-7000-8000-000000000003,01a0c441-e5c9-76eb-a77b-de784cb71f6a,ACTIVE,-2473603,247841,1079772,0,0,140000
366390,01a0b1c2-b010-7000-8000-000000000003,01a0c441-d723-767b-90a3-bdbdd004e863,ACTIVE,0,-107948,3935905,0,233,140000
366390,01a0b1c2-b010-7000-8000-000000000003,01a0c441-dc05-7521-a2e5-cffdd63883ba,ACTIVE,2473614,247762,1464775,0,0,140000
366390,01a0b1c2-b010-7000-8000-000000000003,01a0c441-e0e7-71af-8b1d-ca2cf5125531,ACTIVE,-2155415,-248962,72837,0,0,140000
366390,01a0b1c2-b010-7000-8000-000000000003,01a0c441-e5c9-76eb-a77b-de784cb71f6a,ACTIVE,-2473603,247841,1093772,0,0,140000
366392,01a0b1c2-b010-7000-8000-000000000003,01a0c441-d723-767b-90a3-bdbdd004e863,ACTIVE,0,-107925,3949905,0,233,140000
366392,01a0b1c2-b010-7000-8000-000000000003,01a0c441-dc05-7521-a2e5-cffdd63883ba,ACTIVE,2473614,247762,1478775,0,0,140000
366392,01a0b1c2-b010-7000-8000-000000000003,01a0c441-e0e7-71af-8b1d-ca2cf5125531,ACTIVE,-2155415,-248962,86837,0,0,140000
366392,01a0b1c2-b010-7000-8000-000000000003,01a0c441-e5c9-76eb-a77b-de784cb71f6a,ACTIVE,-2473603,247841,1107772,0,0,140000
366394,01a0b1c2-b010-7000-8000-000000000003,01a0c441-d723-767b-90a3-bdbdd004e863,ACTIVE,0,-107901,3963905,0,233,140000
366394,01a0b1c2-b010-7000-8000-000000000003,01a0c441-dc05-7521-a2e5-cffdd63883ba,ACTIVE,2473614,247762,1492775,0,0,140000
366394,01a0b1c2-b010-7000-8000-000000000003,01a0c441-e0e7-71af-8b1d-ca2cf5125531,ACTIVE,-2155415,-248962,100837,0,0,140000
366394,01a0b1c2-b010-7000-8000-000000000003,01a0c441-e5c9-76eb-a77b-de784cb71f6a,ACTIVE,-2473603,247841,1121772,0,0,140000
366396,01a0b1c2-b010-7000-8000-000000000003,01a0c441-d723-767b-90a3-bdbdd004e863,ACTIVE,0,-107878,3977905,0,233,140000
366396,01a0b1c2-b010-7000-8000-000000000003,01a0c441-dc05-7521-a2e5-cffdd63883ba,ACTIVE,2473614,247762,1506775,0,0,140000
366396,01a0b1c2-b010-7000-8000-000000000003,01a0c441-e0e7-71af-8b1d-ca2cf5125531,ACTIVE,-2155415,-248962,114837,0,0,140000
366396,01a0b1c2-b010-7000-8000-000000000003,01a0c441-e5c9-76eb-a77b-de784cb71f6a,ACTIVE,-2473603,247841,1135772,0,0,140000
366398,01a0b1c2-b010-7000-8000-000000000003,01a0c441-d723-767b-90a3-bdbdd004e863,ACTIVE,0,-107855,3991905,0,233,140000
366398,01a0b1c2-b010-7000-8000-000000000003,01a0c441-dc05-7521-a2e5-cffdd63883ba,ACTIVE,2473614,247762,1520775,0,0,140000
366398,01a0b1c2-b010-7000-8000-000000000003,01a0c441-e0e7-71af-8b1d-ca2cf5125531,ACTIVE,-2155415,-248962,128837,0,0,140000
366398,01a0b1c2-b010-7000-8000-000000000003,01a0c441-e5c9-76eb-a77b-de784cb71f6a,ACTIVE,-2473603,247841,1149772,0,0,140000
366400,01a0b1c2-b010-7000-8000-000000000003,01a0c441-d723-767b-90a3-bdbdd004e863,ACTIVE,0,-107832,4005905,0,233,140000
366400,01a0b1c2-b010-7000-8000-000000000003,01a0c441-dc05-7521-a2e5-cffdd63883ba,ACTIVE,2473614,247762,1534775,0,0,140000
366400,01a0b1c2-b010-7000-8000-000000000003,01a0c441-e0e7-71af-8b1d-ca2cf5125531,ACTIVE,-2155415,-248962,142837,0,0,140000
366400,01a0b1c2-b010-7000-8000-000000000003,01a0c441-e5c9-76eb-a77b-de784cb71f6a,ACTIVE,-2473603,247841,1163772,0,0,140000
366402,01a0b1c2-b010-7000-8000-000000000003,01a0c441-d723-767b-90a3-bdbdd004e863,ACTIVE,0,-107808,4019905,0,233,140000
366402,01a0b1c2-b010-7000-8000-000000000003,01a0c441-dc05-7521-a2e5-cffdd63883ba,ACTIVE,2473614,247762,1548775,0,0,140000
366402,01a0b1c2-b010-7000-8000-000000000003,01a0c441-e0e7-71af-8b1d-ca2cf5125531,ACTIVE,-2155415,-248962,156837,0,0,140000
366402,01a0b1c2-b010-7000-8000-000000000003,01a0c441-e5c9-76eb-a77b-de784cb71f6a,ACTIVE,-2473603,247841,1177772,0,0,140000
366404,01a0b1c2-b010-7000-8000-000000000003,01a0c441-d723-767b-90a3-bdbdd004e863,ACTIVE,0,-107785,4033905,0,233,140000
366404,01a0b1c2-b010-7000-8000-000000000003,01a0c441-dc05-7521-a2e5-cffdd63883ba,ACTIVE,2473614,247762,1562775,0,0,140000
366404,01a0b1c2-b010-7000-8000-000000000003,01a0c441-e0e7-71af-8b1d-ca2cf5125531,ACTIVE,-2155415,-248962,170837,0,0,140000
366404,01a0b1c2-b010-7000-8000-000000000003,01a0c441-e5c9-76eb-a77b-de784cb71f6a,ACTIVE,-2473603,247841,1191772,0,0,140000
366406,01a0b1c2-b010-7000-8000-000000000003,01a0c441-d723-767b-90a3-bdbdd004e863,ACTIVE,0,-107762,4047905,0,233,140000
366406,01a0b1c2-b010-7000-8000-000000000003,01a0c441-dc05-7521-a2e5-cffdd63883ba,ACTIVE,2473614,247762,1576775,0,0,140000
366406,01a0b1c2-b010-7000-8000-000000000003,01a0c441-e0e7-71af-8b1d-ca2cf5125531,ACTIVE,-2155415,-248962,184837,0,0,140000
366406,01a0b1c2-b010-7000-8000-000000000003,01a0c441-e5c9-76eb-a77b-de784cb71f6a,ACTIVE,-2473603,247841,1205772,0,0,140000
366408,01a0b1c2-b010-7000-8000-000000000003,01a0c441-d723-767b-90a3-bdbdd004e863,ACTIVE,0,-107739,4061905,0,233,140000
366408,01a0b1c2-b010-7000-8000-000000000003,01a0c441-dc05-7521-a2e5-cffdd63883ba,ACTIVE,2473614,247762,1590775,0,0,140000
366408,01a0b1c2-b010-7000-8000-000000000003,01a0c441-e0e7-71af-8b1d-ca2cf5125531,ACTIVE,-2155415,-248962,198837,0,0,140000
366408,01a0b1c2-b010-7000-8000-000000000003,01a0c441-e5c9-76eb-a77b-de784cb71f6a,ACTIVE,-2473603,247841,1219772,0,0,140000
366410,01a0b1c2-b010-7000-8000-000000000003,01a0c441-d723-767b-90a3-bdbdd004e863,ACTIVE,0,-107715,4075905,0,233,140000
366410,01a0b1c2-b010-7000-8000-000000000003,01a0c441-dc05-7521-a2e5-cffdd63883ba,ACTIVE,2473614,247762,1604775,0,0,140000
366410,01a0b1c2-b010-7000-8000-000000000003,01a0c441-e0e7-71af-8b1d-ca2cf5125531,ACTIVE,-2155415,-248962,212837,0,0,140000
366410,01a0b1c2-b010-7000-8000-000000000003,01a0c441-e5c9-76eb-a77b-de784cb71f6a,ACTIVE,-2473603,247841,1233772,0,0,140000
366412,01a0b1c2-b010-7000-8000-000000000003,01a0c441-d723-767b-90a3-bdbdd004e863,ACTIVE,0,-107692,4089905,0,233,140000
366412,01a0b1c2-b010-7000-8000-000000000003,01a0c441-dc05-7521-a2e5-cffdd63883ba,ACTIVE,2473614,247762,1618775,0,0,140000
366412,01a0b1c2-b010-7000-8000-000000000003,01a0c441-e0e7-71af-8b1d-ca2cf5125531,ACTIVE,-2155415,-248962,226837,0,0,140000
366412,01a0b1c2-b010-7000-8000-000000000003,01a0c441-e5c9-76eb-a77b-de784cb71f6a,ACTIVE,-2473603,247841,1247772,0,0,140000
366414,01a0b1c2-b010-7000-8000-000000000003,01a0c441-d723-767b-90a3-bdbdd004e863,ACTIVE,0,-107669,4103905,0,233,140000
366414,01a0b1c2-b010-7000-8000-000000000003,01a0c441-dc05-7521-a2e5-cffdd63883ba,ACTIVE,2473614,247762,1632775,0,0,140000
366414,01a0b1c2-b010-7000-8000-000000000003,01a0c441-e0e7-71af-8b1d-ca2cf5125531,ACTIVE,-2155415,-248962,240837,0,0,140000
366414,01a0b1c2-b010-7000-8000-000000000003,01a0c441-e5c9-76eb-a77b-de784cb71f6a,ACTIVE,-2473603,247841,1261772,0,0,140000
366416,01a0b1c2-b010-7000-8000-000000000003,01a0c441-d723-767b-90a3-bdbdd004e863,ACTIVE,0,-107645,4117905,0,233,140000
366416,01a0b1c2-b010-7000-8000-000000000003,01a0c441-dc05-7521-a2e5-cffdd63883ba,ACTIVE,2473614,247762,1646775,0,0,140000
366416,01a0b1c2-b010-7000-8000-000000000003,01a0c441-e0e7-71af-8b1d-ca2cf5125531,ACTIVE,-2155415,-248962,254837,0,0,140000
366416,01a0b1c2-b010-7000-8000-000000000003,01a0c441-e5c9-76eb-a77b-de784cb71f6a,ACTIVE,-2473603,247841,1275772,0,0,140000
366418,01a0b1c2-b010-7000-8000-000000000003,01a0c441-d723-767b-90a3-bdbdd004e863,ACTIVE,0,-107622,4131905,0,233,140000
366418,01a0b1c2-b010-7000-8000-000000000003,01a0c441-dc05-7521-a2e5-cffdd63883ba,ACTIVE,2473614,247762,1660775,0,0,140000
366418,01a0b1c2-b010-7000-8000-000000000003,01a0c441-e0e7-71af-8b1d-ca2cf5125531,ACTIVE,-2155415,-248962,268837,0,0,140000
366418,01a0b1c2-b010-7000-8000-000000000003,01a0c441-e5c9-76eb-a77b-de784cb71f6a,ACTIVE,-2473603,247841,1289772,0,0,140000
366420,01a0b1c2-b010-7000-8000-000000000003,01a0c441-d723-767b-90a3-bdbdd004e863,ACTIVE,0,-107599,4145905,0,233,140000
366420,01a0b1c2-b010-7000-8000-000000000003,01a0c441-dc05-7521-a2e5-cffdd63883ba,ACTIVE,2473614,247762,1674775,0,0,140000
366420,01a0b1c2-b010-7000-8000-000000000003,01a0c441-e0e7-71af-8b1d-ca2cf5125531,ACTIVE,-2155415,-248962,282837,0,0,140000
366420,01a0b1c2-b010-7000-8000-000000000003,01a0c441-e5c9-76eb-a77b-de784cb71f6a,ACTIVE,-2473603,247841,1303772,0,0,140000
366422,01a0b1c2-b010-7000-8000-000000000003,01a0c441-d723-767b-90a3-bdbdd004e863,ACTIVE,0,-107576,4159905,0,233,140000
366422,01a0b1c2-b010-7000-8000-000000000003,01a0c441-dc05-7521-a2e5-cffdd63883ba,ACTIVE,2473614,247762,1688775,0,0,140000
366422,01a0b1c2-b010-7000-8000-000000000003,01a0c441-e0e7-71af-8b1d-ca2cf5125531,ACTIVE,-2155415,-248962,296837,0,0,140000
366422,01a0b1c2-b010-7000-8000-000000000003,01a0c441-e5c9-76eb-a77b-de784cb71f6a,ACTIVE,-2473603,247841,1317772,0,0,140000
366424,01a0b1c2-b010-7000-8000-000000000003,01a0c441-d723-767b-90a3-bdbdd004e863,ACTIVE,0,-107552,4173905,0,233,140000
366424,01a0b1c2-b010-7000-8000-000000000003,01a0c441-dc05-7521-a2e5-cffdd63883ba,ACTIVE,2473614,247762,1702775,0,0,140000
366424,01a0b1c2-b010-7000-8000-000000000003,01a0c441-e0e7-71af-8b1d-ca2cf5125531,ACTIVE,-2155415,-248962,310837,0,0,140000
366424,01a0b1c2-b010-7000-8000-000000000003,01a0c441-e5c9-76eb-a77b-de784cb71f6a,ACTIVE,-2473603,247841,1331772,0,0,140000
366426,01a0b1c2-b010-7000-8000-000000000003,01a0c441-d723-767b-90a3-bdbdd004e863,ACTIVE,0,-107529,4187905,0,233,140000
366426,01a0b1c2-b010-7000-8000-000000000003,01a0c441-dc05-7521-a2e5-cffdd63883ba,ACTIVE,2473614,247762,1716775,0,0,140000
366426,01a0b1c2-b010-7000-8000-000000000003,01a0c441-e0e7-71af-8b1d-ca2cf5125531,ACTIVE,-2155415,-248962,324837,0,0,140000
366426,01a0b1c2-b010-7000-8000-000000000003,01a0c441-e5c9-76eb-a77b-de784cb71f6a,ACTIVE,-2473603,247841,1345772,0,0,140000
366428,01a0b1c2-b010-7000-8000-000000000003,01a0c441-d723-767b-90a3-bdbdd004e863,ACTIVE,0,-107506,4201905,0,233,140000
366428,01a0b1c2-b010-7000-8000-000000000003,01a0c441-dc05-7521-a2e5-cffdd63883ba,ACTIVE,2473614,247762,1730775,0,0,140000
366428,01a0b1c2-b010-7000-8000-000000000003,01a0c441-e0e7-71af-8b1d-ca2cf5125531,ACTIVE,-2155415,-248962,338837,0,0,140000
366428,01a0b1c2-b010-7000-8000-000000000003,01a0c441-e5c9-76eb-a77b-de784cb71f6a,ACTIVE,-2473603,247841,1359772,0,0,140000
366430,01a0b1c2-b010-7000-8000-000000000003,01a0c441-d723-767b-90a3-bdbdd004e863,ACTIVE,0,-107483,4215905,0,233,140000
366430,01a0b1c2-b010-7000-8000-000000000003,01a0c441-dc05-7521-a2e5-cffdd63883ba,ACTIVE,2473614,247762,1744775,0,0,140000
366430,01a0b1c2-b010-7000-8000-000000000003,01a0c441-e0e7-71af-8b1d-ca2cf5125531,ACTIVE,-2155415,-248962,352837,0,0,140000
366430,01a0b1c2-b010-7000-8000-000000000003,01a0c441-e5c9-76eb-a77b-de784cb71f6a,ACTIVE,-2473603,247841,1373772,0,0,140000
366432,01a0b1c2-b010-7000-8000-000000000003,01a0c441-d723-767b-90a3-bdbdd004e863,ACTIVE,0,-107459,4229905,0,233,140000
366432,01a0b1c2-b010-7000-8000-000000000003,01a0c441-dc05-7521-a2e5-cffdd63883ba,ACTIVE,2473614,247762,1758775,0,0,140000
366432,01a0b1c2-b010-7000-8000-000000000003,01a0c441-e0e7-71af-8b1d-ca2cf5125531,ACTIVE,-2155415,-248962,366837,0,0,140000
366432,01a0b1c2-b010-7000-8000-000000000003,01a0c441-e5c9-76eb-a77b-de784cb71f6a,ACTIVE,-2473603,247841,1387772,0,0,140000
366434,01a0b1c2-b010-7000-8000-000000000003,01a0c441-d723-767b-90a3-bdbdd004e863,ACTIVE,0,-107436,4243905,0,233,140000
366434,01a0b1c2-b010-7000-8000-000000000003,01a0c441-dc05-7521-a2e5-cffdd63883ba,ACTIVE,2473614,247762,1772775,0,0,140000
366434,01a0b1c2-b010-7000-8000-000000000003,01a0c441-e0e7-71af-8b1d-ca2cf5125531,ACTIVE,-2155415,-248962,380837,0,0,140000
366434,01a0b1c2-b010-7000-8000-000000000003,01a0c441-e5c9-76eb-a77b-de784cb71f6a,ACTIVE,-2473603,247841,1401772,0,0,140000
366436,01a0b1c2-b010-7000-8000-000000000003,01a0c441-d723-767b-90a3-bdbdd004e863,ACTIVE,0,-107413,4257905,0,233,140000
366436,01a0b1c2-b010-7000-8000-000000000003,01a0c441-dc05-7521-a2e5-cffdd63883ba,ACTIVE,2473614,247762,1786775,0,0,140000
366436,01a0b1c2-b010-7000-8000-000000000003,01a0c441-e0e7-71af-8b1d-ca2cf5125531,ACTIVE,-2155415,-248962,394837,0,0,140000
366436,01a0b1c2-b010-7000-8000-000000000003,01a0c441-e5c9-76eb-a77b-de784cb71f6a,ACTIVE,-2473603,247841,1415772,0,0,140000
366438,01a0b1c2-b010-7000-8000-000000000003,01a0c441-d723-767b-90a3-bdbdd004e863,ACTIVE,0,-107389,4271905,0,233,140000
366438,01a0b1c2-b010-7000-8000-000000000003,01a0c441-dc05-7521-a2e5-cffdd63883ba,ACTIVE,2473614,247762,1800775,0,0,140000
366438,01a0b1c2-b010-7000-8000-000000000003,01a0c441-e0e7-71af-8b1d-ca2cf5125531,ACTIVE,-2155415,-248962,408837,0,0,140000
366438,01a0b1c2-b010-7000-8000-000000000003,01a0c441-e5c9-76eb-a77b-de784cb71f6a,ACTIVE,-2473603,247841,1429772,0,0,140000
366440,01a0b1c2-b010-7000-8000-000000000003,01a0c441-d723-767b-90a3-bdbdd004e863,ACTIVE,0,-107366,4285905,0,233,140000
366440,01a0b1c2-b010-7000-8000-000000000003,01a0c441-dc05-7521-a2e5-cffdd63883ba,ACTIVE,2473614,247762,1814775,0,0,140000
366440,01a0b1c2-b010-7000-8000-000000000003,01a0c441-e0e7-71af-8b1d-ca2cf5125531,ACTIVE,-2155415,-248962,422837,0,0,140000
366440,01a0b1c2-b010-7000-8000-000000000003,01a0c441-e5c9-76eb-a77b-de784cb71f6a,ACTIVE,-2473603,247841,1443772,0,0,140000
366442,01a0b1c2-b010-7000-8000-000000000003,01a0c441-d723-767b-90a3-bdbdd004e863,ACTIVE,0,-107343,4299905,0,233,140000
366442,01a0b1c2-b010-7000-8000-000000000003,01a0c441-dc05-7521-a2e5-cffdd63883ba,ACTIVE,2473614,247762,1828775,0,0,140000
366442,01a0b1c2-b010-7000-8000-000000000003,01a0c441-e0e7-71af-8b1d-ca2cf5125531,ACTIVE,-2155415,-248962,436837,0,0,140000
366442,01a0b1c2-b010-7000-8000-000000000003,01a0c441-e5c9-76eb-a77b-de784cb71f6a,ACTIVE,-2473603,247841,1457772,0,0,140000
366444,01a0b1c2-b010-7000-8000-000000000003,01a0c441-d723-767b-90a3-bdbdd004e863,ACTIVE,0,-107320,4313905,0,233,140000
366444,01a0b1c2-b010-7000-8000-000000000003,01a0c441-dc05-7521-a2e5-cffdd63883ba,ACTIVE,2473614,247762,1842775,0,0,140000
366444,01a0b1c2-b010-7000-8000-000000000003,01a0c441-e0e7-71af-8b1d-ca2cf5125531,ACTIVE,-2155415,-248962,450837,0,0,140000
366444,01a0b1c2-b010-7000-8000-000000000003,01a0c441-e5c9-76eb-a77b-de784cb71f6a,ACTIVE,-2473603,247841,1471772,0,0,140000
366446,01a0b1c2-b010-7000-8000-000000000003,01a0c441-d723-767b-90a3-bdbdd004e863,ACTIVE,0,-107296,4327905,0,233,140000
366446,01a0b1c2-b010-7000-8000-000000000003,01a0c441-dc05-7521-a2e5-cffdd63883ba,ACTIVE,2473614,247762,1856775,0,0,140000
366446,01a0b1c2-b010-7000-8000-000000000003,01a0c441-e0e7-71af-8b1d-ca2cf5125531,ACTIVE,-2155415,-248962,464837,0,0,140000
366446,01a0b1c2-b010-7000-8000-000000000003,01a0c441-e5c9-76eb-a77b-de784cb71f6a,ACTIVE,-2473603,247841,1485772,0,0,140000
366448,01a0b1c2-b010-7000-8000-000000000003,01a0c441-d723-767b-90a3-bdbdd004e863,ACTIVE,0,-107273,4341905,0,233,140000
366448,01a0b1c2-b010-7000-8000-000000000003,01a0c441-dc05-7521-a2e5-cffdd63883ba,ACTIVE,2473614,247762,1870775,0,0,140000
366448,01a0b1c2-b010-7000-8000-000000000003,01a0c441-e0e7-71af-8b1d-ca2cf5125531,ACTIVE,-2155415,-248962,478837,0,0,140000
366448,01a0b1c2-b010-7000-8000-000000000003,01a0c441-e5c9-76eb-a77b-de784cb71f6a,ACTIVE,-2473603,247841,1499772,0,0,140000
366450,01a0b1c2-b010-7000-8000-000000000003,01a0c441-d723-767b-90a3-bdbdd004e863,ACTIVE,0,-107250,4355905,0,233,140000
366450,01a0b1c2-b010-7000-8000-000000000003,01a0c441-dc05-7521-a2e5-cffdd63883ba,ACTIVE,2473614,247762,1884775,0,0,140000
366450,01a0b1c2-b010-7000-8000-000000000003,01a0c441-e0e7-71af-8b1d-ca2cf5125531,ACTIVE,-2155415,-248962,492837,0,0,140000
366450,01a0b1c2-b010-7000-8000-000000000003,01a0c441-e5c9-76eb-a77b-de784cb71f6a,ACTIVE,-2473603,247841,1513772,0,0,140000
366452,01a0b1c2-b010-7000-8000-000000000003,01a0c441-d723-767b-90a3-bdbdd004e863,ACTIVE,0,-107227,4369905,0,233,140000
366452,01a0b1c2-b010-7000-8000-000000000003,01a0c441-dc05-7521-a2e5-cffdd63883ba,ACTIVE,2473614,247762,1898775,0,0,140000
366452,01a0b1c2-b010-7000-8000-000000000003,01a0c441-e0e7-71af-8b1d-ca2cf5125531,ACTIVE,-2155415,-248962,506837,0,0,140000
366452,01a0b1c2-b010-7000-8000-000000000003,01a0c441-e5c9-76eb-a77b-de784cb71f6a,ACTIVE,-2473603,247841,1527772,0,0,140000
366454,01a0b1c2-b010-7000-8000-000000000003,01a0c441-d723-767b-90a3-bdbdd004e863,ACTIVE,0,-107203,4383905,0,233,140000
366454,01a0b1c2-b010-7000-8000-000000000003,01a0c441-dc05-7521-a2e5-cffdd63883ba,ACTIVE,2473614,247762,1912775,0,0,140000
366454,01a0b1c2-b010-7000-8000-000000000003,01a0c441-e0e7-71af-8b1d-ca2cf5125531,ACTIVE,-2155415,-248962,520837,0,0,140000
366454,01a0b1c2-b010-7000-8000-000000000003,01a0c441-e5c9-76eb-a77b-de784cb71f6a,ACTIVE,-2473603,247841,1541772,0,0,140000
366456,01a0b1c2-b010-7000-8000-000000000003,01a0c441-d723-767b-90a3-bdbdd004e863,ACTIVE,0,-107180,4397905,0,233,140000
366456,01a0b1c2-b010-7000-8000-000000000003,01a0c441-dc05-7521-a2e5-cffdd63883ba,ACTIVE,2473614,247762,1926775,0,0,140000
366456,01a0b1c2-b010-7000-8000-000000000003,01a0c441-e0e7-71af-8b1d-ca2cf5125531,ACTIVE,-2155415,-248962,534837,0,0,140000
366456,01a0b1c2-b010-7000-8000-000000000003,01a0c441-e5c9-76eb-a77b-de784cb71f6a,ACTIVE,-2473603,247841,1555772,0,0,140000
366458,01a0b1c2-b010-7000-8000-000000000003,01a0c441-d723-767b-90a3-bdbdd004e863,ACTIVE,0,-107157,4411905,0,233,140000
366458,01a0b1c2-b010-7000-8000-000000000003,01a0c441-dc05-7521-a2e5-cffdd63883ba,ACTIVE,2473614,247762,1940775,0,0,140000
366458,01a0b1c2-b010-7000-8000-000000000003,01a0c441-e0e7-71af-8b1d-ca2cf5125531,ACTIVE,-2155415,-248962,548837,0,0,140000
366458,01a0b1c2-b010-7000-8000-000000000003,01a0c441-e5c9-76eb-a77b-de784cb71f6a,ACTIVE,-2473603,247841,1569772,0,0,140000
366460,01a0b1c2-b010-7000-8000-000000000003,01a0c441-d723-767b-90a3-bdbdd004e863,ACTIVE,0,-107133,4425905,0,233,140000
366460,01a0b1c2-b010-7000-8000-000000000003,01a0c441-dc05-7521-a2e5-cffdd63883ba,ACTIVE,2473614,247762,1954775,0,0,140000
366460,01a0b1c2-b010-7000-8000-000000000003,01a0c441-e0e7-71af-8b1d-ca2cf5125531,ACTIVE,-2155415,-248962,562837,0,0,140000
366460,01a0b1c2-b010-7000-8000-000000000003,01a0c441-e5c9-76eb-a77b-de784cb71f6a,ACTIVE,-2473603,247841,1583772,0,0,140000
366462,01a0b1c2-b010-7000-8000-000000000003,01a0c441-d723-767b-90a3-bdbdd004e863,ACTIVE,0,-107110,4439905,0,233,140000
366462,01a0b1c2-b010-7000-8000-000000000003,01a0c441-dc05-7521-a2e5-cffdd63883ba,ACTIVE,2473614,247762,1968775,0,0,140000
366462,01a0b1c2-b010-7000-8000-000000000003,01a0c441-e0e7-71af-8b1d-ca2cf5125531,ACTIVE,-2155415,-248962,576837,0,0,140000
366462,01a0b1c2-b010-7000-8000-000000000003,01a0c441-e5c9-76eb-a77b-de784cb71f6a,ACTIVE,-2473603,247841,1597772,0,0,140000
366464,01a0b1c2-b010-7000-8000-000000000003,01a0c441-d723-767b-90a3-bdbdd004e863,ACTIVE,0,-107087,4453905,0,233,140000
366464,01a0b1c2-b010-7000-8000-000000000003,01a0c441-dc05-7521-a2e5-cffdd63883ba,ACTIVE,2473614,247762,1982775,0,0,140000
366464,01a0b1c2-b010-7000-8000-000000000003,01a0c441-e0e7-71af-8b1d-ca2cf5125531,ACTIVE,-2155415,-248962,590837,0,0,140000
366464,01a0b1c2-b010-7000-8000-000000000003,01a0c441-e5c9-76eb-a77b-de784cb71f6a,ACTIVE,-2473603,247841,1611772,0,0,140000
366466,01a0b1c2-b010-7000-8000-000000000003,01a0c441-d723-767b-90a3-bdbdd004e863,ACTIVE,0,-107064,4467905,0,233,140000
366466,01a0b1c2-b010-7000-8000-000000000003,01a0c441-dc05-7521-a2e5-cffdd63883ba,ACTIVE,2473614,247762,1996775,0,0,140000
366466,01a0b1c2-b010-7000-8000-000000000003,01a0c441-e0e7-71af-8b1d-ca2cf5125531,ACTIVE,-2155415,-248962,604837,0,0,140000
366466,01a0b1c2-b010-7000-8000-000000000003,01a0c441-e5c9-76eb-a77b-de784cb71f6a,ACTIVE,-2473603,247841,1625772,0,0,140000
366468,01a0b1c2-b010-7000-8000-000000000003,01a0c441-d723-767b-90a3-bdbdd004e863,ACTIVE,0,-107040,4481905,0,233,140000
366468,01a0b1c2-b010-7000-8000-000000000003,01a0c441-dc05-7521-a2e5-cffdd63883ba,ACTIVE,2473614,247762,2010775,0,0,140000
366468,01a0b1c2-b010-7000-8000-000000000003,01a0c441-e0e7-71af-8b1d-ca2cf5125531,ACTIVE,-2155415,-248962,618837,0,0,140000
366468,01a0b1c2-b010-7000-8000-000000000003,01a0c441-e5c9-76eb-a77b-de784cb71f6a,ACTIVE,-2473603,247841,1639772,0,0,140000
366470,01a0b1c2-b010-7000-8000-000000000003,01a0c441-d723-767b-90a3-bdbdd004e863,ACTIVE,0,-107017,4495904,0,233,140000
366470,01a0b1c2-b010-7000-8000-000000000003,01a0c441-dc05-7521-a2e5-cffdd63883ba,ACTIVE,2473614,247762,2024775,0,0,140000
366470,01a0b1c2-b010-7000-8000-000000000003,01a0c441-e0e7-71af-8b1d-ca2cf5125531,ACTIVE,-2155415,-248962,632837,0,0,140000
366470,01a0b1c2-b010-7000-8000-000000000003,01a0c441-e5c9-76eb-a77b-de784cb71f6a,ACTIVE,-2473603,247841,1653772,0,0,140000
366472,01a0b1c2-b010-7000-8000-000000000003,01a0c441-d723-767b-90a3-bdbdd004e863,ACTIVE,0,-106994,4509904,0,233,140000
366472,01a0b1c2-b010-7000-8000-000000000003,01a0c441-dc05-7521-a2e5-cffdd63883ba,ACTIVE,2473614,247762,2038775,0,0,140000
366472,01a0b1c2-b010-7000-8000-000000000003,01a0c441-e0e7-71af-8b1d-ca2cf5125531,ACTIVE,-2155415,-248962,646837,0,0,140000
366472,01a0b1c2-b010-7000-8000-000000000003,01a0c441-e5c9-76eb-a77b-de784cb71f6a,ACTIVE,-2473603,247841,1667772,0,0,140000
366474,01a0b1c2-b010-7000-8000-000000000003,01a0c441-d723-767b-90a3-bdbdd004e863,ACTIVE,0,-106970,4523904,0,233,140000
366474,01a0b1c2-b010-7000-8000-000000000003,01a0c441-dc05-7521-a2e5-cffdd63883ba,ACTIVE,2473614,247762,2052775,0,0,140000
366474,01a0b1c2-b010-7000-8000-000000000003,01a0c441-e0e7-71af-8b1d-ca2cf5125531,ACTIVE,-2155415,-248962,660837,0,0,140000
366474,01a0b1c2-b010-7000-8000-000000000003,01a0c441-e5c9-76eb-a77b-de784cb71f6a,ACTIVE,-2473603,247841,1681772,0,0,140000
366476,01a0b1c2-b010-7000-8000-000000000003,01a0c441-d723-767b-90a3-bdbdd004e863,ACTIVE,0,-106947,4537904,0,233,140000
366476,01a0b1c2-b010-7000-8000-000000000003,01a0c441-dc05-7521-a2e5-cffdd63883ba,ACTIVE,2473614,247762,2066775,0,0,140000
366476,01a0b1c2-b010-7000-8000-000000000003,01a0c441-e0e7-71af-8b1d-ca2cf5125531,ACTIVE,-2155415,-248962,674837,0,0,140000
366476,01a0b1c2-b010-7000-8000-000000000003,01a0c441-e5c9-76eb-a77b-de784cb71f6a,ACTIVE,-2473603,247841,1695772,0,0,140000
366478,01a0b1c2-b010-7000-8000-000000000003,01a0c441-d723-767b-90a3-bdbdd004e863,ACTIVE,0,-106924,4551904,0,233,140000
366478,01a0b1c2-b010-7000-8000-000000000003,01a0c441-dc05-7521-a2e5-cffdd63883ba,ACTIVE,2473614,247762,2080775,0,0,140000
366478,01a0b1c2-b010-7000-8000-000000000003,01a0c441-e0e7-71af-8b1d-ca2cf5125531,ACTIVE,-2155415,-248962,688837,0,0,140000
366478,01a0b1c2-b010-7000-8000-000000000003,01a0c441-e5c9-76eb-a77b-de784cb71f6a,ACTIVE,-2473603,247841,1709772,0,0,140000
366480,01a0b1c2-b010-7000-8000-000000000003,01a0c441-d723-767b-90a3-bdbdd004e863,ACTIVE,0,-106901,4565904,0,233,140000
366480,01a0b1c2-b010-7000-8000-000000000003,01a0c441-dc05-7521-a2e5-cffdd63883ba,ACTIVE,2473614,247762,2094775,0,0,140000
366480,01a0b1c2-b010-7000-8000-000000000003,01a0c441-e0e7-71af-8b1d-ca2cf5125531,ACTIVE,-2155415,-248962,702837,0,0,140000
366480,01a0b1c2-b010-7000-8000-000000000003,01a0c441-e5c9-76eb-a77b-de784cb71f6a,ACTIVE,-2473603,247841,1723772,0,0,140000
366482,01a0b1c2-b010-7000-8000-000000000003,01a0c441-d723-767b-90a3-bdbdd004e863,ACTIVE,0,-106877,4579904,0,233,140000
366482,01a0b1c2-b010-7000-8000-000000000003,01a0c441-dc05-7521-a2e5-cffdd63883ba,ACTIVE,2473614,247762,2108775,0,0,140000
366482,01a0b1c2-b010-7000-8000-000000000003,01a0c441-e0e7-71af-8b1d-ca2cf5125531,ACTIVE,-2155415,-248962,716837,0,0,140000
366482,01a0b1c2-b010-7000-8000-000000000003,01a0c441-e5c9-76eb-a77b-de784cb71f6a,ACTIVE,-2473603,247841,1737772,0,0,140000
366484,01a0b1c2-b010-7000-8000-000000000003,01a0c441-d723-767b-90a3-bdbdd004e863,ACTIVE,0,-106854,4593904,0,233,140000
366484,01a0b1c2-b010-7000-8000-000000000003,01a0c441-dc05-7521-a2e5-cffdd63883ba,ACTIVE,2473614,247762,2122775,0,0,140000
366484,01a0b1c2-b010-7000-8000-000000000003,01a0c441-e0e7-71af-8b1d-ca2cf5125531,ACTIVE,-2155415,-248962,730837,0,0,140000
366484,01a0b1c2-b010-7000-8000-000000000003,01a0c441-e5c9-76eb-a77b-de784cb71f6a,ACTIVE,-2473603,247841,1751772,0,0,140000
366486,01a0b1c2-b010-7000-8000-000000000003,01a0c441-d723-767b-90a3-bdbdd004e863,ACTIVE,0,-106831,4607904,0,233,140000
366486,01a0b1c2-b010-7000-8000-000000000003,01a0c441-dc05-7521-a2e5-cffdd63883ba,ACTIVE,2473614,247762,2136775,0,0,140000
366486,01a0b1c2-b010-7000-8000-000000000003,01a0c441-e0e7-71af-8b1d-ca2cf5125531,ACTIVE,-2155415,-248962,744837,0,0,140000
366486,01a0b1c2-b010-7000-8000-000000000003,01a0c441-e5c9-76eb-a77b-de784cb71f6a,ACTIVE,-2473603,247841,1765772,0,0,140000
366488,01a0b1c2-b010-7000-8000-000000000003,01a0c441-d723-767b-90a3-bdbdd004e863,ACTIVE,0,-106808,4621904,0,233,140000
366488,01a0b1c2-b010-7000-8000-000000000003,01a0c441-dc05-7521-a2e5-cffdd63883ba,ACTIVE,2473614,247762,2150775,0,0,140000
366488,01a0b1c2-b010-7000-8000-000000000003,01a0c441-e0e7-71af-8b1d-ca2cf5125531,ACTIVE,-2155415,-248962,758837,0,0,140000
366488,01a0b1c2-b010-7000-8000-000000000003,01a0c441-e5c9-76eb-a77b-de784cb71f6a,ACTIVE,-2473603,247841,1779772,0,0,140000
366490,01a0b1c2-b010-7000-8000-000000000003,01a0c441-d723-767b-90a3-bdbdd004e863,ACTIVE,0,-106784,4635904,0,233,140000
366490,01a0b1c2-b010-7000-8000-000000000003,01a0c441-dc05-7521-a2e5-cffdd63883ba,ACTIVE,2473614,247762,2164775,0,0,140000
366490,01a0b1c2-b010-7000-8000-000000000003,01a0c441-e0e7-71af-8b1d-ca2cf5125531,ACTIVE,-2155415,-248962,772837,0,0,140000
366490,01a0b1c2-b010-7000-8000-000000000003,01a0c441-e5c9-76eb-a77b-de784cb71f6a,ACTIVE,-2473603,247841,1793772,0,0,140000
366492,01a0b1c2-b010-7000-8000-000000000003,01a0c441-d723-767b-90a3-bdbdd004e863,ACTIVE,0,-106761,4649904,0,233,140000
366492,01a0b1c2-b010-7000-8000-000000000003,01a0c441-dc05-7521-a2e5-cffdd63883ba,ACTIVE,2473614,247762,2178775,0,0,140000
366492,01a0b1c2-b010-7000-8000-000000000003,01a0c441-e0e7-71af-8b1d-ca2cf5125531,ACTIVE,-2155415,-248962,786837,0,0,140000
366492,01a0b1c2-b010-7000-8000-000000000003,01a0c441-e5c9-76eb-a77b-de784cb71f6a,ACTIVE,-2473603,247841,1807772,0,0,140000
366494,01a0b1c2-b010-7000-8000-000000000003,01a0c441-d723-767b-90a3-bdbdd004e863,ACTIVE,0,-106738,4663904,0,233,140000
366494,01a0b1c2-b010-7000-8000-000000000003,01a0c441-dc05-7521-a2e5-cffdd63883ba,ACTIVE,2473614,247762,2192775,0,0,140000
366494,01a0b1c2-b010-7000-8000-000000000003,01a0c441-e0e7-71af-8b1d-ca2cf5125531,ACTIVE,-2155415,-248962,800837,0,0,140000
366494,01a0b1c2-b010-7000-8000-000000000003,01a0c441-e5c9-76eb-a77b-de784cb71f6a,ACTIVE,-2473603,247841,1821772,0,0,140000
366496,01a0b1c2-b010-7000-8000-000000000003,01a0c441-d723-767b-90a3-bdbdd004e863,ACTIVE,0,-106714,4677904,0,233,140000
366496,01a0b1c2-b010-7000-8000-000000000003,01a0c441-dc05-7521-a2e5-cffdd63883ba,ACTIVE,2473614,247762,2206775,0,0,140000
366496,01a0b1c2-b010-7000-8000-000000000003,01a0c441-e0e7-71af-8b1d-ca2cf5125531,ACTIVE,-2155415,-248962,814837,0,0,140000
366496,01a0b1c2-b010-7000-8000-000000000003,01a0c441-e5c9-76eb-a77b-de784cb71f6a,ACTIVE,-2473603,247841,1835772,0,0,140000
366498,01a0b1c2-b010-7000-8000-000000000003,01a0c441-d723-767b-90a3-bdbdd004e863,ACTIVE,0,-106691,4691904,0,233,140000
366498,01a0b1c2-b010-7000-8000-000000000003,01a0c441-dc05-7521-a2e5-cffdd63883ba,ACTIVE,2473614,247762,2220775,0,0,140000
366498,01a0b1c2-b010-7000-8000-000000000003,01a0c441-e0e7-71af-8b1d-ca2cf5125531,ACTIVE,-2155415,-248962,828837,0,0,140000
366498,01a0b1c2-b010-7000-8000-000000000003,01a0c441-e5c9-76eb-a77b-de784cb71f6a,ACTIVE,-2473603,247841,1849772,0,0,140000
366500,01a0b1c2-b010-7000-8000-000000000003,01a0c441-d723-767b-90a3-bdbdd004e863,ACTIVE,0,-106668,4705904,0,233,140000
366500,01a0b1c2-b010-7000-8000-000000000003,01a0c441-dc05-7521-a2e5-cffdd63883ba,ACTIVE,2473614,247762,2234775,0,0,140000
366500,01a0b1c2-b010-7000-8000-000000000003,01a0c441-e0e7-71af-8b1d-ca2cf5125531,ACTIVE,-2155415,-248962,842837,0,0,140000
366500,01a0b1c2-b010-7000-8000-000000000003,01a0c441-e5c9-76eb-a77b-de784cb71f6a,ACTIVE,-2473603,247841,1863772,0,0,140000
366502,01a0b1c2-b010-7000-8000-000000000003,01a0c441-d723-767b-90a3-bdbdd004e863,ACTIVE,0,-106645,4719904,0,233,140000
366502,01a0b1c2-b010-7000-8000-000000000003,01a0c441-dc05-7521-a2e5-cffdd63883ba,ACTIVE,2473614,247762,2248775,0,0,140000
366502,01a0b1c2-b010-7000-8000-000000000003,01a0c441-e0e7-71af-8b1d-ca2cf5125531,ACTIVE,-2155415,-248962,856837,0,0,140000
366502,01a0b1c2-b010-7000-8000-000000000003,01a0c441-e5c9-76eb-a77b-de784cb71f6a,ACTIVE,-2473603,247841,1877772,0,0,140000
366504,01a0b1c2-b010-7000-8000-000000000003,01a0c441-d723-767b-90a3-bdbdd004e863,ACTIVE,0,-106621,4733904,0,233,140000
366504,01a0b1c2-b010-7000-8000-000000000003,01a0c441-dc05-7521-a2e5-cffdd63883ba,ACTIVE,2473614,247762,2262775,0,0,140000
366504,01a0b1c2-b010-7000-8000-000000000003,01a0c441-e0e7-71af-8b1d-ca2cf5125531,ACTIVE,-2155415,-248962,870837,0,0,140000
366504,01a0b1c2-b010-7000-8000-000000000003,01a0c441-e5c9-76eb-a77b-de784cb71f6a,ACTIVE,-2473603,247841,1891772,0,0,140000
366506,01a0b1c2-b010-7000-8000-000000000003,01a0c441-d723-767b-90a3-bdbdd004e863,ACTIVE,0,-106598,4747904,0,233,140000
366506,01a0b1c2-b010-7000-8000-000000000003,01a0c441-dc05-7521-a2e5-cffdd63883ba,ACTIVE,2473614,247762,2276775,0,0,140000
366506,01a0b1c2-b010-7000-8000-000000000003,01a0c441-e0e7-71af-8b1d-ca2cf5125531,ACTIVE,-2155415,-248962,884837,0,0,140000
366506,01a0b1c2-b010-7000-8000-000000000003,01a0c441-e5c9-76eb-a77b-de784cb71f6a,ACTIVE,-2473603,247841,1905772,0,0,140000
366508,01a0b1c2-b010-7000-8000-000000000003,01a0c441-d723-767b-90a3-bdbdd004e863,ACTIVE,0,-106575,4761904,0,233,140000
366508,01a0b1c2-b010-7000-8000-000000000003,01a0c441-dc05-7521-a2e5-cffdd63883ba,ACTIVE,2473614,247762,2290775,0,0,140000
366508,01a0b1c2-b010-7000-8000-000000000003,01a0c441-e0e7-71af-8b1d-ca2cf5125531,ACTIVE,-2155415,-248962,898837,0,0,140000
366508,01a0b1c2-b010-7000-8000-000000000003,01a0c441-e5c9-76eb-a77b-de784cb71f6a,ACTIVE,-2473603,247841,1919772,0,0,140000
366510,01a0b1c2-b010-7000-8000-000000000003,01a0c441-d723-767b-90a3-bdbdd004e863,ACTIVE,0,-106552,4775904,0,233,140000
366510,01a0b1c2-b010-7000-8000-000000000003,01a0c441-dc05-7521-a2e5-cffdd63883ba,ACTIVE,2473614,247762,2304775,0,0,140000
366510,01a0b1c2-b010-7000-8000-000000000003,01a0c441-e0e7-71af-8b1d-ca2cf5125531,ACTIVE,-2155415,-248962,912837,0,0,140000
366510,01a0b1c2-b010-7000-8000-000000000003,01a0c441-e5c9-76eb-a77b-de784cb71f6a,ACTIVE,-2473603,247841,1933772,0,0,140000
366512,01a0b1c2-b010-7000-8000-000000000003,01a0c441-d723-767b-90a3-bdbdd004e863,ACTIVE,0,-106528,4789904,0,233,140000
366512,01a0b1c2-b010-7000-8000-000000000003,01a0c441-dc05-7521-a2e5-cffdd63883ba,ACTIVE,2473614,247762,2318775,0,0,140000
366512,01a0b1c2-b010-7000-8000-000000000003,01a0c441-e0e7-71af-8b1d-ca2cf5125531,ACTIVE,-2155415,-248962,926837,0,0,140000
366512,01a0b1c2-b010-7000-8000-000000000003,01a0c441-e5c9-76eb-a77b-de784cb71f6a,ACTIVE,-2473603,247841,1947772,0,0,140000
366514,01a0b1c2-b010-7000-8000-000000000003,01a0c441-d723-767b-90a3-bdbdd004e863,ACTIVE,0,-106505,4803904,0,233,140000
366514,01a0b1c2-b010-7000-8000-000000000003,01a0c441-dc05-7521-a2e5-cffdd63883ba,ACTIVE,2473614,247762,2332775,0,0,140000
366514,01a0b1c2-b010-7000-8000-000000000003,01a0c441-e0e7-71af-8b1d-ca2cf5125531,ACTIVE,-2155415,-248962,940837,0,0,140000
366514,01a0b1c2-b010-7000-8000-000000000003,01a0c441-e5c9-76eb-a77b-de784cb71f6a,ACTIVE,-2473603,247841,1961772,0,0,140000
366516,01a0b1c2-b010-7000-8000-000000000003,01a0c441-d723-767b-90a3-bdbdd004e863,ACTIVE,0,-106482,4817904,0,233,140000
366516,01a0b1c2-b010-7000-8000-000000000003,01a0c441-dc05-7521-a2e5-cffdd63883ba,ACTIVE,2473614,247762,2346775,0,0,140000
366516,01a0b1c2-b010-7000-8000-000000000003,01a0c441-e0e7-71af-8b1d-ca2cf5125531,ACTIVE,-2155415,-248962,954837,0,0,140000
366516,01a0b1c2-b010-7000-8000-000000000003,01a0c441-e5c9-76eb-a77b-de784cb71f6a,ACTIVE,-2473603,247841,1975772,0,0,140000
366518,01a0b1c2-b010-7000-8000-000000000003,01a0c441-d723-767b-90a3-bdbdd004e863,ACTIVE,0,-106458,4831904,0,233,140000
366518,01a0b1c2-b010-7000-8000-000000000003,01a0c441-dc05-7521-a2e5-cffdd63883ba,ACTIVE,2473614,247762,2360775,0,0,140000
366518,01a0b1c2-b010-7000-8000-000000000003,01a0c441-e0e7-71af-8b1d-ca2cf5125531,ACTIVE,-2155415,-248962,968837,0,0,140000
366518,01a0b1c2-b010-7000-8000-000000000003,01a0c441-e5c9-76eb-a77b-de784cb71f6a,ACTIVE,-2473603,247841,1989772,0,0,140000
366520,01a0b1c2-b010-7000-8000-000000000003,01a0c441-d723-767b-90a3-bdbdd004e863,ACTIVE,0,-106435,4845904,0,233,140000
366520,01a0b1c2-b010-7000-8000-000000000003,01a0c441-dc05-7521-a2e5-cffdd63883ba,ACTIVE,2473614,247762,2374775,0,0,140000
366520,01a0b1c2-b010-7000-8000-000000000003,01a0c441-e0e7-71af-8b1d-ca2cf5125531,ACTIVE,-2155415,-248962,982837,0,0,140000
366520,01a0b1c2-b010-7000-8000-000000000003,01a0c441-e5c9-76eb-a77b-de784cb71f6a,ACTIVE,-2473603,247841,2003772,0,0,140000
366522,01a0b1c2-b010-7000-8000-000000000003,01a0c441-d723-767b-90a3-bdbdd004e863,ACTIVE,0,-106412,4859904,0,233,140000
366522,01a0b1c2-b010-7000-8000-000000000003,01a0c441-dc05-7521-a2e5-cffdd63883ba,ACTIVE,2473614,247762,2388775,0,0,140000
366522,01a0b1c2-b010-7000-8000-000000000003,01a0c441-e0e7-71af-8b1d-ca2cf5125531,ACTIVE,-2155415,-248962,996837,0,0,140000
366522,01a0b1c2-b010-7000-8000-000000000003,01a0c441-e5c9-76eb-a77b-de784cb71f6a,ACTIVE,-2473603,247841,2017772,0,0,140000
366524,01a0b1c2-b010-7000-8000-000000000003,01a0c441-d723-767b-90a3-bdbdd004e863,ACTIVE,0,-106389,4873904,0,233,140000
366524,01a0b1c2-b010-7000-8000-000000000003,01a0c441-dc05-7521-a2e5-cffdd63883ba,ACTIVE,2473614,247762,2402775,0,0,140000
366524,01a0b1c2-b010-7000-8000-000000000003,01a0c441-e0e7-71af-8b1d-ca2cf5125531,ACTIVE,-2155415,-248962,1010837,0,0,140000
366524,01a0b1c2-b010-7000-8000-000000000003,01a0c441-e5c9-76eb-a77b-de784cb71f6a,ACTIVE,-2473603,247841,2031772,0,0,140000
366526,01a0b1c2-b010-7000-8000-000000000003,01a0c441-d723-767b-90a3-bdbdd004e863,ACTIVE,0,-106365,4887904,0,233,140000
366526,01a0b1c2-b010-7000-8000-000000000003,01a0c441-dc05-7521-a2e5-cffdd63883ba,ACTIVE,2473614,247762,2416775,0,0,140000
366526,01a0b1c2-b010-7000-8000-000000000003,01a0c441-e0e7-71af-8b1d-ca2cf5125531,ACTIVE,-2155415,-248962,1024837,0,0,140000
366526,01a0b1c2-b010-7000-8000-000000000003,01a0c441-e5c9-76eb-a77b-de784cb71f6a,ACTIVE,-2473603,247841,2045772,0,0,140000
366528,01a0b1c2-b010-7000-8000-000000000003,01a0c441-d723-767b-90a3-bdbdd004e863,ACTIVE,0,-106342,4901904,0,233,140000
366528,01a0b1c2-b010-7000-8000-000000000003,01a0c441-dc05-7521-a2e5-cffdd63883ba,ACTIVE,2473614,247762,2430775,0,0,140000
366528,01a0b1c2-b010-7000-8000-000000000003,01a0c441-e0e7-71af-8b1d-ca2cf5125531,ACTIVE,-2155415,-248962,1038837,0,0,140000
366528,01a0b1c2-b010-7000-8000-000000000003,01a0c441-e5c9-76eb-a77b-de784cb71f6a,ACTIVE,-2473603,247841,2059772,0,0,140000
366530,01a0b1c2-b010-7000-8000-000000000003,01a0c441-d723-767b-90a3-bdbdd004e863,ACTIVE,0,-106319,4915904,0,233,140000
366530,01a0b1c2-b010-7000-8000-000000000003,01a0c441-dc05-7521-a2e5-cffdd63883ba,ACTIVE,2473614,247762,2444775,0,0,140000
366530,01a0b1c2-b010-7000-8000-000000000003,01a0c441-e0e7-71af-8b1d-ca2cf5125531,ACTIVE,-2155415,-248962,1052837,0,0,140000
366530,01a0b1c2-b010-7000-8000-000000000003,01a0c441-e5c9-76eb-a77b-de784cb71f6a,ACTIVE,-2473603,247841,2073772,0,0,140000
366532,01a0b1c2-b010-7000-8000-000000000003,01a0c441-d723-767b-90a3-bdbdd004e863,ACTIVE,0,-106296,4929904,0,233,140000
366532,01a0b1c2-b010-7000-8000-000000000003,01a0c441-dc05-7521-a2e5-cffdd63883ba,ACTIVE,2473614,247762,2458775,0,0,140000
366532,01a0b1c2-b010-7000-8000-000000000003,01a0c441-e0e7-71af-8b1d-ca2cf5125531,ACTIVE,-2155415,-248962,1066837,0,0,140000
366532,01a0b1c2-b010-7000-8000-000000000003,01a0c441-e5c9-76eb-a77b-de784cb71f6a,ACTIVE,-2473603,247841,2087772,0,0,140000
366534,01a0b1c2-b010-7000-8000-000000000003,01a0c441-d723-767b-90a3-bdbdd004e863,ACTIVE,0,-106272,4943904,0,233,140000
366534,01a0b1c2-b010-7000-8000-000000000003,01a0c441-dc05-7521-a2e5-cffdd63883ba,ACTIVE,2473614,247762,2472775,0,0,140000
366534,01a0b1c2-b010-7000-8000-000000000003,01a0c441-e0e7-71af-8b1d-ca2cf5125531,ACTIVE,-2155415,-248962,1080837,0,0,140000
366534,01a0b1c2-b010-7000-8000-000000000003,01a0c441-e5c9-76eb-a77b-de784cb71f6a,ACTIVE,-2473603,247841,2101772,0,0,140000
366536,01a0b1c2-b010-7000-8000-000000000003,01a0c441-d723-767b-90a3-bdbdd004e863,ACTIVE,0,-106249,4957904,0,233,140000
366536,01a0b1c2-b010-7000-8000-000000000003,01a0c441-dc05-7521-a2e5-cffdd63883ba,ACTIVE,2473614,247762,2486775,0,0,140000
366536,01a0b1c2-b010-7000-8000-000000000003,01a0c441-e0e7-71af-8b1d-ca2cf5125531,ACTIVE,-2155415,-248962,1094837,0,0,140000
366536,01a0b1c2-b010-7000-8000-000000000003,01a0c441-e5c9-76eb-a77b-de784cb71f6a,ACTIVE,-2473603,247841,2115772,0,0,140000
366538,01a0b1c2-b010-7000-8000-000000000003,01a0c441-d723-767b-90a3-bdbdd004e863,ACTIVE,0,-106226,4971904,0,233,140000
366538,01a0b1c2-b010-7000-8000-000000000003,01a0c441-dc05-7521-a2e5-cffdd63883ba,ACTIVE,2473614,247762,2500775,0,0,140000
366538,01a0b1c2-b010-7000-8000-000000000003,01a0c441-e0e7-71af-8b1d-ca2cf5125531,ACTIVE,-2155415,-248962,1108837,0,0,140000
366538,01a0b1c2-b010-7000-8000-000000000003,01a0c441-e5c9-76eb-a77b-de784cb71f6a,ACTIVE,-2473603,247841,2129772,0,0,140000
366540,01a0b1c2-b010-7000-8000-000000000003,01a0c441-d723-767b-90a3-bdbdd004e863,ACTIVE,0,-106202,4985904,0,233,140000
366540,01a0b1c2-b010-7000-8000-000000000003,01a0c441-dc05-7521-a2e5-cffdd63883ba,ACTIVE,2473614,247762,2514775,0,0,140000
366540,01a0b1c2-b010-7000-8000-000000000003,01a0c441-e0e7-71af-8b1d-ca2cf5125531,ACTIVE,-2155415,-248962,1122837,0,0,140000
366540,01a0b1c2-b010-7000-8000-000000000003,01a0c441-e5c9-76eb-a77b-de784cb71f6a,ACTIVE,-2473603,247841,2143772,0,0,140000
366542,01a0b1c2-b010-7000-8000-000000000003,01a0c441-d723-767b-90a3-bdbdd004e863,ACTIVE,0,-106179,4999904,0,233,140000
366542,01a0b1c2-b010-7000-8000-000000000003,01a0c441-dc05-7521-a2e5-cffdd63883ba,ACTIVE,2473614,247762,2528775,0,0,140000
366542,01a0b1c2-b010-7000-8000-000000000003,01a0c441-e0e7-71af-8b1d-ca2cf5125531,ACTIVE,-2155415,-248962,1136837,0,0,140000
366542,01a0b1c2-b010-7000-8000-000000000003,01a0c441-e5c9-76eb-a77b-de784cb71f6a,ACTIVE,-2473603,247841,2157772,0,0,140000
366544,01a0b1c2-b010-7000-8000-000000000003,01a0c441-d723-767b-90a3-bdbdd004e863,ACTIVE,0,-106156,5013904,0,233,140000
366544,01a0b1c2-b010-7000-8000-000000000003,01a0c441-dc05-7521-a2e5-cffdd63883ba,ACTIVE,2473614,247762,2542775,0,0,140000
366544,01a0b1c2-b010-7000-8000-000000000003,01a0c441-e0e7-71af-8b1d-ca2cf5125531,ACTIVE,-2155415,-248962,1150837,0,0,140000
366544,01a0b1c2-b010-7000-8000-000000000003,01a0c441-e5c9-76eb-a77b-de784cb71f6a,ACTIVE,-2473603,247841,2171772,0,0,140000
366546,01a0b1c2-b010-7000-8000-000000000003,01a0c441-d723-767b-90a3-bdbdd004e863,ACTIVE,0,-106133,5027904,0,233,140000
366546,01a0b1c2-b010-7000-8000-000000000003,01a0c441-dc05-7521-a2e5-cffdd63883ba,ACTIVE,2473614,247762,2556775,0,0,140000
366546,01a0b1c2-b010-7000-8000-000000000003,01a0c441-e0e7-71af-8b1d-ca2cf5125531,ACTIVE,-2155415,-248962,1164837,0,0,140000
366546,01a0b1c2-b010-7000-8000-000000000003,01a0c441-e5c9-76eb-a77b-de784cb71f6a,ACTIVE,-2473603,247841,2185772,0,0,140000
366548,01a0b1c2-b010-7000-8000-000000000003,01a0c441-d723-767b-90a3-bdbdd004e863,ACTIVE,0,-106109,5041904,0,233,140000
366548,01a0b1c2-b010-7000-8000-000000000003,01a0c441-dc05-7521-a2e5-cffdd63883ba,ACTIVE,2473614,247762,2570775,0,0,140000
366548,01a0b1c2-b010-7000-8000-000000000003,01a0c441-e0e7-71af-8b1d-ca2cf5125531,ACTIVE,-2155415,-248962,1178837,0,0,140000
366548,01a0b1c2-b010-7000-8000-000000000003,01a0c441-e5c9-76eb-a77b-de784cb71f6a,ACTIVE,-2473603,247841,2199772,0,0,140000
366550,01a0b1c2-b010-7000-8000-000000000003,01a0c441-d723-767b-90a3-bdbdd004e863,ACTIVE,0,-106086,5055904,0,233,140000
366550,01a0b1c2-b010-7000-8000-000000000003,01a0c441-dc05-7521-a2e5-cffdd63883ba,ACTIVE,2473614,247762,2584775,0,0,140000
366550,01a0b1c2-b010-7000-8000-000000000003,01a0c441-e0e7-71af-8b1d-ca2cf5125531,ACTIVE,-2155415,-248962,1192837,0,0,140000
366550,01a0b1c2-b010-7000-8000-000000000003,01a0c441-e5c9-76eb-a77b-de784cb71f6a,ACTIVE,-2473603,247841,2213772,0,0,140000
366552,01a0b1c2-b010-7000-8000-000000000003,01a0c441-d723-767b-90a3-bdbdd004e863,ACTIVE,0,-106063,5069904,0,233,140000
366552,01a0b1c2-b010-7000-8000-000000000003,01a0c441-dc05-7521-a2e5-cffdd63883ba,ACTIVE,2473614,247762,2598775,0,0,140000
366552,01a0b1c2-b010-7000-8000-000000000003,01a0c441-e0e7-71af-8b1d-ca2cf5125531,ACTIVE,-2155415,-248962,1206837,0,0,140000
366552,01a0b1c2-b010-7000-8000-000000000003,01a0c441-e5c9-76eb-a77b-de784cb71f6a,ACTIVE,-2473603,247841,2227772,0,0,140000
366554,01a0b1c2-b010-7000-8000-000000000003,01a0c441-d723-767b-90a3-bdbdd004e863,ACTIVE,0,-106040,5083904,0,233,140000
366554,01a0b1c2-b010-7000-8000-000000000003,01a0c441-dc05-7521-a2e5-cffdd63883ba,ACTIVE,2473614,247762,2612775,0,0,140000
366554,01a0b1c2-b010-7000-8000-000000000003,01a0c441-e0e7-71af-8b1d-ca2cf5125531,ACTIVE,-2155415,-248962,1220837,0,0,140000
366554,01a0b1c2-b010-7000-8000-000000000003,01a0c441-e5c9-76eb-a77b-de784cb71f6a,ACTIVE,-2473603,247841,2241772,0,0,140000
366556,01a0b1c2-b010-7000-8000-000000000003,01a0c441-d723-767b-90a3-bdbdd004e863,ACTIVE,0,-106016,5097904,0,233,140000
366556,01a0b1c2-b010-7000-8000-000000000003,01a0c441-dc05-7521-a2e5-cffdd63883ba,ACTIVE,2473614,247762,2626775,0,0,140000
366556,01a0b1c2-b010-7000-8000-000000000003,01a0c441-e0e7-71af-8b1d-ca2cf5125531,ACTIVE,-2155415,-248962,1234837,0,0,140000
366556,01a0b1c2-b010-7000-8000-000000000003,01a0c441-e5c9-76eb-a77b-de784cb71f6a,ACTIVE,-2473603,247841,2255772,0,0,140000
366558,01a0b1c2-b010-7000-8000-000000000003,01a0c441-d723-767b-90a3-bdbdd004e863,ACTIVE,0,-105993,5111904,0,233,140000
366558,01a0b1c2-b010-7000-8000-000000000003,01a0c441-dc05-7521-a2e5-cffdd63883ba,ACTIVE,2473614,247762,2640775,0,0,140000
366558,01a0b1c2-b010-7000-8000-000000000003,01a0c441-e0e7-71af-8b1d-ca2cf5125531,ACTIVE,-2155415,-248962,1248837,0,0,140000
366558,01a0b1c2-b010-7000-8000-000000000003,01a0c441-e5c9-76eb-a77b-de784cb71f6a,ACTIVE,-2473603,247841,2269772,0,0,140000
366560,01a0b1c2-b010-7000-8000-000000000003,01a0c441-d723-767b-90a3-bdbdd004e863,ACTIVE,0,-105970,5125904,0,233,140000
366560,01a0b1c2-b010-7000-8000-000000000003,01a0c441-dc05-7521-a2e5-cffdd63883ba,ACTIVE,2473614,247762,2654775,0,0,140000
366560,01a0b1c2-b010-7000-8000-000000000003,01a0c441-e0e7-71af-8b1d-ca2cf5125531,ACTIVE,-2155415,-248962,1262837,0,0,140000
366560,01a0b1c2-b010-7000-8000-000000000003,01a0c441-e5c9-76eb-a77b-de784cb71f6a,ACTIVE,-2473603,247841,2283772,0,0,140000
366562,01a0b1c2-b010-7000-8000-000000000003,01a0c441-d723-767b-90a3-bdbdd004e863,ACTIVE,0,-105946,5139904,0,233,140000
366562,01a0b1c2-b010-7000-8000-000000000003,01a0c441-dc05-7521-a2e5-cffdd63883ba,ACTIVE,2473614,247762,2668775,0,0,140000
366562,01a0b1c2-b010-7000-8000-000000000003,01a0c441-e0e7-71af-8b1d-ca2cf5125531,ACTIVE,-2155415,-248962,1276837,0,0,140000
366562,01a0b1c2-b010-7000-8000-000000000003,01a0c441-e5c9-76eb-a77b-de784cb71f6a,ACTIVE,-2473603,247841,2297772,0,0,140000
366564,01a0b1c2-b010-7000-8000-000000000003,01a0c441-d723-767b-90a3-bdbdd004e863,ACTIVE,0,-105923,5153904,0,233,140000
366564,01a0b1c2-b010-7000-8000-000000000003,01a0c441-dc05-7521-a2e5-cffdd63883ba,ACTIVE,2473614,247762,2682775,0,0,140000
366564,01a0b1c2-b010-7000-8000-000000000003,01a0c441-e0e7-71af-8b1d-ca2cf5125531,ACTIVE,-2155415,-248962,1290837,0,0,140000
366564,01a0b1c2-b010-7000-8000-000000000003,01a0c441-e5c9-76eb-a77b-de784cb71f6a,ACTIVE,-2473603,247841,2311772,0,0,140000
366566,01a0b1c2-b010-7000-8000-000000000003,01a0c441-d723-767b-90a3-bdbdd004e863,ACTIVE,0,-105900,5167904,0,233,140000
366566,01a0b1c2-b010-7000-8000-000000000003,01a0c441-dc05-7521-a2e5-cffdd63883ba,ACTIVE,2473614,247762,2696775,0,0,140000
366566,01a0b1c2-b010-7000-8000-000000000003,01a0c441-e0e7-71af-8b1d-ca2cf5125531,ACTIVE,-2155415,-248962,1304837,0,0,140000
366566,01a0b1c2-b010-7000-8000-000000000003,01a0c441-e5c9-76eb-a77b-de784cb71f6a,ACTIVE,-2473603,247841,2325772,0,0,140000
366568,01a0b1c2-b010-7000-8000-000000000003,01a0c441-d723-767b-90a3-bdbdd004e863,ACTIVE,0,-105877,5181904,0,233,140000
366568,01a0b1c2-b010-7000-8000-000000000003,01a0c441-dc05-7521-a2e5-cffdd63883ba,ACTIVE,2473614,247762,2710775,0,0,140000
366568,01a0b1c2-b010-7000-8000-000000000003,01a0c441-e0e7-71af-8b1d-ca2cf5125531,ACTIVE,-2155415,-248962,1318837,0,0,140000
366568,01a0b1c2-b010-7000-8000-000000000003,01a0c441-e5c9-76eb-a77b-de784cb71f6a,ACTIVE,-2473603,247841,2339772,0,0,140000
366570,01a0b1c2-b010-7000-8000-000000000003,01a0c441-d723-767b-90a3-bdbdd004e863,ACTIVE,0,-105853,5195904,0,233,140000
366570,01a0b1c2-b010-7000-8000-000000000003,01a0c441-dc05-7521-a2e5-cffdd63883ba,ACTIVE,2473614,247762,2724775,0,0,140000
366570,01a0b1c2-b010-7000-8000-000000000003,01a0c441-e0e7-71af-8b1d-ca2cf5125531,ACTIVE,-2155415,-248962,1332837,0,0,140000
366570,01a0b1c2-b010-7000-8000-000000000003,01a0c441-e5c9-76eb-a77b-de784cb71f6a,ACTIVE,-2473603,247841,2353772,0,0,140000
366572,01a0b1c2-b010-7000-8000-000000000003,01a0c441-d723-767b-90a3-bdbdd004e863,ACTIVE,0,-105830,5209904,0,233,140000
366572,01a0b1c2-b010-7000-8000-000000000003,01a0c441-dc05-7521-a2e5-cffdd63883ba,ACTIVE,2473614,247762,2738775,0,0,140000
366572,01a0b1c2-b010-7000-8000-000000000003,01a0c441-e0e7-71af-8b1d-ca2cf5125531,ACTIVE,-2155415,-248962,1346837,0,0,140000
366572,01a0b1c2-b010-7000-8000-000000000003,01a0c441-e5c9-76eb-a77b-de784cb71f6a,ACTIVE,-2473603,247841,2367772,0,0,140000
366574,01a0b1c2-b010-7000-8000-000000000003,01a0c441-d723-767b-90a3-bdbdd004e863,ACTIVE,0,-105807,5223903,0,233,140000
366574,01a0b1c2-b010-7000-8000-000000000003,01a0c441-dc05-7521-a2e5-cffdd63883ba,ACTIVE,2473614,247762,2752775,0,0,140000
366574,01a0b1c2-b010-7000-8000-000000000003,01a0c441-e0e7-71af-8b1d-ca2cf5125531,ACTIVE,-2155415,-248962,1360837,0,0,140000
366574,01a0b1c2-b010-7000-8000-000000000003,01a0c441-e5c9-76eb-a77b-de784cb71f6a,ACTIVE,-2473603,247841,2381772,0,0,140000
366576,01a0b1c2-b010-7000-8000-000000000003,01a0c441-d723-767b-90a3-bdbdd004e863,ACTIVE,0,-105784,5237903,0,233,140000
366576,01a0b1c2-b010-7000-8000-000000000003,01a0c441-dc05-7521-a2e5-cffdd63883ba,ACTIVE,2473614,247762,2766775,0,0,140000
366576,01a0b1c2-b010-7000-8000-000000000003,01a0c441-e0e7-71af-8b1d-ca2cf5125531,ACTIVE,-2155415,-248962,1374837,0,0,140000
366576,01a0b1c2-b010-7000-8000-000000000003,01a0c441-e5c9-76eb-a77b-de784cb71f6a,ACTIVE,-2473603,247841,2395772,0,0,140000
366578,01a0b1c2-b010-7000-8000-000000000003,01a0c441-d723-767b-90a3-bdbdd004e863,ACTIVE,0,-105760,5251903,0,233,140000
366578,01a0b1c2-b010-7000-8000-000000000003,01a0c441-dc05-7521-a2e5-cffdd63883ba,ACTIVE,2473614,247762,2780775,0,0,140000
366578,01a0b1c2-b010-7000-8000-000000000003,01a0c441-e0e7-71af-8b1d-ca2cf5125531,ACTIVE,-2155415,-248962,1388837,0,0,140000
366578,01a0b1c2-b010-7000-8000-000000000003,01a0c441-e5c9-76eb-a77b-de784cb71f6a,ACTIVE,-2473603,247841,2409772,0,0,140000
366580,01a0b1c2-b010-7000-8000-000000000003,01a0c441-d723-767b-90a3-bdbdd004e863,ACTIVE,0,-105737,5265903,0,233,140000
366580,01a0b1c2-b010-7000-8000-000000000003,01a0c441-dc05-7521-a2e5-cffdd63883ba,ACTIVE,2473614,247762,2794775,0,0,140000
366580,01a0b1c2-b010-7000-8000-000000000003,01a0c441-e0e7-71af-8b1d-ca2cf5125531,ACTIVE,-2155415,-248962,1402837,0,0,140000
366580,01a0b1c2-b010-7000-8000-000000000003,01a0c441-e5c9-76eb-a77b-de784cb71f6a,ACTIVE,-2473603,247841,2423772,0,0,140000
366582,01a0b1c2-b010-7000-8000-000000000003,01a0c441-d723-767b-90a3-bdbdd004e863,ACTIVE,0,-105714,5279903,0,233,140000
366582,01a0b1c2-b010-7000-8000-000000000003,01a0c441-dc05-7521-a2e5-cffdd63883ba,ACTIVE,2473614,247762,2808775,0,0,140000
366582,01a0b1c2-b010-7000-8000-000000000003,01a0c441-e0e7-71af-8b1d-ca2cf5125531,ACTIVE,-2155415,-248962,1416837,0,0,140000
366582,01a0b1c2-b010-7000-8000-000000000003,01a0c441-e5c9-76eb-a77b-de784cb71f6a,ACTIVE,-2473603,247841,2437772,0,0,140000
366584,01a0b1c2-b010-7000-8000-000000000003,01a0c441-d723-767b-90a3-bdbdd004e863,ACTIVE,0,-105690,5293903,0,233,140000
366584,01a0b1c2-b010-7000-8000-000000000003,01a0c441-dc05-7521-a2e5-cffdd63883ba,ACTIVE,2473614,247762,2822775,0,0,140000
366584,01a0b1c2-b010-7000-8000-000000000003,01a0c441-e0e7-71af-8b1d-ca2cf5125531,ACTIVE,-2155415,-248962,1430837,0,0,140000
366584,01a0b1c2-b010-7000-8000-000000000003,01a0c441-e5c9-76eb-a77b-de784cb71f6a,ACTIVE,-2473603,247841,2451772,0,0,140000
366586,01a0b1c2-b010-7000-8000-000000000003,01a0c441-d723-767b-90a3-bdbdd004e863,ACTIVE,0,-105667,5307903,0,233,140000
366586,01a0b1c2-b010-7000-8000-000000000003,01a0c441-dc05-7521-a2e5-cffdd63883ba,ACTIVE,2473614,247762,2836775,0,0,140000
366586,01a0b1c2-b010-7000-8000-000000000003,01a0c441-e0e7-71af-8b1d-ca2cf5125531,ACTIVE,-2155415,-248962,1444837,0,0,140000
366586,01a0b1c2-b010-7000-8000-000000000003,01a0c441-e5c9-76eb-a77b-de784cb71f6a,ACTIVE,-2473603,247841,2465772,0,0,140000
366588,01a0b1c2-b010-7000-8000-000000000003,01a0c441-d723-767b-90a3-bdbdd004e863,ACTIVE,0,-105644,5321903,0,233,140000
366588,01a0b1c2-b010-7000-8000-000000000003,01a0c441-dc05-7521-a2e5-cffdd63883ba,ACTIVE,2473614,247762,2850775,0,0,140000
366588,01a0b1c2-b010-7000-8000-000000000003,01a0c441-e0e7-71af-8b1d-ca2cf5125531,ACTIVE,-2155415,-248962,1458837,0,0,140000
366588,01a0b1c2-b010-7000-8000-000000000003,01a0c441-e5c9-76eb-a77b-de784cb71f6a,ACTIVE,-2473603,247841,2479772,0,0,140000
366590,01a0b1c2-b010-7000-8000-000000000003,01a0c441-d723-767b-90a3-bdbdd004e863,ACTIVE,0,-105621,5335903,0,233,140000
366590,01a0b1c2-b010-7000-8000-000000000003,01a0c441-dc05-7521-a2e5-cffdd63883ba,ACTIVE,2473614,247762,2864775,0,0,140000
366590,01a0b1c2-b010-7000-8000-000000000003,01a0c441-e0e7-71af-8b1d-ca2cf5125531,ACTIVE,-2155415,-248962,1472837,0,0,140000
366590,01a0b1c2-b010-7000-8000-000000000003,01a0c441-e5c9-76eb-a77b-de784cb71f6a,ACTIVE,-2473603,247841,2493772,0,0,140000
366592,01a0b1c2-b010-7000-8000-000000000003,01a0c441-d723-767b-90a3-bdbdd004e863,ACTIVE,0,-105597,5349903,0,233,140000
366592,01a0b1c2-b010-7000-8000-000000000003,01a0c441-dc05-7521-a2e5-cffdd63883ba,ACTIVE,2473614,247762,2878775,0,0,140000
366592,01a0b1c2-b010-7000-8000-000000000003,01a0c441-e0e7-71af-8b1d-ca2cf5125531,ACTIVE,-2155415,-248962,1486837,0,0,140000
366592,01a0b1c2-b010-7000-8000-000000000003,01a0c441-e5c9-76eb-a77b-de784cb71f6a,ACTIVE,-2473603,247841,2507772,0,0,140000
366594,01a0b1c2-b010-7000-8000-000000000003,01a0c441-d723-767b-90a3-bdbdd004e863,ACTIVE,0,-105574,5363903,0,233,140000
366594,01a0b1c2-b010-7000-8000-000000000003,01a0c441-dc05-7521-a2e5-cffdd63883ba,ACTIVE,2473614,247762,2892775,0,0,140000
366594,01a0b1c2-b010-7000-8000-000000000003,01a0c441-e0e7-71af-8b1d-ca2cf5125531,ACTIVE,-2155415,-248962,1500837,0,0,140000
366594,01a0b1c2-b010-7000-8000-000000000003,01a0c441-e5c9-76eb-a77b-de784cb71f6a,ACTIVE,-2473603,247841,2521772,0,0,140000
366596,01a0b1c2-b010-7000-8000-000000000003,01a0c441-d723-767b-90a3-bdbdd004e863,ACTIVE,0,-105551,5377903,0,233,140000
366596,01a0b1c2-b010-7000-8000-000000000003,01a0c441-dc05-7521-a2e5-cffdd63883ba,ACTIVE,2473614,247762,2906775,0,0,140000
366596,01a0b1c2-b010-7000-8000-000000000003,01a0c441-e0e7-71af-8b1d-ca2cf5125531,ACTIVE,-2155415,-248962,1514837,0,0,140000
366596,01a0b1c2-b010-7000-8000-000000000003,01a0c441-e5c9-76eb-a77b-de784cb71f6a,ACTIVE,-2473603,247841,2535772,0,0,140000
366598,01a0b1c2-b010-7000-8000-000000000003,01a0c441-d723-767b-90a3-bdbdd004e863,ACTIVE,0,-105528,5391903,0,233,140000
366598,01a0b1c2-b010-7000-8000-000000000003,01a0c441-dc05-7521-a2e5-cffdd63883ba,ACTIVE,2473614,247762,2920775,0,0,140000
366598,01a0b1c2-b010-7000-8000-000000000003,01a0c441-e0e7-71af-8b1d-ca2cf5125531,ACTIVE,-2155415,-248962,1528837,0,0,140000
366598,01a0b1c2-b010-7000-8000-000000000003,01a0c441-e5c9-76eb-a77b-de784cb71f6a,ACTIVE,-2473603,247841,2549772,0,0,140000
366600,01a0b1c2-b010-7000-8000-000000000003,01a0c441-d723-767b-90a3-bdbdd004e863,ACTIVE,0,-105504,5405903,0,233,140000
366600,01a0b1c2-b010-7000-8000-000000000003,01a0c441-dc05-7521-a2e5-cffdd63883ba,ACTIVE,2473614,247762,2934775,0,0,140000
366600,01a0b1c2-b010-7000-8000-000000000003,01a0c441-e0e7-71af-8b1d-ca2cf5125531,ACTIVE,-2155415,-248962,1542837,0,0,140000
366600,01a0b1c2-b010-7000-8000-000000000003,01a0c441-e5c9-76eb-a77b-de784cb71f6a,ACTIVE,-2473603,247841,2563772,0,0,140000
366602,01a0b1c2-b010-7000-8000-000000000003,01a0c441-d723-767b-90a3-bdbdd004e863,ACTIVE,0,-105481,5419903,0,233,140000
366602,01a0b1c2-b010-7000-8000-000000000003,01a0c441-dc05-7521-a2e5-cffdd63883ba,ACTIVE,2473614,247762,2948775,0,0,140000
366602,01a0b1c2-b010-7000-8000-000000000003,01a0c441-e0e7-71af-8b1d-ca2cf5125531,ACTIVE,-2155415,-248962,1556837,0,0,140000
366602,01a0b1c2-b010-7000-8000-000000000003,01a0c441-e5c9-76eb-a77b-de784cb71f6a,ACTIVE,-2473603,247841,2577772,0,0,140000
366604,01a0b1c2-b010-7000-8000-000000000003,01a0c441-d723-767b-90a3-bdbdd004e863,ACTIVE,0,-105458,5433903,0,233,140000
366604,01a0b1c2-b010-7000-8000-000000000003,01a0c441-dc05-7521-a2e5-cffdd63883ba,ACTIVE,2473614,247762,2962775,0,0,140000
366604,01a0b1c2-b010-7000-8000-000000000003,01a0c441-e0e7-71af-8b1d-ca2cf5125531,ACTIVE,-2155415,-248962,1570837,0,0,140000
366604,01a0b1c2-b010-7000-8000-000000000003,01a0c441-e5c9-76eb-a77b-de784cb71f6a,ACTIVE,-2473603,247841,2591772,0,0,140000
366606,01a0b1c2-b010-7000-8000-000000000003,01a0c441-d723-767b-90a3-bdbdd004e863,ACTIVE,0,-105434,5447903,0,233,140000
366606,01a0b1c2-b010-7000-8000-000000000003,01a0c441-dc05-7521-a2e5-cffdd63883ba,ACTIVE,2473614,247762,2976775,0,0,140000
366606,01a0b1c2-b010-7000-8000-000000000003,01a0c441-e0e7-71af-8b1d-ca2cf5125531,ACTIVE,-2155415,-248962,1584837,0,0,140000
366606,01a0b1c2-b010-7000-8000-000000000003,01a0c441-e5c9-76eb-a77b-de784cb71f6a,ACTIVE,-2473603,247841,2605772,0,0,140000
366608,01a0b1c2-b010-7000-8000-000000000003,01a0c441-d723-767b-90a3-bdbdd004e863,ACTIVE,0,-105411,5461903,0,233,140000
366608,01a0b1c2-b010-7000-8000-000000000003,01a0c441-dc05-7521-a2e5-cffdd63883ba,ACTIVE,2473614,247762,2990775,0,0,140000
366608,01a0b1c2-b010-7000-8000-000000000003,01a0c441-e0e7-71af-8b1d-ca2cf5125531,ACTIVE,-2155415,-248962,1598837,0,0,140000
366608,01a0b1c2-b010-7000-8000-000000000003,01a0c441-e5c9-76eb-a77b-de784cb71f6a,ACTIVE,-2473603,247841,2619772,0,0,140000
366610,01a0b1c2-b010-7000-8000-000000000003,01a0c441-d723-767b-90a3-bdbdd004e863,ACTIVE,0,-105388,5475903,0,233,140000
366610,01a0b1c2-b010-7000-8000-000000000003,01a0c441-dc05-7521-a2e5-cffdd63883ba,ACTIVE,2473614,247762,3004775,0,0,140000
366610,01a0b1c2-b010-7000-8000-000000000003,01a0c441-e0e7-71af-8b1d-ca2cf5125531,ACTIVE,-2155415,-248962,1612837,0,0,140000
366610,01a0b1c2-b010-7000-8000-000000000003,01a0c441-e5c9-76eb-a77b-de784cb71f6a,ACTIVE,-2473603,247841,2633772,0,0,140000
366612,01a0b1c2-b010-7000-8000-000000000003,01a0c441-d723-767b-90a3-bdbdd004e863,ACTIVE,0,-105365,5489903,0,233,140000
366612,01a0b1c2-b010-7000-8000-000000000003,01a0c441-dc05-7521-a2e5-cffdd63883ba,ACTIVE,2473614,247762,3018775,0,0,140000
366612,01a0b1c2-b010-7000-8000-000000000003,01a0c441-e0e7-71af-8b1d-ca2cf5125531,ACTIVE,-2155415,-248962,1626837,0,0,140000
366612,01a0b1c2-b010-7000-8000-000000000003,01a0c441-e5c9-76eb-a77b-de784cb71f6a,ACTIVE,-2473603,247841,2647772,0,0,140000
366614,01a0b1c2-b010-7000-8000-000000000003,01a0c441-d723-767b-90a3-bdbdd004e863,ACTIVE,0,-105341,5503903,0,233,140000
366614,01a0b1c2-b010-7000-8000-000000000003,01a0c441-dc05-7521-a2e5-cffdd63883ba,ACTIVE,2473614,247762,3032775,0,0,140000
366614,01a0b1c2-b010-7000-8000-000000000003,01a0c441-e0e7-71af-8b1d-ca2cf5125531,ACTIVE,-2155415,-248962,1640837,0,0,140000
366614,01a0b1c2-b010-7000-8000-000000000003,01a0c441-e5c9-76eb-a77b-de784cb71f6a,ACTIVE,-2473603,247841,2661772,0,0,140000
366616,01a0b1c2-b010-7000-8000-000000000003,01a0c441-d723-767b-90a3-bdbdd004e863,ACTIVE,0,-105318,5517903,0,233,140000
366616,01a0b1c2-b010-7000-8000-000000000003,01a0c441-dc05-7521-a2e5-cffdd63883ba,ACTIVE,2473614,247762,3046775,0,0,140000
366616,01a0b1c2-b010-7000-8000-000000000003,01a0c441-e0e7-71af-8b1d-ca2cf5125531,ACTIVE,-2155415,-248962,1654837,0,0,140000
366616,01a0b1c2-b010-7000-8000-000000000003,01a0c441-e5c9-76eb-a77b-de784cb71f6a,ACTIVE,-2473603,247841,2675772,0,0,140000
366618,01a0b1c2-b010-7000-8000-000000000003,01a0c441-d723-767b-90a3-bdbdd004e863,ACTIVE,0,-105295,5531903,0,233,140000
366618,01a0b1c2-b010-7000-8000-000000000003,01a0c441-dc05-7521-a2e5-cffdd63883ba,ACTIVE,2473614,247762,3060775,0,0,140000
366618,01a0b1c2-b010-7000-8000-000000000003,01a0c441-e0e7-71af-8b1d-ca2cf5125531,ACTIVE,-2155415,-248962,1668837,0,0,140000
366618,01a0b1c2-b010-7000-8000-000000000003,01a0c441-e5c9-76eb-a77b-de784cb71f6a,ACTIVE,-2473603,247841,2689772,0,0,140000
366620,01a0b1c2-b010-7000-8000-000000000003,01a0c441-d723-767b-90a3-bdbdd004e863,ACTIVE,0,-105272,5545903,0,233,140000
366620,01a0b1c2-b010-7000-8000-000000000003,01a0c441-dc05-7521-a2e5-cffdd63883ba,ACTIVE,2473614,247762,3074775,0,0,140000
366620,01a0b1c2-b010-7000-8000-000000000003,01a0c441-e0e7-71af-8b1d-ca2cf5125531,ACTIVE,-2155415,-248962,1682837,0,0,140000
366620,01a0b1c2-b010-7000-8000-000000000003,01a0c441-e5c9-76eb-a77b-de784cb71f6a,ACTIVE,-2473603,247841,2703772,0,0,140000
366622,01a0b1c2-b010-7000-8000-000000000003,01a0c441-d723-767b-90a3-bdbdd004e863,ACTIVE,0,-105248,5559851,0,232,139300
366622,01a0b1c2-b010-7000-8000-000000000003,01a0c441-dc05-7521-a2e5-cffdd63883ba,ACTIVE,2473614,247762,3088775,0,0,140000
366622,01a0b1c2-b010-7000-8000-000000000003,01a0c441-e0e7-71af-8b1d-ca2cf5125531,ACTIVE,-2155415,-248962,1696837,0,0,140000
366622,01a0b1c2-b010-7000-8000-000000000003,01a0c441-e5c9-76eb-a77b-de784cb71f6a,ACTIVE,-2473603,247841,2717772,0,0,140000
366624,01a0b1c2-b010-7000-8000-000000000003,01a0c441-d723-767b-90a3-bdbdd004e863,ACTIVE,0,-105225,5573728,0,230,138600
366624,01a0b1c2-b010-7000-8000-000000000003,01a0c441-dc05-7521-a2e5-cffdd63883ba,ACTIVE,2473614,247762,3102775,0,0,140000
366624,01a0b1c2-b010-7000-8000-000000000003,01a0c441-e0e7-71af-8b1d-ca2cf5125531,ACTIVE,-2155415,-248962,1710837,0,0,140000
366624,01a0b1c2-b010-7000-8000-000000000003,01a0c441-e5c9-76eb-a77b-de784cb71f6a,ACTIVE,-2473603,247841,2731772,0,0,140000
366626,01a0b1c2-b010-7000-8000-000000000003,01a0c441-d723-767b-90a3-bdbdd004e863,ACTIVE,0,-105202,5587535,0,229,137900
366626,01a0b1c2-b010-7000-8000-000000000003,01a0c441-dc05-7521-a2e5-cffdd63883ba,ACTIVE,2473614,247762,3116775,0,0,140000
366626,01a0b1c2-b010-7000-8000-000000000003,01a0c441-e0e7-71af-8b1d-ca2cf5125531,ACTIVE,-2155415,-248962,1724837,0,0,140000
366626,01a0b1c2-b010-7000-8000-000000000003,01a0c441-e5c9-76eb-a77b-de784cb71f6a,ACTIVE,-2473603,247841,2745772,0,0,140000
366628,01a0b1c2-b010-7000-8000-000000000003,01a0c441-d723-767b-90a3-bdbdd004e863,ACTIVE,0,-105179,5601273,0,228,137200
366628,01a0b1c2-b010-7000-8000-000000000003,01a0c441-dc05-7521-a2e5-cffdd63883ba,ACTIVE,2473614,247762,3130775,0,0,140000
366628,01a0b1c2-b010-7000-8000-000000000003,01a0c441-e0e7-71af-8b1d-ca2cf5125531,ACTIVE,-2155415,-248962,1738837,0,0,140000
366628,01a0b1c2-b010-7000-8000-000000000003,01a0c441-e5c9-76eb-a77b-de784cb71f6a,ACTIVE,-2473603,247841,2759772,0,0,140000
366630,01a0b1c2-b010-7000-8000-000000000003,01a0c441-d723-767b-90a3-bdbdd004e863,ACTIVE,0,-105157,5614940,0,227,136500
366630,01a0b1c2-b010-7000-8000-000000000003,01a0c441-dc05-7521-a2e5-cffdd63883ba,ACTIVE,2473614,247762,3144775,0,0,140000
366630,01a0b1c2-b010-7000-8000-000000000003,01a0c441-e0e7-71af-8b1d-ca2cf5125531,ACTIVE,-2155415,-248962,1752837,0,0,140000
366630,01a0b1c2-b010-7000-8000-000000000003,01a0c441-e5c9-76eb-a77b-de784cb71f6a,ACTIVE,-2473603,247841,2773772,0,0,140000
366632,01a0b1c2-b010-7000-8000-000000000003,01a0c441-d723-767b-90a3-bdbdd004e863,ACTIVE,0,-105134,5628538,0,226,135800
366632,01a0b1c2-b010-7000-8000-000000000003,01a0c441-dc05-7521-a2e5-cffdd63883ba,ACTIVE,2473614,247762,3158775,0,0,140000
366632,01a0b1c2-b010-7000-8000-000000000003,01a0c441-e0e7-71af-8b1d-ca2cf5125531,ACTIVE,-2155415,-248962,1766837,0,0,140000
366632,01a0b1c2-b010-7000-8000-000000000003,01a0c441-e5c9-76eb-a77b-de784cb71f6a,ACTIVE,-2473603,247841,2787772,0,0,140000
366634,01a0b1c2-b010-7000-8000-000000000003,01a0c441-d723-767b-90a3-bdbdd004e863,ACTIVE,0,-105112,5642065,0,225,135100
366634,01a0b1c2-b010-7000-8000-000000000003,01a0c441-dc05-7521-a2e5-cffdd63883ba,ACTIVE,2473614,247762,3172775,0,0,140000
366634,01a0b1c2-b010-7000-8000-000000000003,01a0c441-e0e7-71af-8b1d-ca2cf5125531,ACTIVE,-2155415,-248962,1780837,0,0,140000
366634,01a0b1c2-b010-7000-8000-000000000003,01a0c441-e5c9-76eb-a77b-de784cb71f6a,ACTIVE,-2473603,247841,2801772,0,0,140000
366636,01a0b1c2-b010-7000-8000-000000000003,01a0c441-d723-767b-90a3-bdbdd004e863,ACTIVE,0,-105089,5655523,0,223,134400
366636,01a0b1c2-b010-7000-8000-000000000003,01a0c441-dc05-7521-a2e5-cffdd63883ba,ACTIVE,2473614,247762,3186775,0,0,140000
366636,01a0b1c2-b010-7000-8000-000000000003,01a0c441-e0e7-71af-8b1d-ca2cf5125531,ACTIVE,-2155415,-248962,1794837,0,0,140000
366636,01a0b1c2-b010-7000-8000-000000000003,01a0c441-e5c9-76eb-a77b-de784cb71f6a,ACTIVE,-2473603,247841,2815772,0,0,140000
366638,01a0b1c2-b010-7000-8000-000000000003,01a0c441-d723-767b-90a3-bdbdd004e863,ACTIVE,0,-105067,5668910,0,222,133700
366638,01a0b1c2-b010-7000-8000-000000000003,01a0c441-dc05-7521-a2e5-cffdd63883ba,ACTIVE,2473614,247762,3200775,0,0,140000
366638,01a0b1c2-b010-7000-8000-000000000003,01a0c441-e0e7-71af-8b1d-ca2cf5125531,ACTIVE,-2155415,-248962,1808837,0,0,140000
366638,01a0b1c2-b010-7000-8000-000000000003,01a0c441-e5c9-76eb-a77b-de784cb71f6a,ACTIVE,-2473603,247841,2829772,0,0,140000
366640,01a0b1c2-b010-7000-8000-000000000003,01a0c441-d723-767b-90a3-bdbdd004e863,ACTIVE,0,-105045,5682228,0,221,133000
366640,01a0b1c2-b010-7000-8000-000000000003,01a0c441-dc05-7521-a2e5-cffdd63883ba,ACTIVE,2473614,247762,3214775,0,0,140000
366640,01a0b1c2-b010-7000-8000-000000000003,01a0c441-e0e7-71af-8b1d-ca2cf5125531,ACTIVE,-2155415,-248962,1822837,0,0,140000
366640,01a0b1c2-b010-7000-8000-000000000003,01a0c441-e5c9-76eb-a77b-de784cb71f6a,ACTIVE,-2473603,247841,2843772,0,0,140000
366642,01a0b1c2-b010-7000-8000-000000000003,01a0c441-d723-767b-90a3-bdbdd004e863,ACTIVE,0,-105023,5695475,0,220,132300
366642,01a0b1c2-b010-7000-8000-000000000003,01a0c441-dc05-7521-a2e5-cffdd63883ba,ACTIVE,2473614,247762,3228775,0,0,140000
366642,01a0b1c2-b010-7000-8000-000000000003,01a0c441-e0e7-71af-8b1d-ca2cf5125531,ACTIVE,-2155415,-248962,1836837,0,0,140000
366642,01a0b1c2-b010-7000-8000-000000000003,01a0c441-e5c9-76eb-a77b-de784cb71f6a,ACTIVE,-2473603,247841,2857772,0,0,140000
366644,01a0b1c2-b010-7000-8000-000000000003,01a0c441-d723-767b-90a3-bdbdd004e863,LINGERING,0,-105001,5708653,0,219,131600
366644,01a0b1c2-b010-7000-8000-000000000003,01a0c441-dc05-7521-a2e5-cffdd63883ba,ACTIVE,2473614,247762,3242775,0,0,140000
366644,01a0b1c2-b010-7000-8000-000000000003,01a0c441-e0e7-71af-8b1d-ca2cf5125531,ACTIVE,-2155415,-248962,1850837,0,0,140000
366644,01a0b1c2-b010-7000-8000-000000000003,01a0c441-e5c9-76eb-a77b-de784cb71f6a,ACTIVE,-2473603,247841,2871772,0,0,140000
366646,01a0b1c2-b010-7000-8000-000000000003,01a0c441-d723-767b-90a3-bdbdd004e863,LINGERING,0,-104979,5721760,0,218,130900
366646,01a0b1c2-b010-7000-8000-000000000003,01a0c441-dc05-7521-a2e5-cffdd63883ba,ACTIVE,2473614,247762,3256775,0,0,140000
366646,01a0b1c2-b010-7000-8000-000000000003,01a0c441-e0e7-71af-8b1d-ca2cf5125531,ACTIVE,-2155415,-248962,1864837,0,0,140000
366646,01a0b1c2-b010-7000-8000-000000000003,01a0c441-e5c9-76eb-a77b-de784cb71f6a,ACTIVE,-2473603,247841,2885772,0,0,140000
366648,01a0b1c2-b010-7000-8000-000000000003,01a0c441-d723-767b-90a3-bdbdd004e863,LINGERING,0,-104958,5734798,0,216,130200
366648,01a0b1c2-b010-7000-8000-000000000003,01a0c441-dc05-7521-a2e5-cffdd63883ba,ACTIVE,2473614,247762,3270758,0,0,139650
366648,01a0b1c2-b010-7000-8000-000000000003,01a0c441-e0e7-71af-8b1d-ca2cf5125531,ACTIVE,-2155415,-248962,1878837,0,0,140000
366648,01a0b1c2-b010-7000-8000-000000000003,01a0c441-e5c9-76eb-a77b-de784cb71f6a,ACTIVE,-2473603,247841,2899772,0,0,140000
366650,01a0b1c2-b010-7000-8000-000000000003,01a0c441-d723-767b-90a3-bdbdd004e863,LINGERING,0,-104936,5747765,0,215,129500
366650,01a0b1c2-b010-7000-8000-000000000003,01a0c441-dc05-7521-a2e5-cffdd63883ba,ACTIVE,2473614,247762,3284670,0,0,138950
366650,01a0b1c2-b010-7000-8000-000000000003,01a0c441-e0e7-71af-8b1d-ca2cf5125531,ACTIVE,-2155415,-248962,1892837,0,0,140000
366650,01a0b1c2-b010-7000-8000-000000000003,01a0c441-e5c9-76eb-a77b-de784cb71f6a,ACTIVE,-2473603,247841,2913772,0,0,140000
366652,01a0b1c2-b010-7000-8000-000000000003,01a0c441-d723-767b-90a3-bdbdd004e863,LINGERING,0,-104915,5760663,0,214,128800
366652,01a0b1c2-b010-7000-8000-000000000003,01a0c441-dc05-7521-a2e5-cffdd63883ba,ACTIVE,2473614,247762,3298513,0,0,138250
366652,01a0b1c2-b010-7000-8000-000000000003,01a0c441-e0e7-71af-8b1d-ca2cf5125531,ACTIVE,-2155415,-248962,1906837,0,0,140000
366652,01a0b1c2-b010-7000-8000-000000000003,01a0c441-e5c9-76eb-a77b-de784cb71f6a,ACTIVE,-2473603,247841,2927772,0,0,140000
366654,01a0b1c2-b010-7000-8000-000000000003,01a0c441-d723-767b-90a3-bdbdd004e863,LINGERING,0,-104893,5773490,0,213,128100
366654,01a0b1c2-b010-7000-8000-000000000003,01a0c441-dc05-7521-a2e5-cffdd63883ba,ACTIVE,2473614,247762,3312285,0,0,137550
366654,01a0b1c2-b010-7000-8000-000000000003,01a0c441-e0e7-71af-8b1d-ca2cf5125531,ACTIVE,-2155415,-248962,1920837,0,0,140000
366654,01a0b1c2-b010-7000-8000-000000000003,01a0c441-e5c9-76eb-a77b-de784cb71f6a,ACTIVE,-2473603,247841,2941772,0,0,140000
366656,01a0b1c2-b010-7000-8000-000000000003,01a0c441-d723-767b-90a3-bdbdd004e863,LINGERING,0,-104872,5786248,0,212,127400
366656,01a0b1c2-b010-7000-8000-000000000003,01a0c441-dc05-7521-a2e5-cffdd63883ba,ACTIVE,2473614,247762,3325988,0,0,136850
366656,01a0b1c2-b010-7000-8000-000000000003,01a0c441-e0e7-71af-8b1d-ca2cf5125531,ACTIVE,-2155415,-248962,1934837,0,0,140000
366656,01a0b1c2-b010-7000-8000-000000000003,01a0c441-e5c9-76eb-a77b-de784cb71f6a,ACTIVE,-2473603,247841,2955772,0,0,140000
366658,01a0b1c2-b010-7000-8000-000000000003,01a0c441-d723-767b-90a3-bdbdd004e863,LINGERING,0,-104851,5798935,0,211,126700
366658,01a0b1c2-b010-7000-8000-000000000003,01a0c441-dc05-7521-a2e5-cffdd63883ba,ACTIVE,2473614,247762,3339620,0,0,136150
366658,01a0b1c2-b010-7000-8000-000000000003,01a0c441-e0e7-71af-8b1d-ca2cf5125531,ACTIVE,-2155415,-248962,1948837,0,0,140000
366658,01a0b1c2-b010-7000-8000-000000000003,01a0c441-e5c9-76eb-a77b-de784cb71f6a,ACTIVE,-2473603,247841,2969772,0,0,140000
366660,01a0b1c2-b010-7000-8000-000000000003,01a0c441-d723-767b-90a3-bdbdd004e863,LINGERING,0,-104830,5811553,0,209,126000
366660,01a0b1c2-b010-7000-8000-000000000003,01a0c441-dc05-7521-a2e5-cffdd63883ba,ACTIVE,2473614,247762,3353183,0,0,135450
366660,01a0b1c2-b010-7000-8000-000000000003,01a0c441-e0e7-71af-8b1d-ca2cf5125531,ACTIVE,-2155415,-248962,1962837,0,0,140000
366660,01a0b1c2-b010-7000-8000-000000000003,01a0c441-e5c9-76eb-a77b-de784cb71f6a,ACTIVE,-2473603,247841,2983772,0,0,140000
366662,01a0b1c2-b010-7000-8000-000000000003,01a0c441-d723-767b-90a3-bdbdd004e863,LINGERING,0,-104809,5824100,0,208,125300
366662,01a0b1c2-b010-7000-8000-000000000003,01a0c441-dc05-7521-a2e5-cffdd63883ba,ACTIVE,2473614,247762,3366675,0,0,134750
366662,01a0b1c2-b010-7000-8000-000000000003,01a0c441-e0e7-71af-8b1d-ca2cf5125531,ACTIVE,-2155415,-248962,1976837,0,0,140000
366662,01a0b1c2-b010-7000-8000-000000000003,01a0c441-e5c9-76eb-a77b-de784cb71f6a,ACTIVE,-2473603,247841,2997772,0,0,140000
366664,01a0b1c2-b010-7000-8000-000000000003,01a0c441-d723-767b-90a3-bdbdd004e863,LINGERING,0,-104788,5836578,0,207,124600
366664,01a0b1c2-b010-7000-8000-000000000003,01a0c441-dc05-7521-a2e5-cffdd63883ba,ACTIVE,2473614,247762,3380098,0,0,134050
366664,01a0b1c2-b010-7000-8000-000000000003,01a0c441-e0e7-71af-8b1d-ca2cf5125531,ACTIVE,-2155415,-248962,1990837,0,0,140000
366664,01a0b1c2-b010-7000-8000-000000000003,01a0c441-e5c9-76eb-a77b-de784cb71f6a,ACTIVE,-2473603,247841,3011772,0,0,140000
366666,01a0b1c2-b010-7000-8000-000000000003,01a0c441-d723-767b-90a3-bdbdd004e863,LINGERING,0,-104768,5848985,0,206,123900
366666,01a0b1c2-b010-7000-8000-000000000003,01a0c441-dc05-7521-a2e5-cffdd63883ba,ACTIVE,2473614,247762,3393450,0,0,133350
366666,01a0b1c2-b010-7000-8000-000000000003,01a0c441-e0e7-71af-8b1d-ca2cf5125531,ACTIVE,-2155415,-248962,2004837,0,0,140000
366666,01a0b1c2-b010-7000-8000-000000000003,01a0c441-e5c9-76eb-a77b-de784cb71f6a,ACTIVE,-2473603,247841,3025772,0,0,140000
366668,01a0b1c2-b010-7000-8000-000000000003,01a0c441-d723-767b-90a3-bdbdd004e863,LINGERING,0,-104747,5861323,0,205,123200
366668,01a0b1c2-b010-7000-8000-000000000003,01a0c441-dc05-7521-a2e5-cffdd63883ba,ACTIVE,2473614,247762,3406733,0,0,132650
366668,01a0b1c2-b010-7000-8000-000000000003,01a0c441-e0e7-71af-8b1d-ca2cf5125531,ACTIVE,-2155415,-248962,2018837,0,0,140000
366668,01a0b1c2-b010-7000-8000-000000000003,01a0c441-e5c9-76eb-a77b-de784cb71f6a,ACTIVE,-2473603,247841,3039772,0,0,140000
366670,01a0b1c2-b010-7000-8000-000000000003,01a0c441-d723-767b-90a3-bdbdd004e863,LINGERING,0,-104727,5873590,0,204,122500
366670,01a0b1c2-b010-7000-8000-000000000003,01a0c441-dc05-7521-a2e5-cffdd63883ba,LINGERING,2473614,247762,3419945,0,0,131950
366670,01a0b1c2-b010-7000-8000-000000000003,01a0c441-e0e7-71af-8b1d-ca2cf5125531,ACTIVE,-2155415,-248962,2032785,0,0,139300
366670,01a0b1c2-b010-7000-8000-000000000003,01a0c441-e5c9-76eb-a77b-de784cb71f6a,ACTIVE,-2473603,247841,3053772,0,0,140000
366672,01a0b1c2-b010-7000-8000-000000000003,01a0c441-d723-767b-90a3-bdbdd004e863,LINGERING,0,-104707,5885788,0,202,121800
366672,01a0b1c2-b010-7000-8000-000000000003,01a0c441-dc05-7521-a2e5-cffdd63883ba,LINGERING,2473614,247762,3433088,0,0,131250
366672,01a0b1c2-b010-7000-8000-000000000003,01a0c441-e0e7-71af-8b1d-ca2cf5125531,ACTIVE,-2155415,-248962,2046662,0,0,138600
366672,01a0b1c2-b010-7000-8000-000000000003,01a0c441-e5c9-76eb-a77b-de784cb71f6a,ACTIVE,-2473603,247841,3067772,0,0,140000
366674,01a0b1c2-b010-7000-8000-000000000003,01a0c441-d723-767b-90a3-bdbdd004e863,LINGERING,0,-104686,5897915,0,201,121100
366674,01a0b1c2-b010-7000-8000-000000000003,01a0c441-dc05-7521-a2e5-cffdd63883ba,LINGERING,2473614,247762,3446160,0,0,130550
366674,01a0b1c2-b010-7000-8000-000000000003,01a0c441-e0e7-71af-8b1d-ca2cf5125531,ACTIVE,-2155415,-248962,2060470,0,0,137900
366674,01a0b1c2-b010-7000-8000-000000000003,01a0c441-e5c9-76eb-a77b-de784cb71f6a,ACTIVE,-2473603,247841,3081772,0,0,140000
366676,01a0b1c2-b010-7000-8000-000000000003,01a0c441-d723-767b-90a3-bdbdd004e863,LINGERING,0,-104666,5909973,0,200,120400
366676,01a0b1c2-b010-7000-8000-000000000003,01a0c441-dc05-7521-a2e5-cffdd63883ba,LINGERING,2473614,247762,3459163,0,0,129850
366676,01a0b1c2-b010-7000-8000-000000000003,01a0c441-e0e7-71af-8b1d-ca2cf5125531,ACTIVE,-2155415,-248962,2074207,0,0,137200
366676,01a0b1c2-b010-7000-8000-000000000003,01a0c441-e5c9-76eb-a77b-de784cb71f6a,ACTIVE,-2473603,247841,3095772,0,0,140000
366678,01a0b1c2-b010-7000-8000-000000000003,01a0c441-d723-767b-90a3-bdbdd004e863,LINGERING,0,-104646,5921960,0,199,119700
366678,01a0b1c2-b010-7000-8000-000000000003,01a0c441-dc05-7521-a2e5-cffdd63883ba,LINGERING,2473614,247762,3472095,0,0,129150
366678,01a0b1c2-b010-7000-8000-000000000003,01a0c441-e0e7-71af-8b1d-ca2cf5125531,ACTIVE,-2155415,-248962,2087875,0,0,136500
366678,01a0b1c2-b010-7000-8000-000000000003,01a0c441-e5c9-76eb-a77b-de784cb71f6a,ACTIVE,-2473603,247841,3109772,0,0,140000
366680,01a0b1c2-b010-7000-8000-000000000003,01a0c441-d723-767b-90a3-bdbdd004e863,LINGERING,0,-104627,5933877,0,198,119000
366680,01a0b1c2-b010-7000-8000-000000000003,01a0c441-dc05-7521-a2e5-cffdd63883ba,LINGERING,2473614,247762,3484958,0,0,128450
366680,01a0b1c2-b010-7000-8000-000000000003,01a0c441-e0e7-71af-8b1d-ca2cf5125531,ACTIVE,-2155415,-248962,2101472,0,0,135800
366680,01a0b1c2-b010-7000-8000-000000000003,01a0c441-e5c9-76eb-a77b-de784cb71f6a,ACTIVE,-2473603,247841,3123772,0,0,140000
366682,01a0b1c2-b010-7000-8000-000000000003,01a0c441-d723-767b-90a3-bdbdd004e863,LINGERING,0,-104607,5945725,0,197,118300
366682,01a0b1c2-b010-7000-8000-000000000003,01a0c441-dc05-7521-a2e5-cffdd63883ba,LINGERING,2473614,247762,3497750,0,0,127750
366682,01a0b1c2-b010-7000-8000-000000000003,01a0c441-e0e7-71af-8b1d-ca2cf5125531,ACTIVE,-2155415,-248962,2115000,0,0,135100
366682,01a0b1c2-b010-7000-8000-000000000003,01a0c441-e5c9-76eb-a77b-de784cb71f6a,ACTIVE,-2473603,247841,3137772,0,0,140000
366684,01a0b1c2-b010-7000-8000-000000000003,01a0c441-d723-767b-90a3-bdbdd004e863,LINGERING,0,-104587,5957502,0,195,117600
366684,01a0b1c2-b010-7000-8000-000000000003,01a0c441-dc05-7521-a2e5-cffdd63883ba,LINGERING,2473614,247762,3510473,0,0,127050
366684,01a0b1c2-b010-7000-8000-000000000003,01a0c441-e0e7-71af-8b1d-ca2cf5125531,ACTIVE,-2155415,-248962,2128457,0,0,134400
366684,01a0b1c2-b010-7000-8000-000000000003,01a0c441-e5c9-76eb-a77b-de784cb71f6a,ACTIVE,-2473603,247841,3151772,0,0,140000
366686,01a0b1c2-b010-7000-8000-000000000003,01a0c441-d723-767b-90a3-bdbdd004e863,LINGERING,0,-104568,5969210,0,194,116900
366686,01a0b1c2-b010-7000-8000-000000000003,01a0c441-dc05-7521-a2e5-cffdd63883ba,LINGERING,2473614,247762,3523125,0,0,126350
366686,01a0b1c2-b010-7000-8000-000000000003,01a0c441-e0e7-71af-8b1d-ca2cf5125531,ACTIVE,-2155415,-248962,2141845,0,0,133700
366686,01a0b1c2-b010-7000-8000-000000000003,01a0c441-e5c9-76eb-a77b-de784cb71f6a,ACTIVE,-2473603,247841,3165772,0,0,140000
366688,01a0b1c2-b010-7000-8000-000000000003,01a0c441-d723-767b-90a3-bdbdd004e863,LINGERING,0,-104548,5980847,0,193,116200
366688,01a0b1c2-b010-7000-8000-000000000003,01a0c441-dc05-7521-a2e5-cffdd63883ba,LINGERING,2473614,247762,3535708,0,0,125650
366688,01a0b1c2-b010-7000-8000-000000000003,01a0c441-e0e7-71af-8b1d-ca2cf5125531,ACTIVE,-2155415,-248962,2155162,0,0,133000
366688,01a0b1c2-b010-7000-8000-000000000003,01a0c441-e5c9-76eb-a77b-de784cb71f6a,ACTIVE,-2473603,247841,3179772,0,0,140000
366690,01a0b1c2-b010-7000-8000-000000000003,01a0c441-d723-767b-90a3-bdbdd004e863,LINGERING,0,-104529,5992415,0,192,115500
366690,01a0b1c2-b010-7000-8000-000000000003,01a0c441-dc05-7521-a2e5-cffdd63883ba,LINGERING,2473614,247762,3548220,0,0,124950
366690,01a0b1c2-b010-7000-8000-000000000003,01a0c441-e0e7-71af-8b1d-ca2cf5125531,ACTIVE,-2155415,-248962,2168410,0,0,132300
366690,01a0b1c2-b010-7000-8000-000000000003,01a0c441-e5c9-76eb-a77b-de784cb71f6a,ACTIVE,-2473603,247841,3193772,0,0,140000
366692,01a0b1c2-b010-7000-8000-000000000003,01a0c441-d723-767b-90a3-bdbdd004e863,LINGERING,0,-104510,6003912,0,191,114800
366692,01a0b1c2-b010-7000-8000-000000000003,01a0c441-dc05-7521-a2e5-cffdd63883ba,LINGERING,2473614,247762,3560663,0,0,124250
366692,01a0b1c2-b010-7000-8000-000000000003,01a0c441-e0e7-71af-8b1d-ca2cf5125531,LINGERING,-2155415,-248962,2181587,0,0,131600
366692,01a0b1c2-b010-7000-8000-000000000003,01a0c441-e5c9-76eb-a77b-de784cb71f6a,ACTIVE,-2473603,247841,3207772,0,0,140000
366694,01a0b1c2-b010-7000-8000-000000000003,01a0c441-d723-767b-90a3-bdbdd004e863,LINGERING,0,-104491,6015340,0,190,114100
366694,01a0b1c2-b010-7000-8000-000000000003,01a0c441-dc05-7521-a2e5-cffdd63883ba,LINGERING,2473614,247762,3573035,0,0,123550
366694,01a0b1c2-b010-7000-8000-000000000003,01a0c441-e0e7-71af-8b1d-ca2cf5125531,LINGERING,-2155415,-248962,2194695,0,0,130900
366694,01a0b1c2-b010-7000-8000-000000000003,01a0c441-e5c9-76eb-a77b-de784cb71f6a,ACTIVE,-2473603,247841,3221772,0,0,140000
366696,01a0b1c2-b010-7000-8000-000000000003,01a0c441-d723-767b-90a3-bdbdd004e863,LINGERING,0,-104472,6026697,0,189,113400
366696,01a0b1c2-b010-7000-8000-000000000003,01a0c441-dc05-7521-a2e5-cffdd63883ba,LINGERING,2473614,247762,3585338,0,0,122850
366696,01a0b1c2-b010-7000-8000-000000000003,01a0c441-e0e7-71af-8b1d-ca2cf5125531,LINGERING,-2155415,-248962,2207732,0,0,130200
366696,01a0b1c2-b010-7000-8000-000000000003,01a0c441-e5c9-76eb-a77b-de784cb71f6a,ACTIVE,-2473603,247841,3235772,0,0,140000
366698,01a0b1c2-b010-7000-8000-000000000003,01a0c441-d723-767b-90a3-bdbdd004e863,LINGERING,0,-104454,6037985,0,187,112700
366698,01a0b1c2-b010-7000-8000-000000000003,01a0c441-dc05-7521-a2e5-cffdd63883ba,LINGERING,2473614,247762,3597570,0,0,122150
366698,01a0b1c2-b010-7000-8000-000000000003,01a0c441-e0e7-71af-8b1d-ca2cf5125531,LINGERING,-2155415,-248962,2220700,0,0,129500
366698,01a0b1c2-b010-7000-8000-000000000003,01a0c441-e5c9-76eb-a77b-de784cb71f6a,ACTIVE,-2473603,247841,3249772,0,0,140000
366700,01a0b1c2-b010-7000-8000-000000000003,01a0c441-d723-767b-90a3-bdbdd004e863,LINGERING,0,-104435,6049202,0,186,112000
366700,01a0b1c2-b010-7000-8000-000000000003,01a0c441-dc05-7521-a2e5-cffdd63883ba,LINGERING,2473614,247762,3609733,0,0,121450
366700,01a0b1c2-b010-7000-8000-000000000003,01a0c441-e0e7-71af-8b1d-ca2cf5125531,LINGERING,-2155415,-248962,2233597,0,0,128800
366700,01a0b1c2-b010-7000-8000-000000000003,01a0c441-e5c9-76eb-a77b-de784cb71f6a,ACTIVE,-2473603,247841,3263755,0,0,139650
366702,01a0b1c2-b010-7000-8000-000000000003,01a0c441-d723-767b-90a3-bdbdd004e863,LINGERING,0,-104416,6060350,0,185,111300
366702,01a0b1c2-b010-7000-8000-000000000003,01a0c441-dc05-7521-a2e5-cffdd63883ba,LINGERING,2473614,247762,3621825,0,0,120750
366702,01a0b1c2-b010-7000-8000-000000000003,01a0c441-e0e7-71af-8b1d-ca2cf5125531,LINGERING,-2155415,-248962,2246425,0,0,128100
366702,01a0b1c2-b010-7000-8000-000000000003,01a0c441-e5c9-76eb-a77b-de784cb71f6a,ACTIVE,-2473603,247841,3277667,0,0,138950
366704,01a0b1c2-b010-7000-8000-000000000003,01a0c441-d723-767b-90a3-bdbdd004e863,LINGERING,0,-104398,6071427,0,184,110600
366704,01a0b1c2-b010-7000-8000-000000000003,01a0c441-dc05-7521-a2e5-cffdd63883ba,LINGERING,2473614,247762,3633848,0,0,120050
366704,01a0b1c2-b010-7000-8000-000000000003,01a0c441-e0e7-71af-8b1d-ca2cf5125531,LINGERING,-2155415,-248962,2259182,0,0,127400
366704,01a0b1c2-b010-7000-8000-000000000003,01a0c441-e5c9-76eb-a77b-de784cb71f6a,ACTIVE,-2473603,247841,3291510,0,0,138250
366706,01a0b1c2-b010-7000-8000-000000000003,01a0c441-d723-767b-90a3-bdbdd004e863,LINGERING,0,-104380,6082435,0,183,109900
366706,01a0b1c2-b010-7000-8000-000000000003,01a0c441-dc05-7521-a2e5-cffdd63883ba,LINGERING,2473614,247762,3645800,0,0,119350
366706,01a0b1c2-b010-7000-8000-000000000003,01a0c441-e0e7-71af-8b1d-ca2cf5125531,LINGERING,-2155415,-248962,2271870,0,0,126700
366706,01a0b1c2-b010-7000-8000-000000000003,01a0c441-e5c9-76eb-a77b-de784cb71f6a,ACTIVE,-2473603,247841,3305282,0,0,137550
366708,01a0b1c2-b010-7000-8000-000000000003,01a0c441-d723-767b-90a3-bdbdd004e863,LINGERING,0,-104361,6093372,0,182,109200
366708,01a0b1c2-b010-7000-8000-000000000003,01a0c441-dc05-7521-a2e5-cffdd63883ba,LINGERING,2473614,247762,3657683,0,0,118650
366708,01a0b1c2-b010-7000-8000-000000000003,01a0c441-e0e7-71af-8b1d-ca2cf5125531,LINGERING,-2155415,-248962,2284487,0,0,126000
366708,01a0b1c2-b010-7000-8000-000000000003,01a0c441-e5c9-76eb-a77b-de784cb71f6a,ACTIVE,-2473603,247841,3318985,0,0,136850
366710,01a0b1c2-b010-7000-8000-000000000003,01a0c441-d723-767b-90a3-bdbdd004e863,LINGERING,0,-104343,6104240,0,180,108500
366710,01a0b1c2-b010-7000-8000-000000000003,01a0c441-dc05-7521-a2e5-cffdd63883ba,LINGERING,2473614,247762,3669495,0,0,117950
366710,01a0b1c2-b010-7000-8000-000000000003,01a0c441-e0e7-71af-8b1d-ca2cf5125531,LINGERING,-2155415,-248962,2297035,0,0,125300
366710,01a0b1c2-b010-7000-8000-000000000003,01a0c441-e5c9-76eb-a77b-de784cb71f6a,ACTIVE,-2473603,247841,3332617,0,0,136150
366712,01a0b1c2-b010-7000-8000-000000000003,01a0c441-d723-767b-90a3-bdbdd004e863,LINGERING,0,-104325,6115037,0,179,107800
366712,01a0b1c2-b010-7000-8000-000000000003,01a0c441-dc05-7521-a2e5-cffdd63883ba,LINGERING,2473614,247762,3681238,0,0,117250
366712,01a0b1c2-b010-7000-8000-000000000003,01a0c441-e0e7-71af-8b1d-ca2cf5125531,LINGERING,-2155415,-248962,2309512,0,0,124600
366712,01a0b1c2-b010-7000-8000-000000000003,01a0c441-e5c9-76eb-a77b-de784cb71f6a,ACTIVE,-2473603,247841,3346180,0,0,135450
366714,01a0b1c2-b010-7000-8000-000000000003,01a0c441-d723-767b-90a3-bdbdd004e863,LINGERING,0,-104308,6125765,0,178,107100
366714,01a0b1c2-b010-7000-8000-000000000003,01a0c441-dc05-7521-a2e5-cffdd63883ba,LINGERING,2473614,247762,3692910,0,0,116550
366714,01a0b1c2-b010-7000-8000-000000000003,01a0c441-e0e7-71af-8b1d-ca2cf5125531,LINGERING,-2155415,-248962,2321920,0,0,123900
366714,01a0b1c2-b010-7000-8000-000000000003,01a0c441-e5c9-76eb-a77b-de784cb71f6a,ACTIVE,-2473603,247841,3359672,0,0,134750
366716,01a0b1c2-b010-7000-8000-000000000003,01a0c441-d723-767b-90a3-bdbdd004e863,LINGERING,0,-104290,6136422,0,177,106400
366716,01a0b1c2-b010-7000-8000-000000000003,01a0c441-dc05-7521-a2e5-cffdd63883ba,LINGERING,2473614,247762,3704513,0,0,115850
366716,01a0b1c2-b010-7000-8000-000000000003,01a0c441-e0e7-71af-8b1d-ca2cf5125531,LINGERING,-2155415,-248962,2334257,0,0,123200
366716,01a0b1c2-b010-7000-8000-000000000003,01a0c441-e5c9-76eb-a77b-de784cb71f6a,ACTIVE,-2473603,247841,3373095,0,0,134050
366718,01a0b1c2-b010-7000-8000-000000000003,01a0c441-d723-767b-90a3-bdbdd004e863,LINGERING,0,-104272,6147010,0,176,105700
366718,01a0b1c2-b010-7000-8000-000000000003,01a0c441-dc05-7521-a2e5-cffdd63883ba,LINGERING,2473614,247762,3716045,0,0,115150
366718,01a0b1c2-b010-7000-8000-000000000003,01a0c441-e0e7-71af-8b1d-ca2cf5125531,LINGERING,-2155415,-248962,2346525,0,0,122500
366718,01a0b1c2-b010-7000-8000-000000000003,01a0c441-e5c9-76eb-a77b-de784cb71f6a,ACTIVE,-2473603,247841,3386447,0,0,133350
366720,01a0b1c2-b010-7000-8000-000000000003,01a0c441-d723-767b-90a3-bdbdd004e863,LINGERING,0,-104255,6157527,0,175,105000
366720,01a0b1c2-b010-7000-8000-000000000003,01a0c441-dc05-7521-a2e5-cffdd63883ba,LINGERING,2473614,247762,3727508,0,0,114450
366720,01a0b1c2-b010-7000-8000-000000000003,01a0c441-e0e7-71af-8b1d-ca2cf5125531,LINGERING,-2155415,-248962,2358722,0,0,121800
366720,01a0b1c2-b010-7000-8000-000000000003,01a0c441-e5c9-76eb-a77b-de784cb71f6a,ACTIVE,-2473603,247841,3399730,0,0,132650
